target	ligand	regulatory_potential	ligand_rank	aupr_corrected	perm_z	perm_p_BH	target_class	shown_in_figure_heatmap	rank_target_within_ligand	rank_ligand_within_target
LAMA4	MMP14	0.0400852159744948	1	0.163854644827056	27.1049203857773	0.0320967903209679	laminin	TRUE	1	7
COL4A1	MMP14	0.0396258869446207	1	0.163854644827056	27.1049203857773	0.0320967903209679	collagen-associated	TRUE	2	12
COL18A1	MMP14	0.00589179122397815	1	0.163854644827056	27.1049203857773	0.0320967903209679	collagen-associated	FALSE	3	156
LAMC1	MMP14	0.00558288327313999	1	0.163854644827056	27.1049203857773	0.0320967903209679	laminin	FALSE	4	181
NID2	MMP14	0.00519947321670959	1	0.163854644827056	27.1049203857773	0.0320967903209679	linker/proteoglycan	FALSE	5	154
NID1	MMP14	0.00436210021767564	1	0.163854644827056	27.1049203857773	0.0320967903209679	linker/proteoglycan	FALSE	6	194
COL4A2	MMP14	0.00435514371570911	1	0.163854644827056	27.1049203857773	0.0320967903209679	collagen-associated	FALSE	7	188
HSPG2	MMP14	0.00353438706772116	1	0.163854644827056	27.1049203857773	0.0320967903209679	linker/proteoglycan	FALSE	8	200
LAMB1	MMP14	0.00352233498574954	1	0.163854644827056	27.1049203857773	0.0320967903209679	laminin	FALSE	9	194
LAMB2	MMP14	0.0034170513028413	1	0.163854644827056	27.1049203857773	0.0320967903209679	laminin	FALSE	10	152
LAMA4	TIMP2	0.0411874842853892	2	0.0852860534921667	14.4142039880463	0.188833400923867	laminin	TRUE	1	6
COL4A1	TIMP2	0.0403883068362568	2	0.0852860534921667	14.4142039880463	0.188833400923867	collagen-associated	TRUE	2	11
COL18A1	TIMP2	0.00555256906610737	2	0.0852860534921667	14.4142039880463	0.188833400923867	collagen-associated	FALSE	3	179
LAMC1	TIMP2	0.00493954365181264	2	0.0852860534921667	14.4142039880463	0.188833400923867	laminin	FALSE	4	236
NID2	TIMP2	0.0046756261841628	2	0.0852860534921667	14.4142039880463	0.188833400923867	linker/proteoglycan	FALSE	5	221
NID1	TIMP2	0.00445943940281511	2	0.0852860534921667	14.4142039880463	0.188833400923867	linker/proteoglycan	FALSE	6	184
COL4A2	TIMP2	0.00394282957796504	2	0.0852860534921667	14.4142039880463	0.188833400923867	collagen-associated	FALSE	7	241
HSPG2	TIMP2	0.00336722229777977	2	0.0852860534921667	14.4142039880463	0.188833400923867	linker/proteoglycan	FALSE	8	220
LAMB1	TIMP2	0.00320338609776877	2	0.0852860534921667	14.4142039880463	0.188833400923867	laminin	FALSE	9	233
LAMB2	TIMP2	0.00294920117135829	2	0.0852860534921667	14.4142039880463	0.188833400923867	laminin	FALSE	10	216
LAMB1	MXRA5	0.022315398821589	3	0.028452755068588	5.22453929571374	0.188833400923867	laminin	TRUE	1	7
LAMC1	MXRA5	0.00515532925047637	3	0.028452755068588	5.22453929571374	0.188833400923867	laminin	FALSE	2	214
COL18A1	MXRA5	0.00482236455504204	3	0.028452755068588	5.22453929571374	0.188833400923867	collagen-associated	FALSE	3	241
NID2	MXRA5	0.00383380119504233	3	0.028452755068588	5.22453929571374	0.188833400923867	linker/proteoglycan	FALSE	4	289
COL4A2	MXRA5	0.00377608470914689	3	0.028452755068588	5.22453929571374	0.188833400923867	collagen-associated	FALSE	5	263
NID1	MXRA5	0.00358491684015399	3	0.028452755068588	5.22453929571374	0.188833400923867	linker/proteoglycan	FALSE	6	278
HSPG2	MXRA5	0.00318405234018332	3	0.028452755068588	5.22453929571374	0.188833400923867	linker/proteoglycan	FALSE	7	237
COL4A1	MXRA5	0.00316663974050353	3	0.028452755068588	5.22453929571374	0.188833400923867	collagen-associated	FALSE	8	302
LAMA4	MXRA5	0.0029131045555715	3	0.028452755068588	5.22453929571374	0.188833400923867	laminin	FALSE	9	313
LAMB2	MXRA5	0.00232318794468514	3	0.028452755068588	5.22453929571374	0.188833400923867	laminin	FALSE	10	303
COL4A1	COL5A1	0.0235806801737352	4	0.0196688467407895	3.19271941321174	0.188833400923867	collagen-associated	TRUE	1	17
COL18A1	COL5A1	0.00578497874231496	4	0.0196688467407895	3.19271941321174	0.188833400923867	collagen-associated	FALSE	2	165
LAMC1	COL5A1	0.00525114724253418	4	0.0196688467407895	3.19271941321174	0.188833400923867	laminin	FALSE	3	210
NID2	COL5A1	0.00489111683707144	4	0.0196688467407895	3.19271941321174	0.188833400923867	linker/proteoglycan	FALSE	4	197
COL4A2	COL5A1	0.00392100569083845	4	0.0196688467407895	3.19271941321174	0.188833400923867	collagen-associated	FALSE	5	244
NID1	COL5A1	0.0038283843598613	4	0.0196688467407895	3.19271941321174	0.188833400923867	linker/proteoglycan	FALSE	6	248
LAMA4	COL5A1	0.00357479954898813	4	0.0196688467407895	3.19271941321174	0.188833400923867	laminin	FALSE	7	243
HSPG2	COL5A1	0.00331925570554489	4	0.0196688467407895	3.19271941321174	0.188833400923867	linker/proteoglycan	FALSE	8	223
LAMB1	COL5A1	0.00328227005407774	4	0.0196688467407895	3.19271941321174	0.188833400923867	laminin	FALSE	9	223
LAMB2	COL5A1	0.00277328812850232	4	0.0196688467407895	3.19271941321174	0.188833400923867	laminin	FALSE	10	243
COL4A1	TGFB2	0.148611897364447	5	0.0182025949057127	3.20070740531521	0.188833400923867	collagen-associated	TRUE	1	2
COL4A2	TGFB2	0.147819497190179	5	0.0182025949057127	3.20070740531521	0.188833400923867	collagen-associated	TRUE	2	2
LAMA4	TGFB2	0.072042274715262	5	0.0182025949057127	3.20070740531521	0.188833400923867	laminin	FALSE	3	2
COL18A1	TGFB2	0.0162701426010301	5	0.0182025949057127	3.20070740531521	0.188833400923867	collagen-associated	FALSE	4	4
LAMC1	TGFB2	0.0136266233954571	5	0.0182025949057127	3.20070740531521	0.188833400923867	laminin	FALSE	5	4
NID2	TGFB2	0.00954969538872615	5	0.0182025949057127	3.20070740531521	0.188833400923867	linker/proteoglycan	FALSE	6	25
HSPG2	TGFB2	0.00696141184061319	5	0.0182025949057127	3.20070740531521	0.188833400923867	linker/proteoglycan	FALSE	7	23
NID1	TGFB2	0.00657557014612277	5	0.0182025949057127	3.20070740531521	0.188833400923867	linker/proteoglycan	FALSE	8	55
LAMB1	TGFB2	0.00585364476360416	5	0.0182025949057127	3.20070740531521	0.188833400923867	laminin	FALSE	9	40
LAMB2	TGFB2	0.00434397787707162	5	0.0182025949057127	3.20070740531521	0.188833400923867	laminin	FALSE	10	65
COL4A1	COL1A1	0.0249075121236797	6	0.0168459336175333	2.96564585463824	0.188833400923867	collagen-associated	TRUE	1	13
LAMC1	COL1A1	0.00758913174038145	6	0.0168459336175333	2.96564585463824	0.188833400923867	laminin	FALSE	2	71
COL18A1	COL1A1	0.00755960386881988	6	0.0168459336175333	2.96564585463824	0.188833400923867	collagen-associated	FALSE	3	75
NID2	COL1A1	0.00694301749042765	6	0.0168459336175333	2.96564585463824	0.188833400923867	linker/proteoglycan	FALSE	4	68
NID1	COL1A1	0.00619169379256949	6	0.0168459336175333	2.96564585463824	0.188833400923867	linker/proteoglycan	FALSE	5	65
COL4A2	COL1A1	0.00585375203360022	6	0.0168459336175333	2.96564585463824	0.188833400923867	collagen-associated	FALSE	6	71
LAMB1	COL1A1	0.00531017075147375	6	0.0168459336175333	2.96564585463824	0.188833400923867	laminin	FALSE	7	59
LAMA4	COL1A1	0.0050698481226253	6	0.0168459336175333	2.96564585463824	0.188833400923867	laminin	FALSE	8	104
HSPG2	COL1A1	0.00476226125117018	6	0.0168459336175333	2.96564585463824	0.188833400923867	linker/proteoglycan	FALSE	9	94
LAMB2	COL1A1	0.00441161477345529	6	0.0168459336175333	2.96564585463824	0.188833400923867	laminin	FALSE	10	62
COL4A1	COPA	0.023283802358222	7	0.0162296628148948	2.63470107487655	0.188833400923867	collagen-associated	TRUE	1	18
LAMC1	COPA	0.00450299351347484	7	0.0162296628148948	2.63470107487655	0.188833400923867	laminin	FALSE	2	276
COL18A1	COPA	0.00439016850079995	7	0.0162296628148948	2.63470107487655	0.188833400923867	collagen-associated	FALSE	3	288
COL4A2	COPA	0.00418069948790968	7	0.0162296628148948	2.63470107487655	0.188833400923867	collagen-associated	FALSE	4	205
NID2	COPA	0.00392401791408758	7	0.0162296628148948	2.63470107487655	0.188833400923867	linker/proteoglycan	FALSE	5	280
NID1	COPA	0.00386873652904577	7	0.0162296628148948	2.63470107487655	0.188833400923867	linker/proteoglycan	FALSE	6	242
LAMA4	COPA	0.00351649526994139	7	0.0162296628148948	2.63470107487655	0.188833400923867	laminin	FALSE	7	249
LAMB1	COPA	0.00318261986594802	7	0.0162296628148948	2.63470107487655	0.188833400923867	laminin	FALSE	8	238
HSPG2	COPA	0.00309080895261078	7	0.0162296628148948	2.63470107487655	0.188833400923867	linker/proteoglycan	FALSE	9	254
LAMB2	COPA	0.00260970150317513	7	0.0162296628148948	2.63470107487655	0.188833400923867	laminin	FALSE	10	268
NID1	FGF7	0.111457551292861	8	0.0118127246251813	1.96607143303026	0.188833400923867	linker/proteoglycan	TRUE	1	1
NID2	FGF7	0.0550628335272534	8	0.0118127246251813	1.96607143303026	0.188833400923867	linker/proteoglycan	FALSE	2	7
HSPG2	FGF7	0.0510974022118012	8	0.0118127246251813	1.96607143303026	0.188833400923867	linker/proteoglycan	FALSE	3	5
LAMC1	FGF7	0.00672079760467079	8	0.0118127246251813	1.96607143303026	0.188833400923867	laminin	FALSE	4	101
COL18A1	FGF7	0.0058962565588438	8	0.0118127246251813	1.96607143303026	0.188833400923867	collagen-associated	FALSE	5	154
COL4A2	FGF7	0.00548888212254983	8	0.0118127246251813	1.96607143303026	0.188833400923867	collagen-associated	FALSE	6	93
LAMA4	FGF7	0.00497399015510836	8	0.0118127246251813	1.96607143303026	0.188833400923867	laminin	FALSE	7	108
COL4A1	FGF7	0.00471982936607394	8	0.0118127246251813	1.96607143303026	0.188833400923867	collagen-associated	FALSE	8	145
LAMB1	FGF7	0.00445585143594028	8	0.0118127246251813	1.96607143303026	0.188833400923867	laminin	FALSE	9	106
LAMB2	FGF7	0.00420185268274363	8	0.0118127246251813	1.96607143303026	0.188833400923867	laminin	FALSE	10	72
COL4A1	CALM3	0.0241474729954842	9	0.0116358891768725	1.71545670074215	0.188833400923867	collagen-associated	TRUE	1	14
COL18A1	CALM3	0.00720597441583341	9	0.0116358891768725	1.71545670074215	0.188833400923867	collagen-associated	FALSE	2	87
LAMC1	CALM3	0.00698306859822046	9	0.0116358891768725	1.71545670074215	0.188833400923867	laminin	FALSE	3	86
NID2	CALM3	0.00609643574380623	9	0.0116358891768725	1.71545670074215	0.188833400923867	linker/proteoglycan	FALSE	4	99
LAMA4	CALM3	0.00565113097644359	9	0.0116358891768725	1.71545670074215	0.188833400923867	laminin	FALSE	5	68
COL4A2	CALM3	0.00535499093019761	9	0.0116358891768725	1.71545670074215	0.188833400923867	collagen-associated	FALSE	6	101
NID1	CALM3	0.00522297885282948	9	0.0116358891768725	1.71545670074215	0.188833400923867	linker/proteoglycan	FALSE	7	123
HSPG2	CALM3	0.0048303956832679	9	0.0116358891768725	1.71545670074215	0.188833400923867	linker/proteoglycan	FALSE	8	85
LAMB1	CALM3	0.00423554324852912	9	0.0116358891768725	1.71545670074215	0.188833400923867	laminin	FALSE	9	118
LAMB2	CALM3	0.00371358024523148	9	0.0116358891768725	1.71545670074215	0.188833400923867	laminin	FALSE	10	121
COL4A1	RELN	0.0235826207906477	10	0.0110468961730967	1.94000446266128	0.188833400923867	collagen-associated	TRUE	1	16
NID2	RELN	0.00590782448335514	10	0.0110468961730967	1.94000446266128	0.188833400923867	linker/proteoglycan	FALSE	2	115
LAMC1	RELN	0.00564745718575873	10	0.0110468961730967	1.94000446266128	0.188833400923867	laminin	FALSE	3	172
COL18A1	RELN	0.00537027886384156	10	0.0110468961730967	1.94000446266128	0.188833400923867	collagen-associated	FALSE	4	192
NID1	RELN	0.00455408902128627	10	0.0110468961730967	1.94000446266128	0.188833400923867	linker/proteoglycan	FALSE	5	174
COL4A2	RELN	0.00452142493561864	10	0.0110468961730967	1.94000446266128	0.188833400923867	collagen-associated	FALSE	6	171
LAMA4	RELN	0.00403850790370948	10	0.0110468961730967	1.94000446266128	0.188833400923867	laminin	FALSE	7	185
LAMB1	RELN	0.0034772169726682	10	0.0110468961730967	1.94000446266128	0.188833400923867	laminin	FALSE	8	198
HSPG2	RELN	0.00346316716911341	10	0.0110468961730967	1.94000446266128	0.188833400923867	linker/proteoglycan	FALSE	9	211
LAMB2	RELN	0.00311564487627594	10	0.0110468961730967	1.94000446266128	0.188833400923867	laminin	FALSE	10	195
LAMB1	POSTN	0.121100021003492	11	0.010832476418805	1.64840652194974	0.188833400923867	laminin	TRUE	1	1
LAMC1	POSTN	0.00828134708767577	11	0.010832476418805	1.64840652194974	0.188833400923867	laminin	FALSE	2	56
NID2	POSTN	0.00784394233594557	11	0.010832476418805	1.64840652194974	0.188833400923867	linker/proteoglycan	FALSE	3	49
COL18A1	POSTN	0.00773296806028102	11	0.010832476418805	1.64840652194974	0.188833400923867	collagen-associated	FALSE	4	69
NID1	POSTN	0.00636809185865727	11	0.010832476418805	1.64840652194974	0.188833400923867	linker/proteoglycan	FALSE	5	59
LAMA4	POSTN	0.00616795347170855	11	0.010832476418805	1.64840652194974	0.188833400923867	laminin	FALSE	6	53
COL4A2	POSTN	0.00550613043205764	11	0.010832476418805	1.64840652194974	0.188833400923867	collagen-associated	FALSE	7	91
COL4A1	POSTN	0.00464162216782915	11	0.010832476418805	1.64840652194974	0.188833400923867	collagen-associated	FALSE	8	153
LAMB2	POSTN	0.00420788094498234	11	0.010832476418805	1.64840652194974	0.188833400923867	laminin	FALSE	9	71
HSPG2	POSTN	0.00382415721031007	11	0.010832476418805	1.64840652194974	0.188833400923867	linker/proteoglycan	FALSE	10	167
COL4A1	TGFB1	0.241031693460777	12	0.010298498208093	1.70217806930235	0.188833400923867	collagen-associated	TRUE	1	1
COL4A2	TGFB1	0.222161544427602	12	0.010298498208093	1.70217806930235	0.188833400923867	collagen-associated	TRUE	2	1
LAMB2	TGFB1	0.0656664381849393	12	0.010298498208093	1.70217806930235	0.188833400923867	laminin	FALSE	3	2
LAMA4	TGFB1	0.04275534308965	12	0.010298498208093	1.70217806930235	0.188833400923867	laminin	FALSE	4	5
LAMB1	TGFB1	0.0415154874972296	12	0.010298498208093	1.70217806930235	0.188833400923867	laminin	FALSE	5	6
NID1	TGFB1	0.0403524049931304	12	0.010298498208093	1.70217806930235	0.188833400923867	linker/proteoglycan	FALSE	6	6
HSPG2	TGFB1	0.0269320199343065	12	0.010298498208093	1.70217806930235	0.188833400923867	linker/proteoglycan	FALSE	7	6
COL18A1	TGFB1	0.0101452481938068	12	0.010298498208093	1.70217806930235	0.188833400923867	collagen-associated	FALSE	8	30
LAMC1	TGFB1	0.00979110239583916	12	0.010298498208093	1.70217806930235	0.188833400923867	laminin	FALSE	9	31
NID2	TGFB1	0.00793644118806399	12	0.010298498208093	1.70217806930235	0.188833400923867	linker/proteoglycan	FALSE	10	46
LAMA4	IGF2	0.0729691195701672	13	0.00989499527974431	1.43340362215531	0.188833400923867	laminin	TRUE	1	1
COL4A1	IGF2	0.0713158734650264	13	0.00989499527974431	1.43340362215531	0.188833400923867	collagen-associated	FALSE	2	5
LAMB1	IGF2	0.0710709716982283	13	0.00989499527974431	1.43340362215531	0.188833400923867	laminin	FALSE	3	3
LAMC1	IGF2	0.0105639472371897	13	0.00989499527974431	1.43340362215531	0.188833400923867	laminin	FALSE	4	25
COL18A1	IGF2	0.0100977202717456	13	0.00989499527974431	1.43340362215531	0.188833400923867	collagen-associated	FALSE	5	32
COL4A2	IGF2	0.00949753738224439	13	0.00989499527974431	1.43340362215531	0.188833400923867	collagen-associated	FALSE	6	9
NID2	IGF2	0.00906573270924363	13	0.00989499527974431	1.43340362215531	0.188833400923867	linker/proteoglycan	FALSE	7	34
NID1	IGF2	0.00869626142083127	13	0.00989499527974431	1.43340362215531	0.188833400923867	linker/proteoglycan	FALSE	8	25
HSPG2	IGF2	0.00776823847118712	13	0.00989499527974431	1.43340362215531	0.188833400923867	linker/proteoglycan	FALSE	9	16
LAMB2	IGF2	0.00569830712523479	13	0.00989499527974431	1.43340362215531	0.188833400923867	laminin	FALSE	10	27
COL4A1	FGF2	0.14463663885456	14	0.00916864588417811	1.5330931318021	0.188833400923867	collagen-associated	TRUE	1	3
COL4A2	FGF2	0.0823424426282833	14	0.00916864588417811	1.5330931318021	0.188833400923867	collagen-associated	FALSE	2	3
HSPG2	FGF2	0.0785846601227504	14	0.00916864588417811	1.5330931318021	0.188833400923867	linker/proteoglycan	FALSE	3	1
LAMC1	FGF2	0.00951158296104111	14	0.00916864588417811	1.5330931318021	0.188833400923867	laminin	FALSE	4	34
COL18A1	FGF2	0.00849051516793641	14	0.00916864588417811	1.5330931318021	0.188833400923867	collagen-associated	FALSE	5	53
NID2	FGF2	0.0082182423834196	14	0.00916864588417811	1.5330931318021	0.188833400923867	linker/proteoglycan	FALSE	6	42
NID1	FGF2	0.00711279403823027	14	0.00916864588417811	1.5330931318021	0.188833400923867	linker/proteoglycan	FALSE	7	44
LAMB1	FGF2	0.00650236352560435	14	0.00916864588417811	1.5330931318021	0.188833400923867	laminin	FALSE	8	27
LAMA4	FGF2	0.00628805017287822	14	0.00916864588417811	1.5330931318021	0.188833400923867	laminin	FALSE	9	51
LAMB2	FGF2	0.0051479688845174	14	0.00916864588417811	1.5330931318021	0.188833400923867	laminin	FALSE	10	38
COL4A1	COL10A1	0.0236182510096303	15	0.00872488503052765	1.34005811058503	0.188833400923867	collagen-associated	TRUE	1	15
COL18A1	COL10A1	0.00517759467141964	15	0.00872488503052765	1.34005811058503	0.188833400923867	collagen-associated	FALSE	2	208
LAMC1	COL10A1	0.00472056123470787	15	0.00872488503052765	1.34005811058503	0.188833400923867	laminin	FALSE	3	258
NID2	COL10A1	0.00470012012711592	15	0.00872488503052765	1.34005811058503	0.188833400923867	linker/proteoglycan	FALSE	4	220
NID1	COL10A1	0.00423240687067447	15	0.00872488503052765	1.34005811058503	0.188833400923867	linker/proteoglycan	FALSE	5	204
COL4A2	COL10A1	0.00417196416433271	15	0.00872488503052765	1.34005811058503	0.188833400923867	collagen-associated	FALSE	6	206
LAMA4	COL10A1	0.00373562353331573	15	0.00872488503052765	1.34005811058503	0.188833400923867	laminin	FALSE	7	224
HSPG2	COL10A1	0.00342082064135833	15	0.00872488503052765	1.34005811058503	0.188833400923867	linker/proteoglycan	FALSE	8	217
LAMB1	COL10A1	0.00318103931355611	15	0.00872488503052765	1.34005811058503	0.188833400923867	laminin	FALSE	9	239
LAMB2	COL10A1	0.00274015694365902	15	0.00872488503052765	1.34005811058503	0.188833400923867	laminin	FALSE	10	245
NID2	CALR	0.0450064747543519	16	0.00589117621645357	0.873629481653214	0.188833400923867	linker/proteoglycan	TRUE	1	10
LAMC1	CALR	0.00588820970400314	16	0.00589117621645357	0.873629481653214	0.188833400923867	laminin	FALSE	2	151
COL18A1	CALR	0.00552962939152339	16	0.00589117621645357	0.873629481653214	0.188833400923867	collagen-associated	FALSE	3	181
COL4A2	CALR	0.00525028976344489	16	0.00589117621645357	0.873629481653214	0.188833400923867	collagen-associated	FALSE	4	108
NID1	CALR	0.00498752414242263	16	0.00589117621645357	0.873629481653214	0.188833400923867	linker/proteoglycan	FALSE	5	140
COL4A1	CALR	0.00477557284394654	16	0.00589117621645357	0.873629481653214	0.188833400923867	collagen-associated	FALSE	6	141
LAMA4	CALR	0.00467230001446324	16	0.00589117621645357	0.873629481653214	0.188833400923867	laminin	FALSE	7	130
HSPG2	CALR	0.00418211577382798	16	0.00589117621645357	0.873629481653214	0.188833400923867	linker/proteoglycan	FALSE	8	140
LAMB1	CALR	0.004018049204253	16	0.00589117621645357	0.873629481653214	0.188833400923867	laminin	FALSE	9	138
LAMB2	CALR	0.00371045657281573	16	0.00589117621645357	0.873629481653214	0.188833400923867	laminin	FALSE	10	122
COL4A1	NPNT	0.00718892468675352	17	0.00523893203793942	0.701690281047026	0.188833400923867	collagen-associated	FALSE	1	50
LAMC1	NPNT	0.00595552292319419	17	0.00523893203793942	0.701690281047026	0.188833400923867	laminin	FALSE	2	143
LAMA4	NPNT	0.00589425284207351	17	0.00523893203793942	0.701690281047026	0.188833400923867	laminin	FALSE	3	62
NID1	NPNT	0.00568536906198912	17	0.00523893203793942	0.701690281047026	0.188833400923867	linker/proteoglycan	FALSE	4	95
HSPG2	NPNT	0.0052422489833778	17	0.00523893203793942	0.701690281047026	0.188833400923867	linker/proteoglycan	FALSE	5	63
COL18A1	NPNT	0.00508747094212086	17	0.00523893203793942	0.701690281047026	0.188833400923867	collagen-associated	FALSE	6	216
NID2	NPNT	0.00451966897258844	17	0.00523893203793942	0.701690281047026	0.188833400923867	linker/proteoglycan	FALSE	7	234
COL4A2	NPNT	0.00388525244573981	17	0.00523893203793942	0.701690281047026	0.188833400923867	collagen-associated	FALSE	8	250
LAMB1	NPNT	0.00332929037900762	17	0.00523893203793942	0.701690281047026	0.188833400923867	laminin	FALSE	9	213
LAMB2	NPNT	0.00264543307705857	17	0.00523893203793942	0.701690281047026	0.188833400923867	laminin	FALSE	10	262
COL4A1	VEGFC	0.0674600406794171	18	0.00522273536063235	0.726517213512261	0.188833400923867	collagen-associated	FALSE	1	7
HSPG2	VEGFC	0.065370101237207	18	0.00522273536063235	0.726517213512261	0.188833400923867	linker/proteoglycan	FALSE	2	3
NID1	VEGFC	0.0651600282106909	18	0.00522273536063235	0.726517213512261	0.188833400923867	linker/proteoglycan	FALSE	3	4
LAMC1	VEGFC	0.00604861724122727	18	0.00522273536063235	0.726517213512261	0.188833400923867	laminin	FALSE	4	138
COL18A1	VEGFC	0.00603076321285176	18	0.00522273536063235	0.726517213512261	0.188833400923867	collagen-associated	FALSE	5	144
NID2	VEGFC	0.00577804077482777	18	0.00522273536063235	0.726517213512261	0.188833400923867	linker/proteoglycan	FALSE	6	120
COL4A2	VEGFC	0.00574512278468162	18	0.00522273536063235	0.726517213512261	0.188833400923867	collagen-associated	FALSE	7	75
LAMA4	VEGFC	0.00429541189022736	18	0.00522273536063235	0.726517213512261	0.188833400923867	laminin	FALSE	8	162
LAMB1	VEGFC	0.00405159720573687	18	0.00522273536063235	0.726517213512261	0.188833400923867	laminin	FALSE	9	134
LAMB2	VEGFC	0.00363873996815369	18	0.00522273536063235	0.726517213512261	0.188833400923867	laminin	FALSE	10	134
COL4A2	SEMA4C	0.00581829048882701	19	0.00490112776736313	0.637687014737539	0.188833400923867	collagen-associated	FALSE	1	73
LAMA4	SEMA4C	0.00570003491718503	19	0.00490112776736313	0.637687014737539	0.188833400923867	laminin	FALSE	2	67
COL18A1	SEMA4C	0.00544689906016137	19	0.00490112776736313	0.637687014737539	0.188833400923867	collagen-associated	FALSE	3	188
LAMC1	SEMA4C	0.00542045610602113	19	0.00490112776736313	0.637687014737539	0.188833400923867	laminin	FALSE	4	194
COL4A1	SEMA4C	0.00495346877778655	19	0.00490112776736313	0.637687014737539	0.188833400923867	collagen-associated	FALSE	5	122
NID2	SEMA4C	0.00483837213125194	19	0.00490112776736313	0.637687014737539	0.188833400923867	linker/proteoglycan	FALSE	6	204
HSPG2	SEMA4C	0.00455893730896289	19	0.00490112776736313	0.637687014737539	0.188833400923867	linker/proteoglycan	FALSE	7	108
NID1	SEMA4C	0.00398967091780779	19	0.00490112776736313	0.637687014737539	0.188833400923867	linker/proteoglycan	FALSE	8	226
LAMB1	SEMA4C	0.00352880813860854	19	0.00490112776736313	0.637687014737539	0.188833400923867	laminin	FALSE	9	191
LAMB2	SEMA4C	0.00285281150918698	19	0.00490112776736313	0.637687014737539	0.188833400923867	laminin	FALSE	10	235
NID2	JAG1	0.045170922309315	20	0.00489656112123908	0.546689468169765	0.188833400923867	linker/proteoglycan	FALSE	1	9
LAMC1	JAG1	0.00872410884774991	20	0.00489656112123908	0.546689468169765	0.188833400923867	laminin	FALSE	2	43
COL18A1	JAG1	0.00714675317233633	20	0.00489656112123908	0.546689468169765	0.188833400923867	collagen-associated	FALSE	3	88
COL4A1	JAG1	0.00692080478077579	20	0.00489656112123908	0.546689468169765	0.188833400923867	collagen-associated	FALSE	4	52
NID1	JAG1	0.00606370517151362	20	0.00489656112123908	0.546689468169765	0.188833400923867	linker/proteoglycan	FALSE	5	75
COL4A2	JAG1	0.00594460098507631	20	0.00489656112123908	0.546689468169765	0.188833400923867	collagen-associated	FALSE	6	67
LAMA4	JAG1	0.00547135572853706	20	0.00489656112123908	0.546689468169765	0.188833400923867	laminin	FALSE	7	76
HSPG2	JAG1	0.00449875580619152	20	0.00489656112123908	0.546689468169765	0.188833400923867	linker/proteoglycan	FALSE	8	113
LAMB1	JAG1	0.00394248204684434	20	0.00489656112123908	0.546689468169765	0.188833400923867	laminin	FALSE	9	147
LAMB2	JAG1	0.00331957802576012	20	0.00489656112123908	0.546689468169765	0.188833400923867	laminin	FALSE	10	164
LAMA4	PDGFA	0.0701567798198189	21	0.00487710241625511	0.739591535550971	0.188833400923867	laminin	TRUE	1	3
LAMC1	PDGFA	0.0674815243281784	21	0.00487710241625511	0.739591535550971	0.188833400923867	laminin	FALSE	2	1
NID2	PDGFA	0.0073300679249004	21	0.00487710241625511	0.739591535550971	0.188833400923867	linker/proteoglycan	FALSE	3	59
COL18A1	PDGFA	0.00623584943952649	21	0.00487710241625511	0.739591535550971	0.188833400923867	collagen-associated	FALSE	4	133
NID1	PDGFA	0.00617134284508892	21	0.00487710241625511	0.739591535550971	0.188833400923867	linker/proteoglycan	FALSE	5	68
LAMB1	PDGFA	0.0056995467022739	21	0.00487710241625511	0.739591535550971	0.188833400923867	laminin	FALSE	6	47
COL4A1	PDGFA	0.00558002311344068	21	0.00487710241625511	0.739591535550971	0.188833400923867	collagen-associated	FALSE	7	87
COL4A2	PDGFA	0.00530335883453813	21	0.00487710241625511	0.739591535550971	0.188833400923867	collagen-associated	FALSE	8	103
LAMB2	PDGFA	0.00520650009124949	21	0.00487710241625511	0.739591535550971	0.188833400923867	laminin	FALSE	9	37
HSPG2	PDGFA	0.00507974292977447	21	0.00487710241625511	0.739591535550971	0.188833400923867	linker/proteoglycan	FALSE	10	74
LAMC1	MCAM	0.00418089663734367	22	0.00465974084968409	0.528582028779135	0.188833400923867	laminin	FALSE	1	301
COL18A1	MCAM	0.004058660036161	22	0.00465974084968409	0.528582028779135	0.188833400923867	collagen-associated	FALSE	2	306
NID2	MCAM	0.00360901668071495	22	0.00465974084968409	0.528582028779135	0.188833400923867	linker/proteoglycan	FALSE	3	305
COL4A2	MCAM	0.00358946672566285	22	0.00465974084968409	0.528582028779135	0.188833400923867	collagen-associated	FALSE	4	287
COL4A1	MCAM	0.00358419280386389	22	0.00465974084968409	0.528582028779135	0.188833400923867	collagen-associated	FALSE	5	267
LAMA4	MCAM	0.00343871416665348	22	0.00465974084968409	0.528582028779135	0.188833400923867	laminin	FALSE	6	261
NID1	MCAM	0.0032812758746116	22	0.00465974084968409	0.528582028779135	0.188833400923867	linker/proteoglycan	FALSE	7	306
LAMB1	MCAM	0.0028050554495745	22	0.00465974084968409	0.528582028779135	0.188833400923867	laminin	FALSE	8	289
HSPG2	MCAM	0.00278352740071682	22	0.00465974084968409	0.528582028779135	0.188833400923867	linker/proteoglycan	FALSE	9	299
LAMB2	MCAM	0.00224259837290742	22	0.00465974084968409	0.528582028779135	0.188833400923867	laminin	FALSE	10	313
NID2	BMP2	0.148193400725767	23	0.00465268301651959	0.666131789675513	0.188833400923867	linker/proteoglycan	TRUE	1	1
NID1	BMP2	0.0688936260316565	23	0.00465268301651959	0.666131789675513	0.188833400923867	linker/proteoglycan	FALSE	2	2
LAMC1	BMP2	0.0122429411647064	23	0.00465268301651959	0.666131789675513	0.188833400923867	laminin	FALSE	3	10
COL18A1	BMP2	0.012017165212023	23	0.00465268301651959	0.666131789675513	0.188833400923867	collagen-associated	FALSE	4	13
COL4A2	BMP2	0.0103102425576951	23	0.00465268301651959	0.666131789675513	0.188833400923867	collagen-associated	FALSE	5	7
COL4A1	BMP2	0.00983455496671712	23	0.00465268301651959	0.666131789675513	0.188833400923867	collagen-associated	FALSE	6	22
LAMA4	BMP2	0.00929186062962634	23	0.00465268301651959	0.666131789675513	0.188833400923867	laminin	FALSE	7	11
LAMB1	BMP2	0.00862307465387662	23	0.00465268301651959	0.666131789675513	0.188833400923867	laminin	FALSE	8	13
HSPG2	BMP2	0.00800546672606267	23	0.00465268301651959	0.666131789675513	0.188833400923867	linker/proteoglycan	FALSE	9	10
LAMB2	BMP2	0.00600448400446513	23	0.00465268301651959	0.666131789675513	0.188833400923867	laminin	FALSE	10	23
NID2	CRTAM	0.0126485555300324	24	0.0045013195715984	0.684696383499009	0.188833400923867	linker/proteoglycan	TRUE	1	13
COL18A1	CRTAM	0.00399787222771369	24	0.0045013195715984	0.684696383499009	0.188833400923867	collagen-associated	FALSE	2	311
LAMC1	CRTAM	0.00395416022279108	24	0.0045013195715984	0.684696383499009	0.188833400923867	laminin	FALSE	3	310
COL4A1	CRTAM	0.00364215627837941	24	0.0045013195715984	0.684696383499009	0.188833400923867	collagen-associated	FALSE	4	259
COL4A2	CRTAM	0.00341503893878488	24	0.0045013195715984	0.684696383499009	0.188833400923867	collagen-associated	FALSE	5	303
NID1	CRTAM	0.003342943487913	24	0.0045013195715984	0.684696383499009	0.188833400923867	linker/proteoglycan	FALSE	6	302
LAMA4	CRTAM	0.00323364401204889	24	0.0045013195715984	0.684696383499009	0.188833400923867	laminin	FALSE	7	292
HSPG2	CRTAM	0.00294781015547303	24	0.0045013195715984	0.684696383499009	0.188833400923867	linker/proteoglycan	FALSE	8	277
LAMB1	CRTAM	0.0026354825417868	24	0.0045013195715984	0.684696383499009	0.188833400923867	laminin	FALSE	9	306
LAMB2	CRTAM	0.00230719457332776	24	0.0045013195715984	0.684696383499009	0.188833400923867	laminin	FALSE	10	306
LAMC1	ADAM9	0.00451389040849532	25	0.00435755247507361	0.568730898160948	0.188833400923867	laminin	FALSE	1	273
NID2	ADAM9	0.00438895442488921	25	0.00435755247507361	0.568730898160948	0.188833400923867	linker/proteoglycan	FALSE	2	248
COL4A2	ADAM9	0.00409446809711664	25	0.00435755247507361	0.568730898160948	0.188833400923867	collagen-associated	FALSE	3	220
COL18A1	ADAM9	0.00393353994552069	25	0.00435755247507361	0.568730898160948	0.188833400923867	collagen-associated	FALSE	4	314
COL4A1	ADAM9	0.00387125011845509	25	0.00435755247507361	0.568730898160948	0.188833400923867	collagen-associated	FALSE	5	237
NID1	ADAM9	0.00369074328612992	25	0.00435755247507361	0.568730898160948	0.188833400923867	linker/proteoglycan	FALSE	6	264
LAMA4	ADAM9	0.00353534851853644	25	0.00435755247507361	0.568730898160948	0.188833400923867	laminin	FALSE	7	245
HSPG2	ADAM9	0.00297100676368529	25	0.00435755247507361	0.568730898160948	0.188833400923867	linker/proteoglycan	FALSE	8	274
LAMB1	ADAM9	0.00267273370465137	25	0.00435755247507361	0.568730898160948	0.188833400923867	laminin	FALSE	9	301
LAMB2	ADAM9	0.00245065519487078	25	0.00435755247507361	0.568730898160948	0.188833400923867	laminin	FALSE	10	291
COL18A1	BMP3	0.0151293974134529	26	0.00410894983617864	0.501438492621688	0.188833400923867	collagen-associated	FALSE	1	6
LAMC1	BMP3	0.0126771963637485	26	0.00410894983617864	0.501438492621688	0.188833400923867	laminin	FALSE	2	7
COL4A1	BMP3	0.0101271857152366	26	0.00410894983617864	0.501438492621688	0.188833400923867	collagen-associated	FALSE	3	20
NID2	BMP3	0.00930333029024618	26	0.00410894983617864	0.501438492621688	0.188833400923867	linker/proteoglycan	FALSE	4	31
COL4A2	BMP3	0.00716036708930405	26	0.00410894983617864	0.501438492621688	0.188833400923867	collagen-associated	FALSE	5	32
NID1	BMP3	0.00574766882884501	26	0.00410894983617864	0.501438492621688	0.188833400923867	linker/proteoglycan	FALSE	6	90
LAMA4	BMP3	0.00517511964974224	26	0.00410894983617864	0.501438492621688	0.188833400923867	laminin	FALSE	7	96
HSPG2	BMP3	0.00495769229379211	26	0.00410894983617864	0.501438492621688	0.188833400923867	linker/proteoglycan	FALSE	8	83
LAMB1	BMP3	0.00471620477097434	26	0.00410894983617864	0.501438492621688	0.188833400923867	laminin	FALSE	9	92
LAMB2	BMP3	0.00350872952964515	26	0.00410894983617864	0.501438492621688	0.188833400923867	laminin	FALSE	10	143
COL18A1	BMP1	0.0132035747405088	27	0.0040626212025135	0.502065558066363	0.188833400923867	collagen-associated	FALSE	1	8
LAMC1	BMP1	0.0108409933229868	27	0.0040626212025135	0.502065558066363	0.188833400923867	laminin	FALSE	2	18
COL4A1	BMP1	0.0100905837380914	27	0.0040626212025135	0.502065558066363	0.188833400923867	collagen-associated	FALSE	3	21
NID2	BMP1	0.00814425998991855	27	0.0040626212025135	0.502065558066363	0.188833400923867	linker/proteoglycan	FALSE	4	43
COL4A2	BMP1	0.00746390023151397	27	0.0040626212025135	0.502065558066363	0.188833400923867	collagen-associated	FALSE	5	27
NID1	BMP1	0.00602219252958169	27	0.0040626212025135	0.502065558066363	0.188833400923867	linker/proteoglycan	FALSE	6	77
LAMA4	BMP1	0.00601966787779245	27	0.0040626212025135	0.502065558066363	0.188833400923867	laminin	FALSE	7	57
HSPG2	BMP1	0.00512972922823801	27	0.0040626212025135	0.502065558066363	0.188833400923867	linker/proteoglycan	FALSE	8	68
LAMB1	BMP1	0.00503554271721415	27	0.0040626212025135	0.502065558066363	0.188833400923867	laminin	FALSE	9	73
LAMB2	BMP1	0.00374303735911521	27	0.0040626212025135	0.502065558066363	0.188833400923867	laminin	FALSE	10	115
LAMC1	BMP5	0.00907341874244861	28	0.0040544019634226	0.50304107701831	0.188833400923867	laminin	FALSE	1	39
COL18A1	BMP5	0.00899023801225277	28	0.0040544019634226	0.50304107701831	0.188833400923867	collagen-associated	FALSE	2	44
COL4A1	BMP5	0.00749745641822602	28	0.0040544019634226	0.50304107701831	0.188833400923867	collagen-associated	FALSE	3	47
NID2	BMP5	0.00739744066684085	28	0.0040544019634226	0.50304107701831	0.188833400923867	linker/proteoglycan	FALSE	4	57
COL4A2	BMP5	0.00651510867060149	28	0.0040544019634226	0.50304107701831	0.188833400923867	collagen-associated	FALSE	5	51
NID1	BMP5	0.00483215947272599	28	0.0040544019634226	0.50304107701831	0.188833400923867	linker/proteoglycan	FALSE	6	152
HSPG2	BMP5	0.00462557597472668	28	0.0040544019634226	0.50304107701831	0.188833400923867	linker/proteoglycan	FALSE	7	101
LAMA4	BMP5	0.00461283247053236	28	0.0040544019634226	0.50304107701831	0.188833400923867	laminin	FALSE	8	136
LAMB1	BMP5	0.0042977762421805	28	0.0040544019634226	0.50304107701831	0.188833400923867	laminin	FALSE	9	114
LAMB2	BMP5	0.00370192934014208	28	0.0040544019634226	0.50304107701831	0.188833400923867	laminin	FALSE	10	123
COL18A1	COL5A3	0.0055601159322834	29	0.00401200048692671	0.495993083853964	0.188833400923867	collagen-associated	FALSE	1	178
LAMC1	COL5A3	0.00513794155870517	29	0.00401200048692671	0.495993083853964	0.188833400923867	laminin	FALSE	2	216
NID2	COL5A3	0.00480734408022933	29	0.00401200048692671	0.495993083853964	0.188833400923867	linker/proteoglycan	FALSE	3	208
COL4A1	COL5A3	0.00447403421642177	29	0.00401200048692671	0.495993083853964	0.188833400923867	collagen-associated	FALSE	4	167
COL4A2	COL5A3	0.00397960404595506	29	0.00401200048692671	0.495993083853964	0.188833400923867	collagen-associated	FALSE	5	236
LAMA4	COL5A3	0.00362819868310377	29	0.00401200048692671	0.495993083853964	0.188833400923867	laminin	FALSE	6	233
NID1	COL5A3	0.00357005219174097	29	0.00401200048692671	0.495993083853964	0.188833400923867	linker/proteoglycan	FALSE	7	282
LAMB1	COL5A3	0.00319946644999059	29	0.00401200048692671	0.495993083853964	0.188833400923867	laminin	FALSE	8	234
HSPG2	COL5A3	0.00316191585092075	29	0.00401200048692671	0.495993083853964	0.188833400923867	linker/proteoglycan	FALSE	9	243
LAMB2	COL5A3	0.00252922811889145	29	0.00401200048692671	0.495993083853964	0.188833400923867	laminin	FALSE	10	281
COL18A1	COL15A1	0.00692554980575509	30	0.00399999214424588	0.518714872946457	0.188833400923867	collagen-associated	FALSE	1	97
LAMC1	COL15A1	0.00653018768925159	30	0.00399999214424588	0.518714872946457	0.188833400923867	laminin	FALSE	2	115
COL4A2	COL15A1	0.00529940700971822	30	0.00399999214424588	0.518714872946457	0.188833400923867	collagen-associated	FALSE	3	105
COL4A1	COL15A1	0.00528961318924694	30	0.00399999214424588	0.518714872946457	0.188833400923867	collagen-associated	FALSE	4	96
NID2	COL15A1	0.00524501748432854	30	0.00399999214424588	0.518714872946457	0.188833400923867	linker/proteoglycan	FALSE	5	150
NID1	COL15A1	0.00437065551903655	30	0.00399999214424588	0.518714872946457	0.188833400923867	linker/proteoglycan	FALSE	6	192
LAMB1	COL15A1	0.00401968091523997	30	0.00399999214424588	0.518714872946457	0.188833400923867	laminin	FALSE	7	137
LAMA4	COL15A1	0.00393529494668784	30	0.00399999214424588	0.518714872946457	0.188833400923867	laminin	FALSE	8	197
HSPG2	COL15A1	0.00388131410274532	30	0.00399999214424588	0.518714872946457	0.188833400923867	linker/proteoglycan	FALSE	9	162
LAMB2	COL15A1	0.00372467449176362	30	0.00399999214424588	0.518714872946457	0.188833400923867	laminin	FALSE	10	119
COL18A1	LSAMP	0.00694855438840387	31	0.00399599507659466	0.491305711210207	0.188833400923867	collagen-associated	FALSE	1	96
NID2	LSAMP	0.00464490749614431	31	0.00399599507659466	0.491305711210207	0.188833400923867	linker/proteoglycan	FALSE	2	226
LAMC1	LSAMP	0.00454846033367936	31	0.00399599507659466	0.491305711210207	0.188833400923867	laminin	FALSE	3	271
NID1	LSAMP	0.00446444973558794	31	0.00399599507659466	0.491305711210207	0.188833400923867	linker/proteoglycan	FALSE	4	183
COL4A1	LSAMP	0.00427763314091966	31	0.00399599507659466	0.491305711210207	0.188833400923867	collagen-associated	FALSE	5	194
COL4A2	LSAMP	0.00412364370708871	31	0.00399599507659466	0.491305711210207	0.188833400923867	collagen-associated	FALSE	6	212
LAMB2	LSAMP	0.00344354859581528	31	0.00399599507659466	0.491305711210207	0.188833400923867	laminin	FALSE	7	149
LAMA4	LSAMP	0.00307733106225926	31	0.00399599507659466	0.491305711210207	0.188833400923867	laminin	FALSE	8	301
HSPG2	LSAMP	0.0027225609810875	31	0.00399599507659466	0.491305711210207	0.188833400923867	linker/proteoglycan	FALSE	9	304
LAMB1	LSAMP	0.00265144442376251	31	0.00399599507659466	0.491305711210207	0.188833400923867	laminin	FALSE	10	304
NID2	C1QB	0.00486558047563263	32	0.00396371277204054	0.368390958906436	0.188833400923867	linker/proteoglycan	FALSE	1	201
LAMC1	C1QB	0.00450629827669154	32	0.00396371277204054	0.368390958906436	0.188833400923867	laminin	FALSE	2	275
COL4A2	C1QB	0.004045001431849	32	0.00396371277204054	0.368390958906436	0.188833400923867	collagen-associated	FALSE	3	230
COL18A1	C1QB	0.0040186144034955	32	0.00396371277204054	0.368390958906436	0.188833400923867	collagen-associated	FALSE	4	310
NID1	C1QB	0.00388793922411107	32	0.00396371277204054	0.368390958906436	0.188833400923867	linker/proteoglycan	FALSE	5	239
COL4A1	C1QB	0.00364965943430185	32	0.00396371277204054	0.368390958906436	0.188833400923867	collagen-associated	FALSE	6	258
LAMB1	C1QB	0.00320829737788888	32	0.00396371277204054	0.368390958906436	0.188833400923867	laminin	FALSE	7	232
LAMA4	C1QB	0.0030704692887049	32	0.00396371277204054	0.368390958906436	0.188833400923867	laminin	FALSE	8	303
HSPG2	C1QB	0.00299268465746214	32	0.00396371277204054	0.368390958906436	0.188833400923867	linker/proteoglycan	FALSE	9	272
LAMB2	C1QB	0.00271853969886214	32	0.00396371277204054	0.368390958906436	0.188833400923867	laminin	FALSE	10	247
LAMC1	HSPG2	0.00500265282601594	33	0.00393034750513546	0.604726673605802	0.188833400923867	laminin	FALSE	1	230
COL18A1	HSPG2	0.00498083091903404	33	0.00393034750513546	0.604726673605802	0.188833400923867	collagen-associated	FALSE	2	223
NID2	HSPG2	0.00447516003901096	33	0.00393034750513546	0.604726673605802	0.188833400923867	linker/proteoglycan	FALSE	3	239
NID1	HSPG2	0.00413783359212244	33	0.00393034750513546	0.604726673605802	0.188833400923867	linker/proteoglycan	FALSE	4	213
COL4A2	HSPG2	0.00391506799628326	33	0.00393034750513546	0.604726673605802	0.188833400923867	collagen-associated	FALSE	5	245
LAMA4	HSPG2	0.00391394702919139	33	0.00393034750513546	0.604726673605802	0.188833400923867	laminin	FALSE	6	203
COL4A1	HSPG2	0.00387565736996967	33	0.00393034750513546	0.604726673605802	0.188833400923867	collagen-associated	FALSE	7	235
HSPG2	HSPG2	0.00378355820210473	33	0.00393034750513546	0.604726673605802	0.188833400923867	linker/proteoglycan	FALSE	8	173
LAMB1	HSPG2	0.00338786443085569	33	0.00393034750513546	0.604726673605802	0.188833400923867	laminin	FALSE	9	205
LAMB2	HSPG2	0.00291727913177377	33	0.00393034750513546	0.604726673605802	0.188833400923867	laminin	FALSE	10	221
COL18A1	CTSD	0.00904034728585762	34	0.0038969863808434	0.614578589099504	0.188833400923867	collagen-associated	FALSE	1	43
LAMC1	CTSD	0.00772834945560447	34	0.0038969863808434	0.614578589099504	0.188833400923867	laminin	FALSE	2	65
COL4A2	CTSD	0.00764076484719464	34	0.0038969863808434	0.614578589099504	0.188833400923867	collagen-associated	FALSE	3	22
NID1	CTSD	0.00722765193634874	34	0.0038969863808434	0.614578589099504	0.188833400923867	linker/proteoglycan	FALSE	4	41
NID2	CTSD	0.00720574227474813	34	0.0038969863808434	0.614578589099504	0.188833400923867	linker/proteoglycan	FALSE	5	65
COL4A1	CTSD	0.00685821715270227	34	0.0038969863808434	0.614578589099504	0.188833400923867	collagen-associated	FALSE	6	53
HSPG2	CTSD	0.00660250171515782	34	0.0038969863808434	0.614578589099504	0.188833400923867	linker/proteoglycan	FALSE	7	29
LAMA4	CTSD	0.00652843139314182	34	0.0038969863808434	0.614578589099504	0.188833400923867	laminin	FALSE	8	42
LAMB1	CTSD	0.00474426421115705	34	0.0038969863808434	0.614578589099504	0.188833400923867	laminin	FALSE	9	90
LAMB2	CTSD	0.00399583121791635	34	0.0038969863808434	0.614578589099504	0.188833400923867	laminin	FALSE	10	86
COL4A2	HGF	0.0550432492963528	35	0.00386746764351923	0.522090898279626	0.188833400923867	collagen-associated	FALSE	1	4
LAMA4	HGF	0.0465386754443144	35	0.00386746764351923	0.522090898279626	0.188833400923867	laminin	FALSE	2	4
LAMC1	HGF	0.00924182169957294	35	0.00386746764351923	0.522090898279626	0.188833400923867	laminin	FALSE	3	37
COL18A1	HGF	0.00767414859238986	35	0.00386746764351923	0.522090898279626	0.188833400923867	collagen-associated	FALSE	4	70
NID2	HGF	0.00763627364914371	35	0.00386746764351923	0.522090898279626	0.188833400923867	linker/proteoglycan	FALSE	5	54
NID1	HGF	0.00729892754888399	35	0.00386746764351923	0.522090898279626	0.188833400923867	linker/proteoglycan	FALSE	6	40
COL4A1	HGF	0.00674814715083762	35	0.00386746764351923	0.522090898279626	0.188833400923867	collagen-associated	FALSE	7	58
LAMB1	HGF	0.00622464092117658	35	0.00386746764351923	0.522090898279626	0.188833400923867	laminin	FALSE	8	29
HSPG2	HGF	0.00579530456166113	35	0.00386746764351923	0.522090898279626	0.188833400923867	linker/proteoglycan	FALSE	9	43
LAMB2	HGF	0.00576735525481312	35	0.00386746764351923	0.522090898279626	0.188833400923867	laminin	FALSE	10	26
LAMB1	MYOC	0.044009759367671	36	0.00385557174269438	0.550068039224295	0.188833400923867	laminin	FALSE	1	5
LAMC1	MYOC	0.00552955573597962	36	0.00385557174269438	0.550068039224295	0.188833400923867	laminin	FALSE	2	187
COL18A1	MYOC	0.00537337305388697	36	0.00385557174269438	0.550068039224295	0.188833400923867	collagen-associated	FALSE	3	190
NID1	MYOC	0.00456667494054186	36	0.00385557174269438	0.550068039224295	0.188833400923867	linker/proteoglycan	FALSE	4	172
COL4A2	MYOC	0.00443471603383757	36	0.00385557174269438	0.550068039224295	0.188833400923867	collagen-associated	FALSE	5	182
NID2	MYOC	0.0043021402600135	36	0.00385557174269438	0.550068039224295	0.188833400923867	linker/proteoglycan	FALSE	6	257
COL4A1	MYOC	0.00420714845731419	36	0.00385557174269438	0.550068039224295	0.188833400923867	collagen-associated	FALSE	7	199
LAMA4	MYOC	0.00383707949063955	36	0.00385557174269438	0.550068039224295	0.188833400923867	laminin	FALSE	8	214
HSPG2	MYOC	0.0037567509132926	36	0.00385557174269438	0.550068039224295	0.188833400923867	linker/proteoglycan	FALSE	9	177
LAMB2	MYOC	0.00286843165207149	36	0.00385557174269438	0.550068039224295	0.188833400923867	laminin	FALSE	10	230
LAMC1	SIGLEC7	0.00638262854443286	37	0.00385470816979589	0.448329022647549	0.188833400923867	laminin	FALSE	1	126
NID2	SIGLEC7	0.00489114135582164	37	0.00385470816979589	0.448329022647549	0.188833400923867	linker/proteoglycan	FALSE	2	196
COL18A1	SIGLEC7	0.00460041462649963	37	0.00385470816979589	0.448329022647549	0.188833400923867	collagen-associated	FALSE	3	264
COL4A2	SIGLEC7	0.00455957717853706	37	0.00385470816979589	0.448329022647549	0.188833400923867	collagen-associated	FALSE	4	164
COL4A1	SIGLEC7	0.00433463889228778	37	0.00385470816979589	0.448329022647549	0.188833400923867	collagen-associated	FALSE	5	182
NID1	SIGLEC7	0.0038793872009577	37	0.00385470816979589	0.448329022647549	0.188833400923867	linker/proteoglycan	FALSE	6	240
LAMB1	SIGLEC7	0.00382007375033143	37	0.00385470816979589	0.448329022647549	0.188833400923867	laminin	FALSE	7	161
LAMA4	SIGLEC7	0.00352370010417966	37	0.00385470816979589	0.448329022647549	0.188833400923867	laminin	FALSE	8	248
LAMB2	SIGLEC7	0.00345082733490125	37	0.00385470816979589	0.448329022647549	0.188833400923867	laminin	FALSE	9	146
HSPG2	SIGLEC7	0.00326574697297519	37	0.00385470816979589	0.448329022647549	0.188833400923867	linker/proteoglycan	FALSE	10	226
NID2	BDNF	0.117981047268007	38	0.00384658865579368	0.536938383795406	0.188833400923867	linker/proteoglycan	FALSE	1	2
LAMB2	BDNF	0.0536949004325212	38	0.00384658865579368	0.536938383795406	0.188833400923867	laminin	FALSE	2	3
HSPG2	BDNF	0.0518145289976994	38	0.00384658865579368	0.536938383795406	0.188833400923867	linker/proteoglycan	FALSE	3	4
LAMC1	BDNF	0.00764886335009643	38	0.00384658865579368	0.536938383795406	0.188833400923867	laminin	FALSE	4	68
COL18A1	BDNF	0.00660651381460521	38	0.00384658865579368	0.536938383795406	0.188833400923867	collagen-associated	FALSE	5	114
COL4A1	BDNF	0.0060425209636503	38	0.00384658865579368	0.536938383795406	0.188833400923867	collagen-associated	FALSE	6	72
LAMA4	BDNF	0.00590683003811373	38	0.00384658865579368	0.536938383795406	0.188833400923867	laminin	FALSE	7	61
NID1	BDNF	0.00582992275283447	38	0.00384658865579368	0.536938383795406	0.188833400923867	linker/proteoglycan	FALSE	8	88
LAMB1	BDNF	0.00562076926763602	38	0.00384658865579368	0.536938383795406	0.188833400923867	laminin	FALSE	9	49
COL4A2	BDNF	0.00551435612006612	38	0.00384658865579368	0.536938383795406	0.188833400923867	collagen-associated	FALSE	10	90
COL18A1	NTM	0.00409942256821314	39	0.00383602095983856	0.466505862028845	0.188833400923867	collagen-associated	FALSE	1	304
LAMC1	NTM	0.00398044223500387	39	0.00383602095983856	0.466505862028845	0.188833400923867	laminin	FALSE	2	309
NID2	NTM	0.00380407290258673	39	0.00383602095983856	0.466505862028845	0.188833400923867	linker/proteoglycan	FALSE	3	293
NID1	NTM	0.00325512260024414	39	0.00383602095983856	0.466505862028845	0.188833400923867	linker/proteoglycan	FALSE	4	308
COL4A2	NTM	0.00320606997580364	39	0.00383602095983856	0.466505862028845	0.188833400923867	collagen-associated	FALSE	5	310
LAMA4	NTM	0.00302865246975436	39	0.00383602095983856	0.466505862028845	0.188833400923867	laminin	FALSE	6	307
COL4A1	NTM	0.00299436460973926	39	0.00383602095983856	0.466505862028845	0.188833400923867	collagen-associated	FALSE	7	313
HSPG2	NTM	0.00280018977352858	39	0.00383602095983856	0.466505862028845	0.188833400923867	linker/proteoglycan	FALSE	8	297
LAMB1	NTM	0.00268495243709894	39	0.00383602095983856	0.466505862028845	0.188833400923867	laminin	FALSE	9	300
LAMB2	NTM	0.00254363866583849	39	0.00383602095983856	0.466505862028845	0.188833400923867	laminin	FALSE	10	280
COL4A1	INHBA	0.085550031858662	40	0.00380906828718959	0.489645298689759	0.188833400923867	collagen-associated	FALSE	1	4
COL18A1	INHBA	0.0168875346999232	40	0.00380906828718959	0.489645298689759	0.188833400923867	collagen-associated	FALSE	2	3
LAMC1	INHBA	0.0129135662880932	40	0.00380906828718959	0.489645298689759	0.188833400923867	laminin	FALSE	3	5
NID2	INHBA	0.00934647302756782	40	0.00380906828718959	0.489645298689759	0.188833400923867	linker/proteoglycan	FALSE	4	29
COL4A2	INHBA	0.00694563813103773	40	0.00380906828718959	0.489645298689759	0.188833400923867	collagen-associated	FALSE	5	39
NID1	INHBA	0.00600596602328028	40	0.00380906828718959	0.489645298689759	0.188833400923867	linker/proteoglycan	FALSE	6	79
LAMA4	INHBA	0.0050975017880488	40	0.00380906828718959	0.489645298689759	0.188833400923867	laminin	FALSE	7	102
HSPG2	INHBA	0.00508579804247495	40	0.00380906828718959	0.489645298689759	0.188833400923867	linker/proteoglycan	FALSE	8	73
LAMB1	INHBA	0.0048794914487751	40	0.00380906828718959	0.489645298689759	0.188833400923867	laminin	FALSE	9	79
LAMB2	INHBA	0.00359826243530149	40	0.00380906828718959	0.489645298689759	0.188833400923867	laminin	FALSE	10	136
COL18A1	COL1A2	0.00842457515240211	41	0.00379080730201704	0.464460062192192	0.188833400923867	collagen-associated	FALSE	1	56
LAMC1	COL1A2	0.00764007087858872	41	0.00379080730201704	0.464460062192192	0.188833400923867	laminin	FALSE	2	69
NID2	COL1A2	0.00702921629294606	41	0.00379080730201704	0.464460062192192	0.188833400923867	linker/proteoglycan	FALSE	3	66
COL4A2	COL1A2	0.00691312047294063	41	0.00379080730201704	0.464460062192192	0.188833400923867	collagen-associated	FALSE	4	41
COL4A1	COL1A2	0.00669803281808883	41	0.00379080730201704	0.464460062192192	0.188833400923867	collagen-associated	FALSE	5	59
HSPG2	COL1A2	0.00587346059662048	41	0.00379080730201704	0.464460062192192	0.188833400923867	linker/proteoglycan	FALSE	6	40
LAMB1	COL1A2	0.00569527603599158	41	0.00379080730201704	0.464460062192192	0.188833400923867	laminin	FALSE	7	48
LAMA4	COL1A2	0.00504623599599916	41	0.00379080730201704	0.464460062192192	0.188833400923867	laminin	FALSE	8	105
LAMB2	COL1A2	0.00499457569856677	41	0.00379080730201704	0.464460062192192	0.188833400923867	laminin	FALSE	9	44
NID1	COL1A2	0.00493313467054016	41	0.00379080730201704	0.464460062192192	0.188833400923867	linker/proteoglycan	FALSE	10	143
NID2	NRP1	0.00657303729079382	42	0.00378427581682993	0.463061797507699	0.188833400923867	linker/proteoglycan	FALSE	1	77
LAMC1	NRP1	0.0062580309763157	42	0.00378427581682993	0.463061797507699	0.188833400923867	laminin	FALSE	2	130
COL18A1	NRP1	0.00623538228825303	42	0.00378427581682993	0.463061797507699	0.188833400923867	collagen-associated	FALSE	3	134
COL4A2	NRP1	0.00556624467655542	42	0.00378427581682993	0.463061797507699	0.188833400923867	collagen-associated	FALSE	4	88
NID1	NRP1	0.0051340936431001	42	0.00378427581682993	0.463061797507699	0.188833400923867	linker/proteoglycan	FALSE	5	127
LAMA4	NRP1	0.00509963575498361	42	0.00378427581682993	0.463061797507699	0.188833400923867	laminin	FALSE	6	101
COL4A1	NRP1	0.00506726488728991	42	0.00378427581682993	0.463061797507699	0.188833400923867	collagen-associated	FALSE	7	112
LAMB1	NRP1	0.00476564274657464	42	0.00378427581682993	0.463061797507699	0.188833400923867	laminin	FALSE	8	86
HSPG2	NRP1	0.00449064370393167	42	0.00378427581682993	0.463061797507699	0.188833400923867	linker/proteoglycan	FALSE	9	114
LAMB2	NRP1	0.00395133389551427	42	0.00378427581682993	0.463061797507699	0.188833400923867	laminin	FALSE	10	93
LAMC1	COL4A2	0.00541401481501819	43	0.00368853678527844	0.430903918650686	0.188833400923867	laminin	FALSE	1	196
COL18A1	COL4A2	0.00512380923843278	43	0.00368853678527844	0.430903918650686	0.188833400923867	collagen-associated	FALSE	2	213
NID2	COL4A2	0.00497308264693906	43	0.00368853678527844	0.430903918650686	0.188833400923867	linker/proteoglycan	FALSE	3	181
COL4A2	COL4A2	0.00453696012728654	43	0.00368853678527844	0.430903918650686	0.188833400923867	collagen-associated	FALSE	4	169
COL4A1	COL4A2	0.00401000727668746	43	0.00368853678527844	0.430903918650686	0.188833400923867	collagen-associated	FALSE	5	220
NID1	COL4A2	0.00390915559345715	43	0.00368853678527844	0.430903918650686	0.188833400923867	linker/proteoglycan	FALSE	6	236
LAMA4	COL4A2	0.00388112641627979	43	0.00368853678527844	0.430903918650686	0.188833400923867	laminin	FALSE	7	206
HSPG2	COL4A2	0.00351553835975775	43	0.00368853678527844	0.430903918650686	0.188833400923867	linker/proteoglycan	FALSE	8	203
LAMB1	COL4A2	0.00316602448022582	43	0.00368853678527844	0.430903918650686	0.188833400923867	laminin	FALSE	9	242
LAMB2	COL4A2	0.00298564454924894	43	0.00368853678527844	0.430903918650686	0.188833400923867	laminin	FALSE	10	210
LAMC1	LAMB1	0.00568452911955	44	0.0036874020688945	0.508932890461595	0.188833400923867	laminin	FALSE	1	167
COL18A1	LAMB1	0.00544246292959188	44	0.0036874020688945	0.508932890461595	0.188833400923867	collagen-associated	FALSE	2	189
NID2	LAMB1	0.00515291208550076	44	0.0036874020688945	0.508932890461595	0.188833400923867	linker/proteoglycan	FALSE	3	159
COL4A2	LAMB1	0.004855327082379	44	0.0036874020688945	0.508932890461595	0.188833400923867	collagen-associated	FALSE	4	131
COL4A1	LAMB1	0.00484255489849244	44	0.0036874020688945	0.508932890461595	0.188833400923867	collagen-associated	FALSE	5	135
NID1	LAMB1	0.00458107376986154	44	0.0036874020688945	0.508932890461595	0.188833400923867	linker/proteoglycan	FALSE	6	170
HSPG2	LAMB1	0.00447721518317967	44	0.0036874020688945	0.508932890461595	0.188833400923867	linker/proteoglycan	FALSE	7	115
LAMA4	LAMB1	0.00443191357763621	44	0.0036874020688945	0.508932890461595	0.188833400923867	laminin	FALSE	8	145
LAMB1	LAMB1	0.00392867668167423	44	0.0036874020688945	0.508932890461595	0.188833400923867	laminin	FALSE	9	148
LAMB2	LAMB1	0.00306177862297723	44	0.0036874020688945	0.508932890461595	0.188833400923867	laminin	FALSE	10	202
COL18A1	COL6A3	0.00509807518828955	45	0.00368572181928933	0.443145963226806	0.188833400923867	collagen-associated	FALSE	1	214
LAMC1	COL6A3	0.00502664275211527	45	0.00368572181928933	0.443145963226806	0.188833400923867	laminin	FALSE	2	228
NID2	COL6A3	0.00475299511166115	45	0.00368572181928933	0.443145963226806	0.188833400923867	linker/proteoglycan	FALSE	3	214
COL4A1	COL6A3	0.00443901396749042	45	0.00368572181928933	0.443145963226806	0.188833400923867	collagen-associated	FALSE	4	171
COL4A2	COL6A3	0.00411885721351218	45	0.00368572181928933	0.443145963226806	0.188833400923867	collagen-associated	FALSE	5	213
LAMA4	COL6A3	0.00407879612550868	45	0.00368572181928933	0.443145963226806	0.188833400923867	laminin	FALSE	6	178
NID1	COL6A3	0.00404963213409414	45	0.00368572181928933	0.443145963226806	0.188833400923867	linker/proteoglycan	FALSE	7	222
HSPG2	COL6A3	0.00346585600747734	45	0.00368572181928933	0.443145963226806	0.188833400923867	linker/proteoglycan	FALSE	8	210
LAMB2	COL6A3	0.00326324497860987	45	0.00368572181928933	0.443145963226806	0.188833400923867	laminin	FALSE	9	171
LAMB1	COL6A3	0.0032572767584583	45	0.00368572181928933	0.443145963226806	0.188833400923867	laminin	FALSE	10	227
COL18A1	LGALS3BP	0.00547196526070829	46	0.0035769453498581	0.398669192781073	0.188833400923867	collagen-associated	FALSE	1	187
LAMC1	LGALS3BP	0.00544029272718738	46	0.0035769453498581	0.398669192781073	0.188833400923867	laminin	FALSE	2	190
NID1	LGALS3BP	0.004796597360563	46	0.0035769453498581	0.398669192781073	0.188833400923867	linker/proteoglycan	FALSE	3	157
NID2	LGALS3BP	0.00470629477393238	46	0.0035769453498581	0.398669192781073	0.188833400923867	linker/proteoglycan	FALSE	4	219
COL4A2	LGALS3BP	0.00459091640813995	46	0.0035769453498581	0.398669192781073	0.188833400923867	collagen-associated	FALSE	5	158
COL4A1	LGALS3BP	0.00442844168360825	46	0.0035769453498581	0.398669192781073	0.188833400923867	collagen-associated	FALSE	6	172
LAMA4	LGALS3BP	0.0041261879632821	46	0.0035769453498581	0.398669192781073	0.188833400923867	laminin	FALSE	7	176
HSPG2	LGALS3BP	0.00357563765818129	46	0.0035769453498581	0.398669192781073	0.188833400923867	linker/proteoglycan	FALSE	8	196
LAMB1	LGALS3BP	0.00352681927393811	46	0.0035769453498581	0.398669192781073	0.188833400923867	laminin	FALSE	9	192
LAMB2	LGALS3BP	0.00304860248554895	46	0.0035769453498581	0.398669192781073	0.188833400923867	laminin	FALSE	10	203
NID2	NID1	0.0068149214280302	47	0.0035544349111072	0.414941654101356	0.188833400923867	linker/proteoglycan	FALSE	1	71
COL4A2	NID1	0.00660809481967144	47	0.0035544349111072	0.414941654101356	0.188833400923867	collagen-associated	FALSE	2	49
COL18A1	NID1	0.00590206827692736	47	0.0035544349111072	0.414941654101356	0.188833400923867	collagen-associated	FALSE	3	153
NID1	NID1	0.00589222583538038	47	0.0035544349111072	0.414941654101356	0.188833400923867	linker/proteoglycan	FALSE	4	86
LAMC1	NID1	0.00574064981059698	47	0.0035544349111072	0.414941654101356	0.188833400923867	laminin	FALSE	5	162
LAMB1	NID1	0.0057025508537239	47	0.0035544349111072	0.414941654101356	0.188833400923867	laminin	FALSE	6	46
LAMA4	NID1	0.00558650603364975	47	0.0035544349111072	0.414941654101356	0.188833400923867	laminin	FALSE	7	72
COL4A1	NID1	0.00508156162926572	47	0.0035544349111072	0.414941654101356	0.188833400923867	collagen-associated	FALSE	8	111
HSPG2	NID1	0.00377740048446779	47	0.0035544349111072	0.414941654101356	0.188833400923867	linker/proteoglycan	FALSE	9	174
LAMB2	NID1	0.00353246998372748	47	0.0035544349111072	0.414941654101356	0.188833400923867	laminin	FALSE	10	141
COL18A1	FN1	0.00597201760962193	48	0.00340324684080063	0.392904714936577	0.188833400923867	collagen-associated	FALSE	1	148
LAMC1	FN1	0.00593965993438751	48	0.00340324684080063	0.392904714936577	0.188833400923867	laminin	FALSE	2	145
COL4A2	FN1	0.00519806234195111	48	0.00340324684080063	0.392904714936577	0.188833400923867	collagen-associated	FALSE	3	112
NID1	FN1	0.00510987519889567	48	0.00340324684080063	0.392904714936577	0.188833400923867	linker/proteoglycan	FALSE	4	131
NID2	FN1	0.00509146517006405	48	0.00340324684080063	0.392904714936577	0.188833400923867	linker/proteoglycan	FALSE	5	165
COL4A1	FN1	0.00487689115151466	48	0.00340324684080063	0.392904714936577	0.188833400923867	collagen-associated	FALSE	6	129
LAMA4	FN1	0.00465361877612923	48	0.00340324684080063	0.392904714936577	0.188833400923867	laminin	FALSE	7	132
HSPG2	FN1	0.00424798396088721	48	0.00340324684080063	0.392904714936577	0.188833400923867	linker/proteoglycan	FALSE	8	134
LAMB1	FN1	0.00400615646464913	48	0.00340324684080063	0.392904714936577	0.188833400923867	laminin	FALSE	9	141
LAMB2	FN1	0.00331550526763248	48	0.00340324684080063	0.392904714936577	0.188833400923867	laminin	FALSE	10	165
COL18A1	TSPAN3	0.00659765458149369	49	0.00338651557170095	0.38990675209373	0.188833400923867	collagen-associated	FALSE	1	115
LAMC1	TSPAN3	0.00602132182559603	49	0.00338651557170095	0.38990675209373	0.188833400923867	laminin	FALSE	2	140
NID1	TSPAN3	0.00551514509164542	49	0.00338651557170095	0.38990675209373	0.188833400923867	linker/proteoglycan	FALSE	3	102
NID2	TSPAN3	0.00547664266026605	49	0.00338651557170095	0.38990675209373	0.188833400923867	linker/proteoglycan	FALSE	4	137
COL4A1	TSPAN3	0.00486212086657654	49	0.00338651557170095	0.38990675209373	0.188833400923867	collagen-associated	FALSE	5	133
COL4A2	TSPAN3	0.00430334512485806	49	0.00338651557170095	0.38990675209373	0.188833400923867	collagen-associated	FALSE	6	196
LAMB1	TSPAN3	0.00331668438667342	49	0.00338651557170095	0.38990675209373	0.188833400923867	laminin	FALSE	7	216
LAMA4	TSPAN3	0.00326400297962734	49	0.00338651557170095	0.38990675209373	0.188833400923867	laminin	FALSE	8	289
HSPG2	TSPAN3	0.00309034414516933	49	0.00338651557170095	0.38990675209373	0.188833400923867	linker/proteoglycan	FALSE	9	255
LAMB2	TSPAN3	0.00308702554768564	49	0.00338651557170095	0.38990675209373	0.188833400923867	laminin	FALSE	10	200
LAMC1	AGRN	0.00562747470977046	50	0.00336521157286486	0.378266227160377	0.188833400923867	laminin	FALSE	1	174
COL18A1	AGRN	0.00523624504020144	50	0.00336521157286486	0.378266227160377	0.188833400923867	collagen-associated	FALSE	2	205
NID2	AGRN	0.00488140793006523	50	0.00336521157286486	0.378266227160377	0.188833400923867	linker/proteoglycan	FALSE	3	198
HSPG2	AGRN	0.00435185723201035	50	0.00336521157286486	0.378266227160377	0.188833400923867	linker/proteoglycan	FALSE	4	128
COL4A1	AGRN	0.00431806366393025	50	0.00336521157286486	0.378266227160377	0.188833400923867	collagen-associated	FALSE	5	185
COL4A2	AGRN	0.00428020525284331	50	0.00336521157286486	0.378266227160377	0.188833400923867	collagen-associated	FALSE	6	198
NID1	AGRN	0.0042371303152364	50	0.00336521157286486	0.378266227160377	0.188833400923867	linker/proteoglycan	FALSE	7	203
LAMA4	AGRN	0.00383801944467802	50	0.00336521157286486	0.378266227160377	0.188833400923867	laminin	FALSE	8	213
LAMB1	AGRN	0.00382870585846389	50	0.00336521157286486	0.378266227160377	0.188833400923867	laminin	FALSE	9	159
LAMB2	AGRN	0.00308758069143009	50	0.00336521157286486	0.378266227160377	0.188833400923867	laminin	FALSE	10	199
COL18A1	LIN7C	0.00444141617516698	51	0.00335669551837797	0.366643691987263	0.188833400923867	collagen-associated	FALSE	1	279
LAMC1	LIN7C	0.00408253483661561	51	0.00335669551837797	0.366643691987263	0.188833400923867	laminin	FALSE	2	304
COL4A2	LIN7C	0.00384625895909061	51	0.00335669551837797	0.366643691987263	0.188833400923867	collagen-associated	FALSE	3	253
NID1	LIN7C	0.00380226349319197	51	0.00335669551837797	0.366643691987263	0.188833400923867	linker/proteoglycan	FALSE	4	251
NID2	LIN7C	0.00362009580898962	51	0.00335669551837797	0.366643691987263	0.188833400923867	linker/proteoglycan	FALSE	5	304
LAMA4	LIN7C	0.0035133095404805	51	0.00335669551837797	0.366643691987263	0.188833400923867	laminin	FALSE	6	251
COL4A1	LIN7C	0.00332880190204371	51	0.00335669551837797	0.366643691987263	0.188833400923867	collagen-associated	FALSE	7	293
HSPG2	LIN7C	0.00303677569534611	51	0.00335669551837797	0.366643691987263	0.188833400923867	linker/proteoglycan	FALSE	8	265
LAMB2	LIN7C	0.00288925054710354	51	0.00335669551837797	0.366643691987263	0.188833400923867	laminin	FALSE	9	227
LAMB1	LIN7C	0.00272183954629894	51	0.00335669551837797	0.366643691987263	0.188833400923867	laminin	FALSE	10	298
COL4A1	VEGFA	0.0695033583686518	52	0.0033524685368615	0.38132351615354	0.188833400923867	collagen-associated	FALSE	1	6
HSPG2	VEGFA	0.0670825446960873	52	0.0033524685368615	0.38132351615354	0.188833400923867	linker/proteoglycan	FALSE	2	2
LAMC1	VEGFA	0.00848345235660585	52	0.0033524685368615	0.38132351615354	0.188833400923867	laminin	FALSE	3	50
COL18A1	VEGFA	0.0078884065644068	52	0.0033524685368615	0.38132351615354	0.188833400923867	collagen-associated	FALSE	4	65
NID2	VEGFA	0.00763975079670967	52	0.0033524685368615	0.38132351615354	0.188833400923867	linker/proteoglycan	FALSE	5	53
NID1	VEGFA	0.00703154553490067	52	0.0033524685368615	0.38132351615354	0.188833400923867	linker/proteoglycan	FALSE	6	46
LAMA4	VEGFA	0.00642088955659602	52	0.0033524685368615	0.38132351615354	0.188833400923867	laminin	FALSE	7	45
COL4A2	VEGFA	0.00610941118280144	52	0.0033524685368615	0.38132351615354	0.188833400923867	collagen-associated	FALSE	8	61
LAMB1	VEGFA	0.0055325139603425	52	0.0033524685368615	0.38132351615354	0.188833400923867	laminin	FALSE	9	52
LAMB2	VEGFA	0.00490064787685356	52	0.0033524685368615	0.38132351615354	0.188833400923867	laminin	FALSE	10	48
NID2	ADAM28	0.00589449407274271	53	0.00333020247711362	0.362378041870248	0.188833400923867	linker/proteoglycan	FALSE	1	116
LAMC1	ADAM28	0.0054593700807528	53	0.00333020247711362	0.362378041870248	0.188833400923867	laminin	FALSE	2	189
COL18A1	ADAM28	0.00501694243014426	53	0.00333020247711362	0.362378041870248	0.188833400923867	collagen-associated	FALSE	3	222
COL4A2	ADAM28	0.00456330991106757	53	0.00333020247711362	0.362378041870248	0.188833400923867	collagen-associated	FALSE	4	163
NID1	ADAM28	0.00416306377243307	53	0.00333020247711362	0.362378041870248	0.188833400923867	linker/proteoglycan	FALSE	5	210
LAMA4	ADAM28	0.00347298191247089	53	0.00333020247711362	0.362378041870248	0.188833400923867	laminin	FALSE	6	259
HSPG2	ADAM28	0.00320761739325774	53	0.00333020247711362	0.362378041870248	0.188833400923867	linker/proteoglycan	FALSE	7	233
COL4A1	ADAM28	0.00310220247102555	53	0.00333020247711362	0.362378041870248	0.188833400923867	collagen-associated	FALSE	8	305
LAMB2	ADAM28	0.00291099463976671	53	0.00333020247711362	0.362378041870248	0.188833400923867	laminin	FALSE	9	222
LAMB1	ADAM28	0.00287451226152424	53	0.00333020247711362	0.362378041870248	0.188833400923867	laminin	FALSE	10	283
LAMC1	FBLN1	0.0103520551799088	54	0.00332023251975682	0.375910535570261	0.188833400923867	laminin	FALSE	1	27
COL18A1	FBLN1	0.00963689833889004	54	0.00332023251975682	0.375910535570261	0.188833400923867	collagen-associated	FALSE	2	37
NID2	FBLN1	0.00615008026337969	54	0.00332023251975682	0.375910535570261	0.188833400923867	linker/proteoglycan	FALSE	3	93
HSPG2	FBLN1	0.00561612421152136	54	0.00332023251975682	0.375910535570261	0.188833400923867	linker/proteoglycan	FALSE	4	46
LAMB1	FBLN1	0.00524571299488248	54	0.00332023251975682	0.375910535570261	0.188833400923867	laminin	FALSE	5	61
COL4A1	FBLN1	0.00516618653365142	54	0.00332023251975682	0.375910535570261	0.188833400923867	collagen-associated	FALSE	6	101
COL4A2	FBLN1	0.00506901090955258	54	0.00332023251975682	0.375910535570261	0.188833400923867	collagen-associated	FALSE	7	118
LAMA4	FBLN1	0.00484750779464265	54	0.00332023251975682	0.375910535570261	0.188833400923867	laminin	FALSE	8	118
NID1	FBLN1	0.00481799223434206	54	0.00332023251975682	0.375910535570261	0.188833400923867	linker/proteoglycan	FALSE	9	155
LAMB2	FBLN1	0.00364978302724295	54	0.00332023251975682	0.375910535570261	0.188833400923867	laminin	FALSE	10	131
COL18A1	SEMA3C	0.0075404979788746	55	0.00329778484339387	0.372456356598083	0.188833400923867	collagen-associated	FALSE	1	77
LAMC1	SEMA3C	0.00691231512566455	55	0.00329778484339387	0.372456356598083	0.188833400923867	laminin	FALSE	2	91
NID2	SEMA3C	0.0059175138240459	55	0.00329778484339387	0.372456356598083	0.188833400923867	linker/proteoglycan	FALSE	3	113
NID1	SEMA3C	0.00549983503052007	55	0.00329778484339387	0.372456356598083	0.188833400923867	linker/proteoglycan	FALSE	4	103
COL4A2	SEMA3C	0.00540138483468931	55	0.00329778484339387	0.372456356598083	0.188833400923867	collagen-associated	FALSE	5	97
HSPG2	SEMA3C	0.0050538818109035	55	0.00329778484339387	0.372456356598083	0.188833400923867	linker/proteoglycan	FALSE	6	76
LAMA4	SEMA3C	0.00500318952805791	55	0.00329778484339387	0.372456356598083	0.188833400923867	laminin	FALSE	7	107
LAMB2	SEMA3C	0.00417115187953569	55	0.00329778484339387	0.372456356598083	0.188833400923867	laminin	FALSE	8	75
LAMB1	SEMA3C	0.00409466541115495	55	0.00329778484339387	0.372456356598083	0.188833400923867	laminin	FALSE	9	131
COL4A1	SEMA3C	0.00376665533569319	55	0.00329778484339387	0.372456356598083	0.188833400923867	collagen-associated	FALSE	10	249
COL4A1	MFNG	0.00974689449161586	56	0.00329101374502006	0.324746155112204	0.188833400923867	collagen-associated	FALSE	1	23
NID1	MFNG	0.00968969853535711	56	0.00329101374502006	0.324746155112204	0.188833400923867	linker/proteoglycan	FALSE	2	12
COL18A1	MFNG	0.00695270989846765	56	0.00329101374502006	0.324746155112204	0.188833400923867	collagen-associated	FALSE	3	95
LAMC1	MFNG	0.00677448826335207	56	0.00329101374502006	0.324746155112204	0.188833400923867	laminin	FALSE	4	97
COL4A2	MFNG	0.00622363047404246	56	0.00329101374502006	0.324746155112204	0.188833400923867	collagen-associated	FALSE	5	58
NID2	MFNG	0.00571634085895547	56	0.00329101374502006	0.324746155112204	0.188833400923867	linker/proteoglycan	FALSE	6	121
LAMB1	MFNG	0.00508047929642315	56	0.00329101374502006	0.324746155112204	0.188833400923867	laminin	FALSE	7	70
LAMA4	MFNG	0.0049049505450937	56	0.00329101374502006	0.324746155112204	0.188833400923867	laminin	FALSE	8	115
LAMB2	MFNG	0.00467750956902353	56	0.00329101374502006	0.324746155112204	0.188833400923867	laminin	FALSE	9	56
HSPG2	MFNG	0.00409047634319032	56	0.00329101374502006	0.324746155112204	0.188833400923867	linker/proteoglycan	FALSE	10	148
LAMC1	SLIT3	0.00577501634542255	57	0.0032706928057046	0.32276206509668	0.188833400923867	laminin	FALSE	1	158
COL18A1	SLIT3	0.00460424604976416	57	0.0032706928057046	0.32276206509668	0.188833400923867	collagen-associated	FALSE	2	263
COL4A1	SLIT3	0.00437787501136697	57	0.0032706928057046	0.32276206509668	0.188833400923867	collagen-associated	FALSE	3	178
NID1	SLIT3	0.00436628315283594	57	0.0032706928057046	0.32276206509668	0.188833400923867	linker/proteoglycan	FALSE	4	193
COL4A2	SLIT3	0.00435305623427609	57	0.0032706928057046	0.32276206509668	0.188833400923867	collagen-associated	FALSE	5	189
NID2	SLIT3	0.00432474249714525	57	0.0032706928057046	0.32276206509668	0.188833400923867	linker/proteoglycan	FALSE	6	254
LAMA4	SLIT3	0.00385213825500349	57	0.0032706928057046	0.32276206509668	0.188833400923867	laminin	FALSE	7	210
LAMB1	SLIT3	0.00332692286984823	57	0.0032706928057046	0.32276206509668	0.188833400923867	laminin	FALSE	8	214
HSPG2	SLIT3	0.00328706312275124	57	0.0032706928057046	0.32276206509668	0.188833400923867	linker/proteoglycan	FALSE	9	225
LAMB2	SLIT3	0.00296453233009101	57	0.0032706928057046	0.32276206509668	0.188833400923867	laminin	FALSE	10	213
LAMC1	NECTIN3	0.00488047911795018	58	0.00326974773363169	0.400293702261607	0.188833400923867	laminin	FALSE	1	244
NID2	NECTIN3	0.00479288742414899	58	0.00326974773363169	0.400293702261607	0.188833400923867	linker/proteoglycan	FALSE	2	211
COL18A1	NECTIN3	0.00440741450329087	58	0.00326974773363169	0.400293702261607	0.188833400923867	collagen-associated	FALSE	3	285
COL4A2	NECTIN3	0.00369438189616492	58	0.00326974773363169	0.400293702261607	0.188833400923867	collagen-associated	FALSE	4	276
NID1	NECTIN3	0.00362196266367834	58	0.00326974773363169	0.400293702261607	0.188833400923867	linker/proteoglycan	FALSE	5	273
COL4A1	NECTIN3	0.00355942706180817	58	0.00326974773363169	0.400293702261607	0.188833400923867	collagen-associated	FALSE	6	269
LAMA4	NECTIN3	0.00353039683227748	58	0.00326974773363169	0.400293702261607	0.188833400923867	laminin	FALSE	7	247
HSPG2	NECTIN3	0.00287042023538431	58	0.00326974773363169	0.400293702261607	0.188833400923867	linker/proteoglycan	FALSE	8	288
LAMB1	NECTIN3	0.00262148329340293	58	0.00326974773363169	0.400293702261607	0.188833400923867	laminin	FALSE	9	308
LAMB2	NECTIN3	0.00229825483752282	58	0.00326974773363169	0.400293702261607	0.188833400923867	laminin	FALSE	10	309
COL4A1	LAMA2	0.0438259971166926	59	0.00326827942891025	0.366654807665323	0.188833400923867	collagen-associated	FALSE	1	10
COL18A1	LAMA2	0.00477373400269524	59	0.00326827942891025	0.366654807665323	0.188833400923867	collagen-associated	FALSE	2	248
LAMC1	LAMA2	0.00456555258314725	59	0.00326827942891025	0.366654807665323	0.188833400923867	laminin	FALSE	3	270
NID2	LAMA2	0.00450164542196523	59	0.00326827942891025	0.366654807665323	0.188833400923867	linker/proteoglycan	FALSE	4	237
NID1	LAMA2	0.00381866425547462	59	0.00326827942891025	0.366654807665323	0.188833400923867	linker/proteoglycan	FALSE	5	249
COL4A2	LAMA2	0.00380203463760217	59	0.00326827942891025	0.366654807665323	0.188833400923867	collagen-associated	FALSE	6	258
LAMB1	LAMA2	0.00374086726881753	59	0.00326827942891025	0.366654807665323	0.188833400923867	laminin	FALSE	7	172
LAMA4	LAMA2	0.00348796927499155	59	0.00326827942891025	0.366654807665323	0.188833400923867	laminin	FALSE	8	257
HSPG2	LAMA2	0.00314669861781069	59	0.00326827942891025	0.366654807665323	0.188833400923867	linker/proteoglycan	FALSE	9	244
LAMB2	LAMA2	0.00270336482148892	59	0.00326827942891025	0.366654807665323	0.188833400923867	laminin	FALSE	10	249
COL18A1	NAMPT	0.0110622919754695	60	0.0032652462875941	0.388850989186837	0.188833400923867	collagen-associated	FALSE	1	18
LAMC1	NAMPT	0.010738553462062	60	0.0032652462875941	0.388850989186837	0.188833400923867	laminin	FALSE	2	21
COL4A2	NAMPT	0.0101269809583425	60	0.0032652462875941	0.388850989186837	0.188833400923867	collagen-associated	FALSE	3	8
NID2	NAMPT	0.00965635939887472	60	0.0032652462875941	0.388850989186837	0.188833400923867	linker/proteoglycan	FALSE	4	24
NID1	NAMPT	0.00891508245886901	60	0.0032652462875941	0.388850989186837	0.188833400923867	linker/proteoglycan	FALSE	5	18
COL4A1	NAMPT	0.00881420533271263	60	0.0032652462875941	0.388850989186837	0.188833400923867	collagen-associated	FALSE	6	31
LAMA4	NAMPT	0.00847723814280769	60	0.0032652462875941	0.388850989186837	0.188833400923867	laminin	FALSE	7	13
LAMB1	NAMPT	0.00802067348493209	60	0.0032652462875941	0.388850989186837	0.188833400923867	laminin	FALSE	8	16
HSPG2	NAMPT	0.00790458390923519	60	0.0032652462875941	0.388850989186837	0.188833400923867	linker/proteoglycan	FALSE	9	12
LAMB2	NAMPT	0.00647810266409602	60	0.0032652462875941	0.388850989186837	0.188833400923867	laminin	FALSE	10	15
NID2	COL12A1	0.00598659883267372	61	0.00325192574053723	0.40726117773142	0.188833400923867	linker/proteoglycan	FALSE	1	107
LAMC1	COL12A1	0.00535353840801951	61	0.00325192574053723	0.40726117773142	0.188833400923867	laminin	FALSE	2	203
COL18A1	COL12A1	0.00505234621298828	61	0.00325192574053723	0.40726117773142	0.188833400923867	collagen-associated	FALSE	3	219
NID1	COL12A1	0.00409896085571993	61	0.00325192574053723	0.40726117773142	0.188833400923867	linker/proteoglycan	FALSE	4	216
COL4A1	COL12A1	0.00405670332796143	61	0.00325192574053723	0.40726117773142	0.188833400923867	collagen-associated	FALSE	5	213
COL4A2	COL12A1	0.00398198105706939	61	0.00325192574053723	0.40726117773142	0.188833400923867	collagen-associated	FALSE	6	235
LAMA4	COL12A1	0.00343801100038659	61	0.00325192574053723	0.40726117773142	0.188833400923867	laminin	FALSE	7	262
HSPG2	COL12A1	0.00322681499868281	61	0.00325192574053723	0.40726117773142	0.188833400923867	linker/proteoglycan	FALSE	8	230
LAMB1	COL12A1	0.00310367390359585	61	0.00325192574053723	0.40726117773142	0.188833400923867	laminin	FALSE	9	248
LAMB2	COL12A1	0.0029653761826357	61	0.00325192574053723	0.40726117773142	0.188833400923867	laminin	FALSE	10	212
LAMC1	FGA	0.00560709850558932	62	0.0032418730383754	0.349379602922068	0.188833400923867	laminin	FALSE	1	178
COL18A1	FGA	0.00512638707233994	62	0.0032418730383754	0.349379602922068	0.188833400923867	collagen-associated	FALSE	2	211
NID1	FGA	0.0050005801769537	62	0.0032418730383754	0.349379602922068	0.188833400923867	linker/proteoglycan	FALSE	3	137
NID2	FGA	0.00479079875892344	62	0.0032418730383754	0.349379602922068	0.188833400923867	linker/proteoglycan	FALSE	4	213
COL4A2	FGA	0.00469811532576729	62	0.0032418730383754	0.349379602922068	0.188833400923867	collagen-associated	FALSE	5	145
COL4A1	FGA	0.00466159642652865	62	0.0032418730383754	0.349379602922068	0.188833400923867	collagen-associated	FALSE	6	149
LAMB1	FGA	0.00402162810587319	62	0.0032418730383754	0.349379602922068	0.188833400923867	laminin	FALSE	7	136
LAMA4	FGA	0.00401929690147595	62	0.0032418730383754	0.349379602922068	0.188833400923867	laminin	FALSE	8	189
HSPG2	FGA	0.00373920160746316	62	0.0032418730383754	0.349379602922068	0.188833400923867	linker/proteoglycan	FALSE	9	180
LAMB2	FGA	0.00333272447996589	62	0.0032418730383754	0.349379602922068	0.188833400923867	laminin	FALSE	10	161
COL18A1	COL8A2	0.00424798031653941	63	0.00322330256832566	0.411740913881542	0.188833400923867	collagen-associated	FALSE	1	297
NID2	COL8A2	0.00406709103849036	63	0.00322330256832566	0.411740913881542	0.188833400923867	linker/proteoglycan	FALSE	2	273
LAMC1	COL8A2	0.00400183656313455	63	0.00322330256832566	0.411740913881542	0.188833400923867	laminin	FALSE	3	307
COL4A1	COL8A2	0.00344804237934856	63	0.00322330256832566	0.411740913881542	0.188833400923867	collagen-associated	FALSE	4	281
COL4A2	COL8A2	0.00335277298873944	63	0.00322330256832566	0.411740913881542	0.188833400923867	collagen-associated	FALSE	5	307
NID1	COL8A2	0.00334059151314529	63	0.00322330256832566	0.411740913881542	0.188833400923867	linker/proteoglycan	FALSE	6	303
LAMA4	COL8A2	0.00305843418472248	63	0.00322330256832566	0.411740913881542	0.188833400923867	laminin	FALSE	7	304
HSPG2	COL8A2	0.00279975224083683	63	0.00322330256832566	0.411740913881542	0.188833400923867	linker/proteoglycan	FALSE	8	298
LAMB1	COL8A2	0.00266862523844817	63	0.00322330256832566	0.411740913881542	0.188833400923867	laminin	FALSE	9	302
LAMB2	COL8A2	0.00234550795850839	63	0.00322330256832566	0.411740913881542	0.188833400923867	laminin	FALSE	10	299
COL18A1	LAMC1	0.00644932274821204	64	0.00322152235087371	0.395675688830055	0.188833400923867	collagen-associated	FALSE	1	128
LAMC1	LAMC1	0.00565503108488812	64	0.00322152235087371	0.395675688830055	0.188833400923867	laminin	FALSE	2	171
COL4A2	LAMC1	0.00521326086215349	64	0.00322152235087371	0.395675688830055	0.188833400923867	collagen-associated	FALSE	3	111
COL4A1	LAMC1	0.00511659357645573	64	0.00322152235087371	0.395675688830055	0.188833400923867	collagen-associated	FALSE	4	107
NID2	LAMC1	0.00508223937046723	64	0.00322152235087371	0.395675688830055	0.188833400923867	linker/proteoglycan	FALSE	5	167
NID1	LAMC1	0.00479874351463151	64	0.00322152235087371	0.395675688830055	0.188833400923867	linker/proteoglycan	FALSE	6	156
LAMA4	LAMC1	0.00457645540821591	64	0.00322152235087371	0.395675688830055	0.188833400923867	laminin	FALSE	7	137
HSPG2	LAMC1	0.00447717875910834	64	0.00322152235087371	0.395675688830055	0.188833400923867	linker/proteoglycan	FALSE	8	116
LAMB1	LAMC1	0.0041916378478171	64	0.00322152235087371	0.395675688830055	0.188833400923867	laminin	FALSE	9	124
LAMB2	LAMC1	0.00318540894251508	64	0.00322152235087371	0.395675688830055	0.188833400923867	laminin	FALSE	10	185
LAMB2	NRG1	0.0812497103304306	65	0.00321932716490498	0.343804226837375	0.188833400923867	laminin	FALSE	1	1
NID2	NRG1	0.00665769635931823	65	0.00321932716490498	0.343804226837375	0.188833400923867	linker/proteoglycan	FALSE	2	73
LAMC1	NRG1	0.00637698567070642	65	0.00321932716490498	0.343804226837375	0.188833400923867	laminin	FALSE	3	127
COL18A1	NRG1	0.00591988358331228	65	0.00321932716490498	0.343804226837375	0.188833400923867	collagen-associated	FALSE	4	152
COL4A2	NRG1	0.00529489059459285	65	0.00321932716490498	0.343804226837375	0.188833400923867	collagen-associated	FALSE	5	106
LAMA4	NRG1	0.00515358468826644	65	0.00321932716490498	0.343804226837375	0.188833400923867	laminin	FALSE	6	97
NID1	NRG1	0.00506095519510402	65	0.00321932716490498	0.343804226837375	0.188833400923867	linker/proteoglycan	FALSE	7	134
LAMB1	NRG1	0.00475059031888644	65	0.00321932716490498	0.343804226837375	0.188833400923867	laminin	FALSE	8	89
COL4A1	NRG1	0.00464163065725092	65	0.00321932716490498	0.343804226837375	0.188833400923867	collagen-associated	FALSE	9	152
HSPG2	NRG1	0.00462881061850446	65	0.00321932716490498	0.343804226837375	0.188833400923867	linker/proteoglycan	FALSE	10	100
COL18A1	ENG	0.0104232510450256	66	0.00320636789003208	0.365041492730923	0.188833400923867	collagen-associated	FALSE	1	26
COL4A1	ENG	0.00900294072958609	66	0.00320636789003208	0.365041492730923	0.188833400923867	collagen-associated	FALSE	2	26
LAMC1	ENG	0.00856373416484997	66	0.00320636789003208	0.365041492730923	0.188833400923867	laminin	FALSE	3	49
COL4A2	ENG	0.00751577888580845	66	0.00320636789003208	0.365041492730923	0.188833400923867	collagen-associated	FALSE	4	26
NID2	ENG	0.00660986790556147	66	0.00320636789003208	0.365041492730923	0.188833400923867	linker/proteoglycan	FALSE	5	75
LAMA4	ENG	0.00601333409406488	66	0.00320636789003208	0.365041492730923	0.188833400923867	laminin	FALSE	6	59
HSPG2	ENG	0.00556218897134425	66	0.00320636789003208	0.365041492730923	0.188833400923867	linker/proteoglycan	FALSE	7	48
LAMB1	ENG	0.00537867220979158	66	0.00320636789003208	0.365041492730923	0.188833400923867	laminin	FALSE	8	57
NID1	ENG	0.00529925744225758	66	0.00320636789003208	0.365041492730923	0.188833400923867	linker/proteoglycan	FALSE	9	114
LAMB2	ENG	0.00387657114062967	66	0.00320636789003208	0.365041492730923	0.188833400923867	laminin	FALSE	10	99
NID2	BMP4	0.0713409760707313	67	0.00319878459662636	0.388938842706035	0.188833400923867	linker/proteoglycan	FALSE	1	3
COL18A1	BMP4	0.0102787479300628	67	0.00319878459662636	0.388938842706035	0.188833400923867	collagen-associated	FALSE	2	27
LAMC1	BMP4	0.00966574591756104	67	0.00319878459662636	0.388938842706035	0.188833400923867	laminin	FALSE	3	33
COL4A1	BMP4	0.00863819197656527	67	0.00319878459662636	0.388938842706035	0.188833400923867	collagen-associated	FALSE	4	32
COL4A2	BMP4	0.00774831206343786	67	0.00319878459662636	0.388938842706035	0.188833400923867	collagen-associated	FALSE	5	19
LAMA4	BMP4	0.00637420977521835	67	0.00319878459662636	0.388938842706035	0.188833400923867	laminin	FALSE	6	47
NID1	BMP4	0.00568087466001276	67	0.00319878459662636	0.388938842706035	0.188833400923867	linker/proteoglycan	FALSE	7	96
HSPG2	BMP4	0.00527072802671496	67	0.00319878459662636	0.388938842706035	0.188833400923867	linker/proteoglycan	FALSE	8	61
LAMB1	BMP4	0.005154244189751	67	0.00319878459662636	0.388938842706035	0.188833400923867	laminin	FALSE	9	66
LAMB2	BMP4	0.00371442957523258	67	0.00319878459662636	0.388938842706035	0.188833400923867	laminin	FALSE	10	120
COL18A1	FCN1	0.00449462242918666	68	0.00318558789263655	0.360210248741532	0.188833400923867	collagen-associated	FALSE	1	275
LAMC1	FCN1	0.00408160240703245	68	0.00318558789263655	0.360210248741532	0.188833400923867	laminin	FALSE	2	305
COL4A2	FCN1	0.00399999595474212	68	0.00318558789263655	0.360210248741532	0.188833400923867	collagen-associated	FALSE	3	234
NID2	FCN1	0.0036959836058209	68	0.00318558789263655	0.360210248741532	0.188833400923867	linker/proteoglycan	FALSE	4	299
LAMA4	FCN1	0.00361374455937913	68	0.00318558789263655	0.360210248741532	0.188833400923867	laminin	FALSE	5	236
NID1	FCN1	0.00358463769045382	68	0.00318558789263655	0.360210248741532	0.188833400923867	linker/proteoglycan	FALSE	6	279
COL4A1	FCN1	0.00326268038479098	68	0.00318558789263655	0.360210248741532	0.188833400923867	collagen-associated	FALSE	7	297
HSPG2	FCN1	0.00284229730615849	68	0.00318558789263655	0.360210248741532	0.188833400923867	linker/proteoglycan	FALSE	8	294
LAMB1	FCN1	0.00274020749047298	68	0.00318558789263655	0.360210248741532	0.188833400923867	laminin	FALSE	9	297
LAMB2	FCN1	0.00267689841257673	68	0.00318558789263655	0.360210248741532	0.188833400923867	laminin	FALSE	10	255
NID2	CLDN1	0.0113891225564804	69	0.00315853110412115	0.345013387016633	0.188833400923867	linker/proteoglycan	FALSE	1	17
LAMB2	CLDN1	0.00816546108204425	69	0.00315853110412115	0.345013387016633	0.188833400923867	laminin	FALSE	2	7
LAMC1	CLDN1	0.00680142765060163	69	0.00315853110412115	0.345013387016633	0.188833400923867	laminin	FALSE	3	96
COL4A2	CLDN1	0.0067313795844655	69	0.00315853110412115	0.345013387016633	0.188833400923867	collagen-associated	FALSE	4	48
COL18A1	CLDN1	0.00661553598123182	69	0.00315853110412115	0.345013387016633	0.188833400923867	collagen-associated	FALSE	5	113
HSPG2	CLDN1	0.0050251945044568	69	0.00315853110412115	0.345013387016633	0.188833400923867	linker/proteoglycan	FALSE	6	78
LAMA4	CLDN1	0.00492662220907569	69	0.00315853110412115	0.345013387016633	0.188833400923867	laminin	FALSE	7	113
COL4A1	CLDN1	0.00464655080025807	69	0.00315853110412115	0.345013387016633	0.188833400923867	collagen-associated	FALSE	8	151
NID1	CLDN1	0.00429774200490397	69	0.00315853110412115	0.345013387016633	0.188833400923867	linker/proteoglycan	FALSE	9	200
LAMB1	CLDN1	0.0041538649833078	69	0.00315853110412115	0.345013387016633	0.188833400923867	laminin	FALSE	10	126
NID1	SCGB3A1	0.00890184945949722	70	0.00310460152576157	0.29696502681862	0.188833400923867	linker/proteoglycan	FALSE	1	19
COL4A1	SCGB3A1	0.00785038348373834	70	0.00310460152576157	0.29696502681862	0.188833400923867	collagen-associated	FALSE	2	42
COL18A1	SCGB3A1	0.00730216077883691	70	0.00310460152576157	0.29696502681862	0.188833400923867	collagen-associated	FALSE	3	85
NID2	SCGB3A1	0.00722435363356703	70	0.00310460152576157	0.29696502681862	0.188833400923867	linker/proteoglycan	FALSE	4	63
LAMC1	SCGB3A1	0.00593936172982648	70	0.00310460152576157	0.29696502681862	0.188833400923867	laminin	FALSE	5	146
COL4A2	SCGB3A1	0.00476462815265187	70	0.00310460152576157	0.29696502681862	0.188833400923867	collagen-associated	FALSE	6	139
LAMA4	SCGB3A1	0.00435685335800663	70	0.00310460152576157	0.29696502681862	0.188833400923867	laminin	FALSE	7	153
LAMB1	SCGB3A1	0.00401391832940275	70	0.00310460152576157	0.29696502681862	0.188833400923867	laminin	FALSE	8	139
HSPG2	SCGB3A1	0.00357013959022432	70	0.00310460152576157	0.29696502681862	0.188833400923867	linker/proteoglycan	FALSE	9	197
LAMB2	SCGB3A1	0.00346447786839743	70	0.00310460152576157	0.29696502681862	0.188833400923867	laminin	FALSE	10	145
COL18A1	COL24A1	0.00440156623355424	71	0.00310075514498701	0.345459958538837	0.188833400923867	collagen-associated	FALSE	1	287
LAMC1	COL24A1	0.00429675268476076	71	0.00310075514498701	0.345459958538837	0.188833400923867	laminin	FALSE	2	296
NID2	COL24A1	0.00408179837085818	71	0.00310075514498701	0.345459958538837	0.188833400923867	linker/proteoglycan	FALSE	3	272
COL4A2	COL24A1	0.0036569381234822	71	0.00310075514498701	0.345459958538837	0.188833400923867	collagen-associated	FALSE	4	280
NID1	COL24A1	0.00352089540023825	71	0.00310075514498701	0.345459958538837	0.188833400923867	linker/proteoglycan	FALSE	5	287
COL4A1	COL24A1	0.00344379979249193	71	0.00310075514498701	0.345459958538837	0.188833400923867	collagen-associated	FALSE	6	283
LAMA4	COL24A1	0.00340096885424965	71	0.00310075514498701	0.345459958538837	0.188833400923867	laminin	FALSE	7	272
HSPG2	COL24A1	0.0030713943941837	71	0.00310075514498701	0.345459958538837	0.188833400923867	linker/proteoglycan	FALSE	8	259
LAMB1	COL24A1	0.00305475470424085	71	0.00310075514498701	0.345459958538837	0.188833400923867	laminin	FALSE	9	256
LAMB2	COL24A1	0.002687462268266	71	0.00310075514498701	0.345459958538837	0.188833400923867	laminin	FALSE	10	253
NID2	PCSK9	0.00503869342526209	72	0.00309933596837604	0.411929984163242	0.188833400923867	linker/proteoglycan	FALSE	1	171
LAMC1	PCSK9	0.00495067014400402	72	0.00309933596837604	0.411929984163242	0.188833400923867	laminin	FALSE	2	235
COL18A1	PCSK9	0.00477979026126692	72	0.00309933596837604	0.411929984163242	0.188833400923867	collagen-associated	FALSE	3	247
LAMA4	PCSK9	0.00442894584625089	72	0.00309933596837604	0.411929984163242	0.188833400923867	laminin	FALSE	4	146
COL4A2	PCSK9	0.00376914976112889	72	0.00309933596837604	0.411929984163242	0.188833400923867	collagen-associated	FALSE	5	265
LAMB1	PCSK9	0.00366902966668651	72	0.00309933596837604	0.411929984163242	0.188833400923867	laminin	FALSE	6	176
NID1	PCSK9	0.00360328805552634	72	0.00309933596837604	0.411929984163242	0.188833400923867	linker/proteoglycan	FALSE	7	275
COL4A1	PCSK9	0.00340952992026011	72	0.00309933596837604	0.411929984163242	0.188833400923867	collagen-associated	FALSE	8	289
HSPG2	PCSK9	0.00309643886979145	72	0.00309933596837604	0.411929984163242	0.188833400923867	linker/proteoglycan	FALSE	9	252
LAMB2	PCSK9	0.00247399535959236	72	0.00309933596837604	0.411929984163242	0.188833400923867	laminin	FALSE	10	289
NID2	MIF	0.0665955330397495	73	0.00309728390625697	0.335800833649736	0.188833400923867	linker/proteoglycan	FALSE	1	4
COL18A1	MIF	0.0100068759019377	73	0.00309728390625697	0.335800833649736	0.188833400923867	collagen-associated	FALSE	2	33
LAMC1	MIF	0.00919822750419582	73	0.00309728390625697	0.335800833649736	0.188833400923867	laminin	FALSE	3	38
NID1	MIF	0.00888079111781041	73	0.00309728390625697	0.335800833649736	0.188833400923867	linker/proteoglycan	FALSE	4	20
COL4A2	MIF	0.00756073096341173	73	0.00309728390625697	0.335800833649736	0.188833400923867	collagen-associated	FALSE	5	25
LAMA4	MIF	0.00703170683316069	73	0.00309728390625697	0.335800833649736	0.188833400923867	laminin	FALSE	6	32
COL4A1	MIF	0.00676510712269013	73	0.00309728390625697	0.335800833649736	0.188833400923867	collagen-associated	FALSE	7	57
HSPG2	MIF	0.0064904996803723	73	0.00309728390625697	0.335800833649736	0.188833400923867	linker/proteoglycan	FALSE	8	31
LAMB1	MIF	0.00610235149881889	73	0.00309728390625697	0.335800833649736	0.188833400923867	laminin	FALSE	9	32
LAMB2	MIF	0.00531495483495523	73	0.00309728390625697	0.335800833649736	0.188833400923867	laminin	FALSE	10	35
NID2	ANGPTL2	0.0130272755497786	74	0.00309354775567248	0.412999948906845	0.188833400923867	linker/proteoglycan	FALSE	1	12
LAMA4	ANGPTL2	0.00959255318788753	74	0.00309354775567248	0.412999948906845	0.188833400923867	laminin	FALSE	2	10
NID1	ANGPTL2	0.00950377249889828	74	0.00309354775567248	0.412999948906845	0.188833400923867	linker/proteoglycan	FALSE	3	14
LAMB1	ANGPTL2	0.00890410841561105	74	0.00309354775567248	0.412999948906845	0.188833400923867	laminin	FALSE	4	12
LAMC1	ANGPTL2	0.0078395042081615	74	0.00309354775567248	0.412999948906845	0.188833400923867	laminin	FALSE	5	62
COL4A2	ANGPTL2	0.00759306294182845	74	0.00309354775567248	0.412999948906845	0.188833400923867	collagen-associated	FALSE	6	24
COL18A1	ANGPTL2	0.00667346579215413	74	0.00309354775567248	0.412999948906845	0.188833400923867	collagen-associated	FALSE	7	111
HSPG2	ANGPTL2	0.00582146817941449	74	0.00309354775567248	0.412999948906845	0.188833400923867	linker/proteoglycan	FALSE	8	42
COL4A1	ANGPTL2	0.00502668797417163	74	0.00309354775567248	0.412999948906845	0.188833400923867	collagen-associated	FALSE	9	113
LAMB2	ANGPTL2	0.00385082724748989	74	0.00309354775567248	0.412999948906845	0.188833400923867	laminin	FALSE	10	103
LAMC1	ANGPTL1	0.00489916027178171	75	0.00308484887170212	0.342192806206325	0.188833400923867	laminin	FALSE	1	241
COL18A1	ANGPTL1	0.00440722157872276	75	0.00308484887170212	0.342192806206325	0.188833400923867	collagen-associated	FALSE	2	286
NID2	ANGPTL1	0.00406115443123506	75	0.00308484887170212	0.342192806206325	0.188833400923867	linker/proteoglycan	FALSE	3	274
COL4A1	ANGPTL1	0.00388712036730296	75	0.00308484887170212	0.342192806206325	0.188833400923867	collagen-associated	FALSE	4	231
COL4A2	ANGPTL1	0.00351604806879998	75	0.00308484887170212	0.342192806206325	0.188833400923867	collagen-associated	FALSE	5	294
NID1	ANGPTL1	0.00326176660166309	75	0.00308484887170212	0.342192806206325	0.188833400923867	linker/proteoglycan	FALSE	6	307
LAMA4	ANGPTL1	0.00319026120987251	75	0.00308484887170212	0.342192806206325	0.188833400923867	laminin	FALSE	7	298
HSPG2	ANGPTL1	0.00273690041862975	75	0.00308484887170212	0.342192806206325	0.188833400923867	linker/proteoglycan	FALSE	8	303
LAMB1	ANGPTL1	0.00263002099702209	75	0.00308484887170212	0.342192806206325	0.188833400923867	laminin	FALSE	9	307
LAMB2	ANGPTL1	0.00231402110438035	75	0.00308484887170212	0.342192806206325	0.188833400923867	laminin	FALSE	10	304
COL18A1	CD99	0.00383620990174382	76	0.00308207947675735	0.356473412502902	0.188833400923867	collagen-associated	FALSE	1	316
LAMC1	CD99	0.0035585330376028	76	0.00308207947675735	0.356473412502902	0.188833400923867	laminin	FALSE	2	316
NID2	CD99	0.00328943102755235	76	0.00308207947675735	0.356473412502902	0.188833400923867	linker/proteoglycan	FALSE	3	315
NID1	CD99	0.00317523500267232	76	0.00308207947675735	0.356473412502902	0.188833400923867	linker/proteoglycan	FALSE	4	312
COL4A2	CD99	0.00309118894870753	76	0.00308207947675735	0.356473412502902	0.188833400923867	collagen-associated	FALSE	5	315
COL4A1	CD99	0.00303476073716367	76	0.00308207947675735	0.356473412502902	0.188833400923867	collagen-associated	FALSE	6	309
LAMA4	CD99	0.00293872380874543	76	0.00308207947675735	0.356473412502902	0.188833400923867	laminin	FALSE	7	312
HSPG2	CD99	0.00255856035071035	76	0.00308207947675735	0.356473412502902	0.188833400923867	linker/proteoglycan	FALSE	8	315
LAMB1	CD99	0.00250336487239962	76	0.00308207947675735	0.356473412502902	0.188833400923867	laminin	FALSE	9	315
LAMB2	CD99	0.00207751841511979	76	0.00308207947675735	0.356473412502902	0.188833400923867	laminin	FALSE	10	317
COL18A1	LAMA5	0.00599856290399559	77	0.00307526954173929	0.338929742769658	0.188833400923867	collagen-associated	FALSE	1	146
LAMC1	LAMA5	0.00571894520278016	77	0.00307526954173929	0.338929742769658	0.188833400923867	laminin	FALSE	2	164
NID2	LAMA5	0.00490508235913982	77	0.00307526954173929	0.338929742769658	0.188833400923867	linker/proteoglycan	FALSE	3	193
COL4A2	LAMA5	0.0045993918801161	77	0.00307526954173929	0.338929742769658	0.188833400923867	collagen-associated	FALSE	4	157
COL4A1	LAMA5	0.00453448228339703	77	0.00307526954173929	0.338929742769658	0.188833400923867	collagen-associated	FALSE	5	160
NID1	LAMA5	0.00422855252117723	77	0.00307526954173929	0.338929742769658	0.188833400923867	linker/proteoglycan	FALSE	6	205
LAMA4	LAMA5	0.0040249288816369	77	0.00307526954173929	0.338929742769658	0.188833400923867	laminin	FALSE	7	186
LAMB1	LAMA5	0.0037452087543077	77	0.00307526954173929	0.338929742769658	0.188833400923867	laminin	FALSE	8	170
HSPG2	LAMA5	0.00365455478158608	77	0.00307526954173929	0.338929742769658	0.188833400923867	linker/proteoglycan	FALSE	9	190
LAMB2	LAMA5	0.00318815319838105	77	0.00307526954173929	0.338929742769658	0.188833400923867	laminin	FALSE	10	183
NID2	CDCP1	0.00556227877042358	78	0.0030475610140741	0.333806349220873	0.188833400923867	linker/proteoglycan	FALSE	1	132
COL4A1	CDCP1	0.00536196018267761	78	0.0030475610140741	0.333806349220873	0.188833400923867	collagen-associated	FALSE	2	94
LAMC1	CDCP1	0.00500757419162913	78	0.0030475610140741	0.333806349220873	0.188833400923867	laminin	FALSE	3	229
COL18A1	CDCP1	0.00484739923860228	78	0.0030475610140741	0.333806349220873	0.188833400923867	collagen-associated	FALSE	4	236
NID1	CDCP1	0.00444067679870401	78	0.0030475610140741	0.333806349220873	0.188833400923867	linker/proteoglycan	FALSE	5	185
LAMB1	CDCP1	0.0042149173239796	78	0.0030475610140741	0.333806349220873	0.188833400923867	laminin	FALSE	6	121
LAMB2	CDCP1	0.00410446337507449	78	0.0030475610140741	0.333806349220873	0.188833400923867	laminin	FALSE	7	79
LAMA4	CDCP1	0.00398751256505394	78	0.0030475610140741	0.333806349220873	0.188833400923867	laminin	FALSE	8	192
COL4A2	CDCP1	0.00389008064924279	78	0.0030475610140741	0.333806349220873	0.188833400923867	collagen-associated	FALSE	9	249
HSPG2	CDCP1	0.00307355081604344	78	0.0030475610140741	0.333806349220873	0.188833400923867	linker/proteoglycan	FALSE	10	258
LAMC1	PSAP	0.00694362761089181	79	0.00303396467943167	0.313759592915169	0.188833400923867	laminin	FALSE	1	89
COL4A2	PSAP	0.00627118561809986	79	0.00303396467943167	0.313759592915169	0.188833400923867	collagen-associated	FALSE	2	56
COL18A1	PSAP	0.006204078738144	79	0.00303396467943167	0.313759592915169	0.188833400923867	collagen-associated	FALSE	3	137
NID1	PSAP	0.00613279041489496	79	0.00303396467943167	0.313759592915169	0.188833400923867	linker/proteoglycan	FALSE	4	72
COL4A1	PSAP	0.00580934957768496	79	0.00303396467943167	0.313759592915169	0.188833400923867	collagen-associated	FALSE	5	81
NID2	PSAP	0.00548736601881449	79	0.00303396467943167	0.313759592915169	0.188833400923867	linker/proteoglycan	FALSE	6	136
LAMB1	PSAP	0.00540780815889928	79	0.00303396467943167	0.313759592915169	0.188833400923867	laminin	FALSE	7	55
LAMA4	PSAP	0.00473181338682189	79	0.00303396467943167	0.313759592915169	0.188833400923867	laminin	FALSE	8	124
LAMB2	PSAP	0.00463565803999913	79	0.00303396467943167	0.313759592915169	0.188833400923867	laminin	FALSE	9	57
HSPG2	PSAP	0.00432065808952605	79	0.00303396467943167	0.313759592915169	0.188833400923867	linker/proteoglycan	FALSE	10	130
NID2	LUM	0.00496389808013152	80	0.00302031089947049	0.331815317702808	0.188833400923867	linker/proteoglycan	FALSE	1	182
COL18A1	LUM	0.00486098533597872	80	0.00302031089947049	0.331815317702808	0.188833400923867	collagen-associated	FALSE	2	235
LAMC1	LUM	0.00468624418267083	80	0.00302031089947049	0.331815317702808	0.188833400923867	laminin	FALSE	3	260
COL4A2	LUM	0.00406534204064965	80	0.00302031089947049	0.331815317702808	0.188833400923867	collagen-associated	FALSE	4	227
COL4A1	LUM	0.00388459475081393	80	0.00302031089947049	0.331815317702808	0.188833400923867	collagen-associated	FALSE	5	232
NID1	LUM	0.00376778054228332	80	0.00302031089947049	0.331815317702808	0.188833400923867	linker/proteoglycan	FALSE	6	257
LAMA4	LUM	0.003371307348622	80	0.00302031089947049	0.331815317702808	0.188833400923867	laminin	FALSE	7	273
HSPG2	LUM	0.00319949661077766	80	0.00302031089947049	0.331815317702808	0.188833400923867	linker/proteoglycan	FALSE	8	234
LAMB1	LUM	0.00303780366256112	80	0.00302031089947049	0.331815317702808	0.188833400923867	laminin	FALSE	9	260
LAMB2	LUM	0.00287156978737834	80	0.00302031089947049	0.331815317702808	0.188833400923867	laminin	FALSE	10	229
NID2	LAMB2	0.0062162033917778	81	0.00301455614301407	0.329825552298989	0.188833400923867	linker/proteoglycan	FALSE	1	89
LAMC1	LAMB2	0.00593487110951171	81	0.00301455614301407	0.329825552298989	0.188833400923867	laminin	FALSE	2	147
COL18A1	LAMB2	0.00582016704250297	81	0.00301455614301407	0.329825552298989	0.188833400923867	collagen-associated	FALSE	3	161
NID1	LAMB2	0.0052298818995413	81	0.00301455614301407	0.329825552298989	0.188833400923867	linker/proteoglycan	FALSE	4	120
COL4A1	LAMB2	0.00509883655595051	81	0.00301455614301407	0.329825552298989	0.188833400923867	collagen-associated	FALSE	5	108
LAMB1	LAMB2	0.00473847304867427	81	0.00301455614301407	0.329825552298989	0.188833400923867	laminin	FALSE	6	91
LAMA4	LAMB2	0.00468088871220321	81	0.00301455614301407	0.329825552298989	0.188833400923867	laminin	FALSE	7	129
COL4A2	LAMB2	0.00457017062048019	81	0.00301455614301407	0.329825552298989	0.188833400923867	collagen-associated	FALSE	8	162
HSPG2	LAMB2	0.00419288933617912	81	0.00301455614301407	0.329825552298989	0.188833400923867	linker/proteoglycan	FALSE	9	138
LAMB2	LAMB2	0.00402232132676538	81	0.00301455614301407	0.329825552298989	0.188833400923867	laminin	FALSE	10	85
COL4A1	PRG4	0.00666747840593188	82	0.00299367813199685	0.309215336322673	0.188833400923867	collagen-associated	FALSE	1	60
NID1	PRG4	0.00623935377253397	82	0.00299367813199685	0.309215336322673	0.188833400923867	linker/proteoglycan	FALSE	2	64
COL18A1	PRG4	0.00595632526232762	82	0.00299367813199685	0.309215336322673	0.188833400923867	collagen-associated	FALSE	3	149
LAMC1	PRG4	0.00571265310760103	82	0.00299367813199685	0.309215336322673	0.188833400923867	laminin	FALSE	4	166
NID2	PRG4	0.00564628601383126	82	0.00299367813199685	0.309215336322673	0.188833400923867	linker/proteoglycan	FALSE	5	127
COL4A2	PRG4	0.00488591158391886	82	0.00299367813199685	0.309215336322673	0.188833400923867	collagen-associated	FALSE	6	126
LAMB1	PRG4	0.00467251770640807	82	0.00299367813199685	0.309215336322673	0.188833400923867	laminin	FALSE	7	96
LAMB2	PRG4	0.0042731673867631	82	0.00299367813199685	0.309215336322673	0.188833400923867	laminin	FALSE	8	68
LAMA4	PRG4	0.00406313757815407	82	0.00299367813199685	0.309215336322673	0.188833400923867	laminin	FALSE	9	181
HSPG2	PRG4	0.00337660297385091	82	0.00299367813199685	0.309215336322673	0.188833400923867	linker/proteoglycan	FALSE	10	219
COL18A1	COL27A1	0.0048761577187553	83	0.00298735083947709	0.325317326799094	0.188833400923867	collagen-associated	FALSE	1	232
NID2	COL27A1	0.00450719429746358	83	0.00298735083947709	0.325317326799094	0.188833400923867	linker/proteoglycan	FALSE	2	236
LAMC1	COL27A1	0.00433962905183231	83	0.00298735083947709	0.325317326799094	0.188833400923867	laminin	FALSE	3	294
COL4A1	COL27A1	0.00395592783188775	83	0.00298735083947709	0.325317326799094	0.188833400923867	collagen-associated	FALSE	4	227
COL4A2	COL27A1	0.00355646097662911	83	0.00298735083947709	0.325317326799094	0.188833400923867	collagen-associated	FALSE	5	290
NID1	COL27A1	0.00351930679993936	83	0.00298735083947709	0.325317326799094	0.188833400923867	linker/proteoglycan	FALSE	6	288
LAMA4	COL27A1	0.00330916323401132	83	0.00298735083947709	0.325317326799094	0.188833400923867	laminin	FALSE	7	282
HSPG2	COL27A1	0.00295208898070332	83	0.00298735083947709	0.325317326799094	0.188833400923867	linker/proteoglycan	FALSE	8	276
LAMB1	COL27A1	0.00291244510461096	83	0.00298735083947709	0.325317326799094	0.188833400923867	laminin	FALSE	9	278
LAMB2	COL27A1	0.0025688959480959	83	0.00298735083947709	0.325317326799094	0.188833400923867	laminin	FALSE	10	275
COL18A1	GDF10	0.00551943063596053	84	0.00297792173466052	0.348690498786576	0.188833400923867	collagen-associated	FALSE	1	182
LAMC1	GDF10	0.00533104259741404	84	0.00297792173466052	0.348690498786576	0.188833400923867	laminin	FALSE	2	205
NID2	GDF10	0.00466854489407198	84	0.00297792173466052	0.348690498786576	0.188833400923867	linker/proteoglycan	FALSE	3	223
COL4A1	GDF10	0.00441544576737139	84	0.00297792173466052	0.348690498786576	0.188833400923867	collagen-associated	FALSE	4	174
COL4A2	GDF10	0.00409475764866219	84	0.00297792173466052	0.348690498786576	0.188833400923867	collagen-associated	FALSE	5	219
NID1	GDF10	0.00403470858293669	84	0.00297792173466052	0.348690498786576	0.188833400923867	linker/proteoglycan	FALSE	6	224
LAMA4	GDF10	0.00363132082691568	84	0.00297792173466052	0.348690498786576	0.188833400923867	laminin	FALSE	7	231
HSPG2	GDF10	0.00330203521253871	84	0.00297792173466052	0.348690498786576	0.188833400923867	linker/proteoglycan	FALSE	8	224
LAMB1	GDF10	0.00303521226824414	84	0.00297792173466052	0.348690498786576	0.188833400923867	laminin	FALSE	9	261
LAMB2	GDF10	0.00240299078073826	84	0.00297792173466052	0.348690498786576	0.188833400923867	laminin	FALSE	10	294
LAMC1	FGG	0.00734802561611148	85	0.0029654474254062	0.322189869380009	0.188833400923867	laminin	FALSE	1	75
COL4A2	FGG	0.0057332503348475	85	0.0029654474254062	0.322189869380009	0.188833400923867	collagen-associated	FALSE	2	76
COL18A1	FGG	0.00569986915532743	85	0.0029654474254062	0.322189869380009	0.188833400923867	collagen-associated	FALSE	3	171
COL4A1	FGG	0.0052898894628727	85	0.0029654474254062	0.322189869380009	0.188833400923867	collagen-associated	FALSE	4	95
NID2	FGG	0.00489914806473074	85	0.0029654474254062	0.322189869380009	0.188833400923867	linker/proteoglycan	FALSE	5	194
NID1	FGG	0.00475538294160137	85	0.0029654474254062	0.322189869380009	0.188833400923867	linker/proteoglycan	FALSE	6	161
LAMB1	FGG	0.00451515790534475	85	0.0029654474254062	0.322189869380009	0.188833400923867	laminin	FALSE	7	103
HSPG2	FGG	0.00435745343672482	85	0.0029654474254062	0.322189869380009	0.188833400923867	linker/proteoglycan	FALSE	8	126
LAMB2	FGG	0.00425942487139648	85	0.0029654474254062	0.322189869380009	0.188833400923867	laminin	FALSE	9	69
LAMA4	FGG	0.00416989387599047	85	0.0029654474254062	0.322189869380009	0.188833400923867	laminin	FALSE	10	174
LAMC1	EREG	0.00574530449816394	86	0.00295104705309112	0.3071605409085	0.188833400923867	laminin	FALSE	1	161
NID2	EREG	0.00551624259531285	86	0.00295104705309112	0.3071605409085	0.188833400923867	linker/proteoglycan	FALSE	2	133
COL18A1	EREG	0.00443567032881984	86	0.00295104705309112	0.3071605409085	0.188833400923867	collagen-associated	FALSE	3	281
COL4A2	EREG	0.00438537317891229	86	0.00295104705309112	0.3071605409085	0.188833400923867	collagen-associated	FALSE	4	186
NID1	EREG	0.00437225190422031	86	0.00295104705309112	0.3071605409085	0.188833400923867	linker/proteoglycan	FALSE	5	191
LAMA4	EREG	0.00429886489414008	86	0.00295104705309112	0.3071605409085	0.188833400923867	laminin	FALSE	6	161
LAMB1	EREG	0.00427425473588619	86	0.00295104705309112	0.3071605409085	0.188833400923867	laminin	FALSE	7	116
COL4A1	EREG	0.00402406224074851	86	0.00295104705309112	0.3071605409085	0.188833400923867	collagen-associated	FALSE	8	218
LAMB2	EREG	0.00373816118571878	86	0.00295104705309112	0.3071605409085	0.188833400923867	laminin	FALSE	9	117
HSPG2	EREG	0.00356425416705925	86	0.00295104705309112	0.3071605409085	0.188833400923867	linker/proteoglycan	FALSE	10	198
COL18A1	BMP6	0.0101399688135524	87	0.00294857168099897	0.30097143325098	0.188833400923867	collagen-associated	FALSE	1	31
LAMC1	BMP6	0.00972161218737728	87	0.00294857168099897	0.30097143325098	0.188833400923867	laminin	FALSE	2	32
NID2	BMP6	0.0083711370763567	87	0.00294857168099897	0.30097143325098	0.188833400923867	linker/proteoglycan	FALSE	3	40
COL4A1	BMP6	0.00809224393514728	87	0.00294857168099897	0.30097143325098	0.188833400923867	collagen-associated	FALSE	4	39
COL4A2	BMP6	0.00743578006976199	87	0.00294857168099897	0.30097143325098	0.188833400923867	collagen-associated	FALSE	5	28
NID1	BMP6	0.00613807628296275	87	0.00294857168099897	0.30097143325098	0.188833400923867	linker/proteoglycan	FALSE	6	71
LAMA4	BMP6	0.00561752027584993	87	0.00294857168099897	0.30097143325098	0.188833400923867	laminin	FALSE	7	71
LAMB1	BMP6	0.00557441118034748	87	0.00294857168099897	0.30097143325098	0.188833400923867	laminin	FALSE	8	51
HSPG2	BMP6	0.00503647369942373	87	0.00294857168099897	0.30097143325098	0.188833400923867	linker/proteoglycan	FALSE	9	77
LAMB2	BMP6	0.00484016672161743	87	0.00294857168099897	0.30097143325098	0.188833400923867	laminin	FALSE	10	50
LAMC1	C1QA	0.00483697921760725	88	0.00293463641700664	0.320336480206583	0.188833400923867	laminin	FALSE	1	248
NID2	C1QA	0.00480743111541771	88	0.00293463641700664	0.320336480206583	0.188833400923867	linker/proteoglycan	FALSE	2	207
COL18A1	C1QA	0.0046292110108966	88	0.00293463641700664	0.320336480206583	0.188833400923867	collagen-associated	FALSE	3	262
NID1	C1QA	0.00430354529623482	88	0.00293463641700664	0.320336480206583	0.188833400923867	linker/proteoglycan	FALSE	4	199
COL4A1	C1QA	0.00387976000643293	88	0.00293463641700664	0.320336480206583	0.188833400923867	collagen-associated	FALSE	5	233
COL4A2	C1QA	0.00381834631890837	88	0.00293463641700664	0.320336480206583	0.188833400923867	collagen-associated	FALSE	6	256
LAMA4	C1QA	0.00340373600249578	88	0.00293463641700664	0.320336480206583	0.188833400923867	laminin	FALSE	7	270
LAMB1	C1QA	0.00333112023224107	88	0.00293463641700664	0.320336480206583	0.188833400923867	laminin	FALSE	8	212
LAMB2	C1QA	0.00301843483856718	88	0.00293463641700664	0.320336480206583	0.188833400923867	laminin	FALSE	9	206
HSPG2	C1QA	0.00288508641570071	88	0.00293463641700664	0.320336480206583	0.188833400923867	linker/proteoglycan	FALSE	10	284
COL18A1	CD55	0.00476263326101935	89	0.00293020233910802	0.298400307212372	0.188833400923867	collagen-associated	FALSE	1	250
LAMC1	CD55	0.00471168959590074	89	0.00293020233910802	0.298400307212372	0.188833400923867	laminin	FALSE	2	259
NID2	CD55	0.00433496382631052	89	0.00293020233910802	0.298400307212372	0.188833400923867	linker/proteoglycan	FALSE	3	251
NID1	CD55	0.00422178998159276	89	0.00293020233910802	0.298400307212372	0.188833400923867	linker/proteoglycan	FALSE	4	206
COL4A2	CD55	0.00390903314719626	89	0.00293020233910802	0.298400307212372	0.188833400923867	collagen-associated	FALSE	5	247
LAMA4	CD55	0.00350666272640889	89	0.00293020233910802	0.298400307212372	0.188833400923867	laminin	FALSE	6	253
HSPG2	CD55	0.00316383708166507	89	0.00293020233910802	0.298400307212372	0.188833400923867	linker/proteoglycan	FALSE	7	242
COL4A1	CD55	0.00313588003611504	89	0.00293020233910802	0.298400307212372	0.188833400923867	collagen-associated	FALSE	8	304
LAMB1	CD55	0.00298451988126739	89	0.00293020233910802	0.298400307212372	0.188833400923867	laminin	FALSE	9	267
LAMB2	CD55	0.00269173484543213	89	0.00293020233910802	0.298400307212372	0.188833400923867	laminin	FALSE	10	251
NID2	ANG	0.00770438830504847	90	0.00292494521264062	0.320628242966617	0.188833400923867	linker/proteoglycan	FALSE	1	51
COL18A1	ANG	0.00764708594659066	90	0.00292494521264062	0.320628242966617	0.188833400923867	collagen-associated	FALSE	2	72
LAMA4	ANG	0.00666528289828865	90	0.00292494521264062	0.320628242966617	0.188833400923867	laminin	FALSE	3	39
LAMC1	ANG	0.00587886123880095	90	0.00292494521264062	0.320628242966617	0.188833400923867	laminin	FALSE	4	152
NID1	ANG	0.00565007300557861	90	0.00292494521264062	0.320628242966617	0.188833400923867	linker/proteoglycan	FALSE	5	97
LAMB1	ANG	0.00508214446977015	90	0.00292494521264062	0.320628242966617	0.188833400923867	laminin	FALSE	6	69
COL4A1	ANG	0.00463609694530925	90	0.00292494521264062	0.320628242966617	0.188833400923867	collagen-associated	FALSE	7	155
COL4A2	ANG	0.00457375585676796	90	0.00292494521264062	0.320628242966617	0.188833400923867	collagen-associated	FALSE	8	160
HSPG2	ANG	0.00451765753443384	90	0.00292494521264062	0.320628242966617	0.188833400923867	linker/proteoglycan	FALSE	9	112
LAMB2	ANG	0.00382965942434944	90	0.00292494521264062	0.320628242966617	0.188833400923867	laminin	FALSE	10	106
LAMC1	CNTN6	0.00491980162983454	91	0.00290872351392569	0.310287865812238	0.188833400923867	laminin	FALSE	1	239
COL18A1	CNTN6	0.0043583325363081	91	0.00290872351392569	0.310287865812238	0.188833400923867	collagen-associated	FALSE	2	291
NID1	CNTN6	0.0037829000860667	91	0.00290872351392569	0.310287865812238	0.188833400923867	linker/proteoglycan	FALSE	3	254
NID2	CNTN6	0.00377506471455256	91	0.00290872351392569	0.310287865812238	0.188833400923867	linker/proteoglycan	FALSE	4	295
COL4A1	CNTN6	0.00377352730670885	91	0.00290872351392569	0.310287865812238	0.188833400923867	collagen-associated	FALSE	5	246
COL4A2	CNTN6	0.00364579885560619	91	0.00290872351392569	0.310287865812238	0.188833400923867	collagen-associated	FALSE	6	283
LAMA4	CNTN6	0.00335485633162497	91	0.00290872351392569	0.310287865812238	0.188833400923867	laminin	FALSE	7	277
LAMB1	CNTN6	0.00316381571022243	91	0.00290872351392569	0.310287865812238	0.188833400923867	laminin	FALSE	8	243
HSPG2	CNTN6	0.00267038974734287	91	0.00290872351392569	0.310287865812238	0.188833400923867	linker/proteoglycan	FALSE	9	309
LAMB2	CNTN6	0.00239796634175489	91	0.00290872351392569	0.310287865812238	0.188833400923867	laminin	FALSE	10	295
COL18A1	COL6A1	0.00648055394399606	92	0.0029027887295958	0.323568412161652	0.188833400923867	collagen-associated	FALSE	1	122
LAMC1	COL6A1	0.00536673988321406	92	0.0029027887295958	0.323568412161652	0.188833400923867	laminin	FALSE	2	200
NID2	COL6A1	0.00507778893163215	92	0.0029027887295958	0.323568412161652	0.188833400923867	linker/proteoglycan	FALSE	3	168
COL4A1	COL6A1	0.00432706611934475	92	0.0029027887295958	0.323568412161652	0.188833400923867	collagen-associated	FALSE	4	184
COL4A2	COL6A1	0.00425293728959734	92	0.0029027887295958	0.323568412161652	0.188833400923867	collagen-associated	FALSE	5	199
NID1	COL6A1	0.00394457420294554	92	0.0029027887295958	0.323568412161652	0.188833400923867	linker/proteoglycan	FALSE	6	231
HSPG2	COL6A1	0.00367898033483932	92	0.0029027887295958	0.323568412161652	0.188833400923867	linker/proteoglycan	FALSE	7	187
LAMA4	COL6A1	0.00341234857998996	92	0.0029027887295958	0.323568412161652	0.188833400923867	laminin	FALSE	8	266
LAMB1	COL6A1	0.00319780053104786	92	0.0029027887295958	0.323568412161652	0.188833400923867	laminin	FALSE	9	236
LAMB2	COL6A1	0.00293302407756742	92	0.0029027887295958	0.323568412161652	0.188833400923867	laminin	FALSE	10	220
COL18A1	THY1	0.00578562761923223	93	0.00289690938209391	0.286294754893824	0.188833400923867	collagen-associated	FALSE	1	164
LAMC1	THY1	0.00480368723993563	93	0.00289690938209391	0.286294754893824	0.188833400923867	laminin	FALSE	2	253
COL4A2	THY1	0.00457713812666361	93	0.00289690938209391	0.286294754893824	0.188833400923867	collagen-associated	FALSE	3	159
NID2	THY1	0.00444395014846002	93	0.00289690938209391	0.286294754893824	0.188833400923867	linker/proteoglycan	FALSE	4	244
COL4A1	THY1	0.00430621048269603	93	0.00289690938209391	0.286294754893824	0.188833400923867	collagen-associated	FALSE	5	187
HSPG2	THY1	0.00396946985456058	93	0.00289690938209391	0.286294754893824	0.188833400923867	linker/proteoglycan	FALSE	6	155
LAMA4	THY1	0.00385892192625029	93	0.00289690938209391	0.286294754893824	0.188833400923867	laminin	FALSE	7	208
NID1	THY1	0.00375635722069692	93	0.00289690938209391	0.286294754893824	0.188833400923867	linker/proteoglycan	FALSE	8	260
LAMB1	THY1	0.00310992416610915	93	0.00289690938209391	0.286294754893824	0.188833400923867	laminin	FALSE	9	246
LAMB2	THY1	0.00293429918221603	93	0.00289690938209391	0.286294754893824	0.188833400923867	laminin	FALSE	10	219
COL18A1	F8	0.00405145032461479	94	0.00289623374917465	0.416700030715373	0.188833400923867	collagen-associated	FALSE	1	307
LAMC1	F8	0.00393737505200372	94	0.00289623374917465	0.416700030715373	0.188833400923867	laminin	FALSE	2	311
NID2	F8	0.00354606496322081	94	0.00289623374917465	0.416700030715373	0.188833400923867	linker/proteoglycan	FALSE	3	309
COL4A2	F8	0.00333326468507187	94	0.00289623374917465	0.416700030715373	0.188833400923867	collagen-associated	FALSE	4	308
NID1	F8	0.00329931168554521	94	0.00289623374917465	0.416700030715373	0.188833400923867	linker/proteoglycan	FALSE	5	305
COL4A1	F8	0.00308553287957576	94	0.00289623374917465	0.416700030715373	0.188833400923867	collagen-associated	FALSE	6	308
LAMA4	F8	0.00297756394540499	94	0.00289623374917465	0.416700030715373	0.188833400923867	laminin	FALSE	7	309
HSPG2	F8	0.00270544815773686	94	0.00289623374917465	0.416700030715373	0.188833400923867	linker/proteoglycan	FALSE	8	307
LAMB1	F8	0.00254883095200852	94	0.00289623374917465	0.416700030715373	0.188833400923867	laminin	FALSE	9	311
LAMB2	F8	0.00244738052876162	94	0.00289623374917465	0.416700030715373	0.188833400923867	laminin	FALSE	10	292
LAMC1	ANXA1	0.0054181001542597	95	0.00289305511065269	0.309818894218751	0.188833400923867	laminin	FALSE	1	195
COL18A1	ANXA1	0.00519070338556587	95	0.00289305511065269	0.309818894218751	0.188833400923867	collagen-associated	FALSE	2	207
NID2	ANXA1	0.00499331138871688	95	0.00289305511065269	0.309818894218751	0.188833400923867	linker/proteoglycan	FALSE	3	176
NID1	ANXA1	0.00486381743612251	95	0.00289305511065269	0.309818894218751	0.188833400923867	linker/proteoglycan	FALSE	4	148
COL4A2	ANXA1	0.00449330408753121	95	0.00289305511065269	0.309818894218751	0.188833400923867	collagen-associated	FALSE	5	176
COL4A1	ANXA1	0.00447105273768499	95	0.00289305511065269	0.309818894218751	0.188833400923867	collagen-associated	FALSE	6	169
LAMA4	ANXA1	0.00405292258397524	95	0.00289305511065269	0.309818894218751	0.188833400923867	laminin	FALSE	7	184
HSPG2	ANXA1	0.00377619731447309	95	0.00289305511065269	0.309818894218751	0.188833400923867	linker/proteoglycan	FALSE	8	175
LAMB2	ANXA1	0.00332359821475457	95	0.00289305511065269	0.309818894218751	0.188833400923867	laminin	FALSE	9	163
LAMB1	ANXA1	0.00329142839952489	95	0.00289305511065269	0.309818894218751	0.188833400923867	laminin	FALSE	10	221
COL18A1	NEGR1	0.00595495509136541	96	0.00289194215653512	0.308314390653611	0.188833400923867	collagen-associated	FALSE	1	150
LAMC1	NEGR1	0.00431034253365498	96	0.00289194215653512	0.308314390653611	0.188833400923867	laminin	FALSE	2	295
COL4A2	NEGR1	0.00410944710179406	96	0.00289194215653512	0.308314390653611	0.188833400923867	collagen-associated	FALSE	3	215
COL4A1	NEGR1	0.0040164165948296	96	0.00289194215653512	0.308314390653611	0.188833400923867	collagen-associated	FALSE	4	219
NID2	NEGR1	0.00370816606729465	96	0.00289194215653512	0.308314390653611	0.188833400923867	linker/proteoglycan	FALSE	5	298
NID1	NEGR1	0.00343542594112448	96	0.00289194215653512	0.308314390653611	0.188833400923867	linker/proteoglycan	FALSE	6	294
LAMA4	NEGR1	0.00320332007074689	96	0.00289194215653512	0.308314390653611	0.188833400923867	laminin	FALSE	7	296
LAMB1	NEGR1	0.00294013508932389	96	0.00289194215653512	0.308314390653611	0.188833400923867	laminin	FALSE	8	271
HSPG2	NEGR1	0.00289025304225544	96	0.00289194215653512	0.308314390653611	0.188833400923867	linker/proteoglycan	FALSE	9	282
LAMB2	NEGR1	0.00267324551158395	96	0.00289194215653512	0.308314390653611	0.188833400923867	laminin	FALSE	10	259
LAMC1	VWF	0.00641261211861636	97	0.00286653126158164	0.281652383020122	0.188833400923867	laminin	FALSE	1	123
COL18A1	VWF	0.00531364289658926	97	0.00286653126158164	0.281652383020122	0.188833400923867	collagen-associated	FALSE	2	199
NID2	VWF	0.00501533756640475	97	0.00286653126158164	0.281652383020122	0.188833400923867	linker/proteoglycan	FALSE	3	175
NID1	VWF	0.00501291077810022	97	0.00286653126158164	0.281652383020122	0.188833400923867	linker/proteoglycan	FALSE	4	136
COL4A2	VWF	0.00487631513792068	97	0.00286653126158164	0.281652383020122	0.188833400923867	collagen-associated	FALSE	5	128
COL4A1	VWF	0.00486435919528146	97	0.00286653126158164	0.281652383020122	0.188833400923867	collagen-associated	FALSE	6	132
LAMB1	VWF	0.00427135416312751	97	0.00286653126158164	0.281652383020122	0.188833400923867	laminin	FALSE	7	117
LAMA4	VWF	0.00402348893420045	97	0.00286653126158164	0.281652383020122	0.188833400923867	laminin	FALSE	8	187
HSPG2	VWF	0.00375835469991422	97	0.00286653126158164	0.281652383020122	0.188833400923867	linker/proteoglycan	FALSE	9	176
LAMB2	VWF	0.00372911800181101	97	0.00286653126158164	0.281652383020122	0.188833400923867	laminin	FALSE	10	118
COL18A1	COL5A2	0.00534817855434698	98	0.00286311006896892	0.322221292439365	0.188833400923867	collagen-associated	FALSE	1	195
LAMC1	COL5A2	0.00493720324123087	98	0.00286311006896892	0.322221292439365	0.188833400923867	laminin	FALSE	2	237
NID2	COL5A2	0.00489544624750004	98	0.00286311006896892	0.322221292439365	0.188833400923867	linker/proteoglycan	FALSE	3	195
COL4A1	COL5A2	0.00417561895239277	98	0.00286311006896892	0.322221292439365	0.188833400923867	collagen-associated	FALSE	4	203
NID1	COL5A2	0.00379254354842524	98	0.00286311006896892	0.322221292439365	0.188833400923867	linker/proteoglycan	FALSE	5	253
COL4A2	COL5A2	0.00370584806977154	98	0.00286311006896892	0.322221292439365	0.188833400923867	collagen-associated	FALSE	6	274
LAMA4	COL5A2	0.00335901351043959	98	0.00286311006896892	0.322221292439365	0.188833400923867	laminin	FALSE	7	276
HSPG2	COL5A2	0.00309486035303658	98	0.00286311006896892	0.322221292439365	0.188833400923867	linker/proteoglycan	FALSE	8	253
LAMB1	COL5A2	0.00301082367990164	98	0.00286311006896892	0.322221292439365	0.188833400923867	laminin	FALSE	9	264
LAMB2	COL5A2	0.00267685340443304	98	0.00286311006896892	0.322221292439365	0.188833400923867	laminin	FALSE	10	256
COL18A1	COL14A1	0.00480420575123873	99	0.00286092470463012	0.30437196855442	0.188833400923867	collagen-associated	FALSE	1	242
NID2	COL14A1	0.00437764813736867	99	0.00286092470463012	0.30437196855442	0.188833400923867	linker/proteoglycan	FALSE	2	249
LAMC1	COL14A1	0.00434083439096008	99	0.00286092470463012	0.30437196855442	0.188833400923867	laminin	FALSE	3	293
COL4A1	COL14A1	0.00387648609544162	99	0.00286092470463012	0.30437196855442	0.188833400923867	collagen-associated	FALSE	4	234
COL4A2	COL14A1	0.00357252808893915	99	0.00286092470463012	0.30437196855442	0.188833400923867	collagen-associated	FALSE	5	288
NID1	COL14A1	0.00350424763930592	99	0.00286092470463012	0.30437196855442	0.188833400923867	linker/proteoglycan	FALSE	6	289
LAMA4	COL14A1	0.00333563211379335	99	0.00286092470463012	0.30437196855442	0.188833400923867	laminin	FALSE	7	278
HSPG2	COL14A1	0.00298067527403581	99	0.00286092470463012	0.30437196855442	0.188833400923867	linker/proteoglycan	FALSE	8	273
LAMB1	COL14A1	0.00290431894120084	99	0.00286092470463012	0.30437196855442	0.188833400923867	laminin	FALSE	9	280
LAMB2	COL14A1	0.00260989813737725	99	0.00286092470463012	0.30437196855442	0.188833400923867	laminin	FALSE	10	267
COL18A1	ATP1B1	0.00406837785342311	100	0.00285192534310347	0.320852026681828	0.188833400923867	collagen-associated	FALSE	1	305
LAMC1	ATP1B1	0.00366276156074848	100	0.00285192534310347	0.320852026681828	0.188833400923867	laminin	FALSE	2	315
NID2	ATP1B1	0.00319641275139154	100	0.00285192534310347	0.320852026681828	0.188833400923867	linker/proteoglycan	FALSE	3	316
COL4A2	ATP1B1	0.00317048907841247	100	0.00285192534310347	0.320852026681828	0.188833400923867	collagen-associated	FALSE	4	312
COL4A1	ATP1B1	0.0030223810578393	100	0.00285192534310347	0.320852026681828	0.188833400923867	collagen-associated	FALSE	5	310
NID1	ATP1B1	0.00300521891378818	100	0.00285192534310347	0.320852026681828	0.188833400923867	linker/proteoglycan	FALSE	6	317
LAMA4	ATP1B1	0.00290605411514602	100	0.00285192534310347	0.320852026681828	0.188833400923867	laminin	FALSE	7	314
HSPG2	ATP1B1	0.00270626706424197	100	0.00285192534310347	0.320852026681828	0.188833400923867	linker/proteoglycan	FALSE	8	306
LAMB1	ATP1B1	0.00254434266032373	100	0.00285192534310347	0.320852026681828	0.188833400923867	laminin	FALSE	9	312
LAMB2	ATP1B1	0.00223535429632365	100	0.00285192534310347	0.320852026681828	0.188833400923867	laminin	FALSE	10	314
COL18A1	COL3A1	0.00712025142753427	101	0.00283501868069752	0.29892450905252	0.188833400923867	collagen-associated	FALSE	1	89
LAMC1	COL3A1	0.00640809391448474	101	0.00283501868069752	0.29892450905252	0.188833400923867	laminin	FALSE	2	124
NID2	COL3A1	0.00521027075812438	101	0.00283501868069752	0.29892450905252	0.188833400923867	linker/proteoglycan	FALSE	3	152
COL4A1	COL3A1	0.00492885432183496	101	0.00283501868069752	0.29892450905252	0.188833400923867	collagen-associated	FALSE	4	125
COL4A2	COL3A1	0.00472890953537285	101	0.00283501868069752	0.29892450905252	0.188833400923867	collagen-associated	FALSE	5	142
LAMA4	COL3A1	0.00424285419327339	101	0.00283501868069752	0.29892450905252	0.188833400923867	laminin	FALSE	6	170
LAMB1	COL3A1	0.0042158149341504	101	0.00283501868069752	0.29892450905252	0.188833400923867	laminin	FALSE	7	120
NID1	COL3A1	0.00408709128215271	101	0.00283501868069752	0.29892450905252	0.188833400923867	linker/proteoglycan	FALSE	8	219
HSPG2	COL3A1	0.00402773445917147	101	0.00283501868069752	0.29892450905252	0.188833400923867	linker/proteoglycan	FALSE	9	152
LAMB2	COL3A1	0.00367021996345842	101	0.00283501868069752	0.29892450905252	0.188833400923867	laminin	FALSE	10	129
COL18A1	COL4A4	0.00457953318363046	102	0.00282948106766507	0.314991895753905	0.188833400923867	collagen-associated	FALSE	1	266
LAMC1	COL4A4	0.00442173845228795	102	0.00282948106766507	0.314991895753905	0.188833400923867	laminin	FALSE	2	284
NID2	COL4A4	0.00440240297510982	102	0.00282948106766507	0.314991895753905	0.188833400923867	linker/proteoglycan	FALSE	3	247
COL4A1	COL4A4	0.00396746907443317	102	0.00282948106766507	0.314991895753905	0.188833400923867	collagen-associated	FALSE	4	225
COL4A2	COL4A4	0.00367302934625554	102	0.00282948106766507	0.314991895753905	0.188833400923867	collagen-associated	FALSE	5	279
NID1	COL4A4	0.00345735417364191	102	0.00282948106766507	0.314991895753905	0.188833400923867	linker/proteoglycan	FALSE	6	291
LAMA4	COL4A4	0.00329072216097934	102	0.00282948106766507	0.314991895753905	0.188833400923867	laminin	FALSE	7	285
HSPG2	COL4A4	0.00308588636310947	102	0.00282948106766507	0.314991895753905	0.188833400923867	linker/proteoglycan	FALSE	8	256
LAMB1	COL4A4	0.00293120824365171	102	0.00282948106766507	0.314991895753905	0.188833400923867	laminin	FALSE	9	274
LAMB2	COL4A4	0.00262126342143233	102	0.00282948106766507	0.314991895753905	0.188833400923867	laminin	FALSE	10	264
LAMC1	CX3CL1	0.00661448796678314	103	0.00279325908313663	0.318545193160766	0.188833400923867	laminin	FALSE	1	111
COL18A1	CX3CL1	0.00644990355420141	103	0.00279325908313663	0.318545193160766	0.188833400923867	collagen-associated	FALSE	2	127
NID2	CX3CL1	0.00634064664094598	103	0.00279325908313663	0.318545193160766	0.188833400923867	linker/proteoglycan	FALSE	3	82
NID1	CX3CL1	0.00628395549389258	103	0.00279325908313663	0.318545193160766	0.188833400923867	linker/proteoglycan	FALSE	4	62
HSPG2	CX3CL1	0.00554532621436209	103	0.00279325908313663	0.318545193160766	0.188833400923867	linker/proteoglycan	FALSE	5	50
COL4A2	CX3CL1	0.00549104131945579	103	0.00279325908313663	0.318545193160766	0.188833400923867	collagen-associated	FALSE	6	92
LAMA4	CX3CL1	0.00536280301142506	103	0.00279325908313663	0.318545193160766	0.188833400923867	laminin	FALSE	7	80
LAMB1	CX3CL1	0.00466775403769019	103	0.00279325908313663	0.318545193160766	0.188833400923867	laminin	FALSE	8	97
COL4A1	CX3CL1	0.0045949339142089	103	0.00279325908313663	0.318545193160766	0.188833400923867	collagen-associated	FALSE	9	158
LAMB2	CX3CL1	0.00432834685939419	103	0.00279325908313663	0.318545193160766	0.188833400923867	laminin	FALSE	10	66
COL18A1	LTBP1	0.0101511710609474	104	0.00279176532897677	0.289341011487347	0.188833400923867	collagen-associated	FALSE	1	29
LAMC1	LTBP1	0.00863168638504581	104	0.00279176532897677	0.289341011487347	0.188833400923867	laminin	FALSE	2	47
NID1	LTBP1	0.00841838000182718	104	0.00279176532897677	0.289341011487347	0.188833400923867	linker/proteoglycan	FALSE	3	27
COL4A2	LTBP1	0.00707787338282443	104	0.00279176532897677	0.289341011487347	0.188833400923867	collagen-associated	FALSE	4	37
NID2	LTBP1	0.00691157420350101	104	0.00279176532897677	0.289341011487347	0.188833400923867	linker/proteoglycan	FALSE	5	69
COL4A1	LTBP1	0.00550258369183636	104	0.00279176532897677	0.289341011487347	0.188833400923867	collagen-associated	FALSE	6	89
HSPG2	LTBP1	0.00539879935145942	104	0.00279176532897677	0.289341011487347	0.188833400923867	linker/proteoglycan	FALSE	7	55
LAMA4	LTBP1	0.00495182526700181	104	0.00279176532897677	0.289341011487347	0.188833400923867	laminin	FALSE	8	110
LAMB1	LTBP1	0.00467967226062336	104	0.00279176532897677	0.289341011487347	0.188833400923867	laminin	FALSE	9	95
LAMB2	LTBP1	0.00386733778832282	104	0.00279176532897677	0.289341011487347	0.188833400923867	laminin	FALSE	10	101
COL18A1	C3	0.00413324963048343	105	0.00278210008439486	0.298579083650564	0.188833400923867	collagen-associated	FALSE	1	302
LAMC1	C3	0.00392632029649443	105	0.00278210008439486	0.298579083650564	0.188833400923867	laminin	FALSE	2	312
NID1	C3	0.00359584417242384	105	0.00278210008439486	0.298579083650564	0.188833400923867	linker/proteoglycan	FALSE	3	277
NID2	C3	0.00356431184248776	105	0.00278210008439486	0.298579083650564	0.188833400923867	linker/proteoglycan	FALSE	4	306
COL4A2	C3	0.00315668328912766	105	0.00278210008439486	0.298579083650564	0.188833400923867	collagen-associated	FALSE	5	314
LAMA4	C3	0.00305397313552277	105	0.00278210008439486	0.298579083650564	0.188833400923867	laminin	FALSE	6	305
COL4A1	C3	0.00299465152947939	105	0.00278210008439486	0.298579083650564	0.188833400923867	collagen-associated	FALSE	7	312
HSPG2	C3	0.00263265692342609	105	0.00278210008439486	0.298579083650564	0.188833400923867	linker/proteoglycan	FALSE	8	312
LAMB1	C3	0.0026116787407359	105	0.00278210008439486	0.298579083650564	0.188833400923867	laminin	FALSE	9	309
LAMB2	C3	0.00228453551934342	105	0.00278210008439486	0.298579083650564	0.188833400923867	laminin	FALSE	10	310
NID2	PROS1	0.00774151959973716	106	0.00277028541743146	0.290932392967338	0.188833400923867	linker/proteoglycan	FALSE	1	50
COL18A1	PROS1	0.00763277573713537	106	0.00277028541743146	0.290932392967338	0.188833400923867	collagen-associated	FALSE	2	73
LAMC1	PROS1	0.00690070770379003	106	0.00277028541743146	0.290932392967338	0.188833400923867	laminin	FALSE	3	93
COL4A2	PROS1	0.00639750600199208	106	0.00277028541743146	0.290932392967338	0.188833400923867	collagen-associated	FALSE	4	53
COL4A1	PROS1	0.00632144046509877	106	0.00277028541743146	0.290932392967338	0.188833400923867	collagen-associated	FALSE	5	65
LAMB1	PROS1	0.00601630029871301	106	0.00277028541743146	0.290932392967338	0.188833400923867	laminin	FALSE	6	36
LAMA4	PROS1	0.00598856883848832	106	0.00277028541743146	0.290932392967338	0.188833400923867	laminin	FALSE	7	60
NID1	PROS1	0.00597953744048718	106	0.00277028541743146	0.290932392967338	0.188833400923867	linker/proteoglycan	FALSE	8	81
HSPG2	PROS1	0.00582379043763206	106	0.00277028541743146	0.290932392967338	0.188833400923867	linker/proteoglycan	FALSE	9	41
LAMB2	PROS1	0.00431039905534638	106	0.00277028541743146	0.290932392967338	0.188833400923867	laminin	FALSE	10	67
LAMC1	ANGPT2	0.00826551947552948	107	0.00276499294080547	0.278727152325836	0.188833400923867	laminin	FALSE	1	57
COL18A1	ANGPT2	0.00779261984884034	107	0.00276499294080547	0.278727152325836	0.188833400923867	collagen-associated	FALSE	2	66
NID2	ANGPT2	0.00726576873591952	107	0.00276499294080547	0.278727152325836	0.188833400923867	linker/proteoglycan	FALSE	3	61
LAMA4	ANGPT2	0.00713889564245072	107	0.00276499294080547	0.278727152325836	0.188833400923867	laminin	FALSE	4	30
HSPG2	ANGPT2	0.00667661736091054	107	0.00276499294080547	0.278727152325836	0.188833400923867	linker/proteoglycan	FALSE	5	28
COL4A2	ANGPT2	0.00629118508072291	107	0.00276499294080547	0.278727152325836	0.188833400923867	collagen-associated	FALSE	6	55
COL4A1	ANGPT2	0.00592210887263042	107	0.00276499294080547	0.278727152325836	0.188833400923867	collagen-associated	FALSE	7	77
NID1	ANGPT2	0.00571570810317169	107	0.00276499294080547	0.278727152325836	0.188833400923867	linker/proteoglycan	FALSE	8	91
LAMB2	ANGPT2	0.00461162704894785	107	0.00276499294080547	0.278727152325836	0.188833400923867	laminin	FALSE	9	58
LAMB1	ANGPT2	0.00388661877883247	107	0.00276499294080547	0.278727152325836	0.188833400923867	laminin	FALSE	10	153
LAMC1	JAG2	0.00674259898976494	108	0.00276360312447049	0.247557209158796	0.188833400923867	laminin	FALSE	1	99
COL18A1	JAG2	0.00636427405824412	108	0.00276360312447049	0.247557209158796	0.188833400923867	collagen-associated	FALSE	2	131
COL4A1	JAG2	0.00591280958758717	108	0.00276360312447049	0.247557209158796	0.188833400923867	collagen-associated	FALSE	3	78
NID1	JAG2	0.00557637385958916	108	0.00276360312447049	0.247557209158796	0.188833400923867	linker/proteoglycan	FALSE	4	100
COL4A2	JAG2	0.00513535523508488	108	0.00276360312447049	0.247557209158796	0.188833400923867	collagen-associated	FALSE	5	115
NID2	JAG2	0.00486518640415496	108	0.00276360312447049	0.247557209158796	0.188833400923867	linker/proteoglycan	FALSE	6	202
HSPG2	JAG2	0.00480955272020372	108	0.00276360312447049	0.247557209158796	0.188833400923867	linker/proteoglycan	FALSE	7	87
LAMA4	JAG2	0.00425564099830988	108	0.00276360312447049	0.247557209158796	0.188833400923867	laminin	FALSE	8	167
LAMB1	JAG2	0.00389624096966157	108	0.00276360312447049	0.247557209158796	0.188833400923867	laminin	FALSE	9	151
LAMB2	JAG2	0.00314319993070783	108	0.00276360312447049	0.247557209158796	0.188833400923867	laminin	FALSE	10	192
LAMC1	EFEMP1	0.00887605185575573	109	0.00276233111788514	0.284252266318642	0.188833400923867	laminin	FALSE	1	41
COL18A1	EFEMP1	0.00709403285997155	109	0.00276233111788514	0.284252266318642	0.188833400923867	collagen-associated	FALSE	2	90
NID2	EFEMP1	0.00498139190333832	109	0.00276233111788514	0.284252266318642	0.188833400923867	linker/proteoglycan	FALSE	3	178
HSPG2	EFEMP1	0.00496056913710339	109	0.00276233111788514	0.284252266318642	0.188833400923867	linker/proteoglycan	FALSE	4	82
LAMB1	EFEMP1	0.00487920146673886	109	0.00276233111788514	0.284252266318642	0.188833400923867	laminin	FALSE	5	80
COL4A2	EFEMP1	0.00478028835099087	109	0.00276233111788514	0.284252266318642	0.188833400923867	collagen-associated	FALSE	6	137
NID1	EFEMP1	0.00466706114524866	109	0.00276233111788514	0.284252266318642	0.188833400923867	linker/proteoglycan	FALSE	7	165
LAMA4	EFEMP1	0.0043836375476163	109	0.00276233111788514	0.284252266318642	0.188833400923867	laminin	FALSE	8	151
COL4A1	EFEMP1	0.00396648440860053	109	0.00276233111788514	0.284252266318642	0.188833400923867	collagen-associated	FALSE	9	226
LAMB2	EFEMP1	0.00384373312234839	109	0.00276233111788514	0.284252266318642	0.188833400923867	laminin	FALSE	10	105
LAMB1	IGF1	0.119954727817608	110	0.00275428449972926	0.294662247361588	0.188833400923867	laminin	FALSE	1	2
LAMC1	IGF1	0.0111928207576509	110	0.00275428449972926	0.294662247361588	0.188833400923867	laminin	FALSE	2	15
COL18A1	IGF1	0.010578545817891	110	0.00275428449972926	0.294662247361588	0.188833400923867	collagen-associated	FALSE	3	23
NID2	IGF1	0.00984143680227828	110	0.00275428449972926	0.294662247361588	0.188833400923867	linker/proteoglycan	FALSE	4	23
COL4A2	IGF1	0.00930667202142331	110	0.00275428449972926	0.294662247361588	0.188833400923867	collagen-associated	FALSE	5	10
COL4A1	IGF1	0.00862206238592548	110	0.00275428449972926	0.294662247361588	0.188833400923867	collagen-associated	FALSE	6	33
LAMA4	IGF1	0.00823896812037001	110	0.00275428449972926	0.294662247361588	0.188833400923867	laminin	FALSE	7	16
NID1	IGF1	0.00821289595376875	110	0.00275428449972926	0.294662247361588	0.188833400923867	linker/proteoglycan	FALSE	8	28
HSPG2	IGF1	0.007802769427261	110	0.00275428449972926	0.294662247361588	0.188833400923867	linker/proteoglycan	FALSE	9	14
LAMB2	IGF1	0.00618142061610778	110	0.00275428449972926	0.294662247361588	0.188833400923867	laminin	FALSE	10	21
COL4A1	FURIN	0.00716683955351632	111	0.00273385679723689	0.320333556201366	0.188833400923867	collagen-associated	FALSE	1	51
NID1	FURIN	0.00690739341223867	111	0.00273385679723689	0.320333556201366	0.188833400923867	linker/proteoglycan	FALSE	2	48
COL18A1	FURIN	0.00689997953023679	111	0.00273385679723689	0.320333556201366	0.188833400923867	collagen-associated	FALSE	3	100
LAMC1	FURIN	0.00667671017014473	111	0.00273385679723689	0.320333556201366	0.188833400923867	laminin	FALSE	4	107
NID2	FURIN	0.0057035588526499	111	0.00273385679723689	0.320333556201366	0.188833400923867	linker/proteoglycan	FALSE	5	123
COL4A2	FURIN	0.00570346976093818	111	0.00273385679723689	0.320333556201366	0.188833400923867	collagen-associated	FALSE	6	79
LAMA4	FURIN	0.00510506845381028	111	0.00273385679723689	0.320333556201366	0.188833400923867	laminin	FALSE	7	100
HSPG2	FURIN	0.00434004048774106	111	0.00273385679723689	0.320333556201366	0.188833400923867	linker/proteoglycan	FALSE	8	129
LAMB2	FURIN	0.00398865528947439	111	0.00273385679723689	0.320333556201366	0.188833400923867	laminin	FALSE	9	89
LAMB1	FURIN	0.00380600953232837	111	0.00273385679723689	0.320333556201366	0.188833400923867	laminin	FALSE	10	164
COL18A1	VEGFD	0.00587411915772618	112	0.00273045707834695	0.314650660627554	0.188833400923867	collagen-associated	FALSE	1	158
LAMC1	VEGFD	0.00576786035072721	112	0.00273045707834695	0.314650660627554	0.188833400923867	laminin	FALSE	2	159
NID2	VEGFD	0.00529724365282941	112	0.00273045707834695	0.314650660627554	0.188833400923867	linker/proteoglycan	FALSE	3	148
COL4A2	VEGFD	0.00470434357444548	112	0.00273045707834695	0.314650660627554	0.188833400923867	collagen-associated	FALSE	4	144
LAMA4	VEGFD	0.00433925252514459	112	0.00273045707834695	0.314650660627554	0.188833400923867	laminin	FALSE	5	155
NID1	VEGFD	0.00424879361445252	112	0.00273045707834695	0.314650660627554	0.188833400923867	linker/proteoglycan	FALSE	6	202
COL4A1	VEGFD	0.00416612014280138	112	0.00273045707834695	0.314650660627554	0.188833400923867	collagen-associated	FALSE	7	205
HSPG2	VEGFD	0.00390670328844785	112	0.00273045707834695	0.314650660627554	0.188833400923867	linker/proteoglycan	FALSE	8	160
LAMB1	VEGFD	0.00361750381380553	112	0.00273045707834695	0.314650660627554	0.188833400923867	laminin	FALSE	9	184
LAMB2	VEGFD	0.00318613167597546	112	0.00273045707834695	0.314650660627554	0.188833400923867	laminin	FALSE	10	184
COL18A1	LRFN5	0.00476394099650077	113	0.00272823429681055	0.265014250434778	0.188833400923867	collagen-associated	FALSE	1	249
NID2	LRFN5	0.00458179891532093	113	0.00272823429681055	0.265014250434778	0.188833400923867	linker/proteoglycan	FALSE	2	232
LAMC1	LRFN5	0.00447071775348871	113	0.00272823429681055	0.265014250434778	0.188833400923867	laminin	FALSE	3	279
COL4A1	LRFN5	0.003972940017403	113	0.00272823429681055	0.265014250434778	0.188833400923867	collagen-associated	FALSE	4	224
LAMB2	LRFN5	0.00387878960115784	113	0.00272823429681055	0.265014250434778	0.188833400923867	laminin	FALSE	5	98
NID1	LRFN5	0.00385914635232734	113	0.00272823429681055	0.265014250434778	0.188833400923867	linker/proteoglycan	FALSE	6	243
COL4A2	LRFN5	0.00381780938507952	113	0.00272823429681055	0.265014250434778	0.188833400923867	collagen-associated	FALSE	7	257
LAMA4	LRFN5	0.00380231482045235	113	0.00272823429681055	0.265014250434778	0.188833400923867	laminin	FALSE	8	218
LAMB1	LRFN5	0.00329854236293373	113	0.00272823429681055	0.265014250434778	0.188833400923867	laminin	FALSE	9	220
HSPG2	LRFN5	0.00317700062209073	113	0.00272823429681055	0.265014250434778	0.188833400923867	linker/proteoglycan	FALSE	10	238
LAMC1	SEMA3B	0.00443584953987734	114	0.00270357249806452	0.276573976933695	0.188833400923867	laminin	FALSE	1	283
COL18A1	SEMA3B	0.00404429174968334	114	0.00270357249806452	0.276573976933695	0.188833400923867	collagen-associated	FALSE	2	308
NID2	SEMA3B	0.00396627469575164	114	0.00270357249806452	0.276573976933695	0.188833400923867	linker/proteoglycan	FALSE	3	279
NID1	SEMA3B	0.00343437617474864	114	0.00270357249806452	0.276573976933695	0.188833400923867	linker/proteoglycan	FALSE	4	295
COL4A2	SEMA3B	0.0033744914099606	114	0.00270357249806452	0.276573976933695	0.188833400923867	collagen-associated	FALSE	5	305
LAMA4	SEMA3B	0.00321819673919264	114	0.00270357249806452	0.276573976933695	0.188833400923867	laminin	FALSE	6	293
COL4A1	SEMA3B	0.0031783975598585	114	0.00270357249806452	0.276573976933695	0.188833400923867	collagen-associated	FALSE	7	301
LAMB1	SEMA3B	0.00288812690065034	114	0.00270357249806452	0.276573976933695	0.188833400923867	laminin	FALSE	8	282
HSPG2	SEMA3B	0.00277021445311224	114	0.00270357249806452	0.276573976933695	0.188833400923867	linker/proteoglycan	FALSE	9	301
LAMB2	SEMA3B	0.00238097566073361	114	0.00270357249806452	0.276573976933695	0.188833400923867	laminin	FALSE	10	297
NID1	THBS2	0.00587133916553485	115	0.00270130106376472	0.2781183971638	0.188833400923867	linker/proteoglycan	FALSE	1	87
COL18A1	THBS2	0.00532073545321139	115	0.00270130106376472	0.2781183971638	0.188833400923867	collagen-associated	FALSE	2	198
LAMC1	THBS2	0.0048972091731076	115	0.00270130106376472	0.2781183971638	0.188833400923867	laminin	FALSE	3	242
COL4A1	THBS2	0.00486445855136822	115	0.00270130106376472	0.2781183971638	0.188833400923867	collagen-associated	FALSE	4	131
NID2	THBS2	0.00461115038985992	115	0.00270130106376472	0.2781183971638	0.188833400923867	linker/proteoglycan	FALSE	5	229
HSPG2	THBS2	0.00386481478602601	115	0.00270130106376472	0.2781183971638	0.188833400923867	linker/proteoglycan	FALSE	6	164
COL4A2	THBS2	0.00375093057000091	115	0.00270130106376472	0.2781183971638	0.188833400923867	collagen-associated	FALSE	7	268
LAMA4	THBS2	0.00348181368873731	115	0.00270130106376472	0.2781183971638	0.188833400923867	laminin	FALSE	8	258
LAMB1	THBS2	0.00323252987134801	115	0.00270130106376472	0.2781183971638	0.188833400923867	laminin	FALSE	9	230
LAMB2	THBS2	0.00270704448519645	115	0.00270130106376472	0.2781183971638	0.188833400923867	laminin	FALSE	10	248
COL18A1	APOE	0.00613346545808756	116	0.00269845010974581	0.289711014020782	0.188833400923867	collagen-associated	FALSE	1	141
LAMC1	APOE	0.00561005278876895	116	0.00269845010974581	0.289711014020782	0.188833400923867	laminin	FALSE	2	176
NID2	APOE	0.0054916347496146	116	0.00269845010974581	0.289711014020782	0.188833400923867	linker/proteoglycan	FALSE	3	135
COL4A2	APOE	0.00494719419223918	116	0.00269845010974581	0.289711014020782	0.188833400923867	collagen-associated	FALSE	4	123
NID1	APOE	0.00482681125247514	116	0.00269845010974581	0.289711014020782	0.188833400923867	linker/proteoglycan	FALSE	5	153
COL4A1	APOE	0.00468869048812756	116	0.00269845010974581	0.289711014020782	0.188833400923867	collagen-associated	FALSE	6	147
HSPG2	APOE	0.00437756440954166	116	0.00269845010974581	0.289711014020782	0.188833400923867	linker/proteoglycan	FALSE	7	124
LAMA4	APOE	0.00434651323353069	116	0.00269845010974581	0.289711014020782	0.188833400923867	laminin	FALSE	8	154
LAMB1	APOE	0.00357062531564347	116	0.00269845010974581	0.289711014020782	0.188833400923867	laminin	FALSE	9	187
LAMB2	APOE	0.00331002791701887	116	0.00269845010974581	0.289711014020782	0.188833400923867	laminin	FALSE	10	167
COL18A1	LFNG	0.00515854738940259	117	0.00268158261205902	0.26832132573351	0.188833400923867	collagen-associated	FALSE	1	209
LAMC1	LFNG	0.00510527351915617	117	0.00268158261205902	0.26832132573351	0.188833400923867	laminin	FALSE	2	222
NID1	LFNG	0.00499226001690569	117	0.00268158261205902	0.26832132573351	0.188833400923867	linker/proteoglycan	FALSE	3	139
COL4A1	LFNG	0.00493413768638542	117	0.00268158261205902	0.26832132573351	0.188833400923867	collagen-associated	FALSE	4	123
NID2	LFNG	0.00414926216653554	117	0.00268158261205902	0.26832132573351	0.188833400923867	linker/proteoglycan	FALSE	5	269
COL4A2	LFNG	0.00365309758596897	117	0.00268158261205902	0.26832132573351	0.188833400923867	collagen-associated	FALSE	6	282
LAMA4	LFNG	0.00358391283369236	117	0.00268158261205902	0.26832132573351	0.188833400923867	laminin	FALSE	7	241
HSPG2	LFNG	0.00294006760330134	117	0.00268158261205902	0.26832132573351	0.188833400923867	linker/proteoglycan	FALSE	8	279
LAMB1	LFNG	0.00292295257307274	117	0.00268158261205902	0.26832132573351	0.188833400923867	laminin	FALSE	9	276
LAMB2	LFNG	0.00248500231065714	117	0.00268158261205902	0.26832132573351	0.188833400923867	laminin	FALSE	10	286
COL18A1	APOA1	0.0053282893114084	118	0.00267898978083602	0.27643453625058	0.188833400923867	collagen-associated	FALSE	1	197
LAMC1	APOA1	0.00474714287576321	118	0.00267898978083602	0.27643453625058	0.188833400923867	laminin	FALSE	2	254
COL4A1	APOA1	0.00419681860526927	118	0.00267898978083602	0.27643453625058	0.188833400923867	collagen-associated	FALSE	3	201
NID2	APOA1	0.00414768902839789	118	0.00267898978083602	0.27643453625058	0.188833400923867	linker/proteoglycan	FALSE	4	270
COL4A2	APOA1	0.00414226341625913	118	0.00267898978083602	0.27643453625058	0.188833400923867	collagen-associated	FALSE	5	210
NID1	APOA1	0.00409707964129493	118	0.00267898978083602	0.27643453625058	0.188833400923867	linker/proteoglycan	FALSE	6	217
LAMA4	APOA1	0.00376422386215332	118	0.00267898978083602	0.27643453625058	0.188833400923867	laminin	FALSE	7	221
HSPG2	APOA1	0.00369529181678486	118	0.00267898978083602	0.27643453625058	0.188833400923867	linker/proteoglycan	FALSE	8	185
LAMB1	APOA1	0.00363501468672173	118	0.00267898978083602	0.27643453625058	0.188833400923867	laminin	FALSE	9	183
LAMB2	APOA1	0.00289474138065649	118	0.00267898978083602	0.27643453625058	0.188833400923867	laminin	FALSE	10	225
COL18A1	COL6A2	0.00502096145041016	119	0.00267144453330808	0.272634973505395	0.188833400923867	collagen-associated	FALSE	1	221
LAMC1	COL6A2	0.00496836302322508	119	0.00267144453330808	0.272634973505395	0.188833400923867	laminin	FALSE	2	233
NID2	COL6A2	0.00425935736493817	119	0.00267144453330808	0.272634973505395	0.188833400923867	linker/proteoglycan	FALSE	3	263
COL4A1	COL6A2	0.00381630593405514	119	0.00267144453330808	0.272634973505395	0.188833400923867	collagen-associated	FALSE	4	240
COL4A2	COL6A2	0.00376552642395411	119	0.00267144453330808	0.272634973505395	0.188833400923867	collagen-associated	FALSE	5	266
NID1	COL6A2	0.00354458611090145	119	0.00267144453330808	0.272634973505395	0.188833400923867	linker/proteoglycan	FALSE	6	284
LAMB1	COL6A2	0.00339647604001716	119	0.00267144453330808	0.272634973505395	0.188833400923867	laminin	FALSE	7	203
LAMA4	COL6A2	0.00328643844796176	119	0.00267144453330808	0.272634973505395	0.188833400923867	laminin	FALSE	8	286
HSPG2	COL6A2	0.00306434133475946	119	0.00267144453330808	0.272634973505395	0.188833400923867	linker/proteoglycan	FALSE	9	262
LAMB2	COL6A2	0.00290791605921885	119	0.00267144453330808	0.272634973505395	0.188833400923867	laminin	FALSE	10	223
LAMC1	NFASC	0.00512569024503124	120	0.00266981396347836	0.272655040081074	0.188833400923867	laminin	FALSE	1	218
COL18A1	NFASC	0.00512466264913842	120	0.00266981396347836	0.272655040081074	0.188833400923867	collagen-associated	FALSE	2	212
NID1	NFASC	0.00466026417358824	120	0.00266981396347836	0.272655040081074	0.188833400923867	linker/proteoglycan	FALSE	3	166
NID2	NFASC	0.00464931928680432	120	0.00266981396347836	0.272655040081074	0.188833400923867	linker/proteoglycan	FALSE	4	225
COL4A2	NFASC	0.00432450859615656	120	0.00266981396347836	0.272655040081074	0.188833400923867	collagen-associated	FALSE	5	192
COL4A1	NFASC	0.00420278617026738	120	0.00266981396347836	0.272655040081074	0.188833400923867	collagen-associated	FALSE	6	200
LAMA4	NFASC	0.00392394441736696	120	0.00266981396347836	0.272655040081074	0.188833400923867	laminin	FALSE	7	200
HSPG2	NFASC	0.00372916919458585	120	0.00266981396347836	0.272655040081074	0.188833400923867	linker/proteoglycan	FALSE	8	182
LAMB1	NFASC	0.0031003289781789	120	0.00266981396347836	0.272655040081074	0.188833400923867	laminin	FALSE	9	249
LAMB2	NFASC	0.00295252481149764	120	0.00266981396347836	0.272655040081074	0.188833400923867	laminin	FALSE	10	215
COL18A1	EFEMP2	0.00789071693714578	121	0.00266712151281385	0.28349693342017	0.188833400923867	collagen-associated	FALSE	1	64
LAMC1	EFEMP2	0.00667831779392311	121	0.00266712151281385	0.28349693342017	0.188833400923867	laminin	FALSE	2	106
NID1	EFEMP2	0.006006997495917	121	0.00266712151281385	0.28349693342017	0.188833400923867	linker/proteoglycan	FALSE	3	78
HSPG2	EFEMP2	0.00532679559872425	121	0.00266712151281385	0.28349693342017	0.188833400923867	linker/proteoglycan	FALSE	4	57
LAMA4	EFEMP2	0.00524764732868933	121	0.00266712151281385	0.28349693342017	0.188833400923867	laminin	FALSE	5	92
NID2	EFEMP2	0.00485846433133665	121	0.00266712151281385	0.28349693342017	0.188833400923867	linker/proteoglycan	FALSE	6	203
COL4A2	EFEMP2	0.0045721560796876	121	0.00266712151281385	0.28349693342017	0.188833400923867	collagen-associated	FALSE	7	161
COL4A1	EFEMP2	0.00447345734130116	121	0.00266712151281385	0.28349693342017	0.188833400923867	collagen-associated	FALSE	8	168
LAMB1	EFEMP2	0.00438034289406515	121	0.00266712151281385	0.28349693342017	0.188833400923867	laminin	FALSE	9	109
LAMB2	EFEMP2	0.00384751218021853	121	0.00266712151281385	0.28349693342017	0.188833400923867	laminin	FALSE	10	104
COL18A1	ADAM15	0.00464885346994087	122	0.00266238153309256	0.270559490216098	0.188833400923867	collagen-associated	FALSE	1	259
LAMC1	ADAM15	0.00443613644206283	122	0.00266238153309256	0.270559490216098	0.188833400923867	laminin	FALSE	2	282
NID2	ADAM15	0.00417800683663607	122	0.00266238153309256	0.270559490216098	0.188833400923867	linker/proteoglycan	FALSE	3	265
NID1	ADAM15	0.00388882575488092	122	0.00266238153309256	0.270559490216098	0.188833400923867	linker/proteoglycan	FALSE	4	238
COL4A1	ADAM15	0.00361225795588849	122	0.00266238153309256	0.270559490216098	0.188833400923867	collagen-associated	FALSE	5	264
LAMA4	ADAM15	0.00340190874396778	122	0.00266238153309256	0.270559490216098	0.188833400923867	laminin	FALSE	6	271
COL4A2	ADAM15	0.00339400843090352	122	0.00266238153309256	0.270559490216098	0.188833400923867	collagen-associated	FALSE	7	304
HSPG2	ADAM15	0.0031363002844556	122	0.00266238153309256	0.270559490216098	0.188833400923867	linker/proteoglycan	FALSE	8	247
LAMB1	ADAM15	0.00278761768330054	122	0.00266238153309256	0.270559490216098	0.188833400923867	laminin	FALSE	9	292
LAMB2	ADAM15	0.00252274847696197	122	0.00266238153309256	0.270559490216098	0.188833400923867	laminin	FALSE	10	282
COL18A1	SLITRK6	0.00463650900951826	123	0.00264867372341333	0.252886013604248	0.188833400923867	collagen-associated	FALSE	1	261
NID2	SLITRK6	0.00459195958302289	123	0.00264867372341333	0.252886013604248	0.188833400923867	linker/proteoglycan	FALSE	2	231
LAMC1	SLITRK6	0.00439971900686773	123	0.00264867372341333	0.252886013604248	0.188833400923867	laminin	FALSE	3	286
COL4A1	SLITRK6	0.00379429878424585	123	0.00264867372341333	0.252886013604248	0.188833400923867	collagen-associated	FALSE	4	244
NID1	SLITRK6	0.00365562192155555	123	0.00264867372341333	0.252886013604248	0.188833400923867	linker/proteoglycan	FALSE	5	268
COL4A2	SLITRK6	0.00364161275005147	123	0.00264867372341333	0.252886013604248	0.188833400923867	collagen-associated	FALSE	6	285
LAMA4	SLITRK6	0.00357889362775629	123	0.00264867372341333	0.252886013604248	0.188833400923867	laminin	FALSE	7	242
LAMB1	SLITRK6	0.00323559599333648	123	0.00264867372341333	0.252886013604248	0.188833400923867	laminin	FALSE	8	228
HSPG2	SLITRK6	0.00322795771924841	123	0.00264867372341333	0.252886013604248	0.188833400923867	linker/proteoglycan	FALSE	9	229
LAMB2	SLITRK6	0.00306488293456382	123	0.00264867372341333	0.252886013604248	0.188833400923867	laminin	FALSE	10	201
LAMC1	CNTN4	0.00647281975319706	124	0.00264258456742941	0.272814045659454	0.188833400923867	laminin	FALSE	1	118
NID2	CNTN4	0.0055022477518291	124	0.00264258456742941	0.272814045659454	0.188833400923867	linker/proteoglycan	FALSE	2	134
NID1	CNTN4	0.00511063023793467	124	0.00264258456742941	0.272814045659454	0.188833400923867	linker/proteoglycan	FALSE	3	130
COL18A1	CNTN4	0.00509078426981948	124	0.00264258456742941	0.272814045659454	0.188833400923867	collagen-associated	FALSE	4	215
HSPG2	CNTN4	0.00480770145012806	124	0.00264258456742941	0.272814045659454	0.188833400923867	linker/proteoglycan	FALSE	5	88
COL4A1	CNTN4	0.00460740429570234	124	0.00264258456742941	0.272814045659454	0.188833400923867	collagen-associated	FALSE	6	157
LAMB1	CNTN4	0.00414930118930781	124	0.00264258456742941	0.272814045659454	0.188833400923867	laminin	FALSE	7	127
COL4A2	CNTN4	0.00408822942117378	124	0.00264258456742941	0.272814045659454	0.188833400923867	collagen-associated	FALSE	8	222
LAMA4	CNTN4	0.0038344871103943	124	0.00264258456742941	0.272814045659454	0.188833400923867	laminin	FALSE	9	215
LAMB2	CNTN4	0.003419579974311	124	0.00264258456742941	0.272814045659454	0.188833400923867	laminin	FALSE	10	151
COL18A1	COL6A6	0.00427215383610542	125	0.0026418485987474	0.268200847864711	0.188833400923867	collagen-associated	FALSE	1	295
LAMC1	COL6A6	0.00421532387458999	125	0.0026418485987474	0.268200847864711	0.188833400923867	laminin	FALSE	2	299
NID2	COL6A6	0.00403650207687619	125	0.0026418485987474	0.268200847864711	0.188833400923867	linker/proteoglycan	FALSE	3	276
COL4A1	COL6A6	0.00352222571973062	125	0.0026418485987474	0.268200847864711	0.188833400923867	collagen-associated	FALSE	4	274
COL4A2	COL6A6	0.00351272393350735	125	0.0026418485987474	0.268200847864711	0.188833400923867	collagen-associated	FALSE	5	295
NID1	COL6A6	0.00344168256176433	125	0.0026418485987474	0.268200847864711	0.188833400923867	linker/proteoglycan	FALSE	6	293
LAMA4	COL6A6	0.00321066162369957	125	0.0026418485987474	0.268200847864711	0.188833400923867	laminin	FALSE	7	294
HSPG2	COL6A6	0.00286809818533268	125	0.0026418485987474	0.268200847864711	0.188833400923867	linker/proteoglycan	FALSE	8	290
LAMB1	COL6A6	0.00282684464049632	125	0.0026418485987474	0.268200847864711	0.188833400923867	laminin	FALSE	9	288
LAMB2	COL6A6	0.00255182240748577	125	0.0026418485987474	0.268200847864711	0.188833400923867	laminin	FALSE	10	278
COL18A1	OCLN	0.00834415345673857	126	0.00264169953706662	0.265064491708223	0.188833400923867	collagen-associated	FALSE	1	57
LAMC1	OCLN	0.00743617877932057	126	0.00264169953706662	0.265064491708223	0.188833400923867	laminin	FALSE	2	72
HSPG2	OCLN	0.0059720690571928	126	0.00264169953706662	0.265064491708223	0.188833400923867	linker/proteoglycan	FALSE	3	37
NID2	OCLN	0.0053271098906862	126	0.00264169953706662	0.265064491708223	0.188833400923867	linker/proteoglycan	FALSE	4	146
NID1	OCLN	0.00527468768870579	126	0.00264169953706662	0.265064491708223	0.188833400923867	linker/proteoglycan	FALSE	5	116
LAMB1	OCLN	0.00518278476249672	126	0.00264169953706662	0.265064491708223	0.188833400923867	laminin	FALSE	6	64
COL4A2	OCLN	0.00503813947516189	126	0.00264169953706662	0.265064491708223	0.188833400923867	collagen-associated	FALSE	7	120
LAMA4	OCLN	0.00495123324146922	126	0.00264169953706662	0.265064491708223	0.188833400923867	laminin	FALSE	8	111
COL4A1	OCLN	0.00473675429295235	126	0.00264169953706662	0.265064491708223	0.188833400923867	collagen-associated	FALSE	9	144
LAMB2	OCLN	0.00340719190787837	126	0.00264169953706662	0.265064491708223	0.188833400923867	laminin	FALSE	10	154
LAMB1	JAM2	0.0129486839754942	127	0.00263614286159398	0.259291335726358	0.188833400923867	laminin	FALSE	1	8
COL18A1	JAM2	0.0104893658056378	127	0.00263614286159398	0.259291335726358	0.188833400923867	collagen-associated	FALSE	2	24
NID2	JAM2	0.00933809667565501	127	0.00263614286159398	0.259291335726358	0.188833400923867	linker/proteoglycan	FALSE	3	30
COL4A1	JAM2	0.00854194365304419	127	0.00263614286159398	0.259291335726358	0.188833400923867	collagen-associated	FALSE	4	35
COL4A2	JAM2	0.00843806498801836	127	0.00263614286159398	0.259291335726358	0.188833400923867	collagen-associated	FALSE	5	16
LAMA4	JAM2	0.00805916823121611	127	0.00263614286159398	0.259291335726358	0.188833400923867	laminin	FALSE	6	20
LAMC1	JAM2	0.00803321280150561	127	0.00263614286159398	0.259291335726358	0.188833400923867	laminin	FALSE	7	61
HSPG2	JAM2	0.00746793055924949	127	0.00263614286159398	0.259291335726358	0.188833400923867	linker/proteoglycan	FALSE	8	19
LAMB2	JAM2	0.00711565503919787	127	0.00263614286159398	0.259291335726358	0.188833400923867	laminin	FALSE	9	12
NID1	JAM2	0.00655828645006871	127	0.00263614286159398	0.259291335726358	0.188833400923867	linker/proteoglycan	FALSE	10	56
LAMC1	EDN1	0.00707708226954497	128	0.00261523409491154	0.311227763272967	0.188833400923867	laminin	FALSE	1	81
COL18A1	EDN1	0.00704729040362199	128	0.00261523409491154	0.311227763272967	0.188833400923867	collagen-associated	FALSE	2	92
NID2	EDN1	0.00621643258212976	128	0.00261523409491154	0.311227763272967	0.188833400923867	linker/proteoglycan	FALSE	3	88
COL4A2	EDN1	0.00521625703142683	128	0.00261523409491154	0.311227763272967	0.188833400923867	collagen-associated	FALSE	4	110
NID1	EDN1	0.00520194787556344	128	0.00261523409491154	0.311227763272967	0.188833400923867	linker/proteoglycan	FALSE	5	124
LAMA4	EDN1	0.00500471017691646	128	0.00261523409491154	0.311227763272967	0.188833400923867	laminin	FALSE	6	106
COL4A1	EDN1	0.00495955969446389	128	0.00261523409491154	0.311227763272967	0.188833400923867	collagen-associated	FALSE	7	120
HSPG2	EDN1	0.00457135310936982	128	0.00261523409491154	0.311227763272967	0.188833400923867	linker/proteoglycan	FALSE	8	106
LAMB1	EDN1	0.00421351172253721	128	0.00261523409491154	0.311227763272967	0.188833400923867	laminin	FALSE	9	122
LAMB2	EDN1	0.00399116873255571	128	0.00261523409491154	0.311227763272967	0.188833400923867	laminin	FALSE	10	88
LAMC1	CD1B	0.00436669091306599	129	0.00261084232324238	0.246377968031532	0.188833400923867	laminin	FALSE	1	291
COL18A1	CD1B	0.00427016553572688	129	0.00261084232324238	0.246377968031532	0.188833400923867	collagen-associated	FALSE	2	296
NID2	CD1B	0.00368869750596566	129	0.00261084232324238	0.246377968031532	0.188833400923867	linker/proteoglycan	FALSE	3	301
NID1	CD1B	0.00355523647141137	129	0.00261084232324238	0.246377968031532	0.188833400923867	linker/proteoglycan	FALSE	4	283
COL4A2	CD1B	0.00346067901595624	129	0.00261084232324238	0.246377968031532	0.188833400923867	collagen-associated	FALSE	5	298
COL4A1	CD1B	0.00343090266583488	129	0.00261084232324238	0.246377968031532	0.188833400923867	collagen-associated	FALSE	6	286
LAMB1	CD1B	0.0032586564578303	129	0.00261084232324238	0.246377968031532	0.188833400923867	laminin	FALSE	7	226
LAMA4	CD1B	0.0031191456446576	129	0.00261084232324238	0.246377968031532	0.188833400923867	laminin	FALSE	8	300
HSPG2	CD1B	0.00293971861501761	129	0.00261084232324238	0.246377968031532	0.188833400923867	linker/proteoglycan	FALSE	9	280
LAMB2	CD1B	0.00247448019270228	129	0.00261084232324238	0.246377968031532	0.188833400923867	laminin	FALSE	10	288
NID2	CADM3	0.0110281436570782	130	0.00260862638456608	0.250858538605685	0.188833400923867	linker/proteoglycan	FALSE	1	20
LAMC1	CADM3	0.00488895228796304	130	0.00260862638456608	0.250858538605685	0.188833400923867	laminin	FALSE	2	243
COL18A1	CADM3	0.00444123063381805	130	0.00260862638456608	0.250858538605685	0.188833400923867	collagen-associated	FALSE	3	280
LAMA4	CADM3	0.00406038366075847	130	0.00260862638456608	0.250858538605685	0.188833400923867	laminin	FALSE	4	183
NID1	CADM3	0.00402710347904179	130	0.00260862638456608	0.250858538605685	0.188833400923867	linker/proteoglycan	FALSE	5	225
COL4A2	CADM3	0.00387348810369852	130	0.00260862638456608	0.250858538605685	0.188833400923867	collagen-associated	FALSE	6	251
COL4A1	CADM3	0.00355704426806175	130	0.00260862638456608	0.250858538605685	0.188833400923867	collagen-associated	FALSE	7	271
HSPG2	CADM3	0.00347305986005253	130	0.00260862638456608	0.250858538605685	0.188833400923867	linker/proteoglycan	FALSE	8	209
LAMB1	CADM3	0.00308424370307613	130	0.00260862638456608	0.250858538605685	0.188833400923867	laminin	FALSE	9	252
LAMB2	CADM3	0.00257888553370266	130	0.00260862638456608	0.250858538605685	0.188833400923867	laminin	FALSE	10	274
COL18A1	COL16A1	0.0048265723772617	131	0.00260357179916077	0.278899837935757	0.188833400923867	collagen-associated	FALSE	1	240
NID2	COL16A1	0.00465440032201104	131	0.00260357179916077	0.278899837935757	0.188833400923867	linker/proteoglycan	FALSE	2	224
LAMC1	COL16A1	0.00447037943413382	131	0.00260357179916077	0.278899837935757	0.188833400923867	laminin	FALSE	3	280
COL4A1	COL16A1	0.00404655557800394	131	0.00260357179916077	0.278899837935757	0.188833400923867	collagen-associated	FALSE	4	217
COL4A2	COL16A1	0.00368535504062959	131	0.00260357179916077	0.278899837935757	0.188833400923867	collagen-associated	FALSE	5	278
NID1	COL16A1	0.00360730189973558	131	0.00260357179916077	0.278899837935757	0.188833400923867	linker/proteoglycan	FALSE	6	274
LAMA4	COL16A1	0.00342562831615823	131	0.00260357179916077	0.278899837935757	0.188833400923867	laminin	FALSE	7	265
HSPG2	COL16A1	0.00314292312448562	131	0.00260357179916077	0.278899837935757	0.188833400923867	linker/proteoglycan	FALSE	8	245
LAMB1	COL16A1	0.00300068753962329	131	0.00260357179916077	0.278899837935757	0.188833400923867	laminin	FALSE	9	265
LAMB2	COL16A1	0.00267590455808065	131	0.00260357179916077	0.278899837935757	0.188833400923867	laminin	FALSE	10	258
COL4A1	DLL4	0.00889619180659833	132	0.0025994344221395	0.219957933185314	0.188833400923867	collagen-associated	FALSE	1	27
NID1	DLL4	0.00869813277673267	132	0.0025994344221395	0.219957933185314	0.188833400923867	linker/proteoglycan	FALSE	2	24
COL18A1	DLL4	0.00778710474005541	132	0.0025994344221395	0.219957933185314	0.188833400923867	collagen-associated	FALSE	3	67
LAMC1	DLL4	0.00703685181633328	132	0.0025994344221395	0.219957933185314	0.188833400923867	laminin	FALSE	4	84
LAMA4	DLL4	0.0056275463577005	132	0.0025994344221395	0.219957933185314	0.188833400923867	laminin	FALSE	5	70
COL4A2	DLL4	0.0056105085714737	132	0.0025994344221395	0.219957933185314	0.188833400923867	collagen-associated	FALSE	6	84
NID2	DLL4	0.00498682084753905	132	0.0025994344221395	0.219957933185314	0.188833400923867	linker/proteoglycan	FALSE	7	177
HSPG2	DLL4	0.00457862656488492	132	0.0025994344221395	0.219957933185314	0.188833400923867	linker/proteoglycan	FALSE	8	105
LAMB1	DLL4	0.00373612289464452	132	0.0025994344221395	0.219957933185314	0.188833400923867	laminin	FALSE	9	173
LAMB2	DLL4	0.0030366964851948	132	0.0025994344221395	0.219957933185314	0.188833400923867	laminin	FALSE	10	204
COL18A1	CORIN	0.00367856729853763	133	0.00258829956489361	0.242325940809684	0.188833400923867	collagen-associated	FALSE	1	317
LAMC1	CORIN	0.00331049124292791	133	0.00258829956489361	0.242325940809684	0.188833400923867	laminin	FALSE	2	319
NID2	CORIN	0.00289545187885615	133	0.00258829956489361	0.242325940809684	0.188833400923867	linker/proteoglycan	FALSE	3	319
NID1	CORIN	0.00278326172291606	133	0.00258829956489361	0.242325940809684	0.188833400923867	linker/proteoglycan	FALSE	4	320
COL4A2	CORIN	0.00275850812070412	133	0.00258829956489361	0.242325940809684	0.188833400923867	collagen-associated	FALSE	5	319
LAMA4	CORIN	0.00261303844416423	133	0.00258829956489361	0.242325940809684	0.188833400923867	laminin	FALSE	6	318
LAMB1	CORIN	0.00248254000851186	133	0.00258829956489361	0.242325940809684	0.188833400923867	laminin	FALSE	7	316
COL4A1	CORIN	0.00247080149891124	133	0.00258829956489361	0.242325940809684	0.188833400923867	collagen-associated	FALSE	8	321
HSPG2	CORIN	0.00241532984429815	133	0.00258829956489361	0.242325940809684	0.188833400923867	linker/proteoglycan	FALSE	9	318
LAMB2	CORIN	0.00202918636956737	133	0.00258829956489361	0.242325940809684	0.188833400923867	laminin	FALSE	10	319
LAMC1	VTN	0.00734298062765861	134	0.0025864489373358	0.268257238377252	0.188833400923867	laminin	FALSE	1	76
COL18A1	VTN	0.006918096932325	134	0.0025864489373358	0.268257238377252	0.188833400923867	collagen-associated	FALSE	2	99
NID2	VTN	0.00634055826810694	134	0.0025864489373358	0.268257238377252	0.188833400923867	linker/proteoglycan	FALSE	3	83
COL4A2	VTN	0.00598759167907949	134	0.0025864489373358	0.268257238377252	0.188833400923867	collagen-associated	FALSE	4	65
COL4A1	VTN	0.00549472136102751	134	0.0025864489373358	0.268257238377252	0.188833400923867	collagen-associated	FALSE	5	90
NID1	VTN	0.00543593713697208	134	0.0025864489373358	0.268257238377252	0.188833400923867	linker/proteoglycan	FALSE	6	107
HSPG2	VTN	0.00500625713626557	134	0.0025864489373358	0.268257238377252	0.188833400923867	linker/proteoglycan	FALSE	7	79
LAMA4	VTN	0.00457476612448036	134	0.0025864489373358	0.268257238377252	0.188833400923867	laminin	FALSE	8	138
LAMB1	VTN	0.00422015721370273	134	0.0025864489373358	0.268257238377252	0.188833400923867	laminin	FALSE	9	119
LAMB2	VTN	0.00390525082665647	134	0.0025864489373358	0.268257238377252	0.188833400923867	laminin	FALSE	10	97
COL18A1	LPL	0.00619329662599825	135	0.00258637686294918	0.288235570363369	0.188833400923867	collagen-associated	FALSE	1	140
NID2	LPL	0.00590997737025894	135	0.00258637686294918	0.288235570363369	0.188833400923867	linker/proteoglycan	FALSE	2	114
LAMC1	LPL	0.00530217268667371	135	0.00258637686294918	0.288235570363369	0.188833400923867	laminin	FALSE	3	206
COL4A2	LPL	0.00511822681897262	135	0.00258637686294918	0.288235570363369	0.188833400923867	collagen-associated	FALSE	4	116
COL4A1	LPL	0.00478358261279616	135	0.00258637686294918	0.288235570363369	0.188833400923867	collagen-associated	FALSE	5	140
LAMA4	LPL	0.00414034066394527	135	0.00258637686294918	0.288235570363369	0.188833400923867	laminin	FALSE	6	175
NID1	LPL	0.00409259251204149	135	0.00258637686294918	0.288235570363369	0.188833400923867	linker/proteoglycan	FALSE	7	218
HSPG2	LPL	0.00395064438814891	135	0.00258637686294918	0.288235570363369	0.188833400923867	linker/proteoglycan	FALSE	8	157
LAMB1	LPL	0.00321256424371873	135	0.00258637686294918	0.288235570363369	0.188833400923867	laminin	FALSE	9	231
LAMB2	LPL	0.00315885757810232	135	0.00258637686294918	0.288235570363369	0.188833400923867	laminin	FALSE	10	189
LAMC1	HSP90B1	0.00770507857492401	136	0.00258592735233103	0.28007092829887	0.188833400923867	laminin	FALSE	1	66
COL18A1	HSP90B1	0.00686465896023482	136	0.00258592735233103	0.28007092829887	0.188833400923867	collagen-associated	FALSE	2	102
NID1	HSP90B1	0.00617735239378264	136	0.00258592735233103	0.28007092829887	0.188833400923867	linker/proteoglycan	FALSE	3	67
COL4A2	HSP90B1	0.00603214054888554	136	0.00258592735233103	0.28007092829887	0.188833400923867	collagen-associated	FALSE	4	63
NID2	HSP90B1	0.00594573349421506	136	0.00258592735233103	0.28007092829887	0.188833400923867	linker/proteoglycan	FALSE	5	112
COL4A1	HSP90B1	0.00560027402147376	136	0.00258592735233103	0.28007092829887	0.188833400923867	collagen-associated	FALSE	6	84
LAMA4	HSP90B1	0.00535784064066742	136	0.00258592735233103	0.28007092829887	0.188833400923867	laminin	FALSE	7	82
LAMB1	HSP90B1	0.00519242254032181	136	0.00258592735233103	0.28007092829887	0.188833400923867	laminin	FALSE	8	63
LAMB2	HSP90B1	0.00492233812107265	136	0.00258592735233103	0.28007092829887	0.188833400923867	laminin	FALSE	9	47
HSPG2	HSP90B1	0.00482959105415103	136	0.00258592735233103	0.28007092829887	0.188833400923867	linker/proteoglycan	FALSE	10	86
LAMC1	SEMA3D	0.00507187296888637	137	0.00257794187893842	0.256586179699237	0.188833400923867	laminin	FALSE	1	226
COL18A1	SEMA3D	0.00469337780666241	137	0.00257794187893842	0.256586179699237	0.188833400923867	collagen-associated	FALSE	2	255
COL4A1	SEMA3D	0.00448596736642387	137	0.00257794187893842	0.256586179699237	0.188833400923867	collagen-associated	FALSE	3	165
NID2	SEMA3D	0.00445035767512364	137	0.00257794187893842	0.256586179699237	0.188833400923867	linker/proteoglycan	FALSE	4	243
NID1	SEMA3D	0.00438623050348958	137	0.00257794187893842	0.256586179699237	0.188833400923867	linker/proteoglycan	FALSE	5	189
COL4A2	SEMA3D	0.00393605049599155	137	0.00257794187893842	0.256586179699237	0.188833400923867	collagen-associated	FALSE	6	242
LAMA4	SEMA3D	0.00377786776344753	137	0.00257794187893842	0.256586179699237	0.188833400923867	laminin	FALSE	7	219
LAMB1	SEMA3D	0.00331036223319072	137	0.00257794187893842	0.256586179699237	0.188833400923867	laminin	FALSE	8	218
LAMB2	SEMA3D	0.00324229833415186	137	0.00257794187893842	0.256586179699237	0.188833400923867	laminin	FALSE	9	176
HSPG2	SEMA3D	0.00312597551008079	137	0.00257794187893842	0.256586179699237	0.188833400923867	linker/proteoglycan	FALSE	10	249
LAMC1	FLRT3	0.00522940920040731	138	0.00255643721328523	0.361971312300544	0.188833400923867	laminin	FALSE	1	212
COL18A1	FLRT3	0.00520885582505571	138	0.00255643721328523	0.361971312300544	0.188833400923867	collagen-associated	FALSE	2	206
LAMA4	FLRT3	0.00457349439729521	138	0.00255643721328523	0.361971312300544	0.188833400923867	laminin	FALSE	3	139
COL4A2	FLRT3	0.00424246130317009	138	0.00255643721328523	0.361971312300544	0.188833400923867	collagen-associated	FALSE	4	200
COL4A1	FLRT3	0.00381038495744532	138	0.00255643721328523	0.361971312300544	0.188833400923867	collagen-associated	FALSE	5	243
NID2	FLRT3	0.00368914581977078	138	0.00255643721328523	0.361971312300544	0.188833400923867	linker/proteoglycan	FALSE	6	300
NID1	FLRT3	0.00336135945702397	138	0.00255643721328523	0.361971312300544	0.188833400923867	linker/proteoglycan	FALSE	7	301
HSPG2	FLRT3	0.00309683918434014	138	0.00255643721328523	0.361971312300544	0.188833400923867	linker/proteoglycan	FALSE	8	251
LAMB1	FLRT3	0.00275599016103042	138	0.00255643721328523	0.361971312300544	0.188833400923867	laminin	FALSE	9	296
LAMB2	FLRT3	0.00234491741736944	138	0.00255643721328523	0.361971312300544	0.188833400923867	laminin	FALSE	10	300
COL18A1	LIPH	0.00484375230043389	139	0.00255174290278581	0.252774321610145	0.188833400923867	collagen-associated	FALSE	1	237
LAMC1	LIPH	0.00483392244489901	139	0.00255174290278581	0.252774321610145	0.188833400923867	laminin	FALSE	2	249
NID2	LIPH	0.00385355239621376	139	0.00255174290278581	0.252774321610145	0.188833400923867	linker/proteoglycan	FALSE	3	285
COL4A2	LIPH	0.00379568984235078	139	0.00255174290278581	0.252774321610145	0.188833400923867	collagen-associated	FALSE	4	259
HSPG2	LIPH	0.00371126803085403	139	0.00255174290278581	0.252774321610145	0.188833400923867	linker/proteoglycan	FALSE	5	184
NID1	LIPH	0.00365299242950194	139	0.00255174290278581	0.252774321610145	0.188833400923867	linker/proteoglycan	FALSE	6	270
COL4A1	LIPH	0.00354487432366125	139	0.00255174290278581	0.252774321610145	0.188833400923867	collagen-associated	FALSE	7	272
LAMA4	LIPH	0.0034936665900887	139	0.00255174290278581	0.252774321610145	0.188833400923867	laminin	FALSE	8	256
LAMB1	LIPH	0.00316962854994261	139	0.00255174290278581	0.252774321610145	0.188833400923867	laminin	FALSE	9	241
LAMB2	LIPH	0.00268749867825718	139	0.00255174290278581	0.252774321610145	0.188833400923867	laminin	FALSE	10	252
NID2	CADM1	0.0452063906850846	140	0.00254626391901237	0.266106204695952	0.188833400923867	linker/proteoglycan	FALSE	1	8
LAMC1	CADM1	0.00557351679395747	140	0.00254626391901237	0.266106204695952	0.188833400923867	laminin	FALSE	2	182
COL18A1	CADM1	0.00508022781257124	140	0.00254626391901237	0.266106204695952	0.188833400923867	collagen-associated	FALSE	3	217
COL4A2	CADM1	0.00464081977300196	140	0.00254626391901237	0.266106204695952	0.188833400923867	collagen-associated	FALSE	4	151
LAMA4	CADM1	0.00456491873570528	140	0.00254626391901237	0.266106204695952	0.188833400923867	laminin	FALSE	5	140
COL4A1	CADM1	0.0042074993647681	140	0.00254626391901237	0.266106204695952	0.188833400923867	collagen-associated	FALSE	6	198
NID1	CADM1	0.00417081447923688	140	0.00254626391901237	0.266106204695952	0.188833400923867	linker/proteoglycan	FALSE	7	208
HSPG2	CADM1	0.00407945281547724	140	0.00254626391901237	0.266106204695952	0.188833400923867	linker/proteoglycan	FALSE	8	149
LAMB1	CADM1	0.00301813121921627	140	0.00254626391901237	0.266106204695952	0.188833400923867	laminin	FALSE	9	262
LAMB2	CADM1	0.00281224434789721	140	0.00254626391901237	0.266106204695952	0.188833400923867	laminin	FALSE	10	238
COL18A1	AZGP1	0.00678415452439771	141	0.00254300257968876	0.237628286471899	0.188833400923867	collagen-associated	FALSE	1	105
LAMC1	AZGP1	0.0066957295905632	141	0.00254300257968876	0.237628286471899	0.188833400923867	laminin	FALSE	2	104
NID2	AZGP1	0.00630269367531095	141	0.00254300257968876	0.237628286471899	0.188833400923867	linker/proteoglycan	FALSE	3	84
COL4A2	AZGP1	0.00571442679673808	141	0.00254300257968876	0.237628286471899	0.188833400923867	collagen-associated	FALSE	4	77
NID1	AZGP1	0.00568797088606454	141	0.00254300257968876	0.237628286471899	0.188833400923867	linker/proteoglycan	FALSE	5	94
COL4A1	AZGP1	0.00543907908102631	141	0.00254300257968876	0.237628286471899	0.188833400923867	collagen-associated	FALSE	6	91
HSPG2	AZGP1	0.00477769442260172	141	0.00254300257968876	0.237628286471899	0.188833400923867	linker/proteoglycan	FALSE	7	90
LAMA4	AZGP1	0.00465578462645813	141	0.00254300257968876	0.237628286471899	0.188833400923867	laminin	FALSE	8	131
LAMB2	AZGP1	0.004184743105241	141	0.00254300257968876	0.237628286471899	0.188833400923867	laminin	FALSE	9	73
LAMB1	AZGP1	0.0038140382931083	141	0.00254300257968876	0.237628286471899	0.188833400923867	laminin	FALSE	10	162
COL18A1	SEMA3F	0.00464886998479498	142	0.00254122667037184	0.240002795552826	0.188833400923867	collagen-associated	FALSE	1	258
LAMC1	SEMA3F	0.00457873074964353	142	0.00254122667037184	0.240002795552826	0.188833400923867	laminin	FALSE	2	269
NID2	SEMA3F	0.00440481360764946	142	0.00254122667037184	0.240002795552826	0.188833400923867	linker/proteoglycan	FALSE	3	246
COL4A1	SEMA3F	0.00400481979500684	142	0.00254122667037184	0.240002795552826	0.188833400923867	collagen-associated	FALSE	4	221
NID1	SEMA3F	0.00392190010440812	142	0.00254122667037184	0.240002795552826	0.188833400923867	linker/proteoglycan	FALSE	5	235
COL4A2	SEMA3F	0.00391417874780325	142	0.00254122667037184	0.240002795552826	0.188833400923867	collagen-associated	FALSE	6	246
LAMA4	SEMA3F	0.00374956303695927	142	0.00254122667037184	0.240002795552826	0.188833400923867	laminin	FALSE	7	223
LAMB1	SEMA3F	0.00309904369086633	142	0.00254122667037184	0.240002795552826	0.188833400923867	laminin	FALSE	8	250
HSPG2	SEMA3F	0.00288981721161703	142	0.00254122667037184	0.240002795552826	0.188833400923867	linker/proteoglycan	FALSE	9	283
LAMB2	SEMA3F	0.00251191146251443	142	0.00254122667037184	0.240002795552826	0.188833400923867	laminin	FALSE	10	283
COL18A1	HAS1	0.0045752474083402	143	0.00253813776877763	0.232525801937345	0.188833400923867	collagen-associated	FALSE	1	267
LAMC1	HAS1	0.00426373638326932	143	0.00253813776877763	0.232525801937345	0.188833400923867	laminin	FALSE	2	297
COL4A2	HAS1	0.00423115976794127	143	0.00253813776877763	0.232525801937345	0.188833400923867	collagen-associated	FALSE	3	201
NID2	HAS1	0.00389088362423005	143	0.00253813776877763	0.232525801937345	0.188833400923867	linker/proteoglycan	FALSE	4	283
NID1	HAS1	0.00363279605562817	143	0.00253813776877763	0.232525801937345	0.188833400923867	linker/proteoglycan	FALSE	5	272
COL4A1	HAS1	0.00350662823596534	143	0.00253813776877763	0.232525801937345	0.188833400923867	collagen-associated	FALSE	6	275
LAMA4	HAS1	0.00307139290042089	143	0.00253813776877763	0.232525801937345	0.188833400923867	laminin	FALSE	7	302
LAMB1	HAS1	0.0027793405259598	143	0.00253813776877763	0.232525801937345	0.188833400923867	laminin	FALSE	8	293
HSPG2	HAS1	0.00271978591748947	143	0.00253813776877763	0.232525801937345	0.188833400923867	linker/proteoglycan	FALSE	9	305
LAMB2	HAS1	0.00239321863528274	143	0.00253813776877763	0.232525801937345	0.188833400923867	laminin	FALSE	10	296
COL18A1	ANXA2	0.00699261680898385	144	0.00252252018032292	0.295071253665978	0.188833400923867	collagen-associated	FALSE	1	94
NID2	ANXA2	0.00616692714614295	144	0.00252252018032292	0.295071253665978	0.188833400923867	linker/proteoglycan	FALSE	2	91
LAMC1	ANXA2	0.00602157360766654	144	0.00252252018032292	0.295071253665978	0.188833400923867	laminin	FALSE	3	139
COL4A2	ANXA2	0.00558244016136522	144	0.00252252018032292	0.295071253665978	0.188833400923867	collagen-associated	FALSE	4	87
NID1	ANXA2	0.00535847476636157	144	0.00252252018032292	0.295071253665978	0.188833400923867	linker/proteoglycan	FALSE	5	111
COL4A1	ANXA2	0.00513392740861905	144	0.00252252018032292	0.295071253665978	0.188833400923867	collagen-associated	FALSE	6	104
LAMA4	ANXA2	0.00484560181253126	144	0.00252252018032292	0.295071253665978	0.188833400923867	laminin	FALSE	7	119
HSPG2	ANXA2	0.00483701777662517	144	0.00252252018032292	0.295071253665978	0.188833400923867	linker/proteoglycan	FALSE	8	84
LAMB1	ANXA2	0.00434206899421459	144	0.00252252018032292	0.295071253665978	0.188833400923867	laminin	FALSE	9	112
LAMB2	ANXA2	0.00379255806258305	144	0.00252252018032292	0.295071253665978	0.188833400923867	laminin	FALSE	10	107
LAMC1	SEMA3E	0.00561004402280989	145	0.00252051879266783	0.239496255078818	0.188833400923867	laminin	FALSE	1	177
COL18A1	SEMA3E	0.00524298480515718	145	0.00252051879266783	0.239496255078818	0.188833400923867	collagen-associated	FALSE	2	204
NID2	SEMA3E	0.00429239652935282	145	0.00252051879266783	0.239496255078818	0.188833400923867	linker/proteoglycan	FALSE	3	258
COL4A1	SEMA3E	0.00408733832266118	145	0.00252051879266783	0.239496255078818	0.188833400923867	collagen-associated	FALSE	4	210
COL4A2	SEMA3E	0.00406561288828456	145	0.00252051879266783	0.239496255078818	0.188833400923867	collagen-associated	FALSE	5	226
LAMA4	SEMA3E	0.00394855925291703	145	0.00252051879266783	0.239496255078818	0.188833400923867	laminin	FALSE	6	195
NID1	SEMA3E	0.00385047492090602	145	0.00252051879266783	0.239496255078818	0.188833400923867	linker/proteoglycan	FALSE	7	244
LAMB1	SEMA3E	0.00338925093628211	145	0.00252051879266783	0.239496255078818	0.188833400923867	laminin	FALSE	8	204
HSPG2	SEMA3E	0.00319218999689109	145	0.00252051879266783	0.239496255078818	0.188833400923867	linker/proteoglycan	FALSE	9	235
LAMB2	SEMA3E	0.00265375151755332	145	0.00252051879266783	0.239496255078818	0.188833400923867	laminin	FALSE	10	261
COL18A1	COL4A3	0.00537248529452955	146	0.00251734020322846	0.246258886449505	0.188833400923867	collagen-associated	FALSE	1	191
LAMC1	COL4A3	0.00513047959156176	146	0.00251734020322846	0.246258886449505	0.188833400923867	laminin	FALSE	2	217
NID2	COL4A3	0.00509047591505364	146	0.00251734020322846	0.246258886449505	0.188833400923867	linker/proteoglycan	FALSE	3	166
COL4A1	COL4A3	0.00468417095338048	146	0.00251734020322846	0.246258886449505	0.188833400923867	collagen-associated	FALSE	4	148
NID1	COL4A3	0.00450308249025855	146	0.00251734020322846	0.246258886449505	0.188833400923867	linker/proteoglycan	FALSE	5	179
COL4A2	COL4A3	0.0043330497937516	146	0.00251734020322846	0.246258886449505	0.188833400923867	collagen-associated	FALSE	6	191
LAMA4	COL4A3	0.00359749756079748	146	0.00251734020322846	0.246258886449505	0.188833400923867	laminin	FALSE	7	239
LAMB1	COL4A3	0.00349299822032943	146	0.00251734020322846	0.246258886449505	0.188833400923867	laminin	FALSE	8	196
HSPG2	COL4A3	0.00344048246921505	146	0.00251734020322846	0.246258886449505	0.188833400923867	linker/proteoglycan	FALSE	9	213
LAMB2	COL4A3	0.00340414395142752	146	0.00251734020322846	0.246258886449505	0.188833400923867	laminin	FALSE	10	156
COL18A1	COL21A1	0.00444582740582795	147	0.00251466599532128	0.245305402132291	0.188833400923867	collagen-associated	FALSE	1	278
LAMC1	COL21A1	0.0043957013704608	147	0.00251466599532128	0.245305402132291	0.188833400923867	laminin	FALSE	2	288
NID2	COL21A1	0.00385174760573059	147	0.00251466599532128	0.245305402132291	0.188833400923867	linker/proteoglycan	FALSE	3	286
COL4A2	COL21A1	0.0037315890615924	147	0.00251466599532128	0.245305402132291	0.188833400923867	collagen-associated	FALSE	4	270
NID1	COL21A1	0.00352574217034527	147	0.00251466599532128	0.245305402132291	0.188833400923867	linker/proteoglycan	FALSE	5	286
COL4A1	COL21A1	0.00345895067241582	147	0.00251466599532128	0.245305402132291	0.188833400923867	collagen-associated	FALSE	6	280
LAMA4	COL21A1	0.00343395434032204	147	0.00251466599532128	0.245305402132291	0.188833400923867	laminin	FALSE	7	263
HSPG2	COL21A1	0.00289630148030529	147	0.00251466599532128	0.245305402132291	0.188833400923867	linker/proteoglycan	FALSE	8	281
LAMB1	COL21A1	0.00288966763612036	147	0.00251466599532128	0.245305402132291	0.188833400923867	laminin	FALSE	9	281
LAMB2	COL21A1	0.00266140776221479	147	0.00251466599532128	0.245305402132291	0.188833400923867	laminin	FALSE	10	260
COL18A1	ADAM12	0.00463659851536649	148	0.00251260521532728	0.248470225324567	0.188833400923867	collagen-associated	FALSE	1	260
LAMC1	ADAM12	0.0046336078225501	148	0.00251260521532728	0.248470225324567	0.188833400923867	laminin	FALSE	2	265
NID2	ADAM12	0.00417497599337198	148	0.00251260521532728	0.248470225324567	0.188833400923867	linker/proteoglycan	FALSE	3	266
COL4A1	ADAM12	0.00399750252831285	148	0.00251260521532728	0.248470225324567	0.188833400923867	collagen-associated	FALSE	4	223
NID1	ADAM12	0.00389541456628229	148	0.00251260521532728	0.248470225324567	0.188833400923867	linker/proteoglycan	FALSE	5	237
COL4A2	ADAM12	0.00379505531943949	148	0.00251260521532728	0.248470225324567	0.188833400923867	collagen-associated	FALSE	6	260
LAMA4	ADAM12	0.00361458882319717	148	0.00251260521532728	0.248470225324567	0.188833400923867	laminin	FALSE	7	235
HSPG2	ADAM12	0.00352246596728898	148	0.00251260521532728	0.248470225324567	0.188833400923867	linker/proteoglycan	FALSE	8	202
LAMB1	ADAM12	0.00293079507202913	148	0.00251260521532728	0.248470225324567	0.188833400923867	laminin	FALSE	9	275
LAMB2	ADAM12	0.00263642220656532	148	0.00251260521532728	0.248470225324567	0.188833400923867	laminin	FALSE	10	263
LAMC1	VCAN	0.0044709485254205	149	0.00250492871496236	0.244727346261471	0.188833400923867	laminin	FALSE	1	278
COL18A1	VCAN	0.00431325064480888	149	0.00250492871496236	0.244727346261471	0.188833400923867	collagen-associated	FALSE	2	292
NID2	VCAN	0.00390207208568755	149	0.00250492871496236	0.244727346261471	0.188833400923867	linker/proteoglycan	FALSE	3	281
NID1	VCAN	0.00377464894550359	149	0.00250492871496236	0.244727346261471	0.188833400923867	linker/proteoglycan	FALSE	4	256
COL4A2	VCAN	0.00353844422486596	149	0.00250492871496236	0.244727346261471	0.188833400923867	collagen-associated	FALSE	5	293
COL4A1	VCAN	0.00343200220285746	149	0.00250492871496236	0.244727346261471	0.188833400923867	collagen-associated	FALSE	6	285
LAMA4	VCAN	0.00336327608351381	149	0.00250492871496236	0.244727346261471	0.188833400923867	laminin	FALSE	7	275
LAMB1	VCAN	0.00285333895291461	149	0.00250492871496236	0.244727346261471	0.188833400923867	laminin	FALSE	8	284
HSPG2	VCAN	0.00282386428830205	149	0.00250492871496236	0.244727346261471	0.188833400923867	linker/proteoglycan	FALSE	9	296
LAMB2	VCAN	0.00245507899622458	149	0.00250492871496236	0.244727346261471	0.188833400923867	laminin	FALSE	10	290
LAMC1	LAMC2	0.00511069398751207	150	0.00250192782513635	0.199777891992094	0.188833400923867	laminin	FALSE	1	221
NID2	LAMC2	0.00509706297589067	150	0.00250192782513635	0.199777891992094	0.188833400923867	linker/proteoglycan	FALSE	2	164
COL18A1	LAMC2	0.00479246721309646	150	0.00250192782513635	0.199777891992094	0.188833400923867	collagen-associated	FALSE	3	244
NID1	LAMC2	0.0041630925747898	150	0.00250192782513635	0.199777891992094	0.188833400923867	linker/proteoglycan	FALSE	4	209
COL4A2	LAMC2	0.0039228637477212	150	0.00250192782513635	0.199777891992094	0.188833400923867	collagen-associated	FALSE	5	243
LAMA4	LAMC2	0.00391796428355995	150	0.00250192782513635	0.199777891992094	0.188833400923867	laminin	FALSE	6	201
COL4A1	LAMC2	0.00381943944423423	150	0.00250192782513635	0.199777891992094	0.188833400923867	collagen-associated	FALSE	7	238
LAMB1	LAMC2	0.00329960932752773	150	0.00250192782513635	0.199777891992094	0.188833400923867	laminin	FALSE	8	219
HSPG2	LAMC2	0.00306070117938441	150	0.00250192782513635	0.199777891992094	0.188833400923867	linker/proteoglycan	FALSE	9	263
LAMB2	LAMC2	0.00295570912160919	150	0.00250192782513635	0.199777891992094	0.188833400923867	laminin	FALSE	10	214
LAMC1	FST	0.0125953925873647	151	0.00249154244300938	0.239817855125411	0.188833400923867	laminin	FALSE	1	8
COL18A1	FST	0.0111317653014102	151	0.00249154244300938	0.239817855125411	0.188833400923867	collagen-associated	FALSE	2	16
NID2	FST	0.00885586165699057	151	0.00249154244300938	0.239817855125411	0.188833400923867	linker/proteoglycan	FALSE	3	36
COL4A1	FST	0.00791733571615745	151	0.00249154244300938	0.239817855125411	0.188833400923867	collagen-associated	FALSE	4	41
COL4A2	FST	0.0071597793772349	151	0.00249154244300938	0.239817855125411	0.188833400923867	collagen-associated	FALSE	5	33
LAMB1	FST	0.00592268222860778	151	0.00249154244300938	0.239817855125411	0.188833400923867	laminin	FALSE	6	39
NID1	FST	0.00576642865848305	151	0.00249154244300938	0.239817855125411	0.188833400923867	linker/proteoglycan	FALSE	7	89
HSPG2	FST	0.0056548507096862	151	0.00249154244300938	0.239817855125411	0.188833400923867	linker/proteoglycan	FALSE	8	45
LAMA4	FST	0.00524939341452895	151	0.00249154244300938	0.239817855125411	0.188833400923867	laminin	FALSE	9	91
LAMB2	FST	0.00405198254093666	151	0.00249154244300938	0.239817855125411	0.188833400923867	laminin	FALSE	10	83
LAMC1	SEMA3G	0.00473497458566735	152	0.00248853342673913	0.214991110231889	0.188833400923867	laminin	FALSE	1	257
COL18A1	SEMA3G	0.00449035258640812	152	0.00248853342673913	0.214991110231889	0.188833400923867	collagen-associated	FALSE	2	277
NID2	SEMA3G	0.00426839038426417	152	0.00248853342673913	0.214991110231889	0.188833400923867	linker/proteoglycan	FALSE	3	262
COL4A1	SEMA3G	0.00393039801954236	152	0.00248853342673913	0.214991110231889	0.188833400923867	collagen-associated	FALSE	4	230
NID1	SEMA3G	0.00368335264190142	152	0.00248853342673913	0.214991110231889	0.188833400923867	linker/proteoglycan	FALSE	5	265
COL4A2	SEMA3G	0.00365498631976419	152	0.00248853342673913	0.214991110231889	0.188833400923867	collagen-associated	FALSE	6	281
LAMA4	SEMA3G	0.00332181257951891	152	0.00248853342673913	0.214991110231889	0.188833400923867	laminin	FALSE	7	279
LAMB1	SEMA3G	0.00305357180438902	152	0.00248853342673913	0.214991110231889	0.188833400923867	laminin	FALSE	8	257
HSPG2	SEMA3G	0.00256953563669689	152	0.00248853342673913	0.214991110231889	0.188833400923867	linker/proteoglycan	FALSE	9	314
LAMB2	SEMA3G	0.00229910955988372	152	0.00248853342673913	0.214991110231889	0.188833400923867	laminin	FALSE	10	308
COL18A1	CCN1	0.0127017783619506	153	0.00248839731756274	0.221177208940206	0.188833400923867	collagen-associated	FALSE	1	10
LAMC1	CCN1	0.011261901299044	153	0.00248839731756274	0.221177208940206	0.188833400923867	laminin	FALSE	2	14
COL4A2	CCN1	0.0111771753014234	153	0.00248839731756274	0.221177208940206	0.188833400923867	collagen-associated	FALSE	3	5
NID2	CCN1	0.0107481370363003	153	0.00248839731756274	0.221177208940206	0.188833400923867	linker/proteoglycan	FALSE	4	21
NID1	CCN1	0.0100083345624627	153	0.00248839731756274	0.221177208940206	0.188833400923867	linker/proteoglycan	FALSE	5	11
LAMA4	CCN1	0.00973918016918294	153	0.00248839731756274	0.221177208940206	0.188833400923867	laminin	FALSE	6	8
COL4A1	CCN1	0.00882752769064066	153	0.00248839731756274	0.221177208940206	0.188833400923867	collagen-associated	FALSE	7	30
HSPG2	CCN1	0.00696780361801242	153	0.00248839731756274	0.221177208940206	0.188833400923867	linker/proteoglycan	FALSE	8	22
LAMB1	CCN1	0.00657589172524853	153	0.00248839731756274	0.221177208940206	0.188833400923867	laminin	FALSE	9	26
LAMB2	CCN1	0.00638213633074725	153	0.00248839731756274	0.221177208940206	0.188833400923867	laminin	FALSE	10	17
COL18A1	COL8A1	0.0052627107832413	154	0.00248339602852459	0.224324344278472	0.188833400923867	collagen-associated	FALSE	1	201
LAMC1	COL8A1	0.00525691229548264	154	0.00248339602852459	0.224324344278472	0.188833400923867	laminin	FALSE	2	209
NID2	COL8A1	0.0046712630685476	154	0.00248339602852459	0.224324344278472	0.188833400923867	linker/proteoglycan	FALSE	3	222
NID1	COL8A1	0.00414188174495051	154	0.00248339602852459	0.224324344278472	0.188833400923867	linker/proteoglycan	FALSE	4	212
LAMA4	COL8A1	0.00383887476602657	154	0.00248339602852459	0.224324344278472	0.188833400923867	laminin	FALSE	5	212
COL4A2	COL8A1	0.00379353279203865	154	0.00248339602852459	0.224324344278472	0.188833400923867	collagen-associated	FALSE	6	262
COL4A1	COL8A1	0.00375249857749114	154	0.00248339602852459	0.224324344278472	0.188833400923867	collagen-associated	FALSE	7	250
HSPG2	COL8A1	0.00352883404418946	154	0.00248339602852459	0.224324344278472	0.188833400923867	linker/proteoglycan	FALSE	8	201
LAMB1	COL8A1	0.00326803160058569	154	0.00248339602852459	0.224324344278472	0.188833400923867	laminin	FALSE	9	225
LAMB2	COL8A1	0.00313854557386987	154	0.00248339602852459	0.224324344278472	0.188833400923867	laminin	FALSE	10	193
LAMC1	MFGE8	0.00542632623590395	155	0.00247765446808619	0.277953119390389	0.188833400923867	laminin	FALSE	1	192
NID1	MFGE8	0.00531845949410457	155	0.00247765446808619	0.277953119390389	0.188833400923867	linker/proteoglycan	FALSE	2	112
COL18A1	MFGE8	0.00525518693102783	155	0.00247765446808619	0.277953119390389	0.188833400923867	collagen-associated	FALSE	3	203
NID2	MFGE8	0.00524048233379077	155	0.00247765446808619	0.277953119390389	0.188833400923867	linker/proteoglycan	FALSE	4	151
COL4A2	MFGE8	0.00477778295854002	155	0.00247765446808619	0.277953119390389	0.188833400923867	collagen-associated	FALSE	5	138
COL4A1	MFGE8	0.00477461242651433	155	0.00247765446808619	0.277953119390389	0.188833400923867	collagen-associated	FALSE	6	142
LAMA4	MFGE8	0.0038942417562589	155	0.00247765446808619	0.277953119390389	0.188833400923867	laminin	FALSE	7	205
LAMB1	MFGE8	0.00372182099874531	155	0.00247765446808619	0.277953119390389	0.188833400923867	laminin	FALSE	8	174
LAMB2	MFGE8	0.00367942435966534	155	0.00247765446808619	0.277953119390389	0.188833400923867	laminin	FALSE	9	127
HSPG2	MFGE8	0.00343725222988883	155	0.00247765446808619	0.277953119390389	0.188833400923867	linker/proteoglycan	FALSE	10	215
COL18A1	A2M	0.00598595874078732	156	0.00247410808234867	0.240523927199971	0.188833400923867	collagen-associated	FALSE	1	147
LAMC1	A2M	0.00568186105709972	156	0.00247410808234867	0.240523927199971	0.188833400923867	laminin	FALSE	2	169
NID2	A2M	0.00545456718754562	156	0.00247410808234867	0.240523927199971	0.188833400923867	linker/proteoglycan	FALSE	3	139
NID1	A2M	0.00517077318711044	156	0.00247410808234867	0.240523927199971	0.188833400923867	linker/proteoglycan	FALSE	4	125
COL4A2	A2M	0.00493016269255275	156	0.00247410808234867	0.240523927199971	0.188833400923867	collagen-associated	FALSE	5	124
COL4A1	A2M	0.00461764183831745	156	0.00247410808234867	0.240523927199971	0.188833400923867	collagen-associated	FALSE	6	156
LAMA4	A2M	0.00428903621989291	156	0.00247410808234867	0.240523927199971	0.188833400923867	laminin	FALSE	7	163
HSPG2	A2M	0.00392967626454675	156	0.00247410808234867	0.240523927199971	0.188833400923867	linker/proteoglycan	FALSE	8	159
LAMB1	A2M	0.00376605792928585	156	0.00247410808234867	0.240523927199971	0.188833400923867	laminin	FALSE	9	167
LAMB2	A2M	0.00373901630408697	156	0.00247410808234867	0.240523927199971	0.188833400923867	laminin	FALSE	10	116
NID2	LAMA3	0.00487303436598104	157	0.00246389181308233	0.237523429734776	0.188833400923867	linker/proteoglycan	FALSE	1	200
LAMC1	LAMA3	0.00487289349545377	157	0.00246389181308233	0.237523429734776	0.188833400923867	laminin	FALSE	2	245
COL18A1	LAMA3	0.00486634543475903	157	0.00246389181308233	0.237523429734776	0.188833400923867	collagen-associated	FALSE	3	234
COL4A2	LAMA3	0.00408864639186104	157	0.00246389181308233	0.237523429734776	0.188833400923867	collagen-associated	FALSE	4	221
NID1	LAMA3	0.00405429476881996	157	0.00246389181308233	0.237523429734776	0.188833400923867	linker/proteoglycan	FALSE	5	221
COL4A1	LAMA3	0.00393370538726282	157	0.00246389181308233	0.237523429734776	0.188833400923867	collagen-associated	FALSE	6	229
LAMA4	LAMA3	0.00373373638341687	157	0.00246389181308233	0.237523429734776	0.188833400923867	laminin	FALSE	7	225
LAMB1	LAMA3	0.00343536758862579	157	0.00246389181308233	0.237523429734776	0.188833400923867	laminin	FALSE	8	202
HSPG2	LAMA3	0.00323060371308161	157	0.00246389181308233	0.237523429734776	0.188833400923867	linker/proteoglycan	FALSE	9	228
LAMB2	LAMA3	0.00287869617280259	157	0.00246389181308233	0.237523429734776	0.188833400923867	laminin	FALSE	10	228
LAMC1	CDH1	0.00691880931760327	158	0.00246112858449625	0.259744190477253	0.188833400923867	laminin	FALSE	1	90
COL18A1	CDH1	0.00674685636931852	158	0.00246112858449625	0.259744190477253	0.188833400923867	collagen-associated	FALSE	2	108
COL4A2	CDH1	0.00599207428365744	158	0.00246112858449625	0.259744190477253	0.188833400923867	collagen-associated	FALSE	3	64
NID2	CDH1	0.00589417068455056	158	0.00246112858449625	0.259744190477253	0.188833400923867	linker/proteoglycan	FALSE	4	117
LAMA4	CDH1	0.00536093934019709	158	0.00246112858449625	0.259744190477253	0.188833400923867	laminin	FALSE	5	81
COL4A1	CDH1	0.00512666990210509	158	0.00246112858449625	0.259744190477253	0.188833400923867	collagen-associated	FALSE	6	106
NID1	CDH1	0.00499496053373988	158	0.00246112858449625	0.259744190477253	0.188833400923867	linker/proteoglycan	FALSE	7	138
HSPG2	CDH1	0.00445388999883495	158	0.00246112858449625	0.259744190477253	0.188833400923867	linker/proteoglycan	FALSE	8	120
LAMB1	CDH1	0.00439989669445187	158	0.00246112858449625	0.259744190477253	0.188833400923867	laminin	FALSE	9	108
LAMB2	CDH1	0.00367155515363709	158	0.00246112858449625	0.259744190477253	0.188833400923867	laminin	FALSE	10	128
NID2	NRG3	0.00503284766408904	159	0.00245653044669494	0.234584509118265	0.188833400923867	linker/proteoglycan	FALSE	1	172
LAMC1	NRG3	0.00492750291311592	159	0.00245653044669494	0.234584509118265	0.188833400923867	laminin	FALSE	2	238
LAMB1	NRG3	0.00396357010084933	159	0.00245653044669494	0.234584509118265	0.188833400923867	laminin	FALSE	3	146
COL18A1	NRG3	0.00394789700972115	159	0.00245653044669494	0.234584509118265	0.188833400923867	collagen-associated	FALSE	4	313
LAMA4	NRG3	0.00381846022747726	159	0.00245653044669494	0.234584509118265	0.188833400923867	laminin	FALSE	5	216
COL4A2	NRG3	0.00371664786106818	159	0.00245653044669494	0.234584509118265	0.188833400923867	collagen-associated	FALSE	6	272
NID1	NRG3	0.00357917107552051	159	0.00245653044669494	0.234584509118265	0.188833400923867	linker/proteoglycan	FALSE	7	280
LAMB2	NRG3	0.00343992438358329	159	0.00245653044669494	0.234584509118265	0.188833400923867	laminin	FALSE	8	150
COL4A1	NRG3	0.00330185686490003	159	0.00245653044669494	0.234584509118265	0.188833400923867	collagen-associated	FALSE	9	296
HSPG2	NRG3	0.00287931268315506	159	0.00245653044669494	0.234584509118265	0.188833400923867	linker/proteoglycan	FALSE	10	285
COL18A1	COL4A1	0.00491395045490749	160	0.00244163635903537	0.244561854833908	0.188833400923867	collagen-associated	FALSE	1	227
LAMC1	COL4A1	0.0048086769701435	160	0.00244163635903537	0.244561854833908	0.188833400923867	laminin	FALSE	2	252
NID2	COL4A1	0.00471870232584138	160	0.00244163635903537	0.244561854833908	0.188833400923867	linker/proteoglycan	FALSE	3	217
COL4A2	COL4A1	0.00447718673369673	160	0.00244163635903537	0.244561854833908	0.188833400923867	collagen-associated	FALSE	4	178
COL4A1	COL4A1	0.00429501585165331	160	0.00244163635903537	0.244561854833908	0.188833400923867	collagen-associated	FALSE	5	191
LAMA4	COL4A1	0.00389540938644744	160	0.00244163635903537	0.244561854833908	0.188833400923867	laminin	FALSE	6	204
NID1	COL4A1	0.00384075969475558	160	0.00244163635903537	0.244561854833908	0.188833400923867	linker/proteoglycan	FALSE	7	245
HSPG2	COL4A1	0.00332412907682912	160	0.00244163635903537	0.244561854833908	0.188833400923867	linker/proteoglycan	FALSE	8	222
LAMB1	COL4A1	0.00317591722545373	160	0.00244163635903537	0.244561854833908	0.188833400923867	laminin	FALSE	9	240
LAMB2	COL4A1	0.00286290516126213	160	0.00244163635903537	0.244561854833908	0.188833400923867	laminin	FALSE	10	232
COL18A1	VCAM1	0.00528639671696547	161	0.00243954280353295	0.23151287592582	0.188833400923867	collagen-associated	FALSE	1	200
LAMC1	VCAM1	0.00507239536440874	161	0.00243954280353295	0.23151287592582	0.188833400923867	laminin	FALSE	2	225
NID2	VCAM1	0.00491251863658066	161	0.00243954280353295	0.23151287592582	0.188833400923867	linker/proteoglycan	FALSE	3	190
NID1	VCAM1	0.00458907260073261	161	0.00243954280353295	0.23151287592582	0.188833400923867	linker/proteoglycan	FALSE	4	169
COL4A2	VCAM1	0.00450465286652059	161	0.00243954280353295	0.23151287592582	0.188833400923867	collagen-associated	FALSE	5	175
COL4A1	VCAM1	0.00428216236468425	161	0.00243954280353295	0.23151287592582	0.188833400923867	collagen-associated	FALSE	6	192
LAMA4	VCAM1	0.00399002765771503	161	0.00243954280353295	0.23151287592582	0.188833400923867	laminin	FALSE	7	191
HSPG2	VCAM1	0.00388214468292781	161	0.00243954280353295	0.23151287592582	0.188833400923867	linker/proteoglycan	FALSE	8	161
LAMB1	VCAM1	0.00326871066151946	161	0.00243954280353295	0.23151287592582	0.188833400923867	laminin	FALSE	9	224
LAMB2	VCAM1	0.00316603138676474	161	0.00243954280353295	0.23151287592582	0.188833400923867	laminin	FALSE	10	187
COL18A1	LAMA4	0.00764859296847464	162	0.00242482471129308	0.229002083955648	0.188833400923867	collagen-associated	FALSE	1	71
LAMA4	LAMA4	0.00632265157110993	162	0.00242482471129308	0.229002083955648	0.188833400923867	laminin	FALSE	2	48
LAMC1	LAMA4	0.00579449972825414	162	0.00242482471129308	0.229002083955648	0.188833400923867	laminin	FALSE	3	157
NID2	LAMA4	0.00556500357208026	162	0.00242482471129308	0.229002083955648	0.188833400923867	linker/proteoglycan	FALSE	4	131
NID1	LAMA4	0.00554069368337029	162	0.00242482471129308	0.229002083955648	0.188833400923867	linker/proteoglycan	FALSE	5	101
COL4A1	LAMA4	0.00496082870320987	162	0.00242482471129308	0.229002083955648	0.188833400923867	collagen-associated	FALSE	6	119
HSPG2	LAMA4	0.00461919237753089	162	0.00242482471129308	0.229002083955648	0.188833400923867	linker/proteoglycan	FALSE	7	102
COL4A2	LAMA4	0.00445869113294607	162	0.00242482471129308	0.229002083955648	0.188833400923867	collagen-associated	FALSE	8	179
LAMB1	LAMA4	0.00429655072330161	162	0.00242482471129308	0.229002083955648	0.188833400923867	laminin	FALSE	9	115
LAMB2	LAMA4	0.00323298493986754	162	0.00242482471129308	0.229002083955648	0.188833400923867	laminin	FALSE	10	177
LAMC1	FBN1	0.00534941681353596	163	0.00241421822761638	0.233110715730937	0.188833400923867	laminin	FALSE	1	204
COL18A1	FBN1	0.00488097733957419	163	0.00241421822761638	0.233110715730937	0.188833400923867	collagen-associated	FALSE	2	230
COL4A1	FBN1	0.00430722583384167	163	0.00241421822761638	0.233110715730937	0.188833400923867	collagen-associated	FALSE	3	186
NID2	FBN1	0.00415148587836722	163	0.00241421822761638	0.233110715730937	0.188833400923867	linker/proteoglycan	FALSE	4	268
COL4A2	FBN1	0.00414941551724126	163	0.00241421822761638	0.233110715730937	0.188833400923867	collagen-associated	FALSE	5	208
NID1	FBN1	0.00392747611361269	163	0.00241421822761638	0.233110715730937	0.188833400923867	linker/proteoglycan	FALSE	6	234
HSPG2	FBN1	0.00364710070429185	163	0.00241421822761638	0.233110715730937	0.188833400923867	linker/proteoglycan	FALSE	7	191
LAMB1	FBN1	0.00364490299262974	163	0.00241421822761638	0.233110715730937	0.188833400923867	laminin	FALSE	8	182
LAMA4	FBN1	0.00350708079054792	163	0.00241421822761638	0.233110715730937	0.188833400923867	laminin	FALSE	9	252
LAMB2	FBN1	0.00267775610294261	163	0.00241421822761638	0.233110715730937	0.188833400923867	laminin	FALSE	10	254
COL18A1	GGT1	0.00358634758441844	164	0.00241382583585238	0.229149199827365	0.188833400923867	collagen-associated	FALSE	1	319
LAMC1	GGT1	0.00341904591448349	164	0.00241382583585238	0.229149199827365	0.188833400923867	laminin	FALSE	2	317
NID2	GGT1	0.0031533985176852	164	0.00241382583585238	0.229149199827365	0.188833400923867	linker/proteoglycan	FALSE	3	317
COL4A2	GGT1	0.00301092253188537	164	0.00241382583585238	0.229149199827365	0.188833400923867	collagen-associated	FALSE	4	317
NID1	GGT1	0.00299451972616785	164	0.00241382583585238	0.229149199827365	0.188833400923867	linker/proteoglycan	FALSE	5	318
LAMA4	GGT1	0.00281697828050605	164	0.00241382583585238	0.229149199827365	0.188833400923867	laminin	FALSE	6	317
COL4A1	GGT1	0.00274362336875296	164	0.00241382583585238	0.229149199827365	0.188833400923867	collagen-associated	FALSE	7	317
HSPG2	GGT1	0.00242869757397497	164	0.00241382583585238	0.229149199827365	0.188833400923867	linker/proteoglycan	FALSE	8	317
LAMB1	GGT1	0.00231188702522223	164	0.00241382583585238	0.229149199827365	0.188833400923867	laminin	FALSE	9	318
LAMB2	GGT1	0.0022037983484855	164	0.00241382583585238	0.229149199827365	0.188833400923867	laminin	FALSE	10	316
COL18A1	CALM1	0.00607958139451068	165	0.00239302110152101	0.215552266078076	0.188833400923867	collagen-associated	FALSE	1	142
LAMC1	CALM1	0.00581182922974963	165	0.00239302110152101	0.215552266078076	0.188833400923867	laminin	FALSE	2	155
NID2	CALM1	0.00513083390236187	165	0.00239302110152101	0.215552266078076	0.188833400923867	linker/proteoglycan	FALSE	3	161
LAMA4	CALM1	0.00487429192687029	165	0.00239302110152101	0.215552266078076	0.188833400923867	laminin	FALSE	4	117
COL4A2	CALM1	0.00460974301975295	165	0.00239302110152101	0.215552266078076	0.188833400923867	collagen-associated	FALSE	5	155
NID1	CALM1	0.00459624623723768	165	0.00239302110152101	0.215552266078076	0.188833400923867	linker/proteoglycan	FALSE	6	168
COL4A1	CALM1	0.00428134715067	165	0.00239302110152101	0.215552266078076	0.188833400923867	collagen-associated	FALSE	7	193
HSPG2	CALM1	0.00398090353537177	165	0.00239302110152101	0.215552266078076	0.188833400923867	linker/proteoglycan	FALSE	8	154
LAMB1	CALM1	0.00359711377274755	165	0.00239302110152101	0.215552266078076	0.188833400923867	laminin	FALSE	9	186
LAMB2	CALM1	0.00317800977774363	165	0.00239302110152101	0.215552266078076	0.188833400923867	laminin	FALSE	10	186
LAMC1	TNC	0.00625890339397501	166	0.00238389995517305	0.226302577412178	0.188833400923867	laminin	FALSE	1	129
NID2	TNC	0.00599357819599392	166	0.00238389995517305	0.226302577412178	0.188833400923867	linker/proteoglycan	FALSE	2	106
COL18A1	TNC	0.00575901809706947	166	0.00238389995517305	0.226302577412178	0.188833400923867	collagen-associated	FALSE	3	167
COL4A2	TNC	0.0048746080966019	166	0.00238389995517305	0.226302577412178	0.188833400923867	collagen-associated	FALSE	4	129
COL4A1	TNC	0.0046569137408773	166	0.00238389995517305	0.226302577412178	0.188833400923867	collagen-associated	FALSE	5	150
LAMA4	TNC	0.00462371341991804	166	0.00238389995517305	0.226302577412178	0.188833400923867	laminin	FALSE	6	134
NID1	TNC	0.00438136435498684	166	0.00238389995517305	0.226302577412178	0.188833400923867	linker/proteoglycan	FALSE	7	190
HSPG2	TNC	0.00419505844493206	166	0.00238389995517305	0.226302577412178	0.188833400923867	linker/proteoglycan	FALSE	8	137
LAMB2	TNC	0.00369641448392711	166	0.00238389995517305	0.226302577412178	0.188833400923867	laminin	FALSE	9	125
LAMB1	TNC	0.0036044239057318	166	0.00238389995517305	0.226302577412178	0.188833400923867	laminin	FALSE	10	185
NID2	TFPI	0.00490780756733516	167	0.00237369660101006	0.23609008122771	0.188833400923867	linker/proteoglycan	FALSE	1	191
LAMC1	TFPI	0.00482022767730201	167	0.00237369660101006	0.23609008122771	0.188833400923867	laminin	FALSE	2	251
NID1	TFPI	0.00448080928413621	167	0.00237369660101006	0.23609008122771	0.188833400923867	linker/proteoglycan	FALSE	3	181
COL18A1	TFPI	0.00443345267786325	167	0.00237369660101006	0.23609008122771	0.188833400923867	collagen-associated	FALSE	4	282
LAMA4	TFPI	0.00431736785499682	167	0.00237369660101006	0.23609008122771	0.188833400923867	laminin	FALSE	5	157
COL4A2	TFPI	0.00414604921658041	167	0.00237369660101006	0.23609008122771	0.188833400923867	collagen-associated	FALSE	6	209
COL4A1	TFPI	0.0038143472931925	167	0.00237369660101006	0.23609008122771	0.188833400923867	collagen-associated	FALSE	7	242
HSPG2	TFPI	0.0035080357605393	167	0.00237369660101006	0.23609008122771	0.188833400923867	linker/proteoglycan	FALSE	8	205
LAMB1	TFPI	0.00293497851121085	167	0.00237369660101006	0.23609008122771	0.188833400923867	laminin	FALSE	9	272
LAMB2	TFPI	0.00277915352491621	167	0.00237369660101006	0.23609008122771	0.188833400923867	laminin	FALSE	10	242
COL18A1	JAM3	0.00550253729396767	168	0.00236069416879416	0.217966471253299	0.188833400923867	collagen-associated	FALSE	1	183
COL4A1	JAM3	0.00516723737787109	168	0.00236069416879416	0.217966471253299	0.188833400923867	collagen-associated	FALSE	2	100
LAMC1	JAM3	0.0051205085426285	168	0.00236069416879416	0.217966471253299	0.188833400923867	laminin	FALSE	3	219
NID1	JAM3	0.00488240932244479	168	0.00236069416879416	0.217966471253299	0.188833400923867	linker/proteoglycan	FALSE	4	147
NID2	JAM3	0.00482498010312604	168	0.00236069416879416	0.217966471253299	0.188833400923867	linker/proteoglycan	FALSE	5	205
COL4A2	JAM3	0.00468642873498059	168	0.00236069416879416	0.217966471253299	0.188833400923867	collagen-associated	FALSE	6	146
LAMB1	JAM3	0.00445015565590349	168	0.00236069416879416	0.217966471253299	0.188833400923867	laminin	FALSE	7	107
LAMA4	JAM3	0.00420378171927644	168	0.00236069416879416	0.217966471253299	0.188833400923867	laminin	FALSE	8	173
HSPG2	JAM3	0.0038017039047363	168	0.00236069416879416	0.217966471253299	0.188833400923867	linker/proteoglycan	FALSE	9	171
LAMB2	JAM3	0.0033525535734317	168	0.00236069416879416	0.217966471253299	0.188833400923867	laminin	FALSE	10	160
COL18A1	LAMB3	0.00535051533751011	169	0.00235817224221735	0.242859206594365	0.188833400923867	collagen-associated	FALSE	1	193
NID2	LAMB3	0.00497761409304899	169	0.00235817224221735	0.242859206594365	0.188833400923867	linker/proteoglycan	FALSE	2	180
LAMC1	LAMB3	0.00484408669016098	169	0.00235817224221735	0.242859206594365	0.188833400923867	laminin	FALSE	3	247
NID1	LAMB3	0.00454421842119474	169	0.00235817224221735	0.242859206594365	0.188833400923867	linker/proteoglycan	FALSE	4	175
COL4A2	LAMB3	0.00408143857093073	169	0.00235817224221735	0.242859206594365	0.188833400923867	collagen-associated	FALSE	5	224
COL4A1	LAMB3	0.00405438334007881	169	0.00235817224221735	0.242859206594365	0.188833400923867	collagen-associated	FALSE	6	214
LAMA4	LAMB3	0.00372037045186912	169	0.00235817224221735	0.242859206594365	0.188833400923867	laminin	FALSE	7	227
HSPG2	LAMB3	0.00358797717632739	169	0.00235817224221735	0.242859206594365	0.188833400923867	linker/proteoglycan	FALSE	8	193
LAMB1	LAMB3	0.00336310070027483	169	0.00235817224221735	0.242859206594365	0.188833400923867	laminin	FALSE	9	209
LAMB2	LAMB3	0.00326304041345988	169	0.00235817224221735	0.242859206594365	0.188833400923867	laminin	FALSE	10	172
COL18A1	COL4A5	0.00478998683622752	170	0.00234822233578088	0.206439708213345	0.188833400923867	collagen-associated	FALSE	1	245
LAMC1	COL4A5	0.00468528974735399	170	0.00234822233578088	0.206439708213345	0.188833400923867	laminin	FALSE	2	261
NID2	COL4A5	0.00432787369372513	170	0.00234822233578088	0.206439708213345	0.188833400923867	linker/proteoglycan	FALSE	3	253
COL4A2	COL4A5	0.00396403416283494	170	0.00234822233578088	0.206439708213345	0.188833400923867	collagen-associated	FALSE	4	238
COL4A1	COL4A5	0.0035727914776615	170	0.00234822233578088	0.206439708213345	0.188833400923867	collagen-associated	FALSE	5	268
NID1	COL4A5	0.0034847576323655	170	0.00234822233578088	0.206439708213345	0.188833400923867	linker/proteoglycan	FALSE	6	290
LAMA4	COL4A5	0.00336988514514985	170	0.00234822233578088	0.206439708213345	0.188833400923867	laminin	FALSE	7	274
HSPG2	COL4A5	0.00301658708154684	170	0.00234822233578088	0.206439708213345	0.188833400923867	linker/proteoglycan	FALSE	8	268
LAMB1	COL4A5	0.00283770754352864	170	0.00234822233578088	0.206439708213345	0.188833400923867	laminin	FALSE	9	286
LAMB2	COL4A5	0.00275048957406392	170	0.00234822233578088	0.206439708213345	0.188833400923867	laminin	FALSE	10	244
COL18A1	SYT1	0.00621056255346404	171	0.00234576674578906	0.200112258389854	0.188833400923867	collagen-associated	FALSE	1	135
LAMC1	SYT1	0.00589324313497311	171	0.00234576674578906	0.200112258389854	0.188833400923867	laminin	FALSE	2	150
NID2	SYT1	0.00570403717595382	171	0.00234576674578906	0.200112258389854	0.188833400923867	linker/proteoglycan	FALSE	3	122
NID1	SYT1	0.00545020675128892	171	0.00234576674578906	0.200112258389854	0.188833400923867	linker/proteoglycan	FALSE	4	105
LAMA4	SYT1	0.00514551412011164	171	0.00234576674578906	0.200112258389854	0.188833400923867	laminin	FALSE	5	98
COL4A1	SYT1	0.00508778634633055	171	0.00234576674578906	0.200112258389854	0.188833400923867	collagen-associated	FALSE	6	110
COL4A2	SYT1	0.0049014789636964	171	0.00234576674578906	0.200112258389854	0.188833400923867	collagen-associated	FALSE	7	125
HSPG2	SYT1	0.00435919999493821	171	0.00234576674578906	0.200112258389854	0.188833400923867	linker/proteoglycan	FALSE	8	125
LAMB1	SYT1	0.00381267438975239	171	0.00234576674578906	0.200112258389854	0.188833400923867	laminin	FALSE	9	163
LAMB2	SYT1	0.00369744550826547	171	0.00234576674578906	0.200112258389854	0.188833400923867	laminin	FALSE	10	124
NID1	GPC6	0.0107269636067493	172	0.0023409272845822	0.219034164900429	0.188833400923867	linker/proteoglycan	FALSE	1	8
LAMC1	GPC6	0.00940974767173923	172	0.0023409272845822	0.219034164900429	0.188833400923867	laminin	FALSE	2	36
COL18A1	GPC6	0.00880057029685477	172	0.0023409272845822	0.219034164900429	0.188833400923867	collagen-associated	FALSE	3	47
HSPG2	GPC6	0.00736417666001269	172	0.0023409272845822	0.219034164900429	0.188833400923867	linker/proteoglycan	FALSE	4	20
COL4A2	GPC6	0.00688534613111689	172	0.0023409272845822	0.219034164900429	0.188833400923867	collagen-associated	FALSE	5	43
LAMA4	GPC6	0.00675603310416683	172	0.0023409272845822	0.219034164900429	0.188833400923867	laminin	FALSE	6	38
NID2	GPC6	0.00598418959833281	172	0.0023409272845822	0.219034164900429	0.188833400923867	linker/proteoglycan	FALSE	7	108
LAMB2	GPC6	0.0048814778535514	172	0.0023409272845822	0.219034164900429	0.188833400923867	laminin	FALSE	8	49
COL4A1	GPC6	0.00445407523031044	172	0.0023409272845822	0.219034164900429	0.188833400923867	collagen-associated	FALSE	9	170
LAMB1	GPC6	0.00410560287570775	172	0.0023409272845822	0.219034164900429	0.188833400923867	laminin	FALSE	10	130
COL18A1	SEMA4B	0.00466281198207618	173	0.00232816945578769	0.215052660993932	0.188833400923867	collagen-associated	FALSE	1	257
LAMC1	SEMA4B	0.00436716308518967	173	0.00232816945578769	0.215052660993932	0.188833400923867	laminin	FALSE	2	290
NID1	SEMA4B	0.00394833738746211	173	0.00232816945578769	0.215052660993932	0.188833400923867	linker/proteoglycan	FALSE	3	230
NID2	SEMA4B	0.00381271955460323	173	0.00232816945578769	0.215052660993932	0.188833400923867	linker/proteoglycan	FALSE	4	292
LAMA4	SEMA4B	0.00366977439402341	173	0.00232816945578769	0.215052660993932	0.188833400923867	laminin	FALSE	5	229
COL4A1	SEMA4B	0.00344452196801524	173	0.00232816945578769	0.215052660993932	0.188833400923867	collagen-associated	FALSE	6	282
COL4A2	SEMA4B	0.00343316114863734	173	0.00232816945578769	0.215052660993932	0.188833400923867	collagen-associated	FALSE	7	301
LAMB1	SEMA4B	0.00298933848866893	173	0.00232816945578769	0.215052660993932	0.188833400923867	laminin	FALSE	8	266
HSPG2	SEMA4B	0.00294705171246745	173	0.00232816945578769	0.215052660993932	0.188833400923867	linker/proteoglycan	FALSE	9	278
LAMB2	SEMA4B	0.00249091368918007	173	0.00232816945578769	0.215052660993932	0.188833400923867	laminin	FALSE	10	285
LAMC1	SERPING1	0.00506002600929848	174	0.00232627962401868	0.20284351265313	0.188833400923867	laminin	FALSE	1	227
COL18A1	SERPING1	0.00484231427223498	174	0.00232627962401868	0.20284351265313	0.188833400923867	collagen-associated	FALSE	2	239
NID2	SERPING1	0.00479228238185681	174	0.00232627962401868	0.20284351265313	0.188833400923867	linker/proteoglycan	FALSE	3	212
COL4A2	SERPING1	0.00379396931989441	174	0.00232627962401868	0.20284351265313	0.188833400923867	collagen-associated	FALSE	4	261
NID1	SERPING1	0.00377905053733483	174	0.00232627962401868	0.20284351265313	0.188833400923867	linker/proteoglycan	FALSE	5	255
COL4A1	SERPING1	0.00374370905378068	174	0.00232627962401868	0.20284351265313	0.188833400923867	collagen-associated	FALSE	6	252
LAMB1	SERPING1	0.00346246184612939	174	0.00232627962401868	0.20284351265313	0.188833400923867	laminin	FALSE	7	199
LAMA4	SERPING1	0.00329090703190095	174	0.00232627962401868	0.20284351265313	0.188833400923867	laminin	FALSE	8	284
HSPG2	SERPING1	0.00284727937708106	174	0.00232627962401868	0.20284351265313	0.188833400923867	linker/proteoglycan	FALSE	9	292
LAMB2	SERPING1	0.0028360766060072	174	0.00232627962401868	0.20284351265313	0.188833400923867	laminin	FALSE	10	236
LAMC1	IL16	0.00600859164131942	175	0.00232055158911901	0.199200968639126	0.188833400923867	laminin	FALSE	1	141
COL18A1	IL16	0.00574173238873801	175	0.00232055158911901	0.199200968639126	0.188833400923867	collagen-associated	FALSE	2	168
COL4A1	IL16	0.00527414210650101	175	0.00232055158911901	0.199200968639126	0.188833400923867	collagen-associated	FALSE	3	98
NID2	IL16	0.0051842720593911	175	0.00232055158911901	0.199200968639126	0.188833400923867	linker/proteoglycan	FALSE	4	156
LAMA4	IL16	0.0047451148164208	175	0.00232055158911901	0.199200968639126	0.188833400923867	laminin	FALSE	5	123
COL4A2	IL16	0.00473795557375248	175	0.00232055158911901	0.199200968639126	0.188833400923867	collagen-associated	FALSE	6	141
NID1	IL16	0.0047198633144982	175	0.00232055158911901	0.199200968639126	0.188833400923867	linker/proteoglycan	FALSE	7	163
HSPG2	IL16	0.00463051104744617	175	0.00232055158911901	0.199200968639126	0.188833400923867	linker/proteoglycan	FALSE	8	99
LAMB1	IL16	0.00399006390324827	175	0.00232055158911901	0.199200968639126	0.188833400923867	laminin	FALSE	9	142
LAMB2	IL16	0.00365419188989147	175	0.00232055158911901	0.199200968639126	0.188833400923867	laminin	FALSE	10	130
COL18A1	ST6GAL1	0.004735753211271	176	0.00231749077217989	0.269459771619624	0.188833400923867	collagen-associated	FALSE	1	252
LAMC1	ST6GAL1	0.00426349189530655	176	0.00231749077217989	0.269459771619624	0.188833400923867	laminin	FALSE	2	298
NID2	ST6GAL1	0.00386789152369098	176	0.00231749077217989	0.269459771619624	0.188833400923867	linker/proteoglycan	FALSE	3	284
COL4A1	ST6GAL1	0.00367402622126166	176	0.00231749077217989	0.269459771619624	0.188833400923867	collagen-associated	FALSE	4	257
COL4A2	ST6GAL1	0.00344088088972407	176	0.00231749077217989	0.269459771619624	0.188833400923867	collagen-associated	FALSE	5	299
NID1	ST6GAL1	0.00340881888149583	176	0.00231749077217989	0.269459771619624	0.188833400923867	linker/proteoglycan	FALSE	6	297
LAMA4	ST6GAL1	0.00296298431375734	176	0.00231749077217989	0.269459771619624	0.188833400923867	laminin	FALSE	7	311
HSPG2	ST6GAL1	0.00284347583649978	176	0.00231749077217989	0.269459771619624	0.188833400923867	linker/proteoglycan	FALSE	8	293
LAMB1	ST6GAL1	0.00266596378744825	176	0.00231749077217989	0.269459771619624	0.188833400923867	laminin	FALSE	9	303
LAMB2	ST6GAL1	0.00237390418363016	176	0.00231749077217989	0.269459771619624	0.188833400923867	laminin	FALSE	10	298
COL18A1	COL18A1	0.00704953410657685	177	0.00230080111384151	0.208493466591475	0.188833400923867	collagen-associated	FALSE	1	91
LAMC1	COL18A1	0.00584034455821901	177	0.00230080111384151	0.208493466591475	0.188833400923867	laminin	FALSE	2	154
COL4A2	COL18A1	0.00575823485255208	177	0.00230080111384151	0.208493466591475	0.188833400923867	collagen-associated	FALSE	3	74
NID2	COL18A1	0.00546808619239875	177	0.00230080111384151	0.208493466591475	0.188833400923867	linker/proteoglycan	FALSE	4	138
LAMB1	COL18A1	0.0050841278431496	177	0.00230080111384151	0.208493466591475	0.188833400923867	laminin	FALSE	5	68
COL4A1	COL18A1	0.0049974172273666	177	0.00230080111384151	0.208493466591475	0.188833400923867	collagen-associated	FALSE	6	115
HSPG2	COL18A1	0.00498897849761868	177	0.00230080111384151	0.208493466591475	0.188833400923867	linker/proteoglycan	FALSE	7	80
NID1	COL18A1	0.00484828502545792	177	0.00230080111384151	0.208493466591475	0.188833400923867	linker/proteoglycan	FALSE	8	149
LAMA4	COL18A1	0.00475912552734678	177	0.00230080111384151	0.208493466591475	0.188833400923867	laminin	FALSE	9	121
LAMB2	COL18A1	0.00341300528032012	177	0.00230080111384151	0.208493466591475	0.188833400923867	laminin	FALSE	10	153
COL18A1	COMP	0.00451482668619361	178	0.00229192913264662	0.179081795386163	0.188833400923867	collagen-associated	FALSE	1	273
LAMC1	COMP	0.00438282354922601	178	0.00229192913264662	0.179081795386163	0.188833400923867	laminin	FALSE	2	289
NID2	COMP	0.00398050132819552	178	0.00229192913264662	0.179081795386163	0.188833400923867	linker/proteoglycan	FALSE	3	278
NID1	COMP	0.00393338113828143	178	0.00229192913264662	0.179081795386163	0.188833400923867	linker/proteoglycan	FALSE	4	232
COL4A1	COMP	0.0038190819489345	178	0.00229192913264662	0.179081795386163	0.188833400923867	collagen-associated	FALSE	5	239
COL4A2	COMP	0.00373138585763033	178	0.00229192913264662	0.179081795386163	0.188833400923867	collagen-associated	FALSE	6	271
LAMA4	COMP	0.00350609998185256	178	0.00229192913264662	0.179081795386163	0.188833400923867	laminin	FALSE	7	254
HSPG2	COMP	0.00307132647268884	178	0.00229192913264662	0.179081795386163	0.188833400923867	linker/proteoglycan	FALSE	8	260
LAMB2	COMP	0.00281540971780587	178	0.00229192913264662	0.179081795386163	0.188833400923867	laminin	FALSE	9	237
LAMB1	COMP	0.00279674002577609	178	0.00229192913264662	0.179081795386163	0.188833400923867	laminin	FALSE	10	290
COL18A1	LGALS1	0.00579476736575313	179	0.00228631500362615	0.213537973770255	0.188833400923867	collagen-associated	FALSE	1	163
LAMC1	LGALS1	0.0057570402128364	179	0.00228631500362615	0.213537973770255	0.188833400923867	laminin	FALSE	2	160
NID2	LGALS1	0.00536707766433198	179	0.00228631500362615	0.213537973770255	0.188833400923867	linker/proteoglycan	FALSE	3	143
NID1	LGALS1	0.00479510716415378	179	0.00228631500362615	0.213537973770255	0.188833400923867	linker/proteoglycan	FALSE	4	158
LAMA4	LGALS1	0.00470858185044014	179	0.00228631500362615	0.213537973770255	0.188833400923867	laminin	FALSE	5	126
COL4A2	LGALS1	0.00441472600030674	179	0.00228631500362615	0.213537973770255	0.188833400923867	collagen-associated	FALSE	6	184
COL4A1	LGALS1	0.0043575305360682	179	0.00228631500362615	0.213537973770255	0.188833400923867	collagen-associated	FALSE	7	180
LAMB1	LGALS1	0.00411794021883708	179	0.00228631500362615	0.213537973770255	0.188833400923867	laminin	FALSE	8	129
HSPG2	LGALS1	0.00386179016687035	179	0.00228631500362615	0.213537973770255	0.188833400923867	linker/proteoglycan	FALSE	9	165
LAMB2	LGALS1	0.00313166725069704	179	0.00228631500362615	0.213537973770255	0.188833400923867	laminin	FALSE	10	194
LAMC1	LRPAP1	0.00591525929208069	180	0.00228152180669408	0.20964641859713	0.188833400923867	laminin	FALSE	1	149
COL18A1	LRPAP1	0.0055377685623814	180	0.00228152180669408	0.20964641859713	0.188833400923867	collagen-associated	FALSE	2	180
NID2	LRPAP1	0.0048176870014977	180	0.00228152180669408	0.20964641859713	0.188833400923867	linker/proteoglycan	FALSE	3	206
NID1	LRPAP1	0.0047574638532215	180	0.00228152180669408	0.20964641859713	0.188833400923867	linker/proteoglycan	FALSE	4	160
COL4A2	LRPAP1	0.00464351558800449	180	0.00228152180669408	0.20964641859713	0.188833400923867	collagen-associated	FALSE	5	150
COL4A1	LRPAP1	0.00440097487187618	180	0.00228152180669408	0.20964641859713	0.188833400923867	collagen-associated	FALSE	6	176
LAMA4	LRPAP1	0.00391603539878958	180	0.00228152180669408	0.20964641859713	0.188833400923867	laminin	FALSE	7	202
HSPG2	LRPAP1	0.00369308537420397	180	0.00228152180669408	0.20964641859713	0.188833400923867	linker/proteoglycan	FALSE	8	186
LAMB1	LRPAP1	0.00348096795982589	180	0.00228152180669408	0.20964641859713	0.188833400923867	laminin	FALSE	9	197
LAMB2	LRPAP1	0.00326240017789609	180	0.00228152180669408	0.20964641859713	0.188833400923867	laminin	FALSE	10	173
LAMC1	RGMA	0.00774951821288959	181	0.00228085890639914	0.209029503686007	0.188833400923867	laminin	FALSE	1	64
COL18A1	RGMA	0.0074506147305769	181	0.00228085890639914	0.209029503686007	0.188833400923867	collagen-associated	FALSE	2	80
COL4A1	RGMA	0.00601440179275503	181	0.00228085890639914	0.209029503686007	0.188833400923867	collagen-associated	FALSE	3	74
NID2	RGMA	0.00600290053798593	181	0.00228085890639914	0.209029503686007	0.188833400923867	linker/proteoglycan	FALSE	4	105
COL4A2	RGMA	0.00565919744441964	181	0.00228085890639914	0.209029503686007	0.188833400923867	collagen-associated	FALSE	5	81
LAMA4	RGMA	0.00512442700058601	181	0.00228085890639914	0.209029503686007	0.188833400923867	laminin	FALSE	6	99
NID1	RGMA	0.00494254758351978	181	0.00228085890639914	0.209029503686007	0.188833400923867	linker/proteoglycan	FALSE	7	142
LAMB1	RGMA	0.00487013080566284	181	0.00228085890639914	0.209029503686007	0.188833400923867	laminin	FALSE	8	81
HSPG2	RGMA	0.00477190620414823	181	0.00228085890639914	0.209029503686007	0.188833400923867	linker/proteoglycan	FALSE	9	92
LAMB2	RGMA	0.00333024225483766	181	0.00228085890639914	0.209029503686007	0.188833400923867	laminin	FALSE	10	162
LAMC1	AREG	0.00543565089348878	182	0.00227291398930775	0.19648050401399	0.188833400923867	laminin	FALSE	1	191
NID2	AREG	0.00495871118593206	182	0.00227291398930775	0.19648050401399	0.188833400923867	linker/proteoglycan	FALSE	2	183
COL18A1	AREG	0.00466517193792161	182	0.00227291398930775	0.19648050401399	0.188833400923867	collagen-associated	FALSE	3	256
NID1	AREG	0.00451447034840557	182	0.00227291398930775	0.19648050401399	0.188833400923867	linker/proteoglycan	FALSE	4	176
LAMB1	AREG	0.0041377302075102	182	0.00227291398930775	0.19648050401399	0.188833400923867	laminin	FALSE	5	128
COL4A2	AREG	0.00409563903877518	182	0.00227291398930775	0.19648050401399	0.188833400923867	collagen-associated	FALSE	6	218
LAMA4	AREG	0.00386429741082643	182	0.00227291398930775	0.19648050401399	0.188833400923867	laminin	FALSE	7	207
COL4A1	AREG	0.00362571539486277	182	0.00227291398930775	0.19648050401399	0.188833400923867	collagen-associated	FALSE	8	261
HSPG2	AREG	0.00360857069382513	182	0.00227291398930775	0.19648050401399	0.188833400923867	linker/proteoglycan	FALSE	9	192
LAMB2	AREG	0.0032643090420723	182	0.00227291398930775	0.19648050401399	0.188833400923867	laminin	FALSE	10	170
LAMC1	SOSTDC1	0.00416022425459994	183	0.00225708446594799	0.202903407825934	0.188833400923867	laminin	FALSE	1	302
COL18A1	SOSTDC1	0.00415398734431628	183	0.00225708446594799	0.202903407825934	0.188833400923867	collagen-associated	FALSE	2	301
NID2	SOSTDC1	0.00334672245273799	183	0.00225708446594799	0.202903407825934	0.188833400923867	linker/proteoglycan	FALSE	3	313
COL4A2	SOSTDC1	0.0033212489781292	183	0.00225708446594799	0.202903407825934	0.188833400923867	collagen-associated	FALSE	4	309
LAMA4	SOSTDC1	0.00325750432493403	183	0.00225708446594799	0.202903407825934	0.188833400923867	laminin	FALSE	5	290
NID1	SOSTDC1	0.00319858489022172	183	0.00225708446594799	0.202903407825934	0.188833400923867	linker/proteoglycan	FALSE	6	310
COL4A1	SOSTDC1	0.00309942433315441	183	0.00225708446594799	0.202903407825934	0.188833400923867	collagen-associated	FALSE	7	306
HSPG2	SOSTDC1	0.00268260378742052	183	0.00225708446594799	0.202903407825934	0.188833400923867	linker/proteoglycan	FALSE	8	308
LAMB1	SOSTDC1	0.00252238018725313	183	0.00225708446594799	0.202903407825934	0.188833400923867	laminin	FALSE	9	314
LAMB2	SOSTDC1	0.00223273094389527	183	0.00225708446594799	0.202903407825934	0.188833400923867	laminin	FALSE	10	315
COL18A1	TSPAN33	0.00299388128301759	184	0.00224839250548422	0.197338176600086	0.188833400923867	collagen-associated	FALSE	1	321
LAMC1	TSPAN33	0.00289648249166971	184	0.00224839250548422	0.197338176600086	0.188833400923867	laminin	FALSE	2	321
NID1	TSPAN33	0.00283317325571523	184	0.00224839250548422	0.197338176600086	0.188833400923867	linker/proteoglycan	FALSE	3	319
NID2	TSPAN33	0.00257587843187195	184	0.00224839250548422	0.197338176600086	0.188833400923867	linker/proteoglycan	FALSE	4	321
COL4A2	TSPAN33	0.00256066465291897	184	0.00224839250548422	0.197338176600086	0.188833400923867	collagen-associated	FALSE	5	321
COL4A1	TSPAN33	0.00251222039285505	184	0.00224839250548422	0.197338176600086	0.188833400923867	collagen-associated	FALSE	6	320
LAMA4	TSPAN33	0.00249400643745755	184	0.00224839250548422	0.197338176600086	0.188833400923867	laminin	FALSE	7	320
HSPG2	TSPAN33	0.00206978276632946	184	0.00224839250548422	0.197338176600086	0.188833400923867	linker/proteoglycan	FALSE	8	321
LAMB1	TSPAN33	0.00196315607052178	184	0.00224839250548422	0.197338176600086	0.188833400923867	laminin	FALSE	9	321
LAMB2	TSPAN33	0.00172024668046238	184	0.00224839250548422	0.197338176600086	0.188833400923867	laminin	FALSE	10	321
LAMC1	SEMA4D	0.00491485502868368	185	0.0022419547642122	0.199093072959332	0.188833400923867	laminin	FALSE	1	240
COL18A1	SEMA4D	0.00458617803942645	185	0.0022419547642122	0.199093072959332	0.188833400923867	collagen-associated	FALSE	2	265
LAMB1	SEMA4D	0.00454888172926404	185	0.0022419547642122	0.199093072959332	0.188833400923867	laminin	FALSE	3	101
NID2	SEMA4D	0.00435034508801917	185	0.0022419547642122	0.199093072959332	0.188833400923867	linker/proteoglycan	FALSE	4	250
COL4A1	SEMA4D	0.00410832017366547	185	0.0022419547642122	0.199093072959332	0.188833400923867	collagen-associated	FALSE	5	209
COL4A2	SEMA4D	0.00396535069457217	185	0.0022419547642122	0.199093072959332	0.188833400923867	collagen-associated	FALSE	6	237
LAMB2	SEMA4D	0.00386675934492452	185	0.0022419547642122	0.199093072959332	0.188833400923867	laminin	FALSE	7	102
NID1	SEMA4D	0.00375946878439968	185	0.0022419547642122	0.199093072959332	0.188833400923867	linker/proteoglycan	FALSE	8	258
HSPG2	SEMA4D	0.0033301357416696	185	0.0022419547642122	0.199093072959332	0.188833400923867	linker/proteoglycan	FALSE	9	221
LAMA4	SEMA4D	0.00324565385901285	185	0.0022419547642122	0.199093072959332	0.188833400923867	laminin	FALSE	10	291
COL18A1	NCAM1	0.00647747348952273	186	0.00223446115662055	0.195643664589858	0.188833400923867	collagen-associated	FALSE	1	123
LAMC1	NCAM1	0.00605265645881032	186	0.00223446115662055	0.195643664589858	0.188833400923867	laminin	FALSE	2	137
NID2	NCAM1	0.00492221018549213	186	0.00223446115662055	0.195643664589858	0.188833400923867	linker/proteoglycan	FALSE	3	187
COL4A2	NCAM1	0.00481223822248033	186	0.00223446115662055	0.195643664589858	0.188833400923867	collagen-associated	FALSE	4	134
COL4A1	NCAM1	0.00435088977797627	186	0.00223446115662055	0.195643664589858	0.188833400923867	collagen-associated	FALSE	5	181
NID1	NCAM1	0.00432884584949097	186	0.00223446115662055	0.195643664589858	0.188833400923867	linker/proteoglycan	FALSE	6	196
LAMA4	NCAM1	0.00425994489480772	186	0.00223446115662055	0.195643664589858	0.188833400923867	laminin	FALSE	7	166
HSPG2	NCAM1	0.00409930379728175	186	0.00223446115662055	0.195643664589858	0.188833400923867	linker/proteoglycan	FALSE	8	147
LAMB1	NCAM1	0.00387381223005492	186	0.00223446115662055	0.195643664589858	0.188833400923867	laminin	FALSE	9	155
LAMB2	NCAM1	0.00374927745545705	186	0.00223446115662055	0.195643664589858	0.188833400923867	laminin	FALSE	10	113
LAMC1	TNFSF14	0.00539690810153308	187	0.00222664280468932	0.193236765802937	0.188833400923867	laminin	FALSE	1	199
COL4A1	TNFSF14	0.00495518442878402	187	0.00222664280468932	0.193236765802937	0.188833400923867	collagen-associated	FALSE	2	121
NID2	TNFSF14	0.00493667093974128	187	0.00222664280468932	0.193236765802937	0.188833400923867	linker/proteoglycan	FALSE	3	184
COL18A1	TNFSF14	0.00490561209247731	187	0.00222664280468932	0.193236765802937	0.188833400923867	collagen-associated	FALSE	4	228
NID1	TNFSF14	0.00490485685532517	187	0.00222664280468932	0.193236765802937	0.188833400923867	linker/proteoglycan	FALSE	5	145
LAMA4	TNFSF14	0.00406498869479869	187	0.00222664280468932	0.193236765802937	0.188833400923867	laminin	FALSE	6	180
LAMB1	TNFSF14	0.00370791998416128	187	0.00222664280468932	0.193236765802937	0.188833400923867	laminin	FALSE	7	175
COL4A2	TNFSF14	0.0036420887776111	187	0.00222664280468932	0.193236765802937	0.188833400923867	collagen-associated	FALSE	8	284
LAMB2	TNFSF14	0.0029487496670539	187	0.00222664280468932	0.193236765802937	0.188833400923867	laminin	FALSE	9	217
HSPG2	TNFSF14	0.00285834348722597	187	0.00222664280468932	0.193236765802937	0.188833400923867	linker/proteoglycan	FALSE	10	291
COL18A1	GNAS	0.00495533396120531	188	0.00221425971022345	0.189123138948921	0.188833400923867	collagen-associated	FALSE	1	224
NID2	GNAS	0.00452080056107871	188	0.00221425971022345	0.189123138948921	0.188833400923867	linker/proteoglycan	FALSE	2	233
LAMC1	GNAS	0.004404334408573	188	0.00221425971022345	0.189123138948921	0.188833400923867	laminin	FALSE	3	285
COL4A2	GNAS	0.00386951900828715	188	0.00221425971022345	0.189123138948921	0.188833400923867	collagen-associated	FALSE	4	252
NID1	GNAS	0.00375231827541525	188	0.00221425971022345	0.189123138948921	0.188833400923867	linker/proteoglycan	FALSE	5	261
LAMA4	GNAS	0.00354573043486332	188	0.00221425971022345	0.189123138948921	0.188833400923867	laminin	FALSE	6	244
COL4A1	GNAS	0.00322196049000028	188	0.00221425971022345	0.189123138948921	0.188833400923867	collagen-associated	FALSE	7	298
HSPG2	GNAS	0.00317181315791943	188	0.00221425971022345	0.189123138948921	0.188833400923867	linker/proteoglycan	FALSE	8	240
LAMB1	GNAS	0.00307479561304172	188	0.00221425971022345	0.189123138948921	0.188833400923867	laminin	FALSE	9	254
LAMB2	GNAS	0.00259560063904282	188	0.00221425971022345	0.189123138948921	0.188833400923867	laminin	FALSE	10	271
LAMC1	WIF1	0.0127158975041814	189	0.00219414727919868	0.167859074715542	0.188833400923867	laminin	FALSE	1	6
COL18A1	WIF1	0.00981574653069183	189	0.00219414727919868	0.167859074715542	0.188833400923867	collagen-associated	FALSE	2	34
LAMA4	WIF1	0.00741460234100987	189	0.00219414727919868	0.167859074715542	0.188833400923867	laminin	FALSE	3	26
NID2	WIF1	0.0068464972042637	189	0.00219414727919868	0.167859074715542	0.188833400923867	linker/proteoglycan	FALSE	4	70
COL4A2	WIF1	0.00676090230667867	189	0.00219414727919868	0.167859074715542	0.188833400923867	collagen-associated	FALSE	5	47
LAMB1	WIF1	0.00584277523046425	189	0.00219414727919868	0.167859074715542	0.188833400923867	laminin	FALSE	6	43
NID1	WIF1	0.00529649360852726	189	0.00219414727919868	0.167859074715542	0.188833400923867	linker/proteoglycan	FALSE	7	115
COL4A1	WIF1	0.00488234038726888	189	0.00219414727919868	0.167859074715542	0.188833400923867	collagen-associated	FALSE	8	128
LAMB2	WIF1	0.00468937061308323	189	0.00219414727919868	0.167859074715542	0.188833400923867	laminin	FALSE	9	54
HSPG2	WIF1	0.00459876049858433	189	0.00219414727919868	0.167859074715542	0.188833400923867	linker/proteoglycan	FALSE	10	104
LAMC1	NRXN3	0.00409336835872426	190	0.00219129858006552	0.178153810752042	0.188833400923867	laminin	FALSE	1	303
COL18A1	NRXN3	0.00403663735632083	190	0.00219129858006552	0.178153810752042	0.188833400923867	collagen-associated	FALSE	2	309
NID2	NRXN3	0.00363801148189878	190	0.00219129858006552	0.178153810752042	0.188833400923867	linker/proteoglycan	FALSE	3	303
NID1	NRXN3	0.0034490219076756	190	0.00219129858006552	0.178153810752042	0.188833400923867	linker/proteoglycan	FALSE	4	292
COL4A2	NRXN3	0.00341943367114021	190	0.00219129858006552	0.178153810752042	0.188833400923867	collagen-associated	FALSE	5	302
COL4A1	NRXN3	0.0033100781555898	190	0.00219129858006552	0.178153810752042	0.188833400923867	collagen-associated	FALSE	6	295
LAMA4	NRXN3	0.00282698621996396	190	0.00219129858006552	0.178153810752042	0.188833400923867	laminin	FALSE	7	316
LAMB1	NRXN3	0.00276262550459042	190	0.00219129858006552	0.178153810752042	0.188833400923867	laminin	FALSE	8	295
HSPG2	NRXN3	0.00263536285764751	190	0.00219129858006552	0.178153810752042	0.188833400923867	linker/proteoglycan	FALSE	9	311
LAMB2	NRXN3	0.0025488238722137	190	0.00219129858006552	0.178153810752042	0.188833400923867	laminin	FALSE	10	279
LAMC1	FGF18	0.00526602781747388	191	0.00219128118000165	0.270599144462627	0.188833400923867	laminin	FALSE	1	208
NID2	FGF18	0.00517345994765256	191	0.00219128118000165	0.270599144462627	0.188833400923867	linker/proteoglycan	FALSE	2	157
COL18A1	FGF18	0.00437545150313337	191	0.00219128118000165	0.270599144462627	0.188833400923867	collagen-associated	FALSE	3	290
COL4A2	FGF18	0.00432118012255971	191	0.00219128118000165	0.270599144462627	0.188833400923867	collagen-associated	FALSE	4	193
NID1	FGF18	0.00413477491252384	191	0.00219128118000165	0.270599144462627	0.188833400923867	linker/proteoglycan	FALSE	5	214
LAMA4	FGF18	0.00400318164022471	191	0.00219128118000165	0.270599144462627	0.188833400923867	laminin	FALSE	6	190
COL4A1	FGF18	0.00376719366820854	191	0.00219128118000165	0.270599144462627	0.188833400923867	collagen-associated	FALSE	7	248
LAMB1	FGF18	0.00364871066754623	191	0.00219128118000165	0.270599144462627	0.188833400923867	laminin	FALSE	8	181
LAMB2	FGF18	0.00347517056782106	191	0.00219128118000165	0.270599144462627	0.188833400923867	laminin	FALSE	9	144
HSPG2	FGF18	0.00343769627481909	191	0.00219128118000165	0.270599144462627	0.188833400923867	linker/proteoglycan	FALSE	10	214
LAMC1	SIGLEC5	0.00507482873373316	192	0.0021524015165293	0.172007134030646	0.188833400923867	laminin	FALSE	1	223
COL18A1	SIGLEC5	0.00452932321395977	192	0.0021524015165293	0.172007134030646	0.188833400923867	collagen-associated	FALSE	2	270
NID2	SIGLEC5	0.00427791266797041	192	0.0021524015165293	0.172007134030646	0.188833400923867	linker/proteoglycan	FALSE	3	259
NID1	SIGLEC5	0.00365454237731086	192	0.0021524015165293	0.172007134030646	0.188833400923867	linker/proteoglycan	FALSE	4	269
COL4A1	SIGLEC5	0.00359930112276281	192	0.0021524015165293	0.172007134030646	0.188833400923867	collagen-associated	FALSE	5	265
COL4A2	SIGLEC5	0.00343830755532213	192	0.0021524015165293	0.172007134030646	0.188833400923867	collagen-associated	FALSE	6	300
LAMA4	SIGLEC5	0.00330286514664895	192	0.0021524015165293	0.172007134030646	0.188833400923867	laminin	FALSE	7	283
HSPG2	SIGLEC5	0.00277307141549962	192	0.0021524015165293	0.172007134030646	0.188833400923867	linker/proteoglycan	FALSE	8	300
LAMB1	SIGLEC5	0.00252782303718675	192	0.0021524015165293	0.172007134030646	0.188833400923867	laminin	FALSE	9	313
LAMB2	SIGLEC5	0.00231276368082073	192	0.0021524015165293	0.172007134030646	0.188833400923867	laminin	FALSE	10	305
COL18A1	FAM3C	0.00360773572789873	193	0.00214969174262655	0.153760325674295	0.188833400923867	collagen-associated	FALSE	1	318
LAMC1	FAM3C	0.00331073251195224	193	0.00214969174262655	0.153760325674295	0.188833400923867	laminin	FALSE	2	318
NID1	FAM3C	0.00311452537240449	193	0.00214969174262655	0.153760325674295	0.188833400923867	linker/proteoglycan	FALSE	3	314
NID2	FAM3C	0.00291818593427093	193	0.00214969174262655	0.153760325674295	0.188833400923867	linker/proteoglycan	FALSE	4	318
COL4A2	FAM3C	0.00290678880304282	193	0.00214969174262655	0.153760325674295	0.188833400923867	collagen-associated	FALSE	5	318
COL4A1	FAM3C	0.00273621319363805	193	0.00214969174262655	0.153760325674295	0.188833400923867	collagen-associated	FALSE	6	318
LAMA4	FAM3C	0.0025865646990926	193	0.00214969174262655	0.153760325674295	0.188833400923867	laminin	FALSE	7	319
HSPG2	FAM3C	0.00237520500875216	193	0.00214969174262655	0.153760325674295	0.188833400923867	linker/proteoglycan	FALSE	8	319
LAMB1	FAM3C	0.00226156523450417	193	0.00214969174262655	0.153760325674295	0.188833400923867	laminin	FALSE	9	319
LAMB2	FAM3C	0.00204313175698405	193	0.00214969174262655	0.153760325674295	0.188833400923867	laminin	FALSE	10	318
COL18A1	RSPO3	0.00934272563517132	194	0.00213603724706453	0.182764519630865	0.188833400923867	collagen-associated	FALSE	1	42
HSPG2	RSPO3	0.00775090325691871	194	0.00213603724706453	0.182764519630865	0.188833400923867	linker/proteoglycan	FALSE	2	17
COL4A2	RSPO3	0.00760243780171666	194	0.00213603724706453	0.182764519630865	0.188833400923867	collagen-associated	FALSE	3	23
NID1	RSPO3	0.00605814488513498	194	0.00213603724706453	0.182764519630865	0.188833400923867	linker/proteoglycan	FALSE	4	76
LAMC1	RSPO3	0.00592743547032135	194	0.00213603724706453	0.182764519630865	0.188833400923867	laminin	FALSE	5	148
LAMB1	RSPO3	0.00581166112806112	194	0.00213603724706453	0.182764519630865	0.188833400923867	laminin	FALSE	6	44
NID2	RSPO3	0.00497794018661589	194	0.00213603724706453	0.182764519630865	0.188833400923867	linker/proteoglycan	FALSE	7	179
COL4A1	RSPO3	0.00497647707070043	194	0.00213603724706453	0.182764519630865	0.188833400923867	collagen-associated	FALSE	8	117
LAMA4	RSPO3	0.00469952620911479	194	0.00213603724706453	0.182764519630865	0.188833400923867	laminin	FALSE	9	127
LAMB2	RSPO3	0.00378038410503947	194	0.00213603724706453	0.182764519630865	0.188833400923867	laminin	FALSE	10	111
LAMA4	TIMP1	0.00761957430283614	195	0.00213293321489961	0.209219973099045	0.188833400923867	laminin	FALSE	1	23
NID2	TIMP1	0.00738779995448602	195	0.00213293321489961	0.209219973099045	0.188833400923867	linker/proteoglycan	FALSE	2	58
LAMC1	TIMP1	0.00624494906620401	195	0.00213293321489961	0.209219973099045	0.188833400923867	laminin	FALSE	3	131
COL18A1	TIMP1	0.00592942838656092	195	0.00213293321489961	0.209219973099045	0.188833400923867	collagen-associated	FALSE	4	151
COL4A2	TIMP1	0.0053525723472657	195	0.00213293321489961	0.209219973099045	0.188833400923867	collagen-associated	FALSE	5	102
NID1	TIMP1	0.00522773919374836	195	0.00213293321489961	0.209219973099045	0.188833400923867	linker/proteoglycan	FALSE	6	122
LAMB1	TIMP1	0.00503609073187561	195	0.00213293321489961	0.209219973099045	0.188833400923867	laminin	FALSE	7	72
COL4A1	TIMP1	0.00471093531844678	195	0.00213293321489961	0.209219973099045	0.188833400923867	collagen-associated	FALSE	8	146
HSPG2	TIMP1	0.00423740726918835	195	0.00213293321489961	0.209219973099045	0.188833400923867	linker/proteoglycan	FALSE	9	135
LAMB2	TIMP1	0.00397700866032839	195	0.00213293321489961	0.209219973099045	0.188833400923867	laminin	FALSE	10	91
LAMC1	PLEKHO2	0.00496806081870059	196	0.00213196565811296	0.182015891012407	0.190420381038819	laminin	FALSE	1	234
COL18A1	PLEKHO2	0.00487832601492272	196	0.00213196565811296	0.182015891012407	0.190420381038819	collagen-associated	FALSE	2	231
NID2	PLEKHO2	0.00425825397225	196	0.00213196565811296	0.182015891012407	0.190420381038819	linker/proteoglycan	FALSE	3	264
COL4A2	PLEKHO2	0.00404932647324086	196	0.00213196565811296	0.182015891012407	0.190420381038819	collagen-associated	FALSE	4	229
NID1	PLEKHO2	0.00397136169590594	196	0.00213196565811296	0.182015891012407	0.190420381038819	linker/proteoglycan	FALSE	5	228
COL4A1	PLEKHO2	0.00381570732478877	196	0.00213196565811296	0.182015891012407	0.190420381038819	collagen-associated	FALSE	6	241
LAMA4	PLEKHO2	0.00372293607703813	196	0.00213196565811296	0.182015891012407	0.190420381038819	laminin	FALSE	7	226
HSPG2	PLEKHO2	0.00350641396458116	196	0.00213196565811296	0.182015891012407	0.190420381038819	linker/proteoglycan	FALSE	8	206
LAMB1	PLEKHO2	0.00313482141893649	196	0.00213196565811296	0.182015891012407	0.190420381038819	laminin	FALSE	9	244
LAMB2	PLEKHO2	0.00280785436213608	196	0.00213196565811296	0.182015891012407	0.190420381038819	laminin	FALSE	10	239
LAMC1	SIGLEC9	0.00474218198448736	197	0.00211520835759835	0.166547115446774	0.188833400923867	laminin	FALSE	1	256
COL18A1	SIGLEC9	0.00469801646953506	197	0.00211520835759835	0.166547115446774	0.188833400923867	collagen-associated	FALSE	2	254
NID2	SIGLEC9	0.00446107779980561	197	0.00211520835759835	0.166547115446774	0.188833400923867	linker/proteoglycan	FALSE	3	241
COL4A2	SIGLEC9	0.00402610393747514	197	0.00211520835759835	0.166547115446774	0.188833400923867	collagen-associated	FALSE	4	231
LAMA4	SIGLEC9	0.00363079650734734	197	0.00211520835759835	0.166547115446774	0.188833400923867	laminin	FALSE	5	232
NID1	SIGLEC9	0.00352635295615862	197	0.00211520835759835	0.166547115446774	0.188833400923867	linker/proteoglycan	FALSE	6	285
COL4A1	SIGLEC9	0.00347279503759498	197	0.00211520835759835	0.166547115446774	0.188833400923867	collagen-associated	FALSE	7	277
LAMB1	SIGLEC9	0.00310790984807686	197	0.00211520835759835	0.166547115446774	0.188833400923867	laminin	FALSE	8	247
HSPG2	SIGLEC9	0.00304069043151585	197	0.00211520835759835	0.166547115446774	0.188833400923867	linker/proteoglycan	FALSE	9	264
LAMB2	SIGLEC9	0.0027318078163308	197	0.00211520835759835	0.166547115446774	0.188833400923867	laminin	FALSE	10	246
LAMC1	PSEN1	0.00671272876615245	198	0.00209386383869638	0.140376537028235	0.190420381038819	laminin	FALSE	1	103
COL18A1	PSEN1	0.00658790806952862	198	0.00209386383869638	0.140376537028235	0.190420381038819	collagen-associated	FALSE	2	116
COL4A1	PSEN1	0.00559994162138496	198	0.00209386383869638	0.140376537028235	0.190420381038819	collagen-associated	FALSE	3	85
NID1	PSEN1	0.00558437576672843	198	0.00209386383869638	0.140376537028235	0.190420381038819	linker/proteoglycan	FALSE	4	99
LAMA4	PSEN1	0.00533586362624794	198	0.00209386383869638	0.140376537028235	0.190420381038819	laminin	FALSE	5	83
NID2	PSEN1	0.00501969843687653	198	0.00209386383869638	0.140376537028235	0.190420381038819	linker/proteoglycan	FALSE	6	174
COL4A2	PSEN1	0.00496140803902276	198	0.00209386383869638	0.140376537028235	0.190420381038819	collagen-associated	FALSE	7	121
HSPG2	PSEN1	0.00418253607267231	198	0.00209386383869638	0.140376537028235	0.190420381038819	linker/proteoglycan	FALSE	8	139
LAMB1	PSEN1	0.00374352778535167	198	0.00209386383869638	0.140376537028235	0.190420381038819	laminin	FALSE	9	171
LAMB2	PSEN1	0.00358614934644308	198	0.00209386383869638	0.140376537028235	0.190420381038819	laminin	FALSE	10	137
COL18A1	TNFSF13	0.0052579273198748	199	0.00209283027751717	0.18234218003336	0.188833400923867	collagen-associated	FALSE	1	202
LAMC1	TNFSF13	0.00511860071000088	199	0.00209283027751717	0.18234218003336	0.188833400923867	laminin	FALSE	2	220
NID2	TNFSF13	0.00490714460712781	199	0.00209283027751717	0.18234218003336	0.188833400923867	linker/proteoglycan	FALSE	3	192
NID1	TNFSF13	0.00484602206171266	199	0.00209283027751717	0.18234218003336	0.188833400923867	linker/proteoglycan	FALSE	4	150
COL4A2	TNFSF13	0.00407934327948323	199	0.00209283027751717	0.18234218003336	0.188833400923867	collagen-associated	FALSE	5	225
COL4A1	TNFSF13	0.00405294266942217	199	0.00209283027751717	0.18234218003336	0.188833400923867	collagen-associated	FALSE	6	215
LAMA4	TNFSF13	0.00363397975634274	199	0.00209283027751717	0.18234218003336	0.188833400923867	laminin	FALSE	7	230
HSPG2	TNFSF13	0.00319058244411646	199	0.00209283027751717	0.18234218003336	0.188833400923867	linker/proteoglycan	FALSE	8	236
LAMB1	TNFSF13	0.00308122853885519	199	0.00209283027751717	0.18234218003336	0.188833400923867	laminin	FALSE	9	253
LAMB2	TNFSF13	0.00285304767311694	199	0.00209283027751717	0.18234218003336	0.188833400923867	laminin	FALSE	10	234
COL18A1	SPARC	0.00428941171089062	200	0.00206856099853053	0.184144632589902	0.190420381038819	collagen-associated	FALSE	1	293
LAMC1	SPARC	0.0041908731917267	200	0.00206856099853053	0.184144632589902	0.190420381038819	laminin	FALSE	2	300
NID2	SPARC	0.00384246868357341	200	0.00206856099853053	0.184144632589902	0.190420381038819	linker/proteoglycan	FALSE	3	287
COL4A1	SPARC	0.00362431610759969	200	0.00206856099853053	0.184144632589902	0.190420381038819	collagen-associated	FALSE	4	262
COL4A2	SPARC	0.00350980855214113	200	0.00206856099853053	0.184144632589902	0.190420381038819	collagen-associated	FALSE	5	296
LAMA4	SPARC	0.00340421344123439	200	0.00206856099853053	0.184144632589902	0.190420381038819	laminin	FALSE	6	269
NID1	SPARC	0.00338010087937129	200	0.00206856099853053	0.184144632589902	0.190420381038819	linker/proteoglycan	FALSE	7	300
HSPG2	SPARC	0.0028770443089183	200	0.00206856099853053	0.184144632589902	0.190420381038819	linker/proteoglycan	FALSE	8	286
LAMB1	SPARC	0.00282780539398481	200	0.00206856099853053	0.184144632589902	0.190420381038819	laminin	FALSE	9	287
LAMB2	SPARC	0.00233405975008821	200	0.00206856099853053	0.184144632589902	0.190420381038819	laminin	FALSE	10	301
COL18A1	CALM2	0.00735706124694832	201	0.00205880127645578	0.167286311628369	0.190420381038819	collagen-associated	FALSE	1	83
LAMC1	CALM2	0.00663887113243472	201	0.00205880127645578	0.167286311628369	0.190420381038819	laminin	FALSE	2	109
NID2	CALM2	0.00611735912300776	201	0.00205880127645578	0.167286311628369	0.190420381038819	linker/proteoglycan	FALSE	3	96
LAMA4	CALM2	0.00562927253084808	201	0.00205880127645578	0.167286311628369	0.190420381038819	laminin	FALSE	4	69
COL4A2	CALM2	0.0054019433088018	201	0.00205880127645578	0.167286311628369	0.190420381038819	collagen-associated	FALSE	5	96
NID1	CALM2	0.00512398089392135	201	0.00205880127645578	0.167286311628369	0.190420381038819	linker/proteoglycan	FALSE	6	128
COL4A1	CALM2	0.00492925106020137	201	0.00205880127645578	0.167286311628369	0.190420381038819	collagen-associated	FALSE	7	124
HSPG2	CALM2	0.00473559249372237	201	0.00205880127645578	0.167286311628369	0.190420381038819	linker/proteoglycan	FALSE	8	95
LAMB1	CALM2	0.00419780325693118	201	0.00205880127645578	0.167286311628369	0.190420381038819	laminin	FALSE	9	123
LAMB2	CALM2	0.00374562428669472	201	0.00205880127645578	0.167286311628369	0.190420381038819	laminin	FALSE	10	114
COL18A1	GPC3	0.00533829009091615	202	0.00204601518612692	0.164337791196197	0.190420381038819	collagen-associated	FALSE	1	196
LAMC1	GPC3	0.00507313942861867	202	0.00204601518612692	0.164337791196197	0.190420381038819	laminin	FALSE	2	224
NID2	GPC3	0.00503131960761818	202	0.00204601518612692	0.164337791196197	0.190420381038819	linker/proteoglycan	FALSE	3	173
NID1	GPC3	0.00449449538078729	202	0.00204601518612692	0.164337791196197	0.190420381038819	linker/proteoglycan	FALSE	4	180
COL4A2	GPC3	0.0041069174499068	202	0.00204601518612692	0.164337791196197	0.190420381038819	collagen-associated	FALSE	5	216
LAMA4	GPC3	0.00385590132888453	202	0.00204601518612692	0.164337791196197	0.190420381038819	laminin	FALSE	6	209
LAMB1	GPC3	0.00382923055201243	202	0.00204601518612692	0.164337791196197	0.190420381038819	laminin	FALSE	7	158
COL4A1	GPC3	0.0037045445141485	202	0.00204601518612692	0.164337791196197	0.190420381038819	collagen-associated	FALSE	8	254
HSPG2	GPC3	0.00347742781052057	202	0.00204601518612692	0.164337791196197	0.190420381038819	linker/proteoglycan	FALSE	9	208
LAMB2	GPC3	0.00293588342148579	202	0.00204601518612692	0.164337791196197	0.190420381038819	laminin	FALSE	10	218
LAMC1	LGALS3	0.00597695518007965	203	0.00204341063019509	0.187136326757284	0.190420381038819	laminin	FALSE	1	142
COL18A1	LGALS3	0.00548186161395521	203	0.00204341063019509	0.187136326757284	0.190420381038819	collagen-associated	FALSE	2	186
COL4A2	LGALS3	0.0046460777781254	203	0.00204341063019509	0.187136326757284	0.190420381038819	collagen-associated	FALSE	3	148
NID1	LGALS3	0.00456364512031286	203	0.00204341063019509	0.187136326757284	0.190420381038819	linker/proteoglycan	FALSE	4	173
NID2	LGALS3	0.00445645032502303	203	0.00204341063019509	0.187136326757284	0.190420381038819	linker/proteoglycan	FALSE	5	242
LAMA4	LGALS3	0.00439066995629757	203	0.00204341063019509	0.187136326757284	0.190420381038819	laminin	FALSE	6	150
COL4A1	LGALS3	0.00430051372748598	203	0.00204341063019509	0.187136326757284	0.190420381038819	collagen-associated	FALSE	7	190
HSPG2	LGALS3	0.00405501837185254	203	0.00204341063019509	0.187136326757284	0.190420381038819	linker/proteoglycan	FALSE	8	151
LAMB1	LGALS3	0.00336925207600722	203	0.00204341063019509	0.187136326757284	0.190420381038819	laminin	FALSE	9	208
LAMB2	LGALS3	0.00319101644167188	203	0.00204341063019509	0.187136326757284	0.190420381038819	laminin	FALSE	10	182
COL18A1	DCN	0.00732392038493441	204	0.00203317776087559	0.167724455569957	0.190420381038819	collagen-associated	FALSE	1	84
LAMC1	DCN	0.00731075123383788	204	0.00203317776087559	0.167724455569957	0.190420381038819	laminin	FALSE	2	77
COL4A2	DCN	0.00654555377386092	204	0.00203317776087559	0.167724455569957	0.190420381038819	collagen-associated	FALSE	3	50
NID2	DCN	0.00601605024815131	204	0.00203317776087559	0.167724455569957	0.190420381038819	linker/proteoglycan	FALSE	4	102
NID1	DCN	0.00590307403554175	204	0.00203317776087559	0.167724455569957	0.190420381038819	linker/proteoglycan	FALSE	5	84
LAMB1	DCN	0.00584389761837773	204	0.00203317776087559	0.167724455569957	0.190420381038819	laminin	FALSE	6	42
COL4A1	DCN	0.00576278205563408	204	0.00203317776087559	0.167724455569957	0.190420381038819	collagen-associated	FALSE	7	82
HSPG2	DCN	0.00555479877143178	204	0.00203317776087559	0.167724455569957	0.190420381038819	linker/proteoglycan	FALSE	8	49
LAMA4	DCN	0.00536884283201165	204	0.00203317776087559	0.167724455569957	0.190420381038819	laminin	FALSE	9	79
LAMB2	DCN	0.004540577178862	204	0.00203317776087559	0.167724455569957	0.190420381038819	laminin	FALSE	10	59
NID1	ADAM10	0.00715583075579688	205	0.00203275860715956	0.148156123527941	0.190420381038819	linker/proteoglycan	FALSE	1	43
COL4A1	ADAM10	0.00684413631485166	205	0.00203275860715956	0.148156123527941	0.190420381038819	collagen-associated	FALSE	2	54
COL18A1	ADAM10	0.00684186442183871	205	0.00203275860715956	0.148156123527941	0.190420381038819	collagen-associated	FALSE	3	104
LAMC1	ADAM10	0.00658433156502011	205	0.00203275860715956	0.148156123527941	0.190420381038819	laminin	FALSE	4	112
LAMA4	ADAM10	0.00601871993193509	205	0.00203275860715956	0.148156123527941	0.190420381038819	laminin	FALSE	5	58
COL4A2	ADAM10	0.00552595119424973	205	0.00203275860715956	0.148156123527941	0.190420381038819	collagen-associated	FALSE	6	89
NID2	ADAM10	0.00517001354788687	205	0.00203275860715956	0.148156123527941	0.190420381038819	linker/proteoglycan	FALSE	7	158
HSPG2	ADAM10	0.00477634455481837	205	0.00203275860715956	0.148156123527941	0.190420381038819	linker/proteoglycan	FALSE	8	91
LAMB1	ADAM10	0.00403634065312774	205	0.00203275860715956	0.148156123527941	0.190420381038819	laminin	FALSE	9	135
LAMB2	ADAM10	0.00379129730688427	205	0.00203275860715956	0.148156123527941	0.190420381038819	laminin	FALSE	10	108
COL18A1	CTSG	0.00638909621829813	206	0.00202370029826691	0.228164202199695	0.190420381038819	collagen-associated	FALSE	1	129
LAMC1	CTSG	0.00536093535196906	206	0.00202370029826691	0.228164202199695	0.190420381038819	laminin	FALSE	2	202
NID1	CTSG	0.00522880352137734	206	0.00202370029826691	0.228164202199695	0.190420381038819	linker/proteoglycan	FALSE	3	121
NID2	CTSG	0.00491959902704617	206	0.00202370029826691	0.228164202199695	0.190420381038819	linker/proteoglycan	FALSE	4	188
COL4A2	CTSG	0.00454774953240637	206	0.00202370029826691	0.228164202199695	0.190420381038819	collagen-associated	FALSE	5	168
COL4A1	CTSG	0.00432918603808735	206	0.00202370029826691	0.228164202199695	0.190420381038819	collagen-associated	FALSE	6	183
HSPG2	CTSG	0.0041675067165071	206	0.00202370029826691	0.228164202199695	0.190420381038819	linker/proteoglycan	FALSE	7	141
LAMA4	CTSG	0.00402117184259726	206	0.00202370029826691	0.228164202199695	0.190420381038819	laminin	FALSE	8	188
LAMB2	CTSG	0.00369010580297969	206	0.00202370029826691	0.228164202199695	0.190420381038819	laminin	FALSE	9	126
LAMB1	CTSG	0.00366388505821654	206	0.00202370029826691	0.228164202199695	0.190420381038819	laminin	FALSE	10	178
LAMC1	RARRES1	0.00865629147378505	207	0.0020230133777627	0.164194578462066	0.190420381038819	laminin	FALSE	1	45
COL18A1	RARRES1	0.00853990362268413	207	0.0020230133777627	0.164194578462066	0.190420381038819	collagen-associated	FALSE	2	51
LAMA4	RARRES1	0.00747333272187388	207	0.0020230133777627	0.164194578462066	0.190420381038819	laminin	FALSE	3	24
NID2	RARRES1	0.00721745717322198	207	0.0020230133777627	0.164194578462066	0.190420381038819	linker/proteoglycan	FALSE	4	64
NID1	RARRES1	0.00682093724171669	207	0.0020230133777627	0.164194578462066	0.190420381038819	linker/proteoglycan	FALSE	5	51
COL4A1	RARRES1	0.00637257995976708	207	0.0020230133777627	0.164194578462066	0.190420381038819	collagen-associated	FALSE	6	64
LAMB2	RARRES1	0.00611034903132871	207	0.0020230133777627	0.164194578462066	0.190420381038819	laminin	FALSE	7	22
COL4A2	RARRES1	0.00605393930010412	207	0.0020230133777627	0.164194578462066	0.190420381038819	collagen-associated	FALSE	8	62
LAMB1	RARRES1	0.00594601501531618	207	0.0020230133777627	0.164194578462066	0.190420381038819	laminin	FALSE	9	38
HSPG2	RARRES1	0.00543633424883829	207	0.0020230133777627	0.164194578462066	0.190420381038819	linker/proteoglycan	FALSE	10	53
LAMC1	TIMP3	0.00840684410027011	208	0.00202272812777783	0.150638579360238	0.190420381038819	laminin	FALSE	1	52
COL18A1	TIMP3	0.00819881016396201	208	0.00202272812777783	0.150638579360238	0.190420381038819	collagen-associated	FALSE	2	60
COL4A2	TIMP3	0.00708362730760456	208	0.00202272812777783	0.150638579360238	0.190420381038819	collagen-associated	FALSE	3	35
LAMA4	TIMP3	0.00680838556506145	208	0.00202272812777783	0.150638579360238	0.190420381038819	laminin	FALSE	4	36
COL4A1	TIMP3	0.00676776729831974	208	0.00202272812777783	0.150638579360238	0.190420381038819	collagen-associated	FALSE	5	56
NID1	TIMP3	0.00629259500703163	208	0.00202272812777783	0.150638579360238	0.190420381038819	linker/proteoglycan	FALSE	6	61
NID2	TIMP3	0.00614305397657783	208	0.00202272812777783	0.150638579360238	0.190420381038819	linker/proteoglycan	FALSE	7	94
HSPG2	TIMP3	0.00533810851760898	208	0.00202272812777783	0.150638579360238	0.190420381038819	linker/proteoglycan	FALSE	8	56
LAMB1	TIMP3	0.00481903234719973	208	0.00202272812777783	0.150638579360238	0.190420381038819	laminin	FALSE	9	85
LAMB2	TIMP3	0.00468021359494062	208	0.00202272812777783	0.150638579360238	0.190420381038819	laminin	FALSE	10	55
COL18A1	SEMA3A	0.00763088490143908	209	0.00199249123726981	0.157383595671658	0.191352156650364	collagen-associated	FALSE	1	74
LAMC1	SEMA3A	0.00650814298026846	209	0.00199249123726981	0.157383595671658	0.191352156650364	laminin	FALSE	2	116
NID2	SEMA3A	0.00533865854165853	209	0.00199249123726981	0.157383595671658	0.191352156650364	linker/proteoglycan	FALSE	3	144
LAMA4	SEMA3A	0.00491726179972656	209	0.00199249123726981	0.157383595671658	0.191352156650364	laminin	FALSE	4	114
NID1	SEMA3A	0.00489950145868251	209	0.00199249123726981	0.157383595671658	0.191352156650364	linker/proteoglycan	FALSE	5	146
COL4A1	SEMA3A	0.00463723435715588	209	0.00199249123726981	0.157383595671658	0.191352156650364	collagen-associated	FALSE	6	154
HSPG2	SEMA3A	0.00457044855433358	209	0.00199249123726981	0.157383595671658	0.191352156650364	linker/proteoglycan	FALSE	7	107
COL4A2	SEMA3A	0.0044010682251496	209	0.00199249123726981	0.157383595671658	0.191352156650364	collagen-associated	FALSE	8	185
LAMB1	SEMA3A	0.00435837681532891	209	0.00199249123726981	0.157383595671658	0.191352156650364	laminin	FALSE	9	111
LAMB2	SEMA3A	0.00398040943157067	209	0.00199249123726981	0.157383595671658	0.191352156650364	laminin	FALSE	10	90
LAMC1	LRIG1	0.00540593364040716	210	0.00197483320478024	0.167157931325421	0.19301448233555	laminin	FALSE	1	198
NID2	LRIG1	0.0047302544981656	210	0.00197483320478024	0.167157931325421	0.19301448233555	linker/proteoglycan	FALSE	2	215
COL18A1	LRIG1	0.00449431765616756	210	0.00197483320478024	0.167157931325421	0.19301448233555	collagen-associated	FALSE	3	276
COL4A2	LRIG1	0.00410554724296645	210	0.00197483320478024	0.167157931325421	0.19301448233555	collagen-associated	FALSE	4	217
NID1	LRIG1	0.00379395146419605	210	0.00197483320478024	0.167157931325421	0.19301448233555	linker/proteoglycan	FALSE	5	252
COL4A1	LRIG1	0.00376988119522567	210	0.00197483320478024	0.167157931325421	0.19301448233555	collagen-associated	FALSE	6	247
LAMB1	LRIG1	0.00354029632707801	210	0.00197483320478024	0.167157931325421	0.19301448233555	laminin	FALSE	7	189
HSPG2	LRIG1	0.00351255650524607	210	0.00197483320478024	0.167157931325421	0.19301448233555	linker/proteoglycan	FALSE	8	204
LAMA4	LRIG1	0.00342674729232199	210	0.00197483320478024	0.167157931325421	0.19301448233555	laminin	FALSE	9	264
LAMB2	LRIG1	0.00324477798687472	210	0.00197483320478024	0.167157931325421	0.19301448233555	laminin	FALSE	10	175
NID2	PDGFB	0.0557003380897995	211	0.00196582333966517	0.191744110871583	0.191408256434631	linker/proteoglycan	FALSE	1	6
COL18A1	PDGFB	0.0547216959521236	211	0.00196582333966517	0.191744110871583	0.191408256434631	collagen-associated	FALSE	2	2
LAMC1	PDGFB	0.00674032952487705	211	0.00196582333966517	0.191744110871583	0.191408256434631	laminin	FALSE	3	100
LAMB1	PDGFB	0.00545338868245987	211	0.00196582333966517	0.191744110871583	0.191408256434631	laminin	FALSE	4	54
LAMA4	PDGFB	0.00525963285017119	211	0.00196582333966517	0.191744110871583	0.191408256434631	laminin	FALSE	5	90
NID1	PDGFB	0.0052483682155829	211	0.00196582333966517	0.191744110871583	0.191408256434631	linker/proteoglycan	FALSE	6	119
HSPG2	PDGFB	0.00518489976465681	211	0.00196582333966517	0.191744110871583	0.191408256434631	linker/proteoglycan	FALSE	7	65
COL4A1	PDGFB	0.0048675445492224	211	0.00196582333966517	0.191744110871583	0.191408256434631	collagen-associated	FALSE	8	130
LAMB2	PDGFB	0.00470966344991768	211	0.00196582333966517	0.191744110871583	0.191408256434631	laminin	FALSE	9	52
COL4A2	PDGFB	0.00464465649446185	211	0.00196582333966517	0.191744110871583	0.191408256434631	collagen-associated	FALSE	10	149
LAMC1	F13A1	0.00483214637111113	212	0.00195934040561176	0.152691755768246	0.191408256434631	laminin	FALSE	1	250
COL18A1	F13A1	0.00478193312197799	212	0.00195934040561176	0.152691755768246	0.191408256434631	collagen-associated	FALSE	2	246
NID2	F13A1	0.00432790736108692	212	0.00195934040561176	0.152691755768246	0.191408256434631	linker/proteoglycan	FALSE	3	252
COL4A2	F13A1	0.0038229594319668	212	0.00195934040561176	0.152691755768246	0.191408256434631	collagen-associated	FALSE	4	255
LAMA4	F13A1	0.00381058757478342	212	0.00195934040561176	0.152691755768246	0.191408256434631	laminin	FALSE	5	217
COL4A1	F13A1	0.00373728835435766	212	0.00195934040561176	0.152691755768246	0.191408256434631	collagen-associated	FALSE	6	253
NID1	F13A1	0.00373540496745573	212	0.00195934040561176	0.152691755768246	0.191408256434631	linker/proteoglycan	FALSE	7	262
HSPG2	F13A1	0.00314071269127733	212	0.00195934040561176	0.152691755768246	0.191408256434631	linker/proteoglycan	FALSE	8	246
LAMB1	F13A1	0.00297920147462342	212	0.00195934040561176	0.152691755768246	0.191408256434631	laminin	FALSE	9	269
LAMB2	F13A1	0.00280682997143946	212	0.00195934040561176	0.152691755768246	0.191408256434631	laminin	FALSE	10	240
COL18A1	SHISA4	0.00320969706325975	213	0.00194203603522388	0.150386271695834	0.191408256434631	collagen-associated	FALSE	1	320
LAMC1	SHISA4	0.00312926129122127	213	0.00194203603522388	0.150386271695834	0.191408256434631	laminin	FALSE	2	320
NID2	SHISA4	0.00272583270527381	213	0.00194203603522388	0.150386271695834	0.191408256434631	linker/proteoglycan	FALSE	3	320
COL4A2	SHISA4	0.00266856143798361	213	0.00194203603522388	0.150386271695834	0.191408256434631	collagen-associated	FALSE	4	320
NID1	SHISA4	0.00263743787824978	213	0.00194203603522388	0.150386271695834	0.191408256434631	linker/proteoglycan	FALSE	5	321
COL4A1	SHISA4	0.00253813282792035	213	0.00194203603522388	0.150386271695834	0.191408256434631	collagen-associated	FALSE	6	319
LAMA4	SHISA4	0.00248114851795573	213	0.00194203603522388	0.150386271695834	0.191408256434631	laminin	FALSE	7	321
HSPG2	SHISA4	0.00221948731897071	213	0.00194203603522388	0.150386271695834	0.191408256434631	linker/proteoglycan	FALSE	8	320
LAMB1	SHISA4	0.0020292595635672	213	0.00194203603522388	0.150386271695834	0.191408256434631	laminin	FALSE	9	320
LAMB2	SHISA4	0.00180486921135326	213	0.00194203603522388	0.150386271695834	0.191408256434631	laminin	FALSE	10	320
LAMC1	SEMA4A	0.00474310707668089	214	0.00193881092010085	0.136115648312198	0.191408256434631	laminin	FALSE	1	255
COL18A1	SEMA4A	0.00421599580473003	214	0.00193881092010085	0.136115648312198	0.191408256434631	collagen-associated	FALSE	2	299
NID2	SEMA4A	0.003835725210237	214	0.00193881092010085	0.136115648312198	0.191408256434631	linker/proteoglycan	FALSE	3	288
COL4A2	SEMA4A	0.00355734010855613	214	0.00193881092010085	0.136115648312198	0.191408256434631	collagen-associated	FALSE	4	289
COL4A1	SEMA4A	0.00346250214181471	214	0.00193881092010085	0.136115648312198	0.191408256434631	collagen-associated	FALSE	5	278
NID1	SEMA4A	0.00339694049991062	214	0.00193881092010085	0.136115648312198	0.191408256434631	linker/proteoglycan	FALSE	6	298
LAMA4	SEMA4A	0.00327364825696254	214	0.00193881092010085	0.136115648312198	0.191408256434631	laminin	FALSE	7	287
LAMB1	SEMA4A	0.00295546722227426	214	0.00193881092010085	0.136115648312198	0.191408256434631	laminin	FALSE	8	270
HSPG2	SEMA4A	0.00287348380854975	214	0.00193881092010085	0.136115648312198	0.191408256434631	linker/proteoglycan	FALSE	9	287
LAMB2	SEMA4A	0.00242477413548966	214	0.00193881092010085	0.136115648312198	0.191408256434631	laminin	FALSE	10	293
COL18A1	S100A4	0.0152157883923265	215	0.00193646924207172	0.142310183164473	0.191408256434631	collagen-associated	FALSE	1	5
LAMC1	S100A4	0.0107732873413686	215	0.00193646924207172	0.142310183164473	0.191408256434631	laminin	FALSE	2	19
NID1	S100A4	0.00967720488210886	215	0.00193646924207172	0.142310183164473	0.191408256434631	linker/proteoglycan	FALSE	3	13
LAMA4	S100A4	0.00961393156386994	215	0.00193646924207172	0.142310183164473	0.191408256434631	laminin	FALSE	4	9
COL4A1	S100A4	0.00947934628565099	215	0.00193646924207172	0.142310183164473	0.191408256434631	collagen-associated	FALSE	5	24
NID2	S100A4	0.00941739833114724	215	0.00193646924207172	0.142310183164473	0.191408256434631	linker/proteoglycan	FALSE	6	27
COL4A2	S100A4	0.00855760076744549	215	0.00193646924207172	0.142310183164473	0.191408256434631	collagen-associated	FALSE	7	15
HSPG2	S100A4	0.00783899281247336	215	0.00193646924207172	0.142310183164473	0.191408256434631	linker/proteoglycan	FALSE	8	13
LAMB2	S100A4	0.00723347516199168	215	0.00193646924207172	0.142310183164473	0.191408256434631	laminin	FALSE	9	11
LAMB1	S100A4	0.0067596080772198	215	0.00193646924207172	0.142310183164473	0.191408256434631	laminin	FALSE	10	24
COL18A1	PLA2G2A	0.00441363632197439	216	0.00193277382196998	0.147786224725435	0.191408256434631	collagen-associated	FALSE	1	283
NID2	PLA2G2A	0.00383058090915824	216	0.00193277382196998	0.147786224725435	0.191408256434631	linker/proteoglycan	FALSE	2	290
LAMC1	PLA2G2A	0.00375662878292214	216	0.00193277382196998	0.147786224725435	0.191408256434631	laminin	FALSE	3	314
COL4A2	PLA2G2A	0.00336915940473842	216	0.00193277382196998	0.147786224725435	0.191408256434631	collagen-associated	FALSE	4	306
NID1	PLA2G2A	0.00314001283094482	216	0.00193277382196998	0.147786224725435	0.191408256434631	linker/proteoglycan	FALSE	5	313
LAMA4	PLA2G2A	0.00302968240686098	216	0.00193277382196998	0.147786224725435	0.191408256434631	laminin	FALSE	6	306
HSPG2	PLA2G2A	0.00295807484606908	216	0.00193277382196998	0.147786224725435	0.191408256434631	linker/proteoglycan	FALSE	7	275
COL4A1	PLA2G2A	0.0028773482836862	216	0.00193277382196998	0.147786224725435	0.191408256434631	collagen-associated	FALSE	8	316
LAMB2	PLA2G2A	0.00286286931362476	216	0.00193277382196998	0.147786224725435	0.191408256434631	laminin	FALSE	9	233
LAMB1	PLA2G2A	0.00277539072723214	216	0.00193277382196998	0.147786224725435	0.191408256434631	laminin	FALSE	10	294
LAMC1	THBS1	0.00897687831981817	217	0.0019234379190647	0.160277215970114	0.191408256434631	laminin	FALSE	1	40
COL18A1	THBS1	0.00848324544686292	217	0.0019234379190647	0.160277215970114	0.191408256434631	collagen-associated	FALSE	2	54
COL4A2	THBS1	0.00721343929587371	217	0.0019234379190647	0.160277215970114	0.191408256434631	collagen-associated	FALSE	3	30
HSPG2	THBS1	0.00683537840036267	217	0.0019234379190647	0.160277215970114	0.191408256434631	linker/proteoglycan	FALSE	4	25
COL4A1	THBS1	0.00641091512409074	217	0.0019234379190647	0.160277215970114	0.191408256434631	collagen-associated	FALSE	5	63
NID1	THBS1	0.0061835041087348	217	0.0019234379190647	0.160277215970114	0.191408256434631	linker/proteoglycan	FALSE	6	66
NID2	THBS1	0.00611073227822948	217	0.0019234379190647	0.160277215970114	0.191408256434631	linker/proteoglycan	FALSE	7	97
LAMB1	THBS1	0.0058484652580765	217	0.0019234379190647	0.160277215970114	0.191408256434631	laminin	FALSE	8	41
LAMA4	THBS1	0.00584364333284053	217	0.0019234379190647	0.160277215970114	0.191408256434631	laminin	FALSE	9	66
LAMB2	THBS1	0.00501060710558409	217	0.0019234379190647	0.160277215970114	0.191408256434631	laminin	FALSE	10	43
LAMC1	COL13A1	0.00616662279189659	218	0.00192058015063284	0.142252825914664	0.191408256434631	laminin	FALSE	1	134
COL18A1	COL13A1	0.00589360489317247	218	0.00192058015063284	0.142252825914664	0.191408256434631	collagen-associated	FALSE	2	155
NID1	COL13A1	0.00505154285818405	218	0.00192058015063284	0.142252825914664	0.191408256434631	linker/proteoglycan	FALSE	3	135
NID2	COL13A1	0.00480501968630418	218	0.00192058015063284	0.142252825914664	0.191408256434631	linker/proteoglycan	FALSE	4	209
COL4A1	COL13A1	0.00448660930617395	218	0.00192058015063284	0.142252825914664	0.191408256434631	collagen-associated	FALSE	5	164
LAMA4	COL13A1	0.00446337534766411	218	0.00192058015063284	0.142252825914664	0.191408256434631	laminin	FALSE	6	142
HSPG2	COL13A1	0.00381540445393755	218	0.00192058015063284	0.142252825914664	0.191408256434631	linker/proteoglycan	FALSE	7	170
COL4A2	COL13A1	0.00370572118654663	218	0.00192058015063284	0.142252825914664	0.191408256434631	collagen-associated	FALSE	8	275
LAMB1	COL13A1	0.00323335488576545	218	0.00192058015063284	0.142252825914664	0.191408256434631	laminin	FALSE	9	229
LAMB2	COL13A1	0.00303529286945099	218	0.00192058015063284	0.142252825914664	0.191408256434631	laminin	FALSE	10	205
NID2	PI16	0.00448400608459191	219	0.00190261815948002	0.14288154634448	0.191408256434631	linker/proteoglycan	FALSE	1	238
COL18A1	PI16	0.0041091580644937	219	0.00190261815948002	0.14288154634448	0.191408256434631	collagen-associated	FALSE	2	303
LAMC1	PI16	0.00406097122608954	219	0.00190261815948002	0.14288154634448	0.191408256434631	laminin	FALSE	3	306
LAMB2	PI16	0.00378463001707329	219	0.00190261815948002	0.14288154634448	0.191408256434631	laminin	FALSE	4	110
LAMB1	PI16	0.00353840305559523	219	0.00190261815948002	0.14288154634448	0.191408256434631	laminin	FALSE	5	190
NID1	PI16	0.00330441846290275	219	0.00190261815948002	0.14288154634448	0.191408256434631	linker/proteoglycan	FALSE	6	304
COL4A1	PI16	0.00319303103994795	219	0.00190261815948002	0.14288154634448	0.191408256434631	collagen-associated	FALSE	7	300
COL4A2	PI16	0.00316360510990745	219	0.00190261815948002	0.14288154634448	0.191408256434631	collagen-associated	FALSE	8	313
LAMA4	PI16	0.00301534237243592	219	0.00190261815948002	0.14288154634448	0.191408256434631	laminin	FALSE	9	308
HSPG2	PI16	0.00283930913513878	219	0.00190261815948002	0.14288154634448	0.191408256434631	linker/proteoglycan	FALSE	10	295
COL18A1	CEACAM6	0.00557532625493376	220	0.00189116228820691	0.131297975602945	0.194163991672582	collagen-associated	FALSE	1	175
LAMC1	CEACAM6	0.00540926788614282	220	0.00189116228820691	0.131297975602945	0.194163991672582	laminin	FALSE	2	197
NID2	CEACAM6	0.00427062396504756	220	0.00189116228820691	0.131297975602945	0.194163991672582	linker/proteoglycan	FALSE	3	260
COL4A2	CEACAM6	0.00400356795911011	220	0.00189116228820691	0.131297975602945	0.194163991672582	collagen-associated	FALSE	4	233
NID1	CEACAM6	0.00392785562075022	220	0.00189116228820691	0.131297975602945	0.194163991672582	linker/proteoglycan	FALSE	5	233
LAMA4	CEACAM6	0.00361619862725744	220	0.00189116228820691	0.131297975602945	0.194163991672582	laminin	FALSE	6	234
HSPG2	CEACAM6	0.00343654051892392	220	0.00189116228820691	0.131297975602945	0.194163991672582	linker/proteoglycan	FALSE	7	216
COL4A1	CEACAM6	0.00315435009712752	220	0.00189116228820691	0.131297975602945	0.194163991672582	collagen-associated	FALSE	8	303
LAMB1	CEACAM6	0.00309688689843648	220	0.00189116228820691	0.131297975602945	0.194163991672582	laminin	FALSE	9	251
LAMB2	CEACAM6	0.0025831686605424	220	0.00189116228820691	0.131297975602945	0.194163991672582	laminin	FALSE	10	273
COL18A1	APP	0.00582670294136503	221	0.001887538355346	0.175782707089968	0.19301448233555	collagen-associated	FALSE	1	160
LAMC1	APP	0.00556219074247011	221	0.001887538355346	0.175782707089968	0.19301448233555	laminin	FALSE	2	184
NID2	APP	0.00504173221751958	221	0.001887538355346	0.175782707089968	0.19301448233555	linker/proteoglycan	FALSE	3	170
NID1	APP	0.00468596006309919	221	0.001887538355346	0.175782707089968	0.19301448233555	linker/proteoglycan	FALSE	4	164
COL4A2	APP	0.00460022632043845	221	0.001887538355346	0.175782707089968	0.19301448233555	collagen-associated	FALSE	5	156
COL4A1	APP	0.00430502948924753	221	0.001887538355346	0.175782707089968	0.19301448233555	collagen-associated	FALSE	6	189
LAMA4	APP	0.00426207573236931	221	0.001887538355346	0.175782707089968	0.19301448233555	laminin	FALSE	7	165
HSPG2	APP	0.0038213361460188	221	0.001887538355346	0.175782707089968	0.19301448233555	linker/proteoglycan	FALSE	8	168
LAMB1	APP	0.00366234679511408	221	0.001887538355346	0.175782707089968	0.19301448233555	laminin	FALSE	9	179
LAMB2	APP	0.00320028657476665	221	0.001887538355346	0.175782707089968	0.19301448233555	laminin	FALSE	10	181
LAMC1	CAMP	0.00556734758684622	222	0.00187647747818609	0.160331483199129	0.195175801568779	laminin	FALSE	1	183
COL18A1	CAMP	0.00556551620322904	222	0.00187647747818609	0.160331483199129	0.195175801568779	collagen-associated	FALSE	2	177
NID2	CAMP	0.00487339480071195	222	0.00187647747818609	0.160331483199129	0.195175801568779	linker/proteoglycan	FALSE	3	199
COL4A2	CAMP	0.00463801741018295	222	0.00187647747818609	0.160331483199129	0.195175801568779	collagen-associated	FALSE	4	152
COL4A1	CAMP	0.00451189732350313	222	0.00187647747818609	0.160331483199129	0.195175801568779	collagen-associated	FALSE	5	161
NID1	CAMP	0.00447472378694883	222	0.00187647747818609	0.160331483199129	0.195175801568779	linker/proteoglycan	FALSE	6	182
LAMA4	CAMP	0.00427849071193414	222	0.00187647747818609	0.160331483199129	0.195175801568779	laminin	FALSE	7	164
HSPG2	CAMP	0.00366034587270864	222	0.00187647747818609	0.160331483199129	0.195175801568779	linker/proteoglycan	FALSE	8	189
LAMB1	CAMP	0.00349923378072965	222	0.00187647747818609	0.160331483199129	0.195175801568779	laminin	FALSE	9	195
LAMB2	CAMP	0.00314536185151147	222	0.00187647747818609	0.160331483199129	0.195175801568779	laminin	FALSE	10	191
LAMC1	CEACAM1	0.00523154850605126	223	0.00187528771627575	0.162105134980114	0.19301448233555	laminin	FALSE	1	211
COL18A1	CEACAM1	0.0050257389885282	223	0.00187528771627575	0.162105134980114	0.19301448233555	collagen-associated	FALSE	2	220
NID2	CEACAM1	0.00461404830002558	223	0.00187528771627575	0.162105134980114	0.19301448233555	linker/proteoglycan	FALSE	3	228
COL4A2	CEACAM1	0.00411318066654962	223	0.00187528771627575	0.162105134980114	0.19301448233555	collagen-associated	FALSE	4	214
NID1	CEACAM1	0.00387296645321837	223	0.00187528771627575	0.162105134980114	0.19301448233555	linker/proteoglycan	FALSE	5	241
COL4A1	CEACAM1	0.00361363976718495	223	0.00187528771627575	0.162105134980114	0.19301448233555	collagen-associated	FALSE	6	263
LAMA4	CEACAM1	0.00358946208474223	223	0.00187528771627575	0.162105134980114	0.19301448233555	laminin	FALSE	7	240
HSPG2	CEACAM1	0.00357987803258972	223	0.00187528771627575	0.162105134980114	0.19301448233555	linker/proteoglycan	FALSE	8	195
LAMB1	CEACAM1	0.00337276236833215	223	0.00187528771627575	0.162105134980114	0.19301448233555	laminin	FALSE	9	206
LAMB2	CEACAM1	0.00309340275910568	223	0.00187528771627575	0.162105134980114	0.19301448233555	laminin	FALSE	10	198
COL18A1	IL1A	0.00888376968925327	224	0.00187345913654649	0.168139644569486	0.191408256434631	collagen-associated	FALSE	1	46
LAMC1	IL1A	0.00846652632894962	224	0.00187345913654649	0.168139644569486	0.191408256434631	laminin	FALSE	2	51
NID2	IL1A	0.00759667852847826	224	0.00187345913654649	0.168139644569486	0.191408256434631	linker/proteoglycan	FALSE	3	55
NID1	IL1A	0.00744277195671461	224	0.00187345913654649	0.168139644569486	0.191408256434631	linker/proteoglycan	FALSE	4	38
COL4A2	IL1A	0.00678057046710777	224	0.00187345913654649	0.168139644569486	0.191408256434631	collagen-associated	FALSE	5	45
LAMA4	IL1A	0.00638821789176243	224	0.00187345913654649	0.168139644569486	0.191408256434631	laminin	FALSE	6	46
COL4A1	IL1A	0.00630000765791272	224	0.00187345913654649	0.168139644569486	0.191408256434631	collagen-associated	FALSE	7	67
LAMB1	IL1A	0.00610893743895011	224	0.00187345913654649	0.168139644569486	0.191408256434631	laminin	FALSE	8	31
HSPG2	IL1A	0.00604236183123689	224	0.00187345913654649	0.168139644569486	0.191408256434631	linker/proteoglycan	FALSE	9	35
LAMB2	IL1A	0.0054316379483957	224	0.00187345913654649	0.168139644569486	0.191408256434631	laminin	FALSE	10	31
COL18A1	ITGB2	0.00635289153412684	225	0.00187208092885182	0.140337863990015	0.194435223144352	collagen-associated	FALSE	1	132
LAMC1	ITGB2	0.00584101041716594	225	0.00187208092885182	0.140337863990015	0.194435223144352	laminin	FALSE	2	153
NID2	ITGB2	0.00511820748207407	225	0.00187208092885182	0.140337863990015	0.194435223144352	linker/proteoglycan	FALSE	3	162
COL4A1	ITGB2	0.00475384090168816	225	0.00187208092885182	0.140337863990015	0.194435223144352	collagen-associated	FALSE	4	143
COL4A2	ITGB2	0.00474164058182349	225	0.00187208092885182	0.140337863990015	0.194435223144352	collagen-associated	FALSE	5	140
NID1	ITGB2	0.00474083982446114	225	0.00187208092885182	0.140337863990015	0.194435223144352	linker/proteoglycan	FALSE	6	162
LAMA4	ITGB2	0.00409619014797706	225	0.00187208092885182	0.140337863990015	0.194435223144352	laminin	FALSE	7	177
LAMB1	ITGB2	0.00389808613742029	225	0.00187208092885182	0.140337863990015	0.194435223144352	laminin	FALSE	8	150
HSPG2	ITGB2	0.00372118085365888	225	0.00187208092885182	0.140337863990015	0.194435223144352	linker/proteoglycan	FALSE	9	183
LAMB2	ITGB2	0.00340529922902189	225	0.00187208092885182	0.140337863990015	0.194435223144352	laminin	FALSE	10	155
NID2	ANGPTL4	0.00875289964982616	226	0.00184386257183987	0.130966986389338	0.195175801568779	linker/proteoglycan	FALSE	1	38
COL18A1	ANGPTL4	0.00820429761287735	226	0.00184386257183987	0.130966986389338	0.195175801568779	collagen-associated	FALSE	2	59
COL4A2	ANGPTL4	0.00814166194784579	226	0.00184386257183987	0.130966986389338	0.195175801568779	collagen-associated	FALSE	3	18
LAMC1	ANGPTL4	0.00806072353243214	226	0.00184386257183987	0.130966986389338	0.195175801568779	laminin	FALSE	4	59
NID1	ANGPTL4	0.00751143392015583	226	0.00184386257183987	0.130966986389338	0.195175801568779	linker/proteoglycan	FALSE	5	36
LAMA4	ANGPTL4	0.00654973484158684	226	0.00184386257183987	0.130966986389338	0.195175801568779	laminin	FALSE	6	40
HSPG2	ANGPTL4	0.00646687820054721	226	0.00184386257183987	0.130966986389338	0.195175801568779	linker/proteoglycan	FALSE	7	33
COL4A1	ANGPTL4	0.00610231471872823	226	0.00184386257183987	0.130966986389338	0.195175801568779	collagen-associated	FALSE	8	71
LAMB1	ANGPTL4	0.00503666779147926	226	0.00184386257183987	0.130966986389338	0.195175801568779	laminin	FALSE	9	71
LAMB2	ANGPTL4	0.00501654142867539	226	0.00184386257183987	0.130966986389338	0.195175801568779	laminin	FALSE	10	42
LAMC1	GRN	0.00643934289050991	227	0.00183772341959002	0.115910903333672	0.195175801568779	laminin	FALSE	1	120
COL18A1	GRN	0.00620162474814059	227	0.00183772341959002	0.115910903333672	0.195175801568779	collagen-associated	FALSE	2	139
COL4A2	GRN	0.00558787494186668	227	0.00183772341959002	0.115910903333672	0.195175801568779	collagen-associated	FALSE	3	86
NID2	GRN	0.00518632384164682	227	0.00183772341959002	0.115910903333672	0.195175801568779	linker/proteoglycan	FALSE	4	155
COL4A1	GRN	0.00481365446654257	227	0.00183772341959002	0.115910903333672	0.195175801568779	collagen-associated	FALSE	5	139
NID1	GRN	0.00475772539106103	227	0.00183772341959002	0.115910903333672	0.195175801568779	linker/proteoglycan	FALSE	6	159
HSPG2	GRN	0.00455866661531922	227	0.00183772341959002	0.115910903333672	0.195175801568779	linker/proteoglycan	FALSE	7	109
LAMA4	GRN	0.0044586320264651	227	0.00183772341959002	0.115910903333672	0.195175801568779	laminin	FALSE	8	143
LAMB1	GRN	0.00408013709829868	227	0.00183772341959002	0.115910903333672	0.195175801568779	laminin	FALSE	9	132
LAMB2	GRN	0.00336967188048077	227	0.00183772341959002	0.115910903333672	0.195175801568779	laminin	FALSE	10	159
COL18A1	CP	0.00749359168408562	228	0.00182651973495006	0.177346634969608	0.194435223144352	collagen-associated	FALSE	1	79
LAMC1	CP	0.00608996148864053	228	0.00182651973495006	0.177346634969608	0.194435223144352	laminin	FALSE	2	135
NID2	CP	0.00530312348778147	228	0.00182651973495006	0.177346634969608	0.194435223144352	linker/proteoglycan	FALSE	3	147
HSPG2	CP	0.00464360553361009	228	0.00182651973495006	0.177346634969608	0.194435223144352	linker/proteoglycan	FALSE	4	98
COL4A2	CP	0.00461228390343271	228	0.00182651973495006	0.177346634969608	0.194435223144352	collagen-associated	FALSE	5	154
LAMB1	CP	0.0045883269116973	228	0.00182651973495006	0.177346634969608	0.194435223144352	laminin	FALSE	6	99
NID1	CP	0.0045033107156844	228	0.00182651973495006	0.177346634969608	0.194435223144352	linker/proteoglycan	FALSE	7	178
LAMA4	CP	0.00445166224995701	228	0.00182651973495006	0.177346634969608	0.194435223144352	laminin	FALSE	8	144
COL4A1	CP	0.00413619973059555	228	0.00182651973495006	0.177346634969608	0.194435223144352	collagen-associated	FALSE	9	207
LAMB2	CP	0.00364802591696386	228	0.00182651973495006	0.177346634969608	0.194435223144352	laminin	FALSE	10	132
LAMC1	ZNRF3	0.00555098359511491	229	0.00181344109195965	0.12560249303037	0.195175801568779	laminin	FALSE	1	185
HSPG2	ZNRF3	0.00445618002278213	229	0.00181344109195965	0.12560249303037	0.195175801568779	linker/proteoglycan	FALSE	2	119
COL4A2	ZNRF3	0.0042275405002464	229	0.00181344109195965	0.12560249303037	0.195175801568779	collagen-associated	FALSE	3	202
COL18A1	ZNRF3	0.00421970709959981	229	0.00181344109195965	0.12560249303037	0.195175801568779	collagen-associated	FALSE	4	298
LAMA4	ZNRF3	0.00349554069279412	229	0.00181344109195965	0.12560249303037	0.195175801568779	laminin	FALSE	5	255
NID2	ZNRF3	0.00340595803402241	229	0.00181344109195965	0.12560249303037	0.195175801568779	linker/proteoglycan	FALSE	6	311
NID1	ZNRF3	0.00320884343793579	229	0.00181344109195965	0.12560249303037	0.195175801568779	linker/proteoglycan	FALSE	7	309
COL4A1	ZNRF3	0.00308567208630795	229	0.00181344109195965	0.12560249303037	0.195175801568779	collagen-associated	FALSE	8	307
LAMB1	ZNRF3	0.00304202472607474	229	0.00181344109195965	0.12560249303037	0.195175801568779	laminin	FALSE	9	259
LAMB2	ZNRF3	0.00233251040864874	229	0.00181344109195965	0.12560249303037	0.195175801568779	laminin	FALSE	10	302
COL18A1	MMP9	0.00653963062775979	230	0.00180839238504369	0.122962573909774	0.195175801568779	collagen-associated	FALSE	1	119
LAMC1	MMP9	0.00618282249800874	230	0.00180839238504369	0.122962573909774	0.195175801568779	laminin	FALSE	2	133
NID2	MMP9	0.00595707561579971	230	0.00180839238504369	0.122962573909774	0.195175801568779	linker/proteoglycan	FALSE	3	110
NID1	MMP9	0.00589926184750642	230	0.00180839238504369	0.122962573909774	0.195175801568779	linker/proteoglycan	FALSE	4	85
LAMA4	MMP9	0.00519827456750691	230	0.00180839238504369	0.122962573909774	0.195175801568779	laminin	FALSE	5	94
COL4A2	MMP9	0.00486184897104361	230	0.00180839238504369	0.122962573909774	0.195175801568779	collagen-associated	FALSE	6	130
LAMB1	MMP9	0.00485423473338687	230	0.00180839238504369	0.122962573909774	0.195175801568779	laminin	FALSE	7	83
COL4A1	MMP9	0.00481750127367769	230	0.00180839238504369	0.122962573909774	0.195175801568779	collagen-associated	FALSE	8	137
HSPG2	MMP9	0.00461813058439116	230	0.00180839238504369	0.122962573909774	0.195175801568779	linker/proteoglycan	FALSE	9	103
LAMB2	MMP9	0.0044423768124188	230	0.00180839238504369	0.122962573909774	0.195175801568779	laminin	FALSE	10	60
LAMC1	DUSP18	0.00688482103721901	231	0.00176880549898325	0.120563043070687	0.195175801568779	laminin	FALSE	1	94
NID2	DUSP18	0.00613837800698315	231	0.00176880549898325	0.120563043070687	0.195175801568779	linker/proteoglycan	FALSE	2	95
COL18A1	DUSP18	0.00573715233994009	231	0.00176880549898325	0.120563043070687	0.195175801568779	collagen-associated	FALSE	3	169
NID1	DUSP18	0.00542147110471432	231	0.00176880549898325	0.120563043070687	0.195175801568779	linker/proteoglycan	FALSE	4	108
COL4A2	DUSP18	0.0045345480987114	231	0.00176880549898325	0.120563043070687	0.195175801568779	collagen-associated	FALSE	5	170
COL4A1	DUSP18	0.00441611047746149	231	0.00176880549898325	0.120563043070687	0.195175801568779	collagen-associated	FALSE	6	173
LAMA4	DUSP18	0.00440474838353426	231	0.00176880549898325	0.120563043070687	0.195175801568779	laminin	FALSE	7	148
LAMB1	DUSP18	0.00379508443628823	231	0.00176880549898325	0.120563043070687	0.195175801568779	laminin	FALSE	8	165
HSPG2	DUSP18	0.00373726212944774	231	0.00176880549898325	0.120563043070687	0.195175801568779	linker/proteoglycan	FALSE	9	181
LAMB2	DUSP18	0.00327835060521192	231	0.00176880549898325	0.120563043070687	0.195175801568779	laminin	FALSE	10	168
COL18A1	SIRPB2	0.0049211021507826	232	0.00176559158347732	0.121823865946059	0.195175801568779	collagen-associated	FALSE	1	226
NID2	SIRPB2	0.00451751570719088	232	0.00176559158347732	0.121823865946059	0.195175801568779	linker/proteoglycan	FALSE	2	235
LAMC1	SIRPB2	0.00439963126981537	232	0.00176559158347732	0.121823865946059	0.195175801568779	laminin	FALSE	3	287
COL4A2	SIRPB2	0.0040567232171213	232	0.00176559158347732	0.121823865946059	0.195175801568779	collagen-associated	FALSE	4	228
LAMA4	SIRPB2	0.00360709282646868	232	0.00176559158347732	0.121823865946059	0.195175801568779	laminin	FALSE	5	237
COL4A1	SIRPB2	0.00343803023131011	232	0.00176559158347732	0.121823865946059	0.195175801568779	collagen-associated	FALSE	6	284
NID1	SIRPB2	0.00338180028681661	232	0.00176559158347732	0.121823865946059	0.195175801568779	linker/proteoglycan	FALSE	7	299
HSPG2	SIRPB2	0.00322560858960583	232	0.00176559158347732	0.121823865946059	0.195175801568779	linker/proteoglycan	FALSE	8	231
LAMB1	SIRPB2	0.00298268055115115	232	0.00176559158347732	0.121823865946059	0.195175801568779	laminin	FALSE	9	268
LAMB2	SIRPB2	0.00289403279338737	232	0.00176559158347732	0.121823865946059	0.195175801568779	laminin	FALSE	10	226
COL18A1	ICAM4	0.00455281615106708	233	0.00176018856335989	0.12204747986853	0.195175801568779	collagen-associated	FALSE	1	269
LAMC1	ICAM4	0.00434778818869683	233	0.00176018856335989	0.12204747986853	0.195175801568779	laminin	FALSE	2	292
COL4A1	ICAM4	0.00416798801068332	233	0.00176018856335989	0.12204747986853	0.195175801568779	collagen-associated	FALSE	3	204
NID1	ICAM4	0.00404295173532664	233	0.00176018856335989	0.12204747986853	0.195175801568779	linker/proteoglycan	FALSE	4	223
COL4A2	ICAM4	0.00376393398702762	233	0.00176018856335989	0.12204747986853	0.195175801568779	collagen-associated	FALSE	5	267
NID2	ICAM4	0.00375833924321284	233	0.00176018856335989	0.12204747986853	0.195175801568779	linker/proteoglycan	FALSE	6	296
LAMA4	ICAM4	0.00331565102262535	233	0.00176018856335989	0.12204747986853	0.195175801568779	laminin	FALSE	7	281
HSPG2	ICAM4	0.00306892901862456	233	0.00176018856335989	0.12204747986853	0.195175801568779	linker/proteoglycan	FALSE	8	261
LAMB1	ICAM4	0.00291223885750809	233	0.00176018856335989	0.12204747986853	0.195175801568779	laminin	FALSE	9	279
LAMB2	ICAM4	0.00250941534633272	233	0.00176018856335989	0.12204747986853	0.195175801568779	laminin	FALSE	10	284
LAMC1	IGFBP4	0.0120307834224308	234	0.00175191528572059	0.118343874615753	0.195175801568779	laminin	FALSE	1	11
COL18A1	IGFBP4	0.00951100667264205	234	0.00175191528572059	0.118343874615753	0.195175801568779	collagen-associated	FALSE	2	40
LAMB1	IGFBP4	0.00621314347898295	234	0.00175191528572059	0.118343874615753	0.195175801568779	laminin	FALSE	3	30
NID2	IGFBP4	0.00609774271610953	234	0.00175191528572059	0.118343874615753	0.195175801568779	linker/proteoglycan	FALSE	4	98
HSPG2	IGFBP4	0.00550372463671833	234	0.00175191528572059	0.118343874615753	0.195175801568779	linker/proteoglycan	FALSE	5	51
COL4A2	IGFBP4	0.00545552908948445	234	0.00175191528572059	0.118343874615753	0.195175801568779	collagen-associated	FALSE	6	95
COL4A1	IGFBP4	0.00539677491447255	234	0.00175191528572059	0.118343874615753	0.195175801568779	collagen-associated	FALSE	7	93
LAMA4	IGFBP4	0.00532320445731779	234	0.00175191528572059	0.118343874615753	0.195175801568779	laminin	FALSE	8	85
NID1	IGFBP4	0.00525100696617777	234	0.00175191528572059	0.118343874615753	0.195175801568779	linker/proteoglycan	FALSE	9	118
LAMB2	IGFBP4	0.0050285265798652	234	0.00175191528572059	0.118343874615753	0.195175801568779	laminin	FALSE	10	41
NID1	HDC	0.00753219900429958	235	0.00174742120274265	0.120862156678439	0.195175801568779	linker/proteoglycan	FALSE	1	35
COL18A1	HDC	0.00607159438189634	235	0.00174742120274265	0.120862156678439	0.195175801568779	collagen-associated	FALSE	2	143
HSPG2	HDC	0.00528081716893508	235	0.00174742120274265	0.120862156678439	0.195175801568779	linker/proteoglycan	FALSE	3	59
LAMC1	HDC	0.00450798680315274	235	0.00174742120274265	0.120862156678439	0.195175801568779	laminin	FALSE	4	274
COL4A1	HDC	0.00430531200834152	235	0.00174742120274265	0.120862156678439	0.195175801568779	collagen-associated	FALSE	5	188
LAMB1	HDC	0.00389124074388656	235	0.00174742120274265	0.120862156678439	0.195175801568779	laminin	FALSE	6	152
NID2	HDC	0.00382013084432283	235	0.00174742120274265	0.120862156678439	0.195175801568779	linker/proteoglycan	FALSE	7	291
LAMB2	HDC	0.00378935473461005	235	0.00174742120274265	0.120862156678439	0.195175801568779	laminin	FALSE	8	109
COL4A2	HDC	0.00373876767461587	235	0.00174742120274265	0.120862156678439	0.195175801568779	collagen-associated	FALSE	9	269
LAMA4	HDC	0.00314930887181114	235	0.00174742120274265	0.120862156678439	0.195175801568779	laminin	FALSE	10	299
LAMC1	NTS	0.00450123108951273	236	0.00174433473427329	0.108004664408852	0.198700892622602	laminin	FALSE	1	277
NID2	NTS	0.00446233471988957	236	0.00174433473427329	0.108004664408852	0.198700892622602	linker/proteoglycan	FALSE	2	240
COL18A1	NTS	0.003967486629174	236	0.00174433473427329	0.108004664408852	0.198700892622602	collagen-associated	FALSE	3	312
COL4A2	NTS	0.0037717766274599	236	0.00174433473427329	0.108004664408852	0.198700892622602	collagen-associated	FALSE	4	264
NID1	NTS	0.00370937598018	236	0.00174433473427329	0.108004664408852	0.198700892622602	linker/proteoglycan	FALSE	5	263
LAMA4	NTS	0.00351563851754685	236	0.00174433473427329	0.108004664408852	0.198700892622602	laminin	FALSE	6	250
COL4A1	NTS	0.00290972142344563	236	0.00174433473427329	0.108004664408852	0.198700892622602	collagen-associated	FALSE	7	315
HSPG2	NTS	0.00286963478102076	236	0.00174433473427329	0.108004664408852	0.198700892622602	linker/proteoglycan	FALSE	8	289
LAMB1	NTS	0.00279129675661249	236	0.00174433473427329	0.108004664408852	0.198700892622602	laminin	FALSE	9	291
LAMB2	NTS	0.00256053121030294	236	0.00174433473427329	0.108004664408852	0.198700892622602	laminin	FALSE	10	276
COL18A1	SLIT2	0.00620422123964944	237	0.00171639008040389	0.112024564993897	0.199458625566015	collagen-associated	FALSE	1	136
LAMC1	SLIT2	0.00560072873801817	237	0.00171639008040389	0.112024564993897	0.199458625566015	laminin	FALSE	2	179
NID2	SLIT2	0.00556819691957298	237	0.00171639008040389	0.112024564993897	0.199458625566015	linker/proteoglycan	FALSE	3	130
NID1	SLIT2	0.00510066548578717	237	0.00171639008040389	0.112024564993897	0.199458625566015	linker/proteoglycan	FALSE	4	132
COL4A1	SLIT2	0.0048866808488891	237	0.00171639008040389	0.112024564993897	0.199458625566015	collagen-associated	FALSE	5	127
COL4A2	SLIT2	0.00451696579784419	237	0.00171639008040389	0.112024564993897	0.199458625566015	collagen-associated	FALSE	6	172
HSPG2	SLIT2	0.00406854448874191	237	0.00171639008040389	0.112024564993897	0.199458625566015	linker/proteoglycan	FALSE	7	150
LAMA4	SLIT2	0.00406164171852557	237	0.00171639008040389	0.112024564993897	0.199458625566015	laminin	FALSE	8	182
LAMB1	SLIT2	0.00352304148791686	237	0.00171639008040389	0.112024564993897	0.199458625566015	laminin	FALSE	9	193
LAMB2	SLIT2	0.00339187189341091	237	0.00171639008040389	0.112024564993897	0.199458625566015	laminin	FALSE	10	157
COL4A1	DLL1	0.00830352280512761	238	0.00171619845686593	0.0881260180233271	0.199458625566015	collagen-associated	FALSE	1	37
LAMC1	DLL1	0.00813550571175598	238	0.00171619845686593	0.0881260180233271	0.199458625566015	laminin	FALSE	2	58
NID1	DLL1	0.00811728771346866	238	0.00171619845686593	0.0881260180233271	0.199458625566015	linker/proteoglycan	FALSE	3	29
COL18A1	DLL1	0.00777366639827532	238	0.00171619845686593	0.0881260180233271	0.199458625566015	collagen-associated	FALSE	4	68
LAMA4	DLL1	0.00631762057219729	238	0.00171619845686593	0.0881260180233271	0.199458625566015	laminin	FALSE	5	49
NID2	DLL1	0.00607565474030583	238	0.00171619845686593	0.0881260180233271	0.199458625566015	linker/proteoglycan	FALSE	6	100
COL4A2	DLL1	0.00540015763644929	238	0.00171619845686593	0.0881260180233271	0.199458625566015	collagen-associated	FALSE	7	98
LAMB1	DLL1	0.00528733120709963	238	0.00171619845686593	0.0881260180233271	0.199458625566015	laminin	FALSE	8	60
HSPG2	DLL1	0.00454278975209553	238	0.00171619845686593	0.0881260180233271	0.199458625566015	linker/proteoglycan	FALSE	9	110
LAMB2	DLL1	0.00408489150893295	238	0.00171619845686593	0.0881260180233271	0.199458625566015	laminin	FALSE	10	82
COL18A1	PTPRK	0.00701293164638891	239	0.00170661925272815	0.106771131986766	0.202303006213901	collagen-associated	FALSE	1	93
LAMC1	PTPRK	0.00654223322637267	239	0.00170661925272815	0.106771131986766	0.202303006213901	laminin	FALSE	2	113
LAMA4	PTPRK	0.00542141105820038	239	0.00170661925272815	0.106771131986766	0.202303006213901	laminin	FALSE	3	77
COL4A2	PTPRK	0.00480976841193002	239	0.00170661925272815	0.106771131986766	0.202303006213901	collagen-associated	FALSE	4	135
NID2	PTPRK	0.00462722744910685	239	0.00170661925272815	0.106771131986766	0.202303006213901	linker/proteoglycan	FALSE	5	227
HSPG2	PTPRK	0.00437876679171106	239	0.00170661925272815	0.106771131986766	0.202303006213901	linker/proteoglycan	FALSE	6	123
NID1	PTPRK	0.00424935271544612	239	0.00170661925272815	0.106771131986766	0.202303006213901	linker/proteoglycan	FALSE	7	201
COL4A1	PTPRK	0.00378215509391181	239	0.00170661925272815	0.106771131986766	0.202303006213901	collagen-associated	FALSE	8	245
LAMB1	PTPRK	0.00331765972799426	239	0.00170661925272815	0.106771131986766	0.202303006213901	laminin	FALSE	9	215
LAMB2	PTPRK	0.00321614475176016	239	0.00170661925272815	0.106771131986766	0.202303006213901	laminin	FALSE	10	178
NID2	IL6	0.0110703375919564	240	0.00166360829910192	0.117813284049116	0.202303006213901	linker/proteoglycan	FALSE	1	19
COL18A1	IL6	0.0107236765114988	240	0.00166360829910192	0.117813284049116	0.202303006213901	collagen-associated	FALSE	2	22
LAMC1	IL6	0.0105897146187092	240	0.00166360829910192	0.117813284049116	0.202303006213901	laminin	FALSE	3	23
COL4A2	IL6	0.00866257007538189	240	0.00166360829910192	0.117813284049116	0.202303006213901	collagen-associated	FALSE	4	14
NID1	IL6	0.00853852189655215	240	0.00166360829910192	0.117813284049116	0.202303006213901	linker/proteoglycan	FALSE	5	26
LAMA4	IL6	0.00811224648112855	240	0.00166360829910192	0.117813284049116	0.202303006213901	laminin	FALSE	6	19
COL4A1	IL6	0.00806432464772156	240	0.00166360829910192	0.117813284049116	0.202303006213901	collagen-associated	FALSE	7	40
HSPG2	IL6	0.00792990433139274	240	0.00166360829910192	0.117813284049116	0.202303006213901	linker/proteoglycan	FALSE	8	11
LAMB1	IL6	0.00783355717235125	240	0.00166360829910192	0.117813284049116	0.202303006213901	laminin	FALSE	9	17
LAMB2	IL6	0.00641201322100154	240	0.00166360829910192	0.117813284049116	0.202303006213901	laminin	FALSE	10	16
COL18A1	LGALS9	0.00587717221845842	241	0.00165852048766772	0.0981657287798677	0.20746433421174	collagen-associated	FALSE	1	157
LAMC1	LGALS9	0.00561735149624544	241	0.00165852048766772	0.0981657287798677	0.20746433421174	laminin	FALSE	2	175
COL4A2	LGALS9	0.00545879102322913	241	0.00165852048766772	0.0981657287798677	0.20746433421174	collagen-associated	FALSE	3	94
NID2	LGALS9	0.00471911991195148	241	0.00165852048766772	0.0981657287798677	0.20746433421174	linker/proteoglycan	FALSE	4	216
NID1	LGALS9	0.00432719312767872	241	0.00165852048766772	0.0981657287798677	0.20746433421174	linker/proteoglycan	FALSE	5	197
LAMA4	LGALS9	0.00430408002818363	241	0.00165852048766772	0.0981657287798677	0.20746433421174	laminin	FALSE	6	160
COL4A1	LGALS9	0.00413215244480864	241	0.00165852048766772	0.0981657287798677	0.20746433421174	collagen-associated	FALSE	7	208
LAMB1	LGALS9	0.00377842662253481	241	0.00165852048766772	0.0981657287798677	0.20746433421174	laminin	FALSE	8	166
HSPG2	LGALS9	0.00358147734447566	241	0.00165852048766772	0.0981657287798677	0.20746433421174	linker/proteoglycan	FALSE	9	194
LAMB2	LGALS9	0.00267616233030043	241	0.00165852048766772	0.0981657287798677	0.20746433421174	laminin	FALSE	10	257
LAMC1	ADAM17	0.00697891136191893	242	0.00165785276048582	0.0908124614818236	0.202303006213901	laminin	FALSE	1	87
COL18A1	ADAM17	0.00675353211946644	242	0.00165785276048582	0.0908124614818236	0.202303006213901	collagen-associated	FALSE	2	107
NID1	ADAM17	0.00647832467152972	242	0.00165785276048582	0.0908124614818236	0.202303006213901	linker/proteoglycan	FALSE	3	57
NID2	ADAM17	0.00625394086195911	242	0.00165785276048582	0.0908124614818236	0.202303006213901	linker/proteoglycan	FALSE	4	86
COL4A1	ADAM17	0.00596086020816176	242	0.00165785276048582	0.0908124614818236	0.202303006213901	collagen-associated	FALSE	5	76
COL4A2	ADAM17	0.00559430639219619	242	0.00165785276048582	0.0908124614818236	0.202303006213901	collagen-associated	FALSE	6	85
LAMA4	ADAM17	0.00527064198649763	242	0.00165785276048582	0.0908124614818236	0.202303006213901	laminin	FALSE	7	89
HSPG2	ADAM17	0.00509526932513222	242	0.00165785276048582	0.0908124614818236	0.202303006213901	linker/proteoglycan	FALSE	8	70
LAMB1	ADAM17	0.00437625957364894	242	0.00165785276048582	0.0908124614818236	0.202303006213901	laminin	FALSE	9	110
LAMB2	ADAM17	0.00425410772999595	242	0.00165785276048582	0.0908124614818236	0.202303006213901	laminin	FALSE	10	70
NID2	HLA-DQB1	0.00480091324407928	243	0.00165072830629375	0.106673186264296	0.205180721597262	linker/proteoglycan	FALSE	1	210
LAMC1	HLA-DQB1	0.00462124500070363	243	0.00165072830629375	0.106673186264296	0.205180721597262	laminin	FALSE	2	266
COL18A1	HLA-DQB1	0.00452298760271394	243	0.00165072830629375	0.106673186264296	0.205180721597262	collagen-associated	FALSE	3	271
COL4A2	HLA-DQB1	0.00418083176339869	243	0.00165072830629375	0.106673186264296	0.205180721597262	collagen-associated	FALSE	4	204
NID1	HLA-DQB1	0.00375853772705289	243	0.00165072830629375	0.106673186264296	0.205180721597262	linker/proteoglycan	FALSE	5	259
HSPG2	HLA-DQB1	0.00367757665024515	243	0.00165072830629375	0.106673186264296	0.205180721597262	linker/proteoglycan	FALSE	6	188
LAMA4	HLA-DQB1	0.00346104056497426	243	0.00165072830629375	0.106673186264296	0.205180721597262	laminin	FALSE	7	260
COL4A1	HLA-DQB1	0.00334839021655893	243	0.00165072830629375	0.106673186264296	0.205180721597262	collagen-associated	FALSE	8	291
LAMB1	HLA-DQB1	0.00305665388381252	243	0.00165072830629375	0.106673186264296	0.205180721597262	laminin	FALSE	9	255
LAMB2	HLA-DQB1	0.0027026667062023	243	0.00165072830629375	0.106673186264296	0.205180721597262	laminin	FALSE	10	250
LAMC1	KIRREL1	0.00499821217974536	244	0.00164873987040888	0.0907681800286183	0.205260955385943	laminin	FALSE	1	231
COL18A1	KIRREL1	0.0045646431041841	244	0.00164873987040888	0.0907681800286183	0.205260955385943	collagen-associated	FALSE	2	268
NID2	KIRREL1	0.00430925937054851	244	0.00164873987040888	0.0907681800286183	0.205260955385943	linker/proteoglycan	FALSE	3	256
COL4A2	KIRREL1	0.00400755298160326	244	0.00164873987040888	0.0907681800286183	0.205260955385943	collagen-associated	FALSE	4	232
LAMA4	KIRREL1	0.00360008646250841	244	0.00164873987040888	0.0907681800286183	0.205260955385943	laminin	FALSE	5	238
NID1	KIRREL1	0.00357172327986666	244	0.00164873987040888	0.0907681800286183	0.205260955385943	linker/proteoglycan	FALSE	6	281
COL4A1	KIRREL1	0.00349984804322745	244	0.00164873987040888	0.0907681800286183	0.205260955385943	collagen-associated	FALSE	7	276
LAMB1	KIRREL1	0.00319879627476746	244	0.00164873987040888	0.0907681800286183	0.205260955385943	laminin	FALSE	8	235
HSPG2	KIRREL1	0.00308532536069886	244	0.00164873987040888	0.0907681800286183	0.205260955385943	linker/proteoglycan	FALSE	9	257
LAMB2	KIRREL1	0.00286517206844707	244	0.00164873987040888	0.0907681800286183	0.205260955385943	laminin	FALSE	10	231
NID1	TGFBI	0.00609121784675789	245	0.00161123212434524	0.0964601300434888	0.206467516513655	linker/proteoglycan	FALSE	1	74
LAMC1	TGFBI	0.00608582848103072	245	0.00161123212434524	0.0964601300434888	0.206467516513655	laminin	FALSE	2	136
COL18A1	TGFBI	0.00565936724740392	245	0.00161123212434524	0.0964601300434888	0.206467516513655	collagen-associated	FALSE	3	173
NID2	TGFBI	0.00491302867973381	245	0.00161123212434524	0.0964601300434888	0.206467516513655	linker/proteoglycan	FALSE	4	189
COL4A2	TGFBI	0.00445530857931118	245	0.00161123212434524	0.0964601300434888	0.206467516513655	collagen-associated	FALSE	5	180
HSPG2	TGFBI	0.0043944507374613	245	0.00161123212434524	0.0964601300434888	0.206467516513655	linker/proteoglycan	FALSE	6	121
COL4A1	TGFBI	0.0040604316559025	245	0.00161123212434524	0.0964601300434888	0.206467516513655	collagen-associated	FALSE	7	212
LAMA4	TGFBI	0.0038453070723974	245	0.00161123212434524	0.0964601300434888	0.206467516513655	laminin	FALSE	8	211
LAMB1	TGFBI	0.00366802548332433	245	0.00161123212434524	0.0964601300434888	0.206467516513655	laminin	FALSE	9	177
LAMB2	TGFBI	0.00338538252470125	245	0.00161123212434524	0.0964601300434888	0.206467516513655	laminin	FALSE	10	158
COL18A1	CCN2	0.0117895436176676	246	0.00161077859935698	0.115448681698932	0.20888387351741	collagen-associated	FALSE	1	14
NID2	CCN2	0.0104499292282723	246	0.00161077859935698	0.115448681698932	0.20888387351741	linker/proteoglycan	FALSE	2	22
LAMC1	CCN2	0.0104224978912084	246	0.00161077859935698	0.115448681698932	0.20888387351741	laminin	FALSE	3	26
LAMA4	CCN2	0.00826686049267718	246	0.00161077859935698	0.115448681698932	0.20888387351741	laminin	FALSE	4	15
COL4A2	CCN2	0.00765637455898942	246	0.00161077859935698	0.115448681698932	0.20888387351741	collagen-associated	FALSE	5	21
NID1	CCN2	0.00733734057137662	246	0.00161077859935698	0.115448681698932	0.20888387351741	linker/proteoglycan	FALSE	6	39
HSPG2	CCN2	0.0068314083714619	246	0.00161077859935698	0.115448681698932	0.20888387351741	linker/proteoglycan	FALSE	7	26
COL4A1	CCN2	0.00615255446515904	246	0.00161077859935698	0.115448681698932	0.20888387351741	collagen-associated	FALSE	8	70
LAMB1	CCN2	0.00609297011984468	246	0.00161077859935698	0.115448681698932	0.20888387351741	laminin	FALSE	9	33
LAMB2	CCN2	0.00494517655745931	246	0.00161077859935698	0.115448681698932	0.20888387351741	laminin	FALSE	10	46
LAMC1	SPP1	0.00741383824942451	247	0.00160532019869767	0.0953512367987493	0.20746433421174	laminin	FALSE	1	73
COL18A1	SPP1	0.00740802218075975	247	0.00160532019869767	0.0953512367987493	0.20746433421174	collagen-associated	FALSE	2	81
COL4A2	SPP1	0.00616301749709939	247	0.00160532019869767	0.0953512367987493	0.20746433421174	collagen-associated	FALSE	3	59
NID2	SPP1	0.00601549644231121	247	0.00160532019869767	0.0953512367987493	0.20746433421174	linker/proteoglycan	FALSE	4	103
NID1	SPP1	0.00592011272326548	247	0.00160532019869767	0.0953512367987493	0.20746433421174	linker/proteoglycan	FALSE	5	82
LAMA4	SPP1	0.00519653433028495	247	0.00160532019869767	0.0953512367987493	0.20746433421174	laminin	FALSE	6	95
COL4A1	SPP1	0.00513099476805964	247	0.00160532019869767	0.0953512367987493	0.20746433421174	collagen-associated	FALSE	7	105
LAMB1	SPP1	0.00502990936292232	247	0.00160532019869767	0.0953512367987493	0.20746433421174	laminin	FALSE	8	74
HSPG2	SPP1	0.00476503596882437	247	0.00160532019869767	0.0953512367987493	0.20746433421174	linker/proteoglycan	FALSE	9	93
LAMB2	SPP1	0.00392550157244622	247	0.00160532019869767	0.0953512367987493	0.20746433421174	laminin	FALSE	10	94
NID2	VSIG10	0.00740450052262042	248	0.00159989656694683	0.082551315982933	0.207063439997464	linker/proteoglycan	FALSE	1	56
LAMC1	VSIG10	0.00736787714110986	248	0.00159989656694683	0.082551315982933	0.207063439997464	laminin	FALSE	2	74
COL18A1	VSIG10	0.00654344958100997	248	0.00159989656694683	0.082551315982933	0.207063439997464	collagen-associated	FALSE	3	118
COL4A1	VSIG10	0.00588695298165712	248	0.00159989656694683	0.082551315982933	0.207063439997464	collagen-associated	FALSE	4	79
COL4A2	VSIG10	0.00588471443502706	248	0.00159989656694683	0.082551315982933	0.207063439997464	collagen-associated	FALSE	5	69
LAMB1	VSIG10	0.00536864284767096	248	0.00159989656694683	0.082551315982933	0.207063439997464	laminin	FALSE	6	58
LAMA4	VSIG10	0.00528345050503639	248	0.00159989656694683	0.082551315982933	0.207063439997464	laminin	FALSE	7	87
NID1	VSIG10	0.00525350571792384	248	0.00159989656694683	0.082551315982933	0.207063439997464	linker/proteoglycan	FALSE	8	117
HSPG2	VSIG10	0.00514452259982372	248	0.00159989656694683	0.082551315982933	0.207063439997464	linker/proteoglycan	FALSE	9	67
LAMB2	VSIG10	0.00469435758372227	248	0.00159989656694683	0.082551315982933	0.207063439997464	laminin	FALSE	10	53
LAMC1	TGM2	0.0453842151197549	249	0.00158948043568755	0.107406144244224	0.207920171838238	laminin	FALSE	1	2
COL18A1	TGM2	0.0104430035997437	249	0.00158948043568755	0.107406144244224	0.207920171838238	collagen-associated	FALSE	2	25
NID1	TGM2	0.00689614703725095	249	0.00158948043568755	0.107406144244224	0.207920171838238	linker/proteoglycan	FALSE	3	49
COL4A2	TGM2	0.00676568196336702	249	0.00158948043568755	0.107406144244224	0.207920171838238	collagen-associated	FALSE	4	46
NID2	TGM2	0.00662340626927173	249	0.00158948043568755	0.107406144244224	0.207920171838238	linker/proteoglycan	FALSE	5	74
COL4A1	TGM2	0.00649855008677236	249	0.00158948043568755	0.107406144244224	0.207920171838238	collagen-associated	FALSE	6	62
LAMA4	TGM2	0.00610001327929558	249	0.00158948043568755	0.107406144244224	0.207920171838238	laminin	FALSE	7	54
HSPG2	TGM2	0.00529553005009071	249	0.00158948043568755	0.107406144244224	0.207920171838238	linker/proteoglycan	FALSE	8	58
LAMB1	TGM2	0.00465646079992713	249	0.00158948043568755	0.107406144244224	0.207920171838238	laminin	FALSE	9	98
LAMB2	TGM2	0.00440318241616252	249	0.00158948043568755	0.107406144244224	0.207920171838238	laminin	FALSE	10	63
LAMC1	SPON1	0.0066690630847823	250	0.00157978803993312	0.117113426685519	0.206392885301634	laminin	FALSE	1	108
COL18A1	SPON1	0.00484352948450259	250	0.00157978803993312	0.117113426685519	0.206392885301634	collagen-associated	FALSE	2	238
NID2	SPON1	0.00406020245553298	250	0.00157978803993312	0.117113426685519	0.206392885301634	linker/proteoglycan	FALSE	3	275
NID1	SPON1	0.00382944012808791	250	0.00157978803993312	0.117113426685519	0.206392885301634	linker/proteoglycan	FALSE	4	247
COL4A2	SPON1	0.00382486158849579	250	0.00157978803993312	0.117113426685519	0.206392885301634	collagen-associated	FALSE	5	254
HSPG2	SPON1	0.00378727588908963	250	0.00157978803993312	0.117113426685519	0.206392885301634	linker/proteoglycan	FALSE	6	172
LAMA4	SPON1	0.00353507528213629	250	0.00157978803993312	0.117113426685519	0.206392885301634	laminin	FALSE	7	246
COL4A1	SPON1	0.00352539063812169	250	0.00157978803993312	0.117113426685519	0.206392885301634	collagen-associated	FALSE	8	273
LAMB1	SPON1	0.0031280621602269	250	0.00157978803993312	0.117113426685519	0.206392885301634	laminin	FALSE	9	245
LAMB2	SPON1	0.00259735565896338	250	0.00157978803993312	0.117113426685519	0.206392885301634	laminin	FALSE	10	270
NID1	CD320	0.00512331979616223	251	0.0015688269150489	0.077952625147319	0.208946299045985	linker/proteoglycan	FALSE	1	129
LAMC1	CD320	0.00465549679260386	251	0.0015688269150489	0.077952625147319	0.208946299045985	laminin	FALSE	2	263
COL18A1	CD320	0.00451819268100602	251	0.0015688269150489	0.077952625147319	0.208946299045985	collagen-associated	FALSE	3	272
COL4A1	CD320	0.00405285017617633	251	0.0015688269150489	0.077952625147319	0.208946299045985	collagen-associated	FALSE	4	216
NID2	CD320	0.00374247437634106	251	0.0015688269150489	0.077952625147319	0.208946299045985	linker/proteoglycan	FALSE	5	297
COL4A2	CD320	0.00355177918825659	251	0.0015688269150489	0.077952625147319	0.208946299045985	collagen-associated	FALSE	6	291
LAMA4	CD320	0.00319450308278734	251	0.0015688269150489	0.077952625147319	0.208946299045985	laminin	FALSE	7	297
HSPG2	CD320	0.00302722230956701	251	0.0015688269150489	0.077952625147319	0.208946299045985	linker/proteoglycan	FALSE	8	267
LAMB1	CD320	0.00293273779654719	251	0.0015688269150489	0.077952625147319	0.208946299045985	laminin	FALSE	9	273
LAMB2	CD320	0.00259211702952824	251	0.0015688269150489	0.077952625147319	0.208946299045985	laminin	FALSE	10	272
COL18A1	ICAM1	0.00863602467523603	252	0.0015334922616048	0.0848859660508643	0.20888387351741	collagen-associated	FALSE	1	49
NID2	ICAM1	0.00724337754354578	252	0.0015334922616048	0.0848859660508643	0.20888387351741	linker/proteoglycan	FALSE	2	62
LAMC1	ICAM1	0.00704636355142626	252	0.0015334922616048	0.0848859660508643	0.20888387351741	laminin	FALSE	3	83
NID1	ICAM1	0.00635994328072243	252	0.0015334922616048	0.0848859660508643	0.20888387351741	linker/proteoglycan	FALSE	4	60
COL4A1	ICAM1	0.005866890495675	252	0.0015334922616048	0.0848859660508643	0.20888387351741	collagen-associated	FALSE	5	80
COL4A2	ICAM1	0.00565491241696133	252	0.0015334922616048	0.0848859660508643	0.20888387351741	collagen-associated	FALSE	6	82
LAMA4	ICAM1	0.00554179611558319	252	0.0015334922616048	0.0848859660508643	0.20888387351741	laminin	FALSE	7	74
HSPG2	ICAM1	0.00527340640853412	252	0.0015334922616048	0.0848859660508643	0.20888387351741	linker/proteoglycan	FALSE	8	60
LAMB1	ICAM1	0.00482100492814064	252	0.0015334922616048	0.0848859660508643	0.20888387351741	laminin	FALSE	9	84
LAMB2	ICAM1	0.00479930282888383	252	0.0015334922616048	0.0848859660508643	0.20888387351741	laminin	FALSE	10	51
LAMC1	SERPINE1	0.00777159870484011	253	0.0015318738916605	0.125969027806258	0.20888387351741	laminin	FALSE	1	63
COL18A1	SERPINE1	0.00722324920658749	253	0.0015318738916605	0.125969027806258	0.20888387351741	collagen-associated	FALSE	2	86
NID1	SERPINE1	0.00697462919377809	253	0.0015318738916605	0.125969027806258	0.20888387351741	linker/proteoglycan	FALSE	3	47
NID2	SERPINE1	0.00639045175468643	253	0.0015318738916605	0.125969027806258	0.20888387351741	linker/proteoglycan	FALSE	4	81
COL4A1	SERPINE1	0.00597005810132352	253	0.0015318738916605	0.125969027806258	0.20888387351741	collagen-associated	FALSE	5	75
COL4A2	SERPINE1	0.00587969716397032	253	0.0015318738916605	0.125969027806258	0.20888387351741	collagen-associated	FALSE	6	70
LAMB1	SERPINE1	0.00499402023951487	253	0.0015318738916605	0.125969027806258	0.20888387351741	laminin	FALSE	7	76
HSPG2	SERPINE1	0.00465779305108407	253	0.0015318738916605	0.125969027806258	0.20888387351741	linker/proteoglycan	FALSE	8	97
LAMA4	SERPINE1	0.00465196677955485	253	0.0015318738916605	0.125969027806258	0.20888387351741	laminin	FALSE	9	133
LAMB2	SERPINE1	0.0039938053825918	253	0.0015318738916605	0.125969027806258	0.20888387351741	laminin	FALSE	10	87
LAMC1	EDIL3	0.00554689651483238	254	0.00152360527185344	0.0791937262240816	0.213142748225177	laminin	FALSE	1	186
COL18A1	EDIL3	0.00534909485739128	254	0.00152360527185344	0.0791937262240816	0.213142748225177	collagen-associated	FALSE	2	194
NID2	EDIL3	0.00460385370042691	254	0.00152360527185344	0.0791937262240816	0.213142748225177	linker/proteoglycan	FALSE	3	230
COL4A2	EDIL3	0.00448004071778757	254	0.00152360527185344	0.0791937262240816	0.213142748225177	collagen-associated	FALSE	4	177
NID1	EDIL3	0.00420510636493157	254	0.00152360527185344	0.0791937262240816	0.213142748225177	linker/proteoglycan	FALSE	5	207
COL4A1	EDIL3	0.00416374799203785	254	0.00152360527185344	0.0791937262240816	0.213142748225177	collagen-associated	FALSE	6	206
LAMA4	EDIL3	0.00398607051731907	254	0.00152360527185344	0.0791937262240816	0.213142748225177	laminin	FALSE	7	193
HSPG2	EDIL3	0.0037451214745591	254	0.00152360527185344	0.0791937262240816	0.213142748225177	linker/proteoglycan	FALSE	8	179
LAMB1	EDIL3	0.00344970591356074	254	0.00152360527185344	0.0791937262240816	0.213142748225177	laminin	FALSE	9	201
LAMB2	EDIL3	0.00301672540234133	254	0.00152360527185344	0.0791937262240816	0.213142748225177	laminin	FALSE	10	207
LAMC1	PLTP	0.00446721817544205	255	0.00150548151858219	0.0784572867010672	0.213142748225177	laminin	FALSE	1	281
COL18A1	PLTP	0.00427383865148066	255	0.00150548151858219	0.0784572867010672	0.213142748225177	collagen-associated	FALSE	2	294
NID2	PLTP	0.00346152203979943	255	0.00150548151858219	0.0784572867010672	0.213142748225177	linker/proteoglycan	FALSE	3	310
COL4A2	PLTP	0.00319552459017223	255	0.00150548151858219	0.0784572867010672	0.213142748225177	collagen-associated	FALSE	4	311
NID1	PLTP	0.00317804267346604	255	0.00150548151858219	0.0784572867010672	0.213142748225177	linker/proteoglycan	FALSE	5	311
COL4A1	PLTP	0.00301724583688167	255	0.00150548151858219	0.0784572867010672	0.213142748225177	collagen-associated	FALSE	6	311
LAMA4	PLTP	0.00290085224042072	255	0.00150548151858219	0.0784572867010672	0.213142748225177	laminin	FALSE	7	315
HSPG2	PLTP	0.00266742944161355	255	0.00150548151858219	0.0784572867010672	0.213142748225177	linker/proteoglycan	FALSE	8	310
LAMB1	PLTP	0.00257550647256937	255	0.00150548151858219	0.0784572867010672	0.213142748225177	laminin	FALSE	9	310
LAMB2	PLTP	0.00247891901809115	255	0.00150548151858219	0.0784572867010672	0.213142748225177	laminin	FALSE	10	287
NID1	SERPINE2	0.00569495173289417	256	0.00149460597208869	0.0671478171847715	0.214311642765685	linker/proteoglycan	FALSE	1	93
LAMC1	SERPINE2	0.00463641381401495	256	0.00149460597208869	0.0671478171847715	0.214311642765685	laminin	FALSE	2	264
COL18A1	SERPINE2	0.00441109390802546	256	0.00149460597208869	0.0671478171847715	0.214311642765685	collagen-associated	FALSE	3	284
NID2	SERPINE2	0.00366064629091105	256	0.00149460597208869	0.0671478171847715	0.214311642765685	linker/proteoglycan	FALSE	4	302
COL4A2	SERPINE2	0.0034677280616509	256	0.00149460597208869	0.0671478171847715	0.214311642765685	collagen-associated	FALSE	5	297
COL4A1	SERPINE2	0.00341066251806126	256	0.00149460597208869	0.0671478171847715	0.214311642765685	collagen-associated	FALSE	6	288
LAMA4	SERPINE2	0.00320839258803744	256	0.00149460597208869	0.0671478171847715	0.214311642765685	laminin	FALSE	7	295
LAMB1	SERPINE2	0.00319399679191489	256	0.00149460597208869	0.0671478171847715	0.214311642765685	laminin	FALSE	8	237
HSPG2	SERPINE2	0.00310415793728267	256	0.00149460597208869	0.0671478171847715	0.214311642765685	linker/proteoglycan	FALSE	9	250
LAMB2	SERPINE2	0.00255753347139805	256	0.00149460597208869	0.0671478171847715	0.214311642765685	laminin	FALSE	10	277
NID1	FLRT2	0.0045800999715752	257	0.00149183829121123	0.0724916645214505	0.21674627904005	linker/proteoglycan	FALSE	1	171
COL4A1	FLRT2	0.00440004499467418	257	0.00149183829121123	0.0724916645214505	0.21674627904005	collagen-associated	FALSE	2	177
COL18A1	FLRT2	0.00421434878484073	257	0.00149183829121123	0.0724916645214505	0.21674627904005	collagen-associated	FALSE	3	300
LAMC1	FLRT2	0.00398588685234204	257	0.00149183829121123	0.0724916645214505	0.21674627904005	laminin	FALSE	4	308
NID2	FLRT2	0.00389417847997892	257	0.00149183829121123	0.0724916645214505	0.21674627904005	linker/proteoglycan	FALSE	5	282
LAMB2	FLRT2	0.00377907335846809	257	0.00149183829121123	0.0724916645214505	0.21674627904005	laminin	FALSE	6	112
LAMA4	FLRT2	0.0032674316317291	257	0.00149183829121123	0.0724916645214505	0.21674627904005	laminin	FALSE	7	288
LAMB1	FLRT2	0.00304450320831925	257	0.00149183829121123	0.0724916645214505	0.21674627904005	laminin	FALSE	8	258
COL4A2	FLRT2	0.00303300469840253	257	0.00149183829121123	0.0724916645214505	0.21674627904005	collagen-associated	FALSE	9	316
HSPG2	FLRT2	0.00301043952620056	257	0.00149183829121123	0.0724916645214505	0.21674627904005	linker/proteoglycan	FALSE	10	270
COL18A1	CXCL8	0.00637799039041806	258	0.0014842385749102	0.0947011318965015	0.21674627904005	collagen-associated	FALSE	1	130
LAMC1	CXCL8	0.00621819023693555	258	0.0014842385749102	0.0947011318965015	0.21674627904005	laminin	FALSE	2	132
NID2	CXCL8	0.00544231287480957	258	0.0014842385749102	0.0947011318965015	0.21674627904005	linker/proteoglycan	FALSE	3	141
NID1	CXCL8	0.0054397503218153	258	0.0014842385749102	0.0947011318965015	0.21674627904005	linker/proteoglycan	FALSE	4	106
COL4A2	CXCL8	0.0048803938516719	258	0.0014842385749102	0.0947011318965015	0.21674627904005	collagen-associated	FALSE	5	127
COL4A1	CXCL8	0.0045505079454079	258	0.0014842385749102	0.0947011318965015	0.21674627904005	collagen-associated	FALSE	6	159
HSPG2	CXCL8	0.00435315639954791	258	0.0014842385749102	0.0947011318965015	0.21674627904005	linker/proteoglycan	FALSE	7	127
LAMA4	CXCL8	0.00432074816008368	258	0.0014842385749102	0.0947011318965015	0.21674627904005	laminin	FALSE	8	156
LAMB1	CXCL8	0.00383757470362485	258	0.0014842385749102	0.0947011318965015	0.21674627904005	laminin	FALSE	9	156
LAMB2	CXCL8	0.00358030522293307	258	0.0014842385749102	0.0947011318965015	0.21674627904005	laminin	FALSE	10	138
NID2	ANGPT1	0.00914303551911936	259	0.00147632559954742	0.116401922162004	0.213142748225177	linker/proteoglycan	FALSE	1	32
LAMC1	ANGPT1	0.00865014771268073	259	0.00147632559954742	0.116401922162004	0.213142748225177	laminin	FALSE	2	46
COL18A1	ANGPT1	0.0084371316365737	259	0.00147632559954742	0.116401922162004	0.213142748225177	collagen-associated	FALSE	3	55
NID1	ANGPT1	0.00717412392797359	259	0.00147632559954742	0.116401922162004	0.213142748225177	linker/proteoglycan	FALSE	4	42
COL4A2	ANGPT1	0.00707965873869382	259	0.00147632559954742	0.116401922162004	0.213142748225177	collagen-associated	FALSE	5	36
HSPG2	ANGPT1	0.00684655434110756	259	0.00147632559954742	0.116401922162004	0.213142748225177	linker/proteoglycan	FALSE	6	24
LAMA4	ANGPT1	0.00624476081844976	259	0.00147632559954742	0.116401922162004	0.213142748225177	laminin	FALSE	7	52
COL4A1	ANGPT1	0.00526942775543474	259	0.00147632559954742	0.116401922162004	0.213142748225177	collagen-associated	FALSE	8	99
LAMB2	ANGPT1	0.00512184901443392	259	0.00147632559954742	0.116401922162004	0.213142748225177	laminin	FALSE	9	39
LAMB1	ANGPT1	0.00475133876269231	259	0.00147632559954742	0.116401922162004	0.213142748225177	laminin	FALSE	10	88
COL18A1	PTN	0.0065229802390542	260	0.00144828604914933	0.0785696580480167	0.217147131440702	collagen-associated	FALSE	1	120
LAMC1	PTN	0.0064642770950032	260	0.00144828604914933	0.0785696580480167	0.217147131440702	laminin	FALSE	2	119
NID2	PTN	0.00533369179830256	260	0.00144828604914933	0.0785696580480167	0.217147131440702	linker/proteoglycan	FALSE	3	145
LAMA4	PTN	0.00532731932348547	260	0.00144828604914933	0.0785696580480167	0.217147131440702	laminin	FALSE	4	84
COL4A2	PTN	0.00517019664251468	260	0.00144828604914933	0.0785696580480167	0.217147131440702	collagen-associated	FALSE	5	113
NID1	PTN	0.00484185305191885	260	0.00144828604914933	0.0785696580480167	0.217147131440702	linker/proteoglycan	FALSE	6	151
COL4A1	PTN	0.00481549738908761	260	0.00144828604914933	0.0785696580480167	0.217147131440702	collagen-associated	FALSE	7	138
HSPG2	PTN	0.00428881817576754	260	0.00144828604914933	0.0785696580480167	0.217147131440702	linker/proteoglycan	FALSE	8	133
LAMB1	PTN	0.00396478562247119	260	0.00144828604914933	0.0785696580480167	0.217147131440702	laminin	FALSE	9	145
LAMB2	PTN	0.00395574188603871	260	0.00144828604914933	0.0785696580480167	0.217147131440702	laminin	FALSE	10	92
LAMC1	NECTIN4	0.00389725819409648	261	0.00139597976903359	0.0503865653820144	0.226270121079495	laminin	FALSE	1	313
COL18A1	NECTIN4	0.00388941006421573	261	0.00139597976903359	0.0503865653820144	0.226270121079495	collagen-associated	FALSE	2	315
COL4A2	NECTIN4	0.00355086084750304	261	0.00139597976903359	0.0503865653820144	0.226270121079495	collagen-associated	FALSE	3	292
LAMA4	NECTIN4	0.00341001385391548	261	0.00139597976903359	0.0503865653820144	0.226270121079495	laminin	FALSE	4	267
NID2	NECTIN4	0.00333107231989697	261	0.00139597976903359	0.0503865653820144	0.226270121079495	linker/proteoglycan	FALSE	5	314
COL4A1	NECTIN4	0.00331116799470717	261	0.00139597976903359	0.0503865653820144	0.226270121079495	collagen-associated	FALSE	6	294
NID1	NECTIN4	0.00311043389662565	261	0.00139597976903359	0.0503865653820144	0.226270121079495	linker/proteoglycan	FALSE	7	315
HSPG2	NECTIN4	0.00245528002246232	261	0.00139597976903359	0.0503865653820144	0.226270121079495	linker/proteoglycan	FALSE	8	316
LAMB1	NECTIN4	0.00231903935871334	261	0.00139597976903359	0.0503865653820144	0.226270121079495	laminin	FALSE	9	317
LAMB2	NECTIN4	0.00226251214509765	261	0.00139597976903359	0.0503865653820144	0.226270121079495	laminin	FALSE	10	311
COL18A1	SIRPA	0.00668010023279681	262	0.00138288267765132	0.0565807854450465	0.223816698789891	collagen-associated	FALSE	1	109
NID2	SIRPA	0.00586785619028902	262	0.00138288267765132	0.0565807854450465	0.223816698789891	linker/proteoglycan	FALSE	2	118
LAMC1	SIRPA	0.00528258636094692	262	0.00138288267765132	0.0565807854450465	0.223816698789891	laminin	FALSE	3	207
COL4A2	SIRPA	0.00466474852231366	262	0.00138288267765132	0.0565807854450465	0.223816698789891	collagen-associated	FALSE	4	147
NID1	SIRPA	0.00440092726500055	262	0.00138288267765132	0.0565807854450465	0.223816698789891	linker/proteoglycan	FALSE	5	187
COL4A1	SIRPA	0.00435757679179041	262	0.00138288267765132	0.0565807854450465	0.223816698789891	collagen-associated	FALSE	6	179
LAMB1	SIRPA	0.00406546633041865	262	0.00138288267765132	0.0565807854450465	0.223816698789891	laminin	FALSE	7	133
HSPG2	SIRPA	0.00394939132727296	262	0.00138288267765132	0.0565807854450465	0.223816698789891	linker/proteoglycan	FALSE	8	158
LAMA4	SIRPA	0.0037748708784005	262	0.00138288267765132	0.0565807854450465	0.223816698789891	laminin	FALSE	9	220
LAMB2	SIRPA	0.00331218809120627	262	0.00138288267765132	0.0565807854450465	0.223816698789891	laminin	FALSE	10	166
LAMC1	IGFBP3	0.012558967931038	263	0.00137715009541426	0.0549344104049614	0.227240393831339	laminin	FALSE	1	9
COL18A1	IGFBP3	0.0111159255982869	263	0.00137715009541426	0.0549344104049614	0.227240393831339	collagen-associated	FALSE	2	17
NID2	IGFBP3	0.00937666924302169	263	0.00137715009541426	0.0549344104049614	0.227240393831339	linker/proteoglycan	FALSE	3	28
COL4A2	IGFBP3	0.008829277518975	263	0.00137715009541426	0.0549344104049614	0.227240393831339	collagen-associated	FALSE	4	13
LAMA4	IGFBP3	0.00832897962222418	263	0.00137715009541426	0.0549344104049614	0.227240393831339	laminin	FALSE	5	14
COL4A1	IGFBP3	0.00825548242274872	263	0.00137715009541426	0.0549344104049614	0.227240393831339	collagen-associated	FALSE	6	38
NID1	IGFBP3	0.00796412610913442	263	0.00137715009541426	0.0549344104049614	0.227240393831339	linker/proteoglycan	FALSE	7	30
HSPG2	IGFBP3	0.00771312469275987	263	0.00137715009541426	0.0549344104049614	0.227240393831339	linker/proteoglycan	FALSE	8	18
LAMB1	IGFBP3	0.00678956845716801	263	0.00137715009541426	0.0549344104049614	0.227240393831339	laminin	FALSE	9	21
LAMB2	IGFBP3	0.00595468121258616	263	0.00137715009541426	0.0549344104049614	0.227240393831339	laminin	FALSE	10	24
COL18A1	SELE	0.00893232761768368	264	0.00135322491245897	0.04200079898837	0.229262788006914	collagen-associated	FALSE	1	45
NID2	SELE	0.00889810000468118	264	0.00135322491245897	0.04200079898837	0.229262788006914	linker/proteoglycan	FALSE	2	35
LAMC1	SELE	0.00828796343808999	264	0.00135322491245897	0.04200079898837	0.229262788006914	laminin	FALSE	3	55
COL4A1	SELE	0.00771821857276198	264	0.00135322491245897	0.04200079898837	0.229262788006914	collagen-associated	FALSE	4	44
NID1	SELE	0.0070900112345893	264	0.00135322491245897	0.04200079898837	0.229262788006914	linker/proteoglycan	FALSE	5	45
LAMB1	SELE	0.00662263622752372	264	0.00135322491245897	0.04200079898837	0.229262788006914	laminin	FALSE	6	25
LAMB2	SELE	0.00622810450484894	264	0.00135322491245897	0.04200079898837	0.229262788006914	laminin	FALSE	7	19
LAMA4	SELE	0.00606804847215411	264	0.00135322491245897	0.04200079898837	0.229262788006914	laminin	FALSE	8	56
COL4A2	SELE	0.00566035862434509	264	0.00135322491245897	0.04200079898837	0.229262788006914	collagen-associated	FALSE	9	80
HSPG2	SELE	0.00557918688762981	264	0.00135322491245897	0.04200079898837	0.229262788006914	linker/proteoglycan	FALSE	10	47
COL18A1	NTN1	0.00572463853067642	265	0.00134154964888423	0.0733871195795504	0.229262788006914	collagen-associated	FALSE	1	170
LAMC1	NTN1	0.00518407269779108	265	0.00134154964888423	0.0733871195795504	0.229262788006914	laminin	FALSE	2	213
NID2	NTN1	0.00507318550835692	265	0.00134154964888423	0.0733871195795504	0.229262788006914	linker/proteoglycan	FALSE	3	169
NID1	NTN1	0.00443980297652989	265	0.00134154964888423	0.0733871195795504	0.229262788006914	linker/proteoglycan	FALSE	4	186
COL4A2	NTN1	0.00413286313114065	265	0.00134154964888423	0.0733871195795504	0.229262788006914	collagen-associated	FALSE	5	211
COL4A1	NTN1	0.00394001527711832	265	0.00134154964888423	0.0733871195795504	0.229262788006914	collagen-associated	FALSE	6	228
LAMA4	NTN1	0.00393071558384717	265	0.00134154964888423	0.0733871195795504	0.229262788006914	laminin	FALSE	7	198
HSPG2	NTN1	0.00387748220657808	265	0.00134154964888423	0.0733871195795504	0.229262788006914	linker/proteoglycan	FALSE	8	163
LAMB1	NTN1	0.00346210117154884	265	0.00134154964888423	0.0733871195795504	0.229262788006914	laminin	FALSE	9	200
LAMB2	NTN1	0.00314955431308511	265	0.00134154964888423	0.0733871195795504	0.229262788006914	laminin	FALSE	10	190
COL18A1	BACE2	0.00959587792895487	266	0.00134086987852109	0.0518178294118593	0.229054367290544	collagen-associated	FALSE	1	38
LAMA4	BACE2	0.00720273467902325	266	0.00134086987852109	0.0518178294118593	0.229054367290544	laminin	FALSE	2	29
LAMC1	BACE2	0.00719812047132355	266	0.00134086987852109	0.0518178294118593	0.229054367290544	laminin	FALSE	3	78
NID1	BACE2	0.00613035576394213	266	0.00134086987852109	0.0518178294118593	0.229054367290544	linker/proteoglycan	FALSE	4	73
COL4A1	BACE2	0.00539779865110423	266	0.00134086987852109	0.0518178294118593	0.229054367290544	collagen-associated	FALSE	5	92
NID2	BACE2	0.00520069543117783	266	0.00134086987852109	0.0518178294118593	0.229054367290544	linker/proteoglycan	FALSE	6	153
HSPG2	BACE2	0.00445910270663252	266	0.00134086987852109	0.0518178294118593	0.229054367290544	linker/proteoglycan	FALSE	7	118
LAMB1	BACE2	0.0041877124898571	266	0.00134086987852109	0.0518178294118593	0.229054367290544	laminin	FALSE	8	125
COL4A2	BACE2	0.00389064770114174	266	0.00134086987852109	0.0518178294118593	0.229054367290544	collagen-associated	FALSE	9	248
LAMB2	BACE2	0.00326496885880612	266	0.00134086987852109	0.0518178294118593	0.229054367290544	laminin	FALSE	10	169
NID2	AGT	0.00676493439234423	267	0.00132761733927748	0.0748870671986496	0.232404537324045	linker/proteoglycan	FALSE	1	72
LAMC1	AGT	0.0066911328929276	267	0.00132761733927748	0.0748870671986496	0.232404537324045	laminin	FALSE	2	105
COL18A1	AGT	0.00646603844468824	267	0.00132761733927748	0.0748870671986496	0.232404537324045	collagen-associated	FALSE	3	126
NID1	AGT	0.00559019582797925	267	0.00132761733927748	0.0748870671986496	0.232404537324045	linker/proteoglycan	FALSE	4	98
LAMA4	AGT	0.00507005731183521	267	0.00132761733927748	0.0748870671986496	0.232404537324045	laminin	FALSE	5	103
LAMB1	AGT	0.0050258373680346	267	0.00132761733927748	0.0748870671986496	0.232404537324045	laminin	FALSE	6	75
COL4A1	AGT	0.00502351610921808	267	0.00132761733927748	0.0748870671986496	0.232404537324045	collagen-associated	FALSE	7	114
COL4A2	AGT	0.00495055148594498	267	0.00132761733927748	0.0748870671986496	0.232404537324045	collagen-associated	FALSE	8	122
HSPG2	AGT	0.00421059247116017	267	0.00132761733927748	0.0748870671986496	0.232404537324045	linker/proteoglycan	FALSE	9	136
LAMB2	AGT	0.00417591598304932	267	0.00132761733927748	0.0748870671986496	0.232404537324045	laminin	FALSE	10	74
LAMC1	MDK	0.00676428278920924	268	0.00131971840061763	0.0459993916567076	0.229468097966323	laminin	FALSE	1	98
COL18A1	MDK	0.00663687118186956	268	0.00131971840061763	0.0459993916567076	0.229468097966323	collagen-associated	FALSE	2	112
NID2	MDK	0.00615713560034884	268	0.00131971840061763	0.0459993916567076	0.229468097966323	linker/proteoglycan	FALSE	3	92
NID1	MDK	0.00571291747176149	268	0.00131971840061763	0.0459993916567076	0.229468097966323	linker/proteoglycan	FALSE	4	92
COL4A1	MDK	0.00497524846725094	268	0.00131971840061763	0.0459993916567076	0.229468097966323	collagen-associated	FALSE	5	118
LAMA4	MDK	0.00494438356572369	268	0.00131971840061763	0.0459993916567076	0.229468097966323	laminin	FALSE	6	112
LAMB1	MDK	0.00475224545554343	268	0.00131971840061763	0.0459993916567076	0.229468097966323	laminin	FALSE	7	87
COL4A2	MDK	0.00455952617068348	268	0.00131971840061763	0.0459993916567076	0.229468097966323	collagen-associated	FALSE	8	165
HSPG2	MDK	0.00416234096558521	268	0.00131971840061763	0.0459993916567076	0.229468097966323	linker/proteoglycan	FALSE	9	142
LAMB2	MDK	0.00344609442828921	268	0.00131971840061763	0.0459993916567076	0.229468097966323	laminin	FALSE	10	147
NID2	PECAM1	0.0059725404297187	269	0.00131481895619588	0.0372358593908118	0.229468097966323	linker/proteoglycan	FALSE	1	109
LAMC1	PECAM1	0.0056590772215909	269	0.00131481895619588	0.0372358593908118	0.229468097966323	laminin	FALSE	2	170
COL18A1	PECAM1	0.00563508390753902	269	0.00131481895619588	0.0372358593908118	0.229468097966323	collagen-associated	FALSE	3	174
LAMA4	PECAM1	0.00496439431081637	269	0.00131481895619588	0.0372358593908118	0.229468097966323	laminin	FALSE	4	109
COL4A2	PECAM1	0.00471693953099261	269	0.00131481895619588	0.0372358593908118	0.229468097966323	collagen-associated	FALSE	5	143
NID1	PECAM1	0.00439801751372484	269	0.00131481895619588	0.0372358593908118	0.229468097966323	linker/proteoglycan	FALSE	6	188
COL4A1	PECAM1	0.00418492237021617	269	0.00131481895619588	0.0372358593908118	0.229468097966323	collagen-associated	FALSE	7	202
LAMB2	PECAM1	0.00352489142239707	269	0.00131481895619588	0.0372358593908118	0.229468097966323	laminin	FALSE	8	142
HSPG2	PECAM1	0.00349480649528621	269	0.00131481895619588	0.0372358593908118	0.229468097966323	linker/proteoglycan	FALSE	9	207
LAMB1	PECAM1	0.00337218273602038	269	0.00131481895619588	0.0372358593908118	0.229468097966323	laminin	FALSE	10	207
NID2	IL1B	0.0578961265789612	270	0.00131284154564967	0.0521465022052968	0.232731339412184	linker/proteoglycan	FALSE	1	5
COL4A1	IL1B	0.056072676325927	270	0.00131284154564967	0.0521465022052968	0.232731339412184	collagen-associated	FALSE	2	9
COL18A1	IL1B	0.0110191220878027	270	0.00131284154564967	0.0521465022052968	0.232731339412184	collagen-associated	FALSE	3	19
LAMC1	IL1B	0.0106783807088046	270	0.00131284154564967	0.0521465022052968	0.232731339412184	laminin	FALSE	4	22
NID1	IL1B	0.00907643499737339	270	0.00131284154564967	0.0521465022052968	0.232731339412184	linker/proteoglycan	FALSE	5	17
COL4A2	IL1B	0.00842679050172069	270	0.00131284154564967	0.0521465022052968	0.232731339412184	collagen-associated	FALSE	6	17
HSPG2	IL1B	0.0080623330475043	270	0.00131284154564967	0.0521465022052968	0.232731339412184	linker/proteoglycan	FALSE	7	9
LAMA4	IL1B	0.00764893918285202	270	0.00131284154564967	0.0521465022052968	0.232731339412184	laminin	FALSE	8	22
LAMB1	IL1B	0.00703773222355794	270	0.00131284154564967	0.0521465022052968	0.232731339412184	laminin	FALSE	9	19
LAMB2	IL1B	0.0065644366377501	270	0.00131284154564967	0.0521465022052968	0.232731339412184	laminin	FALSE	10	14
NID2	GAS6	0.0124948854754827	271	0.00130054506155573	0.0373105051525921	0.230404840556837	linker/proteoglycan	FALSE	1	14
COL18A1	GAS6	0.0123570601804382	271	0.00130054506155573	0.0373105051525921	0.230404840556837	collagen-associated	FALSE	2	11
LAMC1	GAS6	0.0107626694182945	271	0.00130054506155573	0.0373105051525921	0.230404840556837	laminin	FALSE	3	20
NID1	GAS6	0.00932041838220118	271	0.00130054506155573	0.0373105051525921	0.230404840556837	linker/proteoglycan	FALSE	4	15
COL4A2	GAS6	0.00894476062916814	271	0.00130054506155573	0.0373105051525921	0.230404840556837	collagen-associated	FALSE	5	12
LAMA4	GAS6	0.00882200918391072	271	0.00130054506155573	0.0373105051525921	0.230404840556837	laminin	FALSE	6	12
COL4A1	GAS6	0.00836113281154375	271	0.00130054506155573	0.0373105051525921	0.230404840556837	collagen-associated	FALSE	7	36
LAMB1	GAS6	0.00811279750012492	271	0.00130054506155573	0.0373105051525921	0.230404840556837	laminin	FALSE	8	15
HSPG2	GAS6	0.00779731005931961	271	0.00130054506155573	0.0373105051525921	0.230404840556837	linker/proteoglycan	FALSE	9	15
LAMB2	GAS6	0.00762357434390459	271	0.00130054506155573	0.0373105051525921	0.230404840556837	laminin	FALSE	10	9
LAMC1	CMTM8	0.00831065736609108	272	0.00128703150412506	0.0285418586352676	0.235651802466812	laminin	FALSE	1	54
NID2	CMTM8	0.00792731205030129	272	0.00128703150412506	0.0285418586352676	0.235651802466812	linker/proteoglycan	FALSE	2	47
LAMB2	CMTM8	0.00678607238421002	272	0.00128703150412506	0.0285418586352676	0.235651802466812	laminin	FALSE	3	13
COL18A1	CMTM8	0.00450563578375487	272	0.00128703150412506	0.0285418586352676	0.235651802466812	collagen-associated	FALSE	4	274
COL4A2	CMTM8	0.00430465621162773	272	0.00128703150412506	0.0285418586352676	0.235651802466812	collagen-associated	FALSE	5	195
LAMA4	CMTM8	0.00394338227609325	272	0.00128703150412506	0.0285418586352676	0.235651802466812	laminin	FALSE	6	196
NID1	CMTM8	0.00381319880858466	272	0.00128703150412506	0.0285418586352676	0.235651802466812	linker/proteoglycan	FALSE	7	250
COL4A1	CMTM8	0.00355754240089521	272	0.00128703150412506	0.0285418586352676	0.235651802466812	collagen-associated	FALSE	8	270
HSPG2	CMTM8	0.00345987594608836	272	0.00128703150412506	0.0285418586352676	0.235651802466812	linker/proteoglycan	FALSE	9	212
LAMB1	CMTM8	0.00335500969477465	272	0.00128703150412506	0.0285418586352676	0.235651802466812	laminin	FALSE	10	210
LAMC1	WNT5A	0.00571793270785415	273	0.00126460567467455	0.0354338461778818	0.242014484682919	laminin	FALSE	1	165
COL18A1	WNT5A	0.00566238170182108	273	0.00126460567467455	0.0354338461778818	0.242014484682919	collagen-associated	FALSE	2	172
LAMA4	WNT5A	0.00527102151594193	273	0.00126460567467455	0.0354338461778818	0.242014484682919	laminin	FALSE	3	88
NID2	WNT5A	0.00511227957491909	273	0.00126460567467455	0.0354338461778818	0.242014484682919	linker/proteoglycan	FALSE	4	163
COL4A2	WNT5A	0.00506688133132073	273	0.00126460567467455	0.0354338461778818	0.242014484682919	collagen-associated	FALSE	5	119
NID1	WNT5A	0.00412985795616091	273	0.00126460567467455	0.0354338461778818	0.242014484682919	linker/proteoglycan	FALSE	6	215
LAMB1	WNT5A	0.00382023786559065	273	0.00126460567467455	0.0354338461778818	0.242014484682919	laminin	FALSE	7	160
HSPG2	WNT5A	0.00374903966459243	273	0.00126460567467455	0.0354338461778818	0.242014484682919	linker/proteoglycan	FALSE	8	178
COL4A1	WNT5A	0.00374630163994456	273	0.00126460567467455	0.0354338461778818	0.242014484682919	collagen-associated	FALSE	9	251
LAMB2	WNT5A	0.00353640503079119	273	0.00126460567467455	0.0354338461778818	0.242014484682919	laminin	FALSE	10	140
COL18A1	TGFB3	0.0616311419118578	274	0.00123852106685057	0.0256648671711711	0.241372566040099	collagen-associated	FALSE	1	1
LAMC1	TGFB3	0.0110948002865787	274	0.00123852106685057	0.0256648671711711	0.241372566040099	laminin	FALSE	2	16
COL4A1	TGFB3	0.00886470261428129	274	0.00123852106685057	0.0256648671711711	0.241372566040099	collagen-associated	FALSE	3	29
NID2	TGFB3	0.00878310436744258	274	0.00123852106685057	0.0256648671711711	0.241372566040099	linker/proteoglycan	FALSE	4	37
COL4A2	TGFB3	0.00691705240898538	274	0.00123852106685057	0.0256648671711711	0.241372566040099	collagen-associated	FALSE	5	40
LAMA4	TGFB3	0.00683120293139468	274	0.00123852106685057	0.0256648671711711	0.241372566040099	laminin	FALSE	6	35
LAMB1	TGFB3	0.00538286645371067	274	0.00123852106685057	0.0256648671711711	0.241372566040099	laminin	FALSE	7	56
NID1	TGFB3	0.00531029737667674	274	0.00123852106685057	0.0256648671711711	0.241372566040099	linker/proteoglycan	FALSE	8	113
HSPG2	TGFB3	0.00507629241620421	274	0.00123852106685057	0.0256648671711711	0.241372566040099	linker/proteoglycan	FALSE	9	75
LAMB2	TGFB3	0.00363300691276107	274	0.00123852106685057	0.0256648671711711	0.241372566040099	laminin	FALSE	10	135
NID2	CXCL12	0.0079058560203464	275	0.00119552378059145	0.0329194309914162	0.248431474542076	linker/proteoglycan	FALSE	1	48
LAMC1	CXCL12	0.00765339447486167	275	0.00119552378059145	0.0329194309914162	0.248431474542076	laminin	FALSE	2	67
COL18A1	CXCL12	0.00676908777169355	275	0.00119552378059145	0.0329194309914162	0.248431474542076	collagen-associated	FALSE	3	106
NID1	CXCL12	0.00614322316448125	275	0.00119552378059145	0.0329194309914162	0.248431474542076	linker/proteoglycan	FALSE	4	70
LAMA4	CXCL12	0.00587152701305483	275	0.00119552378059145	0.0329194309914162	0.248431474542076	laminin	FALSE	5	64
LAMB1	CXCL12	0.00580218805101638	275	0.00119552378059145	0.0329194309914162	0.248431474542076	laminin	FALSE	6	45
HSPG2	CXCL12	0.00540175313161578	275	0.00119552378059145	0.0329194309914162	0.248431474542076	linker/proteoglycan	FALSE	7	54
COL4A2	CXCL12	0.00530178323441622	275	0.00119552378059145	0.0329194309914162	0.248431474542076	collagen-associated	FALSE	8	104
COL4A1	CXCL12	0.0051566018461412	275	0.00119552378059145	0.0329194309914162	0.248431474542076	collagen-associated	FALSE	9	102
LAMB2	CXCL12	0.00442960689237474	275	0.00119552378059145	0.0329194309914162	0.248431474542076	laminin	FALSE	10	61
LAMB2	ANOS1	0.00840525104804598	276	0.00117289226980076	0.0148716059759163	0.248401246831839	laminin	FALSE	1	5
NID1	ANOS1	0.00771154251150014	276	0.00117289226980076	0.0148716059759163	0.248401246831839	linker/proteoglycan	FALSE	2	33
COL4A1	ANOS1	0.00742310132358424	276	0.00117289226980076	0.0148716059759163	0.248401246831839	collagen-associated	FALSE	3	49
LAMC1	ANOS1	0.00542116304963655	276	0.00117289226980076	0.0148716059759163	0.248401246831839	laminin	FALSE	4	193
NID2	ANOS1	0.00524538886245752	276	0.00117289226980076	0.0148716059759163	0.248401246831839	linker/proteoglycan	FALSE	5	149
COL18A1	ANOS1	0.00471061439968582	276	0.00117289226980076	0.0148716059759163	0.248401246831839	collagen-associated	FALSE	6	253
LAMA4	ANOS1	0.00395624060113271	276	0.00117289226980076	0.0148716059759163	0.248401246831839	laminin	FALSE	7	194
COL4A2	ANOS1	0.00395082919024529	276	0.00117289226980076	0.0148716059759163	0.248401246831839	collagen-associated	FALSE	8	239
LAMB1	ANOS1	0.00383586987929566	276	0.00117289226980076	0.0148716059759163	0.248401246831839	laminin	FALSE	9	157
HSPG2	ANOS1	0.0033858740467659	276	0.00117289226980076	0.0148716059759163	0.248401246831839	linker/proteoglycan	FALSE	10	218
NID2	EPHA4	0.00606363294584394	277	0.00116305266059735	0.0243182401085071	0.247903936879039	linker/proteoglycan	FALSE	1	101
LAMC1	EPHA4	0.00580527100748812	277	0.00116305266059735	0.0243182401085071	0.247903936879039	laminin	FALSE	2	156
COL18A1	EPHA4	0.00490413600975671	277	0.00116305266059735	0.0243182401085071	0.247903936879039	collagen-associated	FALSE	3	229
COL4A2	EPHA4	0.00450852875318442	277	0.00116305266059735	0.0243182401085071	0.247903936879039	collagen-associated	FALSE	4	173
LAMA4	EPHA4	0.00438166640411965	277	0.00116305266059735	0.0243182401085071	0.247903936879039	laminin	FALSE	5	152
NID1	EPHA4	0.00435174142897683	277	0.00116305266059735	0.0243182401085071	0.247903936879039	linker/proteoglycan	FALSE	6	195
HSPG2	EPHA4	0.00414391061848257	277	0.00116305266059735	0.0243182401085071	0.247903936879039	linker/proteoglycan	FALSE	7	144
COL4A1	EPHA4	0.00400038143801641	277	0.00116305266059735	0.0243182401085071	0.247903936879039	collagen-associated	FALSE	8	222
LAMB1	EPHA4	0.0039023088518244	277	0.00116305266059735	0.0243182401085071	0.247903936879039	laminin	FALSE	9	149
LAMB2	EPHA4	0.00386809431667201	277	0.00116305266059735	0.0243182401085071	0.247903936879039	laminin	FALSE	10	100
LAMC1	MMP7	0.00882083831408038	278	0.00116257862178152	0.0169851517847464	0.251748490631364	laminin	FALSE	1	42
COL18A1	MMP7	0.00868126495920704	278	0.00116257862178152	0.0169851517847464	0.251748490631364	collagen-associated	FALSE	2	48
LAMA4	MMP7	0.00744554452982612	278	0.00116257862178152	0.0169851517847464	0.251748490631364	laminin	FALSE	3	25
COL4A2	MMP7	0.00712267645332067	278	0.00116257862178152	0.0169851517847464	0.251748490631364	collagen-associated	FALSE	4	34
NID1	MMP7	0.00680355938515047	278	0.00116257862178152	0.0169851517847464	0.251748490631364	linker/proteoglycan	FALSE	5	52
NID2	MMP7	0.00644851288461233	278	0.00116257862178152	0.0169851517847464	0.251748490631364	linker/proteoglycan	FALSE	6	78
COL4A1	MMP7	0.00569115489713648	278	0.00116257862178152	0.0169851517847464	0.251748490631364	collagen-associated	FALSE	7	83
LAMB1	MMP7	0.0052057561766184	278	0.00116257862178152	0.0169851517847464	0.251748490631364	laminin	FALSE	8	62
HSPG2	MMP7	0.00480710512676895	278	0.00116257862178152	0.0169851517847464	0.251748490631364	linker/proteoglycan	FALSE	9	89
LAMB2	MMP7	0.00440213698489524	278	0.00116257862178152	0.0169851517847464	0.251748490631364	laminin	FALSE	10	64
COL18A1	IL1RN	0.00736393444685449	279	0.00113959832188398	0.0194216769487162	0.250240333109546	collagen-associated	FALSE	1	82
LAMA4	IL1RN	0.00724771350325924	279	0.00113959832188398	0.0194216769487162	0.250240333109546	laminin	FALSE	2	28
NID1	IL1RN	0.00617033421208824	279	0.00113959832188398	0.0194216769487162	0.250240333109546	linker/proteoglycan	FALSE	3	69
LAMC1	IL1RN	0.0056444143769891	279	0.00113959832188398	0.0194216769487162	0.250240333109546	laminin	FALSE	4	173
NID2	IL1RN	0.00542357107695121	279	0.00113959832188398	0.0194216769487162	0.250240333109546	linker/proteoglycan	FALSE	5	142
HSPG2	IL1RN	0.00516741684157348	279	0.00113959832188398	0.0194216769487162	0.250240333109546	linker/proteoglycan	FALSE	6	66
COL4A1	IL1RN	0.00513530731881432	279	0.00113959832188398	0.0194216769487162	0.250240333109546	collagen-associated	FALSE	7	103
LAMB1	IL1RN	0.00497785908296906	279	0.00113959832188398	0.0194216769487162	0.250240333109546	laminin	FALSE	8	77
COL4A2	IL1RN	0.00450701068832505	279	0.00113959832188398	0.0194216769487162	0.250240333109546	collagen-associated	FALSE	9	174
LAMB2	IL1RN	0.00391430724998987	279	0.00113959832188398	0.0194216769487162	0.250240333109546	laminin	FALSE	10	95
LAMC1	HBEGF	0.00704749138213353	280	0.00113783143283686	0.019470649866261	0.249181533459557	laminin	FALSE	1	82
NID2	HBEGF	0.00600655665600217	280	0.00113783143283686	0.019470649866261	0.249181533459557	linker/proteoglycan	FALSE	2	104
NID1	HBEGF	0.00547429591726569	280	0.00113783143283686	0.019470649866261	0.249181533459557	linker/proteoglycan	FALSE	3	104
COL18A1	HBEGF	0.00513583044169355	280	0.00113783143283686	0.019470649866261	0.249181533459557	collagen-associated	FALSE	4	210
LAMA4	HBEGF	0.00473088716281519	280	0.00113783143283686	0.019470649866261	0.249181533459557	laminin	FALSE	5	125
LAMB1	HBEGF	0.00470691879940621	280	0.00113783143283686	0.019470649866261	0.249181533459557	laminin	FALSE	6	93
COL4A1	HBEGF	0.00450716728217831	280	0.00113783143283686	0.019470649866261	0.249181533459557	collagen-associated	FALSE	7	162
HSPG2	HBEGF	0.00428983175521118	280	0.00113783143283686	0.019470649866261	0.249181533459557	linker/proteoglycan	FALSE	8	132
COL4A2	HBEGF	0.00416690103152732	280	0.00113783143283686	0.019470649866261	0.249181533459557	collagen-associated	FALSE	9	207
LAMB2	HBEGF	0.00408905107586201	280	0.00113783143283686	0.019470649866261	0.249181533459557	laminin	FALSE	10	81
NID2	SDC2	0.00803451282570644	281	0.00113484855955983	0.0158428797936803	0.249181533459557	linker/proteoglycan	FALSE	1	44
LAMC1	SDC2	0.00763859767134986	281	0.00113484855955983	0.0158428797936803	0.249181533459557	laminin	FALSE	2	70
COL18A1	SDC2	0.00687070367132222	281	0.00113484855955983	0.0158428797936803	0.249181533459557	collagen-associated	FALSE	3	101
COL4A2	SDC2	0.0061230859853738	281	0.00113484855955983	0.0158428797936803	0.249181533459557	collagen-associated	FALSE	4	60
NID1	SDC2	0.00600595829949494	281	0.00113484855955983	0.0158428797936803	0.249181533459557	linker/proteoglycan	FALSE	5	80
LAMB1	SDC2	0.00562029862035316	281	0.00113484855955983	0.0158428797936803	0.249181533459557	laminin	FALSE	6	50
COL4A1	SDC2	0.00558423015634415	281	0.00113484855955983	0.0158428797936803	0.249181533459557	collagen-associated	FALSE	7	86
LAMA4	SDC2	0.00538819384410948	281	0.00113484855955983	0.0158428797936803	0.249181533459557	laminin	FALSE	8	78
LAMB2	SDC2	0.00533488580245744	281	0.00113484855955983	0.0158428797936803	0.249181533459557	laminin	FALSE	9	33
HSPG2	SDC2	0.00471220724791686	281	0.00113484855955983	0.0158428797936803	0.249181533459557	linker/proteoglycan	FALSE	10	96
NID2	HLA-DRB5	0.00545118051491041	282	0.00112012415565171	0.00904989116011292	0.253359770405938	linker/proteoglycan	FALSE	1	140
COL18A1	HLA-DRB5	0.0047950424244244	282	0.00112012415565171	0.00904989116011292	0.253359770405938	collagen-associated	FALSE	2	243
LAMC1	HLA-DRB5	0.00460586903413019	282	0.00112012415565171	0.00904989116011292	0.253359770405938	laminin	FALSE	3	268
NID1	HLA-DRB5	0.00397697673743033	282	0.00112012415565171	0.00904989116011292	0.253359770405938	linker/proteoglycan	FALSE	4	227
COL4A2	HLA-DRB5	0.00369418982068923	282	0.00112012415565171	0.00904989116011292	0.253359770405938	collagen-associated	FALSE	5	277
COL4A1	HLA-DRB5	0.00336324460368276	282	0.00112012415565171	0.00904989116011292	0.253359770405938	collagen-associated	FALSE	6	290
LAMA4	HLA-DRB5	0.00331726838622852	282	0.00112012415565171	0.00904989116011292	0.253359770405938	laminin	FALSE	7	280
HSPG2	HLA-DRB5	0.00316987474201359	282	0.00112012415565171	0.00904989116011292	0.253359770405938	linker/proteoglycan	FALSE	8	241
LAMB1	HLA-DRB5	0.00301221305214722	282	0.00112012415565171	0.00904989116011292	0.253359770405938	laminin	FALSE	9	263
LAMB2	HLA-DRB5	0.00261988083257397	282	0.00112012415565171	0.00904989116011292	0.253359770405938	laminin	FALSE	10	265
LAMB1	LTB	0.0676927248134566	283	0.00105094395012608	0.0142600104332268	0.261310971376361	laminin	FALSE	1	4
COL18A1	LTB	0.00950766148157353	283	0.00105094395012608	0.0142600104332268	0.261310971376361	collagen-associated	FALSE	2	41
NID1	LTB	0.0076293734310659	283	0.00105094395012608	0.0142600104332268	0.261310971376361	linker/proteoglycan	FALSE	3	34
COL4A1	LTB	0.00743149268485133	283	0.00105094395012608	0.0142600104332268	0.261310971376361	collagen-associated	FALSE	4	48
LAMC1	LTB	0.00568450732513066	283	0.00105094395012608	0.0142600104332268	0.261310971376361	laminin	FALSE	5	168
NID2	LTB	0.00557056990641705	283	0.00105094395012608	0.0142600104332268	0.261310971376361	linker/proteoglycan	FALSE	6	129
LAMA4	LTB	0.00530931985080038	283	0.00105094395012608	0.0142600104332268	0.261310971376361	laminin	FALSE	7	86
COL4A2	LTB	0.00479001506714198	283	0.00105094395012608	0.0142600104332268	0.261310971376361	collagen-associated	FALSE	8	136
HSPG2	LTB	0.00452699923232828	283	0.00105094395012608	0.0142600104332268	0.261310971376361	linker/proteoglycan	FALSE	9	111
LAMB2	LTB	0.00325520939660998	283	0.00105094395012608	0.0142600104332268	0.261310971376361	laminin	FALSE	10	174
LAMC1	WNT9A	0.00461336521832535	284	0.00104421569692234	-0.00664370773933078	0.265589638219277	laminin	FALSE	1	267
COL18A1	WNT9A	0.0043821136785752	284	0.00104421569692234	-0.00664370773933078	0.265589638219277	collagen-associated	FALSE	2	289
LAMA4	WNT9A	0.00425254374578277	284	0.00104421569692234	-0.00664370773933078	0.265589638219277	laminin	FALSE	3	168
COL4A2	WNT9A	0.00371282910003954	284	0.00104421569692234	-0.00664370773933078	0.265589638219277	collagen-associated	FALSE	4	273
NID2	WNT9A	0.00355173813934202	284	0.00104421569692234	-0.00664370773933078	0.265589638219277	linker/proteoglycan	FALSE	5	308
NID1	WNT9A	0.00342432546660617	284	0.00104421569692234	-0.00664370773933078	0.265589638219277	linker/proteoglycan	FALSE	6	296
COL4A1	WNT9A	0.00291578932453429	284	0.00104421569692234	-0.00664370773933078	0.265589638219277	collagen-associated	FALSE	7	314
LAMB1	WNT9A	0.00263954018871094	284	0.00104421569692234	-0.00664370773933078	0.265589638219277	laminin	FALSE	8	305
HSPG2	WNT9A	0.00259266411176027	284	0.00104421569692234	-0.00664370773933078	0.265589638219277	linker/proteoglycan	FALSE	9	313
LAMB2	WNT9A	0.00224980691691985	284	0.00104421569692234	-0.00664370773933078	0.265589638219277	laminin	FALSE	10	312
COL18A1	IFITM1	0.01234481838131	285	0.00104040340670755	1.13531130532677e-05	0.268148974576227	collagen-associated	FALSE	1	12
NID2	IFITM1	0.00911961901712769	285	0.00104040340670755	1.13531130532677e-05	0.268148974576227	linker/proteoglycan	FALSE	2	33
LAMA4	IFITM1	0.00813895775313627	285	0.00104040340670755	1.13531130532677e-05	0.268148974576227	laminin	FALSE	3	18
LAMC1	IFITM1	0.00662352645509363	285	0.00104040340670755	1.13531130532677e-05	0.268148974576227	laminin	FALSE	4	110
COL4A1	IFITM1	0.00628163486824697	285	0.00104040340670755	1.13531130532677e-05	0.268148974576227	collagen-associated	FALSE	5	68
NID1	IFITM1	0.00625197566301148	285	0.00104040340670755	1.13531130532677e-05	0.268148974576227	linker/proteoglycan	FALSE	6	63
HSPG2	IFITM1	0.00509322781382088	285	0.00104040340670755	1.13531130532677e-05	0.268148974576227	linker/proteoglycan	FALSE	7	71
LAMB1	IFITM1	0.00469261160573713	285	0.00104040340670755	1.13531130532677e-05	0.268148974576227	laminin	FALSE	8	94
COL4A2	IFITM1	0.00435650666927908	285	0.00104040340670755	1.13531130532677e-05	0.268148974576227	collagen-associated	FALSE	9	187
LAMB2	IFITM1	0.00416791601573606	285	0.00104040340670755	1.13531130532677e-05	0.268148974576227	laminin	FALSE	10	76
LAMC1	FGF14	0.00550413781483208	286	0.00100849862332785	-0.00792157229230862	0.272486038109476	laminin	FALSE	1	188
NID2	FGF14	0.00492368548191843	286	0.00100849862332785	-0.00792157229230862	0.272486038109476	linker/proteoglycan	FALSE	2	186
COL18A1	FGF14	0.00474669734017598	286	0.00100849862332785	-0.00792157229230862	0.272486038109476	collagen-associated	FALSE	3	251
COL4A2	FGF14	0.00431319733382774	286	0.00100849862332785	-0.00792157229230862	0.272486038109476	collagen-associated	FALSE	4	194
NID1	FGF14	0.00415745359885956	286	0.00100849862332785	-0.00792157229230862	0.272486038109476	linker/proteoglycan	FALSE	5	211
LAMB2	FGF14	0.00412563399435937	286	0.00100849862332785	-0.00792157229230862	0.272486038109476	laminin	FALSE	6	77
LAMA4	FGF14	0.00392718537986831	286	0.00100849862332785	-0.00792157229230862	0.272486038109476	laminin	FALSE	7	199
LAMB1	FGF14	0.0037463009534367	286	0.00100849862332785	-0.00792157229230862	0.272486038109476	laminin	FALSE	8	169
COL4A1	FGF14	0.00369372174950703	286	0.00100849862332785	-0.00792157229230862	0.272486038109476	collagen-associated	FALSE	9	256
HSPG2	FGF14	0.00321241479627118	286	0.00100849862332785	-0.00792157229230862	0.272486038109476	linker/proteoglycan	FALSE	10	232
LAMC1	MMP2	0.00719720677584912	287	0.000975033818666569	-0.0145377293577149	0.280147943393814	laminin	FALSE	1	79
COL18A1	MMP2	0.0069219886842751	287	0.000975033818666569	-0.0145377293577149	0.280147943393814	collagen-associated	FALSE	2	98
NID2	MMP2	0.00561409409039795	287	0.000975033818666569	-0.0145377293577149	0.280147943393814	linker/proteoglycan	FALSE	3	128
COL4A1	MMP2	0.00555819593845747	287	0.000975033818666569	-0.0145377293577149	0.280147943393814	collagen-associated	FALSE	4	88
NID1	MMP2	0.00513465855156496	287	0.000975033818666569	-0.0145377293577149	0.280147943393814	linker/proteoglycan	FALSE	5	126
LAMA4	MMP2	0.00490351170417372	287	0.000975033818666569	-0.0145377293577149	0.280147943393814	laminin	FALSE	6	116
COL4A2	MMP2	0.00482176031477558	287	0.000975033818666569	-0.0145377293577149	0.280147943393814	collagen-associated	FALSE	7	133
LAMB1	MMP2	0.00451645311924839	287	0.000975033818666569	-0.0145377293577149	0.280147943393814	laminin	FALSE	8	102
HSPG2	MMP2	0.00446317325229499	287	0.000975033818666569	-0.0145377293577149	0.280147943393814	linker/proteoglycan	FALSE	9	117
LAMB2	MMP2	0.00410809172986549	287	0.000975033818666569	-0.0145377293577149	0.280147943393814	laminin	FALSE	10	78
COL18A1	WNT7B	0.00493403780485426	288	0.000945092117605682	-0.0229756243805383	0.285973485984735	collagen-associated	FALSE	1	225
LAMC1	WNT7B	0.00484858328608086	288	0.000945092117605682	-0.0229756243805383	0.285973485984735	laminin	FALSE	2	246
LAMA4	WNT7B	0.00441964271784781	288	0.000945092117605682	-0.0229756243805383	0.285973485984735	laminin	FALSE	3	147
NID2	WNT7B	0.00414057527505139	288	0.000945092117605682	-0.0229756243805383	0.285973485984735	linker/proteoglycan	FALSE	4	271
COL4A2	WNT7B	0.00394769815481842	288	0.000945092117605682	-0.0229756243805383	0.285973485984735	collagen-associated	FALSE	5	240
NID1	WNT7B	0.00368310913355319	288	0.000945092117605682	-0.0229756243805383	0.285973485984735	linker/proteoglycan	FALSE	6	266
COL4A1	WNT7B	0.00321284173406734	288	0.000945092117605682	-0.0229756243805383	0.285973485984735	collagen-associated	FALSE	7	299
HSPG2	WNT7B	0.00301329440897535	288	0.000945092117605682	-0.0229756243805383	0.285973485984735	linker/proteoglycan	FALSE	8	269
LAMB1	WNT7B	0.00284009123482116	288	0.000945092117605682	-0.0229756243805383	0.285973485984735	laminin	FALSE	9	285
LAMB2	WNT7B	0.00261791008987378	288	0.000945092117605682	-0.0229756243805383	0.285973485984735	laminin	FALSE	10	266
COL18A1	NECTIN2	0.00487486208521097	289	0.000909706238167453	-0.0318889526507201	0.289759605354343	collagen-associated	FALSE	1	233
COL4A2	NECTIN2	0.00455520709521554	289	0.000909706238167453	-0.0318889526507201	0.289759605354343	collagen-associated	FALSE	2	167
LAMC1	NECTIN2	0.00452575941436775	289	0.000909706238167453	-0.0318889526507201	0.289759605354343	laminin	FALSE	3	272
LAMA4	NECTIN2	0.00423579486317047	289	0.000909706238167453	-0.0318889526507201	0.289759605354343	laminin	FALSE	4	171
NID1	NECTIN2	0.00383794333866398	289	0.000909706238167453	-0.0318889526507201	0.289759605354343	linker/proteoglycan	FALSE	5	246
NID2	NECTIN2	0.00355653225030786	289	0.000909706238167453	-0.0318889526507201	0.289759605354343	linker/proteoglycan	FALSE	6	307
COL4A1	NECTIN2	0.0034608370181105	289	0.000909706238167453	-0.0318889526507201	0.289759605354343	collagen-associated	FALSE	7	279
HSPG2	NECTIN2	0.00299912896805045	289	0.000909706238167453	-0.0318889526507201	0.289759605354343	linker/proteoglycan	FALSE	8	271
LAMB1	NECTIN2	0.00269845414735319	289	0.000909706238167453	-0.0318889526507201	0.289759605354343	laminin	FALSE	9	299
LAMB2	NECTIN2	0.00230448474839992	289	0.000909706238167453	-0.0318889526507201	0.289759605354343	laminin	FALSE	10	307
LAMC1	PGF	0.00696532207593777	290	0.000903669860327003	-0.027489961127825	0.292278648847444	laminin	FALSE	1	88
COL18A1	PGF	0.00684692136235084	290	0.000903669860327003	-0.027489961127825	0.292278648847444	collagen-associated	FALSE	2	103
NID2	PGF	0.00620045922271011	290	0.000903669860327003	-0.027489961127825	0.292278648847444	linker/proteoglycan	FALSE	3	90
NID1	PGF	0.00490784173382523	290	0.000903669860327003	-0.027489961127825	0.292278648847444	linker/proteoglycan	FALSE	4	144
LAMB1	PGF	0.00485859349520034	290	0.000903669860327003	-0.027489961127825	0.292278648847444	laminin	FALSE	5	82
LAMA4	PGF	0.00479068645530307	290	0.000903669860327003	-0.027489961127825	0.292278648847444	laminin	FALSE	6	120
COL4A2	PGF	0.0046324543814177	290	0.000903669860327003	-0.027489961127825	0.292278648847444	collagen-associated	FALSE	7	153
COL4A1	PGF	0.00447568617513885	290	0.000903669860327003	-0.027489961127825	0.292278648847444	collagen-associated	FALSE	8	166
HSPG2	PGF	0.0041521013532004	290	0.000903669860327003	-0.027489961127825	0.292278648847444	linker/proteoglycan	FALSE	9	143
LAMB2	PGF	0.00404314086380474	290	0.000903669860327003	-0.027489961127825	0.292278648847444	laminin	FALSE	10	84
NID1	CSF2	0.0676230515709624	291	0.000894747138123455	-0.0237384608252603	0.291407972604801	linker/proteoglycan	FALSE	1	3
LAMC1	CSF2	0.00859045906486882	291	0.000894747138123455	-0.0237384608252603	0.291407972604801	laminin	FALSE	2	48
NID2	CSF2	0.0083234872777135	291	0.000894747138123455	-0.0237384608252603	0.291407972604801	linker/proteoglycan	FALSE	3	41
COL18A1	CSF2	0.00751549534633925	291	0.000894747138123455	-0.0237384608252603	0.291407972604801	collagen-associated	FALSE	4	78
LAMB1	CSF2	0.00686953724275357	291	0.000894747138123455	-0.0237384608252603	0.291407972604801	laminin	FALSE	5	20
HSPG2	CSF2	0.0066907445899157	291	0.000894747138123455	-0.0237384608252603	0.291407972604801	linker/proteoglycan	FALSE	6	27
COL4A1	CSF2	0.00663044457612016	291	0.000894747138123455	-0.0237384608252603	0.291407972604801	collagen-associated	FALSE	7	61
LAMA4	CSF2	0.00652545120873943	291	0.000894747138123455	-0.0237384608252603	0.291407972604801	laminin	FALSE	8	43
COL4A2	CSF2	0.00630787940629504	291	0.000894747138123455	-0.0237384608252603	0.291407972604801	collagen-associated	FALSE	9	54
LAMB2	CSF2	0.0054072942812543	291	0.000894747138123455	-0.0237384608252603	0.291407972604801	laminin	FALSE	10	32
NID1	CLEC11A	0.00881053244645676	292	0.000890018974835258	-0.0288634435251214	0.291407972604801	linker/proteoglycan	FALSE	1	21
COL18A1	CLEC11A	0.00859143609604031	292	0.000890018974835258	-0.0288634435251214	0.291407972604801	collagen-associated	FALSE	2	50
LAMC1	CLEC11A	0.00643075890251746	292	0.000890018974835258	-0.0288634435251214	0.291407972604801	laminin	FALSE	3	122
COL4A1	CLEC11A	0.00620703936423987	292	0.000890018974835258	-0.0288634435251214	0.291407972604801	collagen-associated	FALSE	4	69
NID2	CLEC11A	0.00595660201079133	292	0.000890018974835258	-0.0288634435251214	0.291407972604801	linker/proteoglycan	FALSE	5	111
HSPG2	CLEC11A	0.005467328620794	292	0.000890018974835258	-0.0288634435251214	0.291407972604801	linker/proteoglycan	FALSE	6	52
COL4A2	CLEC11A	0.00523577257433613	292	0.000890018974835258	-0.0288634435251214	0.291407972604801	collagen-associated	FALSE	7	109
LAMB2	CLEC11A	0.00506906419460561	292	0.000890018974835258	-0.0288634435251214	0.291407972604801	laminin	FALSE	8	40
LAMB1	CLEC11A	0.00449811787418924	292	0.000890018974835258	-0.0288634435251214	0.291407972604801	laminin	FALSE	9	104
LAMA4	CLEC11A	0.00440077074131301	292	0.000890018974835258	-0.0288634435251214	0.291407972604801	laminin	FALSE	10	149
LAMC1	SIGLEC1	0.0068083352264671	293	0.00081370737097299	-0.0429759329065724	0.309941454834108	laminin	FALSE	1	95
COL18A1	SIGLEC1	0.00556702572110453	293	0.00081370737097299	-0.0429759329065724	0.309941454834108	collagen-associated	FALSE	2	176
COL4A2	SIGLEC1	0.00455582001446833	293	0.00081370737097299	-0.0429759329065724	0.309941454834108	collagen-associated	FALSE	3	166
LAMA4	SIGLEC1	0.00431244665437573	293	0.00081370737097299	-0.0429759329065724	0.309941454834108	laminin	FALSE	4	158
NID2	SIGLEC1	0.00416093854660617	293	0.00081370737097299	-0.0429759329065724	0.309941454834108	linker/proteoglycan	FALSE	5	267
NID1	SIGLEC1	0.00396572165984247	293	0.00081370737097299	-0.0429759329065724	0.309941454834108	linker/proteoglycan	FALSE	6	229
COL4A1	SIGLEC1	0.0035946418631524	293	0.00081370737097299	-0.0429759329065724	0.309941454834108	collagen-associated	FALSE	7	266
HSPG2	SIGLEC1	0.00355733203333687	293	0.00081370737097299	-0.0429759329065724	0.309941454834108	linker/proteoglycan	FALSE	8	199
LAMB1	SIGLEC1	0.0033458914154971	293	0.00081370737097299	-0.0429759329065724	0.309941454834108	laminin	FALSE	9	211
LAMB2	SIGLEC1	0.00290445380173272	293	0.00081370737097299	-0.0429759329065724	0.309941454834108	laminin	FALSE	10	224
COL18A1	BACE1	0.0116922853658401	294	0.00080835560426791	-0.0442221601161243	0.305083826088381	collagen-associated	FALSE	1	15
LAMC1	BACE1	0.0110712493880974	294	0.00080835560426791	-0.0442221601161243	0.305083826088381	laminin	FALSE	2	17
NID1	BACE1	0.0077720382605267	294	0.00080835560426791	-0.0442221601161243	0.305083826088381	linker/proteoglycan	FALSE	3	32
COL4A2	BACE1	0.00731749926735792	294	0.00080835560426791	-0.0442221601161243	0.305083826088381	collagen-associated	FALSE	4	29
HSPG2	BACE1	0.00724657759497668	294	0.00080835560426791	-0.0442221601161243	0.305083826088381	linker/proteoglycan	FALSE	5	21
LAMA4	BACE1	0.00709990537822419	294	0.00080835560426791	-0.0442221601161243	0.305083826088381	laminin	FALSE	6	31
COL4A1	BACE1	0.00684214863900773	294	0.00080835560426791	-0.0442221601161243	0.305083826088381	collagen-associated	FALSE	7	55
LAMB1	BACE1	0.00678753117156758	294	0.00080835560426791	-0.0442221601161243	0.305083826088381	laminin	FALSE	8	22
NID2	BACE1	0.00658662137830341	294	0.00080835560426791	-0.0442221601161243	0.305083826088381	linker/proteoglycan	FALSE	9	76
LAMB2	BACE1	0.00523147442925853	294	0.00080835560426791	-0.0442221601161243	0.305083826088381	laminin	FALSE	10	36
NID2	ESAM	0.00623877394300961	295	0.000788702339990267	-0.0454132427250473	0.311967789707516	linker/proteoglycan	FALSE	1	87
COL18A1	ESAM	0.00548939381053773	295	0.000788702339990267	-0.0454132427250473	0.311967789707516	collagen-associated	FALSE	2	185
NID1	ESAM	0.00537156943796013	295	0.000788702339990267	-0.0454132427250473	0.311967789707516	linker/proteoglycan	FALSE	3	110
LAMC1	ESAM	0.0051438262487972	295	0.000788702339990267	-0.0454132427250473	0.311967789707516	laminin	FALSE	4	215
LAMA4	ESAM	0.00421087327235447	295	0.000788702339990267	-0.0454132427250473	0.311967789707516	laminin	FALSE	5	172
COL4A2	ESAM	0.00420547759701835	295	0.000788702339990267	-0.0454132427250473	0.311967789707516	collagen-associated	FALSE	6	203
LAMB1	ESAM	0.00355289404598439	295	0.000788702339990267	-0.0454132427250473	0.311967789707516	laminin	FALSE	7	188
COL4A1	ESAM	0.00334358004416972	295	0.000788702339990267	-0.0454132427250473	0.311967789707516	collagen-associated	FALSE	8	292
LAMB2	ESAM	0.00316125608103765	295	0.000788702339990267	-0.0454132427250473	0.311967789707516	laminin	FALSE	9	188
HSPG2	ESAM	0.00313227041734405	295	0.000788702339990267	-0.0454132427250473	0.311967789707516	linker/proteoglycan	FALSE	10	248
COL4A1	PDGFC	0.0674063081825259	296	0.000774583991126762	-0.0439817093858787	0.311967789707516	collagen-associated	FALSE	1	8
LAMC1	PDGFC	0.00638520166385121	296	0.000774583991126762	-0.0439817093858787	0.311967789707516	laminin	FALSE	2	125
COL18A1	PDGFC	0.00585072625847225	296	0.000774583991126762	-0.0439817093858787	0.311967789707516	collagen-associated	FALSE	3	159
NID2	PDGFC	0.00584154934143841	296	0.000774583991126762	-0.0439817093858787	0.311967789707516	linker/proteoglycan	FALSE	4	119
NID1	PDGFC	0.00482119492803008	296	0.000774583991126762	-0.0439817093858787	0.311967789707516	linker/proteoglycan	FALSE	5	154
LAMB1	PDGFC	0.00456443912669732	296	0.000774583991126762	-0.0439817093858787	0.311967789707516	laminin	FALSE	6	100
COL4A2	PDGFC	0.00428321470691072	296	0.000774583991126762	-0.0439817093858787	0.311967789707516	collagen-associated	FALSE	7	197
LAMB2	PDGFC	0.00410153683163567	296	0.000774583991126762	-0.0439817093858787	0.311967789707516	laminin	FALSE	8	80
LAMA4	PDGFC	0.00406765364733828	296	0.000774583991126762	-0.0439817093858787	0.311967789707516	laminin	FALSE	9	179
HSPG2	PDGFC	0.00381621258016815	296	0.000774583991126762	-0.0439817093858787	0.311967789707516	linker/proteoglycan	FALSE	10	169
COL18A1	CD14	0.0064748930567956	297	0.000741251563649767	-0.0419547039719333	0.321616323216163	collagen-associated	FALSE	1	124
LAMC1	CD14	0.00627867298945938	297	0.000741251563649767	-0.0419547039719333	0.321616323216163	laminin	FALSE	2	128
NID2	CD14	0.00568370982479561	297	0.000741251563649767	-0.0419547039719333	0.321616323216163	linker/proteoglycan	FALSE	3	124
LAMA4	CD14	0.00523407698314936	297	0.000741251563649767	-0.0419547039719333	0.321616323216163	laminin	FALSE	4	93
COL4A1	CD14	0.00492652432521043	297	0.000741251563649767	-0.0419547039719333	0.321616323216163	collagen-associated	FALSE	5	126
COL4A2	CD14	0.00483825677199925	297	0.000741251563649767	-0.0419547039719333	0.321616323216163	collagen-associated	FALSE	6	132
NID1	CD14	0.00464578211696303	297	0.000741251563649767	-0.0419547039719333	0.321616323216163	linker/proteoglycan	FALSE	7	167
HSPG2	CD14	0.00411714329553079	297	0.000741251563649767	-0.0419547039719333	0.321616323216163	linker/proteoglycan	FALSE	8	145
LAMB1	CD14	0.00396919013465748	297	0.000741251563649767	-0.0419547039719333	0.321616323216163	laminin	FALSE	9	144
LAMB2	CD14	0.00344506272434107	297	0.000741251563649767	-0.0419547039719333	0.321616323216163	laminin	FALSE	10	148
NID2	OSM	0.0156968426903434	298	0.000712915027541071	-0.0480167181382366	0.326891807463549	linker/proteoglycan	FALSE	1	11
LAMC1	OSM	0.0148925758036858	298	0.000712915027541071	-0.0480167181382366	0.326891807463549	laminin	FALSE	2	3
LAMB1	OSM	0.011777842309239	298	0.000712915027541071	-0.0480167181382366	0.326891807463549	laminin	FALSE	3	9
COL4A1	OSM	0.0108342777980015	298	0.000712915027541071	-0.0480167181382366	0.326891807463549	collagen-associated	FALSE	4	19
COL18A1	OSM	0.0108334983598068	298	0.000712915027541071	-0.0480167181382366	0.326891807463549	collagen-associated	FALSE	5	21
NID1	OSM	0.0105418601402264	298	0.000712915027541071	-0.0480167181382366	0.326891807463549	linker/proteoglycan	FALSE	6	9
LAMB2	OSM	0.00950585460877617	298	0.000712915027541071	-0.0480167181382366	0.326891807463549	laminin	FALSE	7	4
HSPG2	OSM	0.00901921545308753	298	0.000712915027541071	-0.0480167181382366	0.326891807463549	linker/proteoglycan	FALSE	8	8
LAMA4	OSM	0.00817001507535003	298	0.000712915027541071	-0.0480167181382366	0.326891807463549	laminin	FALSE	9	17
COL4A2	OSM	0.00774581976636292	298	0.000712915027541071	-0.0480167181382366	0.326891807463549	collagen-associated	FALSE	10	20
NID2	CLCF1	0.0119778935001872	299	0.000709647540889663	-0.0606633581023439	0.327708229177082	linker/proteoglycan	FALSE	1	16
LAMC1	CLCF1	0.0113429781686709	299	0.000709647540889663	-0.0606633581023439	0.327708229177082	laminin	FALSE	2	13
NID1	CLCF1	0.0104826746518991	299	0.000709647540889663	-0.0606633581023439	0.327708229177082	linker/proteoglycan	FALSE	3	10
LAMB1	CLCF1	0.0104552843786524	299	0.000709647540889663	-0.0606633581023439	0.327708229177082	laminin	FALSE	4	10
COL4A1	CLCF1	0.00924703277125486	299	0.000709647540889663	-0.0606633581023439	0.327708229177082	collagen-associated	FALSE	5	25
LAMB2	CLCF1	0.00826542305246284	299	0.000709647540889663	-0.0606633581023439	0.327708229177082	laminin	FALSE	6	6
LAMA4	CLCF1	0.00786159795882419	299	0.000709647540889663	-0.0606633581023439	0.327708229177082	laminin	FALSE	7	21
COL18A1	CLCF1	0.0075466107782731	299	0.000709647540889663	-0.0606633581023439	0.327708229177082	collagen-associated	FALSE	8	76
HSPG2	CLCF1	0.00653425960469423	299	0.000709647540889663	-0.0606633581023439	0.327708229177082	linker/proteoglycan	FALSE	9	30
COL4A2	CLCF1	0.00582520582512299	299	0.000709647540889663	-0.0606633581023439	0.327708229177082	collagen-associated	FALSE	10	72
COL18A1	PLAT	0.00657898247522414	300	0.000701814006468342	-0.0607163633941574	0.333444064231451	collagen-associated	FALSE	1	117
LAMC1	PLAT	0.00648254501945659	300	0.000701814006468342	-0.0607163633941574	0.333444064231451	laminin	FALSE	2	117
NID2	PLAT	0.00514311357037572	300	0.000701814006468342	-0.0607163633941574	0.333444064231451	linker/proteoglycan	FALSE	3	160
LAMA4	PLAT	0.00455823019651175	300	0.000701814006468342	-0.0607163633941574	0.333444064231451	laminin	FALSE	4	141
NID1	PLAT	0.00450674137543938	300	0.000701814006468342	-0.0607163633941574	0.333444064231451	linker/proteoglycan	FALSE	5	177
COL4A2	PLAT	0.00433930805009038	300	0.000701814006468342	-0.0607163633941574	0.333444064231451	collagen-associated	FALSE	6	190
COL4A1	PLAT	0.00424422825732757	300	0.000701814006468342	-0.0607163633941574	0.333444064231451	collagen-associated	FALSE	7	195
HSPG2	PLAT	0.00410716679509249	300	0.000701814006468342	-0.0607163633941574	0.333444064231451	linker/proteoglycan	FALSE	8	146
LAMB1	PLAT	0.0039693862790257	300	0.000701814006468342	-0.0607163633941574	0.333444064231451	laminin	FALSE	9	143
LAMB2	PLAT	0.00390627580389704	300	0.000701814006468342	-0.0607163633941574	0.333444064231451	laminin	FALSE	10	96
COL18A1	LRIG2	0.00964571002626406	301	0.000683814788792741	-0.0616480150650254	0.327708229177082	collagen-associated	FALSE	1	36
LAMC1	LRIG2	0.00946739646829159	301	0.000683814788792741	-0.0616480150650254	0.327708229177082	laminin	FALSE	2	35
LAMB2	LRIG2	0.00745558131718023	301	0.000683814788792741	-0.0616480150650254	0.327708229177082	laminin	FALSE	3	10
NID2	LRIG2	0.00728513505006087	301	0.000683814788792741	-0.0616480150650254	0.327708229177082	linker/proteoglycan	FALSE	4	60
NID1	LRIG2	0.00685621481031927	301	0.000683814788792741	-0.0616480150650254	0.327708229177082	linker/proteoglycan	FALSE	5	50
COL4A2	LRIG2	0.00680508828071859	301	0.000683814788792741	-0.0616480150650254	0.327708229177082	collagen-associated	FALSE	6	44
LAMB1	LRIG2	0.00510257770350433	301	0.000683814788792741	-0.0616480150650254	0.327708229177082	laminin	FALSE	7	67
HSPG2	LRIG2	0.0050898530412815	301	0.000683814788792741	-0.0616480150650254	0.327708229177082	linker/proteoglycan	FALSE	8	72
LAMA4	LRIG2	0.00375276026599266	301	0.000683814788792741	-0.0616480150650254	0.327708229177082	laminin	FALSE	9	222
COL4A1	LRIG2	0.00370239342441336	301	0.000683814788792741	-0.0616480150650254	0.327708229177082	collagen-associated	FALSE	10	255
COL18A1	WNT2	0.00646902818417028	302	0.000662073901039426	-0.0695995876902022	0.338716790572598	collagen-associated	FALSE	1	125
COL4A2	WNT2	0.00646847610397301	302	0.000662073901039426	-0.0695995876902022	0.338716790572598	collagen-associated	FALSE	2	52
LAMC1	WNT2	0.0064327207408777	302	0.000662073901039426	-0.0695995876902022	0.338716790572598	laminin	FALSE	3	121
LAMA4	WNT2	0.00629880214463669	302	0.000662073901039426	-0.0695995876902022	0.338716790572598	laminin	FALSE	4	50
NID2	WNT2	0.00565759722245965	302	0.000662073901039426	-0.0695995876902022	0.338716790572598	linker/proteoglycan	FALSE	5	126
NID1	WNT2	0.00537270736349747	302	0.000662073901039426	-0.0695995876902022	0.338716790572598	linker/proteoglycan	FALSE	6	109
HSPG2	WNT2	0.00439101919581451	302	0.000662073901039426	-0.0695995876902022	0.338716790572598	linker/proteoglycan	FALSE	7	122
COL4A1	WNT2	0.00421011829155582	302	0.000662073901039426	-0.0695995876902022	0.338716790572598	collagen-associated	FALSE	8	197
LAMB1	WNT2	0.00400959860961058	302	0.000662073901039426	-0.0695995876902022	0.338716790572598	laminin	FALSE	9	140
LAMB2	WNT2	0.00320581373040602	302	0.000662073901039426	-0.0695995876902022	0.338716790572598	laminin	FALSE	10	180
COL18A1	HAS2	0.00549155639132445	303	0.000658321846551156	-0.061833682453452	0.3399725816892	collagen-associated	FALSE	1	184
LAMC1	HAS2	0.00466227873714207	303	0.000658321846551156	-0.061833682453452	0.3399725816892	laminin	FALSE	2	262
NID2	HAS2	0.00426852123107459	303	0.000658321846551156	-0.061833682453452	0.3399725816892	linker/proteoglycan	FALSE	3	261
LAMB1	HAS2	0.00388442811061967	303	0.000658321846551156	-0.061833682453452	0.3399725816892	laminin	FALSE	4	154
NID1	HAS2	0.00365254086898855	303	0.000658321846551156	-0.061833682453452	0.3399725816892	linker/proteoglycan	FALSE	5	271
COL4A2	HAS2	0.00359206069349879	303	0.000658321846551156	-0.061833682453452	0.3399725816892	collagen-associated	FALSE	6	286
COL4A1	HAS2	0.00342652739119394	303	0.000658321846551156	-0.061833682453452	0.3399725816892	collagen-associated	FALSE	7	287
LAMA4	HAS2	0.00340789753445979	303	0.000658321846551156	-0.061833682453452	0.3399725816892	laminin	FALSE	8	268
LAMB2	HAS2	0.0032080904934183	303	0.000658321846551156	-0.061833682453452	0.3399725816892	laminin	FALSE	9	179
HSPG2	HAS2	0.00303154453191842	303	0.000658321846551156	-0.061833682453452	0.3399725816892	linker/proteoglycan	FALSE	10	266
COL18A1	PAM	0.00955732731783756	304	0.000640809684529059	-0.0702113247261923	0.339929373399294	collagen-associated	FALSE	1	39
LAMC1	PAM	0.0086738047251998	304	0.000640809684529059	-0.0702113247261923	0.339929373399294	laminin	FALSE	2	44
COL4A1	PAM	0.00758800412093159	304	0.000640809684529059	-0.0702113247261923	0.339929373399294	collagen-associated	FALSE	3	46
COL4A2	PAM	0.00704109899802856	304	0.000640809684529059	-0.0702113247261923	0.339929373399294	collagen-associated	FALSE	4	38
NID1	PAM	0.00669118632113174	304	0.000640809684529059	-0.0702113247261923	0.339929373399294	linker/proteoglycan	FALSE	5	53
LAMA4	PAM	0.00646869707129429	304	0.000640809684529059	-0.0702113247261923	0.339929373399294	laminin	FALSE	6	44
LAMB1	PAM	0.0059801630245426	304	0.000640809684529059	-0.0702113247261923	0.339929373399294	laminin	FALSE	7	37
HSPG2	PAM	0.00587595901585085	304	0.000640809684529059	-0.0702113247261923	0.339929373399294	linker/proteoglycan	FALSE	8	39
NID2	PAM	0.00567669404923463	304	0.000640809684529059	-0.0702113247261923	0.339929373399294	linker/proteoglycan	FALSE	9	125
LAMB2	PAM	0.00532156988696594	304	0.000640809684529059	-0.0702113247261923	0.339929373399294	laminin	FALSE	10	34
LAMC1	MMRN2	0.0115629469032944	305	0.000589311173547205	-0.07758216122119	0.35965133128381	laminin	FALSE	1	12
COL18A1	MMRN2	0.00851739107171954	305	0.000589311173547205	-0.07758216122119	0.35965133128381	collagen-associated	FALSE	2	52
LAMB1	MMRN2	0.00740378825963686	305	0.000589311173547205	-0.07758216122119	0.35965133128381	laminin	FALSE	3	18
LAMB2	MMRN2	0.00544322121299378	305	0.000589311173547205	-0.07758216122119	0.35965133128381	laminin	FALSE	4	30
COL4A2	MMRN2	0.00514051955086687	305	0.000589311173547205	-0.07758216122119	0.35965133128381	collagen-associated	FALSE	5	114
COL4A1	MMRN2	0.00485162535310647	305	0.000589311173547205	-0.07758216122119	0.35965133128381	collagen-associated	FALSE	6	134
NID2	MMRN2	0.0033526653388677	305	0.000589311173547205	-0.07758216122119	0.35965133128381	linker/proteoglycan	FALSE	7	312
NID1	MMRN2	0.0030480722079911	305	0.000589311173547205	-0.07758216122119	0.35965133128381	linker/proteoglycan	FALSE	8	316
LAMA4	MMRN2	0.00296603458581137	305	0.000589311173547205	-0.07758216122119	0.35965133128381	laminin	FALSE	9	310
HSPG2	MMRN2	0.00275285537931399	305	0.000589311173547205	-0.07758216122119	0.35965133128381	linker/proteoglycan	FALSE	10	302
COL18A1	LTF	0.00807380077293006	306	0.00058590698476448	-0.0758260599253487	0.356958402520404	collagen-associated	FALSE	1	62
LAMC1	LTF	0.00690283336794974	306	0.00058590698476448	-0.0758260599253487	0.356958402520404	laminin	FALSE	2	92
NID2	LTF	0.00639045959098328	306	0.00058590698476448	-0.0758260599253487	0.356958402520404	linker/proteoglycan	FALSE	3	80
NID1	LTF	0.00637539362700019	306	0.00058590698476448	-0.0758260599253487	0.356958402520404	linker/proteoglycan	FALSE	4	58
COL4A2	LTF	0.00596569921990702	306	0.00058590698476448	-0.0758260599253487	0.356958402520404	collagen-associated	FALSE	5	66
LAMB2	LTF	0.00559235540825598	306	0.00058590698476448	-0.0758260599253487	0.356958402520404	laminin	FALSE	6	28
HSPG2	LTF	0.00511581006135262	306	0.00058590698476448	-0.0758260599253487	0.356958402520404	linker/proteoglycan	FALSE	7	69
COL4A1	LTF	0.00498653176282839	306	0.00058590698476448	-0.0758260599253487	0.356958402520404	collagen-associated	FALSE	8	116
LAMA4	LTF	0.00469549465594658	306	0.00058590698476448	-0.0758260599253487	0.356958402520404	laminin	FALSE	9	128
LAMB1	LTF	0.00449054801312442	306	0.00058590698476448	-0.0758260599253487	0.356958402520404	laminin	FALSE	10	105
COL4A2	SIGLEC6	0.00720088298504936	307	0.000559157474243131	-0.0859201056152404	0.366152705117838	collagen-associated	FALSE	1	31
LAMA4	SIGLEC6	0.00677390968124417	307	0.000559157474243131	-0.0859201056152404	0.366152705117838	laminin	FALSE	2	37
COL18A1	SIGLEC6	0.00667539723460377	307	0.000559157474243131	-0.0859201056152404	0.366152705117838	collagen-associated	FALSE	3	110
NID1	SIGLEC6	0.00591116936935269	307	0.000559157474243131	-0.0859201056152404	0.366152705117838	linker/proteoglycan	FALSE	4	83
COL4A1	SIGLEC6	0.00528542898089627	307	0.000559157474243131	-0.0859201056152404	0.366152705117838	collagen-associated	FALSE	5	97
LAMC1	SIGLEC6	0.0049975411287959	307	0.000559157474243131	-0.0859201056152404	0.366152705117838	laminin	FALSE	6	232
NID2	SIGLEC6	0.0047151849768624	307	0.000559157474243131	-0.0859201056152404	0.366152705117838	linker/proteoglycan	FALSE	7	218
LAMB1	SIGLEC6	0.00328789377552701	307	0.000559157474243131	-0.0859201056152404	0.366152705117838	laminin	FALSE	8	222
HSPG2	SIGLEC6	0.00323629728956722	307	0.000559157474243131	-0.0859201056152404	0.366152705117838	linker/proteoglycan	FALSE	9	227
LAMB2	SIGLEC6	0.00278084342140267	307	0.000559157474243131	-0.0859201056152404	0.366152705117838	laminin	FALSE	10	241
NID2	LIF	0.012480459405095	308	0.000546975312544238	-0.0750668779009723	0.35965133128381	linker/proteoglycan	FALSE	1	15
LAMC1	LIF	0.0102403051140534	308	0.000546975312544238	-0.0750668779009723	0.35965133128381	laminin	FALSE	2	30
LAMB1	LIF	0.00976025973622077	308	0.000546975312544238	-0.0750668779009723	0.35965133128381	laminin	FALSE	3	11
NID1	LIF	0.00928709050627652	308	0.000546975312544238	-0.0750668779009723	0.35965133128381	linker/proteoglycan	FALSE	4	16
COL4A1	LIF	0.00888302331796251	308	0.000546975312544238	-0.0750668779009723	0.35965133128381	collagen-associated	FALSE	5	28
COL18A1	LIF	0.00834113947076432	308	0.000546975312544238	-0.0750668779009723	0.35965133128381	collagen-associated	FALSE	6	58
LAMB2	LIF	0.00778179733381275	308	0.000546975312544238	-0.0750668779009723	0.35965133128381	laminin	FALSE	7	8
LAMA4	LIF	0.00695672569517364	308	0.000546975312544238	-0.0750668779009723	0.35965133128381	laminin	FALSE	8	33
COL4A2	LIF	0.00626840842335153	308	0.000546975312544238	-0.0750668779009723	0.35965133128381	collagen-associated	FALSE	9	57
HSPG2	LIF	0.00601276855262234	308	0.000546975312544238	-0.0750668779009723	0.35965133128381	linker/proteoglycan	FALSE	10	36
COL18A1	CKLF	0.0127050750650104	309	0.000540370305405261	-0.0867329718233156	0.364527832930993	collagen-associated	FALSE	1	9
NID2	CKLF	0.0110837667954693	309	0.000540370305405261	-0.0867329718233156	0.364527832930993	linker/proteoglycan	FALSE	2	18
COL4A2	CKLF	0.0104441344358972	309	0.000540370305405261	-0.0867329718233156	0.364527832930993	collagen-associated	FALSE	3	6
LAMC1	CKLF	0.0103123565077687	309	0.000540370305405261	-0.0867329718233156	0.364527832930993	laminin	FALSE	4	28
COL4A1	CKLF	0.00859583994184623	309	0.000540370305405261	-0.0867329718233156	0.364527832930993	collagen-associated	FALSE	5	34
LAMB1	CKLF	0.00824825677483043	309	0.000540370305405261	-0.0867329718233156	0.364527832930993	laminin	FALSE	6	14
NID1	CKLF	0.0079571905236862	309	0.000540370305405261	-0.0867329718233156	0.364527832930993	linker/proteoglycan	FALSE	7	31
LAMA4	CKLF	0.00588149072536	309	0.000540370305405261	-0.0867329718233156	0.364527832930993	laminin	FALSE	8	63
HSPG2	CKLF	0.00396575413191394	309	0.000540370305405261	-0.0867329718233156	0.364527832930993	linker/proteoglycan	FALSE	9	156
LAMB2	CKLF	0.0035392840699974	309	0.000540370305405261	-0.0867329718233156	0.364527832930993	laminin	FALSE	10	139
LAMC1	NGF	0.00803686324499952	310	0.000521923098578393	-0.0935815857809282	0.371080311323706	laminin	FALSE	1	60
COL18A1	NGF	0.00796717398852254	310	0.000521923098578393	-0.0935815857809282	0.371080311323706	collagen-associated	FALSE	2	63
NID2	NGF	0.00769511038932103	310	0.000521923098578393	-0.0935815857809282	0.371080311323706	linker/proteoglycan	FALSE	3	52
NID1	NGF	0.00747506694297113	310	0.000521923098578393	-0.0935815857809282	0.371080311323706	linker/proteoglycan	FALSE	4	37
COL4A1	NGF	0.0063056916982706	310	0.000521923098578393	-0.0935815857809282	0.371080311323706	collagen-associated	FALSE	5	66
LAMB1	NGF	0.00605341418765722	310	0.000521923098578393	-0.0935815857809282	0.371080311323706	laminin	FALSE	6	34
HSPG2	NGF	0.00570235568658552	310	0.000521923098578393	-0.0935815857809282	0.371080311323706	linker/proteoglycan	FALSE	7	44
COL4A2	NGF	0.00562340085036937	310	0.000521923098578393	-0.0935815857809282	0.371080311323706	collagen-associated	FALSE	8	83
LAMA4	NGF	0.00553623961459293	310	0.000521923098578393	-0.0935815857809282	0.371080311323706	laminin	FALSE	9	75
LAMB2	NGF	0.00546191783391276	310	0.000521923098578393	-0.0935815857809282	0.371080311323706	laminin	FALSE	10	29
NID1	PLAU	0.0516271390797849	311	0.000507622626255594	-0.0891681630409655	0.372570459995801	linker/proteoglycan	FALSE	1	5
LAMC1	PLAU	0.0102521853353074	311	0.000507622626255594	-0.0891681630409655	0.372570459995801	laminin	FALSE	2	29
COL18A1	PLAU	0.00967108773528484	311	0.000507622626255594	-0.0891681630409655	0.372570459995801	collagen-associated	FALSE	3	35
NID2	PLAU	0.007977043113296	311	0.000507622626255594	-0.0891681630409655	0.372570459995801	linker/proteoglycan	FALSE	4	45
COL4A1	PLAU	0.00766818823611777	311	0.000507622626255594	-0.0891681630409655	0.372570459995801	collagen-associated	FALSE	5	45
COL4A2	PLAU	0.00691006915915391	311	0.000507622626255594	-0.0891681630409655	0.372570459995801	collagen-associated	FALSE	6	42
LAMA4	PLAU	0.00606911071279927	311	0.000507622626255594	-0.0891681630409655	0.372570459995801	laminin	FALSE	7	55
LAMB1	PLAU	0.00604817742379179	311	0.000507622626255594	-0.0891681630409655	0.372570459995801	laminin	FALSE	8	35
HSPG2	PLAU	0.00594261220535749	311	0.000507622626255594	-0.0891681630409655	0.372570459995801	linker/proteoglycan	FALSE	9	38
LAMB2	PLAU	0.00586363725163359	311	0.000507622626255594	-0.0891681630409655	0.372570459995801	laminin	FALSE	10	25
LAMA4	PTPRM	0.0065312524675186	312	0.000469621029856327	-0.100161966549768	0.380737887749687	laminin	FALSE	1	41
COL18A1	PTPRM	0.00576164733877529	312	0.000469621029856327	-0.100161966549768	0.380737887749687	collagen-associated	FALSE	2	166
LAMC1	PTPRM	0.00572851786357487	312	0.000469621029856327	-0.100161966549768	0.380737887749687	laminin	FALSE	3	163
COL4A2	PTPRM	0.00526202370053735	312	0.000469621029856327	-0.100161966549768	0.380737887749687	collagen-associated	FALSE	4	107
NID2	PTPRM	0.00379544853371437	312	0.000469621029856327	-0.100161966549768	0.380737887749687	linker/proteoglycan	FALSE	5	294
NID1	PTPRM	0.003680660657068	312	0.000469621029856327	-0.100161966549768	0.380737887749687	linker/proteoglycan	FALSE	6	267
COL4A1	PTPRM	0.00363155014029447	312	0.000469621029856327	-0.100161966549768	0.380737887749687	collagen-associated	FALSE	7	260
HSPG2	PTPRM	0.00317354340281774	312	0.000469621029856327	-0.100161966549768	0.380737887749687	linker/proteoglycan	FALSE	8	239
LAMB1	PTPRM	0.00291405007455593	312	0.000469621029856327	-0.100161966549768	0.380737887749687	laminin	FALSE	9	277
LAMB2	PTPRM	0.00259781877813202	312	0.000469621029856327	-0.100161966549768	0.380737887749687	laminin	FALSE	10	269
COL18A1	WNT2B	0.00602660085139591	313	0.00040235028836167	-0.112657947149881	0.406525271039775	collagen-associated	FALSE	1	145
LAMC1	WNT2B	0.00536193756758627	313	0.00040235028836167	-0.112657947149881	0.406525271039775	laminin	FALSE	2	201
LAMA4	WNT2B	0.00462318463815003	313	0.00040235028836167	-0.112657947149881	0.406525271039775	laminin	FALSE	3	135
COL4A2	WNT2B	0.00441860160244924	313	0.00040235028836167	-0.112657947149881	0.406525271039775	collagen-associated	FALSE	4	183
HSPG2	WNT2B	0.00430639842308085	313	0.00040235028836167	-0.112657947149881	0.406525271039775	linker/proteoglycan	FALSE	5	131
NID2	WNT2B	0.00400962477909706	313	0.00040235028836167	-0.112657947149881	0.406525271039775	linker/proteoglycan	FALSE	6	277
COL4A1	WNT2B	0.00387544947084066	313	0.00040235028836167	-0.112657947149881	0.406525271039775	collagen-associated	FALSE	7	236
LAMB1	WNT2B	0.0037591184442304	313	0.00040235028836167	-0.112657947149881	0.406525271039775	laminin	FALSE	8	168
NID1	WNT2B	0.00359776790659795	313	0.00040235028836167	-0.112657947149881	0.406525271039775	linker/proteoglycan	FALSE	9	276
LAMB2	WNT2B	0.00299344285455645	313	0.00040235028836167	-0.112657947149881	0.406525271039775	laminin	FALSE	10	209
LAMC1	WNT3A	0.00653477860200653	314	0.000398797820785961	-0.110307195086826	0.402491699711818	laminin	FALSE	1	114
LAMA4	WNT3A	0.00586251337516353	314	0.000398797820785961	-0.110307195086826	0.402491699711818	laminin	FALSE	2	65
COL18A1	WNT3A	0.00580435566625707	314	0.000398797820785961	-0.110307195086826	0.402491699711818	collagen-associated	FALSE	3	162
COL4A2	WNT3A	0.00538820641234411	314	0.000398797820785961	-0.110307195086826	0.402491699711818	collagen-associated	FALSE	4	100
NID2	WNT3A	0.00493000863776698	314	0.000398797820785961	-0.110307195086826	0.402491699711818	linker/proteoglycan	FALSE	5	185
COL4A1	WNT3A	0.00441101962614479	314	0.000398797820785961	-0.110307195086826	0.402491699711818	collagen-associated	FALSE	6	175
NID1	WNT3A	0.00431683565688364	314	0.000398797820785961	-0.110307195086826	0.402491699711818	linker/proteoglycan	FALSE	7	198
HSPG2	WNT3A	0.00385400581726149	314	0.000398797820785961	-0.110307195086826	0.402491699711818	linker/proteoglycan	FALSE	8	166
LAMB1	WNT3A	0.00364914209828059	314	0.000398797820785961	-0.110307195086826	0.402491699711818	laminin	FALSE	9	180
LAMB2	WNT3A	0.00310210619695635	314	0.000398797820785961	-0.110307195086826	0.402491699711818	laminin	FALSE	10	197
NID2	PTPRC	0.00702576025637987	315	0.00032533618611946	-0.124528921749944	0.433153827474395	linker/proteoglycan	FALSE	1	67
LAMC1	PTPRC	0.00700582070919316	315	0.00032533618611946	-0.124528921749944	0.433153827474395	laminin	FALSE	2	85
COL18A1	PTPRC	0.00620370564608489	315	0.00032533618611946	-0.124528921749944	0.433153827474395	collagen-associated	FALSE	3	138
COL4A2	PTPRC	0.0050961931171726	315	0.00032533618611946	-0.124528921749944	0.433153827474395	collagen-associated	FALSE	4	117
COL4A1	PTPRC	0.00508940999520256	315	0.00032533618611946	-0.124528921749944	0.433153827474395	collagen-associated	FALSE	5	109
NID1	PTPRC	0.00507333500831939	315	0.00032533618611946	-0.124528921749944	0.433153827474395	linker/proteoglycan	FALSE	6	133
HSPG2	PTPRC	0.00498840888359496	315	0.00032533618611946	-0.124528921749944	0.433153827474395	linker/proteoglycan	FALSE	7	81
LAMB1	PTPRC	0.0049297320886541	315	0.00032533618611946	-0.124528921749944	0.433153827474395	laminin	FALSE	8	78
LAMA4	PTPRC	0.00475495818483346	315	0.00032533618611946	-0.124528921749944	0.433153827474395	laminin	FALSE	9	122
LAMB2	PTPRC	0.0036434245375359	315	0.00032533618611946	-0.124528921749944	0.433153827474395	laminin	FALSE	10	133
COL18A1	SLPI	0.0148439837724356	316	0.000308302743933717	-0.12998814155921	0.439705712973007	collagen-associated	FALSE	1	7
NID1	SLPI	0.011462923353	316	0.000308302743933717	-0.12998814155921	0.439705712973007	linker/proteoglycan	FALSE	2	7
LAMC1	SLPI	0.010578782722404	316	0.000308302743933717	-0.12998814155921	0.439705712973007	laminin	FALSE	3	24
HSPG2	SLPI	0.0104209746311452	316	0.000308302743933717	-0.12998814155921	0.439705712973007	linker/proteoglycan	FALSE	4	7
COL4A2	SLPI	0.00927484710768718	316	0.000308302743933717	-0.12998814155921	0.439705712973007	collagen-associated	FALSE	5	11
NID2	SLPI	0.00861254825862304	316	0.000308302743933717	-0.12998814155921	0.439705712973007	linker/proteoglycan	FALSE	6	39
COL4A1	SLPI	0.00775246040192191	316	0.000308302743933717	-0.12998814155921	0.439705712973007	collagen-associated	FALSE	7	43
LAMA4	SLPI	0.00683407061551637	316	0.000308302743933717	-0.12998814155921	0.439705712973007	laminin	FALSE	8	34
LAMB1	SLPI	0.00640132420929212	316	0.000308302743933717	-0.12998814155921	0.439705712973007	laminin	FALSE	9	28
LAMB2	SLPI	0.00632521387667725	316	0.000308302743933717	-0.12998814155921	0.439705712973007	laminin	FALSE	10	18
LAMA4	CCN4	0.00740910734767219	317	0.000264932721193711	-0.131962153846875	0.448342547448725	laminin	FALSE	1	27
LAMC1	CCN4	0.00671844677986256	317	0.000264932721193711	-0.131962153846875	0.448342547448725	laminin	FALSE	2	102
COL18A1	CCN4	0.00650734124594168	317	0.000264932721193711	-0.131962153846875	0.448342547448725	collagen-associated	FALSE	3	121
COL4A2	CCN4	0.00592746480164476	317	0.000264932721193711	-0.131962153846875	0.448342547448725	collagen-associated	FALSE	4	68
COL4A1	CCN4	0.00449463088708097	317	0.000264932721193711	-0.131962153846875	0.448342547448725	collagen-associated	FALSE	5	163
NID2	CCN4	0.00432469043640319	317	0.000264932721193711	-0.131962153846875	0.448342547448725	linker/proteoglycan	FALSE	6	255
NID1	CCN4	0.00407290048270484	317	0.000264932721193711	-0.131962153846875	0.448342547448725	linker/proteoglycan	FALSE	7	220
HSPG2	CCN4	0.00398691640572896	317	0.000264932721193711	-0.131962153846875	0.448342547448725	linker/proteoglycan	FALSE	8	153
LAMB1	CCN4	0.00331159649181454	317	0.000264932721193711	-0.131962153846875	0.448342547448725	laminin	FALSE	9	217
LAMB2	CCN4	0.00297295966276226	317	0.000264932721193711	-0.131962153846875	0.448342547448725	laminin	FALSE	10	211
COL18A1	C4BPA	0.0102232720009873	318	0.000235074951725257	-0.140386907486079	0.462981060384528	collagen-associated	FALSE	1	28
NID1	C4BPA	0.0087227021270703	318	0.000235074951725257	-0.140386907486079	0.462981060384528	linker/proteoglycan	FALSE	2	22
LAMC1	C4BPA	0.00709038246602142	318	0.000235074951725257	-0.140386907486079	0.462981060384528	laminin	FALSE	3	80
NID2	C4BPA	0.0062930318523519	318	0.000235074951725257	-0.140386907486079	0.462981060384528	linker/proteoglycan	FALSE	4	85
HSPG2	C4BPA	0.00608962471470591	318	0.000235074951725257	-0.140386907486079	0.462981060384528	linker/proteoglycan	FALSE	5	34
COL4A2	C4BPA	0.00570529435092458	318	0.000235074951725257	-0.140386907486079	0.462981060384528	collagen-associated	FALSE	6	78
LAMB1	C4BPA	0.00546470563203474	318	0.000235074951725257	-0.140386907486079	0.462981060384528	laminin	FALSE	7	53
LAMB2	C4BPA	0.00498278332002123	318	0.000235074951725257	-0.140386907486079	0.462981060384528	laminin	FALSE	8	45
COL4A1	C4BPA	0.00482405628840182	318	0.000235074951725257	-0.140386907486079	0.462981060384528	collagen-associated	FALSE	9	136
LAMA4	C4BPA	0.00431195572596166	318	0.000235074951725257	-0.140386907486079	0.462981060384528	laminin	FALSE	10	159
COL18A1	SPON2	0.0109886617261357	319	0.000209940088824875	-0.139096609230072	0.471088314366056	collagen-associated	FALSE	1	20
NID1	SPON2	0.00871992805604765	319	0.000209940088824875	-0.139096609230072	0.471088314366056	linker/proteoglycan	FALSE	2	23
NID2	SPON2	0.00641191627414717	319	0.000209940088824875	-0.139096609230072	0.471088314366056	linker/proteoglycan	FALSE	3	79
LAMC1	SPON2	0.00594612132236326	319	0.000209940088824875	-0.139096609230072	0.471088314366056	laminin	FALSE	4	144
HSPG2	SPON2	0.00526764994215094	319	0.000209940088824875	-0.139096609230072	0.471088314366056	linker/proteoglycan	FALSE	5	62
COL4A2	SPON2	0.0044441874809586	319	0.000209940088824875	-0.139096609230072	0.471088314366056	collagen-associated	FALSE	6	181
LAMB1	SPON2	0.00430297757724163	319	0.000209940088824875	-0.139096609230072	0.471088314366056	laminin	FALSE	7	113
COL4A1	SPON2	0.00424200901694788	319	0.000209940088824875	-0.139096609230072	0.471088314366056	collagen-associated	FALSE	8	196
LAMA4	SPON2	0.0037134123275383	319	0.000209940088824875	-0.139096609230072	0.471088314366056	laminin	FALSE	9	228
LAMB2	SPON2	0.0029976155732672	319	0.000209940088824875	-0.139096609230072	0.471088314366056	laminin	FALSE	10	208
LAMC1	LTBP3	0.00558599724403695	320	0.000171190633746159	-0.145825881361567	0.480749737526247	laminin	FALSE	1	180
HSPG2	LTBP3	0.00522212360881426	320	0.000171190633746159	-0.145825881361567	0.480749737526247	linker/proteoglycan	FALSE	2	64
LAMB1	LTBP3	0.00516803932293537	320	0.000171190633746159	-0.145825881361567	0.480749737526247	laminin	FALSE	3	65
COL18A1	LTBP3	0.00506126907383087	320	0.000171190633746159	-0.145825881361567	0.480749737526247	collagen-associated	FALSE	4	218
NID1	LTBP3	0.00494521626493571	320	0.000171190633746159	-0.145825881361567	0.480749737526247	linker/proteoglycan	FALSE	5	141
NID2	LTBP3	0.00443610158551341	320	0.000171190633746159	-0.145825881361567	0.480749737526247	linker/proteoglycan	FALSE	6	245
LAMA4	LTBP3	0.0042519748970383	320	0.000171190633746159	-0.145825881361567	0.480749737526247	laminin	FALSE	7	169
COL4A2	LTBP3	0.00408324846286146	320	0.000171190633746159	-0.145825881361567	0.480749737526247	collagen-associated	FALSE	8	223
COL4A1	LTBP3	0.00407606975872818	320	0.000171190633746159	-0.145825881361567	0.480749737526247	collagen-associated	FALSE	9	211
LAMB2	LTBP3	0.00310214707086143	320	0.000171190633746159	-0.145825881361567	0.480749737526247	laminin	FALSE	10	196
NID2	PDGFD	0.00951062934704461	321	5.10410082064125e-05	-0.162932092933336	0.535146485351465	linker/proteoglycan	FALSE	1	26
LAMC1	PDGFD	0.00834504727497841	321	5.10410082064125e-05	-0.162932092933336	0.535146485351465	laminin	FALSE	2	53
COL18A1	PDGFD	0.00812402342749128	321	5.10410082064125e-05	-0.162932092933336	0.535146485351465	collagen-associated	FALSE	3	61
LAMB1	PDGFD	0.00676441949838745	321	5.10410082064125e-05	-0.162932092933336	0.535146485351465	laminin	FALSE	4	23
NID1	PDGFD	0.00659762393362229	321	5.10410082064125e-05	-0.162932092933336	0.535146485351465	linker/proteoglycan	FALSE	5	54
HSPG2	PDGFD	0.00647968688389438	321	5.10410082064125e-05	-0.162932092933336	0.535146485351465	linker/proteoglycan	FALSE	6	32
LAMB2	PDGFD	0.00622423501362984	321	5.10410082064125e-05	-0.162932092933336	0.535146485351465	laminin	FALSE	7	20
COL4A1	PDGFD	0.00603725015844562	321	5.10410082064125e-05	-0.162932092933336	0.535146485351465	collagen-associated	FALSE	8	73
LAMA4	PDGFD	0.00556300488449035	321	5.10410082064125e-05	-0.162932092933336	0.535146485351465	laminin	FALSE	9	73
COL4A2	PDGFD	0.00539090989526803	321	5.10410082064125e-05	-0.162932092933336	0.535146485351465	collagen-associated	FALSE	10	99
