test_ligand	receiver	scheme	aupr_corrected	rank	block	receiver_a	receiver_b	n_shared_ligands	spearman_rho	p_value	pearson_aupr	p_BH	k	n_shared	jaccard	shared_ligands
TGFB2	Pericyte_activated_migratory	stable_program	0.221478716045	1	ligand_rank_matrix											
TGFB1	Pericyte_activated_migratory	stable_program	0.219137969576877	2	ligand_rank_matrix											
CCN2	Pericyte_activated_migratory	stable_program	0.214942583259932	3	ligand_rank_matrix											
TIMP2	Pericyte_activated_migratory	stable_program	0.199304474287671	4	ligand_rank_matrix											
AGT	Pericyte_activated_migratory	stable_program	0.192846614430999	5	ligand_rank_matrix											
NAMPT	Pericyte_activated_migratory	stable_program	0.181804116094703	6	ligand_rank_matrix											
ICAM1	Pericyte_activated_migratory	stable_program	0.180834575265391	7	ligand_rank_matrix											
IL1RN	Pericyte_activated_migratory	stable_program	0.177297269253083	8	ligand_rank_matrix											
COPA	Pericyte_activated_migratory	stable_program	0.175112323188407	9	ligand_rank_matrix											
C4BPA	Pericyte_activated_migratory	stable_program	0.166144804275739	10	ligand_rank_matrix											
ANXA1	Pericyte_activated_migratory	stable_program	0.165731874026812	11	ligand_rank_matrix											
EDN1	Pericyte_activated_migratory	stable_program	0.165118497933073	12	ligand_rank_matrix											
VTN	Pericyte_activated_migratory	stable_program	0.162483359206438	13	ligand_rank_matrix											
PLA2G2A	Pericyte_activated_migratory	stable_program	0.161603649404642	14	ligand_rank_matrix											
SELE	Pericyte_activated_migratory	stable_program	0.159832150313118	15	ligand_rank_matrix											
NTN1	Pericyte_activated_migratory	stable_program	0.158954358392566	16	ligand_rank_matrix											
COL4A1	Pericyte_activated_migratory	stable_program	0.157889056631033	17	ligand_rank_matrix											
S100A9	Pericyte_activated_migratory	stable_program	0.154821215956869	18	ligand_rank_matrix											
VCAM1	Pericyte_activated_migratory	stable_program	0.147699738906837	19	ligand_rank_matrix											
MMP14	Pericyte_activated_migratory	stable_program	0.14597611997171	20	ligand_rank_matrix											
SIRPB2	Pericyte_activated_migratory	stable_program	0.145714116626294	21	ligand_rank_matrix											
COL1A1	Pericyte_activated_migratory	stable_program	0.144657653540716	22	ligand_rank_matrix											
TNC	Pericyte_activated_migratory	stable_program	0.143963159774959	23	ligand_rank_matrix											
C3	Pericyte_activated_migratory	stable_program	0.141918798705493	24	ligand_rank_matrix											
ITGB2	Pericyte_activated_migratory	stable_program	0.141709887327361	25	ligand_rank_matrix											
FN1	Pericyte_activated_migratory	stable_program	0.137865831235458	26	ligand_rank_matrix											
JAM3	Pericyte_activated_migratory	stable_program	0.137462275540801	27	ligand_rank_matrix											
CCN1	Pericyte_activated_migratory	stable_program	0.136433359010165	28	ligand_rank_matrix											
VWF	Pericyte_activated_migratory	stable_program	0.135738155863543	29	ligand_rank_matrix											
SIGLEC9	Pericyte_activated_migratory	stable_program	0.1340546613349	30	ligand_rank_matrix											
THBS2	Pericyte_activated_migratory	stable_program	0.133692463711125	31	ligand_rank_matrix											
TGFBI	Pericyte_activated_migratory	stable_program	0.133364034364631	32	ligand_rank_matrix											
PGF	Pericyte_activated_migratory	stable_program	0.133308452812976	33	ligand_rank_matrix											
PRG4	Pericyte_activated_migratory	stable_program	0.131804819727741	34	ligand_rank_matrix											
SPON2	Pericyte_activated_migratory	stable_program	0.131525036764976	35	ligand_rank_matrix											
RELN	Pericyte_activated_migratory	stable_program	0.131439175737543	36	ligand_rank_matrix											
ITGAL	Pericyte_activated_migratory	stable_program	0.131326271879967	37	ligand_rank_matrix											
ENG	Pericyte_activated_migratory	stable_program	0.131264675528794	38	ligand_rank_matrix											
TGM2	Pericyte_activated_migratory	stable_program	0.129524388297006	39	ligand_rank_matrix											
COL5A1	Pericyte_activated_migratory	stable_program	0.129367187663495	40	ligand_rank_matrix											
S100B	Pericyte_activated_migratory	stable_program	0.129096625782997	41	ligand_rank_matrix											
SHISA4	Pericyte_activated_migratory	stable_program	0.126286819372043	42	ligand_rank_matrix											
ADAM9	Pericyte_activated_migratory	stable_program	0.126123522007381	43	ligand_rank_matrix											
CD99	Pericyte_activated_migratory	stable_program	0.12551140078333	44	ligand_rank_matrix											
APOA1	Pericyte_activated_migratory	stable_program	0.124382210724576	45	ligand_rank_matrix											
GGT1	Pericyte_activated_migratory	stable_program	0.124187791248367	46	ligand_rank_matrix											
NTS	Pericyte_activated_migratory	stable_program	0.12306215345708	47	ligand_rank_matrix											
MMP9	Pericyte_activated_migratory	stable_program	0.123026800182054	48	ligand_rank_matrix											
HLA-DQB1	Pericyte_activated_migratory	stable_program	0.122948324532082	49	ligand_rank_matrix											
C1QB	Pericyte_activated_migratory	stable_program	0.122585872340553	50	ligand_rank_matrix											
SPP1	Pericyte_activated_migratory	stable_program	0.122382840215981	51	ligand_rank_matrix											
LGALS3	Pericyte_activated_migratory	stable_program	0.119947731136517	52	ligand_rank_matrix											
IL16	Pericyte_activated_migratory	stable_program	0.119844010113295	53	ligand_rank_matrix											
CTSG	Pericyte_activated_migratory	stable_program	0.119780162539824	54	ligand_rank_matrix											
IL1B	Pericyte_activated_migratory	stable_program	0.119250272750256	55	ligand_rank_matrix											
WNT5A	Pericyte_activated_migratory	stable_program	0.117282610396582	56	ligand_rank_matrix											
FGA	Pericyte_activated_migratory	stable_program	0.116613058694418	57	ligand_rank_matrix											
LAMA3	Pericyte_activated_migratory	stable_program	0.116458257496256	58	ligand_rank_matrix											
CLEC11A	Pericyte_activated_migratory	stable_program	0.116342897456695	59	ligand_rank_matrix											
ITGAM	Pericyte_activated_migratory	stable_program	0.116333819596727	60	ligand_rank_matrix											
TIMP3	Pericyte_activated_migratory	stable_program	0.115839918875031	61	ligand_rank_matrix											
SEMA3F	Pericyte_activated_migratory	stable_program	0.115778912581323	62	ligand_rank_matrix											
ICAM4	Pericyte_activated_migratory	stable_program	0.115648576891978	63	ligand_rank_matrix											
PLAT	Pericyte_activated_migratory	stable_program	0.114905640929456	64	ligand_rank_matrix											
FLRT2	Pericyte_activated_migratory	stable_program	0.114876570091035	65	ligand_rank_matrix											
MMP2	Pericyte_activated_migratory	stable_program	0.114831499374969	66	ligand_rank_matrix											
A2M	Pericyte_activated_migratory	stable_program	0.114803269860362	67	ligand_rank_matrix											
CTSD	Pericyte_activated_migratory	stable_program	0.113381218923245	68	ligand_rank_matrix											
SERPING1	Pericyte_activated_migratory	stable_program	0.11270963991377	69	ligand_rank_matrix											
CD14	Pericyte_activated_migratory	stable_program	0.112443877318864	70	ligand_rank_matrix											
FCN1	Pericyte_activated_migratory	stable_program	0.111889191786135	71	ligand_rank_matrix											
SEMA3A	Pericyte_activated_migratory	stable_program	0.111640630253966	72	ligand_rank_matrix											
ANG	Pericyte_activated_migratory	stable_program	0.111409907037792	73	ligand_rank_matrix											
TIMP1	Pericyte_activated_migratory	stable_program	0.111098079581329	74	ligand_rank_matrix											
CDCP1	Pericyte_activated_migratory	stable_program	0.110481750773671	75	ligand_rank_matrix											
CALM3	Pericyte_activated_migratory	stable_program	0.110200278564977	76	ligand_rank_matrix											
FGG	Pericyte_activated_migratory	stable_program	0.109964755325705	77	ligand_rank_matrix											
SIGLEC7	Pericyte_activated_migratory	stable_program	0.109738540482269	78	ligand_rank_matrix											
DCN	Pericyte_activated_migratory	stable_program	0.109710506699363	79	ligand_rank_matrix											
LUM	Pericyte_activated_migratory	stable_program	0.10959185733948	80	ligand_rank_matrix											
SIRPA	Pericyte_activated_migratory	stable_program	0.109548476524521	81	ligand_rank_matrix											
CORIN	Pericyte_activated_migratory	stable_program	0.109100670298771	82	ligand_rank_matrix											
WNT3A	Pericyte_activated_migratory	stable_program	0.108905180031486	83	ligand_rank_matrix											
VCAN	Pericyte_activated_migratory	stable_program	0.107490828061293	84	ligand_rank_matrix											
COL14A1	Pericyte_activated_migratory	stable_program	0.106825811924303	85	ligand_rank_matrix											
OCLN	Pericyte_activated_migratory	stable_program	0.106422470955285	86	ligand_rank_matrix											
LAMC3	Pericyte_activated_migratory	stable_program	0.106280070213625	87	ligand_rank_matrix											
NRG3	Pericyte_activated_migratory	stable_program	0.106081871670754	88	ligand_rank_matrix											
PTPRK	Pericyte_activated_migratory	stable_program	0.105987525738938	89	ligand_rank_matrix											
IL1A	Pericyte_activated_migratory	stable_program	0.105798770977518	90	ligand_rank_matrix											
COL5A3	Pericyte_activated_migratory	stable_program	0.105653373329379	91	ligand_rank_matrix											
LGALS3BP	Pericyte_activated_migratory	stable_program	0.105336604945774	92	ligand_rank_matrix											
COL4A3	Pericyte_activated_migratory	stable_program	0.105097951648923	93	ligand_rank_matrix											
GPC6	Pericyte_activated_migratory	stable_program	0.104906222536828	94	ligand_rank_matrix											
COL27A1	Pericyte_activated_migratory	stable_program	0.104431833936802	95	ligand_rank_matrix											
ADAM17	Pericyte_activated_migratory	stable_program	0.104367248990648	96	ligand_rank_matrix											
LAMA5	Pericyte_activated_migratory	stable_program	0.104359232916825	97	ligand_rank_matrix											
GPC3	Pericyte_activated_migratory	stable_program	0.103843304243836	98	ligand_rank_matrix											
GNAS	Pericyte_activated_migratory	stable_program	0.103751132989689	99	ligand_rank_matrix											
C1QA	Pericyte_activated_migratory	stable_program	0.103696032002289	100	ligand_rank_matrix											
SLPI	Pericyte_activated_migratory	stable_program	0.103533844129764	101	ligand_rank_matrix											
LAMB3	Pericyte_activated_migratory	stable_program	0.103481123690475	102	ligand_rank_matrix											
FGF14	Pericyte_activated_migratory	stable_program	0.103164463186784	103	ligand_rank_matrix											
PTPRC	Pericyte_activated_migratory	stable_program	0.102783445765927	104	ligand_rank_matrix											
TNFSF14	Pericyte_activated_migratory	stable_program	0.102721839604721	105	ligand_rank_matrix											
HSPG2	Pericyte_activated_migratory	stable_program	0.101693918956478	106	ligand_rank_matrix											
COL3A1	Pericyte_activated_migratory	stable_program	0.101640566221325	107	ligand_rank_matrix											
JAM2	Pericyte_activated_migratory	stable_program	0.101484415264345	108	ligand_rank_matrix											
IGFBP3	Pericyte_activated_migratory	stable_program	0.101435946173709	109	ligand_rank_matrix											
EREG	Pericyte_activated_migratory	stable_program	0.100916013926508	110	ligand_rank_matrix											
COL6A6	Pericyte_activated_migratory	stable_program	0.100793278733044	111	ligand_rank_matrix											
LAMC1	Pericyte_activated_migratory	stable_program	0.100388453438965	112	ligand_rank_matrix											
PECAM1	Pericyte_activated_migratory	stable_program	0.100355719682158	113	ligand_rank_matrix											
COL6A2	Pericyte_activated_migratory	stable_program	0.100284436273681	114	ligand_rank_matrix											
FBN1	Pericyte_activated_migratory	stable_program	0.100103282506433	115	ligand_rank_matrix											
RTN4	Pericyte_activated_migratory	stable_program	0.0999384903057782	116	ligand_rank_matrix											
KIRREL1	Pericyte_activated_migratory	stable_program	0.0999329042528524	117	ligand_rank_matrix											
BACE1	Pericyte_activated_migratory	stable_program	0.099817711727071	118	ligand_rank_matrix											
COL1A2	Pericyte_activated_migratory	stable_program	0.099683760012171	119	ligand_rank_matrix											
COL10A1	Pericyte_activated_migratory	stable_program	0.0995221568430286	120	ligand_rank_matrix											
TFPI	Pericyte_activated_migratory	stable_program	0.099341750234965	121	ligand_rank_matrix											
THY1	Pericyte_activated_migratory	stable_program	0.0988641133102625	122	ligand_rank_matrix											
GRN	Pericyte_activated_migratory	stable_program	0.0988265937510855	123	ligand_rank_matrix											
CD320	Pericyte_activated_migratory	stable_program	0.0987312947054096	124	ligand_rank_matrix											
CP	Pericyte_activated_migratory	stable_program	0.0984782904132968	125	ligand_rank_matrix											
PROS1	Pericyte_activated_migratory	stable_program	0.0982398741780225	126	ligand_rank_matrix											
NRP1	Pericyte_activated_migratory	stable_program	0.0982038552047499	127	ligand_rank_matrix											
FST	Pericyte_activated_migratory	stable_program	0.0981617813296396	128	ligand_rank_matrix											
COL8A1	Pericyte_activated_migratory	stable_program	0.0976426748853856	129	ligand_rank_matrix											
ANGPTL1	Pericyte_activated_migratory	stable_program	0.0972696885339487	130	ligand_rank_matrix											
LGALS9	Pericyte_activated_migratory	stable_program	0.097230209737481	131	ligand_rank_matrix											
LTBP1	Pericyte_activated_migratory	stable_program	0.0970152021796976	132	ligand_rank_matrix											
COL18A1	Pericyte_activated_migratory	stable_program	0.0964331847233137	133	ligand_rank_matrix											
DLL4	Pericyte_activated_migratory	stable_program	0.096066395519765	134	ligand_rank_matrix											
ADAM15	Pericyte_activated_migratory	stable_program	0.0960043638784737	135	ligand_rank_matrix											
AZGP1	Pericyte_activated_migratory	stable_program	0.0957011552363116	136	ligand_rank_matrix											
F8	Pericyte_activated_migratory	stable_program	0.0956937024132684	137	ligand_rank_matrix											
LIN7C	Pericyte_activated_migratory	stable_program	0.0953835175776398	138	ligand_rank_matrix											
COL21A1	Pericyte_activated_migratory	stable_program	0.0949185215427738	139	ligand_rank_matrix											
SLITRK6	Pericyte_activated_migratory	stable_program	0.0948876723416246	140	ligand_rank_matrix											
PTN	Pericyte_activated_migratory	stable_program	0.094859805764667	141	ligand_rank_matrix											
LRFN5	Pericyte_activated_migratory	stable_program	0.094407361518261	142	ligand_rank_matrix											
LPL	Pericyte_activated_migratory	stable_program	0.0943900810444852	143	ligand_rank_matrix											
HLA-DRB5	Pericyte_activated_migratory	stable_program	0.0943507973413717	144	ligand_rank_matrix											
SERPINE1	Pericyte_activated_migratory	stable_program	0.0941972169702275	145	ligand_rank_matrix											
CD55	Pericyte_activated_migratory	stable_program	0.0941889833020068	146	ligand_rank_matrix											
SDC2	Pericyte_activated_migratory	stable_program	0.0938881239622593	147	ligand_rank_matrix											
AGRN	Pericyte_activated_migratory	stable_program	0.0937629596833838	148	ligand_rank_matrix											
SYT1	Pericyte_activated_migratory	stable_program	0.093517558330301	149	ligand_rank_matrix											
THBS1	Pericyte_activated_migratory	stable_program	0.0935025202205109	150	ligand_rank_matrix											
MMP7	Pericyte_activated_migratory	stable_program	0.0934970739085165	151	ligand_rank_matrix											
CD1B	Pericyte_activated_migratory	stable_program	0.0930350821947295	152	ligand_rank_matrix											
VEGFD	Pericyte_activated_migratory	stable_program	0.0928945319292689	153	ligand_rank_matrix											
HAS1	Pericyte_activated_migratory	stable_program	0.0923003775025983	154	ligand_rank_matrix											
HAS2	Pericyte_activated_migratory	stable_program	0.0922169589019955	155	ligand_rank_matrix											
VEGFB	Pericyte_activated_migratory	stable_program	0.0919492003949141	156	ligand_rank_matrix											
S100A4	Pericyte_activated_migratory	stable_program	0.0919471456758281	157	ligand_rank_matrix											
LAMC2	Pericyte_activated_migratory	stable_program	0.0917391456563026	158	ligand_rank_matrix											
LAMA4	Pericyte_activated_migratory	stable_program	0.0915704294573982	159	ligand_rank_matrix											
NCAM1	Pericyte_activated_migratory	stable_program	0.0910015358187532	160	ligand_rank_matrix											
LRPAP1	Pericyte_activated_migratory	stable_program	0.0904120057475178	161	ligand_rank_matrix											
SEMA4A	Pericyte_activated_migratory	stable_program	0.090375148869239	162	ligand_rank_matrix											
DUSP18	Pericyte_activated_migratory	stable_program	0.0903614663842516	163	ligand_rank_matrix											
COL12A1	Pericyte_activated_migratory	stable_program	0.0903529454979518	164	ligand_rank_matrix											
LAMB1	Pericyte_activated_migratory	stable_program	0.0901957900428344	165	ligand_rank_matrix											
MFGE8	Pericyte_activated_migratory	stable_program	0.0901821434373564	166	ligand_rank_matrix											
SOSTDC1	Pericyte_activated_migratory	stable_program	0.0898660372166825	167	ligand_rank_matrix											
SIGLEC5	Pericyte_activated_migratory	stable_program	0.0897437138890739	168	ligand_rank_matrix											
CDH1	Pericyte_activated_migratory	stable_program	0.0895824868548457	169	ligand_rank_matrix											
CALM1	Pericyte_activated_migratory	stable_program	0.0895353273702906	170	ligand_rank_matrix											
ADAM12	Pericyte_activated_migratory	stable_program	0.0895157883806209	171	ligand_rank_matrix											
SEMA3D	Pericyte_activated_migratory	stable_program	0.0892521851740753	172	ligand_rank_matrix											
COL24A1	Pericyte_activated_migratory	stable_program	0.088932658961548	173	ligand_rank_matrix											
BMP1	Pericyte_activated_migratory	stable_program	0.0887156989757009	174	ligand_rank_matrix											
COMP	Pericyte_activated_migratory	stable_program	0.0885485985580611	175	ligand_rank_matrix											
PLEKHO2	Pericyte_activated_migratory	stable_program	0.0885357160887868	176	ligand_rank_matrix											
TSPAN33	Pericyte_activated_migratory	stable_program	0.0880997607744789	177	ligand_rank_matrix											
CAMP	Pericyte_activated_migratory	stable_program	0.0880653908118646	178	ligand_rank_matrix											
COL4A5	Pericyte_activated_migratory	stable_program	0.087785722336204	179	ligand_rank_matrix											
COL13A1	Pericyte_activated_migratory	stable_program	0.0876019570866622	180	ligand_rank_matrix											
AREG	Pericyte_activated_migratory	stable_program	0.0873406099186222	181	ligand_rank_matrix											
SEMA3E	Pericyte_activated_migratory	stable_program	0.0873260758770421	182	ligand_rank_matrix											
LIPH	Pericyte_activated_migratory	stable_program	0.0873140911389042	183	ligand_rank_matrix											
COL4A2	Pericyte_activated_migratory	stable_program	0.0869226405548666	184	ligand_rank_matrix											
SLIT3	Pericyte_activated_migratory	stable_program	0.0867435564944879	185	ligand_rank_matrix											
COL4A4	Pericyte_activated_migratory	stable_program	0.0864605804650603	186	ligand_rank_matrix											
SEMA3B	Pericyte_activated_migratory	stable_program	0.0864026682076797	187	ligand_rank_matrix											
BMP4	Pericyte_activated_migratory	stable_program	0.0863113718025287	188	ligand_rank_matrix											
FLRT3	Pericyte_activated_migratory	stable_program	0.0860911273192817	189	ligand_rank_matrix											
GDF10	Pericyte_activated_migratory	stable_program	0.0858501192062854	190	ligand_rank_matrix											
ITM2B	Pericyte_activated_migratory	stable_program	0.0857649387066467	191	ligand_rank_matrix											
PAM	Pericyte_activated_migratory	stable_program	0.0855505736027777	192	ligand_rank_matrix											
MDK	Pericyte_activated_migratory	stable_program	0.0851175621426154	193	ligand_rank_matrix											
PSAP	Pericyte_activated_migratory	stable_program	0.0849184206707707	194	ligand_rank_matrix											
LAMB2	Pericyte_activated_migratory	stable_program	0.0846861556420894	195	ligand_rank_matrix											
CNTN6	Pericyte_activated_migratory	stable_program	0.0842307506219967	196	ligand_rank_matrix											
LGALS1	Pericyte_activated_migratory	stable_program	0.0840110431366384	197	ligand_rank_matrix											
APOE	Pericyte_activated_migratory	stable_program	0.0836753533018931	198	ligand_rank_matrix											
NECTIN4	Pericyte_activated_migratory	stable_program	0.083524903236593	199	ligand_rank_matrix											
COL6A3	Pericyte_activated_migratory	stable_program	0.0834857540825863	200	ligand_rank_matrix											
BMP5	Pericyte_activated_migratory	stable_program	0.0834298787858902	201	ligand_rank_matrix											
CEACAM6	Pericyte_activated_migratory	stable_program	0.0832445845406413	202	ligand_rank_matrix											
NFASC	Pericyte_activated_migratory	stable_program	0.0830077534512968	203	ligand_rank_matrix											
CEACAM1	Pericyte_activated_migratory	stable_program	0.0829884093801807	204	ligand_rank_matrix											
HSP90B1	Pericyte_activated_migratory	stable_program	0.0824379635141364	205	ligand_rank_matrix											
NPNT	Pericyte_activated_migratory	stable_program	0.0819222627058701	206	ligand_rank_matrix											
EFEMP1	Pericyte_activated_migratory	stable_program	0.0815497589212321	207	ligand_rank_matrix											
COL8A2	Pericyte_activated_migratory	stable_program	0.0815360976672835	208	ligand_rank_matrix											
COL16A1	Pericyte_activated_migratory	stable_program	0.0814774036538835	209	ligand_rank_matrix											
CX3CL1	Pericyte_activated_migratory	stable_program	0.0811783475453257	210	ligand_rank_matrix											
FAM3C	Pericyte_activated_migratory	stable_program	0.0804933605916362	211	ligand_rank_matrix											
LRIG1	Pericyte_activated_migratory	stable_program	0.0797689806248129	212	ligand_rank_matrix											
TSPAN3	Pericyte_activated_migratory	stable_program	0.0797687591464796	213	ligand_rank_matrix											
ADAM10	Pericyte_activated_migratory	stable_program	0.0792932270024807	214	ligand_rank_matrix											
F13A1	Pericyte_activated_migratory	stable_program	0.0789811113164898	215	ligand_rank_matrix											
SLIT2	Pericyte_activated_migratory	stable_program	0.0781633291087264	216	ligand_rank_matrix											
COL15A1	Pericyte_activated_migratory	stable_program	0.0780761892975895	217	ligand_rank_matrix											
RGMA	Pericyte_activated_migratory	stable_program	0.0780534159182713	218	ligand_rank_matrix											
PI16	Pericyte_activated_migratory	stable_program	0.0779527662707817	219	ligand_rank_matrix											
EDIL3	Pericyte_activated_migratory	stable_program	0.0778896596966367	220	ligand_rank_matrix											
BMP3	Pericyte_activated_migratory	stable_program	0.0771686806935056	221	ligand_rank_matrix											
PCSK9	Pericyte_activated_migratory	stable_program	0.0770540867058629	222	ligand_rank_matrix											
COL5A2	Pericyte_activated_migratory	stable_program	0.0767264322478691	223	ligand_rank_matrix											
CNTN4	Pericyte_activated_migratory	stable_program	0.0767218005512598	224	ligand_rank_matrix											
COL6A1	Pericyte_activated_migratory	stable_program	0.0766105130169744	225	ligand_rank_matrix											
SIGLEC1	Pericyte_activated_migratory	stable_program	0.0761402499121243	226	ligand_rank_matrix											
IGF2	Pericyte_activated_migratory	stable_program	0.0752417838705026	227	ligand_rank_matrix											
SPON1	Pericyte_activated_migratory	stable_program	0.0745826154753345	228	ligand_rank_matrix											
MXRA5	Pericyte_activated_migratory	stable_program	0.0740532228126956	229	ligand_rank_matrix											
ANXA2	Pericyte_activated_migratory	stable_program	0.0737194257536137	230	ligand_rank_matrix											
OLFM2	Pericyte_activated_migratory	stable_program	0.0734422515812243	231	ligand_rank_matrix											
ANGPT2	Pericyte_activated_migratory	stable_program	0.0734410888751515	232	ligand_rank_matrix											
CALM2	Pericyte_activated_migratory	stable_program	0.0725450111095631	233	ligand_rank_matrix											
PSEN1	Pericyte_activated_migratory	stable_program	0.0724600631601198	234	ligand_rank_matrix											
NID1	Pericyte_activated_migratory	stable_program	0.0720700784737563	235	ligand_rank_matrix											
ANGPT1	Pericyte_activated_migratory	stable_program	0.0706576340035023	236	ligand_rank_matrix											
SERPINE2	Pericyte_activated_migratory	stable_program	0.0700477539914376	237	ligand_rank_matrix											
FGF2	Pericyte_activated_migratory	stable_program	0.0689975003848684	238	ligand_rank_matrix											
GAS6	Pericyte_activated_migratory	stable_program	0.0689300304609538	239	ligand_rank_matrix											
ESAM	Pericyte_activated_migratory	stable_program	0.0684624720559553	240	ligand_rank_matrix											
IFITM1	Pericyte_activated_migratory	stable_program	0.0680470924825344	241	ligand_rank_matrix											
VSIG10	Pericyte_activated_migratory	stable_program	0.0679668665688897	242	ligand_rank_matrix											
CXCL12	Pericyte_activated_migratory	stable_program	0.0677215630339337	243	ligand_rank_matrix											
ALCAM	Pericyte_activated_migratory	stable_program	0.067092144863528	244	ligand_rank_matrix											
OSM	Pericyte_activated_migratory	stable_program	0.0669421796360661	245	ligand_rank_matrix											
LTBP3	Pericyte_activated_migratory	stable_program	0.0659364052587975	246	ligand_rank_matrix											
BACE2	Pericyte_activated_migratory	stable_program	0.0644593527055728	247	ligand_rank_matrix											
HBEGF	Pericyte_activated_migratory	stable_program	0.0630703354578701	248	ligand_rank_matrix											
FBLN1	Pericyte_activated_migratory	stable_program	0.0614162697994114	249	ligand_rank_matrix											
PLTP	Pericyte_activated_migratory	stable_program	0.0608920875761221	250	ligand_rank_matrix											
APP	Pericyte_activated_migratory	stable_program	0.0601948620270271	251	ligand_rank_matrix											
FGF7	Pericyte_activated_migratory	stable_program	0.0598495009828946	252	ligand_rank_matrix											
BDNF	Pericyte_activated_migratory	stable_program	0.059635348210982	253	ligand_rank_matrix											
WNT7B	Pericyte_activated_migratory	stable_program	0.0594178379202698	254	ligand_rank_matrix											
JAG2	Pericyte_activated_migratory	stable_program	0.0593640787849961	255	ligand_rank_matrix											
EFEMP2	Pericyte_activated_migratory	stable_program	0.0582671090333711	256	ligand_rank_matrix											
FGF18	Pericyte_activated_migratory	stable_program	0.058045771303232	257	ligand_rank_matrix											
SEMA3C	Pericyte_activated_migratory	stable_program	0.0579408652893868	258	ligand_rank_matrix											
CLCF1	Pericyte_activated_migratory	stable_program	0.057822067122704	259	ligand_rank_matrix											
NRG1	Pericyte_activated_migratory	stable_program	0.0571100417768951	260	ligand_rank_matrix											
VEGFA	Pericyte_activated_migratory	stable_program	0.0564366938654044	261	ligand_rank_matrix											
NECTIN3	Pericyte_activated_migratory	stable_program	0.0563875515654425	262	ligand_rank_matrix											
DLL1	Pericyte_activated_migratory	stable_program	0.056348250986287	263	ligand_rank_matrix											
HGF	Pericyte_activated_migratory	stable_program	0.0545641100962269	264	ligand_rank_matrix											
ANGPTL4	Pericyte_activated_migratory	stable_program	0.0540396174789717	265	ligand_rank_matrix											
CMTM8	Pericyte_activated_migratory	stable_program	0.0536163162387802	266	ligand_rank_matrix											
CCN4	Pericyte_activated_migratory	stable_program	0.0534712119876771	267	ligand_rank_matrix											
ANGPTL2	Pericyte_activated_migratory	stable_program	0.0534690058239755	268	ligand_rank_matrix											
MFNG	Pericyte_activated_migratory	stable_program	0.0534358470131776	269	ligand_rank_matrix											
LFNG	Pericyte_activated_migratory	stable_program	0.0530265198911066	270	ligand_rank_matrix											
PDGFC	Pericyte_activated_migratory	stable_program	0.0528882880850333	271	ligand_rank_matrix											
CLDN1	Pericyte_activated_migratory	stable_program	0.0522565375852541	272	ligand_rank_matrix											
ANOS1	Pericyte_activated_migratory	stable_program	0.0522120836458506	273	ligand_rank_matrix											
LRIG2	Pericyte_activated_migratory	stable_program	0.0514505445490448	274	ligand_rank_matrix											
PTPRM	Pericyte_activated_migratory	stable_program	0.0514493509910293	275	ligand_rank_matrix											
SPARC	Pericyte_activated_migratory	stable_program	0.049913362435732	276	ligand_rank_matrix											
POSTN	Pericyte_activated_migratory	stable_program	0.0479477480527375	277	ligand_rank_matrix											
LTB	Pericyte_activated_migratory	stable_program	0.0473348778678038	278	ligand_rank_matrix											
NECTIN2	Pericyte_activated_migratory	stable_program	0.047122570644017	279	ligand_rank_matrix											
TNFSF13	Pericyte_activated_migratory	stable_program	0.0469774537331442	280	ligand_rank_matrix											
PDGFA	Pericyte_activated_migratory	stable_program	0.0447559991369916	281	ligand_rank_matrix											
INHBA	Pericyte_activated_migratory	stable_program	0.0428060469534247	282	ligand_rank_matrix											
JAG1	Pericyte_activated_migratory	stable_program	0.0425761191040693	283	ligand_rank_matrix											
MIF	Pericyte_activated_migratory	stable_program	0.0423607303487254	284	ligand_rank_matrix											
BMP2	Pericyte_activated_migratory	stable_program	0.0411276292935027	285	ligand_rank_matrix											
BMP6	Pericyte_activated_migratory	stable_program	0.0409013311910485	286	ligand_rank_matrix											
CTHRC1	Pericyte_activated_migratory	stable_program	0.0406591897719692	287	ligand_rank_matrix											
IL6	Pericyte_activated_migratory	stable_program	0.0403578072061839	288	ligand_rank_matrix											
WIF1	Pericyte_activated_migratory	stable_program	0.040026439506208	289	ligand_rank_matrix											
NGF	Pericyte_activated_migratory	stable_program	0.0397078333475179	290	ligand_rank_matrix											
CALR	Pericyte_activated_migratory	stable_program	0.038896711169681	291	ligand_rank_matrix											
LAMA2	Pericyte_activated_migratory	stable_program	0.0373923680603414	292	ligand_rank_matrix											
SCGB3A1	Pericyte_activated_migratory	stable_program	0.0362094294553038	293	ligand_rank_matrix											
LIF	Pericyte_activated_migratory	stable_program	0.0361251359479017	294	ligand_rank_matrix											
CXCL8	Pericyte_activated_migratory	stable_program	0.0357984402623452	295	ligand_rank_matrix											
FURIN	Pericyte_activated_migratory	stable_program	0.0349029056082295	296	ligand_rank_matrix											
TGFB3	Pericyte_activated_migratory	stable_program	0.0339809869153395	297	ligand_rank_matrix											
ST6GAL1	Pericyte_activated_migratory	stable_program	0.0320519587392141	298	ligand_rank_matrix											
CRTAM	Pericyte_activated_migratory	stable_program	0.0314786289233131	299	ligand_rank_matrix											
CADM1	Pericyte_activated_migratory	stable_program	0.0309832793454665	300	ligand_rank_matrix											
SIGLEC6	Pericyte_activated_migratory	stable_program	0.0289063267534673	301	ligand_rank_matrix											
PDGFB	Pericyte_activated_migratory	stable_program	0.0282525961541077	302	ligand_rank_matrix											
IGF1	Pericyte_activated_migratory	stable_program	0.0278860755105026	303	ligand_rank_matrix											
CADM3	Pericyte_activated_migratory	stable_program	0.0276889957952853	304	ligand_rank_matrix											
CSF2	Pericyte_activated_migratory	stable_program	0.0242216903196613	305	ligand_rank_matrix											
LTF	Pericyte_activated_migratory	stable_program	0.0210545842053928	306	ligand_rank_matrix											
MMRN2	Pericyte_activated_migratory	stable_program	0.0190985825980097	307	ligand_rank_matrix											
PDGFD	Pericyte_activated_migratory	stable_program	0.0175866035642479	308	ligand_rank_matrix											
PLAU	Pericyte_activated_migratory	stable_program	0.0137547877355121	309	ligand_rank_matrix											
EPHA4	Pericyte_activated_migratory	stable_program	0.0126247202460334	310	ligand_rank_matrix											
TGFB2	Pericyte_basement_membrane	stable_program	0.23126968366859	1	ligand_rank_matrix											
TGFB1	Pericyte_basement_membrane	stable_program	0.222251495879124	2	ligand_rank_matrix											
COPA	Pericyte_basement_membrane	stable_program	0.154091161053701	3	ligand_rank_matrix											
CCN2	Pericyte_basement_membrane	stable_program	0.140828277519685	4	ligand_rank_matrix											
COL4A1	Pericyte_basement_membrane	stable_program	0.134348241822637	5	ligand_rank_matrix											
COL1A1	Pericyte_basement_membrane	stable_program	0.125556642540615	6	ligand_rank_matrix											
RELN	Pericyte_basement_membrane	stable_program	0.114336540131741	7	ligand_rank_matrix											
COL5A1	Pericyte_basement_membrane	stable_program	0.113293282583138	8	ligand_rank_matrix											
MMP14	Pericyte_basement_membrane	stable_program	0.11309894153644	9	ligand_rank_matrix											
LTBP1	Pericyte_basement_membrane	stable_program	0.11295716373032	10	ligand_rank_matrix											
AGT	Pericyte_basement_membrane	stable_program	0.111023800653619	11	ligand_rank_matrix											
BMP1	Pericyte_basement_membrane	stable_program	0.109684745124208	12	ligand_rank_matrix											
TIMP2	Pericyte_basement_membrane	stable_program	0.108613913879114	13	ligand_rank_matrix											
FN1	Pericyte_basement_membrane	stable_program	0.107959103136125	14	ligand_rank_matrix											
INHBB	Pericyte_basement_membrane	stable_program	0.103364613466366	15	ligand_rank_matrix											
TGM2	Pericyte_basement_membrane	stable_program	0.102429671241337	16	ligand_rank_matrix											
OCLN	Pericyte_basement_membrane	stable_program	0.102274594327364	17	ligand_rank_matrix											
BMP5	Pericyte_basement_membrane	stable_program	0.100797341839721	18	ligand_rank_matrix											
FST	Pericyte_basement_membrane	stable_program	0.100436458905606	19	ligand_rank_matrix											
IGFBP3	Pericyte_basement_membrane	stable_program	0.0993449678228209	20	ligand_rank_matrix											
VTN	Pericyte_basement_membrane	stable_program	0.0979634971999482	21	ligand_rank_matrix											
ICAM1	Pericyte_basement_membrane	stable_program	0.0897297228908156	22	ligand_rank_matrix											
CRB3	Pericyte_basement_membrane	stable_program	0.0894807880041	23	ligand_rank_matrix											
SHISA4	Pericyte_basement_membrane	stable_program	0.0893215341078732	24	ligand_rank_matrix											
BMP4	Pericyte_basement_membrane	stable_program	0.0864945505513459	25	ligand_rank_matrix											
GGT1	Pericyte_basement_membrane	stable_program	0.0853635875288189	26	ligand_rank_matrix											
WNT3A	Pericyte_basement_membrane	stable_program	0.0853281006550642	27	ligand_rank_matrix											
ENG	Pericyte_basement_membrane	stable_program	0.0850166687352881	28	ligand_rank_matrix											
SEMA3F	Pericyte_basement_membrane	stable_program	0.0826977177546222	29	ligand_rank_matrix											
CALM3	Pericyte_basement_membrane	stable_program	0.0793497647777112	30	ligand_rank_matrix											
PSAP	Pericyte_basement_membrane	stable_program	0.0789882973459804	31	ligand_rank_matrix											
S100A9	Pericyte_basement_membrane	stable_program	0.0785048172211648	32	ligand_rank_matrix											
LGALS3BP	Pericyte_basement_membrane	stable_program	0.0777507721957379	33	ligand_rank_matrix											
NTS	Pericyte_basement_membrane	stable_program	0.0774574310063724	34	ligand_rank_matrix											
C4BPA	Pericyte_basement_membrane	stable_program	0.0754634262333465	35	ligand_rank_matrix											
COL10A1	Pericyte_basement_membrane	stable_program	0.0753494855355905	36	ligand_rank_matrix											
JAM3	Pericyte_basement_membrane	stable_program	0.0752728129106056	37	ligand_rank_matrix											
COL3A1	Pericyte_basement_membrane	stable_program	0.0750692943761159	38	ligand_rank_matrix											
LIN7C	Pericyte_basement_membrane	stable_program	0.0749181845613631	39	ligand_rank_matrix											
VCAN	Pericyte_basement_membrane	stable_program	0.0746312700179782	40	ligand_rank_matrix											
PVR	Pericyte_basement_membrane	stable_program	0.0740472655148011	41	ligand_rank_matrix											
ANXA1	Pericyte_basement_membrane	stable_program	0.0737555093318171	42	ligand_rank_matrix											
F11R	Pericyte_basement_membrane	stable_program	0.0732971934294475	43	ligand_rank_matrix											
C1QB	Pericyte_basement_membrane	stable_program	0.0731272338357124	44	ligand_rank_matrix											
LAMA3	Pericyte_basement_membrane	stable_program	0.0720093184099416	45	ligand_rank_matrix											
IL1RN	Pericyte_basement_membrane	stable_program	0.0718428817255015	46	ligand_rank_matrix											
BMP3	Pericyte_basement_membrane	stable_program	0.0717883087567473	47	ligand_rank_matrix											
COL5A3	Pericyte_basement_membrane	stable_program	0.0716076117440211	48	ligand_rank_matrix											
CTSD	Pericyte_basement_membrane	stable_program	0.0708642658080526	49	ligand_rank_matrix											
C3	Pericyte_basement_membrane	stable_program	0.0706856411820888	50	ligand_rank_matrix											
MMP2	Pericyte_basement_membrane	stable_program	0.070584110757589	51	ligand_rank_matrix											
EDN1	Pericyte_basement_membrane	stable_program	0.0703832801397954	52	ligand_rank_matrix											
RTN4	Pericyte_basement_membrane	stable_program	0.0703802118214203	53	ligand_rank_matrix											
CDCP1	Pericyte_basement_membrane	stable_program	0.0703661559757988	54	ligand_rank_matrix											
TIMP3	Pericyte_basement_membrane	stable_program	0.0700980036942689	55	ligand_rank_matrix											
FCN1	Pericyte_basement_membrane	stable_program	0.0698241573453635	56	ligand_rank_matrix											
LAMC1	Pericyte_basement_membrane	stable_program	0.069759376957069	57	ligand_rank_matrix											
DCN	Pericyte_basement_membrane	stable_program	0.0697281331869444	58	ligand_rank_matrix											
CCN1	Pericyte_basement_membrane	stable_program	0.0694869811813335	59	ligand_rank_matrix											
CXCL12	Pericyte_basement_membrane	stable_program	0.0693797809936376	60	ligand_rank_matrix											
RSPO2	Pericyte_basement_membrane	stable_program	0.0693455432733055	61	ligand_rank_matrix											
S100A4	Pericyte_basement_membrane	stable_program	0.0691939230597749	62	ligand_rank_matrix											
ITGB2	Pericyte_basement_membrane	stable_program	0.0690383417356701	63	ligand_rank_matrix											
TIMP1	Pericyte_basement_membrane	stable_program	0.068599340644017	64	ligand_rank_matrix											
DLL4	Pericyte_basement_membrane	stable_program	0.068159448295079	65	ligand_rank_matrix											
SIGLEC7	Pericyte_basement_membrane	stable_program	0.067767604906844	66	ligand_rank_matrix											
SEMA3A	Pericyte_basement_membrane	stable_program	0.0676455559304549	67	ligand_rank_matrix											
PRG4	Pericyte_basement_membrane	stable_program	0.0676426373223257	68	ligand_rank_matrix											
COL1A2	Pericyte_basement_membrane	stable_program	0.0675782243661835	69	ligand_rank_matrix											
LUM	Pericyte_basement_membrane	stable_program	0.0675616563376346	70	ligand_rank_matrix											
GDF10	Pericyte_basement_membrane	stable_program	0.0672239404310233	71	ligand_rank_matrix											
FGA	Pericyte_basement_membrane	stable_program	0.0671116647813366	72	ligand_rank_matrix											
PROS1	Pericyte_basement_membrane	stable_program	0.0663255911152051	73	ligand_rank_matrix											
NEGR1	Pericyte_basement_membrane	stable_program	0.0662566385030428	74	ligand_rank_matrix											
LAMA5	Pericyte_basement_membrane	stable_program	0.0662544116992172	75	ligand_rank_matrix											
NTM	Pericyte_basement_membrane	stable_program	0.0659242857586504	76	ligand_rank_matrix											
CORIN	Pericyte_basement_membrane	stable_program	0.0658558011547298	77	ligand_rank_matrix											
ADAM9	Pericyte_basement_membrane	stable_program	0.0656797890428031	78	ligand_rank_matrix											
SELE	Pericyte_basement_membrane	stable_program	0.065553942450386	79	ligand_rank_matrix											
CTSG	Pericyte_basement_membrane	stable_program	0.0655339751448352	80	ligand_rank_matrix											
LAMB3	Pericyte_basement_membrane	stable_program	0.0654635551359108	81	ligand_rank_matrix											
COL14A1	Pericyte_basement_membrane	stable_program	0.0651402658184976	82	ligand_rank_matrix											
A2M	Pericyte_basement_membrane	stable_program	0.0647943823605445	83	ligand_rank_matrix											
SERPING1	Pericyte_basement_membrane	stable_program	0.064773788146788	84	ligand_rank_matrix											
SIGLEC9	Pericyte_basement_membrane	stable_program	0.0645572173410194	85	ligand_rank_matrix											
VCAM1	Pericyte_basement_membrane	stable_program	0.0643973561335331	86	ligand_rank_matrix											
GPC3	Pericyte_basement_membrane	stable_program	0.0643941637200467	87	ligand_rank_matrix											
RGMA	Pericyte_basement_membrane	stable_program	0.0641296739817306	88	ligand_rank_matrix											
COL24A1	Pericyte_basement_membrane	stable_program	0.0640988179814116	89	ligand_rank_matrix											
COL6A2	Pericyte_basement_membrane	stable_program	0.0640848833783461	90	ligand_rank_matrix											
GNAS	Pericyte_basement_membrane	stable_program	0.0637983659138746	91	ligand_rank_matrix											
VWF	Pericyte_basement_membrane	stable_program	0.0636497152229656	92	ligand_rank_matrix											
FLRT2	Pericyte_basement_membrane	stable_program	0.0634292251077285	93	ligand_rank_matrix											
COL27A1	Pericyte_basement_membrane	stable_program	0.0632688325146128	94	ligand_rank_matrix											
HDC	Pericyte_basement_membrane	stable_program	0.0630421093132361	95	ligand_rank_matrix											
JAM2	Pericyte_basement_membrane	stable_program	0.0629775586548428	96	ligand_rank_matrix											
PLA2G2A	Pericyte_basement_membrane	stable_program	0.0629225587068592	97	ligand_rank_matrix											
CD14	Pericyte_basement_membrane	stable_program	0.0628468006650956	98	ligand_rank_matrix											
LAMC3	Pericyte_basement_membrane	stable_program	0.0627751675168426	99	ligand_rank_matrix											
AZGP1	Pericyte_basement_membrane	stable_program	0.0627098358883313	100	ligand_rank_matrix											
SEMA3G	Pericyte_basement_membrane	stable_program	0.0625498803239617	101	ligand_rank_matrix											
BDNF	Pericyte_basement_membrane	stable_program	0.0624111374633742	102	ligand_rank_matrix											
LGALS3	Pericyte_basement_membrane	stable_program	0.0623705216393898	103	ligand_rank_matrix											
SIRPB2	Pericyte_basement_membrane	stable_program	0.0623611169417749	104	ligand_rank_matrix											
CLEC11A	Pericyte_basement_membrane	stable_program	0.0623237499653473	105	ligand_rank_matrix											
COL6A6	Pericyte_basement_membrane	stable_program	0.0622926101701552	106	ligand_rank_matrix											
FBN1	Pericyte_basement_membrane	stable_program	0.0621618266570914	107	ligand_rank_matrix											
KIRREL1	Pericyte_basement_membrane	stable_program	0.0621131628802888	108	ligand_rank_matrix											
EFEMP1	Pericyte_basement_membrane	stable_program	0.0619513161025926	109	ligand_rank_matrix											
COL21A1	Pericyte_basement_membrane	stable_program	0.0619049572417005	110	ligand_rank_matrix											
RARRES1	Pericyte_basement_membrane	stable_program	0.0618014824510279	111	ligand_rank_matrix											
ADAM15	Pericyte_basement_membrane	stable_program	0.0614892017036694	112	ligand_rank_matrix											
PTPRK	Pericyte_basement_membrane	stable_program	0.0613679151683111	113	ligand_rank_matrix											
MMP9	Pericyte_basement_membrane	stable_program	0.0611327048368293	114	ligand_rank_matrix											
FGG	Pericyte_basement_membrane	stable_program	0.0610217363140934	115	ligand_rank_matrix											
CNTN6	Pericyte_basement_membrane	stable_program	0.0607196904190483	116	ligand_rank_matrix											
NTN1	Pericyte_basement_membrane	stable_program	0.0607064318682962	117	ligand_rank_matrix											
TFPI	Pericyte_basement_membrane	stable_program	0.0606534030834581	118	ligand_rank_matrix											
NRG3	Pericyte_basement_membrane	stable_program	0.0606354428380741	119	ligand_rank_matrix											
SLPI	Pericyte_basement_membrane	stable_program	0.0604928312629242	120	ligand_rank_matrix											
BACE1	Pericyte_basement_membrane	stable_program	0.0604794801472278	121	ligand_rank_matrix											
CD55	Pericyte_basement_membrane	stable_program	0.0604427395937712	122	ligand_rank_matrix											
LRFN5	Pericyte_basement_membrane	stable_program	0.0604391320631633	123	ligand_rank_matrix											
SOSTDC1	Pericyte_basement_membrane	stable_program	0.0602867402434666	124	ligand_rank_matrix											
COL12A1	Pericyte_basement_membrane	stable_program	0.0599073510230949	125	ligand_rank_matrix											
TGFBI	Pericyte_basement_membrane	stable_program	0.0591717060926707	126	ligand_rank_matrix											
SIGLEC5	Pericyte_basement_membrane	stable_program	0.0590786317352619	127	ligand_rank_matrix											
NAMPT	Pericyte_basement_membrane	stable_program	0.0589932691672212	128	ligand_rank_matrix											
THBS2	Pericyte_basement_membrane	stable_program	0.0589347540057779	129	ligand_rank_matrix											
CDH1	Pericyte_basement_membrane	stable_program	0.0589061435732628	130	ligand_rank_matrix											
OSM	Pericyte_basement_membrane	stable_program	0.0588186337209733	131	ligand_rank_matrix											
CD320	Pericyte_basement_membrane	stable_program	0.0585974759951897	132	ligand_rank_matrix											
LGALS9	Pericyte_basement_membrane	stable_program	0.0585110244533961	133	ligand_rank_matrix											
SEMA3E	Pericyte_basement_membrane	stable_program	0.058244908500747	134	ligand_rank_matrix											
LAMC2	Pericyte_basement_membrane	stable_program	0.058226825163552	135	ligand_rank_matrix											
SLITRK6	Pericyte_basement_membrane	stable_program	0.0582091625162098	136	ligand_rank_matrix											
SEMA3B	Pericyte_basement_membrane	stable_program	0.0581936124261044	137	ligand_rank_matrix											
NLGN2	Pericyte_basement_membrane	stable_program	0.0581924205158983	138	ligand_rank_matrix											
NCAM1	Pericyte_basement_membrane	stable_program	0.0581321377764809	139	ligand_rank_matrix											
NFASC	Pericyte_basement_membrane	stable_program	0.0580620124785183	140	ligand_rank_matrix											
NRP1	Pericyte_basement_membrane	stable_program	0.0578771691926106	141	ligand_rank_matrix											
CD99	Pericyte_basement_membrane	stable_program	0.0576671562187673	142	ligand_rank_matrix											
LAMA4	Pericyte_basement_membrane	stable_program	0.0576481487546716	143	ligand_rank_matrix											
CEACAM6	Pericyte_basement_membrane	stable_program	0.0576088677013148	144	ligand_rank_matrix											
CD1B	Pericyte_basement_membrane	stable_program	0.057473373155634	145	ligand_rank_matrix											
MFGE8	Pericyte_basement_membrane	stable_program	0.0572899619378585	146	ligand_rank_matrix											
LTBP3	Pericyte_basement_membrane	stable_program	0.0572305655160707	147	ligand_rank_matrix											
SLIT3	Pericyte_basement_membrane	stable_program	0.0572305112220165	148	ligand_rank_matrix											
SPP1	Pericyte_basement_membrane	stable_program	0.0571912404515343	149	ligand_rank_matrix											
SEMA4A	Pericyte_basement_membrane	stable_program	0.0569214450913088	150	ligand_rank_matrix											
THY1	Pericyte_basement_membrane	stable_program	0.0568712034056015	151	ligand_rank_matrix											
SEMA3D	Pericyte_basement_membrane	stable_program	0.0568299362006261	152	ligand_rank_matrix											
S100B	Pericyte_basement_membrane	stable_program	0.0568176999601798	153	ligand_rank_matrix											
SIRPA	Pericyte_basement_membrane	stable_program	0.0567801925319051	154	ligand_rank_matrix											
LAMB1	Pericyte_basement_membrane	stable_program	0.0566152347607452	155	ligand_rank_matrix											
GRN	Pericyte_basement_membrane	stable_program	0.0565893789749983	156	ligand_rank_matrix											
IL16	Pericyte_basement_membrane	stable_program	0.0563777296598969	157	ligand_rank_matrix											
COL18A1	Pericyte_basement_membrane	stable_program	0.0563570039525923	158	ligand_rank_matrix											
ANGPTL1	Pericyte_basement_membrane	stable_program	0.0562951760324849	159	ligand_rank_matrix											
HSPG2	Pericyte_basement_membrane	stable_program	0.0561742652707312	160	ligand_rank_matrix											
COL4A3	Pericyte_basement_membrane	stable_program	0.0561552208507053	161	ligand_rank_matrix											
THBS1	Pericyte_basement_membrane	stable_program	0.0561416568818204	162	ligand_rank_matrix											
PLAT	Pericyte_basement_membrane	stable_program	0.0557214534858317	163	ligand_rank_matrix											
COL13A1	Pericyte_basement_membrane	stable_program	0.0554057151854206	164	ligand_rank_matrix											
ADAM12	Pericyte_basement_membrane	stable_program	0.0553130607962804	165	ligand_rank_matrix											
C1QA	Pericyte_basement_membrane	stable_program	0.0548437918999911	166	ligand_rank_matrix											
COL8A1	Pericyte_basement_membrane	stable_program	0.0547656811733702	167	ligand_rank_matrix											
SYT1	Pericyte_basement_membrane	stable_program	0.0547505606222518	168	ligand_rank_matrix											
SDC2	Pericyte_basement_membrane	stable_program	0.0544699409124117	169	ligand_rank_matrix											
PLEKHO2	Pericyte_basement_membrane	stable_program	0.0543822794017619	170	ligand_rank_matrix											
APOA1	Pericyte_basement_membrane	stable_program	0.0542177437901354	171	ligand_rank_matrix											
VEGFD	Pericyte_basement_membrane	stable_program	0.0541238029501734	172	ligand_rank_matrix											
IGF2	Pericyte_basement_membrane	stable_program	0.0541233359666165	173	ligand_rank_matrix											
EREG	Pericyte_basement_membrane	stable_program	0.0540287607326988	174	ligand_rank_matrix											
FGF2	Pericyte_basement_membrane	stable_program	0.0539927355396171	175	ligand_rank_matrix											
FLRT3	Pericyte_basement_membrane	stable_program	0.0537289421391814	176	ligand_rank_matrix											
HLA-DQB1	Pericyte_basement_membrane	stable_program	0.0536633858974226	177	ligand_rank_matrix											
ATP1B1	Pericyte_basement_membrane	stable_program	0.0535943803098953	178	ligand_rank_matrix											
COL4A2	Pericyte_basement_membrane	stable_program	0.0534626345853783	179	ligand_rank_matrix											
NID1	Pericyte_basement_membrane	stable_program	0.0533801685611316	180	ligand_rank_matrix											
SEMA4B	Pericyte_basement_membrane	stable_program	0.0532979508135896	181	ligand_rank_matrix											
HLA-DRB5	Pericyte_basement_membrane	stable_program	0.0530616947991562	182	ligand_rank_matrix											
NECTIN4	Pericyte_basement_membrane	stable_program	0.0528650770037808	183	ligand_rank_matrix											
LIPH	Pericyte_basement_membrane	stable_program	0.0525903247405634	184	ligand_rank_matrix											
CALM1	Pericyte_basement_membrane	stable_program	0.0525782153146452	185	ligand_rank_matrix											
LGALS1	Pericyte_basement_membrane	stable_program	0.0524224070459423	186	ligand_rank_matrix											
IL1A	Pericyte_basement_membrane	stable_program	0.0522198037679348	187	ligand_rank_matrix											
LRIG1	Pericyte_basement_membrane	stable_program	0.0521975507177814	188	ligand_rank_matrix											
COL4A5	Pericyte_basement_membrane	stable_program	0.0519998229322343	189	ligand_rank_matrix											
COL8A2	Pericyte_basement_membrane	stable_program	0.0517340296968052	190	ligand_rank_matrix											
ICAM4	Pericyte_basement_membrane	stable_program	0.0516875419488673	191	ligand_rank_matrix											
ECM1	Pericyte_basement_membrane	stable_program	0.0516519010316596	192	ligand_rank_matrix											
COL6A3	Pericyte_basement_membrane	stable_program	0.0516247931142168	193	ligand_rank_matrix											
TNC	Pericyte_basement_membrane	stable_program	0.0516039396611327	194	ligand_rank_matrix											
SERPINE1	Pericyte_basement_membrane	stable_program	0.0515450784998367	195	ligand_rank_matrix											
LSAMP	Pericyte_basement_membrane	stable_program	0.0515307212823485	196	ligand_rank_matrix											
PECAM1	Pericyte_basement_membrane	stable_program	0.0514956181198535	197	ligand_rank_matrix											
HAS1	Pericyte_basement_membrane	stable_program	0.0513407800123758	198	ligand_rank_matrix											
HSP90B1	Pericyte_basement_membrane	stable_program	0.0512389623618107	199	ligand_rank_matrix											
TSPAN3	Pericyte_basement_membrane	stable_program	0.0508834169353649	200	ligand_rank_matrix											
ANG	Pericyte_basement_membrane	stable_program	0.0507650586651932	201	ligand_rank_matrix											
COMP	Pericyte_basement_membrane	stable_program	0.0506612183110324	202	ligand_rank_matrix											
CEACAM1	Pericyte_basement_membrane	stable_program	0.0504470746472146	203	ligand_rank_matrix											
DUSP18	Pericyte_basement_membrane	stable_program	0.0504028003155816	204	ligand_rank_matrix											
AGRN	Pericyte_basement_membrane	stable_program	0.0503972167039353	205	ligand_rank_matrix											
IL1B	Pericyte_basement_membrane	stable_program	0.0500983667882601	206	ligand_rank_matrix											
TSPAN33	Pericyte_basement_membrane	stable_program	0.0499629245839055	207	ligand_rank_matrix											
FAM3C	Pericyte_basement_membrane	stable_program	0.0498363141685572	208	ligand_rank_matrix											
MXRA5	Pericyte_basement_membrane	stable_program	0.0493674157037423	209	ligand_rank_matrix											
COL6A1	Pericyte_basement_membrane	stable_program	0.0493071316559721	210	ligand_rank_matrix											
MPZL3	Pericyte_basement_membrane	stable_program	0.0492764223141347	211	ligand_rank_matrix											
SLIT2	Pericyte_basement_membrane	stable_program	0.0491897836182377	212	ligand_rank_matrix											
LTB	Pericyte_basement_membrane	stable_program	0.0488280260221543	213	ligand_rank_matrix											
ANXA2	Pericyte_basement_membrane	stable_program	0.0488149788115893	214	ligand_rank_matrix											
LPL	Pericyte_basement_membrane	stable_program	0.0487853942494682	215	ligand_rank_matrix											
GPC6	Pericyte_basement_membrane	stable_program	0.0486556043984602	216	ligand_rank_matrix											
COL4A4	Pericyte_basement_membrane	stable_program	0.0485342637802191	217	ligand_rank_matrix											
F13A1	Pericyte_basement_membrane	stable_program	0.0485025524738963	218	ligand_rank_matrix											
COL15A1	Pericyte_basement_membrane	stable_program	0.0482265864913773	219	ligand_rank_matrix											
LRPAP1	Pericyte_basement_membrane	stable_program	0.0482065881970048	220	ligand_rank_matrix											
COL5A2	Pericyte_basement_membrane	stable_program	0.0482025036394593	221	ligand_rank_matrix											
LAMB2	Pericyte_basement_membrane	stable_program	0.048167492602307	222	ligand_rank_matrix											
F8	Pericyte_basement_membrane	stable_program	0.0480054224558886	223	ligand_rank_matrix											
CNTN4	Pericyte_basement_membrane	stable_program	0.047964814039476	224	ligand_rank_matrix											
SEMA4D	Pericyte_basement_membrane	stable_program	0.0479203392992741	225	ligand_rank_matrix											
APOE	Pericyte_basement_membrane	stable_program	0.0478197357047033	226	ligand_rank_matrix											
COL16A1	Pericyte_basement_membrane	stable_program	0.0476196949343934	227	ligand_rank_matrix											
PGF	Pericyte_basement_membrane	stable_program	0.0475367645635637	228	ligand_rank_matrix											
NRG1	Pericyte_basement_membrane	stable_program	0.0464530119212973	229	ligand_rank_matrix											
EDIL3	Pericyte_basement_membrane	stable_program	0.046144922844474	230	ligand_rank_matrix											
PCSK9	Pericyte_basement_membrane	stable_program	0.046085838532422	231	ligand_rank_matrix											
MDK	Pericyte_basement_membrane	stable_program	0.0460014174696939	232	ligand_rank_matrix											
HGF	Pericyte_basement_membrane	stable_program	0.0457126335253953	233	ligand_rank_matrix											
HAS2	Pericyte_basement_membrane	stable_program	0.0456973119012704	234	ligand_rank_matrix											
PI16	Pericyte_basement_membrane	stable_program	0.0455839611486365	235	ligand_rank_matrix											
VEGFA	Pericyte_basement_membrane	stable_program	0.0455794134144957	236	ligand_rank_matrix											
JAG2	Pericyte_basement_membrane	stable_program	0.0449109145327597	237	ligand_rank_matrix											
MFNG	Pericyte_basement_membrane	stable_program	0.0448798858975113	238	ligand_rank_matrix											
EFEMP2	Pericyte_basement_membrane	stable_program	0.0447462753871565	239	ligand_rank_matrix											
PSEN1	Pericyte_basement_membrane	stable_program	0.0435292038165791	240	ligand_rank_matrix											
SEMA4C	Pericyte_basement_membrane	stable_program	0.0433368075559961	241	ligand_rank_matrix											
NPNT	Pericyte_basement_membrane	stable_program	0.0431994382217533	242	ligand_rank_matrix											
ADAM10	Pericyte_basement_membrane	stable_program	0.0428456895082281	243	ligand_rank_matrix											
CALM2	Pericyte_basement_membrane	stable_program	0.0425492754893911	244	ligand_rank_matrix											
ADAM17	Pericyte_basement_membrane	stable_program	0.0424573037591518	245	ligand_rank_matrix											
LFNG	Pericyte_basement_membrane	stable_program	0.042179313406988	246	ligand_rank_matrix											
SEMA3C	Pericyte_basement_membrane	stable_program	0.041764456466469	247	ligand_rank_matrix											
ADAM28	Pericyte_basement_membrane	stable_program	0.0415678215826077	248	ligand_rank_matrix											
AREG	Pericyte_basement_membrane	stable_program	0.0411660960955188	249	ligand_rank_matrix											
PTPRC	Pericyte_basement_membrane	stable_program	0.0409507682594996	250	ligand_rank_matrix											
ANGPT2	Pericyte_basement_membrane	stable_program	0.0408279682013827	251	ligand_rank_matrix											
MXRA8	Pericyte_basement_membrane	stable_program	0.0405787181324439	252	ligand_rank_matrix											
SPON1	Pericyte_basement_membrane	stable_program	0.0403034343820972	253	ligand_rank_matrix											
FBLN1	Pericyte_basement_membrane	stable_program	0.0402541450839821	254	ligand_rank_matrix											
SPON2	Pericyte_basement_membrane	stable_program	0.0401051956993084	255	ligand_rank_matrix											
DLL1	Pericyte_basement_membrane	stable_program	0.0400860130204586	256	ligand_rank_matrix											
INHBA	Pericyte_basement_membrane	stable_program	0.0393038832884528	257	ligand_rank_matrix											
HBEGF	Pericyte_basement_membrane	stable_program	0.0389550145078287	258	ligand_rank_matrix											
RSPO3	Pericyte_basement_membrane	stable_program	0.037708798910086	259	ligand_rank_matrix											
VSIG10	Pericyte_basement_membrane	stable_program	0.0375499073343447	260	ligand_rank_matrix											
SIGLEC1	Pericyte_basement_membrane	stable_program	0.0374621602041987	261	ligand_rank_matrix											
BACE2	Pericyte_basement_membrane	stable_program	0.0371690141518442	262	ligand_rank_matrix											
CD34	Pericyte_basement_membrane	stable_program	0.0366446705626831	263	ligand_rank_matrix											
IFITM1	Pericyte_basement_membrane	stable_program	0.0366243168037799	264	ligand_rank_matrix											
GAS6	Pericyte_basement_membrane	stable_program	0.0362477973896315	265	ligand_rank_matrix											
PTN	Pericyte_basement_membrane	stable_program	0.0354800830051815	266	ligand_rank_matrix											
LAMA2	Pericyte_basement_membrane	stable_program	0.0340071078988512	267	ligand_rank_matrix											
ALCAM	Pericyte_basement_membrane	stable_program	0.0337731353488404	268	ligand_rank_matrix											
NECTIN3	Pericyte_basement_membrane	stable_program	0.0337407237223796	269	ligand_rank_matrix											
PLTP	Pericyte_basement_membrane	stable_program	0.0330336763771321	270	ligand_rank_matrix											
ANGPT1	Pericyte_basement_membrane	stable_program	0.0322498120308996	271	ligand_rank_matrix											
MMP7	Pericyte_basement_membrane	stable_program	0.0321404722040212	272	ligand_rank_matrix											
TNFSF14	Pericyte_basement_membrane	stable_program	0.0311110067993255	273	ligand_rank_matrix											
SERPINE2	Pericyte_basement_membrane	stable_program	0.0305816291360396	274	ligand_rank_matrix											
ANGPTL4	Pericyte_basement_membrane	stable_program	0.0301693498413508	275	ligand_rank_matrix											
WNT5A	Pericyte_basement_membrane	stable_program	0.0301293004569883	276	ligand_rank_matrix											
ESAM	Pericyte_basement_membrane	stable_program	0.0300994424051537	277	ligand_rank_matrix											
ANGPTL2	Pericyte_basement_membrane	stable_program	0.0300479804453994	278	ligand_rank_matrix											
BMP6	Pericyte_basement_membrane	stable_program	0.0296620552590687	279	ligand_rank_matrix											
BMP2	Pericyte_basement_membrane	stable_program	0.0293497119024708	280	ligand_rank_matrix											
ZNRF3	Pericyte_basement_membrane	stable_program	0.0291630777941014	281	ligand_rank_matrix											
PDGFC	Pericyte_basement_membrane	stable_program	0.0290468185227511	282	ligand_rank_matrix											
SCGB3A1	Pericyte_basement_membrane	stable_program	0.0288512580173449	283	ligand_rank_matrix											
PDGFA	Pericyte_basement_membrane	stable_program	0.0282804949844756	284	ligand_rank_matrix											
IGFBP4	Pericyte_basement_membrane	stable_program	0.0280464553491955	285	ligand_rank_matrix											
NECTIN2	Pericyte_basement_membrane	stable_program	0.0279770306390896	286	ligand_rank_matrix											
CLCF1	Pericyte_basement_membrane	stable_program	0.0278781333262514	287	ligand_rank_matrix											
TNFSF13	Pericyte_basement_membrane	stable_program	0.0274270138332743	288	ligand_rank_matrix											
VEGFC	Pericyte_basement_membrane	stable_program	0.0271714511423392	289	ligand_rank_matrix											
CX3CL1	Pericyte_basement_membrane	stable_program	0.0269996468423459	290	ligand_rank_matrix											
ANOS1	Pericyte_basement_membrane	stable_program	0.0264844370519566	291	ligand_rank_matrix											
CCN4	Pericyte_basement_membrane	stable_program	0.0262990262783473	292	ligand_rank_matrix											
IL6	Pericyte_basement_membrane	stable_program	0.0261504938137004	293	ligand_rank_matrix											
PTPRM	Pericyte_basement_membrane	stable_program	0.0259648940404816	294	ligand_rank_matrix											
SPARC	Pericyte_basement_membrane	stable_program	0.0257287908743181	295	ligand_rank_matrix											
TGFB3	Pericyte_basement_membrane	stable_program	0.025254874159418	296	ligand_rank_matrix											
CALR	Pericyte_basement_membrane	stable_program	0.0251080076305743	297	ligand_rank_matrix											
JAG1	Pericyte_basement_membrane	stable_program	0.0246655266146411	298	ligand_rank_matrix											
LRIG2	Pericyte_basement_membrane	stable_program	0.0243221002161042	299	ligand_rank_matrix											
LIF	Pericyte_basement_membrane	stable_program	0.0232314828451689	300	ligand_rank_matrix											
POSTN	Pericyte_basement_membrane	stable_program	0.0226104498836355	301	ligand_rank_matrix											
APP	Pericyte_basement_membrane	stable_program	0.022473538694358	302	ligand_rank_matrix											
IGF1	Pericyte_basement_membrane	stable_program	0.0224265758668759	303	ligand_rank_matrix											
MMRN2	Pericyte_basement_membrane	stable_program	0.0223929339818493	304	ligand_rank_matrix											
WNT9A	Pericyte_basement_membrane	stable_program	0.0217831388566375	305	ligand_rank_matrix											
FURIN	Pericyte_basement_membrane	stable_program	0.0214653802284007	306	ligand_rank_matrix											
CADM1	Pericyte_basement_membrane	stable_program	0.02130076257843	307	ligand_rank_matrix											
WIF1	Pericyte_basement_membrane	stable_program	0.020771229324431	308	ligand_rank_matrix											
CRTAM	Pericyte_basement_membrane	stable_program	0.0206544415067212	309	ligand_rank_matrix											
ST6GAL1	Pericyte_basement_membrane	stable_program	0.0203004910835786	310	ligand_rank_matrix											
CMTM8	Pericyte_basement_membrane	stable_program	0.0202148209771525	311	ligand_rank_matrix											
WNT2	Pericyte_basement_membrane	stable_program	0.0195447976267547	312	ligand_rank_matrix											
WNT7B	Pericyte_basement_membrane	stable_program	0.0193701127549667	313	ligand_rank_matrix											
SIGLEC6	Pericyte_basement_membrane	stable_program	0.0192568470549248	314	ligand_rank_matrix											
PDGFB	Pericyte_basement_membrane	stable_program	0.0186162254211124	315	ligand_rank_matrix											
CADM3	Pericyte_basement_membrane	stable_program	0.017590392010087	316	ligand_rank_matrix											
WNT2B	Pericyte_basement_membrane	stable_program	0.0170509737339012	317	ligand_rank_matrix											
NLGN1	Pericyte_basement_membrane	stable_program	0.017050216407518	318	ligand_rank_matrix											
CAMP	Pericyte_basement_membrane	stable_program	0.0169897416279588	319	ligand_rank_matrix											
MIF	Pericyte_basement_membrane	stable_program	0.0169599758093715	320	ligand_rank_matrix											
ADM	Pericyte_basement_membrane	stable_program	0.0167719417312699	321	ligand_rank_matrix											
NGF	Pericyte_basement_membrane	stable_program	0.0161761694365361	322	ligand_rank_matrix											
LTF	Pericyte_basement_membrane	stable_program	0.0158687533510103	323	ligand_rank_matrix											
CSF2	Pericyte_basement_membrane	stable_program	0.0153133560077937	324	ligand_rank_matrix											
CXCL8	Pericyte_basement_membrane	stable_program	0.0125894094895638	325	ligand_rank_matrix											
CKLF	Pericyte_basement_membrane	stable_program	0.0125331080295755	326	ligand_rank_matrix											
PLAU	Pericyte_basement_membrane	stable_program	0.00995298464200181	327	ligand_rank_matrix											
PDGFD	Pericyte_basement_membrane	stable_program	0.00880093936692146	328	ligand_rank_matrix											
TGFB2	Pericyte_cg_basement_membrane	cogaps	0.246195299449776	1	ligand_rank_matrix											
TGFB1	Pericyte_cg_basement_membrane	cogaps	0.213065646711795	2	ligand_rank_matrix											
RELN	Pericyte_cg_basement_membrane	cogaps	0.169206002608033	3	ligand_rank_matrix											
COPA	Pericyte_cg_basement_membrane	cogaps	0.16338607308463	4	ligand_rank_matrix											
CCN2	Pericyte_cg_basement_membrane	cogaps	0.147272039037226	5	ligand_rank_matrix											
COL4A1	Pericyte_cg_basement_membrane	cogaps	0.142451421754508	6	ligand_rank_matrix											
COL1A1	Pericyte_cg_basement_membrane	cogaps	0.127842703630153	7	ligand_rank_matrix											
LGALS3BP	Pericyte_cg_basement_membrane	cogaps	0.125076781295444	8	ligand_rank_matrix											
LTBP1	Pericyte_cg_basement_membrane	cogaps	0.124122311504738	9	ligand_rank_matrix											
AGT	Pericyte_cg_basement_membrane	cogaps	0.121359431381623	10	ligand_rank_matrix											
TIMP2	Pericyte_cg_basement_membrane	cogaps	0.117749066934615	11	ligand_rank_matrix											
COL5A1	Pericyte_cg_basement_membrane	cogaps	0.117660344179861	12	ligand_rank_matrix											
MMP14	Pericyte_cg_basement_membrane	cogaps	0.117222489235161	13	ligand_rank_matrix											
BMP1	Pericyte_cg_basement_membrane	cogaps	0.11647281076264	14	ligand_rank_matrix											
FN1	Pericyte_cg_basement_membrane	cogaps	0.116011502015489	15	ligand_rank_matrix											
BMP5	Pericyte_cg_basement_membrane	cogaps	0.11386402083206	16	ligand_rank_matrix											
IGFBP3	Pericyte_cg_basement_membrane	cogaps	0.112192092574713	17	ligand_rank_matrix											
DLL4	Pericyte_cg_basement_membrane	cogaps	0.112116290081847	18	ligand_rank_matrix											
OCLN	Pericyte_cg_basement_membrane	cogaps	0.109328767028	19	ligand_rank_matrix											
INHBB	Pericyte_cg_basement_membrane	cogaps	0.106360290920974	20	ligand_rank_matrix											
VTN	Pericyte_cg_basement_membrane	cogaps	0.104811719842022	21	ligand_rank_matrix											
ICAM1	Pericyte_cg_basement_membrane	cogaps	0.103810954441634	22	ligand_rank_matrix											
TGM2	Pericyte_cg_basement_membrane	cogaps	0.102095081786863	23	ligand_rank_matrix											
CRB3	Pericyte_cg_basement_membrane	cogaps	0.0972354011305086	24	ligand_rank_matrix											
GGT1	Pericyte_cg_basement_membrane	cogaps	0.094701848542177	25	ligand_rank_matrix											
ENG	Pericyte_cg_basement_membrane	cogaps	0.0936211718669523	26	ligand_rank_matrix											
SEMA3F	Pericyte_cg_basement_membrane	cogaps	0.0931206898133562	27	ligand_rank_matrix											
OLFM2	Pericyte_cg_basement_membrane	cogaps	0.090616779002195	28	ligand_rank_matrix											
S100A9	Pericyte_cg_basement_membrane	cogaps	0.0873419961198636	29	ligand_rank_matrix											
JAM3	Pericyte_cg_basement_membrane	cogaps	0.0871516878049853	30	ligand_rank_matrix											
WNT3A	Pericyte_cg_basement_membrane	cogaps	0.0871151351416289	31	ligand_rank_matrix											
NTS	Pericyte_cg_basement_membrane	cogaps	0.0847938274097584	32	ligand_rank_matrix											
C1QB	Pericyte_cg_basement_membrane	cogaps	0.0839917404737584	33	ligand_rank_matrix											
PSAP	Pericyte_cg_basement_membrane	cogaps	0.0839209429908595	34	ligand_rank_matrix											
F11R	Pericyte_cg_basement_membrane	cogaps	0.0837408921854052	35	ligand_rank_matrix											
PVR	Pericyte_cg_basement_membrane	cogaps	0.0834396492445685	36	ligand_rank_matrix											
ANXA1	Pericyte_cg_basement_membrane	cogaps	0.0833419848112975	37	ligand_rank_matrix											
LIN7C	Pericyte_cg_basement_membrane	cogaps	0.0832250715286638	38	ligand_rank_matrix											
C4BPA	Pericyte_cg_basement_membrane	cogaps	0.0829276760041465	39	ligand_rank_matrix											
CALM3	Pericyte_cg_basement_membrane	cogaps	0.0827765759991006	40	ligand_rank_matrix											
BMP4	Pericyte_cg_basement_membrane	cogaps	0.0826688550238402	41	ligand_rank_matrix											
EDN1	Pericyte_cg_basement_membrane	cogaps	0.082227372605464	42	ligand_rank_matrix											
ITGB2	Pericyte_cg_basement_membrane	cogaps	0.0811168394812901	43	ligand_rank_matrix											
VCAN	Pericyte_cg_basement_membrane	cogaps	0.0810286088528998	44	ligand_rank_matrix											
IL1RN	Pericyte_cg_basement_membrane	cogaps	0.0807769092005564	45	ligand_rank_matrix											
MMP2	Pericyte_cg_basement_membrane	cogaps	0.080518324718705	46	ligand_rank_matrix											
LAMA3	Pericyte_cg_basement_membrane	cogaps	0.0803809830617197	47	ligand_rank_matrix											
FCN1	Pericyte_cg_basement_membrane	cogaps	0.0800170785679416	48	ligand_rank_matrix											
CTSD	Pericyte_cg_basement_membrane	cogaps	0.0796603191875281	49	ligand_rank_matrix											
C3	Pericyte_cg_basement_membrane	cogaps	0.0791274459584737	50	ligand_rank_matrix											
COL10A1	Pericyte_cg_basement_membrane	cogaps	0.0786665893098639	51	ligand_rank_matrix											
CLEC11A	Pericyte_cg_basement_membrane	cogaps	0.0783174136185707	52	ligand_rank_matrix											
RTN4	Pericyte_cg_basement_membrane	cogaps	0.0780979860181126	53	ligand_rank_matrix											
COL5A3	Pericyte_cg_basement_membrane	cogaps	0.0780818202714971	54	ligand_rank_matrix											
CDCP1	Pericyte_cg_basement_membrane	cogaps	0.0776233373611435	55	ligand_rank_matrix											
PRG4	Pericyte_cg_basement_membrane	cogaps	0.0770063396604864	56	ligand_rank_matrix											
TIMP3	Pericyte_cg_basement_membrane	cogaps	0.0770013449943255	57	ligand_rank_matrix											
COL3A1	Pericyte_cg_basement_membrane	cogaps	0.0769055624095802	58	ligand_rank_matrix											
FST	Pericyte_cg_basement_membrane	cogaps	0.0759577631682692	59	ligand_rank_matrix											
DCN	Pericyte_cg_basement_membrane	cogaps	0.075832553686947	60	ligand_rank_matrix											
CCN1	Pericyte_cg_basement_membrane	cogaps	0.075824778215691	61	ligand_rank_matrix											
VCAM1	Pericyte_cg_basement_membrane	cogaps	0.0757785041132742	62	ligand_rank_matrix											
SIGLEC7	Pericyte_cg_basement_membrane	cogaps	0.0757070468525644	63	ligand_rank_matrix											
LAMC1	Pericyte_cg_basement_membrane	cogaps	0.0756765387350639	64	ligand_rank_matrix											
BMP3	Pericyte_cg_basement_membrane	cogaps	0.0756720571078165	65	ligand_rank_matrix											
GDF10	Pericyte_cg_basement_membrane	cogaps	0.075611303992714	66	ligand_rank_matrix											
LGALS3	Pericyte_cg_basement_membrane	cogaps	0.0754608828614442	67	ligand_rank_matrix											
LUM	Pericyte_cg_basement_membrane	cogaps	0.0752641394543141	68	ligand_rank_matrix											
LAMB3	Pericyte_cg_basement_membrane	cogaps	0.0752041034323577	69	ligand_rank_matrix											
HDC	Pericyte_cg_basement_membrane	cogaps	0.0751606087259295	70	ligand_rank_matrix											
COL14A1	Pericyte_cg_basement_membrane	cogaps	0.0751507143927665	71	ligand_rank_matrix											
LAMA5	Pericyte_cg_basement_membrane	cogaps	0.0750527186843814	72	ligand_rank_matrix											
PROS1	Pericyte_cg_basement_membrane	cogaps	0.0748520696670025	73	ligand_rank_matrix											
NTM	Pericyte_cg_basement_membrane	cogaps	0.0744441208021522	74	ligand_rank_matrix											
FGA	Pericyte_cg_basement_membrane	cogaps	0.0741782071159831	75	ligand_rank_matrix											
COL1A2	Pericyte_cg_basement_membrane	cogaps	0.0739600696394148	76	ligand_rank_matrix											
CTSG	Pericyte_cg_basement_membrane	cogaps	0.0738931224875329	77	ligand_rank_matrix											
SELE	Pericyte_cg_basement_membrane	cogaps	0.0738154578258576	78	ligand_rank_matrix											
A2M	Pericyte_cg_basement_membrane	cogaps	0.0737524946037944	79	ligand_rank_matrix											
CORIN	Pericyte_cg_basement_membrane	cogaps	0.0734548597025926	80	ligand_rank_matrix											
SERPING1	Pericyte_cg_basement_membrane	cogaps	0.0734189681382544	81	ligand_rank_matrix											
PLA2G2A	Pericyte_cg_basement_membrane	cogaps	0.0733863052029738	82	ligand_rank_matrix											
SIGLEC9	Pericyte_cg_basement_membrane	cogaps	0.073002668424902	83	ligand_rank_matrix											
ADAM9	Pericyte_cg_basement_membrane	cogaps	0.0729400154382273	84	ligand_rank_matrix											
COL24A1	Pericyte_cg_basement_membrane	cogaps	0.072599187741376	85	ligand_rank_matrix											
RSPO2	Pericyte_cg_basement_membrane	cogaps	0.0725341866274893	86	ligand_rank_matrix											
S100A4	Pericyte_cg_basement_membrane	cogaps	0.0723797108105184	87	ligand_rank_matrix											
NTN1	Pericyte_cg_basement_membrane	cogaps	0.0723796237801033	88	ligand_rank_matrix											
COL6A2	Pericyte_cg_basement_membrane	cogaps	0.0722859401348256	89	ligand_rank_matrix											
SEMA3A	Pericyte_cg_basement_membrane	cogaps	0.0721723352421352	90	ligand_rank_matrix											
EFEMP1	Pericyte_cg_basement_membrane	cogaps	0.0721585841535007	91	ligand_rank_matrix											
FLRT2	Pericyte_cg_basement_membrane	cogaps	0.0718370684285659	92	ligand_rank_matrix											
TIMP1	Pericyte_cg_basement_membrane	cogaps	0.0715535994044587	93	ligand_rank_matrix											
COL27A1	Pericyte_cg_basement_membrane	cogaps	0.0715499882849401	94	ligand_rank_matrix											
RGMA	Pericyte_cg_basement_membrane	cogaps	0.0715077334339713	95	ligand_rank_matrix											
ADAM15	Pericyte_cg_basement_membrane	cogaps	0.0712455911977094	96	ligand_rank_matrix											
THBS2	Pericyte_cg_basement_membrane	cogaps	0.0710748713062459	97	ligand_rank_matrix											
SIRPB2	Pericyte_cg_basement_membrane	cogaps	0.0708979737949959	98	ligand_rank_matrix											
COL21A1	Pericyte_cg_basement_membrane	cogaps	0.0701629240700139	99	ligand_rank_matrix											
GNAS	Pericyte_cg_basement_membrane	cogaps	0.0701068943085564	100	ligand_rank_matrix											
GPC3	Pericyte_cg_basement_membrane	cogaps	0.0698583600623098	101	ligand_rank_matrix											
LAMC3	Pericyte_cg_basement_membrane	cogaps	0.0696615337714878	102	ligand_rank_matrix											
CD14	Pericyte_cg_basement_membrane	cogaps	0.0693439356623452	103	ligand_rank_matrix											
CD55	Pericyte_cg_basement_membrane	cogaps	0.0689226598599498	104	ligand_rank_matrix											
TFPI	Pericyte_cg_basement_membrane	cogaps	0.0687499645129546	105	ligand_rank_matrix											
COL6A6	Pericyte_cg_basement_membrane	cogaps	0.0687374102933389	106	ligand_rank_matrix											
NEGR1	Pericyte_cg_basement_membrane	cogaps	0.0687265903937925	107	ligand_rank_matrix											
COL12A1	Pericyte_cg_basement_membrane	cogaps	0.0686901017530827	108	ligand_rank_matrix											
AZGP1	Pericyte_cg_basement_membrane	cogaps	0.0686709439867501	109	ligand_rank_matrix											
KIRREL1	Pericyte_cg_basement_membrane	cogaps	0.0686508609498128	110	ligand_rank_matrix											
TGFBI	Pericyte_cg_basement_membrane	cogaps	0.0684565092446424	111	ligand_rank_matrix											
MMP9	Pericyte_cg_basement_membrane	cogaps	0.0681662503814837	112	ligand_rank_matrix											
PTPRK	Pericyte_cg_basement_membrane	cogaps	0.0680964755537784	113	ligand_rank_matrix											
SEMA3G	Pericyte_cg_basement_membrane	cogaps	0.0680755278635611	114	ligand_rank_matrix											
VWF	Pericyte_cg_basement_membrane	cogaps	0.0679803530957149	115	ligand_rank_matrix											
BACE1	Pericyte_cg_basement_membrane	cogaps	0.0679202344229446	116	ligand_rank_matrix											
FBN1	Pericyte_cg_basement_membrane	cogaps	0.0679144048734991	117	ligand_rank_matrix											
CNTN6	Pericyte_cg_basement_membrane	cogaps	0.0675429841134641	118	ligand_rank_matrix											
NLGN2	Pericyte_cg_basement_membrane	cogaps	0.0673116596673526	119	ligand_rank_matrix											
LRFN5	Pericyte_cg_basement_membrane	cogaps	0.0672515931788518	120	ligand_rank_matrix											
FGF14	Pericyte_cg_basement_membrane	cogaps	0.06721684862035	121	ligand_rank_matrix											
SOSTDC1	Pericyte_cg_basement_membrane	cogaps	0.0669519236232905	122	ligand_rank_matrix											
SELL	Pericyte_cg_basement_membrane	cogaps	0.066898789510109	123	ligand_rank_matrix											
SLPI	Pericyte_cg_basement_membrane	cogaps	0.0668954914745477	124	ligand_rank_matrix											
SLITRK6	Pericyte_cg_basement_membrane	cogaps	0.0668936154424896	125	ligand_rank_matrix											
CXCL12	Pericyte_cg_basement_membrane	cogaps	0.0668258878925763	126	ligand_rank_matrix											
FGG	Pericyte_cg_basement_membrane	cogaps	0.0666716229051974	127	ligand_rank_matrix											
RARRES1	Pericyte_cg_basement_membrane	cogaps	0.0665880242576156	128	ligand_rank_matrix											
LRRC4B	Pericyte_cg_basement_membrane	cogaps	0.0658617142438382	129	ligand_rank_matrix											
NRG3	Pericyte_cg_basement_membrane	cogaps	0.0656517795634153	130	ligand_rank_matrix											
CEACAM6	Pericyte_cg_basement_membrane	cogaps	0.0654731119541224	131	ligand_rank_matrix											
CD79B	Pericyte_cg_basement_membrane	cogaps	0.0653160383733993	132	ligand_rank_matrix											
MFGE8	Pericyte_cg_basement_membrane	cogaps	0.0653146645511216	133	ligand_rank_matrix											
SEMA3E	Pericyte_cg_basement_membrane	cogaps	0.0648578727897933	134	ligand_rank_matrix											
NFASC	Pericyte_cg_basement_membrane	cogaps	0.0644932817893422	135	ligand_rank_matrix											
JAM2	Pericyte_cg_basement_membrane	cogaps	0.0644351000403764	136	ligand_rank_matrix											
SEMA3B	Pericyte_cg_basement_membrane	cogaps	0.0643153753501373	137	ligand_rank_matrix											
SIGLEC5	Pericyte_cg_basement_membrane	cogaps	0.0642588965248207	138	ligand_rank_matrix											
NAMPT	Pericyte_cg_basement_membrane	cogaps	0.0642558992984217	139	ligand_rank_matrix											
NRP1	Pericyte_cg_basement_membrane	cogaps	0.0641131595699017	140	ligand_rank_matrix											
ANGPTL1	Pericyte_cg_basement_membrane	cogaps	0.06404149928774	141	ligand_rank_matrix											
CD1B	Pericyte_cg_basement_membrane	cogaps	0.0639275899881896	142	ligand_rank_matrix											
SIRPA	Pericyte_cg_basement_membrane	cogaps	0.063800634546047	143	ligand_rank_matrix											
IL16	Pericyte_cg_basement_membrane	cogaps	0.0636949676066475	144	ligand_rank_matrix											
SPP1	Pericyte_cg_basement_membrane	cogaps	0.0636450990481	145	ligand_rank_matrix											
PLXNA1	Pericyte_cg_basement_membrane	cogaps	0.0636436067800593	146	ligand_rank_matrix											
LGALS9	Pericyte_cg_basement_membrane	cogaps	0.0636044321284639	147	ligand_rank_matrix											
COL4A3	Pericyte_cg_basement_membrane	cogaps	0.0635380313484554	148	ligand_rank_matrix											
SEMA3D	Pericyte_cg_basement_membrane	cogaps	0.0634338653335547	149	ligand_rank_matrix											
GRN	Pericyte_cg_basement_membrane	cogaps	0.0632207342031845	150	ligand_rank_matrix											
SEMA4A	Pericyte_cg_basement_membrane	cogaps	0.0631917395842241	151	ligand_rank_matrix											
THBS1	Pericyte_cg_basement_membrane	cogaps	0.063185158411159	152	ligand_rank_matrix											
BDNF	Pericyte_cg_basement_membrane	cogaps	0.063172082588609	153	ligand_rank_matrix											
LAMC2	Pericyte_cg_basement_membrane	cogaps	0.0630310516530517	154	ligand_rank_matrix											
LAMB1	Pericyte_cg_basement_membrane	cogaps	0.062848318862249	155	ligand_rank_matrix											
COL18A1	Pericyte_cg_basement_membrane	cogaps	0.0628355841085329	156	ligand_rank_matrix											
SLIT3	Pericyte_cg_basement_membrane	cogaps	0.062739593817718	157	ligand_rank_matrix											
PLEKHO2	Pericyte_cg_basement_membrane	cogaps	0.0623954202276954	158	ligand_rank_matrix											
NCAM1	Pericyte_cg_basement_membrane	cogaps	0.0621779672850658	159	ligand_rank_matrix											
COL8A1	Pericyte_cg_basement_membrane	cogaps	0.0620208407984087	160	ligand_rank_matrix											
S100B	Pericyte_cg_basement_membrane	cogaps	0.061938407559527	161	ligand_rank_matrix											
HSPG2	Pericyte_cg_basement_membrane	cogaps	0.06168511664673	162	ligand_rank_matrix											
NID1	Pericyte_cg_basement_membrane	cogaps	0.0614407437219898	163	ligand_rank_matrix											
PLAT	Pericyte_cg_basement_membrane	cogaps	0.0614105434982797	164	ligand_rank_matrix											
C1QA	Pericyte_cg_basement_membrane	cogaps	0.0613748195250537	165	ligand_rank_matrix											
CDH1	Pericyte_cg_basement_membrane	cogaps	0.060976083484311	166	ligand_rank_matrix											
CD99	Pericyte_cg_basement_membrane	cogaps	0.0609721623805194	167	ligand_rank_matrix											
LTBP3	Pericyte_cg_basement_membrane	cogaps	0.0607600225772901	168	ligand_rank_matrix											
ICAM4	Pericyte_cg_basement_membrane	cogaps	0.0606133827650322	169	ligand_rank_matrix											
LAMA4	Pericyte_cg_basement_membrane	cogaps	0.0602953365832047	170	ligand_rank_matrix											
SEMA4B	Pericyte_cg_basement_membrane	cogaps	0.060183522225652	171	ligand_rank_matrix											
BOC	Pericyte_cg_basement_membrane	cogaps	0.0601075269590821	172	ligand_rank_matrix											
ATP1B1	Pericyte_cg_basement_membrane	cogaps	0.05966087780344	173	ligand_rank_matrix											
LIPH	Pericyte_cg_basement_membrane	cogaps	0.0596313988059255	174	ligand_rank_matrix											
THY1	Pericyte_cg_basement_membrane	cogaps	0.0593299710574571	175	ligand_rank_matrix											
SYT1	Pericyte_cg_basement_membrane	cogaps	0.0592978618004313	176	ligand_rank_matrix											
VEGFB	Pericyte_cg_basement_membrane	cogaps	0.05924504802966	177	ligand_rank_matrix											
APOA1	Pericyte_cg_basement_membrane	cogaps	0.0591255746242659	178	ligand_rank_matrix											
VEGFD	Pericyte_cg_basement_membrane	cogaps	0.0591074008846734	179	ligand_rank_matrix											
OSM	Pericyte_cg_basement_membrane	cogaps	0.0590659942107467	180	ligand_rank_matrix											
COL4A2	Pericyte_cg_basement_membrane	cogaps	0.0590207754443709	181	ligand_rank_matrix											
HLA-DQB1	Pericyte_cg_basement_membrane	cogaps	0.0590196901124922	182	ligand_rank_matrix											
LRIG1	Pericyte_cg_basement_membrane	cogaps	0.058881812013308	183	ligand_rank_matrix											
ADAM12	Pericyte_cg_basement_membrane	cogaps	0.0583286421301706	184	ligand_rank_matrix											
HLA-DRB5	Pericyte_cg_basement_membrane	cogaps	0.0582617279414853	185	ligand_rank_matrix											
COL13A1	Pericyte_cg_basement_membrane	cogaps	0.0581363682187028	186	ligand_rank_matrix											
COL4A5	Pericyte_cg_basement_membrane	cogaps	0.0580002666931981	187	ligand_rank_matrix											
EREG	Pericyte_cg_basement_membrane	cogaps	0.0575389812088452	188	ligand_rank_matrix											
SDC2	Pericyte_cg_basement_membrane	cogaps	0.0575286772516033	189	ligand_rank_matrix											
IGFBP4	Pericyte_cg_basement_membrane	cogaps	0.0574998978900974	190	ligand_rank_matrix											
SERPINE1	Pericyte_cg_basement_membrane	cogaps	0.0573285159033688	191	ligand_rank_matrix											
TSPAN33	Pericyte_cg_basement_membrane	cogaps	0.0572810574014533	192	ligand_rank_matrix											
ECM1	Pericyte_cg_basement_membrane	cogaps	0.0572372418076461	193	ligand_rank_matrix											
PECAM1	Pericyte_cg_basement_membrane	cogaps	0.0571701778321789	194	ligand_rank_matrix											
NECTIN4	Pericyte_cg_basement_membrane	cogaps	0.0570257212673889	195	ligand_rank_matrix											
COL8A2	Pericyte_cg_basement_membrane	cogaps	0.056597225144083	196	ligand_rank_matrix											
HSP90B1	Pericyte_cg_basement_membrane	cogaps	0.0565233961510607	197	ligand_rank_matrix											
LGALS1	Pericyte_cg_basement_membrane	cogaps	0.0564335017594205	198	ligand_rank_matrix											
FLRT3	Pericyte_cg_basement_membrane	cogaps	0.0563008380602966	199	ligand_rank_matrix											
COL6A3	Pericyte_cg_basement_membrane	cogaps	0.0562474702927368	200	ligand_rank_matrix											
TSPAN3	Pericyte_cg_basement_membrane	cogaps	0.0560271257227334	201	ligand_rank_matrix											
HAS1	Pericyte_cg_basement_membrane	cogaps	0.0559505213667899	202	ligand_rank_matrix											
TNC	Pericyte_cg_basement_membrane	cogaps	0.0555852512789201	203	ligand_rank_matrix											
F13A1	Pericyte_cg_basement_membrane	cogaps	0.0552475755496419	204	ligand_rank_matrix											
DUSP18	Pericyte_cg_basement_membrane	cogaps	0.0552421456000498	205	ligand_rank_matrix											
COMP	Pericyte_cg_basement_membrane	cogaps	0.055027295092206	206	ligand_rank_matrix											
GPC6	Pericyte_cg_basement_membrane	cogaps	0.055019554303648	207	ligand_rank_matrix											
MXRA5	Pericyte_cg_basement_membrane	cogaps	0.0549405153329913	208	ligand_rank_matrix											
CALM1	Pericyte_cg_basement_membrane	cogaps	0.0549037042548042	209	ligand_rank_matrix											
CNTN4	Pericyte_cg_basement_membrane	cogaps	0.054864908141466	210	ligand_rank_matrix											
JAG2	Pericyte_cg_basement_membrane	cogaps	0.0547124160059319	211	ligand_rank_matrix											
MPZL3	Pericyte_cg_basement_membrane	cogaps	0.0546155052970151	212	ligand_rank_matrix											
MFNG	Pericyte_cg_basement_membrane	cogaps	0.0543981245597057	213	ligand_rank_matrix											
AGRN	Pericyte_cg_basement_membrane	cogaps	0.0537921821887592	214	ligand_rank_matrix											
PENK	Pericyte_cg_basement_membrane	cogaps	0.0534207482681461	215	ligand_rank_matrix											
CEACAM1	Pericyte_cg_basement_membrane	cogaps	0.0532181945157277	216	ligand_rank_matrix											
FAM3C	Pericyte_cg_basement_membrane	cogaps	0.0531432491443301	217	ligand_rank_matrix											
ANXA2	Pericyte_cg_basement_membrane	cogaps	0.052959119276601	218	ligand_rank_matrix											
LAMB2	Pericyte_cg_basement_membrane	cogaps	0.0526655323344528	219	ligand_rank_matrix											
PI16	Pericyte_cg_basement_membrane	cogaps	0.0525721513230031	220	ligand_rank_matrix											
LRPAP1	Pericyte_cg_basement_membrane	cogaps	0.052539392314112	221	ligand_rank_matrix											
COL15A1	Pericyte_cg_basement_membrane	cogaps	0.0525328237956109	222	ligand_rank_matrix											
SLIT2	Pericyte_cg_basement_membrane	cogaps	0.0522553811924336	223	ligand_rank_matrix											
MDK	Pericyte_cg_basement_membrane	cogaps	0.0520002295899743	224	ligand_rank_matrix											
ANG	Pericyte_cg_basement_membrane	cogaps	0.0519602955561313	225	ligand_rank_matrix											
SEMA4D	Pericyte_cg_basement_membrane	cogaps	0.0519111769822879	226	ligand_rank_matrix											
PGF	Pericyte_cg_basement_membrane	cogaps	0.0517607289799465	227	ligand_rank_matrix											
IL1A	Pericyte_cg_basement_membrane	cogaps	0.0516820619845322	228	ligand_rank_matrix											
HAS2	Pericyte_cg_basement_membrane	cogaps	0.0516350263999331	229	ligand_rank_matrix											
COL16A1	Pericyte_cg_basement_membrane	cogaps	0.0511527598586872	230	ligand_rank_matrix											
ICOSLG	Pericyte_cg_basement_membrane	cogaps	0.0507379964390834	231	ligand_rank_matrix											
ADAM10	Pericyte_cg_basement_membrane	cogaps	0.0506572108352925	232	ligand_rank_matrix											
EDIL3	Pericyte_cg_basement_membrane	cogaps	0.0504744522308966	233	ligand_rank_matrix											
LTB	Pericyte_cg_basement_membrane	cogaps	0.0503414113637016	234	ligand_rank_matrix											
F8	Pericyte_cg_basement_membrane	cogaps	0.0501920872242264	235	ligand_rank_matrix											
COL4A4	Pericyte_cg_basement_membrane	cogaps	0.0501895247752687	236	ligand_rank_matrix											
LFNG	Pericyte_cg_basement_membrane	cogaps	0.0498859462414635	237	ligand_rank_matrix											
FGF2	Pericyte_cg_basement_membrane	cogaps	0.0498453547057426	238	ligand_rank_matrix											
LPL	Pericyte_cg_basement_membrane	cogaps	0.0497405807000013	239	ligand_rank_matrix											
HGF	Pericyte_cg_basement_membrane	cogaps	0.0496554438188761	240	ligand_rank_matrix											
APOE	Pericyte_cg_basement_membrane	cogaps	0.049295597088608	241	ligand_rank_matrix											
COL5A2	Pericyte_cg_basement_membrane	cogaps	0.0489572345991216	242	ligand_rank_matrix											
COL6A1	Pericyte_cg_basement_membrane	cogaps	0.0476753879833004	243	ligand_rank_matrix											
ADAM17	Pericyte_cg_basement_membrane	cogaps	0.0475032431784393	244	ligand_rank_matrix											
CALM2	Pericyte_cg_basement_membrane	cogaps	0.0464565356805402	245	ligand_rank_matrix											
PSEN1	Pericyte_cg_basement_membrane	cogaps	0.0463789725070183	246	ligand_rank_matrix											
VEGFA	Pericyte_cg_basement_membrane	cogaps	0.0462695847976856	247	ligand_rank_matrix											
SPON1	Pericyte_cg_basement_membrane	cogaps	0.0460954692270697	248	ligand_rank_matrix											
IL1B	Pericyte_cg_basement_membrane	cogaps	0.0460129190406708	249	ligand_rank_matrix											
PCSK9	Pericyte_cg_basement_membrane	cogaps	0.0460054104592722	250	ligand_rank_matrix											
SEMA4C	Pericyte_cg_basement_membrane	cogaps	0.0458781000644135	251	ligand_rank_matrix											
IGF2	Pericyte_cg_basement_membrane	cogaps	0.0458526212926431	252	ligand_rank_matrix											
SCGB1A1	Pericyte_cg_basement_membrane	cogaps	0.0458065059425156	253	ligand_rank_matrix											
SEMA3C	Pericyte_cg_basement_membrane	cogaps	0.0451134611736604	254	ligand_rank_matrix											
ADAM28	Pericyte_cg_basement_membrane	cogaps	0.0448984419384348	255	ligand_rank_matrix											
MXRA8	Pericyte_cg_basement_membrane	cogaps	0.044442934916949	256	ligand_rank_matrix											
SPON2	Pericyte_cg_basement_membrane	cogaps	0.0442153829043302	257	ligand_rank_matrix											
LSAMP	Pericyte_cg_basement_membrane	cogaps	0.0440315200434253	258	ligand_rank_matrix											
FBLN1	Pericyte_cg_basement_membrane	cogaps	0.0438456807373564	259	ligand_rank_matrix											
PTPRC	Pericyte_cg_basement_membrane	cogaps	0.0437229886163484	260	ligand_rank_matrix											
EFEMP2	Pericyte_cg_basement_membrane	cogaps	0.0434803708284442	261	ligand_rank_matrix											
SIGLEC1	Pericyte_cg_basement_membrane	cogaps	0.0430066525226138	262	ligand_rank_matrix											
ANGPT2	Pericyte_cg_basement_membrane	cogaps	0.0420076177981576	263	ligand_rank_matrix											
DLL1	Pericyte_cg_basement_membrane	cogaps	0.0419161733654	264	ligand_rank_matrix											
BACE2	Pericyte_cg_basement_membrane	cogaps	0.0408809229768045	265	ligand_rank_matrix											
RSPO3	Pericyte_cg_basement_membrane	cogaps	0.0405290823054842	266	ligand_rank_matrix											
CD34	Pericyte_cg_basement_membrane	cogaps	0.0400613555451467	267	ligand_rank_matrix											
VSIG10	Pericyte_cg_basement_membrane	cogaps	0.0399448416245671	268	ligand_rank_matrix											
FGF7	Pericyte_cg_basement_membrane	cogaps	0.0391984948150193	269	ligand_rank_matrix											
MFAP2	Pericyte_cg_basement_membrane	cogaps	0.0391607729592248	270	ligand_rank_matrix											
GAS6	Pericyte_cg_basement_membrane	cogaps	0.0389201814834576	271	ligand_rank_matrix											
NRG1	Pericyte_cg_basement_membrane	cogaps	0.0383903079326359	272	ligand_rank_matrix											
INHBA	Pericyte_cg_basement_membrane	cogaps	0.0376098834008857	273	ligand_rank_matrix											
PTN	Pericyte_cg_basement_membrane	cogaps	0.0375943807444746	274	ligand_rank_matrix											
IFITM1	Pericyte_cg_basement_membrane	cogaps	0.0353769872333035	275	ligand_rank_matrix											
AREG	Pericyte_cg_basement_membrane	cogaps	0.0353318650602523	276	ligand_rank_matrix											
NPNT	Pericyte_cg_basement_membrane	cogaps	0.0352628719171985	277	ligand_rank_matrix											
ALCAM	Pericyte_cg_basement_membrane	cogaps	0.0342154292952896	278	ligand_rank_matrix											
NECTIN3	Pericyte_cg_basement_membrane	cogaps	0.0340820104126355	279	ligand_rank_matrix											
PLTP	Pericyte_cg_basement_membrane	cogaps	0.0337342661919039	280	ligand_rank_matrix											
MMP7	Pericyte_cg_basement_membrane	cogaps	0.0334891062542783	281	ligand_rank_matrix											
HBEGF	Pericyte_cg_basement_membrane	cogaps	0.0328812626822092	282	ligand_rank_matrix											
FGF18	Pericyte_cg_basement_membrane	cogaps	0.0328505777329437	283	ligand_rank_matrix											
WNT5A	Pericyte_cg_basement_membrane	cogaps	0.0327203661312803	284	ligand_rank_matrix											
ZNRF3	Pericyte_cg_basement_membrane	cogaps	0.0321483365313178	285	ligand_rank_matrix											
SCGB3A1	Pericyte_cg_basement_membrane	cogaps	0.0320079754359727	286	ligand_rank_matrix											
ANGPT1	Pericyte_cg_basement_membrane	cogaps	0.0317254254244355	287	ligand_rank_matrix											
TNFSF14	Pericyte_cg_basement_membrane	cogaps	0.0316480011761146	288	ligand_rank_matrix											
SERPINE2	Pericyte_cg_basement_membrane	cogaps	0.0312782106084268	289	ligand_rank_matrix											
ESAM	Pericyte_cg_basement_membrane	cogaps	0.0306563085690365	290	ligand_rank_matrix											
ANGPTL4	Pericyte_cg_basement_membrane	cogaps	0.0296675552009328	291	ligand_rank_matrix											
NECTIN2	Pericyte_cg_basement_membrane	cogaps	0.0294008503385801	292	ligand_rank_matrix											
ANOS1	Pericyte_cg_basement_membrane	cogaps	0.0293430296664887	293	ligand_rank_matrix											
PDGFA	Pericyte_cg_basement_membrane	cogaps	0.0291455244077204	294	ligand_rank_matrix											
CLCF1	Pericyte_cg_basement_membrane	cogaps	0.0284594687420923	295	ligand_rank_matrix											
PTPRM	Pericyte_cg_basement_membrane	cogaps	0.0280619077178394	296	ligand_rank_matrix											
TNFSF13	Pericyte_cg_basement_membrane	cogaps	0.0279425230736582	297	ligand_rank_matrix											
MFAP5	Pericyte_cg_basement_membrane	cogaps	0.0279137822408528	298	ligand_rank_matrix											
CCN4	Pericyte_cg_basement_membrane	cogaps	0.0276826723681004	299	ligand_rank_matrix											
VEGFC	Pericyte_cg_basement_membrane	cogaps	0.0267632800019909	300	ligand_rank_matrix											
PDGFC	Pericyte_cg_basement_membrane	cogaps	0.0266680733943032	301	ligand_rank_matrix											
LAMA2	Pericyte_cg_basement_membrane	cogaps	0.0263265774421329	302	ligand_rank_matrix											
IL6	Pericyte_cg_basement_membrane	cogaps	0.0259516713673034	303	ligand_rank_matrix											
ANGPTL2	Pericyte_cg_basement_membrane	cogaps	0.0259132032764756	304	ligand_rank_matrix											
BMP2	Pericyte_cg_basement_membrane	cogaps	0.0256998520125009	305	ligand_rank_matrix											
PCDHA10	Pericyte_cg_basement_membrane	cogaps	0.0250013147480668	306	ligand_rank_matrix											
CX3CL1	Pericyte_cg_basement_membrane	cogaps	0.024529183115298	307	ligand_rank_matrix											
JAG1	Pericyte_cg_basement_membrane	cogaps	0.0242541102045201	308	ligand_rank_matrix											
BMP6	Pericyte_cg_basement_membrane	cogaps	0.024097505532521	309	ligand_rank_matrix											
CALR	Pericyte_cg_basement_membrane	cogaps	0.0236831996913389	310	ligand_rank_matrix											
LRIG2	Pericyte_cg_basement_membrane	cogaps	0.0236458801002064	311	ligand_rank_matrix											
SPARC	Pericyte_cg_basement_membrane	cogaps	0.0229411774823341	312	ligand_rank_matrix											
MMRN2	Pericyte_cg_basement_membrane	cogaps	0.0228683586407734	313	ligand_rank_matrix											
NTF3	Pericyte_cg_basement_membrane	cogaps	0.0224645009799091	314	ligand_rank_matrix											
WIF1	Pericyte_cg_basement_membrane	cogaps	0.0222820598730259	315	ligand_rank_matrix											
TGFB3	Pericyte_cg_basement_membrane	cogaps	0.0221651476313929	316	ligand_rank_matrix											
APP	Pericyte_cg_basement_membrane	cogaps	0.0218575598756108	317	ligand_rank_matrix											
WNT9A	Pericyte_cg_basement_membrane	cogaps	0.0215397684872027	318	ligand_rank_matrix											
CADM1	Pericyte_cg_basement_membrane	cogaps	0.0215147917565223	319	ligand_rank_matrix											
LIF	Pericyte_cg_basement_membrane	cogaps	0.0209231884840177	320	ligand_rank_matrix											
CRTAM	Pericyte_cg_basement_membrane	cogaps	0.0205712501730163	321	ligand_rank_matrix											
ST6GAL1	Pericyte_cg_basement_membrane	cogaps	0.0205459509398476	322	ligand_rank_matrix											
FURIN	Pericyte_cg_basement_membrane	cogaps	0.0204599138539757	323	ligand_rank_matrix											
POSTN	Pericyte_cg_basement_membrane	cogaps	0.0201682214019765	324	ligand_rank_matrix											
WNT2	Pericyte_cg_basement_membrane	cogaps	0.0191420119353113	325	ligand_rank_matrix											
WNT7B	Pericyte_cg_basement_membrane	cogaps	0.0190603455254076	326	ligand_rank_matrix											
CMTM8	Pericyte_cg_basement_membrane	cogaps	0.018416580269662	327	ligand_rank_matrix											
SIGLEC6	Pericyte_cg_basement_membrane	cogaps	0.0180662627267973	328	ligand_rank_matrix											
CADM3	Pericyte_cg_basement_membrane	cogaps	0.0178085754054327	329	ligand_rank_matrix											
CAMP	Pericyte_cg_basement_membrane	cogaps	0.0175728000924222	330	ligand_rank_matrix											
WNT2B	Pericyte_cg_basement_membrane	cogaps	0.0173482776983993	331	ligand_rank_matrix											
NLGN1	Pericyte_cg_basement_membrane	cogaps	0.0170363167857847	332	ligand_rank_matrix											
NGF	Pericyte_cg_basement_membrane	cogaps	0.0162506910934822	333	ligand_rank_matrix											
MIF	Pericyte_cg_basement_membrane	cogaps	0.0155127126537791	334	ligand_rank_matrix											
LTF	Pericyte_cg_basement_membrane	cogaps	0.0154104185206544	335	ligand_rank_matrix											
PDGFB	Pericyte_cg_basement_membrane	cogaps	0.0149466367830563	336	ligand_rank_matrix											
CSF2	Pericyte_cg_basement_membrane	cogaps	0.0149421245406872	337	ligand_rank_matrix											
ADM	Pericyte_cg_basement_membrane	cogaps	0.0148323313408002	338	ligand_rank_matrix											
IGF1	Pericyte_cg_basement_membrane	cogaps	0.0139238914899994	339	ligand_rank_matrix											
CKLF	Pericyte_cg_basement_membrane	cogaps	0.0125494014428298	340	ligand_rank_matrix											
CXCL8	Pericyte_cg_basement_membrane	cogaps	0.0123352273706105	341	ligand_rank_matrix											
PLAU	Pericyte_cg_basement_membrane	cogaps	0.00980278487353777	342	ligand_rank_matrix											
EPHA4	Pericyte_cg_basement_membrane	cogaps	0.0088578637878266	343	ligand_rank_matrix											
PDGFD	Pericyte_cg_basement_membrane	cogaps	0.0079112075748529	344	ligand_rank_matrix											
TGFB2	Pericyte_cg_fibroblast_like	cogaps	0.209909683044793	1	ligand_rank_matrix											
TGFB1	Pericyte_cg_fibroblast_like	cogaps	0.205583871781838	2	ligand_rank_matrix											
CCN2	Pericyte_cg_fibroblast_like	cogaps	0.162671813982134	3	ligand_rank_matrix											
TIMP2	Pericyte_cg_fibroblast_like	cogaps	0.147473411337521	4	ligand_rank_matrix											
COPA	Pericyte_cg_fibroblast_like	cogaps	0.140638297751616	5	ligand_rank_matrix											
VTN	Pericyte_cg_fibroblast_like	cogaps	0.130658600868387	6	ligand_rank_matrix											
COL4A1	Pericyte_cg_fibroblast_like	cogaps	0.12089153451938	7	ligand_rank_matrix											
MMP14	Pericyte_cg_fibroblast_like	cogaps	0.112070488174282	8	ligand_rank_matrix											
AGT	Pericyte_cg_fibroblast_like	cogaps	0.104062380644434	9	ligand_rank_matrix											
COL1A1	Pericyte_cg_fibroblast_like	cogaps	0.1039767692925	10	ligand_rank_matrix											
FN1	Pericyte_cg_fibroblast_like	cogaps	0.10352751447673	11	ligand_rank_matrix											
ENG	Pericyte_cg_fibroblast_like	cogaps	0.102824193850369	12	ligand_rank_matrix											
SIRPB2	Pericyte_cg_fibroblast_like	cogaps	0.101149206271417	13	ligand_rank_matrix											
VCAM1	Pericyte_cg_fibroblast_like	cogaps	0.100378411481231	14	ligand_rank_matrix											
COL5A1	Pericyte_cg_fibroblast_like	cogaps	0.0983772201657011	15	ligand_rank_matrix											
COL10A1	Pericyte_cg_fibroblast_like	cogaps	0.097528061353483	16	ligand_rank_matrix											
NAMPT	Pericyte_cg_fibroblast_like	cogaps	0.0957972579125562	17	ligand_rank_matrix											
TGM2	Pericyte_cg_fibroblast_like	cogaps	0.0956186941559794	18	ligand_rank_matrix											
RELN	Pericyte_cg_fibroblast_like	cogaps	0.0950853460701	19	ligand_rank_matrix											
THBS2	Pericyte_cg_fibroblast_like	cogaps	0.0944316346934251	20	ligand_rank_matrix											
ICAM1	Pericyte_cg_fibroblast_like	cogaps	0.0904928164777103	21	ligand_rank_matrix											
TNC	Pericyte_cg_fibroblast_like	cogaps	0.087377634707529	22	ligand_rank_matrix											
BMP4	Pericyte_cg_fibroblast_like	cogaps	0.0871843840676146	23	ligand_rank_matrix											
WNT3A	Pericyte_cg_fibroblast_like	cogaps	0.0859176196564974	24	ligand_rank_matrix											
NTS	Pericyte_cg_fibroblast_like	cogaps	0.0846041194720836	25	ligand_rank_matrix											
ANG	Pericyte_cg_fibroblast_like	cogaps	0.0843378389762313	26	ligand_rank_matrix											
SEMA3F	Pericyte_cg_fibroblast_like	cogaps	0.0818059324561153	27	ligand_rank_matrix											
DLL4	Pericyte_cg_fibroblast_like	cogaps	0.0787227358830135	28	ligand_rank_matrix											
SHISA4	Pericyte_cg_fibroblast_like	cogaps	0.0780189816884244	29	ligand_rank_matrix											
C4BPA	Pericyte_cg_fibroblast_like	cogaps	0.0774180246480201	30	ligand_rank_matrix											
LGALS3BP	Pericyte_cg_fibroblast_like	cogaps	0.0757934044842805	31	ligand_rank_matrix											
LTBP1	Pericyte_cg_fibroblast_like	cogaps	0.0751354112339054	32	ligand_rank_matrix											
GGT1	Pericyte_cg_fibroblast_like	cogaps	0.0751214712774098	33	ligand_rank_matrix											
C1QB	Pericyte_cg_fibroblast_like	cogaps	0.0746475241259447	34	ligand_rank_matrix											
OCLN	Pericyte_cg_fibroblast_like	cogaps	0.0744126474707683	35	ligand_rank_matrix											
EDN1	Pericyte_cg_fibroblast_like	cogaps	0.0742635907568035	36	ligand_rank_matrix											
TIMP3	Pericyte_cg_fibroblast_like	cogaps	0.0732183368680908	37	ligand_rank_matrix											
MMP9	Pericyte_cg_fibroblast_like	cogaps	0.0731658345787045	38	ligand_rank_matrix											
JAM3	Pericyte_cg_fibroblast_like	cogaps	0.0727686283104869	39	ligand_rank_matrix											
SEMA3A	Pericyte_cg_fibroblast_like	cogaps	0.0719265511131318	40	ligand_rank_matrix											
IL1B	Pericyte_cg_fibroblast_like	cogaps	0.0713444969452523	41	ligand_rank_matrix											
PSAP	Pericyte_cg_fibroblast_like	cogaps	0.0711473679572829	42	ligand_rank_matrix											
ANXA1	Pericyte_cg_fibroblast_like	cogaps	0.0711437961619158	43	ligand_rank_matrix											
MMP2	Pericyte_cg_fibroblast_like	cogaps	0.0705316470988281	44	ligand_rank_matrix											
FBN1	Pericyte_cg_fibroblast_like	cogaps	0.0703493913744149	45	ligand_rank_matrix											
TIMP1	Pericyte_cg_fibroblast_like	cogaps	0.069740055448808	46	ligand_rank_matrix											
CTSG	Pericyte_cg_fibroblast_like	cogaps	0.0695661948584711	47	ligand_rank_matrix											
PLAT	Pericyte_cg_fibroblast_like	cogaps	0.0693322182844539	48	ligand_rank_matrix											
LAMA3	Pericyte_cg_fibroblast_like	cogaps	0.0691634217766706	49	ligand_rank_matrix											
C3	Pericyte_cg_fibroblast_like	cogaps	0.069106956087466	50	ligand_rank_matrix											
FGA	Pericyte_cg_fibroblast_like	cogaps	0.0689079320287048	51	ligand_rank_matrix											
COL1A2	Pericyte_cg_fibroblast_like	cogaps	0.0686851796515693	52	ligand_rank_matrix											
COL3A1	Pericyte_cg_fibroblast_like	cogaps	0.0684154949001965	53	ligand_rank_matrix											
PTPRK	Pericyte_cg_fibroblast_like	cogaps	0.068152600772526	54	ligand_rank_matrix											
FCN1	Pericyte_cg_fibroblast_like	cogaps	0.068030766691216	55	ligand_rank_matrix											
DCN	Pericyte_cg_fibroblast_like	cogaps	0.0676593040644167	56	ligand_rank_matrix											
MMP7	Pericyte_cg_fibroblast_like	cogaps	0.0675831049457624	57	ligand_rank_matrix											
FLRT2	Pericyte_cg_fibroblast_like	cogaps	0.0675065426737887	58	ligand_rank_matrix											
SELE	Pericyte_cg_fibroblast_like	cogaps	0.0674948455739448	59	ligand_rank_matrix											
FAM3C	Pericyte_cg_fibroblast_like	cogaps	0.0673834308388224	60	ligand_rank_matrix											
BMP1	Pericyte_cg_fibroblast_like	cogaps	0.06720684217114	61	ligand_rank_matrix											
VCAN	Pericyte_cg_fibroblast_like	cogaps	0.0665009291848344	62	ligand_rank_matrix											
COL5A3	Pericyte_cg_fibroblast_like	cogaps	0.0664930028720428	63	ligand_rank_matrix											
CDCP1	Pericyte_cg_fibroblast_like	cogaps	0.0662690852898574	64	ligand_rank_matrix											
CTSD	Pericyte_cg_fibroblast_like	cogaps	0.0660093925663197	65	ligand_rank_matrix											
CALM3	Pericyte_cg_fibroblast_like	cogaps	0.0657679951245705	66	ligand_rank_matrix											
LAMA5	Pericyte_cg_fibroblast_like	cogaps	0.0656651202138072	67	ligand_rank_matrix											
FST	Pericyte_cg_fibroblast_like	cogaps	0.0651999564065383	68	ligand_rank_matrix											
A2M	Pericyte_cg_fibroblast_like	cogaps	0.0648406956200688	69	ligand_rank_matrix											
COL19A1	Pericyte_cg_fibroblast_like	cogaps	0.0644262947101384	70	ligand_rank_matrix											
CD14	Pericyte_cg_fibroblast_like	cogaps	0.0642944175575307	71	ligand_rank_matrix											
LAMC1	Pericyte_cg_fibroblast_like	cogaps	0.0642614844790226	72	ligand_rank_matrix											
CXCL12	Pericyte_cg_fibroblast_like	cogaps	0.0642285216011878	73	ligand_rank_matrix											
LUM	Pericyte_cg_fibroblast_like	cogaps	0.0639991139716727	74	ligand_rank_matrix											
SERPING1	Pericyte_cg_fibroblast_like	cogaps	0.0637776861052438	75	ligand_rank_matrix											
FGG	Pericyte_cg_fibroblast_like	cogaps	0.0637079096945251	76	ligand_rank_matrix											
GRN	Pericyte_cg_fibroblast_like	cogaps	0.0635846497078621	77	ligand_rank_matrix											
ITGB2	Pericyte_cg_fibroblast_like	cogaps	0.0634407613121089	78	ligand_rank_matrix											
LGALS9	Pericyte_cg_fibroblast_like	cogaps	0.0634212920981077	79	ligand_rank_matrix											
TFPI	Pericyte_cg_fibroblast_like	cogaps	0.063043960714487	80	ligand_rank_matrix											
VWF	Pericyte_cg_fibroblast_like	cogaps	0.0628506005700784	81	ligand_rank_matrix											
CORIN	Pericyte_cg_fibroblast_like	cogaps	0.0624989051389493	82	ligand_rank_matrix											
SIGLEC7	Pericyte_cg_fibroblast_like	cogaps	0.0622822126661202	83	ligand_rank_matrix											
LAMB3	Pericyte_cg_fibroblast_like	cogaps	0.0621384311325935	84	ligand_rank_matrix											
COL6A2	Pericyte_cg_fibroblast_like	cogaps	0.0620689129928063	85	ligand_rank_matrix											
S100A4	Pericyte_cg_fibroblast_like	cogaps	0.0619328764206612	86	ligand_rank_matrix											
TGFBI	Pericyte_cg_fibroblast_like	cogaps	0.0618491295680167	87	ligand_rank_matrix											
PLA2G2A	Pericyte_cg_fibroblast_like	cogaps	0.0618487457964754	88	ligand_rank_matrix											
BMP5	Pericyte_cg_fibroblast_like	cogaps	0.0618144315256362	89	ligand_rank_matrix											
SPARC	Pericyte_cg_fibroblast_like	cogaps	0.0618021363244457	90	ligand_rank_matrix											
CCN1	Pericyte_cg_fibroblast_like	cogaps	0.0616020440696023	91	ligand_rank_matrix											
BACE1	Pericyte_cg_fibroblast_like	cogaps	0.0614781878507919	92	ligand_rank_matrix											
SIGLEC9	Pericyte_cg_fibroblast_like	cogaps	0.0614276455002121	93	ligand_rank_matrix											
LIN7C	Pericyte_cg_fibroblast_like	cogaps	0.0611942778075834	94	ligand_rank_matrix											
CP	Pericyte_cg_fibroblast_like	cogaps	0.0609755473366788	95	ligand_rank_matrix											
THBS1	Pericyte_cg_fibroblast_like	cogaps	0.0608652016409173	96	ligand_rank_matrix											
IL1A	Pericyte_cg_fibroblast_like	cogaps	0.0608582729763444	97	ligand_rank_matrix											
NRG3	Pericyte_cg_fibroblast_like	cogaps	0.06046715676765	98	ligand_rank_matrix											
SLPI	Pericyte_cg_fibroblast_like	cogaps	0.060460814931227	99	ligand_rank_matrix											
NRP1	Pericyte_cg_fibroblast_like	cogaps	0.0604439597972638	100	ligand_rank_matrix											
GNAS	Pericyte_cg_fibroblast_like	cogaps	0.0604394821700328	101	ligand_rank_matrix											
COL6A6	Pericyte_cg_fibroblast_like	cogaps	0.0602995244782896	102	ligand_rank_matrix											
GPC6	Pericyte_cg_fibroblast_like	cogaps	0.0601823090883215	103	ligand_rank_matrix											
COL14A1	Pericyte_cg_fibroblast_like	cogaps	0.0601614795003865	104	ligand_rank_matrix											
HSPG2	Pericyte_cg_fibroblast_like	cogaps	0.0601168656085956	105	ligand_rank_matrix											
PROS1	Pericyte_cg_fibroblast_like	cogaps	0.0601097293478573	106	ligand_rank_matrix											
SIRPA	Pericyte_cg_fibroblast_like	cogaps	0.0598027416137618	107	ligand_rank_matrix											
ADAM15	Pericyte_cg_fibroblast_like	cogaps	0.0596725697433852	108	ligand_rank_matrix											
NTN1	Pericyte_cg_fibroblast_like	cogaps	0.0596616883338355	109	ligand_rank_matrix											
IL1RN	Pericyte_cg_fibroblast_like	cogaps	0.0596032269952355	110	ligand_rank_matrix											
ADAM9	Pericyte_cg_fibroblast_like	cogaps	0.0595980595749766	111	ligand_rank_matrix											
COL27A1	Pericyte_cg_fibroblast_like	cogaps	0.0594585944155782	112	ligand_rank_matrix											
GPC3	Pericyte_cg_fibroblast_like	cogaps	0.059377039159197	113	ligand_rank_matrix											
SPP1	Pericyte_cg_fibroblast_like	cogaps	0.05937572390078	114	ligand_rank_matrix											
LAMC3	Pericyte_cg_fibroblast_like	cogaps	0.0592625968343841	115	ligand_rank_matrix											
GDF10	Pericyte_cg_fibroblast_like	cogaps	0.0588458708506739	116	ligand_rank_matrix											
COL21A1	Pericyte_cg_fibroblast_like	cogaps	0.0588100014152681	117	ligand_rank_matrix											
SEMA3G	Pericyte_cg_fibroblast_like	cogaps	0.0584480089973659	118	ligand_rank_matrix											
CDH1	Pericyte_cg_fibroblast_like	cogaps	0.0582576439685584	119	ligand_rank_matrix											
BMP3	Pericyte_cg_fibroblast_like	cogaps	0.0581965270984708	120	ligand_rank_matrix											
IGFBP3	Pericyte_cg_fibroblast_like	cogaps	0.058084859476816	121	ligand_rank_matrix											
APOA1	Pericyte_cg_fibroblast_like	cogaps	0.0580660996096674	122	ligand_rank_matrix											
COL24A1	Pericyte_cg_fibroblast_like	cogaps	0.0579467116775438	123	ligand_rank_matrix											
CD99	Pericyte_cg_fibroblast_like	cogaps	0.0577862956974331	124	ligand_rank_matrix											
EREG	Pericyte_cg_fibroblast_like	cogaps	0.0576349119372374	125	ligand_rank_matrix											
F8	Pericyte_cg_fibroblast_like	cogaps	0.0575521158494974	126	ligand_rank_matrix											
ANGPTL1	Pericyte_cg_fibroblast_like	cogaps	0.0575154778838921	127	ligand_rank_matrix											
PECAM1	Pericyte_cg_fibroblast_like	cogaps	0.0574946436946199	128	ligand_rank_matrix											
COL18A1	Pericyte_cg_fibroblast_like	cogaps	0.0574456751221972	129	ligand_rank_matrix											
COMP	Pericyte_cg_fibroblast_like	cogaps	0.0573466812567859	130	ligand_rank_matrix											
CLEC11A	Pericyte_cg_fibroblast_like	cogaps	0.0572379386842199	131	ligand_rank_matrix											
BDNF	Pericyte_cg_fibroblast_like	cogaps	0.0571752691029875	132	ligand_rank_matrix											
RARRES1	Pericyte_cg_fibroblast_like	cogaps	0.0571502151552296	133	ligand_rank_matrix											
SERPINE1	Pericyte_cg_fibroblast_like	cogaps	0.0570423244038317	134	ligand_rank_matrix											
THY1	Pericyte_cg_fibroblast_like	cogaps	0.0569825527359308	135	ligand_rank_matrix											
COL4A3	Pericyte_cg_fibroblast_like	cogaps	0.0569774426213718	136	ligand_rank_matrix											
JAM2	Pericyte_cg_fibroblast_like	cogaps	0.0568338459683782	137	ligand_rank_matrix											
RGMA	Pericyte_cg_fibroblast_like	cogaps	0.0566525765456109	138	ligand_rank_matrix											
SYT1	Pericyte_cg_fibroblast_like	cogaps	0.0566196514698834	139	ligand_rank_matrix											
KIRREL1	Pericyte_cg_fibroblast_like	cogaps	0.0565024608354525	140	ligand_rank_matrix											
ICAM4	Pericyte_cg_fibroblast_like	cogaps	0.056448976552985	141	ligand_rank_matrix											
OSM	Pericyte_cg_fibroblast_like	cogaps	0.0563689042712195	142	ligand_rank_matrix											
SEMA3B	Pericyte_cg_fibroblast_like	cogaps	0.0562372449938274	143	ligand_rank_matrix											
EFEMP1	Pericyte_cg_fibroblast_like	cogaps	0.0562279446621372	144	ligand_rank_matrix											
F10	Pericyte_cg_fibroblast_like	cogaps	0.0561684817455143	145	ligand_rank_matrix											
CD55	Pericyte_cg_fibroblast_like	cogaps	0.0561482031940908	146	ligand_rank_matrix											
NCAM1	Pericyte_cg_fibroblast_like	cogaps	0.0560935048471858	147	ligand_rank_matrix											
LAMC2	Pericyte_cg_fibroblast_like	cogaps	0.0560928290465355	148	ligand_rank_matrix											
SEMA3D	Pericyte_cg_fibroblast_like	cogaps	0.0559949568003513	149	ligand_rank_matrix											
VEGFD	Pericyte_cg_fibroblast_like	cogaps	0.0558810348665432	150	ligand_rank_matrix											
AZGP1	Pericyte_cg_fibroblast_like	cogaps	0.0558793924407785	151	ligand_rank_matrix											
SOSTDC1	Pericyte_cg_fibroblast_like	cogaps	0.0557240563388873	152	ligand_rank_matrix											
LRPAP1	Pericyte_cg_fibroblast_like	cogaps	0.0556198328978903	153	ligand_rank_matrix											
LAMB1	Pericyte_cg_fibroblast_like	cogaps	0.0555994827845681	154	ligand_rank_matrix											
HAS1	Pericyte_cg_fibroblast_like	cogaps	0.0555353806829927	155	ligand_rank_matrix											
LGALS3	Pericyte_cg_fibroblast_like	cogaps	0.0554634941243636	156	ligand_rank_matrix											
LRFN5	Pericyte_cg_fibroblast_like	cogaps	0.055366086128936	157	ligand_rank_matrix											
CD320	Pericyte_cg_fibroblast_like	cogaps	0.0552532044127815	158	ligand_rank_matrix											
PRG4	Pericyte_cg_fibroblast_like	cogaps	0.0552438233209541	159	ligand_rank_matrix											
COL4A4	Pericyte_cg_fibroblast_like	cogaps	0.0546185939002889	160	ligand_rank_matrix											
LRRC4B	Pericyte_cg_fibroblast_like	cogaps	0.0544386926667964	161	ligand_rank_matrix											
COL13A1	Pericyte_cg_fibroblast_like	cogaps	0.0543612622076104	162	ligand_rank_matrix											
SLITRK6	Pericyte_cg_fibroblast_like	cogaps	0.0541850312568085	163	ligand_rank_matrix											
LIPH	Pericyte_cg_fibroblast_like	cogaps	0.0541647471110293	164	ligand_rank_matrix											
SEMA3E	Pericyte_cg_fibroblast_like	cogaps	0.0541400490363972	165	ligand_rank_matrix											
COL12A1	Pericyte_cg_fibroblast_like	cogaps	0.0540975992127632	166	ligand_rank_matrix											
CNTN6	Pericyte_cg_fibroblast_like	cogaps	0.0540359592954159	167	ligand_rank_matrix											
ADAM12	Pericyte_cg_fibroblast_like	cogaps	0.0539814545294315	168	ligand_rank_matrix											
SEMA4A	Pericyte_cg_fibroblast_like	cogaps	0.05361324670676	169	ligand_rank_matrix											
CALM1	Pericyte_cg_fibroblast_like	cogaps	0.0535644285484572	170	ligand_rank_matrix											
C1QA	Pericyte_cg_fibroblast_like	cogaps	0.0534667007927067	171	ligand_rank_matrix											
LAMA4	Pericyte_cg_fibroblast_like	cogaps	0.0532846917862045	172	ligand_rank_matrix											
SEMA4D	Pericyte_cg_fibroblast_like	cogaps	0.0532804133091681	173	ligand_rank_matrix											
SIGLEC5	Pericyte_cg_fibroblast_like	cogaps	0.052911184509256	174	ligand_rank_matrix											
NPNT	Pericyte_cg_fibroblast_like	cogaps	0.0528473058472423	175	ligand_rank_matrix											
NFASC	Pericyte_cg_fibroblast_like	cogaps	0.0526998897805662	176	ligand_rank_matrix											
AGRN	Pericyte_cg_fibroblast_like	cogaps	0.0526120784133562	177	ligand_rank_matrix											
CEACAM6	Pericyte_cg_fibroblast_like	cogaps	0.0525568366602849	178	ligand_rank_matrix											
FGF2	Pericyte_cg_fibroblast_like	cogaps	0.0525252223232837	179	ligand_rank_matrix											
COL6A1	Pericyte_cg_fibroblast_like	cogaps	0.0524109605663774	180	ligand_rank_matrix											
CD1B	Pericyte_cg_fibroblast_like	cogaps	0.0524069435398071	181	ligand_rank_matrix											
IGF2	Pericyte_cg_fibroblast_like	cogaps	0.0521955780625059	182	ligand_rank_matrix											
CEACAM1	Pericyte_cg_fibroblast_like	cogaps	0.0521918553241987	183	ligand_rank_matrix											
IL16	Pericyte_cg_fibroblast_like	cogaps	0.0521177532028977	184	ligand_rank_matrix											
HLA-DQB1	Pericyte_cg_fibroblast_like	cogaps	0.0519225615614295	185	ligand_rank_matrix											
ADAM17	Pericyte_cg_fibroblast_like	cogaps	0.0517705975194826	186	ligand_rank_matrix											
COL4A5	Pericyte_cg_fibroblast_like	cogaps	0.0514393158750865	187	ligand_rank_matrix											
TSPAN33	Pericyte_cg_fibroblast_like	cogaps	0.0513875432610275	188	ligand_rank_matrix											
VEGFA	Pericyte_cg_fibroblast_like	cogaps	0.051181696684024	189	ligand_rank_matrix											
MFGE8	Pericyte_cg_fibroblast_like	cogaps	0.0509646206345717	190	ligand_rank_matrix											
SEMA4B	Pericyte_cg_fibroblast_like	cogaps	0.0509330660202508	191	ligand_rank_matrix											
COL4A2	Pericyte_cg_fibroblast_like	cogaps	0.050922470870562	192	ligand_rank_matrix											
COL6A3	Pericyte_cg_fibroblast_like	cogaps	0.0506675104023014	193	ligand_rank_matrix											
LPL	Pericyte_cg_fibroblast_like	cogaps	0.0502718561808392	194	ligand_rank_matrix											
LGALS1	Pericyte_cg_fibroblast_like	cogaps	0.0501933963082402	195	ligand_rank_matrix											
PLEKHO2	Pericyte_cg_fibroblast_like	cogaps	0.0499305774874418	196	ligand_rank_matrix											
COL15A1	Pericyte_cg_fibroblast_like	cogaps	0.049894571120729	197	ligand_rank_matrix											
SDC2	Pericyte_cg_fibroblast_like	cogaps	0.0498205323317591	198	ligand_rank_matrix											
MDK	Pericyte_cg_fibroblast_like	cogaps	0.0495938459327615	199	ligand_rank_matrix											
COL8A2	Pericyte_cg_fibroblast_like	cogaps	0.0494490863565517	200	ligand_rank_matrix											
NECTIN4	Pericyte_cg_fibroblast_like	cogaps	0.0492122187419792	201	ligand_rank_matrix											
HLA-DRB5	Pericyte_cg_fibroblast_like	cogaps	0.0490125468632709	202	ligand_rank_matrix											
LRIG1	Pericyte_cg_fibroblast_like	cogaps	0.0489594228765546	203	ligand_rank_matrix											
APOE	Pericyte_cg_fibroblast_like	cogaps	0.0488552839442871	204	ligand_rank_matrix											
DUSP18	Pericyte_cg_fibroblast_like	cogaps	0.0487658696406007	205	ligand_rank_matrix											
F13A1	Pericyte_cg_fibroblast_like	cogaps	0.0486665328338586	206	ligand_rank_matrix											
COL16A1	Pericyte_cg_fibroblast_like	cogaps	0.0484734140003555	207	ligand_rank_matrix											
CLDN1	Pericyte_cg_fibroblast_like	cogaps	0.0481848416987886	208	ligand_rank_matrix											
PGF	Pericyte_cg_fibroblast_like	cogaps	0.0481324556610291	209	ligand_rank_matrix											
LAMB2	Pericyte_cg_fibroblast_like	cogaps	0.0479921853591513	210	ligand_rank_matrix											
FLRT3	Pericyte_cg_fibroblast_like	cogaps	0.0479106773372327	211	ligand_rank_matrix											
ANXA2	Pericyte_cg_fibroblast_like	cogaps	0.0476931357941632	212	ligand_rank_matrix											
HBEGF	Pericyte_cg_fibroblast_like	cogaps	0.0474518925557132	213	ligand_rank_matrix											
TSPAN3	Pericyte_cg_fibroblast_like	cogaps	0.0469330120001199	214	ligand_rank_matrix											
COL5A2	Pericyte_cg_fibroblast_like	cogaps	0.0466049575878052	215	ligand_rank_matrix											
CNTN4	Pericyte_cg_fibroblast_like	cogaps	0.0463665454425703	216	ligand_rank_matrix											
HAS2	Pericyte_cg_fibroblast_like	cogaps	0.0463100881873273	217	ligand_rank_matrix											
COL8A1	Pericyte_cg_fibroblast_like	cogaps	0.0462787195826537	218	ligand_rank_matrix											
HSP90B1	Pericyte_cg_fibroblast_like	cogaps	0.0462433702744265	219	ligand_rank_matrix											
ADAM10	Pericyte_cg_fibroblast_like	cogaps	0.0458633585072994	220	ligand_rank_matrix											
MXRA5	Pericyte_cg_fibroblast_like	cogaps	0.0458539022167916	221	ligand_rank_matrix											
PSEN1	Pericyte_cg_fibroblast_like	cogaps	0.0447286205640976	222	ligand_rank_matrix											
RSPO3	Pericyte_cg_fibroblast_like	cogaps	0.0440304858432918	223	ligand_rank_matrix											
CALM2	Pericyte_cg_fibroblast_like	cogaps	0.043797808512289	224	ligand_rank_matrix											
EDIL3	Pericyte_cg_fibroblast_like	cogaps	0.0435555301245851	225	ligand_rank_matrix											
NID1	Pericyte_cg_fibroblast_like	cogaps	0.0431913837930933	226	ligand_rank_matrix											
INHBA	Pericyte_cg_fibroblast_like	cogaps	0.0428628311983588	227	ligand_rank_matrix											
FBLN1	Pericyte_cg_fibroblast_like	cogaps	0.0426543327178426	228	ligand_rank_matrix											
PCSK9	Pericyte_cg_fibroblast_like	cogaps	0.0421766337357595	229	ligand_rank_matrix											
PTPRC	Pericyte_cg_fibroblast_like	cogaps	0.0418374964115823	230	ligand_rank_matrix											
SPON1	Pericyte_cg_fibroblast_like	cogaps	0.0418037201375431	231	ligand_rank_matrix											
PI16	Pericyte_cg_fibroblast_like	cogaps	0.0415089798710206	232	ligand_rank_matrix											
HGF	Pericyte_cg_fibroblast_like	cogaps	0.0412315771717034	233	ligand_rank_matrix											
SIGLEC1	Pericyte_cg_fibroblast_like	cogaps	0.040815067938976	234	ligand_rank_matrix											
NRG1	Pericyte_cg_fibroblast_like	cogaps	0.0407895421522571	235	ligand_rank_matrix											
SERPINE2	Pericyte_cg_fibroblast_like	cogaps	0.0402067557573033	236	ligand_rank_matrix											
SEMA3C	Pericyte_cg_fibroblast_like	cogaps	0.0401611230291607	237	ligand_rank_matrix											
BACE2	Pericyte_cg_fibroblast_like	cogaps	0.0399738482318816	238	ligand_rank_matrix											
SPON2	Pericyte_cg_fibroblast_like	cogaps	0.0395092988585072	239	ligand_rank_matrix											
SEMA4C	Pericyte_cg_fibroblast_like	cogaps	0.0394430294093577	240	ligand_rank_matrix											
EFEMP2	Pericyte_cg_fibroblast_like	cogaps	0.0393752625406011	241	ligand_rank_matrix											
ADAM28	Pericyte_cg_fibroblast_like	cogaps	0.0387760928695228	242	ligand_rank_matrix											
AREG	Pericyte_cg_fibroblast_like	cogaps	0.0383379507073842	243	ligand_rank_matrix											
PTN	Pericyte_cg_fibroblast_like	cogaps	0.0379775505782852	244	ligand_rank_matrix											
JAG2	Pericyte_cg_fibroblast_like	cogaps	0.037883978743293	245	ligand_rank_matrix											
DLL1	Pericyte_cg_fibroblast_like	cogaps	0.0376079261269864	246	ligand_rank_matrix											
IFITM1	Pericyte_cg_fibroblast_like	cogaps	0.0374180276710469	247	ligand_rank_matrix											
ANGPT2	Pericyte_cg_fibroblast_like	cogaps	0.03726710038797	248	ligand_rank_matrix											
GAS6	Pericyte_cg_fibroblast_like	cogaps	0.0369475809696207	249	ligand_rank_matrix											
VSIG10	Pericyte_cg_fibroblast_like	cogaps	0.0368311652820335	250	ligand_rank_matrix											
LFNG	Pericyte_cg_fibroblast_like	cogaps	0.0355475827324857	251	ligand_rank_matrix											
PLTP	Pericyte_cg_fibroblast_like	cogaps	0.0352776660850362	252	ligand_rank_matrix											
CX3CL1	Pericyte_cg_fibroblast_like	cogaps	0.0344886606510933	253	ligand_rank_matrix											
CCN4	Pericyte_cg_fibroblast_like	cogaps	0.0343761823930346	254	ligand_rank_matrix											
PAM	Pericyte_cg_fibroblast_like	cogaps	0.0335883606851707	255	ligand_rank_matrix											
MFNG	Pericyte_cg_fibroblast_like	cogaps	0.0334978371230639	256	ligand_rank_matrix											
WIF1	Pericyte_cg_fibroblast_like	cogaps	0.0331976272749594	257	ligand_rank_matrix											
NECTIN3	Pericyte_cg_fibroblast_like	cogaps	0.033075394750107	258	ligand_rank_matrix											
PDGFC	Pericyte_cg_fibroblast_like	cogaps	0.0328151721708638	259	ligand_rank_matrix											
ANGPTL4	Pericyte_cg_fibroblast_like	cogaps	0.0326581106427168	260	ligand_rank_matrix											
BMP6	Pericyte_cg_fibroblast_like	cogaps	0.0325409256487395	261	ligand_rank_matrix											
ANGPTL2	Pericyte_cg_fibroblast_like	cogaps	0.0322038316601343	262	ligand_rank_matrix											
TNFSF14	Pericyte_cg_fibroblast_like	cogaps	0.0320327580127433	263	ligand_rank_matrix											
ESAM	Pericyte_cg_fibroblast_like	cogaps	0.0317783654317023	264	ligand_rank_matrix											
NECTIN2	Pericyte_cg_fibroblast_like	cogaps	0.031527976507236	265	ligand_rank_matrix											
ZNRF3	Pericyte_cg_fibroblast_like	cogaps	0.0312344096654063	266	ligand_rank_matrix											
MYOC	Pericyte_cg_fibroblast_like	cogaps	0.030847399447651	267	ligand_rank_matrix											
LAMA2	Pericyte_cg_fibroblast_like	cogaps	0.0302779159347592	268	ligand_rank_matrix											
WNT5A	Pericyte_cg_fibroblast_like	cogaps	0.0299285155061188	269	ligand_rank_matrix											
CLCF1	Pericyte_cg_fibroblast_like	cogaps	0.0297862321341312	270	ligand_rank_matrix											
POSTN	Pericyte_cg_fibroblast_like	cogaps	0.0295134272270256	271	ligand_rank_matrix											
BMP2	Pericyte_cg_fibroblast_like	cogaps	0.0293442006234075	272	ligand_rank_matrix											
PDGFA	Pericyte_cg_fibroblast_like	cogaps	0.0289430631624418	273	ligand_rank_matrix											
IL6	Pericyte_cg_fibroblast_like	cogaps	0.028792133886951	274	ligand_rank_matrix											
TNFSF13	Pericyte_cg_fibroblast_like	cogaps	0.0283980444327574	275	ligand_rank_matrix											
ANGPT1	Pericyte_cg_fibroblast_like	cogaps	0.0280183585483652	276	ligand_rank_matrix											
VEGFC	Pericyte_cg_fibroblast_like	cogaps	0.0279997597567262	277	ligand_rank_matrix											
PCDHA10	Pericyte_cg_fibroblast_like	cogaps	0.0276906190050374	278	ligand_rank_matrix											
CALR	Pericyte_cg_fibroblast_like	cogaps	0.0272924646177517	279	ligand_rank_matrix											
IGFBP4	Pericyte_cg_fibroblast_like	cogaps	0.0260390467020729	280	ligand_rank_matrix											
LIF	Pericyte_cg_fibroblast_like	cogaps	0.0257926159117008	281	ligand_rank_matrix											
LRIG2	Pericyte_cg_fibroblast_like	cogaps	0.0257318799441495	282	ligand_rank_matrix											
MIF	Pericyte_cg_fibroblast_like	cogaps	0.0256661838366615	283	ligand_rank_matrix											
APP	Pericyte_cg_fibroblast_like	cogaps	0.0251577916447419	284	ligand_rank_matrix											
TGFB3	Pericyte_cg_fibroblast_like	cogaps	0.0249651159927474	285	ligand_rank_matrix											
WNT9A	Pericyte_cg_fibroblast_like	cogaps	0.0248790399035512	286	ligand_rank_matrix											
LTBP3	Pericyte_cg_fibroblast_like	cogaps	0.0241504566919952	287	ligand_rank_matrix											
NGF	Pericyte_cg_fibroblast_like	cogaps	0.0236785679256104	288	ligand_rank_matrix											
CMTM8	Pericyte_cg_fibroblast_like	cogaps	0.0234584945011707	289	ligand_rank_matrix											
WNT2	Pericyte_cg_fibroblast_like	cogaps	0.0231266657404867	290	ligand_rank_matrix											
SCGB3A1	Pericyte_cg_fibroblast_like	cogaps	0.0230475414763507	291	ligand_rank_matrix											
ANOS1	Pericyte_cg_fibroblast_like	cogaps	0.022965378987858	292	ligand_rank_matrix											
JAG1	Pericyte_cg_fibroblast_like	cogaps	0.0228413546901364	293	ligand_rank_matrix											
WNT7B	Pericyte_cg_fibroblast_like	cogaps	0.0227386665120585	294	ligand_rank_matrix											
FURIN	Pericyte_cg_fibroblast_like	cogaps	0.0220663541821878	295	ligand_rank_matrix											
CRTAM	Pericyte_cg_fibroblast_like	cogaps	0.0216655787700186	296	ligand_rank_matrix											
ST6GAL1	Pericyte_cg_fibroblast_like	cogaps	0.0210738241316308	297	ligand_rank_matrix											
CADM1	Pericyte_cg_fibroblast_like	cogaps	0.0210021753261091	298	ligand_rank_matrix											
SIGLEC6	Pericyte_cg_fibroblast_like	cogaps	0.019623404226173	299	ligand_rank_matrix											
WNT2B	Pericyte_cg_fibroblast_like	cogaps	0.0188843262119973	300	ligand_rank_matrix											
IGF1	Pericyte_cg_fibroblast_like	cogaps	0.0185459764486729	301	ligand_rank_matrix											
LTB	Pericyte_cg_fibroblast_like	cogaps	0.0183498181578744	302	ligand_rank_matrix											
CADM3	Pericyte_cg_fibroblast_like	cogaps	0.0180176310073642	303	ligand_rank_matrix											
CAMP	Pericyte_cg_fibroblast_like	cogaps	0.0179936678158196	304	ligand_rank_matrix											
PDGFB	Pericyte_cg_fibroblast_like	cogaps	0.0174819035655687	305	ligand_rank_matrix											
CXCL8	Pericyte_cg_fibroblast_like	cogaps	0.0159639651490288	306	ligand_rank_matrix											
CSF2	Pericyte_cg_fibroblast_like	cogaps	0.015567572770355	307	ligand_rank_matrix											
LTF	Pericyte_cg_fibroblast_like	cogaps	0.0150768529169215	308	ligand_rank_matrix											
MMRN2	Pericyte_cg_fibroblast_like	cogaps	0.0147447596625598	309	ligand_rank_matrix											
CKLF	Pericyte_cg_fibroblast_like	cogaps	0.0108229755857317	310	ligand_rank_matrix											
PLAU	Pericyte_cg_fibroblast_like	cogaps	0.0104986203713947	311	ligand_rank_matrix											
PDGFD	Pericyte_cg_fibroblast_like	cogaps	0.0101210111790458	312	ligand_rank_matrix											
CCN2	Pericyte_cg_inflammatory	cogaps	0.253926475703456	1	ligand_rank_matrix											
TGFB2	Pericyte_cg_inflammatory	cogaps	0.208056409608805	2	ligand_rank_matrix											
TGFB1	Pericyte_cg_inflammatory	cogaps	0.201804777734645	3	ligand_rank_matrix											
TIMP2	Pericyte_cg_inflammatory	cogaps	0.191813835149116	4	ligand_rank_matrix											
VTN	Pericyte_cg_inflammatory	cogaps	0.184893226036941	5	ligand_rank_matrix											
COPA	Pericyte_cg_inflammatory	cogaps	0.18035190801956	6	ligand_rank_matrix											
ICAM1	Pericyte_cg_inflammatory	cogaps	0.177834991716763	7	ligand_rank_matrix											
IL1RN	Pericyte_cg_inflammatory	cogaps	0.175368705047931	8	ligand_rank_matrix											
FN1	Pericyte_cg_inflammatory	cogaps	0.175221102198626	9	ligand_rank_matrix											
NAMPT	Pericyte_cg_inflammatory	cogaps	0.171967275889677	10	ligand_rank_matrix											
C4BPA	Pericyte_cg_inflammatory	cogaps	0.162579212018441	11	ligand_rank_matrix											
PLA2G2A	Pericyte_cg_inflammatory	cogaps	0.157483691019057	12	ligand_rank_matrix											
RELN	Pericyte_cg_inflammatory	cogaps	0.15204366519487	13	ligand_rank_matrix											
EDN1	Pericyte_cg_inflammatory	cogaps	0.151278861662907	14	ligand_rank_matrix											
AGT	Pericyte_cg_inflammatory	cogaps	0.150253031122527	15	ligand_rank_matrix											
VCAM1	Pericyte_cg_inflammatory	cogaps	0.146618363100926	16	ligand_rank_matrix											
MMP14	Pericyte_cg_inflammatory	cogaps	0.146023135953908	17	ligand_rank_matrix											
SIRPB2	Pericyte_cg_inflammatory	cogaps	0.142478893465851	18	ligand_rank_matrix											
SELE	Pericyte_cg_inflammatory	cogaps	0.140987595885629	19	ligand_rank_matrix											
TGFBI	Pericyte_cg_inflammatory	cogaps	0.14070206106054	20	ligand_rank_matrix											
COL4A1	Pericyte_cg_inflammatory	cogaps	0.139900650210272	21	ligand_rank_matrix											
TNC	Pericyte_cg_inflammatory	cogaps	0.138319366927286	22	ligand_rank_matrix											
C3	Pericyte_cg_inflammatory	cogaps	0.136179623214819	23	ligand_rank_matrix											
COL1A1	Pericyte_cg_inflammatory	cogaps	0.135476357551268	24	ligand_rank_matrix											
PRG4	Pericyte_cg_inflammatory	cogaps	0.134361096975257	25	ligand_rank_matrix											
COL5A1	Pericyte_cg_inflammatory	cogaps	0.13433287155956	26	ligand_rank_matrix											
NTS	Pericyte_cg_inflammatory	cogaps	0.132303208794431	27	ligand_rank_matrix											
THBS2	Pericyte_cg_inflammatory	cogaps	0.132156425342204	28	ligand_rank_matrix											
SIGLEC9	Pericyte_cg_inflammatory	cogaps	0.131884587897217	29	ligand_rank_matrix											
JAM3	Pericyte_cg_inflammatory	cogaps	0.131712827334161	30	ligand_rank_matrix											
APOA1	Pericyte_cg_inflammatory	cogaps	0.131386843549429	31	ligand_rank_matrix											
SHISA4	Pericyte_cg_inflammatory	cogaps	0.130862155834319	32	ligand_rank_matrix											
ITGB2	Pericyte_cg_inflammatory	cogaps	0.130488904877751	33	ligand_rank_matrix											
F8	Pericyte_cg_inflammatory	cogaps	0.130378234644687	34	ligand_rank_matrix											
GGT1	Pericyte_cg_inflammatory	cogaps	0.127793248283695	35	ligand_rank_matrix											
ICAM4	Pericyte_cg_inflammatory	cogaps	0.125288747186915	36	ligand_rank_matrix											
HDC	Pericyte_cg_inflammatory	cogaps	0.125237227956474	37	ligand_rank_matrix											
SPON2	Pericyte_cg_inflammatory	cogaps	0.125085317500106	38	ligand_rank_matrix											
COL8A2	Pericyte_cg_inflammatory	cogaps	0.125023420783212	39	ligand_rank_matrix											
CCL2	Pericyte_cg_inflammatory	cogaps	0.125015611330123	40	ligand_rank_matrix											
CLEC11A	Pericyte_cg_inflammatory	cogaps	0.12479997304025	41	ligand_rank_matrix											
C1QB	Pericyte_cg_inflammatory	cogaps	0.124095030906539	42	ligand_rank_matrix											
VWF	Pericyte_cg_inflammatory	cogaps	0.123750776073482	43	ligand_rank_matrix											
ENG	Pericyte_cg_inflammatory	cogaps	0.123587154586103	44	ligand_rank_matrix											
CD99	Pericyte_cg_inflammatory	cogaps	0.121719889070865	45	ligand_rank_matrix											
CTSG	Pericyte_cg_inflammatory	cogaps	0.121685678965536	46	ligand_rank_matrix											
CCN1	Pericyte_cg_inflammatory	cogaps	0.120759486997464	47	ligand_rank_matrix											
SPP1	Pericyte_cg_inflammatory	cogaps	0.120373292355388	48	ligand_rank_matrix											
HLA-DQB1	Pericyte_cg_inflammatory	cogaps	0.118929953108679	49	ligand_rank_matrix											
TIMP3	Pericyte_cg_inflammatory	cogaps	0.118558886200549	50	ligand_rank_matrix											
MMP9	Pericyte_cg_inflammatory	cogaps	0.118319312819441	51	ligand_rank_matrix											
IL1B	Pericyte_cg_inflammatory	cogaps	0.118311866199487	52	ligand_rank_matrix											
SERPING1	Pericyte_cg_inflammatory	cogaps	0.117922606693587	53	ligand_rank_matrix											
LAMA3	Pericyte_cg_inflammatory	cogaps	0.117443213412155	54	ligand_rank_matrix											
ADAM9	Pericyte_cg_inflammatory	cogaps	0.117241729314725	55	ligand_rank_matrix											
ITGAL	Pericyte_cg_inflammatory	cogaps	0.116821738238174	56	ligand_rank_matrix											
ITGAM	Pericyte_cg_inflammatory	cogaps	0.116564631206816	57	ligand_rank_matrix											
IL16	Pericyte_cg_inflammatory	cogaps	0.116090932687793	58	ligand_rank_matrix											
LGALS3	Pericyte_cg_inflammatory	cogaps	0.114798133103495	59	ligand_rank_matrix											
LPL	Pericyte_cg_inflammatory	cogaps	0.114577209358289	60	ligand_rank_matrix											
A2M	Pericyte_cg_inflammatory	cogaps	0.114533594039044	61	ligand_rank_matrix											
FAM3C	Pericyte_cg_inflammatory	cogaps	0.113452793980812	62	ligand_rank_matrix											
SLPI	Pericyte_cg_inflammatory	cogaps	0.112914323418737	63	ligand_rank_matrix											
CD14	Pericyte_cg_inflammatory	cogaps	0.112192947303002	64	ligand_rank_matrix											
SIGLEC7	Pericyte_cg_inflammatory	cogaps	0.111390759019614	65	ligand_rank_matrix											
FCN1	Pericyte_cg_inflammatory	cogaps	0.111284452640225	66	ligand_rank_matrix											
TGM2	Pericyte_cg_inflammatory	cogaps	0.111016197572406	67	ligand_rank_matrix											
MMP2	Pericyte_cg_inflammatory	cogaps	0.110468568470418	68	ligand_rank_matrix											
CCL7	Pericyte_cg_inflammatory	cogaps	0.110214922445849	69	ligand_rank_matrix											
LUM	Pericyte_cg_inflammatory	cogaps	0.11011043261179	70	ligand_rank_matrix											
FGA	Pericyte_cg_inflammatory	cogaps	0.109989713146791	71	ligand_rank_matrix											
CTSD	Pericyte_cg_inflammatory	cogaps	0.109866704949707	72	ligand_rank_matrix											
COL5A3	Pericyte_cg_inflammatory	cogaps	0.109309330668521	73	ligand_rank_matrix											
LGALS3BP	Pericyte_cg_inflammatory	cogaps	0.108727459837463	74	ligand_rank_matrix											
SIRPA	Pericyte_cg_inflammatory	cogaps	0.108368268114137	75	ligand_rank_matrix											
PLAT	Pericyte_cg_inflammatory	cogaps	0.10828582311054	76	ligand_rank_matrix											
COL14A1	Pericyte_cg_inflammatory	cogaps	0.108239482568675	77	ligand_rank_matrix											
OCLN	Pericyte_cg_inflammatory	cogaps	0.107804911841295	78	ligand_rank_matrix											
LAMB3	Pericyte_cg_inflammatory	cogaps	0.107727999022707	79	ligand_rank_matrix											
GPC6	Pericyte_cg_inflammatory	cogaps	0.107705075886206	80	ligand_rank_matrix											
LAMC3	Pericyte_cg_inflammatory	cogaps	0.107448050924425	81	ligand_rank_matrix											
COL19A1	Pericyte_cg_inflammatory	cogaps	0.106662605795502	82	ligand_rank_matrix											
FGG	Pericyte_cg_inflammatory	cogaps	0.106603905312884	83	ligand_rank_matrix											
COL27A1	Pericyte_cg_inflammatory	cogaps	0.106507423932242	84	ligand_rank_matrix											
ADAM17	Pericyte_cg_inflammatory	cogaps	0.106046853623688	85	ligand_rank_matrix											
COL10A1	Pericyte_cg_inflammatory	cogaps	0.105616033073694	86	ligand_rank_matrix											
GPC3	Pericyte_cg_inflammatory	cogaps	0.105495542774593	87	ligand_rank_matrix											
LAMA5	Pericyte_cg_inflammatory	cogaps	0.105252193088431	88	ligand_rank_matrix											
LAMC1	Pericyte_cg_inflammatory	cogaps	0.104752094035142	89	ligand_rank_matrix											
COL4A3	Pericyte_cg_inflammatory	cogaps	0.104230724849473	90	ligand_rank_matrix											
COL3A1	Pericyte_cg_inflammatory	cogaps	0.1035582807481	91	ligand_rank_matrix											
SYT1	Pericyte_cg_inflammatory	cogaps	0.102562605791299	92	ligand_rank_matrix											
DCN	Pericyte_cg_inflammatory	cogaps	0.102504180807815	93	ligand_rank_matrix											
COL6A6	Pericyte_cg_inflammatory	cogaps	0.102290073027437	94	ligand_rank_matrix											
PECAM1	Pericyte_cg_inflammatory	cogaps	0.102091501119759	95	ligand_rank_matrix											
WNT5A	Pericyte_cg_inflammatory	cogaps	0.102090864829573	96	ligand_rank_matrix											
COL6A2	Pericyte_cg_inflammatory	cogaps	0.101994205685378	97	ligand_rank_matrix											
VCAN	Pericyte_cg_inflammatory	cogaps	0.101732920684575	98	ligand_rank_matrix											
IL1A	Pericyte_cg_inflammatory	cogaps	0.101683304807243	99	ligand_rank_matrix											
GRN	Pericyte_cg_inflammatory	cogaps	0.10164942561239	100	ligand_rank_matrix											
TFPI	Pericyte_cg_inflammatory	cogaps	0.101556519404984	101	ligand_rank_matrix											
BACE1	Pericyte_cg_inflammatory	cogaps	0.101356747940211	102	ligand_rank_matrix											
COL1A2	Pericyte_cg_inflammatory	cogaps	0.101330845072143	103	ligand_rank_matrix											
FBN1	Pericyte_cg_inflammatory	cogaps	0.101279001379812	104	ligand_rank_matrix											
CALM3	Pericyte_cg_inflammatory	cogaps	0.100938358959441	105	ligand_rank_matrix											
PROS1	Pericyte_cg_inflammatory	cogaps	0.100784768491442	106	ligand_rank_matrix											
CP	Pericyte_cg_inflammatory	cogaps	0.100708564452565	107	ligand_rank_matrix											
LIN7C	Pericyte_cg_inflammatory	cogaps	0.100468054427381	108	ligand_rank_matrix											
NRP1	Pericyte_cg_inflammatory	cogaps	0.10030834233971	109	ligand_rank_matrix											
TIMP1	Pericyte_cg_inflammatory	cogaps	0.100080460691525	110	ligand_rank_matrix											
FGF14	Pericyte_cg_inflammatory	cogaps	0.0998696905972802	111	ligand_rank_matrix											
F10	Pericyte_cg_inflammatory	cogaps	0.0997861095287589	112	ligand_rank_matrix											
HSPG2	Pericyte_cg_inflammatory	cogaps	0.0996420079158802	113	ligand_rank_matrix											
GNAS	Pericyte_cg_inflammatory	cogaps	0.0985379383160577	114	ligand_rank_matrix											
CD55	Pericyte_cg_inflammatory	cogaps	0.0984473540289895	115	ligand_rank_matrix											
ANGPTL1	Pericyte_cg_inflammatory	cogaps	0.0983621147827268	116	ligand_rank_matrix											
CD320	Pericyte_cg_inflammatory	cogaps	0.0982767208229099	117	ligand_rank_matrix											
LAMA4	Pericyte_cg_inflammatory	cogaps	0.097749352235149	118	ligand_rank_matrix											
LRFN5	Pericyte_cg_inflammatory	cogaps	0.097721708125392	119	ligand_rank_matrix											
PTPRC	Pericyte_cg_inflammatory	cogaps	0.097552126077069	120	ligand_rank_matrix											
ADAM15	Pericyte_cg_inflammatory	cogaps	0.0974563568254507	121	ligand_rank_matrix											
COL18A1	Pericyte_cg_inflammatory	cogaps	0.0966780013075833	122	ligand_rank_matrix											
WNT3A	Pericyte_cg_inflammatory	cogaps	0.0966658036005063	123	ligand_rank_matrix											
COL21A1	Pericyte_cg_inflammatory	cogaps	0.0965796106202265	124	ligand_rank_matrix											
AZGP1	Pericyte_cg_inflammatory	cogaps	0.095581912102444	125	ligand_rank_matrix											
HAS1	Pericyte_cg_inflammatory	cogaps	0.0954567906513923	126	ligand_rank_matrix											
THY1	Pericyte_cg_inflammatory	cogaps	0.0952351788697277	127	ligand_rank_matrix											
SEMA4A	Pericyte_cg_inflammatory	cogaps	0.0947703432352951	128	ligand_rank_matrix											
NCAM1	Pericyte_cg_inflammatory	cogaps	0.0945240447000363	129	ligand_rank_matrix											
FST	Pericyte_cg_inflammatory	cogaps	0.0945077796886975	130	ligand_rank_matrix											
C1QA	Pericyte_cg_inflammatory	cogaps	0.094308919634557	131	ligand_rank_matrix											
THBS1	Pericyte_cg_inflammatory	cogaps	0.0938286586715903	132	ligand_rank_matrix											
MFGE8	Pericyte_cg_inflammatory	cogaps	0.0936348264500475	133	ligand_rank_matrix											
CD1B	Pericyte_cg_inflammatory	cogaps	0.093569180810415	134	ligand_rank_matrix											
SIGLEC5	Pericyte_cg_inflammatory	cogaps	0.0933522549464833	135	ligand_rank_matrix											
LAMC2	Pericyte_cg_inflammatory	cogaps	0.0932922748076235	136	ligand_rank_matrix											
PTN	Pericyte_cg_inflammatory	cogaps	0.093203882818916	137	ligand_rank_matrix											
LAMB1	Pericyte_cg_inflammatory	cogaps	0.0931854627366164	138	ligand_rank_matrix											
LTBP1	Pericyte_cg_inflammatory	cogaps	0.0931336380770443	139	ligand_rank_matrix											
TNFSF14	Pericyte_cg_inflammatory	cogaps	0.093117551856571	140	ligand_rank_matrix											
CALM1	Pericyte_cg_inflammatory	cogaps	0.0930266949761213	141	ligand_rank_matrix											
LGALS9	Pericyte_cg_inflammatory	cogaps	0.092890080264711	142	ligand_rank_matrix											
COL13A1	Pericyte_cg_inflammatory	cogaps	0.0924817008621949	143	ligand_rank_matrix											
SERPINE1	Pericyte_cg_inflammatory	cogaps	0.0923093251153066	144	ligand_rank_matrix											
COL8A1	Pericyte_cg_inflammatory	cogaps	0.0921682861940044	145	ligand_rank_matrix											
LRPAP1	Pericyte_cg_inflammatory	cogaps	0.0919332811208775	146	ligand_rank_matrix											
TSPAN33	Pericyte_cg_inflammatory	cogaps	0.0917437600129047	147	ligand_rank_matrix											
AGRN	Pericyte_cg_inflammatory	cogaps	0.0917250076916219	148	ligand_rank_matrix											
JAM2	Pericyte_cg_inflammatory	cogaps	0.0915553296910387	149	ligand_rank_matrix											
HLA-DRB5	Pericyte_cg_inflammatory	cogaps	0.0909784482784333	150	ligand_rank_matrix											
GDF10	Pericyte_cg_inflammatory	cogaps	0.0906813479940278	151	ligand_rank_matrix											
NRXN3	Pericyte_cg_inflammatory	cogaps	0.0906066853641104	152	ligand_rank_matrix											
COL24A1	Pericyte_cg_inflammatory	cogaps	0.0901860861210442	153	ligand_rank_matrix											
PLEKHO2	Pericyte_cg_inflammatory	cogaps	0.089924644295296	154	ligand_rank_matrix											
COMP	Pericyte_cg_inflammatory	cogaps	0.0897678224084557	155	ligand_rank_matrix											
SEMA3D	Pericyte_cg_inflammatory	cogaps	0.0892586784200108	156	ligand_rank_matrix											
BMP1	Pericyte_cg_inflammatory	cogaps	0.0889174229060183	157	ligand_rank_matrix											
COL4A4	Pericyte_cg_inflammatory	cogaps	0.08883851838203	158	ligand_rank_matrix											
DLL4	Pericyte_cg_inflammatory	cogaps	0.0887736023394555	159	ligand_rank_matrix											
COL4A5	Pericyte_cg_inflammatory	cogaps	0.0884233380100478	160	ligand_rank_matrix											
CNTN6	Pericyte_cg_inflammatory	cogaps	0.0882345370168505	161	ligand_rank_matrix											
SDC2	Pericyte_cg_inflammatory	cogaps	0.0882058433569806	162	ligand_rank_matrix											
SEMA3E	Pericyte_cg_inflammatory	cogaps	0.088068494238833	163	ligand_rank_matrix											
CEACAM6	Pericyte_cg_inflammatory	cogaps	0.087508216070559	164	ligand_rank_matrix											
PENK	Pericyte_cg_inflammatory	cogaps	0.0873734023409722	165	ligand_rank_matrix											
ADAM12	Pericyte_cg_inflammatory	cogaps	0.0870113257796476	166	ligand_rank_matrix											
LIPH	Pericyte_cg_inflammatory	cogaps	0.0869767472102393	167	ligand_rank_matrix											
NFASC	Pericyte_cg_inflammatory	cogaps	0.0868480459369234	168	ligand_rank_matrix											
DUSP18	Pericyte_cg_inflammatory	cogaps	0.0866781564741217	169	ligand_rank_matrix											
CALM2	Pericyte_cg_inflammatory	cogaps	0.0865543361148966	170	ligand_rank_matrix											
PAM	Pericyte_cg_inflammatory	cogaps	0.086390364337242	171	ligand_rank_matrix											
MMP7	Pericyte_cg_inflammatory	cogaps	0.0863201074374932	172	ligand_rank_matrix											
COL6A3	Pericyte_cg_inflammatory	cogaps	0.0861118334621468	173	ligand_rank_matrix											
LAMB2	Pericyte_cg_inflammatory	cogaps	0.0857898294922034	174	ligand_rank_matrix											
PSAP	Pericyte_cg_inflammatory	cogaps	0.0856771349441547	175	ligand_rank_matrix											
HAS2	Pericyte_cg_inflammatory	cogaps	0.0853328669066504	176	ligand_rank_matrix											
COL4A2	Pericyte_cg_inflammatory	cogaps	0.0852923607930791	177	ligand_rank_matrix											
NECTIN4	Pericyte_cg_inflammatory	cogaps	0.0848052243602865	178	ligand_rank_matrix											
MCAM	Pericyte_cg_inflammatory	cogaps	0.0847624546187043	179	ligand_rank_matrix											
ADAM10	Pericyte_cg_inflammatory	cogaps	0.0842639540108686	180	ligand_rank_matrix											
CX3CL1	Pericyte_cg_inflammatory	cogaps	0.0834141685682065	181	ligand_rank_matrix											
COL12A1	Pericyte_cg_inflammatory	cogaps	0.0832780569907002	182	ligand_rank_matrix											
BMP4	Pericyte_cg_inflammatory	cogaps	0.0826399683450198	183	ligand_rank_matrix											
NPNT	Pericyte_cg_inflammatory	cogaps	0.0826275983375988	184	ligand_rank_matrix											
VEGFD	Pericyte_cg_inflammatory	cogaps	0.0820277726879306	185	ligand_rank_matrix											
APOE	Pericyte_cg_inflammatory	cogaps	0.0819529442271015	186	ligand_rank_matrix											
EDIL3	Pericyte_cg_inflammatory	cogaps	0.0818280262912826	187	ligand_rank_matrix											
BMP5	Pericyte_cg_inflammatory	cogaps	0.0816607046189017	188	ligand_rank_matrix											
MDK	Pericyte_cg_inflammatory	cogaps	0.081409477616101	189	ligand_rank_matrix											
LGALS1	Pericyte_cg_inflammatory	cogaps	0.0813392514092789	190	ligand_rank_matrix											
F13A1	Pericyte_cg_inflammatory	cogaps	0.081027686091476	191	ligand_rank_matrix											
COL15A1	Pericyte_cg_inflammatory	cogaps	0.0808978440948357	192	ligand_rank_matrix											
HSP90B1	Pericyte_cg_inflammatory	cogaps	0.0803882574431424	193	ligand_rank_matrix											
COL6A1	Pericyte_cg_inflammatory	cogaps	0.0796364518375666	194	ligand_rank_matrix											
COL16A1	Pericyte_cg_inflammatory	cogaps	0.0792685443697653	195	ligand_rank_matrix											
RGMA	Pericyte_cg_inflammatory	cogaps	0.0791543622011817	196	ligand_rank_matrix											
IGF2	Pericyte_cg_inflammatory	cogaps	0.0784519667381123	197	ligand_rank_matrix											
TSPAN3	Pericyte_cg_inflammatory	cogaps	0.0784052411442027	198	ligand_rank_matrix											
PTDSS1	Pericyte_cg_inflammatory	cogaps	0.0782724697486048	199	ligand_rank_matrix											
CNTN4	Pericyte_cg_inflammatory	cogaps	0.0777897412552146	200	ligand_rank_matrix											
MXRA5	Pericyte_cg_inflammatory	cogaps	0.0771332453570572	201	ligand_rank_matrix											
PI16	Pericyte_cg_inflammatory	cogaps	0.0768722144697443	202	ligand_rank_matrix											
SERPINE2	Pericyte_cg_inflammatory	cogaps	0.0767073260449893	203	ligand_rank_matrix											
ANXA2	Pericyte_cg_inflammatory	cogaps	0.075324136395178	204	ligand_rank_matrix											
COL5A2	Pericyte_cg_inflammatory	cogaps	0.0746647907961918	205	ligand_rank_matrix											
BMP3	Pericyte_cg_inflammatory	cogaps	0.0745323860195051	206	ligand_rank_matrix											
SPON1	Pericyte_cg_inflammatory	cogaps	0.0741412433132833	207	ligand_rank_matrix											
SIGLEC1	Pericyte_cg_inflammatory	cogaps	0.0739985813890835	208	ligand_rank_matrix											
BACE2	Pericyte_cg_inflammatory	cogaps	0.073263227922661	209	ligand_rank_matrix											
ESAM	Pericyte_cg_inflammatory	cogaps	0.0706898079150342	210	ligand_rank_matrix											
FGF2	Pericyte_cg_inflammatory	cogaps	0.0704932010570637	211	ligand_rank_matrix											
ANGPT2	Pericyte_cg_inflammatory	cogaps	0.0700733544210062	212	ligand_rank_matrix											
PSEN1	Pericyte_cg_inflammatory	cogaps	0.0699857893149521	213	ligand_rank_matrix											
HBEGF	Pericyte_cg_inflammatory	cogaps	0.0699313815045364	214	ligand_rank_matrix											
CCN4	Pericyte_cg_inflammatory	cogaps	0.0698833579670404	215	ligand_rank_matrix											
GAS6	Pericyte_cg_inflammatory	cogaps	0.06957558920714	216	ligand_rank_matrix											
IFITM1	Pericyte_cg_inflammatory	cogaps	0.0695634346964623	217	ligand_rank_matrix											
PLTP	Pericyte_cg_inflammatory	cogaps	0.0687492117088667	218	ligand_rank_matrix											
SPARC	Pericyte_cg_inflammatory	cogaps	0.0672925350739234	219	ligand_rank_matrix											
NID1	Pericyte_cg_inflammatory	cogaps	0.0671760276292594	220	ligand_rank_matrix											
VSIG10	Pericyte_cg_inflammatory	cogaps	0.0671233733227366	221	ligand_rank_matrix											
OSM	Pericyte_cg_inflammatory	cogaps	0.0659988643928075	222	ligand_rank_matrix											
FBLN1	Pericyte_cg_inflammatory	cogaps	0.0656346149876387	223	ligand_rank_matrix											
DLL1	Pericyte_cg_inflammatory	cogaps	0.0647250169589789	224	ligand_rank_matrix											
PCSK9	Pericyte_cg_inflammatory	cogaps	0.0645665447978238	225	ligand_rank_matrix											
CXCL8	Pericyte_cg_inflammatory	cogaps	0.0640510258677831	226	ligand_rank_matrix											
CXCL12	Pericyte_cg_inflammatory	cogaps	0.0633654935897082	227	ligand_rank_matrix											
ADAM28	Pericyte_cg_inflammatory	cogaps	0.0629516491998117	228	ligand_rank_matrix											
ANGPT1	Pericyte_cg_inflammatory	cogaps	0.0602943812399864	229	ligand_rank_matrix											
CLCF1	Pericyte_cg_inflammatory	cogaps	0.0599298626854532	230	ligand_rank_matrix											
SEMA3C	Pericyte_cg_inflammatory	cogaps	0.0590229756814264	231	ligand_rank_matrix											
APP	Pericyte_cg_inflammatory	cogaps	0.05848837086104	232	ligand_rank_matrix											
LTBP3	Pericyte_cg_inflammatory	cogaps	0.058418266520772	233	ligand_rank_matrix											
JAG2	Pericyte_cg_inflammatory	cogaps	0.0583701044971733	234	ligand_rank_matrix											
WNT7B	Pericyte_cg_inflammatory	cogaps	0.0583503719740233	235	ligand_rank_matrix											
POSTN	Pericyte_cg_inflammatory	cogaps	0.0576934097817319	236	ligand_rank_matrix											
ANGPTL4	Pericyte_cg_inflammatory	cogaps	0.056536270731688	237	ligand_rank_matrix											
FGF7	Pericyte_cg_inflammatory	cogaps	0.0560578990318718	238	ligand_rank_matrix											
BDNF	Pericyte_cg_inflammatory	cogaps	0.0552973922994369	239	ligand_rank_matrix											
NECTIN2	Pericyte_cg_inflammatory	cogaps	0.0547819588854163	240	ligand_rank_matrix											
LFNG	Pericyte_cg_inflammatory	cogaps	0.0547092756232757	241	ligand_rank_matrix											
FGF18	Pericyte_cg_inflammatory	cogaps	0.0535197775470335	242	ligand_rank_matrix											
PCDHA10	Pericyte_cg_inflammatory	cogaps	0.05281944136523	243	ligand_rank_matrix											
NECTIN3	Pericyte_cg_inflammatory	cogaps	0.0525920181590111	244	ligand_rank_matrix											
FGF1	Pericyte_cg_inflammatory	cogaps	0.0517754862689602	245	ligand_rank_matrix											
ANGPTL2	Pericyte_cg_inflammatory	cogaps	0.0516579464985055	246	ligand_rank_matrix											
MFNG	Pericyte_cg_inflammatory	cogaps	0.0513818695888925	247	ligand_rank_matrix											
PDGFC	Pericyte_cg_inflammatory	cogaps	0.0483032667279634	248	ligand_rank_matrix											
ANOS1	Pericyte_cg_inflammatory	cogaps	0.0480630355622054	249	ligand_rank_matrix											
CLDN1	Pericyte_cg_inflammatory	cogaps	0.0471564704213984	250	ligand_rank_matrix											
TNFSF13	Pericyte_cg_inflammatory	cogaps	0.0467303626708453	251	ligand_rank_matrix											
INHBA	Pericyte_cg_inflammatory	cogaps	0.0458286694277442	252	ligand_rank_matrix											
HGF	Pericyte_cg_inflammatory	cogaps	0.0456096373665322	253	ligand_rank_matrix											
NRG1	Pericyte_cg_inflammatory	cogaps	0.0451077876753893	254	ligand_rank_matrix											
BMP6	Pericyte_cg_inflammatory	cogaps	0.0442502974010911	255	ligand_rank_matrix											
MIF	Pericyte_cg_inflammatory	cogaps	0.0416747702364102	256	ligand_rank_matrix											
JAG1	Pericyte_cg_inflammatory	cogaps	0.0412375022953469	257	ligand_rank_matrix											
PDGFA	Pericyte_cg_inflammatory	cogaps	0.0409563783112615	258	ligand_rank_matrix											
IL6	Pericyte_cg_inflammatory	cogaps	0.0407683115910337	259	ligand_rank_matrix											
BMP2	Pericyte_cg_inflammatory	cogaps	0.0395579657726309	260	ligand_rank_matrix											
CALR	Pericyte_cg_inflammatory	cogaps	0.0386612873872164	261	ligand_rank_matrix											
LIF	Pericyte_cg_inflammatory	cogaps	0.0386146077688723	262	ligand_rank_matrix											
LAMA2	Pericyte_cg_inflammatory	cogaps	0.0351399856495597	263	ligand_rank_matrix											
SCGB3A1	Pericyte_cg_inflammatory	cogaps	0.0345320985793725	264	ligand_rank_matrix											
NGF	Pericyte_cg_inflammatory	cogaps	0.0341276962152792	265	ligand_rank_matrix											
TGFB3	Pericyte_cg_inflammatory	cogaps	0.0317147545682812	266	ligand_rank_matrix											
CRTAM	Pericyte_cg_inflammatory	cogaps	0.0314047764905613	267	ligand_rank_matrix											
FURIN	Pericyte_cg_inflammatory	cogaps	0.0302590273116933	268	ligand_rank_matrix											
CADM1	Pericyte_cg_inflammatory	cogaps	0.0301270781228979	269	ligand_rank_matrix											
SIGLEC6	Pericyte_cg_inflammatory	cogaps	0.0289931920709305	270	ligand_rank_matrix											
PDGFB	Pericyte_cg_inflammatory	cogaps	0.0289930224902561	271	ligand_rank_matrix											
CADM3	Pericyte_cg_inflammatory	cogaps	0.0275080970358964	272	ligand_rank_matrix											
CCL28	Pericyte_cg_inflammatory	cogaps	0.0265366773389364	273	ligand_rank_matrix											
IGF1	Pericyte_cg_inflammatory	cogaps	0.0241649708759031	274	ligand_rank_matrix											
CSF2	Pericyte_cg_inflammatory	cogaps	0.0234876268054602	275	ligand_rank_matrix											
LTB	Pericyte_cg_inflammatory	cogaps	0.0212399633282758	276	ligand_rank_matrix											
LTF	Pericyte_cg_inflammatory	cogaps	0.0200738331425849	277	ligand_rank_matrix											
PDGFD	Pericyte_cg_inflammatory	cogaps	0.0178779302655802	278	ligand_rank_matrix											
MMRN2	Pericyte_cg_inflammatory	cogaps	0.0173955743689274	279	ligand_rank_matrix											
PLAU	Pericyte_cg_inflammatory	cogaps	0.0155514680485214	280	ligand_rank_matrix											
EPHA4	Pericyte_cg_inflammatory	cogaps	0.0139025175097466	281	ligand_rank_matrix											
TGFB1	Pericyte_cg_synthetic_contractile	cogaps	0.173912408817553	1	ligand_rank_matrix											
TGFB2	Pericyte_cg_synthetic_contractile	cogaps	0.171171521012449	2	ligand_rank_matrix											
COPA	Pericyte_cg_synthetic_contractile	cogaps	0.150810863261795	3	ligand_rank_matrix											
TIMP2	Pericyte_cg_synthetic_contractile	cogaps	0.131754181858965	4	ligand_rank_matrix											
VTN	Pericyte_cg_synthetic_contractile	cogaps	0.119351275549412	5	ligand_rank_matrix											
RELN	Pericyte_cg_synthetic_contractile	cogaps	0.118088301771781	6	ligand_rank_matrix											
COL1A1	Pericyte_cg_synthetic_contractile	cogaps	0.11368165085607	7	ligand_rank_matrix											
COL4A1	Pericyte_cg_synthetic_contractile	cogaps	0.113552698182186	8	ligand_rank_matrix											
COL5A1	Pericyte_cg_synthetic_contractile	cogaps	0.112376027695071	9	ligand_rank_matrix											
CCN2	Pericyte_cg_synthetic_contractile	cogaps	0.109615880090225	10	ligand_rank_matrix											
MMP14	Pericyte_cg_synthetic_contractile	cogaps	0.0993931370849241	11	ligand_rank_matrix											
TGM2	Pericyte_cg_synthetic_contractile	cogaps	0.0938665258653134	12	ligand_rank_matrix											
COL10A1	Pericyte_cg_synthetic_contractile	cogaps	0.0921615024407522	13	ligand_rank_matrix											
AGT	Pericyte_cg_synthetic_contractile	cogaps	0.0897148868978238	14	ligand_rank_matrix											
ENG	Pericyte_cg_synthetic_contractile	cogaps	0.0874467880126433	15	ligand_rank_matrix											
VCAM1	Pericyte_cg_synthetic_contractile	cogaps	0.0867552490650913	16	ligand_rank_matrix											
SIRPB2	Pericyte_cg_synthetic_contractile	cogaps	0.0860868945934233	17	ligand_rank_matrix											
PLXNA1	Pericyte_cg_synthetic_contractile	cogaps	0.0847555665991496	18	ligand_rank_matrix											
WNT3A	Pericyte_cg_synthetic_contractile	cogaps	0.0843159306019084	19	ligand_rank_matrix											
FN1	Pericyte_cg_synthetic_contractile	cogaps	0.0836622339791511	20	ligand_rank_matrix											
NAMPT	Pericyte_cg_synthetic_contractile	cogaps	0.0821930855526459	21	ligand_rank_matrix											
BMP4	Pericyte_cg_synthetic_contractile	cogaps	0.0819473625936653	22	ligand_rank_matrix											
THBS2	Pericyte_cg_synthetic_contractile	cogaps	0.0801950460233634	23	ligand_rank_matrix											
TNC	Pericyte_cg_synthetic_contractile	cogaps	0.078574007064742	24	ligand_rank_matrix											
ICAM1	Pericyte_cg_synthetic_contractile	cogaps	0.0778699920493718	25	ligand_rank_matrix											
ANG	Pericyte_cg_synthetic_contractile	cogaps	0.0762071434268335	26	ligand_rank_matrix											
GRN	Pericyte_cg_synthetic_contractile	cogaps	0.075343197578144	27	ligand_rank_matrix											
SEMA3F	Pericyte_cg_synthetic_contractile	cogaps	0.0733000463063071	28	ligand_rank_matrix											
NTS	Pericyte_cg_synthetic_contractile	cogaps	0.0708786584668907	29	ligand_rank_matrix											
C4BPA	Pericyte_cg_synthetic_contractile	cogaps	0.0701844961624299	30	ligand_rank_matrix											
S100A9	Pericyte_cg_synthetic_contractile	cogaps	0.0670056074988524	31	ligand_rank_matrix											
SHISA4	Pericyte_cg_synthetic_contractile	cogaps	0.0652740342974994	32	ligand_rank_matrix											
LGALS3BP	Pericyte_cg_synthetic_contractile	cogaps	0.0642979012808279	33	ligand_rank_matrix											
C1QB	Pericyte_cg_synthetic_contractile	cogaps	0.0638374925686095	34	ligand_rank_matrix											
EDN1	Pericyte_cg_synthetic_contractile	cogaps	0.0630189314467878	35	ligand_rank_matrix											
DLL4	Pericyte_cg_synthetic_contractile	cogaps	0.0627477730069801	36	ligand_rank_matrix											
GGT1	Pericyte_cg_synthetic_contractile	cogaps	0.0623326414693861	37	ligand_rank_matrix											
CALM3	Pericyte_cg_synthetic_contractile	cogaps	0.062314086826535	38	ligand_rank_matrix											
PLAT	Pericyte_cg_synthetic_contractile	cogaps	0.0623062367728491	39	ligand_rank_matrix											
MMP7	Pericyte_cg_synthetic_contractile	cogaps	0.0622727026922143	40	ligand_rank_matrix											
TIMP1	Pericyte_cg_synthetic_contractile	cogaps	0.0608986759897571	41	ligand_rank_matrix											
MMP9	Pericyte_cg_synthetic_contractile	cogaps	0.0605994770849808	42	ligand_rank_matrix											
PSAP	Pericyte_cg_synthetic_contractile	cogaps	0.0596650713012525	43	ligand_rank_matrix											
OCLN	Pericyte_cg_synthetic_contractile	cogaps	0.0594505091917351	44	ligand_rank_matrix											
SEMA3A	Pericyte_cg_synthetic_contractile	cogaps	0.0593769605506623	45	ligand_rank_matrix											
FBN1	Pericyte_cg_synthetic_contractile	cogaps	0.0592417192899073	46	ligand_rank_matrix											
COL8A2	Pericyte_cg_synthetic_contractile	cogaps	0.0589695505513396	47	ligand_rank_matrix											
JAM3	Pericyte_cg_synthetic_contractile	cogaps	0.0588976830225789	48	ligand_rank_matrix											
SPARC	Pericyte_cg_synthetic_contractile	cogaps	0.0588835485191375	49	ligand_rank_matrix											
SELE	Pericyte_cg_synthetic_contractile	cogaps	0.0586548364758963	50	ligand_rank_matrix											
ANXA1	Pericyte_cg_synthetic_contractile	cogaps	0.0585754483424087	51	ligand_rank_matrix											
TIMP3	Pericyte_cg_synthetic_contractile	cogaps	0.058335260148714	52	ligand_rank_matrix											
DCN	Pericyte_cg_synthetic_contractile	cogaps	0.0580126878132875	53	ligand_rank_matrix											
LTBP1	Pericyte_cg_synthetic_contractile	cogaps	0.0578814953621667	54	ligand_rank_matrix											
LAMA3	Pericyte_cg_synthetic_contractile	cogaps	0.0574724428364579	55	ligand_rank_matrix											
C3	Pericyte_cg_synthetic_contractile	cogaps	0.0571168511704066	56	ligand_rank_matrix											
OSM	Pericyte_cg_synthetic_contractile	cogaps	0.0569928912520459	57	ligand_rank_matrix											
FGA	Pericyte_cg_synthetic_contractile	cogaps	0.0568567224643719	58	ligand_rank_matrix											
ITGB2	Pericyte_cg_synthetic_contractile	cogaps	0.0566032935881474	59	ligand_rank_matrix											
COL1A2	Pericyte_cg_synthetic_contractile	cogaps	0.0565852589842641	60	ligand_rank_matrix											
MMP2	Pericyte_cg_synthetic_contractile	cogaps	0.0564071703690689	61	ligand_rank_matrix											
FCN1	Pericyte_cg_synthetic_contractile	cogaps	0.0563048745750796	62	ligand_rank_matrix											
FAM3C	Pericyte_cg_synthetic_contractile	cogaps	0.0559763520328571	63	ligand_rank_matrix											
IL1A	Pericyte_cg_synthetic_contractile	cogaps	0.0557998485286627	64	ligand_rank_matrix											
IL1B	Pericyte_cg_synthetic_contractile	cogaps	0.0556317762766982	65	ligand_rank_matrix											
PTPRK	Pericyte_cg_synthetic_contractile	cogaps	0.0555486097766285	66	ligand_rank_matrix											
CTSG	Pericyte_cg_synthetic_contractile	cogaps	0.0552600856902071	67	ligand_rank_matrix											
VCAN	Pericyte_cg_synthetic_contractile	cogaps	0.0551886545850591	68	ligand_rank_matrix											
BMP1	Pericyte_cg_synthetic_contractile	cogaps	0.0551112545492823	69	ligand_rank_matrix											
COL3A1	Pericyte_cg_synthetic_contractile	cogaps	0.0548999002045494	70	ligand_rank_matrix											
LAMC1	Pericyte_cg_synthetic_contractile	cogaps	0.0543552337014423	71	ligand_rank_matrix											
FLRT2	Pericyte_cg_synthetic_contractile	cogaps	0.0541887559299158	72	ligand_rank_matrix											
CDCP1	Pericyte_cg_synthetic_contractile	cogaps	0.0541202089178144	73	ligand_rank_matrix											
VWF	Pericyte_cg_synthetic_contractile	cogaps	0.0540888733955192	74	ligand_rank_matrix											
TFPI	Pericyte_cg_synthetic_contractile	cogaps	0.0540703909378119	75	ligand_rank_matrix											
COL5A3	Pericyte_cg_synthetic_contractile	cogaps	0.0539869155625034	76	ligand_rank_matrix											
RARRES1	Pericyte_cg_synthetic_contractile	cogaps	0.0538435593509959	77	ligand_rank_matrix											
A2M	Pericyte_cg_synthetic_contractile	cogaps	0.0535833026226395	78	ligand_rank_matrix											
CTSD	Pericyte_cg_synthetic_contractile	cogaps	0.0533580252080237	79	ligand_rank_matrix											
CD14	Pericyte_cg_synthetic_contractile	cogaps	0.0531738858959109	80	ligand_rank_matrix											
LUM	Pericyte_cg_synthetic_contractile	cogaps	0.0530664165599019	81	ligand_rank_matrix											
LAMA5	Pericyte_cg_synthetic_contractile	cogaps	0.0528171523921253	82	ligand_rank_matrix											
PVR	Pericyte_cg_synthetic_contractile	cogaps	0.0527454377271266	83	ligand_rank_matrix											
FGG	Pericyte_cg_synthetic_contractile	cogaps	0.052634522027119	84	ligand_rank_matrix											
HDC	Pericyte_cg_synthetic_contractile	cogaps	0.0525198687501352	85	ligand_rank_matrix											
SIGLEC7	Pericyte_cg_synthetic_contractile	cogaps	0.0523522479118091	86	ligand_rank_matrix											
WIF1	Pericyte_cg_synthetic_contractile	cogaps	0.0521905098905383	87	ligand_rank_matrix											
CP	Pericyte_cg_synthetic_contractile	cogaps	0.0521243065070583	88	ligand_rank_matrix											
CCN1	Pericyte_cg_synthetic_contractile	cogaps	0.0520766309649673	89	ligand_rank_matrix											
SPP1	Pericyte_cg_synthetic_contractile	cogaps	0.0519867213024031	90	ligand_rank_matrix											
SERPING1	Pericyte_cg_synthetic_contractile	cogaps	0.0518375468077774	91	ligand_rank_matrix											
SARAF	Pericyte_cg_synthetic_contractile	cogaps	0.0518212550142021	92	ligand_rank_matrix											
S100A4	Pericyte_cg_synthetic_contractile	cogaps	0.0518059730396611	93	ligand_rank_matrix											
COL19A1	Pericyte_cg_synthetic_contractile	cogaps	0.0515122697818809	94	ligand_rank_matrix											
LAMB3	Pericyte_cg_synthetic_contractile	cogaps	0.0514479842760916	95	ligand_rank_matrix											
SLPI	Pericyte_cg_synthetic_contractile	cogaps	0.0514424955527205	96	ligand_rank_matrix											
CORIN	Pericyte_cg_synthetic_contractile	cogaps	0.0507901781393798	97	ligand_rank_matrix											
IL1RN	Pericyte_cg_synthetic_contractile	cogaps	0.050722797923019	98	ligand_rank_matrix											
COL6A2	Pericyte_cg_synthetic_contractile	cogaps	0.0506521312702379	99	ligand_rank_matrix											
PLA2G2A	Pericyte_cg_synthetic_contractile	cogaps	0.0506176784317697	100	ligand_rank_matrix											
NRP1	Pericyte_cg_synthetic_contractile	cogaps	0.0505810375910978	101	ligand_rank_matrix											
FGF2	Pericyte_cg_synthetic_contractile	cogaps	0.0502615807271672	102	ligand_rank_matrix											
BACE1	Pericyte_cg_synthetic_contractile	cogaps	0.0501753480805316	103	ligand_rank_matrix											
SEMA3G	Pericyte_cg_synthetic_contractile	cogaps	0.0501741602019852	104	ligand_rank_matrix											
FST	Pericyte_cg_synthetic_contractile	cogaps	0.0500645855731164	105	ligand_rank_matrix											
LGALS9	Pericyte_cg_synthetic_contractile	cogaps	0.050031915604004	106	ligand_rank_matrix											
SIRPA	Pericyte_cg_synthetic_contractile	cogaps	0.0498894629310258	107	ligand_rank_matrix											
NRG3	Pericyte_cg_synthetic_contractile	cogaps	0.0498732603551836	108	ligand_rank_matrix											
TGFBI	Pericyte_cg_synthetic_contractile	cogaps	0.0498591693293524	109	ligand_rank_matrix											
GNAS	Pericyte_cg_synthetic_contractile	cogaps	0.0497956572859943	110	ligand_rank_matrix											
PECAM1	Pericyte_cg_synthetic_contractile	cogaps	0.0496331640251146	111	ligand_rank_matrix											
CDH1	Pericyte_cg_synthetic_contractile	cogaps	0.0496330255681776	112	ligand_rank_matrix											
COL14A1	Pericyte_cg_synthetic_contractile	cogaps	0.0495788572145769	113	ligand_rank_matrix											
PROS1	Pericyte_cg_synthetic_contractile	cogaps	0.0495519365167039	114	ligand_rank_matrix											
THBS1	Pericyte_cg_synthetic_contractile	cogaps	0.0495071034528868	115	ligand_rank_matrix											
COL6A6	Pericyte_cg_synthetic_contractile	cogaps	0.0493952207372782	116	ligand_rank_matrix											
LIN7C	Pericyte_cg_synthetic_contractile	cogaps	0.0493441250355395	117	ligand_rank_matrix											
SIGLEC9	Pericyte_cg_synthetic_contractile	cogaps	0.0492572653163089	118	ligand_rank_matrix											
ADAM9	Pericyte_cg_synthetic_contractile	cogaps	0.0490314093489662	119	ligand_rank_matrix											
S100B	Pericyte_cg_synthetic_contractile	cogaps	0.0489983725412896	120	ligand_rank_matrix											
COL27A1	Pericyte_cg_synthetic_contractile	cogaps	0.0487697826541349	121	ligand_rank_matrix											
HSPG2	Pericyte_cg_synthetic_contractile	cogaps	0.0486491684471689	122	ligand_rank_matrix											
THY1	Pericyte_cg_synthetic_contractile	cogaps	0.0486191490855416	123	ligand_rank_matrix											
APOA1	Pericyte_cg_synthetic_contractile	cogaps	0.0485484252307405	124	ligand_rank_matrix											
JAM2	Pericyte_cg_synthetic_contractile	cogaps	0.0485468645510364	125	ligand_rank_matrix											
ADAM15	Pericyte_cg_synthetic_contractile	cogaps	0.0483859717522439	126	ligand_rank_matrix											
GPC6	Pericyte_cg_synthetic_contractile	cogaps	0.0481807735320952	127	ligand_rank_matrix											
CRB3	Pericyte_cg_synthetic_contractile	cogaps	0.0481387508661037	128	ligand_rank_matrix											
BOC	Pericyte_cg_synthetic_contractile	cogaps	0.0481033734856445	129	ligand_rank_matrix											
VEGFA	Pericyte_cg_synthetic_contractile	cogaps	0.0480343533853194	130	ligand_rank_matrix											
FGF14	Pericyte_cg_synthetic_contractile	cogaps	0.0477768806482695	131	ligand_rank_matrix											
GPC3	Pericyte_cg_synthetic_contractile	cogaps	0.0476416878387509	132	ligand_rank_matrix											
LAMC3	Pericyte_cg_synthetic_contractile	cogaps	0.0476384718486361	133	ligand_rank_matrix											
EFNB1	Pericyte_cg_synthetic_contractile	cogaps	0.0473590084273167	134	ligand_rank_matrix											
BMP5	Pericyte_cg_synthetic_contractile	cogaps	0.047357952954597	135	ligand_rank_matrix											
ADAM17	Pericyte_cg_synthetic_contractile	cogaps	0.0470660981201333	136	ligand_rank_matrix											
COL18A1	Pericyte_cg_synthetic_contractile	cogaps	0.0470246391804889	137	ligand_rank_matrix											
COL21A1	Pericyte_cg_synthetic_contractile	cogaps	0.0467708699256	138	ligand_rank_matrix											
KIRREL1	Pericyte_cg_synthetic_contractile	cogaps	0.0467347145384963	139	ligand_rank_matrix											
EREG	Pericyte_cg_synthetic_contractile	cogaps	0.0466392634825869	140	ligand_rank_matrix											
LAMC2	Pericyte_cg_synthetic_contractile	cogaps	0.0464769958370695	141	ligand_rank_matrix											
NTN1	Pericyte_cg_synthetic_contractile	cogaps	0.0464689640605339	142	ligand_rank_matrix											
COMP	Pericyte_cg_synthetic_contractile	cogaps	0.0464083480896673	143	ligand_rank_matrix											
LAMB1	Pericyte_cg_synthetic_contractile	cogaps	0.0463607966102587	144	ligand_rank_matrix											
BMP3	Pericyte_cg_synthetic_contractile	cogaps	0.046307757749203	145	ligand_rank_matrix											
COL12A1	Pericyte_cg_synthetic_contractile	cogaps	0.0462592326455228	146	ligand_rank_matrix											
COL4A4	Pericyte_cg_synthetic_contractile	cogaps	0.0461298886216664	147	ligand_rank_matrix											
F8	Pericyte_cg_synthetic_contractile	cogaps	0.0459321216605388	148	ligand_rank_matrix											
SYT1	Pericyte_cg_synthetic_contractile	cogaps	0.0459260297265831	149	ligand_rank_matrix											
SEMA3D	Pericyte_cg_synthetic_contractile	cogaps	0.0458607669913719	150	ligand_rank_matrix											
NCAM1	Pericyte_cg_synthetic_contractile	cogaps	0.0458333250244954	151	ligand_rank_matrix											
CLDN1	Pericyte_cg_synthetic_contractile	cogaps	0.0458281470447316	152	ligand_rank_matrix											
SERPINE1	Pericyte_cg_synthetic_contractile	cogaps	0.0458101490081083	153	ligand_rank_matrix											
CD99	Pericyte_cg_synthetic_contractile	cogaps	0.0457674449486209	154	ligand_rank_matrix											
COL24A1	Pericyte_cg_synthetic_contractile	cogaps	0.0457402788670632	155	ligand_rank_matrix											
GDF10	Pericyte_cg_synthetic_contractile	cogaps	0.0457294998513776	156	ligand_rank_matrix											
COL4A3	Pericyte_cg_synthetic_contractile	cogaps	0.0453367019163139	157	ligand_rank_matrix											
ICAM4	Pericyte_cg_synthetic_contractile	cogaps	0.0453236701705422	158	ligand_rank_matrix											
SEMA3B	Pericyte_cg_synthetic_contractile	cogaps	0.0453011922094809	159	ligand_rank_matrix											
SEMA3E	Pericyte_cg_synthetic_contractile	cogaps	0.045158810719038	160	ligand_rank_matrix											
VEGFD	Pericyte_cg_synthetic_contractile	cogaps	0.0451455326129425	161	ligand_rank_matrix											
C1QA	Pericyte_cg_synthetic_contractile	cogaps	0.045083525728563	162	ligand_rank_matrix											
COL13A1	Pericyte_cg_synthetic_contractile	cogaps	0.0450507097793183	163	ligand_rank_matrix											
LGALS3	Pericyte_cg_synthetic_contractile	cogaps	0.0447676369083045	164	ligand_rank_matrix											
CD55	Pericyte_cg_synthetic_contractile	cogaps	0.0446602997169063	165	ligand_rank_matrix											
CEACAM1	Pericyte_cg_synthetic_contractile	cogaps	0.0446316639558836	166	ligand_rank_matrix											
LRFN5	Pericyte_cg_synthetic_contractile	cogaps	0.0446230654232058	167	ligand_rank_matrix											
IGFBP3	Pericyte_cg_synthetic_contractile	cogaps	0.0446085251528599	168	ligand_rank_matrix											
LRRC4B	Pericyte_cg_synthetic_contractile	cogaps	0.0445781264405841	169	ligand_rank_matrix											
RGMA	Pericyte_cg_synthetic_contractile	cogaps	0.0444992359169017	170	ligand_rank_matrix											
F10	Pericyte_cg_synthetic_contractile	cogaps	0.0444157941803122	171	ligand_rank_matrix											
MCAM	Pericyte_cg_synthetic_contractile	cogaps	0.044374905418289	172	ligand_rank_matrix											
SEMA4A	Pericyte_cg_synthetic_contractile	cogaps	0.0442240289229631	173	ligand_rank_matrix											
CLEC11A	Pericyte_cg_synthetic_contractile	cogaps	0.0440937306140012	174	ligand_rank_matrix											
ANGPTL1	Pericyte_cg_synthetic_contractile	cogaps	0.0440167924387616	175	ligand_rank_matrix											
LRPAP1	Pericyte_cg_synthetic_contractile	cogaps	0.0440010810932031	176	ligand_rank_matrix											
SOSTDC1	Pericyte_cg_synthetic_contractile	cogaps	0.0438563071879264	177	ligand_rank_matrix											
LAMA4	Pericyte_cg_synthetic_contractile	cogaps	0.0433817588081992	178	ligand_rank_matrix											
SLITRK6	Pericyte_cg_synthetic_contractile	cogaps	0.0432929207024028	179	ligand_rank_matrix											
CNTN6	Pericyte_cg_synthetic_contractile	cogaps	0.0431361941328501	180	ligand_rank_matrix											
LGALS1	Pericyte_cg_synthetic_contractile	cogaps	0.0431183578973192	181	ligand_rank_matrix											
HLA-DQB1	Pericyte_cg_synthetic_contractile	cogaps	0.0430381605931773	182	ligand_rank_matrix											
CD320	Pericyte_cg_synthetic_contractile	cogaps	0.0429525584687962	183	ligand_rank_matrix											
SEMA4D	Pericyte_cg_synthetic_contractile	cogaps	0.0429474567012459	184	ligand_rank_matrix											
COL15A1	Pericyte_cg_synthetic_contractile	cogaps	0.042908885042429	185	ligand_rank_matrix											
CEACAM6	Pericyte_cg_synthetic_contractile	cogaps	0.042799656921368	186	ligand_rank_matrix											
ADAM12	Pericyte_cg_synthetic_contractile	cogaps	0.042797594004046	187	ligand_rank_matrix											
LIPH	Pericyte_cg_synthetic_contractile	cogaps	0.0427118667061863	188	ligand_rank_matrix											
FGF7	Pericyte_cg_synthetic_contractile	cogaps	0.0425266080921745	189	ligand_rank_matrix											
IL16	Pericyte_cg_synthetic_contractile	cogaps	0.0424501099269411	190	ligand_rank_matrix											
AGRN	Pericyte_cg_synthetic_contractile	cogaps	0.0423797898198587	191	ligand_rank_matrix											
COL16A1	Pericyte_cg_synthetic_contractile	cogaps	0.0423652294692649	192	ligand_rank_matrix											
EFEMP1	Pericyte_cg_synthetic_contractile	cogaps	0.0422371030376855	193	ligand_rank_matrix											
COL6A1	Pericyte_cg_synthetic_contractile	cogaps	0.0422212218440203	194	ligand_rank_matrix											
MDK	Pericyte_cg_synthetic_contractile	cogaps	0.0422124774181262	195	ligand_rank_matrix											
CALM1	Pericyte_cg_synthetic_contractile	cogaps	0.0421534968152401	196	ligand_rank_matrix											
SIGLEC5	Pericyte_cg_synthetic_contractile	cogaps	0.0421333166854442	197	ligand_rank_matrix											
CD1B	Pericyte_cg_synthetic_contractile	cogaps	0.0417697433982528	198	ligand_rank_matrix											
NFASC	Pericyte_cg_synthetic_contractile	cogaps	0.0416563538077036	199	ligand_rank_matrix											
HBEGF	Pericyte_cg_synthetic_contractile	cogaps	0.0416023328325733	200	ligand_rank_matrix											
ANXA2	Pericyte_cg_synthetic_contractile	cogaps	0.0415006499825282	201	ligand_rank_matrix											
COL4A5	Pericyte_cg_synthetic_contractile	cogaps	0.0414670268420983	202	ligand_rank_matrix											
TSPAN33	Pericyte_cg_synthetic_contractile	cogaps	0.0414137594163102	203	ligand_rank_matrix											
SDC2	Pericyte_cg_synthetic_contractile	cogaps	0.0414079370577442	204	ligand_rank_matrix											
LPL	Pericyte_cg_synthetic_contractile	cogaps	0.0411826818655073	205	ligand_rank_matrix											
AZGP1	Pericyte_cg_synthetic_contractile	cogaps	0.0410811459291434	206	ligand_rank_matrix											
COL4A2	Pericyte_cg_synthetic_contractile	cogaps	0.0409607499578757	207	ligand_rank_matrix											
COL6A3	Pericyte_cg_synthetic_contractile	cogaps	0.040924007469137	208	ligand_rank_matrix											
SEMA4B	Pericyte_cg_synthetic_contractile	cogaps	0.0408294614364214	209	ligand_rank_matrix											
MFGE8	Pericyte_cg_synthetic_contractile	cogaps	0.0405150210692166	210	ligand_rank_matrix											
LRIG1	Pericyte_cg_synthetic_contractile	cogaps	0.0404728531647598	211	ligand_rank_matrix											
NECTIN4	Pericyte_cg_synthetic_contractile	cogaps	0.040222327726932	212	ligand_rank_matrix											
DUSP18	Pericyte_cg_synthetic_contractile	cogaps	0.0401568917879597	213	ligand_rank_matrix											
APOE	Pericyte_cg_synthetic_contractile	cogaps	0.0399769207153163	214	ligand_rank_matrix											
HLA-DRB5	Pericyte_cg_synthetic_contractile	cogaps	0.0399631328804778	215	ligand_rank_matrix											
INHBA	Pericyte_cg_synthetic_contractile	cogaps	0.0395977451342535	216	ligand_rank_matrix											
PLEKHO2	Pericyte_cg_synthetic_contractile	cogaps	0.0395639300878962	217	ligand_rank_matrix											
NPNT	Pericyte_cg_synthetic_contractile	cogaps	0.0394637818543257	218	ligand_rank_matrix											
COL5A2	Pericyte_cg_synthetic_contractile	cogaps	0.0394163536823225	219	ligand_rank_matrix											
F13A1	Pericyte_cg_synthetic_contractile	cogaps	0.0388135960401556	220	ligand_rank_matrix											
FLRT3	Pericyte_cg_synthetic_contractile	cogaps	0.0384678876514708	221	ligand_rank_matrix											
RSPO3	Pericyte_cg_synthetic_contractile	cogaps	0.038439501172968	222	ligand_rank_matrix											
NRXN3	Pericyte_cg_synthetic_contractile	cogaps	0.0382579307307924	223	ligand_rank_matrix											
IGF2	Pericyte_cg_synthetic_contractile	cogaps	0.0379731031649729	224	ligand_rank_matrix											
LAMB2	Pericyte_cg_synthetic_contractile	cogaps	0.0378972200888056	225	ligand_rank_matrix											
PSEN1	Pericyte_cg_synthetic_contractile	cogaps	0.0375559522774714	226	ligand_rank_matrix											
AREG	Pericyte_cg_synthetic_contractile	cogaps	0.0375307978668652	227	ligand_rank_matrix											
CALM2	Pericyte_cg_synthetic_contractile	cogaps	0.0374363920352514	228	ligand_rank_matrix											
PCSK9	Pericyte_cg_synthetic_contractile	cogaps	0.0374073177102329	229	ligand_rank_matrix											
HAS2	Pericyte_cg_synthetic_contractile	cogaps	0.0372432884643192	230	ligand_rank_matrix											
FGF1	Pericyte_cg_synthetic_contractile	cogaps	0.0369857143919405	231	ligand_rank_matrix											
MXRA5	Pericyte_cg_synthetic_contractile	cogaps	0.036646990285734	232	ligand_rank_matrix											
EDIL3	Pericyte_cg_synthetic_contractile	cogaps	0.0363134666923692	233	ligand_rank_matrix											
PTPRC	Pericyte_cg_synthetic_contractile	cogaps	0.0359414842186932	234	ligand_rank_matrix											
COL8A1	Pericyte_cg_synthetic_contractile	cogaps	0.0359121260280324	235	ligand_rank_matrix											
HSP90B1	Pericyte_cg_synthetic_contractile	cogaps	0.0355268821379333	236	ligand_rank_matrix											
CNTN4	Pericyte_cg_synthetic_contractile	cogaps	0.0354429400088295	237	ligand_rank_matrix											
TSPAN3	Pericyte_cg_synthetic_contractile	cogaps	0.035375003058753	238	ligand_rank_matrix											
ADAM10	Pericyte_cg_synthetic_contractile	cogaps	0.0349210169896547	239	ligand_rank_matrix											
FBLN1	Pericyte_cg_synthetic_contractile	cogaps	0.0346196899376548	240	ligand_rank_matrix											
SPON2	Pericyte_cg_synthetic_contractile	cogaps	0.0345911081796894	241	ligand_rank_matrix											
PGF	Pericyte_cg_synthetic_contractile	cogaps	0.0343617398863737	242	ligand_rank_matrix											
NID1	Pericyte_cg_synthetic_contractile	cogaps	0.0339653019596207	243	ligand_rank_matrix											
PTN	Pericyte_cg_synthetic_contractile	cogaps	0.0334580968969675	244	ligand_rank_matrix											
PI16	Pericyte_cg_synthetic_contractile	cogaps	0.0332769983370369	245	ligand_rank_matrix											
MFAP2	Pericyte_cg_synthetic_contractile	cogaps	0.0326638674372928	246	ligand_rank_matrix											
EFEMP2	Pericyte_cg_synthetic_contractile	cogaps	0.0319496093422683	247	ligand_rank_matrix											
ALCAM	Pericyte_cg_synthetic_contractile	cogaps	0.0314451410262221	248	ligand_rank_matrix											
BACE2	Pericyte_cg_synthetic_contractile	cogaps	0.0314363340232791	249	ligand_rank_matrix											
PDGFC	Pericyte_cg_synthetic_contractile	cogaps	0.0313754052809537	250	ligand_rank_matrix											
SPON1	Pericyte_cg_synthetic_contractile	cogaps	0.0313205620106756	251	ligand_rank_matrix											
ANGPT2	Pericyte_cg_synthetic_contractile	cogaps	0.031249253992119	252	ligand_rank_matrix											
GAS6	Pericyte_cg_synthetic_contractile	cogaps	0.0310572933946046	253	ligand_rank_matrix											
VSIG10	Pericyte_cg_synthetic_contractile	cogaps	0.0309176295870926	254	ligand_rank_matrix											
WNT5A	Pericyte_cg_synthetic_contractile	cogaps	0.0308766955936946	255	ligand_rank_matrix											
PLTP	Pericyte_cg_synthetic_contractile	cogaps	0.0307517761030236	256	ligand_rank_matrix											
ADAM28	Pericyte_cg_synthetic_contractile	cogaps	0.0306185189648963	257	ligand_rank_matrix											
IFITM1	Pericyte_cg_synthetic_contractile	cogaps	0.0304181752964209	258	ligand_rank_matrix											
SCGB1A1	Pericyte_cg_synthetic_contractile	cogaps	0.0303229567990076	259	ligand_rank_matrix											
POSTN	Pericyte_cg_synthetic_contractile	cogaps	0.0302999661867648	260	ligand_rank_matrix											
FGF18	Pericyte_cg_synthetic_contractile	cogaps	0.0300011156387266	261	ligand_rank_matrix											
SIGLEC1	Pericyte_cg_synthetic_contractile	cogaps	0.0295717735991051	262	ligand_rank_matrix											
HGF	Pericyte_cg_synthetic_contractile	cogaps	0.0295432528564914	263	ligand_rank_matrix											
NECTIN3	Pericyte_cg_synthetic_contractile	cogaps	0.0290253432364454	264	ligand_rank_matrix											
IL6	Pericyte_cg_synthetic_contractile	cogaps	0.0288172080053015	265	ligand_rank_matrix											
SEMA4C	Pericyte_cg_synthetic_contractile	cogaps	0.0286960519629149	266	ligand_rank_matrix											
BMP6	Pericyte_cg_synthetic_contractile	cogaps	0.0280947714190701	267	ligand_rank_matrix											
SERPINE2	Pericyte_cg_synthetic_contractile	cogaps	0.0280688340336524	268	ligand_rank_matrix											
SEMA3C	Pericyte_cg_synthetic_contractile	cogaps	0.0280606482586954	269	ligand_rank_matrix											
MIF	Pericyte_cg_synthetic_contractile	cogaps	0.0279417168024878	270	ligand_rank_matrix											
LAMA2	Pericyte_cg_synthetic_contractile	cogaps	0.0276737919194378	271	ligand_rank_matrix											
DLL1	Pericyte_cg_synthetic_contractile	cogaps	0.0275913888103265	272	ligand_rank_matrix											
TNFSF14	Pericyte_cg_synthetic_contractile	cogaps	0.0274241298212666	273	ligand_rank_matrix											
JAG2	Pericyte_cg_synthetic_contractile	cogaps	0.0270686068904097	274	ligand_rank_matrix											
BMP2	Pericyte_cg_synthetic_contractile	cogaps	0.0266392799700327	275	ligand_rank_matrix											
CX3CL1	Pericyte_cg_synthetic_contractile	cogaps	0.0263795159099748	276	ligand_rank_matrix											
NRG1	Pericyte_cg_synthetic_contractile	cogaps	0.0263655880250345	277	ligand_rank_matrix											
ANGPTL2	Pericyte_cg_synthetic_contractile	cogaps	0.0262965118261142	278	ligand_rank_matrix											
MYOC	Pericyte_cg_synthetic_contractile	cogaps	0.0259837050210101	279	ligand_rank_matrix											
PDGFA	Pericyte_cg_synthetic_contractile	cogaps	0.025787180258738	280	ligand_rank_matrix											
VEGFC	Pericyte_cg_synthetic_contractile	cogaps	0.0254022496166978	281	ligand_rank_matrix											
LFNG	Pericyte_cg_synthetic_contractile	cogaps	0.0252451423675515	282	ligand_rank_matrix											
NECTIN2	Pericyte_cg_synthetic_contractile	cogaps	0.0252013093528937	283	ligand_rank_matrix											
ANGPT1	Pericyte_cg_synthetic_contractile	cogaps	0.0251976484082133	284	ligand_rank_matrix											
CCN4	Pericyte_cg_synthetic_contractile	cogaps	0.0250734547991473	285	ligand_rank_matrix											
ZNRF3	Pericyte_cg_synthetic_contractile	cogaps	0.0248774353991393	286	ligand_rank_matrix											
ESAM	Pericyte_cg_synthetic_contractile	cogaps	0.0247473869915689	287	ligand_rank_matrix											
NGF	Pericyte_cg_synthetic_contractile	cogaps	0.0246992692788456	288	ligand_rank_matrix											
PAM	Pericyte_cg_synthetic_contractile	cogaps	0.0246184001751612	289	ligand_rank_matrix											
CXCL12	Pericyte_cg_synthetic_contractile	cogaps	0.0245281452276472	290	ligand_rank_matrix											
TNFSF13	Pericyte_cg_synthetic_contractile	cogaps	0.0240821161225043	291	ligand_rank_matrix											
TGFB3	Pericyte_cg_synthetic_contractile	cogaps	0.0238005782643254	292	ligand_rank_matrix											
CD34	Pericyte_cg_synthetic_contractile	cogaps	0.0233213376788942	293	ligand_rank_matrix											
CALR	Pericyte_cg_synthetic_contractile	cogaps	0.0230779766847345	294	ligand_rank_matrix											
LIF	Pericyte_cg_synthetic_contractile	cogaps	0.023046875742426	295	ligand_rank_matrix											
CLCF1	Pericyte_cg_synthetic_contractile	cogaps	0.0229512921328529	296	ligand_rank_matrix											
MFNG	Pericyte_cg_synthetic_contractile	cogaps	0.0226574184502579	297	ligand_rank_matrix											
ANGPTL4	Pericyte_cg_synthetic_contractile	cogaps	0.0220321082973569	298	ligand_rank_matrix											
APP	Pericyte_cg_synthetic_contractile	cogaps	0.0217286480320408	299	ligand_rank_matrix											
LRIG2	Pericyte_cg_synthetic_contractile	cogaps	0.0216734345594949	300	ligand_rank_matrix											
CMTM8	Pericyte_cg_synthetic_contractile	cogaps	0.0211210188908372	301	ligand_rank_matrix											
WNT9A	Pericyte_cg_synthetic_contractile	cogaps	0.0211120940908744	302	ligand_rank_matrix											
JAG1	Pericyte_cg_synthetic_contractile	cogaps	0.0209534289860306	303	ligand_rank_matrix											
BDNF	Pericyte_cg_synthetic_contractile	cogaps	0.0209342226221024	304	ligand_rank_matrix											
CRTAM	Pericyte_cg_synthetic_contractile	cogaps	0.02004246878123	305	ligand_rank_matrix											
CADM1	Pericyte_cg_synthetic_contractile	cogaps	0.0199645456016262	306	ligand_rank_matrix											
ADM	Pericyte_cg_synthetic_contractile	cogaps	0.0195286768197821	307	ligand_rank_matrix											
WNT2	Pericyte_cg_synthetic_contractile	cogaps	0.019490601591234	308	ligand_rank_matrix											
WNT7B	Pericyte_cg_synthetic_contractile	cogaps	0.0193159989280326	309	ligand_rank_matrix											
FURIN	Pericyte_cg_synthetic_contractile	cogaps	0.0190885269023786	310	ligand_rank_matrix											
PDGFB	Pericyte_cg_synthetic_contractile	cogaps	0.018315113817724	311	ligand_rank_matrix											
ST6GAL1	Pericyte_cg_synthetic_contractile	cogaps	0.0178361703551427	312	ligand_rank_matrix											
IGFBP4	Pericyte_cg_synthetic_contractile	cogaps	0.0174974507804542	313	ligand_rank_matrix											
LTB	Pericyte_cg_synthetic_contractile	cogaps	0.0171811053184821	314	ligand_rank_matrix											
CAMP	Pericyte_cg_synthetic_contractile	cogaps	0.0164910227145907	315	ligand_rank_matrix											
CADM3	Pericyte_cg_synthetic_contractile	cogaps	0.0163898306480188	316	ligand_rank_matrix											
CXCL8	Pericyte_cg_synthetic_contractile	cogaps	0.0160367644914037	317	ligand_rank_matrix											
SIGLEC6	Pericyte_cg_synthetic_contractile	cogaps	0.0159896830488539	318	ligand_rank_matrix											
WNT2B	Pericyte_cg_synthetic_contractile	cogaps	0.0157460073837793	319	ligand_rank_matrix											
SCGB3A1	Pericyte_cg_synthetic_contractile	cogaps	0.0157344833162523	320	ligand_rank_matrix											
IGF1	Pericyte_cg_synthetic_contractile	cogaps	0.0156198306563113	321	ligand_rank_matrix											
ANOS1	Pericyte_cg_synthetic_contractile	cogaps	0.0153186264979903	322	ligand_rank_matrix											
LTBP3	Pericyte_cg_synthetic_contractile	cogaps	0.0147253218796815	323	ligand_rank_matrix											
CSF2	Pericyte_cg_synthetic_contractile	cogaps	0.0144940052146047	324	ligand_rank_matrix											
MFAP5	Pericyte_cg_synthetic_contractile	cogaps	0.0130415997143687	325	ligand_rank_matrix											
MMRN2	Pericyte_cg_synthetic_contractile	cogaps	0.0128947339737912	326	ligand_rank_matrix											
LTF	Pericyte_cg_synthetic_contractile	cogaps	0.00989694464048293	327	ligand_rank_matrix											
PLAU	Pericyte_cg_synthetic_contractile	cogaps	0.00899239525226112	328	ligand_rank_matrix											
EPHA4	Pericyte_cg_synthetic_contractile	cogaps	0.0086670709397323	329	ligand_rank_matrix											
PDGFD	Pericyte_cg_synthetic_contractile	cogaps	0.00804668105562184	330	ligand_rank_matrix											
CKLF	Pericyte_cg_synthetic_contractile	cogaps	0.00590199920874785	331	ligand_rank_matrix											
TGFB1	Pericyte_cg_vascular_stabilizing	cogaps	0.178111911704451	1	ligand_rank_matrix											
FN1	Pericyte_cg_vascular_stabilizing	cogaps	0.135136618888533	2	ligand_rank_matrix											
VTN	Pericyte_cg_vascular_stabilizing	cogaps	0.130615529021333	3	ligand_rank_matrix											
TGFB2	Pericyte_cg_vascular_stabilizing	cogaps	0.125213174102166	4	ligand_rank_matrix											
CCN2	Pericyte_cg_vascular_stabilizing	cogaps	0.116312015206828	5	ligand_rank_matrix											
TGM2	Pericyte_cg_vascular_stabilizing	cogaps	0.10377999311849	6	ligand_rank_matrix											
WNT3A	Pericyte_cg_vascular_stabilizing	cogaps	0.0991428511625886	7	ligand_rank_matrix											
AGT	Pericyte_cg_vascular_stabilizing	cogaps	0.0971402368556712	8	ligand_rank_matrix											
VCAM1	Pericyte_cg_vascular_stabilizing	cogaps	0.0928637335210722	9	ligand_rank_matrix											
SIRPB2	Pericyte_cg_vascular_stabilizing	cogaps	0.0919204435648461	10	ligand_rank_matrix											
NAMPT	Pericyte_cg_vascular_stabilizing	cogaps	0.0910683077885588	11	ligand_rank_matrix											
ENG	Pericyte_cg_vascular_stabilizing	cogaps	0.0903105321003725	12	ligand_rank_matrix											
THBS2	Pericyte_cg_vascular_stabilizing	cogaps	0.0873924998602121	13	ligand_rank_matrix											
TNC	Pericyte_cg_vascular_stabilizing	cogaps	0.0855536225804662	14	ligand_rank_matrix											
ANG	Pericyte_cg_vascular_stabilizing	cogaps	0.085038486133462	15	ligand_rank_matrix											
TIMP2	Pericyte_cg_vascular_stabilizing	cogaps	0.0816954336786409	16	ligand_rank_matrix											
ICAM1	Pericyte_cg_vascular_stabilizing	cogaps	0.0809538798634947	17	ligand_rank_matrix											
COPA	Pericyte_cg_vascular_stabilizing	cogaps	0.0778273798519199	18	ligand_rank_matrix											
BMP4	Pericyte_cg_vascular_stabilizing	cogaps	0.0768220371174025	19	ligand_rank_matrix											
C4BPA	Pericyte_cg_vascular_stabilizing	cogaps	0.0748488189774083	20	ligand_rank_matrix											
MMP14	Pericyte_cg_vascular_stabilizing	cogaps	0.0748476580662802	21	ligand_rank_matrix											
NTS	Pericyte_cg_vascular_stabilizing	cogaps	0.07368726225188	22	ligand_rank_matrix											
RELN	Pericyte_cg_vascular_stabilizing	cogaps	0.0722387542523492	23	ligand_rank_matrix											
MMP7	Pericyte_cg_vascular_stabilizing	cogaps	0.0699266205778585	24	ligand_rank_matrix											
EDN1	Pericyte_cg_vascular_stabilizing	cogaps	0.069804171323498	25	ligand_rank_matrix											
PSAP	Pericyte_cg_vascular_stabilizing	cogaps	0.069051498578382	26	ligand_rank_matrix											
COL5A1	Pericyte_cg_vascular_stabilizing	cogaps	0.069020380060283	27	ligand_rank_matrix											
SHISA4	Pericyte_cg_vascular_stabilizing	cogaps	0.0685886411052959	28	ligand_rank_matrix											
DLL4	Pericyte_cg_vascular_stabilizing	cogaps	0.0684505709339197	29	ligand_rank_matrix											
COL1A1	Pericyte_cg_vascular_stabilizing	cogaps	0.0683308213127059	30	ligand_rank_matrix											
SPARC	Pericyte_cg_vascular_stabilizing	cogaps	0.0677253223774376	31	ligand_rank_matrix											
C1QB	Pericyte_cg_vascular_stabilizing	cogaps	0.0671050480964968	32	ligand_rank_matrix											
MMP9	Pericyte_cg_vascular_stabilizing	cogaps	0.0662749946099632	33	ligand_rank_matrix											
DCN	Pericyte_cg_vascular_stabilizing	cogaps	0.0657893123336879	34	ligand_rank_matrix											
GGT1	Pericyte_cg_vascular_stabilizing	cogaps	0.065560336548411	35	ligand_rank_matrix											
FBN1	Pericyte_cg_vascular_stabilizing	cogaps	0.0653734771696041	36	ligand_rank_matrix											
SELE	Pericyte_cg_vascular_stabilizing	cogaps	0.0624895734460462	37	ligand_rank_matrix											
OSM	Pericyte_cg_vascular_stabilizing	cogaps	0.0620669721101367	38	ligand_rank_matrix											
COL8A2	Pericyte_cg_vascular_stabilizing	cogaps	0.0619344312577338	39	ligand_rank_matrix											
VCAN	Pericyte_cg_vascular_stabilizing	cogaps	0.0609437713815009	40	ligand_rank_matrix											
JAM3	Pericyte_cg_vascular_stabilizing	cogaps	0.0607802767226075	41	ligand_rank_matrix											
FAM3C	Pericyte_cg_vascular_stabilizing	cogaps	0.060697311353639	42	ligand_rank_matrix											
TIMP3	Pericyte_cg_vascular_stabilizing	cogaps	0.0604583231109743	43	ligand_rank_matrix											
FCN1	Pericyte_cg_vascular_stabilizing	cogaps	0.0602286233157933	44	ligand_rank_matrix											
CCN1	Pericyte_cg_vascular_stabilizing	cogaps	0.0595186096773262	45	ligand_rank_matrix											
TFPI	Pericyte_cg_vascular_stabilizing	cogaps	0.0591323617221109	46	ligand_rank_matrix											
HDC	Pericyte_cg_vascular_stabilizing	cogaps	0.0588679449513336	47	ligand_rank_matrix											
LAMA3	Pericyte_cg_vascular_stabilizing	cogaps	0.0588637407895601	48	ligand_rank_matrix											
FGA	Pericyte_cg_vascular_stabilizing	cogaps	0.0583843562675608	49	ligand_rank_matrix											
MMP2	Pericyte_cg_vascular_stabilizing	cogaps	0.0582428733726899	50	ligand_rank_matrix											
COL1A2	Pericyte_cg_vascular_stabilizing	cogaps	0.0580176059951957	51	ligand_rank_matrix											
CD14	Pericyte_cg_vascular_stabilizing	cogaps	0.0579470973481493	52	ligand_rank_matrix											
C3	Pericyte_cg_vascular_stabilizing	cogaps	0.0578466923715102	53	ligand_rank_matrix											
CTSG	Pericyte_cg_vascular_stabilizing	cogaps	0.0574294264135825	54	ligand_rank_matrix											
BMP1	Pericyte_cg_vascular_stabilizing	cogaps	0.0573625462329159	55	ligand_rank_matrix											
CALM3	Pericyte_cg_vascular_stabilizing	cogaps	0.0570352078454849	56	ligand_rank_matrix											
PLAT	Pericyte_cg_vascular_stabilizing	cogaps	0.0564678878209946	57	ligand_rank_matrix											
COL5A3	Pericyte_cg_vascular_stabilizing	cogaps	0.0564317386319839	58	ligand_rank_matrix											
COL3A1	Pericyte_cg_vascular_stabilizing	cogaps	0.0564031091979815	59	ligand_rank_matrix											
SERPING1	Pericyte_cg_vascular_stabilizing	cogaps	0.0562783626165857	60	ligand_rank_matrix											
FST	Pericyte_cg_vascular_stabilizing	cogaps	0.0561830879505164	61	ligand_rank_matrix											
GPC6	Pericyte_cg_vascular_stabilizing	cogaps	0.056150550616078	62	ligand_rank_matrix											
CTSD	Pericyte_cg_vascular_stabilizing	cogaps	0.0553815239031944	63	ligand_rank_matrix											
A2M	Pericyte_cg_vascular_stabilizing	cogaps	0.0553185873002273	64	ligand_rank_matrix											
GRN	Pericyte_cg_vascular_stabilizing	cogaps	0.0550831197300398	65	ligand_rank_matrix											
LAMA5	Pericyte_cg_vascular_stabilizing	cogaps	0.0546813211063157	66	ligand_rank_matrix											
SPP1	Pericyte_cg_vascular_stabilizing	cogaps	0.0545834266195092	67	ligand_rank_matrix											
FGG	Pericyte_cg_vascular_stabilizing	cogaps	0.0544140550266721	68	ligand_rank_matrix											
SIGLEC7	Pericyte_cg_vascular_stabilizing	cogaps	0.0543107740699361	69	ligand_rank_matrix											
COL19A1	Pericyte_cg_vascular_stabilizing	cogaps	0.05427764858746	70	ligand_rank_matrix											
ITGB2	Pericyte_cg_vascular_stabilizing	cogaps	0.0541856030636201	71	ligand_rank_matrix											
TGFBI	Pericyte_cg_vascular_stabilizing	cogaps	0.054129983461837	72	ligand_rank_matrix											
PLA2G2A	Pericyte_cg_vascular_stabilizing	cogaps	0.0539221636356402	73	ligand_rank_matrix											
PROS1	Pericyte_cg_vascular_stabilizing	cogaps	0.0537610871373529	74	ligand_rank_matrix											
LUM	Pericyte_cg_vascular_stabilizing	cogaps	0.0537021803960435	75	ligand_rank_matrix											
LAMC1	Pericyte_cg_vascular_stabilizing	cogaps	0.0536831083104906	76	ligand_rank_matrix											
LGALS9	Pericyte_cg_vascular_stabilizing	cogaps	0.0536752454561561	77	ligand_rank_matrix											
APOA1	Pericyte_cg_vascular_stabilizing	cogaps	0.0535554143648649	78	ligand_rank_matrix											
LAMB3	Pericyte_cg_vascular_stabilizing	cogaps	0.0534180305175337	79	ligand_rank_matrix											
CP	Pericyte_cg_vascular_stabilizing	cogaps	0.0533407129779037	80	ligand_rank_matrix											
SIGLEC9	Pericyte_cg_vascular_stabilizing	cogaps	0.0533250398982225	81	ligand_rank_matrix											
SLPI	Pericyte_cg_vascular_stabilizing	cogaps	0.0532119620841926	82	ligand_rank_matrix											
COL6A2	Pericyte_cg_vascular_stabilizing	cogaps	0.0530795917442987	83	ligand_rank_matrix											
FGF2	Pericyte_cg_vascular_stabilizing	cogaps	0.0530531712909279	84	ligand_rank_matrix											
THBS1	Pericyte_cg_vascular_stabilizing	cogaps	0.0528510104057782	85	ligand_rank_matrix											
GNAS	Pericyte_cg_vascular_stabilizing	cogaps	0.0526287932865173	86	ligand_rank_matrix											
BACE1	Pericyte_cg_vascular_stabilizing	cogaps	0.0524142729373243	87	ligand_rank_matrix											
FGF14	Pericyte_cg_vascular_stabilizing	cogaps	0.0521891409923281	88	ligand_rank_matrix											
SIRPA	Pericyte_cg_vascular_stabilizing	cogaps	0.0519788788201851	89	ligand_rank_matrix											
COL6A6	Pericyte_cg_vascular_stabilizing	cogaps	0.0519705956349559	90	ligand_rank_matrix											
COL14A1	Pericyte_cg_vascular_stabilizing	cogaps	0.0518857114576753	91	ligand_rank_matrix											
NRP1	Pericyte_cg_vascular_stabilizing	cogaps	0.0518733533946896	92	ligand_rank_matrix											
HSPG2	Pericyte_cg_vascular_stabilizing	cogaps	0.0517148609372731	93	ligand_rank_matrix											
JAM2	Pericyte_cg_vascular_stabilizing	cogaps	0.0515211110938356	94	ligand_rank_matrix											
LAMC3	Pericyte_cg_vascular_stabilizing	cogaps	0.0512460936158812	95	ligand_rank_matrix											
COL27A1	Pericyte_cg_vascular_stabilizing	cogaps	0.0511618481180308	96	ligand_rank_matrix											
ADAM17	Pericyte_cg_vascular_stabilizing	cogaps	0.0509307971317229	97	ligand_rank_matrix											
LGALS3BP	Pericyte_cg_vascular_stabilizing	cogaps	0.0506793638059767	98	ligand_rank_matrix											
F8	Pericyte_cg_vascular_stabilizing	cogaps	0.0505652412112539	99	ligand_rank_matrix											
BMP5	Pericyte_cg_vascular_stabilizing	cogaps	0.0505313532880144	100	ligand_rank_matrix											
HAS1	Pericyte_cg_vascular_stabilizing	cogaps	0.0505278725104781	101	ligand_rank_matrix											
ADAM9	Pericyte_cg_vascular_stabilizing	cogaps	0.0505236968544573	102	ligand_rank_matrix											
BMP3	Pericyte_cg_vascular_stabilizing	cogaps	0.050348775460416	103	ligand_rank_matrix											
CALM1	Pericyte_cg_vascular_stabilizing	cogaps	0.0503001013189011	104	ligand_rank_matrix											
COMP	Pericyte_cg_vascular_stabilizing	cogaps	0.0502297513129397	105	ligand_rank_matrix											
COL21A1	Pericyte_cg_vascular_stabilizing	cogaps	0.0500902161407966	106	ligand_rank_matrix											
HBEGF	Pericyte_cg_vascular_stabilizing	cogaps	0.049967810756916	107	ligand_rank_matrix											
CD99	Pericyte_cg_vascular_stabilizing	cogaps	0.0498512309724295	108	ligand_rank_matrix											
COL13A1	Pericyte_cg_vascular_stabilizing	cogaps	0.0497136875919138	109	ligand_rank_matrix											
CLDN1	Pericyte_cg_vascular_stabilizing	cogaps	0.0495961365935858	110	ligand_rank_matrix											
SERPINE1	Pericyte_cg_vascular_stabilizing	cogaps	0.0494294234357877	111	ligand_rank_matrix											
NCAM1	Pericyte_cg_vascular_stabilizing	cogaps	0.0494246795378268	112	ligand_rank_matrix											
INHBA	Pericyte_cg_vascular_stabilizing	cogaps	0.0493267267012162	113	ligand_rank_matrix											
GDF10	Pericyte_cg_vascular_stabilizing	cogaps	0.0492334305873995	114	ligand_rank_matrix											
GPC3	Pericyte_cg_vascular_stabilizing	cogaps	0.0491824984912073	115	ligand_rank_matrix											
MCAM	Pericyte_cg_vascular_stabilizing	cogaps	0.0491094273003668	116	ligand_rank_matrix											
COL18A1	Pericyte_cg_vascular_stabilizing	cogaps	0.0490725529183	117	ligand_rank_matrix											
ICAM4	Pericyte_cg_vascular_stabilizing	cogaps	0.0490590218107947	118	ligand_rank_matrix											
SOSTDC1	Pericyte_cg_vascular_stabilizing	cogaps	0.048917795074492	119	ligand_rank_matrix											
LAMA4	Pericyte_cg_vascular_stabilizing	cogaps	0.0487980291349415	120	ligand_rank_matrix											
LAMC2	Pericyte_cg_vascular_stabilizing	cogaps	0.0486142372325767	121	ligand_rank_matrix											
COL24A1	Pericyte_cg_vascular_stabilizing	cogaps	0.0485947961375713	122	ligand_rank_matrix											
ADAM15	Pericyte_cg_vascular_stabilizing	cogaps	0.0484531940990538	123	ligand_rank_matrix											
PRG4	Pericyte_cg_vascular_stabilizing	cogaps	0.0483784270033574	124	ligand_rank_matrix											
RGMA	Pericyte_cg_vascular_stabilizing	cogaps	0.0483515478259347	125	ligand_rank_matrix											
FGF1	Pericyte_cg_vascular_stabilizing	cogaps	0.0483151283326867	126	ligand_rank_matrix											
COL12A1	Pericyte_cg_vascular_stabilizing	cogaps	0.0481946141972099	127	ligand_rank_matrix											
LRFN5	Pericyte_cg_vascular_stabilizing	cogaps	0.0481005599170923	128	ligand_rank_matrix											
COL4A4	Pericyte_cg_vascular_stabilizing	cogaps	0.0480630038321116	129	ligand_rank_matrix											
LAMB1	Pericyte_cg_vascular_stabilizing	cogaps	0.048019670645262	130	ligand_rank_matrix											
LGALS3	Pericyte_cg_vascular_stabilizing	cogaps	0.0479953206418754	131	ligand_rank_matrix											
LRPAP1	Pericyte_cg_vascular_stabilizing	cogaps	0.0478998496499329	132	ligand_rank_matrix											
SEMA3D	Pericyte_cg_vascular_stabilizing	cogaps	0.0478209979513117	133	ligand_rank_matrix											
CNTN6	Pericyte_cg_vascular_stabilizing	cogaps	0.0477811634872904	134	ligand_rank_matrix											
COL4A3	Pericyte_cg_vascular_stabilizing	cogaps	0.0477252806463268	135	ligand_rank_matrix											
CD320	Pericyte_cg_vascular_stabilizing	cogaps	0.0476691717858182	136	ligand_rank_matrix											
SEMA3E	Pericyte_cg_vascular_stabilizing	cogaps	0.0472826277765572	137	ligand_rank_matrix											
TIMP1	Pericyte_cg_vascular_stabilizing	cogaps	0.047174894359674	138	ligand_rank_matrix											
ADAM12	Pericyte_cg_vascular_stabilizing	cogaps	0.0469509444546249	139	ligand_rank_matrix											
ANGPTL1	Pericyte_cg_vascular_stabilizing	cogaps	0.0469090414361462	140	ligand_rank_matrix											
SEMA4A	Pericyte_cg_vascular_stabilizing	cogaps	0.046746525094857	141	ligand_rank_matrix											
HLA-DQB1	Pericyte_cg_vascular_stabilizing	cogaps	0.0466504776647283	142	ligand_rank_matrix											
NPNT	Pericyte_cg_vascular_stabilizing	cogaps	0.0466264039443891	143	ligand_rank_matrix											
FGF7	Pericyte_cg_vascular_stabilizing	cogaps	0.0466158215435852	144	ligand_rank_matrix											
SEMA4B	Pericyte_cg_vascular_stabilizing	cogaps	0.0463894529421691	145	ligand_rank_matrix											
LGALS1	Pericyte_cg_vascular_stabilizing	cogaps	0.0463549131381915	146	ligand_rank_matrix											
C1QA	Pericyte_cg_vascular_stabilizing	cogaps	0.0462788026357732	147	ligand_rank_matrix											
COL15A1	Pericyte_cg_vascular_stabilizing	cogaps	0.0458489114247257	148	ligand_rank_matrix											
CEACAM6	Pericyte_cg_vascular_stabilizing	cogaps	0.0454194630776972	149	ligand_rank_matrix											
NFASC	Pericyte_cg_vascular_stabilizing	cogaps	0.0454077213361918	150	ligand_rank_matrix											
CD1B	Pericyte_cg_vascular_stabilizing	cogaps	0.0454052057697329	151	ligand_rank_matrix											
COL6A1	Pericyte_cg_vascular_stabilizing	cogaps	0.0451447194935602	152	ligand_rank_matrix											
SEMA4D	Pericyte_cg_vascular_stabilizing	cogaps	0.0450586935600092	153	ligand_rank_matrix											
SIGLEC5	Pericyte_cg_vascular_stabilizing	cogaps	0.0448014286917182	154	ligand_rank_matrix											
VEGFD	Pericyte_cg_vascular_stabilizing	cogaps	0.0446910121765088	155	ligand_rank_matrix											
SDC2	Pericyte_cg_vascular_stabilizing	cogaps	0.0446302738273174	156	ligand_rank_matrix											
COL6A3	Pericyte_cg_vascular_stabilizing	cogaps	0.0446217338605777	157	ligand_rank_matrix											
IL16	Pericyte_cg_vascular_stabilizing	cogaps	0.0444577363383816	158	ligand_rank_matrix											
F13A1	Pericyte_cg_vascular_stabilizing	cogaps	0.0444472230874269	159	ligand_rank_matrix											
APOE	Pericyte_cg_vascular_stabilizing	cogaps	0.0444013000065807	160	ligand_rank_matrix											
LPL	Pericyte_cg_vascular_stabilizing	cogaps	0.0442003948765596	161	ligand_rank_matrix											
PLEKHO2	Pericyte_cg_vascular_stabilizing	cogaps	0.0439862651562871	162	ligand_rank_matrix											
HLA-DRB5	Pericyte_cg_vascular_stabilizing	cogaps	0.0439002269251488	163	ligand_rank_matrix											
MFGE8	Pericyte_cg_vascular_stabilizing	cogaps	0.0438798609169554	164	ligand_rank_matrix											
ANXA2	Pericyte_cg_vascular_stabilizing	cogaps	0.0438173077337577	165	ligand_rank_matrix											
MDK	Pericyte_cg_vascular_stabilizing	cogaps	0.0438089137000305	166	ligand_rank_matrix											
AGRN	Pericyte_cg_vascular_stabilizing	cogaps	0.043805392061283	167	ligand_rank_matrix											
COL4A2	Pericyte_cg_vascular_stabilizing	cogaps	0.0437426119857559	168	ligand_rank_matrix											
COL4A5	Pericyte_cg_vascular_stabilizing	cogaps	0.0435144109412324	169	ligand_rank_matrix											
NECTIN4	Pericyte_cg_vascular_stabilizing	cogaps	0.0432604401193057	170	ligand_rank_matrix											
DUSP18	Pericyte_cg_vascular_stabilizing	cogaps	0.0429715070652227	171	ligand_rank_matrix											
CLEC11A	Pericyte_cg_vascular_stabilizing	cogaps	0.0427566081101284	172	ligand_rank_matrix											
RSPO3	Pericyte_cg_vascular_stabilizing	cogaps	0.042571831913457	173	ligand_rank_matrix											
COL16A1	Pericyte_cg_vascular_stabilizing	cogaps	0.04250240485218	174	ligand_rank_matrix											
CALM2	Pericyte_cg_vascular_stabilizing	cogaps	0.0424643785893927	175	ligand_rank_matrix											
PSEN1	Pericyte_cg_vascular_stabilizing	cogaps	0.0422424289434773	176	ligand_rank_matrix											
NRXN3	Pericyte_cg_vascular_stabilizing	cogaps	0.0416503981357677	177	ligand_rank_matrix											
COL5A2	Pericyte_cg_vascular_stabilizing	cogaps	0.0416062001713817	178	ligand_rank_matrix											
ADAM10	Pericyte_cg_vascular_stabilizing	cogaps	0.0413787147594964	179	ligand_rank_matrix											
IGF2	Pericyte_cg_vascular_stabilizing	cogaps	0.0409686463007159	180	ligand_rank_matrix											
CNTN4	Pericyte_cg_vascular_stabilizing	cogaps	0.0407631170047981	181	ligand_rank_matrix											
HSP90B1	Pericyte_cg_vascular_stabilizing	cogaps	0.040660604656439	182	ligand_rank_matrix											
LAMB2	Pericyte_cg_vascular_stabilizing	cogaps	0.0400537443029745	183	ligand_rank_matrix											
COL4A1	Pericyte_cg_vascular_stabilizing	cogaps	0.0398282112298796	184	ligand_rank_matrix											
PTPRC	Pericyte_cg_vascular_stabilizing	cogaps	0.0398056184366815	185	ligand_rank_matrix											
PDGFC	Pericyte_cg_vascular_stabilizing	cogaps	0.0396887260128786	186	ligand_rank_matrix											
HAS2	Pericyte_cg_vascular_stabilizing	cogaps	0.0396738440975378	187	ligand_rank_matrix											
EDIL3	Pericyte_cg_vascular_stabilizing	cogaps	0.0396657369847415	188	ligand_rank_matrix											
COL8A1	Pericyte_cg_vascular_stabilizing	cogaps	0.039144270122919	189	ligand_rank_matrix											
FBLN1	Pericyte_cg_vascular_stabilizing	cogaps	0.0390822765057297	190	ligand_rank_matrix											
MXRA5	Pericyte_cg_vascular_stabilizing	cogaps	0.0389014812165496	191	ligand_rank_matrix											
PCSK9	Pericyte_cg_vascular_stabilizing	cogaps	0.0382293059495635	192	ligand_rank_matrix											
BACE2	Pericyte_cg_vascular_stabilizing	cogaps	0.0374361015577626	193	ligand_rank_matrix											
PTN	Pericyte_cg_vascular_stabilizing	cogaps	0.0367610713525015	194	ligand_rank_matrix											
EFEMP2	Pericyte_cg_vascular_stabilizing	cogaps	0.0363768329935354	195	ligand_rank_matrix											
NID1	Pericyte_cg_vascular_stabilizing	cogaps	0.0363746209665232	196	ligand_rank_matrix											
ADAM28	Pericyte_cg_vascular_stabilizing	cogaps	0.0359711825125535	197	ligand_rank_matrix											
SPON1	Pericyte_cg_vascular_stabilizing	cogaps	0.0358203599670288	198	ligand_rank_matrix											
PI16	Pericyte_cg_vascular_stabilizing	cogaps	0.0357366832923126	199	ligand_rank_matrix											
VSIG10	Pericyte_cg_vascular_stabilizing	cogaps	0.0353455297455046	200	ligand_rank_matrix											
SPON2	Pericyte_cg_vascular_stabilizing	cogaps	0.0350706475451631	201	ligand_rank_matrix											
BMP6	Pericyte_cg_vascular_stabilizing	cogaps	0.035013847996264	202	ligand_rank_matrix											
POSTN	Pericyte_cg_vascular_stabilizing	cogaps	0.0348515534167917	203	ligand_rank_matrix											
ANGPT2	Pericyte_cg_vascular_stabilizing	cogaps	0.0348058271626039	204	ligand_rank_matrix											
COL10A1	Pericyte_cg_vascular_stabilizing	cogaps	0.0347942859267693	205	ligand_rank_matrix											
IFITM1	Pericyte_cg_vascular_stabilizing	cogaps	0.0346903876631549	206	ligand_rank_matrix											
CX3CL1	Pericyte_cg_vascular_stabilizing	cogaps	0.0345803049562864	207	ligand_rank_matrix											
NECTIN3	Pericyte_cg_vascular_stabilizing	cogaps	0.0344449871009504	208	ligand_rank_matrix											
GAS6	Pericyte_cg_vascular_stabilizing	cogaps	0.0344214330302872	209	ligand_rank_matrix											
SERPINE2	Pericyte_cg_vascular_stabilizing	cogaps	0.0341373052334796	210	ligand_rank_matrix											
FGF18	Pericyte_cg_vascular_stabilizing	cogaps	0.0341006046345382	211	ligand_rank_matrix											
HGF	Pericyte_cg_vascular_stabilizing	cogaps	0.0335388349745043	212	ligand_rank_matrix											
ANGPTL2	Pericyte_cg_vascular_stabilizing	cogaps	0.0329480599371311	213	ligand_rank_matrix											
SIGLEC1	Pericyte_cg_vascular_stabilizing	cogaps	0.0329096336131163	214	ligand_rank_matrix											
BMP2	Pericyte_cg_vascular_stabilizing	cogaps	0.0327306740234627	215	ligand_rank_matrix											
DLL1	Pericyte_cg_vascular_stabilizing	cogaps	0.032040074294629	216	ligand_rank_matrix											
TNFSF14	Pericyte_cg_vascular_stabilizing	cogaps	0.031959045182314	217	ligand_rank_matrix											
SEMA4C	Pericyte_cg_vascular_stabilizing	cogaps	0.0316912517805586	218	ligand_rank_matrix											
WNT5A	Pericyte_cg_vascular_stabilizing	cogaps	0.0313195865188797	219	ligand_rank_matrix											
LAMA2	Pericyte_cg_vascular_stabilizing	cogaps	0.0312693275221536	220	ligand_rank_matrix											
SEMA3C	Pericyte_cg_vascular_stabilizing	cogaps	0.0311647246576433	221	ligand_rank_matrix											
JAG2	Pericyte_cg_vascular_stabilizing	cogaps	0.0308755211438655	222	ligand_rank_matrix											
CCN4	Pericyte_cg_vascular_stabilizing	cogaps	0.0304763077925142	223	ligand_rank_matrix											
NECTIN2	Pericyte_cg_vascular_stabilizing	cogaps	0.0297118972225046	224	ligand_rank_matrix											
MIF	Pericyte_cg_vascular_stabilizing	cogaps	0.029612187217471	225	ligand_rank_matrix											
ZNRF3	Pericyte_cg_vascular_stabilizing	cogaps	0.029590562092703	226	ligand_rank_matrix											
ESAM	Pericyte_cg_vascular_stabilizing	cogaps	0.0293188524933431	227	ligand_rank_matrix											
LFNG	Pericyte_cg_vascular_stabilizing	cogaps	0.0291487931599369	228	ligand_rank_matrix											
IL6	Pericyte_cg_vascular_stabilizing	cogaps	0.0284117906027091	229	ligand_rank_matrix											
ANGPTL4	Pericyte_cg_vascular_stabilizing	cogaps	0.0282797708024154	230	ligand_rank_matrix											
PAM	Pericyte_cg_vascular_stabilizing	cogaps	0.027205703590515	231	ligand_rank_matrix											
CXCL12	Pericyte_cg_vascular_stabilizing	cogaps	0.0267895832318467	232	ligand_rank_matrix											
TNFSF13	Pericyte_cg_vascular_stabilizing	cogaps	0.0267805828120132	233	ligand_rank_matrix											
JAG1	Pericyte_cg_vascular_stabilizing	cogaps	0.0266635904375683	234	ligand_rank_matrix											
ANGPT1	Pericyte_cg_vascular_stabilizing	cogaps	0.0266000627108221	235	ligand_rank_matrix											
LIF	Pericyte_cg_vascular_stabilizing	cogaps	0.0265383824439328	236	ligand_rank_matrix											
CLCF1	Pericyte_cg_vascular_stabilizing	cogaps	0.0265193864308633	237	ligand_rank_matrix											
PCDHA10	Pericyte_cg_vascular_stabilizing	cogaps	0.0262028661794125	238	ligand_rank_matrix											
TGFB3	Pericyte_cg_vascular_stabilizing	cogaps	0.0260409367635905	239	ligand_rank_matrix											
NGF	Pericyte_cg_vascular_stabilizing	cogaps	0.0260391757012184	240	ligand_rank_matrix											
MFNG	Pericyte_cg_vascular_stabilizing	cogaps	0.0259181886756982	241	ligand_rank_matrix											
APP	Pericyte_cg_vascular_stabilizing	cogaps	0.0256461320267856	242	ligand_rank_matrix											
MYOC	Pericyte_cg_vascular_stabilizing	cogaps	0.0251689112514394	243	ligand_rank_matrix											
WNT9A	Pericyte_cg_vascular_stabilizing	cogaps	0.025100646892396	244	ligand_rank_matrix											
CALR	Pericyte_cg_vascular_stabilizing	cogaps	0.0242312462111807	245	ligand_rank_matrix											
CRTAM	Pericyte_cg_vascular_stabilizing	cogaps	0.0241508168356763	246	ligand_rank_matrix											
CADM1	Pericyte_cg_vascular_stabilizing	cogaps	0.024106969765766	247	ligand_rank_matrix											
WNT2	Pericyte_cg_vascular_stabilizing	cogaps	0.0236646914352104	248	ligand_rank_matrix											
WNT7B	Pericyte_cg_vascular_stabilizing	cogaps	0.0230799504823157	249	ligand_rank_matrix											
IGFBP4	Pericyte_cg_vascular_stabilizing	cogaps	0.0218009650396299	250	ligand_rank_matrix											
BDNF	Pericyte_cg_vascular_stabilizing	cogaps	0.0213554195259562	251	ligand_rank_matrix											
FURIN	Pericyte_cg_vascular_stabilizing	cogaps	0.0212195731645871	252	ligand_rank_matrix											
CADM3	Pericyte_cg_vascular_stabilizing	cogaps	0.0201599733776445	253	ligand_rank_matrix											
SCGB3A1	Pericyte_cg_vascular_stabilizing	cogaps	0.0192101326487866	254	ligand_rank_matrix											
PDGFB	Pericyte_cg_vascular_stabilizing	cogaps	0.0186463129290572	255	ligand_rank_matrix											
SIGLEC6	Pericyte_cg_vascular_stabilizing	cogaps	0.0185367052777441	256	ligand_rank_matrix											
LTB	Pericyte_cg_vascular_stabilizing	cogaps	0.0184486504996437	257	ligand_rank_matrix											
WNT2B	Pericyte_cg_vascular_stabilizing	cogaps	0.0179665954285621	258	ligand_rank_matrix											
CXCL8	Pericyte_cg_vascular_stabilizing	cogaps	0.0179218672682781	259	ligand_rank_matrix											
IGF1	Pericyte_cg_vascular_stabilizing	cogaps	0.0166663710849862	260	ligand_rank_matrix											
MMRN2	Pericyte_cg_vascular_stabilizing	cogaps	0.0151013894083932	261	ligand_rank_matrix											
ANOS1	Pericyte_cg_vascular_stabilizing	cogaps	0.0149702782372328	262	ligand_rank_matrix											
PDGFA	Pericyte_cg_vascular_stabilizing	cogaps	0.0149367283335876	263	ligand_rank_matrix											
CSF2	Pericyte_cg_vascular_stabilizing	cogaps	0.014775775540726	264	ligand_rank_matrix											
LTF	Pericyte_cg_vascular_stabilizing	cogaps	0.0113323747426332	265	ligand_rank_matrix											
PLAU	Pericyte_cg_vascular_stabilizing	cogaps	0.0103813368761951	266	ligand_rank_matrix											
EPHA4	Pericyte_cg_vascular_stabilizing	cogaps	0.0101520474367813	267	ligand_rank_matrix											
PDGFD	Pericyte_cg_vascular_stabilizing	cogaps	0.00853779223361488	268	ligand_rank_matrix											
CKLF	Pericyte_cg_vascular_stabilizing	cogaps	0.00767278000115249	269	ligand_rank_matrix											
CCN2	Pericyte_vascular_stabilizing	stable_program	0.226624143210132	1	ligand_rank_matrix											
TGFB1	Pericyte_vascular_stabilizing	stable_program	0.213711126352517	2	ligand_rank_matrix											
TGFB2	Pericyte_vascular_stabilizing	stable_program	0.210051152943388	3	ligand_rank_matrix											
COPA	Pericyte_vascular_stabilizing	stable_program	0.178200060178692	4	ligand_rank_matrix											
TIMP2	Pericyte_vascular_stabilizing	stable_program	0.174717243039	5	ligand_rank_matrix											
ICAM1	Pericyte_vascular_stabilizing	stable_program	0.153310827938371	6	ligand_rank_matrix											
ANXA1	Pericyte_vascular_stabilizing	stable_program	0.152556685490789	7	ligand_rank_matrix											
RELN	Pericyte_vascular_stabilizing	stable_program	0.145623678935668	8	ligand_rank_matrix											
VTN	Pericyte_vascular_stabilizing	stable_program	0.14519010140369	9	ligand_rank_matrix											
PLA2G2A	Pericyte_vascular_stabilizing	stable_program	0.144140901100893	10	ligand_rank_matrix											
NAMPT	Pericyte_vascular_stabilizing	stable_program	0.1426950697525	11	ligand_rank_matrix											
MMP14	Pericyte_vascular_stabilizing	stable_program	0.140112981967429	12	ligand_rank_matrix											
EDN1	Pericyte_vascular_stabilizing	stable_program	0.135548477357507	13	ligand_rank_matrix											
COL4A1	Pericyte_vascular_stabilizing	stable_program	0.13404284762917	14	ligand_rank_matrix											
VCAM1	Pericyte_vascular_stabilizing	stable_program	0.133688786769935	15	ligand_rank_matrix											
SIRPB2	Pericyte_vascular_stabilizing	stable_program	0.13234347512567	16	ligand_rank_matrix											
TNC	Pericyte_vascular_stabilizing	stable_program	0.130883632851445	17	ligand_rank_matrix											
FN1	Pericyte_vascular_stabilizing	stable_program	0.130121039508639	18	ligand_rank_matrix											
COL1A1	Pericyte_vascular_stabilizing	stable_program	0.130097476388055	19	ligand_rank_matrix											
AGT	Pericyte_vascular_stabilizing	stable_program	0.129926377741271	20	ligand_rank_matrix											
COL5A1	Pericyte_vascular_stabilizing	stable_program	0.129291245407626	21	ligand_rank_matrix											
THBS2	Pericyte_vascular_stabilizing	stable_program	0.124824876582656	22	ligand_rank_matrix											
IL1RN	Pericyte_vascular_stabilizing	stable_program	0.12481414075829	23	ligand_rank_matrix											
C3	Pericyte_vascular_stabilizing	stable_program	0.124543055151639	24	ligand_rank_matrix											
TGM2	Pericyte_vascular_stabilizing	stable_program	0.122125361659281	25	ligand_rank_matrix											
C4BPA	Pericyte_vascular_stabilizing	stable_program	0.121389258963182	26	ligand_rank_matrix											
ENG	Pericyte_vascular_stabilizing	stable_program	0.119842671584956	27	ligand_rank_matrix											
SIGLEC9	Pericyte_vascular_stabilizing	stable_program	0.118500929737298	28	ligand_rank_matrix											
APOA1	Pericyte_vascular_stabilizing	stable_program	0.117630103343302	29	ligand_rank_matrix											
SHISA4	Pericyte_vascular_stabilizing	stable_program	0.117428854827446	30	ligand_rank_matrix											
ITGB2	Pericyte_vascular_stabilizing	stable_program	0.116686351817784	31	ligand_rank_matrix											
PGF	Pericyte_vascular_stabilizing	stable_program	0.116599068922571	32	ligand_rank_matrix											
PRG4	Pericyte_vascular_stabilizing	stable_program	0.113892314396969	33	ligand_rank_matrix											
NTS	Pericyte_vascular_stabilizing	stable_program	0.112797617373502	34	ligand_rank_matrix											
GGT1	Pericyte_vascular_stabilizing	stable_program	0.11266676947158	35	ligand_rank_matrix											
TIMP3	Pericyte_vascular_stabilizing	stable_program	0.112234671836148	36	ligand_rank_matrix											
CCN1	Pericyte_vascular_stabilizing	stable_program	0.111226312959092	37	ligand_rank_matrix											
ADAM9	Pericyte_vascular_stabilizing	stable_program	0.111065312983127	38	ligand_rank_matrix											
JAM3	Pericyte_vascular_stabilizing	stable_program	0.11038204441878	39	ligand_rank_matrix											
IL1B	Pericyte_vascular_stabilizing	stable_program	0.108328146939383	40	ligand_rank_matrix											
LGALS3	Pericyte_vascular_stabilizing	stable_program	0.107960193061719	41	ligand_rank_matrix											
SPON2	Pericyte_vascular_stabilizing	stable_program	0.107465679382402	42	ligand_rank_matrix											
HLA-DQB1	Pericyte_vascular_stabilizing	stable_program	0.107124842000468	43	ligand_rank_matrix											
C1QB	Pericyte_vascular_stabilizing	stable_program	0.10706549947713	44	ligand_rank_matrix											
SEMA3F	Pericyte_vascular_stabilizing	stable_program	0.106547672831744	45	ligand_rank_matrix											
ANG	Pericyte_vascular_stabilizing	stable_program	0.106384639185622	46	ligand_rank_matrix											
IL16	Pericyte_vascular_stabilizing	stable_program	0.106210449474965	47	ligand_rank_matrix											
ICAM4	Pericyte_vascular_stabilizing	stable_program	0.104698823095145	48	ligand_rank_matrix											
CTSG	Pericyte_vascular_stabilizing	stable_program	0.103941398304341	49	ligand_rank_matrix											
SEMA3A	Pericyte_vascular_stabilizing	stable_program	0.103305460946687	50	ligand_rank_matrix											
COL10A1	Pericyte_vascular_stabilizing	stable_program	0.102390523961303	51	ligand_rank_matrix											
WNT3A	Pericyte_vascular_stabilizing	stable_program	0.102340060075818	52	ligand_rank_matrix											
LAMA3	Pericyte_vascular_stabilizing	stable_program	0.102076216577863	53	ligand_rank_matrix											
OCLN	Pericyte_vascular_stabilizing	stable_program	0.101653324218626	54	ligand_rank_matrix											
FAM3C	Pericyte_vascular_stabilizing	stable_program	0.101589632610089	55	ligand_rank_matrix											
WNT5A	Pericyte_vascular_stabilizing	stable_program	0.101210531209525	56	ligand_rank_matrix											
PTPRK	Pericyte_vascular_stabilizing	stable_program	0.10117103931199	57	ligand_rank_matrix											
CDCP1	Pericyte_vascular_stabilizing	stable_program	0.100229748139673	58	ligand_rank_matrix											
COL5A3	Pericyte_vascular_stabilizing	stable_program	0.100072377466496	59	ligand_rank_matrix											
MMP2	Pericyte_vascular_stabilizing	stable_program	0.100008599474213	60	ligand_rank_matrix											
LGALS3BP	Pericyte_vascular_stabilizing	stable_program	0.0996873693503635	61	ligand_rank_matrix											
CTSD	Pericyte_vascular_stabilizing	stable_program	0.0994428915239407	62	ligand_rank_matrix											
FCN1	Pericyte_vascular_stabilizing	stable_program	0.0992318306366495	63	ligand_rank_matrix											
A2M	Pericyte_vascular_stabilizing	stable_program	0.09895057845071	64	ligand_rank_matrix											
MMP9	Pericyte_vascular_stabilizing	stable_program	0.0987624386163366	65	ligand_rank_matrix											
COL3A1	Pericyte_vascular_stabilizing	stable_program	0.0983671444662217	66	ligand_rank_matrix											
SERPING1	Pericyte_vascular_stabilizing	stable_program	0.0976831470488496	67	ligand_rank_matrix											
LTBP1	Pericyte_vascular_stabilizing	stable_program	0.0976743824670985	68	ligand_rank_matrix											
BACE1	Pericyte_vascular_stabilizing	stable_program	0.0975763214452828	69	ligand_rank_matrix											
LUM	Pericyte_vascular_stabilizing	stable_program	0.0974373274557688	70	ligand_rank_matrix											
TGFBI	Pericyte_vascular_stabilizing	stable_program	0.0969202666145216	71	ligand_rank_matrix											
PLAT	Pericyte_vascular_stabilizing	stable_program	0.0964096913995918	72	ligand_rank_matrix											
COL1A2	Pericyte_vascular_stabilizing	stable_program	0.0962930676572056	73	ligand_rank_matrix											
HDC	Pericyte_vascular_stabilizing	stable_program	0.0961552470719733	74	ligand_rank_matrix											
VCAN	Pericyte_vascular_stabilizing	stable_program	0.095437454707902	75	ligand_rank_matrix											
LAMA5	Pericyte_vascular_stabilizing	stable_program	0.0953634182002413	76	ligand_rank_matrix											
LAMC1	Pericyte_vascular_stabilizing	stable_program	0.0950636285754259	77	ligand_rank_matrix											
FGA	Pericyte_vascular_stabilizing	stable_program	0.0949902331458809	78	ligand_rank_matrix											
COL14A1	Pericyte_vascular_stabilizing	stable_program	0.0949750806484295	79	ligand_rank_matrix											
SELE	Pericyte_vascular_stabilizing	stable_program	0.0949240351754158	80	ligand_rank_matrix											
ADAM17	Pericyte_vascular_stabilizing	stable_program	0.094833597693633	81	ligand_rank_matrix											
SIGLEC7	Pericyte_vascular_stabilizing	stable_program	0.094748573427178	82	ligand_rank_matrix											
GPC6	Pericyte_vascular_stabilizing	stable_program	0.0936830633054429	83	ligand_rank_matrix											
FST	Pericyte_vascular_stabilizing	stable_program	0.0932216621094824	84	ligand_rank_matrix											
CLEC11A	Pericyte_vascular_stabilizing	stable_program	0.0928860308898154	85	ligand_rank_matrix											
COL27A1	Pericyte_vascular_stabilizing	stable_program	0.0928645585202448	86	ligand_rank_matrix											
FGG	Pericyte_vascular_stabilizing	stable_program	0.0924809967807448	87	ligand_rank_matrix											
LAMC3	Pericyte_vascular_stabilizing	stable_program	0.0924587697532728	88	ligand_rank_matrix											
GPC3	Pericyte_vascular_stabilizing	stable_program	0.0923848884939467	89	ligand_rank_matrix											
HAS1	Pericyte_vascular_stabilizing	stable_program	0.092314221472852	90	ligand_rank_matrix											
COL6A2	Pericyte_vascular_stabilizing	stable_program	0.0923094955295535	91	ligand_rank_matrix											
NRG3	Pericyte_vascular_stabilizing	stable_program	0.0921043205602799	92	ligand_rank_matrix											
DCN	Pericyte_vascular_stabilizing	stable_program	0.0918503973903778	93	ligand_rank_matrix											
EREG	Pericyte_vascular_stabilizing	stable_program	0.0916712767461676	94	ligand_rank_matrix											
COL8A2	Pericyte_vascular_stabilizing	stable_program	0.091401792197472	95	ligand_rank_matrix											
CD14	Pericyte_vascular_stabilizing	stable_program	0.091099669464313	96	ligand_rank_matrix											
TFPI	Pericyte_vascular_stabilizing	stable_program	0.0909808516711901	97	ligand_rank_matrix											
COL6A6	Pericyte_vascular_stabilizing	stable_program	0.0908200765111961	98	ligand_rank_matrix											
CALM3	Pericyte_vascular_stabilizing	stable_program	0.0907618010266141	99	ligand_rank_matrix											
HSPG2	Pericyte_vascular_stabilizing	stable_program	0.0906842330632156	100	ligand_rank_matrix											
FBN1	Pericyte_vascular_stabilizing	stable_program	0.0905256775960584	101	ligand_rank_matrix											
COL4A3	Pericyte_vascular_stabilizing	stable_program	0.0902600273340556	102	ligand_rank_matrix											
LAMB3	Pericyte_vascular_stabilizing	stable_program	0.0901164748091894	103	ligand_rank_matrix											
GRN	Pericyte_vascular_stabilizing	stable_program	0.0897011307904279	104	ligand_rank_matrix											
PROS1	Pericyte_vascular_stabilizing	stable_program	0.0896581664655895	105	ligand_rank_matrix											
SIRPA	Pericyte_vascular_stabilizing	stable_program	0.0896106954326305	106	ligand_rank_matrix											
ADAM15	Pericyte_vascular_stabilizing	stable_program	0.089566911634403	107	ligand_rank_matrix											
CEACAM1	Pericyte_vascular_stabilizing	stable_program	0.0894966490208877	108	ligand_rank_matrix											
NRP1	Pericyte_vascular_stabilizing	stable_program	0.0894227610525221	109	ligand_rank_matrix											
CD55	Pericyte_vascular_stabilizing	stable_program	0.0893804730420384	110	ligand_rank_matrix											
CCL7	Pericyte_vascular_stabilizing	stable_program	0.0893515651232128	111	ligand_rank_matrix											
COL21A1	Pericyte_vascular_stabilizing	stable_program	0.0892586054217023	112	ligand_rank_matrix											
DLL4	Pericyte_vascular_stabilizing	stable_program	0.0891193241035693	113	ligand_rank_matrix											
TIMP1	Pericyte_vascular_stabilizing	stable_program	0.0888521438243581	114	ligand_rank_matrix											
S100A4	Pericyte_vascular_stabilizing	stable_program	0.0885819294293462	115	ligand_rank_matrix											
GNAS	Pericyte_vascular_stabilizing	stable_program	0.0885191277548232	116	ligand_rank_matrix											
CP	Pericyte_vascular_stabilizing	stable_program	0.0880369216539284	117	ligand_rank_matrix											
TNFSF14	Pericyte_vascular_stabilizing	stable_program	0.087663212106923	118	ligand_rank_matrix											
PTPRC	Pericyte_vascular_stabilizing	stable_program	0.0875387879019531	119	ligand_rank_matrix											
SLPI	Pericyte_vascular_stabilizing	stable_program	0.0875083532790848	120	ligand_rank_matrix											
LGALS9	Pericyte_vascular_stabilizing	stable_program	0.0873830805531843	121	ligand_rank_matrix											
IL1A	Pericyte_vascular_stabilizing	stable_program	0.0872058804572707	122	ligand_rank_matrix											
COL18A1	Pericyte_vascular_stabilizing	stable_program	0.0870840200218611	123	ligand_rank_matrix											
SEMA4D	Pericyte_vascular_stabilizing	stable_program	0.0870130836291393	124	ligand_rank_matrix											
F10	Pericyte_vascular_stabilizing	stable_program	0.0869294908753024	125	ligand_rank_matrix											
PTN	Pericyte_vascular_stabilizing	stable_program	0.0866366200060561	126	ligand_rank_matrix											
SEMA3B	Pericyte_vascular_stabilizing	stable_program	0.0866130252962881	127	ligand_rank_matrix											
PECAM1	Pericyte_vascular_stabilizing	stable_program	0.0865109133720902	128	ligand_rank_matrix											
LAMA4	Pericyte_vascular_stabilizing	stable_program	0.0862363036869441	129	ligand_rank_matrix											
THBS1	Pericyte_vascular_stabilizing	stable_program	0.0859910892229979	130	ligand_rank_matrix											
BMP1	Pericyte_vascular_stabilizing	stable_program	0.0859854853638483	131	ligand_rank_matrix											
TSPAN33	Pericyte_vascular_stabilizing	stable_program	0.0857793490647051	132	ligand_rank_matrix											
PSAP	Pericyte_vascular_stabilizing	stable_program	0.0855311970700271	133	ligand_rank_matrix											
COMP	Pericyte_vascular_stabilizing	stable_program	0.085525360450134	134	ligand_rank_matrix											
SEMA4A	Pericyte_vascular_stabilizing	stable_program	0.085518559725586	135	ligand_rank_matrix											
CD320	Pericyte_vascular_stabilizing	stable_program	0.0854815912243492	136	ligand_rank_matrix											
FGF14	Pericyte_vascular_stabilizing	stable_program	0.0853366779014691	137	ligand_rank_matrix											
C1QA	Pericyte_vascular_stabilizing	stable_program	0.0853177354648974	138	ligand_rank_matrix											
LRFN5	Pericyte_vascular_stabilizing	stable_program	0.0852352385683035	139	ligand_rank_matrix											
VWF	Pericyte_vascular_stabilizing	stable_program	0.0851937952362863	140	ligand_rank_matrix											
PLEKHO2	Pericyte_vascular_stabilizing	stable_program	0.0849923813029782	141	ligand_rank_matrix											
ANGPTL1	Pericyte_vascular_stabilizing	stable_program	0.0849733713411697	142	ligand_rank_matrix											
COL24A1	Pericyte_vascular_stabilizing	stable_program	0.0846168448223382	143	ligand_rank_matrix											
SOSTDC1	Pericyte_vascular_stabilizing	stable_program	0.0844508979523823	144	ligand_rank_matrix											
AZGP1	Pericyte_vascular_stabilizing	stable_program	0.0843432203955067	145	ligand_rank_matrix											
BMP4	Pericyte_vascular_stabilizing	stable_program	0.0840568635207263	146	ligand_rank_matrix											
GDF10	Pericyte_vascular_stabilizing	stable_program	0.0839269332286073	147	ligand_rank_matrix											
CDH1	Pericyte_vascular_stabilizing	stable_program	0.0838011268890868	148	ligand_rank_matrix											
F8	Pericyte_vascular_stabilizing	stable_program	0.0836583875686874	149	ligand_rank_matrix											
CD1B	Pericyte_vascular_stabilizing	stable_program	0.0832750652760283	150	ligand_rank_matrix											
SIGLEC5	Pericyte_vascular_stabilizing	stable_program	0.0831770160821638	151	ligand_rank_matrix											
SEMA3G	Pericyte_vascular_stabilizing	stable_program	0.0831612515803509	152	ligand_rank_matrix											
LRPAP1	Pericyte_vascular_stabilizing	stable_program	0.0829277656062533	153	ligand_rank_matrix											
SYT1	Pericyte_vascular_stabilizing	stable_program	0.0827176461534344	154	ligand_rank_matrix											
LAMC2	Pericyte_vascular_stabilizing	stable_program	0.0826305444108586	155	ligand_rank_matrix											
LAMB1	Pericyte_vascular_stabilizing	stable_program	0.0826024279996842	156	ligand_rank_matrix											
LIPH	Pericyte_vascular_stabilizing	stable_program	0.0824440185412158	157	ligand_rank_matrix											
THY1	Pericyte_vascular_stabilizing	stable_program	0.0823094308129586	158	ligand_rank_matrix											
EFEMP1	Pericyte_vascular_stabilizing	stable_program	0.0820654001356133	159	ligand_rank_matrix											
NCAM1	Pericyte_vascular_stabilizing	stable_program	0.0819408560983477	160	ligand_rank_matrix											
CD99	Pericyte_vascular_stabilizing	stable_program	0.0817842480026846	161	ligand_rank_matrix											
COL13A1	Pericyte_vascular_stabilizing	stable_program	0.08124869774363	162	ligand_rank_matrix											
PAM	Pericyte_vascular_stabilizing	stable_program	0.0812303375469897	163	ligand_rank_matrix											
BMP5	Pericyte_vascular_stabilizing	stable_program	0.0811741743764051	164	ligand_rank_matrix											
CALM1	Pericyte_vascular_stabilizing	stable_program	0.0810231080982622	165	ligand_rank_matrix											
SEMA3D	Pericyte_vascular_stabilizing	stable_program	0.0809837094113564	166	ligand_rank_matrix											
IGFBP3	Pericyte_vascular_stabilizing	stable_program	0.0809812646725001	167	ligand_rank_matrix											
COL4A5	Pericyte_vascular_stabilizing	stable_program	0.0809797607427778	168	ligand_rank_matrix											
SPP1	Pericyte_vascular_stabilizing	stable_program	0.0806600604311764	169	ligand_rank_matrix											
MMP7	Pericyte_vascular_stabilizing	stable_program	0.0806435729361812	170	ligand_rank_matrix											
NRXN3	Pericyte_vascular_stabilizing	stable_program	0.0801344525756976	171	ligand_rank_matrix											
SEMA3E	Pericyte_vascular_stabilizing	stable_program	0.0797506736825396	172	ligand_rank_matrix											
DUSP18	Pericyte_vascular_stabilizing	stable_program	0.0795692121329666	173	ligand_rank_matrix											
NFASC	Pericyte_vascular_stabilizing	stable_program	0.0793869168164426	174	ligand_rank_matrix											
AREG	Pericyte_vascular_stabilizing	stable_program	0.0791992752532319	175	ligand_rank_matrix											
COL4A4	Pericyte_vascular_stabilizing	stable_program	0.07875592661762	176	ligand_rank_matrix											
SERPINE1	Pericyte_vascular_stabilizing	stable_program	0.0787030707182832	177	ligand_rank_matrix											
CNTN6	Pericyte_vascular_stabilizing	stable_program	0.0785593271014985	178	ligand_rank_matrix											
MFGE8	Pericyte_vascular_stabilizing	stable_program	0.0784215737505222	179	ligand_rank_matrix											
COL8A1	Pericyte_vascular_stabilizing	stable_program	0.0777284941113097	180	ligand_rank_matrix											
CEACAM6	Pericyte_vascular_stabilizing	stable_program	0.0776838673954107	181	ligand_rank_matrix											
JAM2	Pericyte_vascular_stabilizing	stable_program	0.0776487483042539	182	ligand_rank_matrix											
AGRN	Pericyte_vascular_stabilizing	stable_program	0.0776067808230585	183	ligand_rank_matrix											
CNTN4	Pericyte_vascular_stabilizing	stable_program	0.077437892943096	184	ligand_rank_matrix											
NPNT	Pericyte_vascular_stabilizing	stable_program	0.0770421494463662	185	ligand_rank_matrix											
ADAM12	Pericyte_vascular_stabilizing	stable_program	0.0768128942160436	186	ligand_rank_matrix											
SDC2	Pericyte_vascular_stabilizing	stable_program	0.0766600981242787	187	ligand_rank_matrix											
RGMA	Pericyte_vascular_stabilizing	stable_program	0.0763283203575738	188	ligand_rank_matrix											
APOE	Pericyte_vascular_stabilizing	stable_program	0.076313493876272	189	ligand_rank_matrix											
COL4A2	Pericyte_vascular_stabilizing	stable_program	0.0761456263546783	190	ligand_rank_matrix											
CALM2	Pericyte_vascular_stabilizing	stable_program	0.0760714159202894	191	ligand_rank_matrix											
MCAM	Pericyte_vascular_stabilizing	stable_program	0.0760218338630603	192	ligand_rank_matrix											
LPL	Pericyte_vascular_stabilizing	stable_program	0.0760198375782122	193	ligand_rank_matrix											
COL6A3	Pericyte_vascular_stabilizing	stable_program	0.0759951632057331	194	ligand_rank_matrix											
IGF2	Pericyte_vascular_stabilizing	stable_program	0.075968723956233	195	ligand_rank_matrix											
NECTIN4	Pericyte_vascular_stabilizing	stable_program	0.0759038371845489	196	ligand_rank_matrix											
SEMA4B	Pericyte_vascular_stabilizing	stable_program	0.0758047947844067	197	ligand_rank_matrix											
ADAM10	Pericyte_vascular_stabilizing	stable_program	0.0750115884261774	198	ligand_rank_matrix											
BMP3	Pericyte_vascular_stabilizing	stable_program	0.0748978305291958	199	ligand_rank_matrix											
CX3CL1	Pericyte_vascular_stabilizing	stable_program	0.0747032557509721	200	ligand_rank_matrix											
HLA-DRB5	Pericyte_vascular_stabilizing	stable_program	0.0746359100740531	201	ligand_rank_matrix											
PTDSS1	Pericyte_vascular_stabilizing	stable_program	0.0744879105675144	202	ligand_rank_matrix											
COL12A1	Pericyte_vascular_stabilizing	stable_program	0.0741942683023415	203	ligand_rank_matrix											
VEGFD	Pericyte_vascular_stabilizing	stable_program	0.0736853572555623	204	ligand_rank_matrix											
TSPAN3	Pericyte_vascular_stabilizing	stable_program	0.0736291716052708	205	ligand_rank_matrix											
LAMB2	Pericyte_vascular_stabilizing	stable_program	0.0733741744173009	206	ligand_rank_matrix											
F13A1	Pericyte_vascular_stabilizing	stable_program	0.072433203397851	207	ligand_rank_matrix											
EDIL3	Pericyte_vascular_stabilizing	stable_program	0.0722253160411155	208	ligand_rank_matrix											
WNT2B	Pericyte_vascular_stabilizing	stable_program	0.0721668861769377	209	ligand_rank_matrix											
HSP90B1	Pericyte_vascular_stabilizing	stable_program	0.0720078374380171	210	ligand_rank_matrix											
LRIG1	Pericyte_vascular_stabilizing	stable_program	0.0714051625047452	211	ligand_rank_matrix											
LGALS1	Pericyte_vascular_stabilizing	stable_program	0.071363121901543	212	ligand_rank_matrix											
COL15A1	Pericyte_vascular_stabilizing	stable_program	0.0706492997734965	213	ligand_rank_matrix											
COL6A1	Pericyte_vascular_stabilizing	stable_program	0.0706185943475485	214	ligand_rank_matrix											
MDK	Pericyte_vascular_stabilizing	stable_program	0.0704215878916751	215	ligand_rank_matrix											
BACE2	Pericyte_vascular_stabilizing	stable_program	0.0700679903379125	216	ligand_rank_matrix											
HAS2	Pericyte_vascular_stabilizing	stable_program	0.0697297127708835	217	ligand_rank_matrix											
COL16A1	Pericyte_vascular_stabilizing	stable_program	0.06903363039287	218	ligand_rank_matrix											
SPON1	Pericyte_vascular_stabilizing	stable_program	0.0684046716543014	219	ligand_rank_matrix											
CCL2	Pericyte_vascular_stabilizing	stable_program	0.067876895134417	220	ligand_rank_matrix											
ANXA2	Pericyte_vascular_stabilizing	stable_program	0.0677989562173585	221	ligand_rank_matrix											
FGF2	Pericyte_vascular_stabilizing	stable_program	0.0670776779785395	222	ligand_rank_matrix											
COL5A2	Pericyte_vascular_stabilizing	stable_program	0.0667988358689642	223	ligand_rank_matrix											
MXRA5	Pericyte_vascular_stabilizing	stable_program	0.0665888356847552	224	ligand_rank_matrix											
RSPO3	Pericyte_vascular_stabilizing	stable_program	0.0656926900086089	225	ligand_rank_matrix											
ANGPT2	Pericyte_vascular_stabilizing	stable_program	0.0652198480854835	226	ligand_rank_matrix											
HBEGF	Pericyte_vascular_stabilizing	stable_program	0.0649918123174758	227	ligand_rank_matrix											
PI16	Pericyte_vascular_stabilizing	stable_program	0.0647877557614758	228	ligand_rank_matrix											
SIGLEC1	Pericyte_vascular_stabilizing	stable_program	0.0638976209806918	229	ligand_rank_matrix											
SPARC	Pericyte_vascular_stabilizing	stable_program	0.0636991396892117	230	ligand_rank_matrix											
CXCL12	Pericyte_vascular_stabilizing	stable_program	0.0630897488381676	231	ligand_rank_matrix											
PSEN1	Pericyte_vascular_stabilizing	stable_program	0.0626711856583121	232	ligand_rank_matrix											
FBLN1	Pericyte_vascular_stabilizing	stable_program	0.0625790192384247	233	ligand_rank_matrix											
OSM	Pericyte_vascular_stabilizing	stable_program	0.0624517605089345	234	ligand_rank_matrix											
NID1	Pericyte_vascular_stabilizing	stable_program	0.0603899081696556	235	ligand_rank_matrix											
SERPINE2	Pericyte_vascular_stabilizing	stable_program	0.0596814612266754	236	ligand_rank_matrix											
DLL1	Pericyte_vascular_stabilizing	stable_program	0.0584228750332362	237	ligand_rank_matrix											
RARRES1	Pericyte_vascular_stabilizing	stable_program	0.0575916310580243	238	ligand_rank_matrix											
IFITM1	Pericyte_vascular_stabilizing	stable_program	0.0569443942675116	239	ligand_rank_matrix											
VEGFA	Pericyte_vascular_stabilizing	stable_program	0.0564742087460741	240	ligand_rank_matrix											
PCSK9	Pericyte_vascular_stabilizing	stable_program	0.0560178337031231	241	ligand_rank_matrix											
WNT9A	Pericyte_vascular_stabilizing	stable_program	0.0559197714432286	242	ligand_rank_matrix											
APP	Pericyte_vascular_stabilizing	stable_program	0.055814353493246	243	ligand_rank_matrix											
BDNF	Pericyte_vascular_stabilizing	stable_program	0.0556913932439727	244	ligand_rank_matrix											
ADAM28	Pericyte_vascular_stabilizing	stable_program	0.0552875140156373	245	ligand_rank_matrix											
CCN4	Pericyte_vascular_stabilizing	stable_program	0.055208244185933	246	ligand_rank_matrix											
SEMA3C	Pericyte_vascular_stabilizing	stable_program	0.0548084944409183	247	ligand_rank_matrix											
ESAM	Pericyte_vascular_stabilizing	stable_program	0.0545895640536247	248	ligand_rank_matrix											
VSIG10	Pericyte_vascular_stabilizing	stable_program	0.0545863994400743	249	ligand_rank_matrix											
GAS6	Pericyte_vascular_stabilizing	stable_program	0.0542980826182166	250	ligand_rank_matrix											
WNT2	Pericyte_vascular_stabilizing	stable_program	0.0541342102562977	251	ligand_rank_matrix											
WNT7B	Pericyte_vascular_stabilizing	stable_program	0.0538294487960134	252	ligand_rank_matrix											
JAG2	Pericyte_vascular_stabilizing	stable_program	0.0529853240275631	253	ligand_rank_matrix											
CAMP	Pericyte_vascular_stabilizing	stable_program	0.0525053422128089	254	ligand_rank_matrix											
SEMA4C	Pericyte_vascular_stabilizing	stable_program	0.0522231851755294	255	ligand_rank_matrix											
LFNG	Pericyte_vascular_stabilizing	stable_program	0.0519202716943935	256	ligand_rank_matrix											
FGF7	Pericyte_vascular_stabilizing	stable_program	0.0515945933475028	257	ligand_rank_matrix											
ZNRF3	Pericyte_vascular_stabilizing	stable_program	0.0509527975414128	258	ligand_rank_matrix											
POSTN	Pericyte_vascular_stabilizing	stable_program	0.0490011549890633	259	ligand_rank_matrix											
LTBP3	Pericyte_vascular_stabilizing	stable_program	0.0487882113012111	260	ligand_rank_matrix											
NECTIN2	Pericyte_vascular_stabilizing	stable_program	0.0481909925402561	261	ligand_rank_matrix											
ANGPT1	Pericyte_vascular_stabilizing	stable_program	0.0478432466009647	262	ligand_rank_matrix											
MFNG	Pericyte_vascular_stabilizing	stable_program	0.0470036305100612	263	ligand_rank_matrix											
INHBA	Pericyte_vascular_stabilizing	stable_program	0.0467209682681964	264	ligand_rank_matrix											
CLCF1	Pericyte_vascular_stabilizing	stable_program	0.0466395792892742	265	ligand_rank_matrix											
CLDN1	Pericyte_vascular_stabilizing	stable_program	0.0461140360955934	266	ligand_rank_matrix											
FGF18	Pericyte_vascular_stabilizing	stable_program	0.0448956162276392	267	ligand_rank_matrix											
NECTIN3	Pericyte_vascular_stabilizing	stable_program	0.044731150431245	268	ligand_rank_matrix											
PDGFC	Pericyte_vascular_stabilizing	stable_program	0.0442661699931837	269	ligand_rank_matrix											
IGFBP4	Pericyte_vascular_stabilizing	stable_program	0.0437307451735185	270	ligand_rank_matrix											
PDGFA	Pericyte_vascular_stabilizing	stable_program	0.043585548733669	271	ligand_rank_matrix											
HGF	Pericyte_vascular_stabilizing	stable_program	0.0433458602648574	272	ligand_rank_matrix											
WIF1	Pericyte_vascular_stabilizing	stable_program	0.04193775013606	273	ligand_rank_matrix											
NRG1	Pericyte_vascular_stabilizing	stable_program	0.0413867267884734	274	ligand_rank_matrix											
LRIG2	Pericyte_vascular_stabilizing	stable_program	0.0412017731935236	275	ligand_rank_matrix											
BMP6	Pericyte_vascular_stabilizing	stable_program	0.0406907373711547	276	ligand_rank_matrix											
ANGPTL4	Pericyte_vascular_stabilizing	stable_program	0.0406005091354739	277	ligand_rank_matrix											
ANGPTL2	Pericyte_vascular_stabilizing	stable_program	0.0403500898307675	278	ligand_rank_matrix											
ANOS1	Pericyte_vascular_stabilizing	stable_program	0.0394731747744415	279	ligand_rank_matrix											
MIF	Pericyte_vascular_stabilizing	stable_program	0.0394390765654066	280	ligand_rank_matrix											
JAG1	Pericyte_vascular_stabilizing	stable_program	0.0389410306440792	281	ligand_rank_matrix											
CMTM8	Pericyte_vascular_stabilizing	stable_program	0.0385884763901494	282	ligand_rank_matrix											
TNFSF13	Pericyte_vascular_stabilizing	stable_program	0.0381515029661661	283	ligand_rank_matrix											
BMP2	Pericyte_vascular_stabilizing	stable_program	0.0367537966787321	284	ligand_rank_matrix											
MYOC	Pericyte_vascular_stabilizing	stable_program	0.0366394730963104	285	ligand_rank_matrix											
CALR	Pericyte_vascular_stabilizing	stable_program	0.0345389611365936	286	ligand_rank_matrix											
NGF	Pericyte_vascular_stabilizing	stable_program	0.0341697459225149	287	ligand_rank_matrix											
IL6	Pericyte_vascular_stabilizing	stable_program	0.0338132218843089	288	ligand_rank_matrix											
LIF	Pericyte_vascular_stabilizing	stable_program	0.0335634510769502	289	ligand_rank_matrix											
LAMA2	Pericyte_vascular_stabilizing	stable_program	0.0317936326517792	290	ligand_rank_matrix											
VEGFC	Pericyte_vascular_stabilizing	stable_program	0.0309244893781263	291	ligand_rank_matrix											
TGFB3	Pericyte_vascular_stabilizing	stable_program	0.0307968055130632	292	ligand_rank_matrix											
SCGB3A1	Pericyte_vascular_stabilizing	stable_program	0.0297441679156859	293	ligand_rank_matrix											
PDGFB	Pericyte_vascular_stabilizing	stable_program	0.029081061608733	294	ligand_rank_matrix											
CRTAM	Pericyte_vascular_stabilizing	stable_program	0.0280575828525167	295	ligand_rank_matrix											
CXCL8	Pericyte_vascular_stabilizing	stable_program	0.0279194811998652	296	ligand_rank_matrix											
CADM1	Pericyte_vascular_stabilizing	stable_program	0.0273566583356654	297	ligand_rank_matrix											
FURIN	Pericyte_vascular_stabilizing	stable_program	0.0265536339680937	298	ligand_rank_matrix											
SIGLEC6	Pericyte_vascular_stabilizing	stable_program	0.0261709308435106	299	ligand_rank_matrix											
ST6GAL1	Pericyte_vascular_stabilizing	stable_program	0.0251014366226492	300	ligand_rank_matrix											
CADM3	Pericyte_vascular_stabilizing	stable_program	0.0242243482398394	301	ligand_rank_matrix											
CCL28	Pericyte_vascular_stabilizing	stable_program	0.0226320385549387	302	ligand_rank_matrix											
IGF1	Pericyte_vascular_stabilizing	stable_program	0.0221353454969903	303	ligand_rank_matrix											
LTB	Pericyte_vascular_stabilizing	stable_program	0.0194842747916983	304	ligand_rank_matrix											
CSF2	Pericyte_vascular_stabilizing	stable_program	0.0191506472928855	305	ligand_rank_matrix											
CKLF	Pericyte_vascular_stabilizing	stable_program	0.0191367167313498	306	ligand_rank_matrix											
LTF	Pericyte_vascular_stabilizing	stable_program	0.0181171778111567	307	ligand_rank_matrix											
MMRN2	Pericyte_vascular_stabilizing	stable_program	0.0170640832240571	308	ligand_rank_matrix											
PDGFD	Pericyte_vascular_stabilizing	stable_program	0.0133509598899602	309	ligand_rank_matrix											
EPHA4	Pericyte_vascular_stabilizing	stable_program	0.0124958034591612	310	ligand_rank_matrix											
PLAU	Pericyte_vascular_stabilizing	stable_program	0.0117848786051129	311	ligand_rank_matrix											
TGFB2	Pericytes	whole	0.208170306721241	1	ligand_rank_matrix											
TGFB1	Pericytes	whole	0.2030569287902	2	ligand_rank_matrix											
CCN2	Pericytes	whole	0.158998327486667	3	ligand_rank_matrix											
TIMP2	Pericytes	whole	0.146083452147181	4	ligand_rank_matrix											
COPA	Pericytes	whole	0.13852941971183	5	ligand_rank_matrix											
VTN	Pericytes	whole	0.12887517289011	6	ligand_rank_matrix											
COL4A1	Pericytes	whole	0.121277247355698	7	ligand_rank_matrix											
COL1A1	Pericytes	whole	0.107306389764533	8	ligand_rank_matrix											
MMP14	Pericytes	whole	0.103919588314249	9	ligand_rank_matrix											
COL5A1	Pericytes	whole	0.103344551086895	10	ligand_rank_matrix											
AGT	Pericytes	whole	0.102744838353057	11	ligand_rank_matrix											
ENG	Pericytes	whole	0.102339758308924	12	ligand_rank_matrix											
SIRPB2	Pericytes	whole	0.100088913619808	13	ligand_rank_matrix											
VCAM1	Pericytes	whole	0.0989730367689061	14	ligand_rank_matrix											
FN1	Pericytes	whole	0.0956954831852978	15	ligand_rank_matrix											
RELN	Pericytes	whole	0.0951689614659528	16	ligand_rank_matrix											
NAMPT	Pericytes	whole	0.0950738842539528	17	ligand_rank_matrix											
THBS2	Pericytes	whole	0.0931076112478326	18	ligand_rank_matrix											
TGM2	Pericytes	whole	0.092948240344352	19	ligand_rank_matrix											
ICAM1	Pericytes	whole	0.0873564816898791	20	ligand_rank_matrix											
TNC	Pericytes	whole	0.0863933442655254	21	ligand_rank_matrix											
BMP4	Pericytes	whole	0.08533396195016	22	ligand_rank_matrix											
ANG	Pericytes	whole	0.0839745362064393	23	ligand_rank_matrix											
WNT3A	Pericytes	whole	0.0839172948439343	24	ligand_rank_matrix											
NTS	Pericytes	whole	0.0816279701361454	25	ligand_rank_matrix											
SEMA3F	Pericytes	whole	0.0794509652862885	26	ligand_rank_matrix											
DLL4	Pericytes	whole	0.0777105202694205	27	ligand_rank_matrix											
C4BPA	Pericytes	whole	0.0764189084552329	28	ligand_rank_matrix											
SHISA4	Pericytes	whole	0.0763690556211291	29	ligand_rank_matrix											
LGALS3BP	Pericytes	whole	0.0747588252367856	30	ligand_rank_matrix											
GGT1	Pericytes	whole	0.0743091328090485	31	ligand_rank_matrix											
C1QB	Pericytes	whole	0.0739647686741691	32	ligand_rank_matrix											
OCLN	Pericytes	whole	0.0732563409883554	33	ligand_rank_matrix											
LTBP1	Pericytes	whole	0.073168772314913	34	ligand_rank_matrix											
JAM3	Pericytes	whole	0.0716298117121812	35	ligand_rank_matrix											
EDN1	Pericytes	whole	0.0715255815907329	36	ligand_rank_matrix											
TIMP3	Pericytes	whole	0.0706530555650109	37	ligand_rank_matrix											
SEMA3A	Pericytes	whole	0.0704655567355334	38	ligand_rank_matrix											
PSAP	Pericytes	whole	0.0703579584653636	39	ligand_rank_matrix											
MMP9	Pericytes	whole	0.0697452544111374	40	ligand_rank_matrix											
ANXA1	Pericytes	whole	0.0692701373182946	41	ligand_rank_matrix											
TIMP1	Pericytes	whole	0.0685572309005836	42	ligand_rank_matrix											
MMP2	Pericytes	whole	0.0684925951937477	43	ligand_rank_matrix											
C3	Pericytes	whole	0.0681527713726105	44	ligand_rank_matrix											
COL1A2	Pericytes	whole	0.0679970887114916	45	ligand_rank_matrix											
FBN1	Pericytes	whole	0.0678045114154984	46	ligand_rank_matrix											
COL3A1	Pericytes	whole	0.0676191534595755	47	ligand_rank_matrix											
PLAT	Pericytes	whole	0.0675002827213952	48	ligand_rank_matrix											
LAMA3	Pericytes	whole	0.0674705608315087	49	ligand_rank_matrix											
VCAN	Pericytes	whole	0.0673884213806335	50	ligand_rank_matrix											
CALM3	Pericytes	whole	0.0672451357547388	51	ligand_rank_matrix											
DCN	Pericytes	whole	0.0672102140030701	52	ligand_rank_matrix											
COL10A1	Pericytes	whole	0.0671329398678508	53	ligand_rank_matrix											
CTSG	Pericytes	whole	0.0670758277676853	54	ligand_rank_matrix											
MMP7	Pericytes	whole	0.0670746808683973	55	ligand_rank_matrix											
BMP1	Pericytes	whole	0.0670220207024986	56	ligand_rank_matrix											
FGA	Pericytes	whole	0.0669438414003644	57	ligand_rank_matrix											
FCN1	Pericytes	whole	0.0668481788641164	58	ligand_rank_matrix											
PTPRK	Pericytes	whole	0.0658056828061612	59	ligand_rank_matrix											
COL5A3	Pericytes	whole	0.0655322254942965	60	ligand_rank_matrix											
FLRT2	Pericytes	whole	0.0652236736187425	61	ligand_rank_matrix											
NEGR1	Pericytes	whole	0.0652199535187805	62	ligand_rank_matrix											
LAMA5	Pericytes	whole	0.0647332040892507	63	ligand_rank_matrix											
CTSD	Pericytes	whole	0.0645953817295048	64	ligand_rank_matrix											
FST	Pericytes	whole	0.0643202282574419	65	ligand_rank_matrix											
CDCP1	Pericytes	whole	0.063811104351039	66	ligand_rank_matrix											
SELE	Pericytes	whole	0.0637202361578452	67	ligand_rank_matrix											
LAMC1	Pericytes	whole	0.0633538568033651	68	ligand_rank_matrix											
A2M	Pericytes	whole	0.0633037100649395	69	ligand_rank_matrix											
HDC	Pericytes	whole	0.0630251893694482	70	ligand_rank_matrix											
CXCL12	Pericytes	whole	0.0629886953274773	71	ligand_rank_matrix											
LUM	Pericytes	whole	0.0628758606497369	72	ligand_rank_matrix											
GRN	Pericytes	whole	0.0626605642283635	73	ligand_rank_matrix											
ITGB2	Pericytes	whole	0.0624755828398465	74	ligand_rank_matrix											
CD14	Pericytes	whole	0.0623406745866006	75	ligand_rank_matrix											
SERPING1	Pericytes	whole	0.0621643707842395	76	ligand_rank_matrix											
IL1B	Pericytes	whole	0.0619109371522095	77	ligand_rank_matrix											
VWF	Pericytes	whole	0.0618652031070882	78	ligand_rank_matrix											
FAM3C	Pericytes	whole	0.0616479023307426	79	ligand_rank_matrix											
FGG	Pericytes	whole	0.061500726757183	80	ligand_rank_matrix											
LAMB3	Pericytes	whole	0.0614592756526951	81	ligand_rank_matrix											
BMP5	Pericytes	whole	0.061287069604613	82	ligand_rank_matrix											
LGALS9	Pericytes	whole	0.061265763038598	83	ligand_rank_matrix											
TFPI	Pericytes	whole	0.0611551753843855	84	ligand_rank_matrix											
COL6A2	Pericytes	whole	0.0611514406571874	85	ligand_rank_matrix											
CCN1	Pericytes	whole	0.0611234502773197	86	ligand_rank_matrix											
CORIN	Pericytes	whole	0.0610992310329997	87	ligand_rank_matrix											
S100A4	Pericytes	whole	0.0610712177285981	88	ligand_rank_matrix											
TGFBI	Pericytes	whole	0.0609402543581274	89	ligand_rank_matrix											
PLA2G2A	Pericytes	whole	0.0609328308309646	90	ligand_rank_matrix											
SIGLEC7	Pericytes	whole	0.0605615810857819	91	ligand_rank_matrix											
LIN7C	Pericytes	whole	0.0603216052989669	92	ligand_rank_matrix											
SPARC	Pericytes	whole	0.0602347875480588	93	ligand_rank_matrix											
SIGLEC9	Pericytes	whole	0.0600998270753222	94	ligand_rank_matrix											
CP	Pericytes	whole	0.0596478974173336	95	ligand_rank_matrix											
GPC6	Pericytes	whole	0.059515379167645	96	ligand_rank_matrix											
BACE1	Pericytes	whole	0.0593857260064534	97	ligand_rank_matrix											
GNAS	Pericytes	whole	0.0593154689641262	98	ligand_rank_matrix											
IL1RN	Pericytes	whole	0.059291535302901	99	ligand_rank_matrix											
NRG3	Pericytes	whole	0.0591778079153749	100	ligand_rank_matrix											
NRP1	Pericytes	whole	0.0591720941224714	101	ligand_rank_matrix											
THBS1	Pericytes	whole	0.0591278234788892	102	ligand_rank_matrix											
COL14A1	Pericytes	whole	0.0590825676184907	103	ligand_rank_matrix											
COL6A6	Pericytes	whole	0.0590605180825311	104	ligand_rank_matrix											
PROS1	Pericytes	whole	0.0590384681125196	105	ligand_rank_matrix											
SLPI	Pericytes	whole	0.0589344663413165	106	ligand_rank_matrix											
COL27A1	Pericytes	whole	0.0588322970624378	107	ligand_rank_matrix											
SIRPA	Pericytes	whole	0.0585815332607473	108	ligand_rank_matrix											
GPC3	Pericytes	whole	0.058129784403669	109	ligand_rank_matrix											
COL21A1	Pericytes	whole	0.0580583309342215	110	ligand_rank_matrix											
ADAM15	Pericytes	whole	0.0580570734865958	111	ligand_rank_matrix											
BMP3	Pericytes	whole	0.0576270331099406	112	ligand_rank_matrix											
CDH1	Pericytes	whole	0.0575044478326747	113	ligand_rank_matrix											
IL1A	Pericytes	whole	0.057265742777395	114	ligand_rank_matrix											
HSPG2	Pericytes	whole	0.0571618713060939	115	ligand_rank_matrix											
ADAM9	Pericytes	whole	0.0570694776038269	116	ligand_rank_matrix											
SPP1	Pericytes	whole	0.0570637154830084	117	ligand_rank_matrix											
SEMA3G	Pericytes	whole	0.0570584654043593	118	ligand_rank_matrix											
IGFBP3	Pericytes	whole	0.0568364750376677	119	ligand_rank_matrix											
APOA1	Pericytes	whole	0.0568216280201765	120	ligand_rank_matrix											
COL24A1	Pericytes	whole	0.056811065936329	121	ligand_rank_matrix											
PECAM1	Pericytes	whole	0.0565986243163791	122	ligand_rank_matrix											
CLEC11A	Pericytes	whole	0.0564633814916989	123	ligand_rank_matrix											
NTN1	Pericytes	whole	0.0561653293688532	124	ligand_rank_matrix											
F8	Pericytes	whole	0.0561383385249727	125	ligand_rank_matrix											
NTM	Pericytes	whole	0.0561337240941807	126	ligand_rank_matrix											
COMP	Pericytes	whole	0.0559979173539227	127	ligand_rank_matrix											
COL18A1	Pericytes	whole	0.0559230710653012	128	ligand_rank_matrix											
RGMA	Pericytes	whole	0.0559013999891718	129	ligand_rank_matrix											
THY1	Pericytes	whole	0.0558751903802505	130	ligand_rank_matrix											
ICAM4	Pericytes	whole	0.0558528912373744	131	ligand_rank_matrix											
ANGPTL1	Pericytes	whole	0.0556534325264911	132	ligand_rank_matrix											
COL4A3	Pericytes	whole	0.0555815221600274	133	ligand_rank_matrix											
JAM2	Pericytes	whole	0.0555197710016778	134	ligand_rank_matrix											
SEMA3B	Pericytes	whole	0.0555189137803377	135	ligand_rank_matrix											
CD55	Pericytes	whole	0.0554275804033623	136	ligand_rank_matrix											
GDF10	Pericytes	whole	0.0554047486753429	137	ligand_rank_matrix											
BDNF	Pericytes	whole	0.0552522818571391	138	ligand_rank_matrix											
OSM	Pericytes	whole	0.0552432123304416	139	ligand_rank_matrix											
LAMC2	Pericytes	whole	0.0551630347594245	140	ligand_rank_matrix											
SERPINE1	Pericytes	whole	0.0551445611819284	141	ligand_rank_matrix											
EFEMP1	Pericytes	whole	0.0551432467288993	142	ligand_rank_matrix											
FGF14	Pericytes	whole	0.0550668896125711	143	ligand_rank_matrix											
VEGFD	Pericytes	whole	0.0550563465873243	144	ligand_rank_matrix											
KIRREL1	Pericytes	whole	0.055049846358455	145	ligand_rank_matrix											
AZGP1	Pericytes	whole	0.0549075029656568	146	ligand_rank_matrix											
SOSTDC1	Pericytes	whole	0.0548700962787714	147	ligand_rank_matrix											
RARRES1	Pericytes	whole	0.05477340718465	148	ligand_rank_matrix											
EREG	Pericytes	whole	0.054752341930909	149	ligand_rank_matrix											
LAMB1	Pericytes	whole	0.0547349663142517	150	ligand_rank_matrix											
PRG4	Pericytes	whole	0.0544922996034312	151	ligand_rank_matrix											
SEMA3D	Pericytes	whole	0.0544880861715026	152	ligand_rank_matrix											
NCAM1	Pericytes	whole	0.0544045182671043	153	ligand_rank_matrix											
HAS1	Pericytes	whole	0.0542495671039834	154	ligand_rank_matrix											
LRFN5	Pericytes	whole	0.0541497223346247	155	ligand_rank_matrix											
LRPAP1	Pericytes	whole	0.0540811195576143	156	ligand_rank_matrix											
COL4A4	Pericytes	whole	0.0537691180920635	157	ligand_rank_matrix											
COL13A1	Pericytes	whole	0.0537257597683801	158	ligand_rank_matrix											
COL12A1	Pericytes	whole	0.0536618689253399	159	ligand_rank_matrix											
SYT1	Pericytes	whole	0.0535877284897193	160	ligand_rank_matrix											
ADAM12	Pericytes	whole	0.053429499392106	161	ligand_rank_matrix											
ATP1B1	Pericytes	whole	0.0533434070694894	162	ligand_rank_matrix											
MCAM	Pericytes	whole	0.0533104183659679	163	ligand_rank_matrix											
CD99	Pericytes	whole	0.0532822455860248	164	ligand_rank_matrix											
CD320	Pericytes	whole	0.0531954740299376	165	ligand_rank_matrix											
SEMA3E	Pericytes	whole	0.0530083651592029	166	ligand_rank_matrix											
LIPH	Pericytes	whole	0.0529859156935667	167	ligand_rank_matrix											
CNTN6	Pericytes	whole	0.0528883555478525	168	ligand_rank_matrix											
LAMA4	Pericytes	whole	0.0527076476829295	169	ligand_rank_matrix											
LGALS3	Pericytes	whole	0.0526611866576706	170	ligand_rank_matrix											
C1QA	Pericytes	whole	0.0525025644283432	171	ligand_rank_matrix											
SEMA4D	Pericytes	whole	0.0524016326788432	172	ligand_rank_matrix											
SEMA4A	Pericytes	whole	0.0522831152498357	173	ligand_rank_matrix											
CALM1	Pericytes	whole	0.052047667322929	174	ligand_rank_matrix											
SIGLEC5	Pericytes	whole	0.0519841198451746	175	ligand_rank_matrix											
SLITRK6	Pericytes	whole	0.0517236296455495	176	ligand_rank_matrix											
NFASC	Pericytes	whole	0.0517092780616769	177	ligand_rank_matrix											
AGRN	Pericytes	whole	0.0516038079674511	178	ligand_rank_matrix											
CEACAM6	Pericytes	whole	0.0513904433065292	179	ligand_rank_matrix											
SLIT3	Pericytes	whole	0.0512129787591667	180	ligand_rank_matrix											
CD1B	Pericytes	whole	0.0509955689165223	181	ligand_rank_matrix											
IL16	Pericytes	whole	0.0508130188090554	182	ligand_rank_matrix											
LSAMP	Pericytes	whole	0.0507353487093647	183	ligand_rank_matrix											
COL4A5	Pericytes	whole	0.0505257785315392	184	ligand_rank_matrix											
HLA-DQB1	Pericytes	whole	0.0505174434836669	185	ligand_rank_matrix											
FGF2	Pericytes	whole	0.050422175413832	186	ligand_rank_matrix											
SEMA4B	Pericytes	whole	0.0503971906820951	187	ligand_rank_matrix											
NPNT	Pericytes	whole	0.0503883306233641	188	ligand_rank_matrix											
ADAM17	Pericytes	whole	0.0503164568605694	189	ligand_rank_matrix											
COL4A2	Pericytes	whole	0.0500754595908632	190	ligand_rank_matrix											
CEACAM1	Pericytes	whole	0.0499636322116696	191	ligand_rank_matrix											
COL6A1	Pericytes	whole	0.0499118020957253	192	ligand_rank_matrix											
TSPAN33	Pericytes	whole	0.0496571598605857	193	ligand_rank_matrix											
COL6A3	Pericytes	whole	0.0496312446974669	194	ligand_rank_matrix											
MFGE8	Pericytes	whole	0.0493703411397419	195	ligand_rank_matrix											
LGALS1	Pericytes	whole	0.049241808880373	196	ligand_rank_matrix											
COL15A1	Pericytes	whole	0.0490367985382476	197	ligand_rank_matrix											
VEGFA	Pericytes	whole	0.0490092028460803	198	ligand_rank_matrix											
COL8A2	Pericytes	whole	0.0486825386949676	199	ligand_rank_matrix											
NECTIN4	Pericytes	whole	0.0486771690892186	200	ligand_rank_matrix											
PLEKHO2	Pericytes	whole	0.0484917784069881	201	ligand_rank_matrix											
MDK	Pericytes	whole	0.0484356479833751	202	ligand_rank_matrix											
SDC2	Pericytes	whole	0.0483987799600402	203	ligand_rank_matrix											
DUSP18	Pericytes	whole	0.0477776510020133	204	ligand_rank_matrix											
LPL	Pericytes	whole	0.0477410591741126	205	ligand_rank_matrix											
HLA-DRB5	Pericytes	whole	0.0476824138960992	206	ligand_rank_matrix											
LRIG1	Pericytes	whole	0.0475752947482304	207	ligand_rank_matrix											
F13A1	Pericytes	whole	0.0475646201444154	208	ligand_rank_matrix											
COL8A1	Pericytes	whole	0.0475631788320374	209	ligand_rank_matrix											
APOE	Pericytes	whole	0.0474183732063925	210	ligand_rank_matrix											
IGF2	Pericytes	whole	0.0469742417813682	211	ligand_rank_matrix											
ANXA2	Pericytes	whole	0.0469438127696121	212	ligand_rank_matrix											
FLRT3	Pericytes	whole	0.0467613426550277	213	ligand_rank_matrix											
NRXN3	Pericytes	whole	0.0466144801183895	214	ligand_rank_matrix											
TSPAN3	Pericytes	whole	0.0465451126243575	215	ligand_rank_matrix											
LAMB2	Pericytes	whole	0.0465317535048915	216	ligand_rank_matrix											
CLDN1	Pericytes	whole	0.0457839407998419	217	ligand_rank_matrix											
HAS2	Pericytes	whole	0.0456509184759724	218	ligand_rank_matrix											
PGF	Pericytes	whole	0.0456197669413301	219	ligand_rank_matrix											
COL5A2	Pericytes	whole	0.0452583138251233	220	ligand_rank_matrix											
COL16A1	Pericytes	whole	0.0448943729877254	221	ligand_rank_matrix											
HSP90B1	Pericytes	whole	0.0446432489608175	222	ligand_rank_matrix											
MXRA5	Pericytes	whole	0.0444086685911077	223	ligand_rank_matrix											
CNTN4	Pericytes	whole	0.0443810435452543	224	ligand_rank_matrix											
ADAM10	Pericytes	whole	0.0443378373506434	225	ligand_rank_matrix											
HBEGF	Pericytes	whole	0.0441704647378184	226	ligand_rank_matrix											
SLIT2	Pericytes	whole	0.043511811486727	227	ligand_rank_matrix											
PSEN1	Pericytes	whole	0.0429769551333308	228	ligand_rank_matrix											
NID1	Pericytes	whole	0.0428336575416193	229	ligand_rank_matrix											
EDIL3	Pericytes	whole	0.0427041387276043	230	ligand_rank_matrix											
FGF7	Pericytes	whole	0.0425394363634908	231	ligand_rank_matrix											
RSPO3	Pericytes	whole	0.0420079745878284	232	ligand_rank_matrix											
CALM2	Pericytes	whole	0.0419875068629404	233	ligand_rank_matrix											
INHBA	Pericytes	whole	0.0416056787935229	234	ligand_rank_matrix											
PCSK9	Pericytes	whole	0.0413763562821638	235	ligand_rank_matrix											
FBLN1	Pericytes	whole	0.0411186719936423	236	ligand_rank_matrix											
PI16	Pericytes	whole	0.0409462435771493	237	ligand_rank_matrix											
PTPRC	Pericytes	whole	0.0399089136927081	238	ligand_rank_matrix											
SPON1	Pericytes	whole	0.0397589280092047	239	ligand_rank_matrix											
HGF	Pericytes	whole	0.0396026095167719	240	ligand_rank_matrix											
NRG1	Pericytes	whole	0.0390466378412216	241	ligand_rank_matrix											
SEMA3C	Pericytes	whole	0.0390277295924562	242	ligand_rank_matrix											
EFEMP2	Pericytes	whole	0.0388992111737065	243	ligand_rank_matrix											
SERPINE2	Pericytes	whole	0.0387923255857963	244	ligand_rank_matrix											
SIGLEC1	Pericytes	whole	0.0386614777502229	245	ligand_rank_matrix											
SPON2	Pericytes	whole	0.0385280959242631	246	ligand_rank_matrix											
PTN	Pericytes	whole	0.0380939681901569	247	ligand_rank_matrix											
ADAM28	Pericytes	whole	0.0378003003685151	248	ligand_rank_matrix											
BACE2	Pericytes	whole	0.0377798889267032	249	ligand_rank_matrix											
SEMA4C	Pericytes	whole	0.0377047971784814	250	ligand_rank_matrix											
JAG2	Pericytes	whole	0.0369908371776475	251	ligand_rank_matrix											
DLL1	Pericytes	whole	0.0361988028292954	252	ligand_rank_matrix											
IFITM1	Pericytes	whole	0.0360896047940984	253	ligand_rank_matrix											
AREG	Pericytes	whole	0.0359886975496109	254	ligand_rank_matrix											
VSIG10	Pericytes	whole	0.0359042951466671	255	ligand_rank_matrix											
GAS6	Pericytes	whole	0.0356953146284991	256	ligand_rank_matrix											
ANGPT2	Pericytes	whole	0.0353190343029008	257	ligand_rank_matrix											
LFNG	Pericytes	whole	0.0346071703460461	258	ligand_rank_matrix											
CCN4	Pericytes	whole	0.0335879460776413	259	ligand_rank_matrix											
FGF18	Pericytes	whole	0.0332801972582867	260	ligand_rank_matrix											
PAM	Pericytes	whole	0.0326552080134071	261	ligand_rank_matrix											
MFNG	Pericytes	whole	0.0326423255282478	262	ligand_rank_matrix											
WIF1	Pericytes	whole	0.0323456802976959	263	ligand_rank_matrix											
PLTP	Pericytes	whole	0.0320211711379933	264	ligand_rank_matrix											
NECTIN3	Pericytes	whole	0.0317279566620855	265	ligand_rank_matrix											
ANGPTL4	Pericytes	whole	0.0315306582498914	266	ligand_rank_matrix											
ESAM	Pericytes	whole	0.0306247263218139	267	ligand_rank_matrix											
TNFSF14	Pericytes	whole	0.0305944731316443	268	ligand_rank_matrix											
CX3CL1	Pericytes	whole	0.0304787027673391	269	ligand_rank_matrix											
ZNRF3	Pericytes	whole	0.0304593078182209	270	ligand_rank_matrix											
PDGFC	Pericytes	whole	0.0302921239371262	271	ligand_rank_matrix											
BMP6	Pericytes	whole	0.0302655186955619	272	ligand_rank_matrix											
PTPRM	Pericytes	whole	0.0297954694934714	273	ligand_rank_matrix											
NECTIN2	Pericytes	whole	0.0294538043931514	274	ligand_rank_matrix											
WNT5A	Pericytes	whole	0.029431628878416	275	ligand_rank_matrix											
ANGPTL2	Pericytes	whole	0.0292180545251642	276	ligand_rank_matrix											
MYOC	Pericytes	whole	0.0285326285545204	277	ligand_rank_matrix											
CLCF1	Pericytes	whole	0.0284728127513599	278	ligand_rank_matrix											
LAMA2	Pericytes	whole	0.0281535298148544	279	ligand_rank_matrix											
POSTN	Pericytes	whole	0.0277580782605005	280	ligand_rank_matrix											
IL6	Pericytes	whole	0.0275893898512452	281	ligand_rank_matrix											
PDGFA	Pericytes	whole	0.0274718909924507	282	ligand_rank_matrix											
TNFSF13	Pericytes	whole	0.0273944774509681	283	ligand_rank_matrix											
ANGPT1	Pericytes	whole	0.0270677034762267	284	ligand_rank_matrix											
BMP2	Pericytes	whole	0.0269273738747071	285	ligand_rank_matrix											
VEGFC	Pericytes	whole	0.0261569623113085	286	ligand_rank_matrix											
CALR	Pericytes	whole	0.0251656216688462	287	ligand_rank_matrix											
WNT9A	Pericytes	whole	0.0244226054351456	288	ligand_rank_matrix											
MIF	Pericytes	whole	0.0243371674038612	289	ligand_rank_matrix											
IGFBP4	Pericytes	whole	0.0242629384516491	290	ligand_rank_matrix											
LRIG2	Pericytes	whole	0.023968401762873	291	ligand_rank_matrix											
LIF	Pericytes	whole	0.0238722135210544	292	ligand_rank_matrix											
LTBP3	Pericytes	whole	0.0238132430152794	293	ligand_rank_matrix											
APP	Pericytes	whole	0.0235831713311804	294	ligand_rank_matrix											
TGFB3	Pericytes	whole	0.0230989851695325	295	ligand_rank_matrix											
NGF	Pericytes	whole	0.0230930536398706	296	ligand_rank_matrix											
ANOS1	Pericytes	whole	0.0226185333765099	297	ligand_rank_matrix											
WNT2	Pericytes	whole	0.0225518432756764	298	ligand_rank_matrix											
JAG1	Pericytes	whole	0.0223954540760611	299	ligand_rank_matrix											
WNT7B	Pericytes	whole	0.0222558159293145	300	ligand_rank_matrix											
SCGB3A1	Pericytes	whole	0.0222382494300523	301	ligand_rank_matrix											
CMTM8	Pericytes	whole	0.0215029662003992	302	ligand_rank_matrix											
CRTAM	Pericytes	whole	0.0206259627311005	303	ligand_rank_matrix											
FURIN	Pericytes	whole	0.0205345838688103	304	ligand_rank_matrix											
CADM1	Pericytes	whole	0.0202413410780222	305	ligand_rank_matrix											
ST6GAL1	Pericytes	whole	0.0197931459595693	306	ligand_rank_matrix											
WNT2B	Pericytes	whole	0.0185585777567291	307	ligand_rank_matrix											
SIGLEC6	Pericytes	whole	0.0184277559516543	308	ligand_rank_matrix											
LTB	Pericytes	whole	0.0181731926974044	309	ligand_rank_matrix											
IGF1	Pericytes	whole	0.0178345285795184	310	ligand_rank_matrix											
CAMP	Pericytes	whole	0.0173440819284712	311	ligand_rank_matrix											
CADM3	Pericytes	whole	0.0172037502847131	312	ligand_rank_matrix											
PDGFB	Pericytes	whole	0.0166585764081147	313	ligand_rank_matrix											
CXCL8	Pericytes	whole	0.015153012799526	314	ligand_rank_matrix											
CSF2	Pericytes	whole	0.0151336748733045	315	ligand_rank_matrix											
LTF	Pericytes	whole	0.0144586962925209	316	ligand_rank_matrix											
MMRN2	Pericytes	whole	0.0140581829395079	317	ligand_rank_matrix											
CKLF	Pericytes	whole	0.0103032753044016	318	ligand_rank_matrix											
PLAU	Pericytes	whole	0.00988046207905562	319	ligand_rank_matrix											
PDGFD	Pericytes	whole	0.00899436730813013	320	ligand_rank_matrix											
EPHA4	Pericytes	whole	0.00864100266914595	321	ligand_rank_matrix											
					receiver_rank_correlation	Pericyte_cg_fibroblast_like	Pericytes	307	0.997620665085697	0	0.996716092333876	0				
					receiver_rank_correlation	Pericyte_basement_membrane	Pericyte_cg_basement_membrane	326	0.986652177113144	0	0.978258538370485	0				
					receiver_rank_correlation	Pericyte_activated_migratory	Pericyte_cg_inflammatory	268	0.970262716740843	0	0.971427212157314	0				
					receiver_rank_correlation	Pericyte_cg_synthetic_contractile	Pericyte_cg_vascular_stabilizing	266	0.961663539812006	0	0.887367214658474	0				
					receiver_rank_correlation	Pericyte_cg_fibroblast_like	Pericyte_cg_synthetic_contractile	309	0.959427888115643	0	0.966412923991646	0				
					receiver_rank_correlation	Pericyte_cg_synthetic_contractile	Pericytes	312	0.958520979344254	0	0.965165289949335	0				
					receiver_rank_correlation	Pericyte_cg_inflammatory	Pericyte_vascular_stabilizing	273	0.954510495944588	0	0.965385292544864	0				
					receiver_rank_correlation	Pericyte_activated_migratory	Pericyte_vascular_stabilizing	288	0.950772920358962	0	0.959946605655407	0				
					receiver_rank_correlation	Pericyte_cg_vascular_stabilizing	Pericytes	265	0.934717368034151	0	0.908108002088557	0				
					receiver_rank_correlation	Pericyte_cg_fibroblast_like	Pericyte_cg_vascular_stabilizing	261	0.933203069633709	0	0.90562275703741	0				
					receiver_rank_correlation	Pericyte_basement_membrane	Pericytes	311	0.908342176441959	0	0.921567511866159	0				
					receiver_rank_correlation	Pericyte_basement_membrane	Pericyte_cg_fibroblast_like	304	0.902406905919237	0	0.917311201942213	0				
					receiver_rank_correlation	Pericyte_cg_basement_membrane	Pericytes	313	0.899410331025479	0	0.906064644507868	0				
					receiver_rank_correlation	Pericyte_cg_basement_membrane	Pericyte_cg_fibroblast_like	304	0.890057577802646	0	0.89964780237304	0				
					receiver_rank_correlation	Pericyte_vascular_stabilizing	Pericytes	305	0.883052919183204	0	0.900865622677402	0				
					receiver_rank_correlation	Pericyte_cg_fibroblast_like	Pericyte_vascular_stabilizing	300	0.879595106612296	0	0.899538709213548	0				
					receiver_rank_correlation	Pericyte_cg_synthetic_contractile	Pericyte_vascular_stabilizing	305	0.861321034021892	0	0.866872207769967	0				
					receiver_rank_correlation	Pericyte_cg_vascular_stabilizing	Pericyte_vascular_stabilizing	265	0.850742851984163	0	0.849967139057413	0				
					receiver_rank_correlation	Pericyte_basement_membrane	Pericyte_cg_synthetic_contractile	310	0.847734443210278	0	0.880740669903571	0				
					receiver_rank_correlation	Pericyte_cg_inflammatory	Pericyte_cg_synthetic_contractile	271	0.846645201746135	0	0.819727251179053	0				
					receiver_rank_correlation	Pericyte_cg_inflammatory	Pericytes	269	0.843753968694323	0	0.851261420453936	0				
					receiver_rank_correlation	Pericyte_activated_migratory	Pericytes	299	0.84208121029831	0	0.84526179003112	0				
					receiver_rank_correlation	Pericyte_cg_fibroblast_like	Pericyte_cg_inflammatory	266	0.841704536941251	0	0.850501831109695	0				
					receiver_rank_correlation	Pericyte_cg_basement_membrane	Pericyte_cg_synthetic_contractile	318	0.839509478369234	0	0.865208506292684	0				
					receiver_rank_correlation	Pericyte_activated_migratory	Pericyte_cg_fibroblast_like	293	0.836947944823822	0	0.840607135150547	0				
					receiver_rank_correlation	Pericyte_basement_membrane	Pericyte_cg_vascular_stabilizing	256	0.827466239414054	0	0.804944779442687	0				
					receiver_rank_correlation	Pericyte_cg_basement_membrane	Pericyte_vascular_stabilizing	298	0.826484185982289	0	0.836602084563084	0				
					receiver_rank_correlation	Pericyte_cg_basement_membrane	Pericyte_cg_vascular_stabilizing	259	0.822963648545044	0	0.788350534496224	0				
					receiver_rank_correlation	Pericyte_activated_migratory	Pericyte_cg_synthetic_contractile	298	0.820440040457548	0	0.805018106265025	0				
					receiver_rank_correlation	Pericyte_cg_inflammatory	Pericyte_cg_vascular_stabilizing	255	0.819226927975915	0	0.822615297054702	0				
					receiver_rank_correlation	Pericyte_basement_membrane	Pericyte_vascular_stabilizing	296	0.812564490530592	0	0.82625101284419	0				
					receiver_rank_correlation	Pericyte_activated_migratory	Pericyte_cg_vascular_stabilizing	251	0.808077404667046	0	0.811647486702452	0				
					receiver_rank_correlation	Pericyte_cg_basement_membrane	Pericyte_cg_inflammatory	265	0.794543391067721	0	0.786815175627254	0				
					receiver_rank_correlation	Pericyte_activated_migratory	Pericyte_cg_basement_membrane	301	0.791833403005435	0	0.78712645277277	0				
					receiver_rank_correlation	Pericyte_activated_migratory	Pericyte_basement_membrane	297	0.781250744337993	0	0.772519029330013	0				
					receiver_rank_correlation	Pericyte_basement_membrane	Pericyte_cg_inflammatory	261	0.771093607629538	0	0.761208477360129	0				
					topk_overlap	Pericyte_cg_fibroblast_like	Pericytes						20	19	0.904761904761905	AGT,CCN2,COL1A1,COL4A1,COL5A1,COPA,ENG,FN1,MMP14,NAMPT,RELN,SIRPB2,TGFB1,TGFB2,TGM2,THBS2,TIMP2,VCAM1,VTN
					topk_overlap	Pericyte_basement_membrane	Pericyte_cg_basement_membrane						20	18	0.818181818181818	AGT,BMP1,BMP5,CCN2,COL1A1,COL4A1,COL5A1,COPA,FN1,IGFBP3,INHBB,LTBP1,MMP14,OCLN,RELN,TGFB1,TGFB2,TIMP2
					topk_overlap	Pericyte_cg_fibroblast_like	Pericyte_cg_synthetic_contractile						20	18	0.818181818181818	AGT,CCN2,COL10A1,COL1A1,COL4A1,COL5A1,COPA,ENG,FN1,MMP14,RELN,SIRPB2,TGFB1,TGFB2,TGM2,TIMP2,VCAM1,VTN
					topk_overlap	Pericyte_cg_synthetic_contractile	Pericytes						20	17	0.739130434782609	AGT,CCN2,COL1A1,COL4A1,COL5A1,COPA,ENG,FN1,MMP14,RELN,SIRPB2,TGFB1,TGFB2,TGM2,TIMP2,VCAM1,VTN
					topk_overlap	Pericyte_activated_migratory	Pericyte_cg_inflammatory						20	16	0.666666666666667	AGT,C4BPA,CCN2,COPA,EDN1,ICAM1,IL1RN,MMP14,NAMPT,PLA2G2A,SELE,TGFB1,TGFB2,TIMP2,VCAM1,VTN
					topk_overlap	Pericyte_cg_inflammatory	Pericyte_vascular_stabilizing						20	16	0.666666666666667	AGT,CCN2,COPA,EDN1,FN1,ICAM1,MMP14,NAMPT,PLA2G2A,RELN,SIRPB2,TGFB1,TGFB2,TIMP2,VCAM1,VTN
					topk_overlap	Pericyte_vascular_stabilizing	Pericytes						20	16	0.666666666666667	AGT,CCN2,COL1A1,COL4A1,COPA,FN1,ICAM1,MMP14,NAMPT,RELN,SIRPB2,TGFB1,TGFB2,TIMP2,VCAM1,VTN
					topk_overlap	Pericyte_activated_migratory	Pericyte_vascular_stabilizing						20	15	0.6	AGT,ANXA1,CCN2,COL4A1,COPA,EDN1,ICAM1,MMP14,NAMPT,PLA2G2A,TGFB1,TGFB2,TIMP2,VCAM1,VTN
					topk_overlap	Pericyte_cg_fibroblast_like	Pericyte_vascular_stabilizing						20	15	0.6	AGT,CCN2,COL1A1,COL4A1,COPA,FN1,MMP14,NAMPT,RELN,SIRPB2,TGFB1,TGFB2,TIMP2,VCAM1,VTN
					topk_overlap	Pericyte_cg_vascular_stabilizing	Pericytes						20	15	0.6	AGT,CCN2,COPA,ENG,FN1,ICAM1,NAMPT,SIRPB2,TGFB1,TGFB2,TGM2,THBS2,TIMP2,VCAM1,VTN
					topk_overlap	Pericyte_cg_fibroblast_like	Pericyte_cg_vascular_stabilizing						20	14	0.538461538461538	AGT,CCN2,COPA,ENG,FN1,NAMPT,SIRPB2,TGFB1,TGFB2,TGM2,THBS2,TIMP2,VCAM1,VTN
					topk_overlap	Pericyte_cg_inflammatory	Pericytes						20	14	0.538461538461538	AGT,CCN2,COPA,FN1,ICAM1,MMP14,NAMPT,RELN,SIRPB2,TGFB1,TGFB2,TIMP2,VCAM1,VTN
					topk_overlap	Pericyte_cg_synthetic_contractile	Pericyte_vascular_stabilizing						20	14	0.538461538461538	AGT,CCN2,COL1A1,COL4A1,COPA,FN1,MMP14,RELN,SIRPB2,TGFB1,TGFB2,TIMP2,VCAM1,VTN
					topk_overlap	Pericyte_basement_membrane	Pericyte_cg_fibroblast_like						20	13	0.481481481481482	AGT,CCN2,COL1A1,COL4A1,COL5A1,COPA,FN1,MMP14,RELN,TGFB1,TGFB2,TGM2,TIMP2
					topk_overlap	Pericyte_basement_membrane	Pericyte_cg_synthetic_contractile						20	13	0.481481481481482	AGT,CCN2,COL1A1,COL4A1,COL5A1,COPA,FN1,MMP14,RELN,TGFB1,TGFB2,TGM2,TIMP2
					topk_overlap	Pericyte_basement_membrane	Pericytes						20	13	0.481481481481482	AGT,CCN2,COL1A1,COL4A1,COL5A1,COPA,FN1,MMP14,RELN,TGFB1,TGFB2,TGM2,TIMP2
					topk_overlap	Pericyte_cg_fibroblast_like	Pericyte_cg_inflammatory						20	13	0.481481481481482	AGT,CCN2,COPA,FN1,MMP14,NAMPT,RELN,SIRPB2,TGFB1,TGFB2,TIMP2,VCAM1,VTN
					topk_overlap	Pericyte_cg_inflammatory	Pericyte_cg_vascular_stabilizing						20	13	0.481481481481482	AGT,C4BPA,CCN2,COPA,FN1,ICAM1,NAMPT,SIRPB2,TGFB1,TGFB2,TIMP2,VCAM1,VTN
					topk_overlap	Pericyte_cg_synthetic_contractile	Pericyte_cg_vascular_stabilizing						20	13	0.481481481481482	AGT,CCN2,COPA,ENG,FN1,SIRPB2,TGFB1,TGFB2,TGM2,TIMP2,VCAM1,VTN,WNT3A
					topk_overlap	Pericyte_cg_vascular_stabilizing	Pericyte_vascular_stabilizing						20	13	0.481481481481482	AGT,CCN2,COPA,FN1,ICAM1,NAMPT,SIRPB2,TGFB1,TGFB2,TIMP2,TNC,VCAM1,VTN
					topk_overlap	Pericyte_activated_migratory	Pericytes						20	12	0.428571428571429	AGT,CCN2,COL4A1,COPA,ICAM1,MMP14,NAMPT,TGFB1,TGFB2,TIMP2,VCAM1,VTN
					topk_overlap	Pericyte_cg_basement_membrane	Pericyte_cg_fibroblast_like						20	12	0.428571428571429	AGT,CCN2,COL1A1,COL4A1,COL5A1,COPA,FN1,MMP14,RELN,TGFB1,TGFB2,TIMP2
					topk_overlap	Pericyte_cg_basement_membrane	Pericyte_cg_synthetic_contractile						20	12	0.428571428571429	AGT,CCN2,COL1A1,COL4A1,COL5A1,COPA,FN1,MMP14,RELN,TGFB1,TGFB2,TIMP2
					topk_overlap	Pericyte_cg_basement_membrane	Pericytes						20	12	0.428571428571429	AGT,CCN2,COL1A1,COL4A1,COL5A1,COPA,FN1,MMP14,RELN,TGFB1,TGFB2,TIMP2
					topk_overlap	Pericyte_cg_inflammatory	Pericyte_cg_synthetic_contractile						20	12	0.428571428571429	AGT,CCN2,COPA,FN1,MMP14,RELN,SIRPB2,TGFB1,TGFB2,TIMP2,VCAM1,VTN
					topk_overlap	Pericyte_activated_migratory	Pericyte_cg_fibroblast_like						20	11	0.379310344827586	AGT,CCN2,COL4A1,COPA,MMP14,NAMPT,TGFB1,TGFB2,TIMP2,VCAM1,VTN
					topk_overlap	Pericyte_activated_migratory	Pericyte_cg_vascular_stabilizing						20	11	0.379310344827586	AGT,C4BPA,CCN2,COPA,ICAM1,NAMPT,TGFB1,TGFB2,TIMP2,VCAM1,VTN
					topk_overlap	Pericyte_basement_membrane	Pericyte_vascular_stabilizing						20	11	0.379310344827586	AGT,CCN2,COL1A1,COL4A1,COPA,FN1,MMP14,RELN,TGFB1,TGFB2,TIMP2
					topk_overlap	Pericyte_cg_basement_membrane	Pericyte_vascular_stabilizing						20	11	0.379310344827586	AGT,CCN2,COL1A1,COL4A1,COPA,FN1,MMP14,RELN,TGFB1,TGFB2,TIMP2
					topk_overlap	Pericyte_activated_migratory	Pericyte_cg_synthetic_contractile						20	10	0.333333333333333	AGT,CCN2,COL4A1,COPA,MMP14,TGFB1,TGFB2,TIMP2,VCAM1,VTN
					topk_overlap	Pericyte_basement_membrane	Pericyte_cg_inflammatory						20	9	0.290322580645161	AGT,CCN2,COPA,FN1,MMP14,RELN,TGFB1,TGFB2,TIMP2
					topk_overlap	Pericyte_cg_basement_membrane	Pericyte_cg_inflammatory						20	9	0.290322580645161	AGT,CCN2,COPA,FN1,MMP14,RELN,TGFB1,TGFB2,TIMP2
					topk_overlap	Pericyte_activated_migratory	Pericyte_basement_membrane						20	8	0.25	AGT,CCN2,COL4A1,COPA,MMP14,TGFB1,TGFB2,TIMP2
					topk_overlap	Pericyte_activated_migratory	Pericyte_cg_basement_membrane						20	8	0.25	AGT,CCN2,COL4A1,COPA,MMP14,TGFB1,TGFB2,TIMP2
					topk_overlap	Pericyte_basement_membrane	Pericyte_cg_vascular_stabilizing						20	8	0.25	AGT,CCN2,COPA,FN1,TGFB1,TGFB2,TGM2,TIMP2
					topk_overlap	Pericyte_cg_basement_membrane	Pericyte_cg_vascular_stabilizing						20	7	0.212121212121212	AGT,CCN2,COPA,FN1,TGFB1,TGFB2,TIMP2
