panel	up_genes	down_genes	mean_detect_up
null_at1r_0001	LPL,COQ5,SRSF2,WDR83OS,CYBA,ACTB,KMT5C,BTBD3,ENSG00000260851,MYZAP,SPARCL1		0.2940691158156912
null_at1r_0002	LPL,RBM14,SRSF2,WDR83OS,CYBA,ACTB,EPDR1,ZNF274,TIGD2,HIPK1-AS1,SPARCL1		0.2940691158156912
null_at1r_0003	LPL,RNASE1,SRSF2,WDR83OS,CYBA,ACTB,PRC1,PRIM2,KATNAL2,RPS3AP5,SPARCL1		0.2940691158156912
null_at1r_0004	LPL,RNASE1,SPATS2L,WDR83OS,CYBA,ACTB,EPDR1,PRIM2,EPHB1,ENSG00000266385,SPARCL1		0.2940691158156912
null_at1r_0005	LPL,COQ5,SRSF2,WDR83OS,CYBA,ACTB,ADCYAP1R1,ZNF274,DAPL1,HDAC2-AS2,SPARCL1		0.2940691158156912
null_at1r_0006	LPL,RNASE1,SPATS2L,WDR83OS,CYBA,ACTB,PRC1,BTBD3,SAMD11,ENSG00000271553,SPARCL1		0.2940691158156912
null_at1r_0007	LPL,SNX12,SRSF2,WDR83OS,CYBA,ACTB,NPR2,PRIM2,ZNF23,CD300LG,SPARCL1		0.2940691158156912
null_at1r_0008	LPL,PDE12,SRSF2,WDR83OS,CYBA,ACTB,NPR2,PRIM2,NUSAP1,FPR2,SPARCL1		0.2940691158156912
null_at1r_0009	LPL,ZDHHC9,SPATS2L,WDR83OS,CYBA,ACTB,EOGT-DT,BTBD3,ELAPOR1,HIPK1-AS1,SPARCL1		0.2940691158156912
null_at1r_0010	LPL,PDE12,SPATS2L,WDR83OS,CYBA,ACTB,ADCYAP1R1,BTBD3,TMEM178A,GNG4,SPARCL1		0.2940691158156912
null_at1r_0011	LPL,ZDHHC9,SPATS2L,WDR83OS,CYBA,ACTB,EPDR1,BTBD3,ENPP5,TMEM102,SPARCL1		0.2940691158156912
null_at1r_0012	LPL,DMRT2,SRSF2,WDR83OS,CYBA,ACTB,ADCYAP1R1,ZNF274,CEP85,C6orf132,SPARCL1		0.2940691158156912
null_at1r_0013	LPL,DMRT2,SPATS2L,WDR83OS,CYBA,ACTB,ELOVL4,ZNF274,PRR11,GALNT15,SPARCL1		0.2940691158156912
null_at1r_0014	LPL,RNASE1,SRSF2,WDR83OS,CYBA,ACTB,PRC1,PRIM2,CEP85,STAC3,SPARCL1		0.2940691158156912
null_at1r_0015	LPL,RBM14,SRSF2,WDR83OS,CYBA,ACTB,KMT5C,BTBD3,SLC51A,STAC3,SPARCL1		0.2940691158156912
null_at1r_0016	LPL,PI15,SPATS2L,WDR83OS,CYBA,ACTB,GON7,PRIM2,ASPHD1,SASH3,SPARCL1		0.2940691158156912
null_at1r_0017	LPL,DMRT2,SRSF2,WDR83OS,CYBA,ACTB,GON7,ZNF274,ZNF367,LINC01230,SPARCL1		0.2940691158156912
null_at1r_0018	LPL,PDE12,SPATS2L,WDR83OS,CYBA,ACTB,ELOVL4,BTBD3,TNFSF4,LINC01678,SPARCL1		0.2940691158156912
null_at1r_0019	LPL,ZDHHC9,SPATS2L,WDR83OS,CYBA,ACTB,NPR2,BTBD3,ENSG00000274092,PKIA,SPARCL1		0.2940691158156912
null_at1r_0020	LPL,SNX12,SRSF2,WDR83OS,CYBA,ACTB,KMT5C,PRIM2,TEC,PRKCH-AS1,SPARCL1		0.2940691158156912
null_at1r_0021	LPL,ZDHHC9,SPATS2L,WDR83OS,CYBA,ACTB,ELOVL4,PRIM2,ENPP5,PLAC1,SPARCL1		0.2940691158156912
null_at1r_0022	LPL,SNX12,SPATS2L,WDR83OS,CYBA,ACTB,ADCYAP1R1,BTBD3,NPM2,STEAP1B-AS1,SPARCL1		0.2940691158156912
null_at1r_0023	LPL,ZDHHC9,SPATS2L,WDR83OS,CYBA,ACTB,GON7,ZNF274,TPSAB1,TMEM102,SPARCL1		0.2940691158156912
null_at1r_0024	LPL,COQ5,SPATS2L,WDR83OS,CYBA,ACTB,EPDR1,PRIM2,ENSG00000271254,AMIGO2,SPARCL1		0.2940691158156912
null_at1r_0025	LPL,RBM14,SPATS2L,WDR83OS,CYBA,ACTB,EOGT-DT,PRIM2,TIGD2,GALNT15,SPARCL1		0.2940691158156912
null_at1r_0026	LPL,SNX12,SRSF2,WDR83OS,CYBA,ACTB,NPR2,ZNF274,DAPL1,DHDDS-AS1,SPARCL1		0.2940691158156912
null_at1r_0027	LPL,RNASE1,SPATS2L,WDR83OS,CYBA,ACTB,ADCYAP1R1,PRIM2,TEC,ENSG00000255520,SPARCL1		0.2940691158156912
null_at1r_0028	LPL,SNX12,SRSF2,WDR83OS,CYBA,ACTB,PRC1,BTBD3,ENSG00000141979,ENSG00000267251,SPARCL1		0.2940691158156912
null_at1r_0029	LPL,RBM14,SRSF2,WDR83OS,CYBA,ACTB,KMT5C,ZNF274,ENSG00000260851,ENSG00000264739,SPARCL1		0.2940691158156912
null_at1r_0030	LPL,COQ5,SRSF2,WDR83OS,CYBA,ACTB,ELOVL4,BTBD3,ENSG00000218426,ENSG00000257663,SPARCL1		0.2940691158156912
null_at1r_0031	LPL,RBM14,SPATS2L,WDR83OS,CYBA,ACTB,EOGT-DT,ZNF274,ENSG00000218426,ENSG00000267892,SPARCL1		0.2940691158156912
null_at1r_0032	LPL,PI15,SPATS2L,WDR83OS,CYBA,ACTB,NPR2,BTBD3,EGFEM1P,ARHGEF39,SPARCL1		0.2940691158156912
null_at1r_0033	LPL,COQ5,SRSF2,WDR83OS,CYBA,ACTB,EOGT-DT,PRIM2,CCK,ENSG00000257663,SPARCL1		0.2940691158156912
null_at1r_0034	LPL,RNASE1,SRSF2,WDR83OS,CYBA,ACTB,ADCYAP1R1,BTBD3,SARDH,ADCY10,SPARCL1		0.2940691158156912
null_at1r_0035	LPL,DMRT2,SPATS2L,WDR83OS,CYBA,ACTB,NPR2,BTBD3,ENSG00000240499,PKIA,SPARCL1		0.2940691158156912
null_at1r_0036	LPL,PDE12,SPATS2L,WDR83OS,CYBA,ACTB,GON7,ZNF274,ASPHD1,FOSL2-AS1,SPARCL1		0.2940691158156912
null_at1r_0037	LPL,RNASE1,SPATS2L,WDR83OS,CYBA,ACTB,GON7,PRIM2,VTN,CMC4,SPARCL1		0.2940691158156912
null_at1r_0038	LPL,RBM14,SPATS2L,WDR83OS,CYBA,ACTB,PRC1,BTBD3,TMEM178A,SLC9A3,SPARCL1		0.2940691158156912
null_at1r_0039	LPL,SNX12,SPATS2L,WDR83OS,CYBA,ACTB,PRC1,PRIM2,EGFEM1P,ENSG00000267892,SPARCL1		0.2940691158156912
null_at1r_0040	LPL,SNX12,SRSF2,WDR83OS,CYBA,ACTB,PRC1,ZNF274,IL10RA,LINC01678,SPARCL1		0.2940691158156912
null_at1r_0041	LPL,PI15,SRSF2,WDR83OS,CYBA,ACTB,PRC1,ZNF274,ENSG00000260851,NDUFB4P12,SPARCL1		0.2940691158156912
null_at1r_0042	LPL,PI15,SPATS2L,WDR83OS,CYBA,ACTB,EOGT-DT,PRIM2,ASPHD1,HIPK1-AS1,SPARCL1		0.2940691158156912
null_at1r_0043	LPL,SNX12,SPATS2L,WDR83OS,CYBA,ACTB,NPR2,PRIM2,LINC02210-CRHR1,TMEM102,SPARCL1		0.2940691158156912
null_at1r_0044	LPL,ZDHHC9,SRSF2,WDR83OS,CYBA,ACTB,GON7,PRIM2,EGFEM1P,CCDC73,SPARCL1		0.2940691158156912
null_at1r_0045	LPL,DMRT2,SRSF2,WDR83OS,CYBA,ACTB,ADCYAP1R1,PRIM2,SPIRE2,LGALS2,SPARCL1		0.2940691158156912
null_at1r_0046	LPL,SNX12,SPATS2L,WDR83OS,CYBA,ACTB,ELOVL4,BTBD3,ALG1L11P,ADCY10,SPARCL1		0.2940691158156912
null_at1r_0047	LPL,PI15,SPATS2L,WDR83OS,CYBA,ACTB,ELOVL4,BTBD3,RGS22,PRKCH-AS1,SPARCL1		0.2940691158156912
null_at1r_0048	LPL,ZDHHC9,SRSF2,WDR83OS,CYBA,ACTB,EOGT-DT,ZNF274,ENSG00000141979,SOX5-AS1,SPARCL1		0.2940691158156912
null_at1r_0049	LPL,COQ5,SPATS2L,WDR83OS,CYBA,ACTB,PRC1,BTBD3,IL10RA,ENSG00000267039,SPARCL1		0.2940691158156912
null_at1r_0050	LPL,PDE12,SPATS2L,WDR83OS,CYBA,ACTB,GON7,BTBD3,SARDH,H3P16,SPARCL1		0.2940691158156912
null_at1r_0051	LPL,DMRT2,SPATS2L,WDR83OS,CYBA,ACTB,KMT5C,BTBD3,SEMA5B,PHLDA1-AS1,SPARCL1		0.2940691158156912
null_at1r_0052	LPL,ARRDC1,SRSF2,WDR83OS,CYBA,ACTB,EOGT-DT,ZNF274,ENSG00000141979,RPS21-DT,SPARCL1		0.2940691158156912
null_at1r_0053	LPL,RBM14,SPATS2L,WDR83OS,CYBA,ACTB,ADCYAP1R1,BTBD3,IL10RA,SMIM11,SPARCL1		0.2940691158156912
null_at1r_0054	LPL,RNASE1,SRSF2,WDR83OS,CYBA,ACTB,NPR2,PRIM2,TIGD2,TNNT2,SPARCL1		0.2940691158156912
null_at1r_0055	LPL,RNASE1,SRSF2,WDR83OS,CYBA,ACTB,PRC1,PRIM2,SORCS1,GNG4,SPARCL1		0.2940691158156912
null_at1r_0056	LPL,DMRT2,SRSF2,WDR83OS,CYBA,ACTB,ELOVL4,ZNF274,DAPL1,H3P16,SPARCL1		0.2940691158156912
null_at1r_0057	LPL,RNASE1,SRSF2,WDR83OS,CYBA,ACTB,ADCYAP1R1,ZNF274,ZNF23,ENSG00000267039,SPARCL1		0.2940691158156912
null_at1r_0058	LPL,PI15,SPATS2L,WDR83OS,CYBA,ACTB,NPR2,BTBD3,PRR11,ZMYND10,SPARCL1		0.2940691158156912
null_at1r_0059	LPL,RBM14,SRSF2,WDR83OS,CYBA,ACTB,EPDR1,ZNF274,LCA5L,PKIA,SPARCL1		0.2940691158156912
null_at1r_0060	LPL,RNASE1,SPATS2L,WDR83OS,CYBA,ACTB,KMT5C,ZNF274,LINC02210-CRHR1,MT-TC,SPARCL1		0.2940691158156912
null_at1r_0061	LPL,PDE12,SRSF2,WDR83OS,CYBA,ACTB,ELOVL4,BTBD3,SEMA5B,COL9A2,SPARCL1		0.2940691158156912
null_at1r_0062	LPL,ARRDC1,SRSF2,WDR83OS,CYBA,ACTB,NPR2,BTBD3,NPM2,ADCY10,SPARCL1		0.2940691158156912
null_at1r_0063	LPL,DMRT2,SPATS2L,WDR83OS,CYBA,ACTB,NPR2,ZNF274,VTN,SOX5-AS1,SPARCL1		0.2940691158156912
null_at1r_0064	LPL,COQ5,SRSF2,WDR83OS,CYBA,ACTB,KMT5C,ZNF274,ASPHD1,MSLN,SPARCL1		0.2940691158156912
null_at1r_0065	LPL,ZDHHC9,SRSF2,WDR83OS,CYBA,ACTB,NPR2,BTBD3,PRR11,ENSG00000267892,SPARCL1		0.2940691158156912
null_at1r_0066	LPL,ZDHHC9,SRSF2,WDR83OS,CYBA,ACTB,EOGT-DT,PRIM2,ENSG00000271254,MSANTD3-TMEFF1,SPARCL1		0.2940691158156912
null_at1r_0067	LPL,RNASE1,SRSF2,WDR83OS,CYBA,ACTB,EOGT-DT,PRIM2,TEC,PRDM8,SPARCL1		0.2940691158156912
null_at1r_0068	LPL,RBM14,SRSF2,WDR83OS,CYBA,ACTB,PRC1,ZNF274,MELTF-AS1,LINC00997,SPARCL1		0.2940691158156912
null_at1r_0069	LPL,RNASE1,SRSF2,WDR83OS,CYBA,ACTB,NPR2,BTBD3,SAMD11,ENSG00000267892,SPARCL1		0.2940691158156912
null_at1r_0070	LPL,ZDHHC9,SPATS2L,WDR83OS,CYBA,ACTB,GON7,PRIM2,ENSG00000274092,LINC01230,SPARCL1		0.2940691158156912
null_at1r_0071	LPL,ZDHHC9,SPATS2L,WDR83OS,CYBA,ACTB,NPR2,BTBD3,ENSG00000218426,TMEM102,SPARCL1		0.2940691158156912
null_at1r_0072	LPL,SNX12,SRSF2,WDR83OS,CYBA,ACTB,KMT5C,PRIM2,SPIRE2,ENSG00000242539,SPARCL1		0.2940691158156912
null_at1r_0073	LPL,ARRDC1,SRSF2,WDR83OS,CYBA,ACTB,KMT5C,ZNF274,PPL,TMEM102,SPARCL1		0.2940691158156912
null_at1r_0074	LPL,PDE12,SPATS2L,WDR83OS,CYBA,ACTB,GON7,PRIM2,ENSG00000240499,ENSG00000267892,SPARCL1		0.2940691158156912
null_at1r_0075	LPL,COQ5,SPATS2L,WDR83OS,CYBA,ACTB,PRC1,ZNF274,CEP85,MND1,SPARCL1		0.2940691158156912
null_at1r_0076	LPL,PI15,SPATS2L,WDR83OS,CYBA,ACTB,KMT5C,PRIM2,ENSG00000260851,TEKT4P2,SPARCL1		0.2940691158156912
null_at1r_0077	LPL,PDE12,SPATS2L,WDR83OS,CYBA,ACTB,NPR2,BTBD3,ENSG00000263335,ENSG00000264281,SPARCL1		0.2940691158156912
null_at1r_0078	LPL,PDE12,SPATS2L,WDR83OS,CYBA,ACTB,EPDR1,ZNF274,TPSAB1,ENSG00000242539,SPARCL1		0.2940691158156912
null_at1r_0079	LPL,PI15,SPATS2L,WDR83OS,CYBA,ACTB,GON7,BTBD3,CHRNE,IL4I1,SPARCL1		0.2940691158156912
null_at1r_0080	LPL,PDE12,SPATS2L,WDR83OS,CYBA,ACTB,EOGT-DT,ZNF274,TNFSF4,PRKCH-AS1,SPARCL1		0.2940691158156912
null_at1r_0081	LPL,COQ5,SPATS2L,WDR83OS,CYBA,ACTB,ADCYAP1R1,ZNF274,ENSG00000274092,ENSG00000267892,SPARCL1		0.2940691158156912
null_at1r_0082	LPL,ARRDC1,SRSF2,WDR83OS,CYBA,ACTB,ELOVL4,BTBD3,LINC00663,CD300LG,SPARCL1		0.2940691158156912
null_at1r_0083	LPL,ZDHHC9,SRSF2,WDR83OS,CYBA,ACTB,PRC1,ZNF274,ZNF367,ENSG00000271949,SPARCL1		0.2940691158156912
null_at1r_0084	LPL,PDE12,SPATS2L,WDR83OS,CYBA,ACTB,PRC1,ZNF274,IL10RA,LINC01678,SPARCL1		0.2940691158156912
null_at1r_0085	LPL,PDE12,SRSF2,WDR83OS,CYBA,ACTB,ADCYAP1R1,PRIM2,SARDH,IL4I1,SPARCL1		0.2940691158156912
null_at1r_0086	LPL,PDE12,SRSF2,WDR83OS,CYBA,ACTB,GON7,ZNF274,ENSG00000271254,ENSG00000267892,SPARCL1		0.2940691158156912
null_at1r_0087	LPL,COQ5,SPATS2L,WDR83OS,CYBA,ACTB,EOGT-DT,ZNF274,ENSG00000274092,ENSG00000267892,SPARCL1		0.2940691158156912
null_at1r_0088	LPL,DMRT2,SRSF2,WDR83OS,CYBA,ACTB,NPR2,PRIM2,ZNF367,SMARCA5-AS1,SPARCL1		0.2940691158156912
null_at1r_0089	LPL,ARRDC1,SPATS2L,WDR83OS,CYBA,ACTB,ELOVL4,BTBD3,TEC,DNAH10,SPARCL1		0.2940691158156912
null_at1r_0090	LPL,RNASE1,SRSF2,WDR83OS,CYBA,ACTB,KMT5C,BTBD3,EDARADD,PRDM8,SPARCL1		0.2940691158156912
null_at1r_0091	LPL,RNASE1,SPATS2L,WDR83OS,CYBA,ACTB,ADCYAP1R1,ZNF274,GRID2,LINC01678,SPARCL1		0.2940691158156912
null_at1r_0092	LPL,RNASE1,SRSF2,WDR83OS,CYBA,ACTB,EOGT-DT,BTBD3,PWP2,WASF3-AS1,SPARCL1		0.2940691158156912
null_at1r_0093	LPL,COQ5,SRSF2,WDR83OS,CYBA,ACTB,NPR2,ZNF274,ENSG00000263335,CMC4,SPARCL1		0.2940691158156912
null_at1r_0094	LPL,SNX12,SPATS2L,WDR83OS,CYBA,ACTB,PRC1,BTBD3,ENSG00000261140,RNF213-AS1,SPARCL1		0.2940691158156912
null_at1r_0095	LPL,PI15,SPATS2L,WDR83OS,CYBA,ACTB,ADCYAP1R1,BTBD3,LCA5L,ARHGAP44-AS1,SPARCL1		0.2940691158156912
null_at1r_0096	LPL,DMRT2,SRSF2,WDR83OS,CYBA,ACTB,EOGT-DT,ZNF274,ABCC3,CFHR2,SPARCL1		0.2940691158156912
null_at1r_0097	LPL,ARRDC1,SRSF2,WDR83OS,CYBA,ACTB,PRC1,PRIM2,TIGD2,CMC4,SPARCL1		0.2940691158156912
null_at1r_0098	LPL,SNX12,SPATS2L,WDR83OS,CYBA,ACTB,GON7,PRIM2,DAPL1,IL4I1,SPARCL1		0.2940691158156912
null_at1r_0099	LPL,DMRT2,SPATS2L,WDR83OS,CYBA,ACTB,EOGT-DT,ZNF274,KATNAL2,IL4I1,SPARCL1		0.2940691158156912
null_at1r_0100	LPL,ARRDC1,SRSF2,WDR83OS,CYBA,ACTB,PRC1,PRIM2,TNFSF4,PHLDA1-AS1,SPARCL1		0.2940691158156912
null_at1r_0101	LPL,COQ5,SRSF2,WDR83OS,CYBA,ACTB,NPR2,BTBD3,ENSG00000263335,ENSG00000274922,SPARCL1		0.2940691158156912
null_at1r_0102	LPL,ARRDC1,SPATS2L,WDR83OS,CYBA,ACTB,ADCYAP1R1,PRIM2,LINC02210-CRHR1,GALNT15,SPARCL1		0.2940691158156912
null_at1r_0103	LPL,PDE12,SRSF2,WDR83OS,CYBA,ACTB,EOGT-DT,ZNF274,ENSG00000271254,TENT5B,SPARCL1		0.2940691158156912
null_at1r_0104	LPL,RNASE1,SRSF2,WDR83OS,CYBA,ACTB,EPDR1,BTBD3,EPHB1,RHEBL1,SPARCL1		0.2940691158156912
null_at1r_0105	LPL,PDE12,SPATS2L,WDR83OS,CYBA,ACTB,EPDR1,BTBD3,ENSG00000271254,SCN8A,SPARCL1		0.2940691158156912
null_at1r_0106	LPL,ZDHHC9,SRSF2,WDR83OS,CYBA,ACTB,GON7,PRIM2,PRR11,RHEBL1,SPARCL1		0.2940691158156912
null_at1r_0107	LPL,ARRDC1,SPATS2L,WDR83OS,CYBA,ACTB,ELOVL4,PRIM2,ENSG00000280241,MIR9-1HG,SPARCL1		0.2940691158156912
null_at1r_0108	LPL,PDE12,SPATS2L,WDR83OS,CYBA,ACTB,NPR2,ZNF274,TPSAB1,LGALS2,SPARCL1		0.2940691158156912
null_at1r_0109	LPL,ARRDC1,SPATS2L,WDR83OS,CYBA,ACTB,ELOVL4,BTBD3,SARDH,KCNAB3,SPARCL1		0.2940691158156912
null_at1r_0110	LPL,DMRT2,SRSF2,WDR83OS,CYBA,ACTB,EOGT-DT,PRIM2,KATNAL2,ENSG00000271978,SPARCL1		0.2940691158156912
null_at1r_0111	LPL,PI15,SPATS2L,WDR83OS,CYBA,ACTB,EOGT-DT,PRIM2,SLC51A,GBP5,SPARCL1		0.2940691158156912
null_at1r_0112	LPL,DMRT2,SPATS2L,WDR83OS,CYBA,ACTB,ADCYAP1R1,BTBD3,LINC00663,LINC01678,SPARCL1		0.2940691158156912
null_at1r_0113	LPL,ZDHHC9,SPATS2L,WDR83OS,CYBA,ACTB,KMT5C,ZNF274,DAPL1,ENSG00000264281,SPARCL1		0.2940691158156912
null_at1r_0114	LPL,DMRT2,SPATS2L,WDR83OS,CYBA,ACTB,NPR2,ZNF274,CHRNE,STAC3,SPARCL1		0.2940691158156912
null_at1r_0115	LPL,ARRDC1,SPATS2L,WDR83OS,CYBA,ACTB,EOGT-DT,PRIM2,SORCS1,GALNT15,SPARCL1		0.2940691158156912
null_at1r_0116	LPL,ZDHHC9,SRSF2,WDR83OS,CYBA,ACTB,ADCYAP1R1,BTBD3,NUSAP1,ENSG00000257663,SPARCL1		0.2940691158156912
null_at1r_0117	LPL,RBM14,SPATS2L,WDR83OS,CYBA,ACTB,EOGT-DT,BTBD3,ENSG00000250764,ENSG00000271978,SPARCL1		0.2940691158156912
null_at1r_0118	LPL,ZDHHC9,SRSF2,WDR83OS,CYBA,ACTB,EPDR1,BTBD3,ENSG00000271254,TENT5B,SPARCL1		0.2940691158156912
null_at1r_0119	LPL,ARRDC1,SRSF2,WDR83OS,CYBA,ACTB,ADCYAP1R1,ZNF274,ENSG00000250764,SNHG17,SPARCL1		0.2940691158156912
null_at1r_0120	LPL,PDE12,SRSF2,WDR83OS,CYBA,ACTB,GON7,BTBD3,NUSAP1,AMIGO2,SPARCL1		0.2940691158156912
null_at1r_0121	LPL,RBM14,SRSF2,WDR83OS,CYBA,ACTB,KMT5C,PRIM2,DAPL1,TNNT2,SPARCL1		0.2940691158156912
null_at1r_0122	LPL,RBM14,SPATS2L,WDR83OS,CYBA,ACTB,ADCYAP1R1,BTBD3,PRKAG2-AS1,PRB2,SPARCL1		0.2940691158156912
null_at1r_0123	LPL,ARRDC1,SPATS2L,WDR83OS,CYBA,ACTB,ELOVL4,ZNF274,PWP2,ENSG00000257663,SPARCL1		0.2940691158156912
null_at1r_0124	LPL,RBM14,SRSF2,WDR83OS,CYBA,ACTB,PRC1,BTBD3,ENSG00000280241,LINC01230,SPARCL1		0.2940691158156912
null_at1r_0125	LPL,COQ5,SRSF2,WDR83OS,CYBA,ACTB,PRC1,ZNF274,IL10RA,WASF3-AS1,SPARCL1		0.2940691158156912
null_at1r_0126	LPL,COQ5,SPATS2L,WDR83OS,CYBA,ACTB,ADCYAP1R1,ZNF274,SORCS1,ARHGEF39,SPARCL1		0.2940691158156912
null_at1r_0127	LPL,PI15,SRSF2,WDR83OS,CYBA,ACTB,NPR2,BTBD3,RGS22,MORF4L1P1,SPARCL1		0.2940691158156912
null_at1r_0128	LPL,ARRDC1,SPATS2L,WDR83OS,CYBA,ACTB,ADCYAP1R1,BTBD3,CFAP45,PKIA,SPARCL1		0.2940691158156912
null_at1r_0129	LPL,DMRT2,SRSF2,WDR83OS,CYBA,ACTB,NPR2,ZNF274,MELTF-AS1,GALNT15,SPARCL1		0.2940691158156912
null_at1r_0130	LPL,SNX12,SRSF2,WDR83OS,CYBA,ACTB,ADCYAP1R1,ZNF274,ENSG00000261140,MYZAP,SPARCL1		0.2940691158156912
null_at1r_0131	LPL,COQ5,SRSF2,WDR83OS,CYBA,ACTB,EOGT-DT,BTBD3,ALDH5A1,ENSG00000264281,SPARCL1		0.2940691158156912
null_at1r_0132	LPL,COQ5,SRSF2,WDR83OS,CYBA,ACTB,ADCYAP1R1,ZNF274,SEMA5B,SYNM-AS1,SPARCL1		0.2940691158156912
null_at1r_0133	LPL,COQ5,SRSF2,WDR83OS,CYBA,ACTB,PRC1,PRIM2,CFAP45,STAC3,SPARCL1		0.2940691158156912
null_at1r_0134	LPL,SNX12,SPATS2L,WDR83OS,CYBA,ACTB,NPR2,BTBD3,CFAP45,PHLDA1-AS1,SPARCL1		0.2940691158156912
null_at1r_0135	LPL,RNASE1,SPATS2L,WDR83OS,CYBA,ACTB,NPR2,BTBD3,LCA5L,TMEM102,SPARCL1		0.2940691158156912
null_at1r_0136	LPL,COQ5,SPATS2L,WDR83OS,CYBA,ACTB,EPDR1,BTBD3,ZNF367,ARHGAP44-AS1,SPARCL1		0.2940691158156912
null_at1r_0137	LPL,PI15,SPATS2L,WDR83OS,CYBA,ACTB,KMT5C,ZNF274,IL10RA,PNMA8B,SPARCL1		0.2940691158156912
null_at1r_0138	LPL,COQ5,SRSF2,WDR83OS,CYBA,ACTB,NPR2,ZNF274,SGPP2,LINC01678,SPARCL1		0.2940691158156912
null_at1r_0139	LPL,PI15,SPATS2L,WDR83OS,CYBA,ACTB,KMT5C,ZNF274,EPS8L2,SCN8A,SPARCL1		0.2940691158156912
null_at1r_0140	LPL,PI15,SPATS2L,WDR83OS,CYBA,ACTB,ADCYAP1R1,BTBD3,PPL,TMEFF2,SPARCL1		0.2940691158156912
null_at1r_0141	LPL,PDE12,SPATS2L,WDR83OS,CYBA,ACTB,PRC1,ZNF274,LINC00663,HDAC2-AS2,SPARCL1		0.2940691158156912
null_at1r_0142	LPL,PDE12,SPATS2L,WDR83OS,CYBA,ACTB,ELOVL4,BTBD3,ABCC3,CPB2,SPARCL1		0.2940691158156912
null_at1r_0143	LPL,ZDHHC9,SPATS2L,WDR83OS,CYBA,ACTB,ADCYAP1R1,BTBD3,BIN2,ENSG00000274922,SPARCL1		0.2940691158156912
null_at1r_0144	LPL,DMRT2,SRSF2,WDR83OS,CYBA,ACTB,KMT5C,ZNF274,ENSG00000263335,IGSF1,SPARCL1		0.2940691158156912
null_at1r_0145	LPL,RNASE1,SRSF2,WDR83OS,CYBA,ACTB,EOGT-DT,ZNF274,CFAP45,SNHG17,SPARCL1		0.2940691158156912
null_at1r_0146	LPL,RNASE1,SPATS2L,WDR83OS,CYBA,ACTB,NPR2,BTBD3,PRKAG2-AS1,H3P16,SPARCL1		0.2940691158156912
null_at1r_0147	LPL,RNASE1,SPATS2L,WDR83OS,CYBA,ACTB,KMT5C,ZNF274,SEMA5B,SCN8A,SPARCL1		0.2940691158156912
null_at1r_0148	LPL,COQ5,SPATS2L,WDR83OS,CYBA,ACTB,NPR2,BTBD3,RGS22,MSANTD3-TMEFF1,SPARCL1		0.2940691158156912
null_at1r_0149	LPL,RNASE1,SRSF2,WDR83OS,CYBA,ACTB,NPR2,BTBD3,SPIRE2,LINC01678,SPARCL1		0.2940691158156912
null_at1r_0150	LPL,PI15,SPATS2L,WDR83OS,CYBA,ACTB,GON7,ZNF274,LINC00663,PRB2,SPARCL1		0.2940691158156912
null_at1r_0151	LPL,ZDHHC9,SPATS2L,WDR83OS,CYBA,ACTB,EPDR1,PRIM2,TMEM178A,ADCY10,SPARCL1		0.2940691158156912
null_at1r_0152	LPL,SNX12,SPATS2L,WDR83OS,CYBA,ACTB,NPR2,ZNF274,MAGEE1,MIR9-1HG,SPARCL1		0.2940691158156912
null_at1r_0153	LPL,RNASE1,SRSF2,WDR83OS,CYBA,ACTB,KMT5C,BTBD3,PWP2,PRSS23-AS1,SPARCL1		0.2940691158156912
null_at1r_0154	LPL,PDE12,SRSF2,WDR83OS,CYBA,ACTB,KMT5C,BTBD3,PPL,MSANTD3-TMEFF1,SPARCL1		0.2940691158156912
null_at1r_0155	LPL,PI15,SRSF2,WDR83OS,CYBA,ACTB,ADCYAP1R1,ZNF274,SLC51A,ENSG00000257663,SPARCL1		0.2940691158156912
null_at1r_0156	LPL,RBM14,SRSF2,WDR83OS,CYBA,ACTB,EOGT-DT,PRIM2,BIN2,CPB2,SPARCL1		0.2940691158156912
null_at1r_0157	LPL,PDE12,SRSF2,WDR83OS,CYBA,ACTB,NPR2,BTBD3,SORCS1,ENSG00000271553,SPARCL1		0.2940691158156912
null_at1r_0158	LPL,PI15,SRSF2,WDR83OS,CYBA,ACTB,EPDR1,PRIM2,EPS8L2,SOX5-AS1,SPARCL1		0.2940691158156912
null_at1r_0159	LPL,DMRT2,SPATS2L,WDR83OS,CYBA,ACTB,KMT5C,ZNF274,KLF2-DT,MSANTD3-TMEFF1,SPARCL1		0.2940691158156912
null_at1r_0160	LPL,ARRDC1,SPATS2L,WDR83OS,CYBA,ACTB,PRC1,ZNF274,PRKAG2-AS1,LINC01230,SPARCL1		0.2940691158156912
null_at1r_0161	LPL,DMRT2,SPATS2L,WDR83OS,CYBA,ACTB,ADCYAP1R1,ZNF274,LCA5L,ENSG00000275665,SPARCL1		0.2940691158156912
null_at1r_0162	LPL,RNASE1,SRSF2,WDR83OS,CYBA,ACTB,KMT5C,PRIM2,LCA5L,PLAC1,SPARCL1		0.2940691158156912
null_at1r_0163	LPL,SNX12,SPATS2L,WDR83OS,CYBA,ACTB,EPDR1,ZNF274,CHRNE,LINC01230,SPARCL1		0.2940691158156912
null_at1r_0164	LPL,RNASE1,SRSF2,WDR83OS,CYBA,ACTB,KMT5C,BTBD3,LINC02210-CRHR1,FPR2,SPARCL1		0.2940691158156912
null_at1r_0165	LPL,PI15,SPATS2L,WDR83OS,CYBA,ACTB,ELOVL4,PRIM2,TNFSF9,PLAC1,SPARCL1		0.2940691158156912
null_at1r_0166	LPL,PI15,SPATS2L,WDR83OS,CYBA,ACTB,ADCYAP1R1,BTBD3,LINC02210-CRHR1,PNMA8B,SPARCL1		0.2940691158156912
null_at1r_0167	LPL,PDE12,SRSF2,WDR83OS,CYBA,ACTB,NPR2,PRIM2,CHRNE,TMEFF2,SPARCL1		0.2940691158156912
null_at1r_0168	LPL,ZDHHC9,SRSF2,WDR83OS,CYBA,ACTB,PRC1,ZNF274,EGFEM1P,H3P16,SPARCL1		0.2940691158156912
null_at1r_0169	LPL,RNASE1,SRSF2,WDR83OS,CYBA,ACTB,GON7,ZNF274,ELAPOR1,REC114,SPARCL1		0.2940691158156912
null_at1r_0170	LPL,PDE12,SRSF2,WDR83OS,CYBA,ACTB,GON7,BTBD3,VTN,IGSF1,SPARCL1		0.2940691158156912
null_at1r_0171	LPL,COQ5,SPATS2L,WDR83OS,CYBA,ACTB,EOGT-DT,ZNF274,EPS8L2,LINC01230,SPARCL1		0.2940691158156912
null_at1r_0172	LPL,PI15,SRSF2,WDR83OS,CYBA,ACTB,GON7,PRIM2,SARDH,ENSG00000264739,SPARCL1		0.2940691158156912
null_at1r_0173	LPL,COQ5,SRSF2,WDR83OS,CYBA,ACTB,PRC1,PRIM2,LINC00663,LINC01348,SPARCL1		0.2940691158156912
null_at1r_0174	LPL,RBM14,SRSF2,WDR83OS,CYBA,ACTB,PRC1,ZNF274,ZNF367,ENSG00000257663,SPARCL1		0.2940691158156912
null_at1r_0175	LPL,PDE12,SPATS2L,WDR83OS,CYBA,ACTB,ELOVL4,BTBD3,ASPHD1,ENSG00000255467,SPARCL1		0.2940691158156912
null_at1r_0176	LPL,DMRT2,SRSF2,WDR83OS,CYBA,ACTB,PRC1,ZNF274,EPS8L2,PRDM8,SPARCL1		0.2940691158156912
null_at1r_0177	LPL,ZDHHC9,SPATS2L,WDR83OS,CYBA,ACTB,ELOVL4,ZNF274,ENPP5,RHEBL1,SPARCL1		0.2940691158156912
null_at1r_0178	LPL,ARRDC1,SPATS2L,WDR83OS,CYBA,ACTB,ELOVL4,BTBD3,PWP2,SLC9A3,SPARCL1		0.2940691158156912
null_at1r_0179	LPL,RNASE1,SPATS2L,WDR83OS,CYBA,ACTB,EOGT-DT,BTBD3,MAGEE1,PRB2,SPARCL1		0.2940691158156912
null_at1r_0180	LPL,ZDHHC9,SPATS2L,WDR83OS,CYBA,ACTB,EOGT-DT,BTBD3,ENSG00000250764,RHEBL1,SPARCL1		0.2940691158156912
null_at1r_0181	LPL,DMRT2,SPATS2L,WDR83OS,CYBA,ACTB,EPDR1,PRIM2,CCK,TENT5B,SPARCL1		0.2940691158156912
null_at1r_0182	LPL,ZDHHC9,SPATS2L,WDR83OS,CYBA,ACTB,NPR2,BTBD3,ALG1L11P,TMEM102,SPARCL1		0.2940691158156912
null_at1r_0183	LPL,ARRDC1,SPATS2L,WDR83OS,CYBA,ACTB,ELOVL4,PRIM2,TIGD2,TNNT2,SPARCL1		0.2940691158156912
null_at1r_0184	LPL,COQ5,SRSF2,WDR83OS,CYBA,ACTB,EOGT-DT,BTBD3,CEP85,SASH3,SPARCL1		0.2940691158156912
null_at1r_0185	LPL,ZDHHC9,SPATS2L,WDR83OS,CYBA,ACTB,KMT5C,BTBD3,PPL,HDAC2-AS2,SPARCL1		0.2940691158156912
null_at1r_0186	LPL,DMRT2,SRSF2,WDR83OS,CYBA,ACTB,KMT5C,BTBD3,RGS22,CPB2,SPARCL1		0.2940691158156912
null_at1r_0187	LPL,RBM14,SPATS2L,WDR83OS,CYBA,ACTB,ELOVL4,PRIM2,ENSG00000260851,PNMA8B,SPARCL1		0.2940691158156912
null_at1r_0188	LPL,PI15,SPATS2L,WDR83OS,CYBA,ACTB,KMT5C,BTBD3,EPS8L2,MSLN,SPARCL1		0.2940691158156912
null_at1r_0189	LPL,ZDHHC9,SRSF2,WDR83OS,CYBA,ACTB,GON7,BTBD3,ZNF367,RPS3AP5,SPARCL1		0.2940691158156912
null_at1r_0190	LPL,RBM14,SRSF2,WDR83OS,CYBA,ACTB,EPDR1,BTBD3,SLC51A,ADCY10,SPARCL1		0.2940691158156912
null_at1r_0191	LPL,ARRDC1,SPATS2L,WDR83OS,CYBA,ACTB,EOGT-DT,ZNF274,ENSG00000271254,MT-TC,SPARCL1		0.2940691158156912
null_at1r_0192	LPL,PDE12,SPATS2L,WDR83OS,CYBA,ACTB,GON7,PRIM2,ABCC3,SMARCA5-AS1,SPARCL1		0.2940691158156912
null_at1r_0193	LPL,SNX12,SPATS2L,WDR83OS,CYBA,ACTB,NPR2,PRIM2,CHRNE,WNT2,SPARCL1		0.2940691158156912
null_at1r_0194	LPL,ZDHHC9,SRSF2,WDR83OS,CYBA,ACTB,EOGT-DT,ZNF274,TIGD2,PLAC1,SPARCL1		0.2940691158156912
null_at1r_0195	LPL,RNASE1,SPATS2L,WDR83OS,CYBA,ACTB,GON7,BTBD3,MAGEE1,CCDC73,SPARCL1		0.2940691158156912
null_at1r_0196	LPL,ZDHHC9,SRSF2,WDR83OS,CYBA,ACTB,EOGT-DT,PRIM2,CFAP45,STEAP1B-AS1,SPARCL1		0.2940691158156912
null_at1r_0197	LPL,RBM14,SRSF2,WDR83OS,CYBA,ACTB,PRC1,ZNF274,NPM2,ARHGEF39,SPARCL1		0.2940691158156912
null_at1r_0198	LPL,RBM14,SPATS2L,WDR83OS,CYBA,ACTB,ELOVL4,ZNF274,MAGEE1,PRSS23-AS1,SPARCL1		0.2940691158156912
null_at1r_0199	LPL,RNASE1,SPATS2L,WDR83OS,CYBA,ACTB,ELOVL4,ZNF274,SLC51A,WNT2,SPARCL1		0.2940691158156912
null_at1r_0200	LPL,RNASE1,SRSF2,WDR83OS,CYBA,ACTB,PRC1,BTBD3,TNFSF9,CPB2,SPARCL1		0.2940691158156912
null_at1r_0201	LPL,RNASE1,SRSF2,WDR83OS,CYBA,ACTB,GON7,BTBD3,DAPL1,H3P16,SPARCL1		0.2940691158156912
null_at1r_0202	LPL,PI15,SRSF2,WDR83OS,CYBA,ACTB,GON7,PRIM2,ZNF367,ZMYND10,SPARCL1		0.2940691158156912
null_at1r_0203	LPL,PI15,SPATS2L,WDR83OS,CYBA,ACTB,ELOVL4,BTBD3,PRR11,ENSG00000267251,SPARCL1		0.2940691158156912
null_at1r_0204	LPL,COQ5,SRSF2,WDR83OS,CYBA,ACTB,ADCYAP1R1,ZNF274,PPL,COL9A2,SPARCL1		0.2940691158156912
null_at1r_0205	LPL,PI15,SPATS2L,WDR83OS,CYBA,ACTB,KMT5C,ZNF274,SLC51A,LINC01348,SPARCL1		0.2940691158156912
null_at1r_0206	LPL,PDE12,SPATS2L,WDR83OS,CYBA,ACTB,EOGT-DT,BTBD3,CFAP45,MIR9-1HG,SPARCL1		0.2940691158156912
null_at1r_0207	LPL,RBM14,SRSF2,WDR83OS,CYBA,ACTB,PRC1,BTBD3,PWP2,SOX5-AS1,SPARCL1		0.2940691158156912
null_at1r_0208	LPL,COQ5,SRSF2,WDR83OS,CYBA,ACTB,PRC1,PRIM2,TPSAB1,MSLN,SPARCL1		0.2940691158156912
null_at1r_0209	LPL,PI15,SRSF2,WDR83OS,CYBA,ACTB,NPR2,PRIM2,LCA5L,ENSG00000242539,SPARCL1		0.2940691158156912
null_at1r_0210	LPL,SNX12,SPATS2L,WDR83OS,CYBA,ACTB,KMT5C,PRIM2,EPHB1,DHDDS-AS1,SPARCL1		0.2940691158156912
null_at1r_0211	LPL,SNX12,SPATS2L,WDR83OS,CYBA,ACTB,EPDR1,PRIM2,NPM2,ARHGEF39,SPARCL1		0.2940691158156912
null_at1r_0212	LPL,SNX12,SPATS2L,WDR83OS,CYBA,ACTB,GON7,BTBD3,LINC02210-CRHR1,SYNM-AS1,SPARCL1		0.2940691158156912
null_at1r_0213	LPL,PDE12,SPATS2L,WDR83OS,CYBA,ACTB,EOGT-DT,ZNF274,CHRNE,RNF213-AS1,SPARCL1		0.2940691158156912
null_at1r_0214	LPL,PI15,SRSF2,WDR83OS,CYBA,ACTB,ADCYAP1R1,PRIM2,PRKAG2-AS1,ARHGDIG,SPARCL1		0.2940691158156912
null_at1r_0215	LPL,PI15,SPATS2L,WDR83OS,CYBA,ACTB,GON7,ZNF274,KLF2-DT,ENSG00000255467,SPARCL1		0.2940691158156912
null_at1r_0216	LPL,DMRT2,SRSF2,WDR83OS,CYBA,ACTB,PRC1,ZNF274,PWP2,PRB2,SPARCL1		0.2940691158156912
null_at1r_0217	LPL,PDE12,SRSF2,WDR83OS,CYBA,ACTB,ADCYAP1R1,BTBD3,IL10RA,HDAC2-AS2,SPARCL1		0.2940691158156912
null_at1r_0218	LPL,PDE12,SRSF2,WDR83OS,CYBA,ACTB,EOGT-DT,PRIM2,NPM2,RHEBL1,SPARCL1		0.2940691158156912
null_at1r_0219	LPL,ZDHHC9,SRSF2,WDR83OS,CYBA,ACTB,PRC1,ZNF274,SORCS1,CPB2,SPARCL1		0.2940691158156912
null_at1r_0220	LPL,SNX12,SPATS2L,WDR83OS,CYBA,ACTB,ELOVL4,PRIM2,CCK,H3P16,SPARCL1		0.2940691158156912
null_at1r_0221	LPL,DMRT2,SPATS2L,WDR83OS,CYBA,ACTB,ELOVL4,PRIM2,NPM2,SASH3,SPARCL1		0.2940691158156912
null_at1r_0222	LPL,SNX12,SRSF2,WDR83OS,CYBA,ACTB,ADCYAP1R1,PRIM2,EPHB1,SASH3,SPARCL1		0.2940691158156912
null_at1r_0223	LPL,RNASE1,SPATS2L,WDR83OS,CYBA,ACTB,KMT5C,BTBD3,NUSAP1,COL9A2,SPARCL1		0.2940691158156912
null_at1r_0224	LPL,COQ5,SPATS2L,WDR83OS,CYBA,ACTB,PRC1,PRIM2,ENSG00000271254,TMEFF2,SPARCL1		0.2940691158156912
null_at1r_0225	LPL,RNASE1,SRSF2,WDR83OS,CYBA,ACTB,PRC1,ZNF274,ENPP5,ENSG00000267251,SPARCL1		0.2940691158156912
null_at1r_0226	LPL,SNX12,SPATS2L,WDR83OS,CYBA,ACTB,EPDR1,ZNF274,GRID2,IL4I1,SPARCL1		0.2940691158156912
null_at1r_0227	LPL,PI15,SRSF2,WDR83OS,CYBA,ACTB,GON7,ZNF274,ZNF23,FOSL2-AS1,SPARCL1		0.2940691158156912
null_at1r_0228	LPL,ARRDC1,SPATS2L,WDR83OS,CYBA,ACTB,GON7,PRIM2,ENPP5,C6orf132,SPARCL1		0.2940691158156912
null_at1r_0229	LPL,RBM14,SRSF2,WDR83OS,CYBA,ACTB,EOGT-DT,PRIM2,EGFEM1P,FPR2,SPARCL1		0.2940691158156912
null_at1r_0230	LPL,SNX12,SPATS2L,WDR83OS,CYBA,ACTB,GON7,BTBD3,ENPP5,SPDYE2B,SPARCL1		0.2940691158156912
null_at1r_0231	LPL,ARRDC1,SRSF2,WDR83OS,CYBA,ACTB,EOGT-DT,BTBD3,ENSG00000280241,LINC00997,SPARCL1		0.2940691158156912
null_at1r_0232	LPL,RBM14,SPATS2L,WDR83OS,CYBA,ACTB,EOGT-DT,BTBD3,ELAPOR1,ENSG00000267039,SPARCL1		0.2940691158156912
null_at1r_0233	LPL,SNX12,SRSF2,WDR83OS,CYBA,ACTB,KMT5C,PRIM2,LINC02210-CRHR1,PNMA8B,SPARCL1		0.2940691158156912
null_at1r_0234	LPL,ARRDC1,SPATS2L,WDR83OS,CYBA,ACTB,EOGT-DT,PRIM2,LINC00240,SMIM11,SPARCL1		0.2940691158156912
null_at1r_0235	LPL,SNX12,SPATS2L,WDR83OS,CYBA,ACTB,EPDR1,PRIM2,EPS8L2,H3P16,SPARCL1		0.2940691158156912
null_at1r_0236	LPL,RBM14,SPATS2L,WDR83OS,CYBA,ACTB,EPDR1,BTBD3,MELTF-AS1,FGD2,SPARCL1		0.2940691158156912
null_at1r_0237	LPL,PI15,SRSF2,WDR83OS,CYBA,ACTB,GON7,PRIM2,ENSG00000274092,ZMYND10,SPARCL1		0.2940691158156912
null_at1r_0238	LPL,RBM14,SRSF2,WDR83OS,CYBA,ACTB,ADCYAP1R1,BTBD3,DAPL1,MSLN,SPARCL1		0.2940691158156912
null_at1r_0239	LPL,ZDHHC9,SRSF2,WDR83OS,CYBA,ACTB,NPR2,ZNF274,EGFEM1P,ENSG00000275665,SPARCL1		0.2940691158156912
null_at1r_0240	LPL,ZDHHC9,SPATS2L,WDR83OS,CYBA,ACTB,ADCYAP1R1,PRIM2,BMF,PRDM8,SPARCL1		0.2940691158156912
null_at1r_0241	LPL,COQ5,SPATS2L,WDR83OS,CYBA,ACTB,ELOVL4,BTBD3,EGFEM1P,ENSG00000266385,SPARCL1		0.2940691158156912
null_at1r_0242	LPL,COQ5,SPATS2L,WDR83OS,CYBA,ACTB,ADCYAP1R1,BTBD3,CCK,PRDM8,SPARCL1		0.2940691158156912
null_at1r_0243	LPL,PDE12,SRSF2,WDR83OS,CYBA,ACTB,KMT5C,PRIM2,KLF2-DT,SYNM-AS1,SPARCL1		0.2940691158156912
null_at1r_0244	LPL,ZDHHC9,SPATS2L,WDR83OS,CYBA,ACTB,EOGT-DT,PRIM2,CFAP45,ENSG00000271949,SPARCL1		0.2940691158156912
null_at1r_0245	LPL,PDE12,SRSF2,WDR83OS,CYBA,ACTB,PRC1,PRIM2,SAMD11,AMIGO2,SPARCL1		0.2940691158156912
null_at1r_0246	LPL,RBM14,SPATS2L,WDR83OS,CYBA,ACTB,EOGT-DT,PRIM2,ENSG00000240499,MSANTD3-TMEFF1,SPARCL1		0.2940691158156912
null_at1r_0247	LPL,PI15,SPATS2L,WDR83OS,CYBA,ACTB,PRC1,ZNF274,ENSG00000141979,DHDDS-AS1,SPARCL1		0.2940691158156912
null_at1r_0248	LPL,COQ5,SPATS2L,WDR83OS,CYBA,ACTB,PRC1,BTBD3,ALG1L11P,LGALS2,SPARCL1		0.2940691158156912
null_at1r_0249	LPL,RBM14,SPATS2L,WDR83OS,CYBA,ACTB,EPDR1,ZNF274,SEMA5B,ENSG00000255520,SPARCL1		0.2940691158156912
null_at1r_0250	LPL,COQ5,SRSF2,WDR83OS,CYBA,ACTB,EPDR1,BTBD3,DAPL1,HDAC2-AS2,SPARCL1		0.2940691158156912
null_at1r_0251	LPL,PDE12,SRSF2,WDR83OS,CYBA,ACTB,EOGT-DT,ZNF274,TNFSF4,MND1,SPARCL1		0.2940691158156912
null_at1r_0252	LPL,SNX12,SPATS2L,WDR83OS,CYBA,ACTB,ELOVL4,ZNF274,CFAP45,STAC3,SPARCL1		0.2940691158156912
null_at1r_0253	LPL,ARRDC1,SPATS2L,WDR83OS,CYBA,ACTB,NPR2,PRIM2,MELTF-AS1,LINC01678,SPARCL1		0.2940691158156912
null_at1r_0254	LPL,ZDHHC9,SRSF2,WDR83OS,CYBA,ACTB,KMT5C,BTBD3,ENSG00000240499,FPR2,SPARCL1		0.2940691158156912
null_at1r_0255	LPL,PDE12,SPATS2L,WDR83OS,CYBA,ACTB,ADCYAP1R1,PRIM2,SEMA5B,IL4I1,SPARCL1		0.2940691158156912
null_at1r_0256	LPL,COQ5,SPATS2L,WDR83OS,CYBA,ACTB,GON7,BTBD3,PRKAG2-AS1,SYNM-AS1,SPARCL1		0.2940691158156912
null_at1r_0257	LPL,ZDHHC9,SRSF2,WDR83OS,CYBA,ACTB,PRC1,PRIM2,PRR11,DENND3-AS1,SPARCL1		0.2940691158156912
null_at1r_0258	LPL,ARRDC1,SRSF2,WDR83OS,CYBA,ACTB,ELOVL4,PRIM2,EDARADD,MYZAP,SPARCL1		0.2940691158156912
null_at1r_0259	LPL,ARRDC1,SPATS2L,WDR83OS,CYBA,ACTB,GON7,BTBD3,CHRNE,FOSL2-AS1,SPARCL1		0.2940691158156912
null_at1r_0260	LPL,ARRDC1,SPATS2L,WDR83OS,CYBA,ACTB,GON7,ZNF274,ENSG00000263335,ZMYND10,SPARCL1		0.2940691158156912
null_at1r_0261	LPL,RNASE1,SRSF2,WDR83OS,CYBA,ACTB,KMT5C,PRIM2,CFAP45,ENSG00000255520,SPARCL1		0.2940691158156912
null_at1r_0262	LPL,COQ5,SRSF2,WDR83OS,CYBA,ACTB,NPR2,BTBD3,GRID2,RHEBL1,SPARCL1		0.2940691158156912
null_at1r_0263	LPL,RNASE1,SRSF2,WDR83OS,CYBA,ACTB,ELOVL4,PRIM2,VTN,TRIM39-RPP21,SPARCL1		0.2940691158156912
null_at1r_0264	LPL,RNASE1,SPATS2L,WDR83OS,CYBA,ACTB,PRC1,ZNF274,NPM2,AMIGO2,SPARCL1		0.2940691158156912
null_at1r_0265	LPL,COQ5,SRSF2,WDR83OS,CYBA,ACTB,NPR2,BTBD3,TEC,ENSG00000271553,SPARCL1		0.2940691158156912
null_at1r_0266	LPL,RBM14,SPATS2L,WDR83OS,CYBA,ACTB,EPDR1,ZNF274,LINC00240,ENSG00000267251,SPARCL1		0.2940691158156912
null_at1r_0267	LPL,PI15,SPATS2L,WDR83OS,CYBA,ACTB,NPR2,PRIM2,EGFEM1P,LINC01678,SPARCL1		0.2940691158156912
null_at1r_0268	LPL,ZDHHC9,SRSF2,WDR83OS,CYBA,ACTB,PRC1,PRIM2,SLC51A,IGSF1,SPARCL1		0.2940691158156912
null_at1r_0269	LPL,PDE12,SPATS2L,WDR83OS,CYBA,ACTB,EOGT-DT,PRIM2,EGFEM1P,ENSG00000242539,SPARCL1		0.2940691158156912
null_at1r_0270	LPL,ARRDC1,SPATS2L,WDR83OS,CYBA,ACTB,PRC1,ZNF274,VTN,PRB2,SPARCL1		0.2940691158156912
null_at1r_0271	LPL,COQ5,SRSF2,WDR83OS,CYBA,ACTB,ELOVL4,BTBD3,TNFSF4,REC114,SPARCL1		0.2940691158156912
null_at1r_0272	LPL,SNX12,SRSF2,WDR83OS,CYBA,ACTB,EPDR1,PRIM2,TNFSF9,IL4I1,SPARCL1		0.2940691158156912
null_at1r_0273	LPL,ARRDC1,SRSF2,WDR83OS,CYBA,ACTB,ELOVL4,PRIM2,ENSG00000218426,TMEFF2,SPARCL1		0.2940691158156912
null_at1r_0274	LPL,COQ5,SPATS2L,WDR83OS,CYBA,ACTB,EOGT-DT,ZNF274,SAMD11,CCDC73,SPARCL1		0.2940691158156912
null_at1r_0275	LPL,ZDHHC9,SRSF2,WDR83OS,CYBA,ACTB,ELOVL4,ZNF274,KATNAL2,SMARCA5-AS1,SPARCL1		0.2940691158156912
null_at1r_0276	LPL,DMRT2,SPATS2L,WDR83OS,CYBA,ACTB,EOGT-DT,ZNF274,SLC51A,PLAC1,SPARCL1		0.2940691158156912
null_at1r_0277	LPL,ARRDC1,SRSF2,WDR83OS,CYBA,ACTB,EPDR1,ZNF274,SAMD11,PLAC1,SPARCL1		0.2940691158156912
null_at1r_0278	LPL,COQ5,SPATS2L,WDR83OS,CYBA,ACTB,PRC1,PRIM2,CCK,GNG4,SPARCL1		0.2940691158156912
null_at1r_0279	LPL,RNASE1,SPATS2L,WDR83OS,CYBA,ACTB,ADCYAP1R1,PRIM2,RGS22,DENND3-AS1,SPARCL1		0.2940691158156912
null_at1r_0280	LPL,ARRDC1,SPATS2L,WDR83OS,CYBA,ACTB,PRC1,BTBD3,EGFEM1P,TNNT2,SPARCL1		0.2940691158156912
null_at1r_0281	LPL,RNASE1,SRSF2,WDR83OS,CYBA,ACTB,ELOVL4,PRIM2,CCK,WASF3-AS1,SPARCL1		0.2940691158156912
null_at1r_0282	LPL,COQ5,SRSF2,WDR83OS,CYBA,ACTB,KMT5C,PRIM2,TNFSF9,MT-TC,SPARCL1		0.2940691158156912
null_at1r_0283	LPL,PDE12,SRSF2,WDR83OS,CYBA,ACTB,EPDR1,ZNF274,PPL,H3P16,SPARCL1		0.2940691158156912
null_at1r_0284	LPL,RNASE1,SPATS2L,WDR83OS,CYBA,ACTB,ELOVL4,ZNF274,SEMA5B,WASF3-AS1,SPARCL1		0.2940691158156912
null_at1r_0285	LPL,DMRT2,SRSF2,WDR83OS,CYBA,ACTB,ADCYAP1R1,ZNF274,MELTF-AS1,RPS21-DT,SPARCL1		0.2940691158156912
null_at1r_0286	LPL,DMRT2,SPATS2L,WDR83OS,CYBA,ACTB,KMT5C,PRIM2,LINC00240,SYNM-AS1,SPARCL1		0.2940691158156912
null_at1r_0287	LPL,ZDHHC9,SRSF2,WDR83OS,CYBA,ACTB,NPR2,PRIM2,PRR11,CD300LG,SPARCL1		0.2940691158156912
null_at1r_0288	LPL,DMRT2,SRSF2,WDR83OS,CYBA,ACTB,EOGT-DT,ZNF274,ENSG00000141979,ENSG00000242539,SPARCL1		0.2940691158156912
null_at1r_0289	LPL,PI15,SRSF2,WDR83OS,CYBA,ACTB,EOGT-DT,BTBD3,SAMD11,IGSF1,SPARCL1		0.2940691158156912
null_at1r_0290	LPL,RBM14,SPATS2L,WDR83OS,CYBA,ACTB,EOGT-DT,PRIM2,NUSAP1,HIPK1-AS1,SPARCL1		0.2940691158156912
null_at1r_0291	LPL,ARRDC1,SPATS2L,WDR83OS,CYBA,ACTB,NPR2,ZNF274,GRID2,CMC4,SPARCL1		0.2940691158156912
null_at1r_0292	LPL,DMRT2,SPATS2L,WDR83OS,CYBA,ACTB,ELOVL4,ZNF274,ABCC3,ENSG00000255520,SPARCL1		0.2940691158156912
null_at1r_0293	LPL,DMRT2,SPATS2L,WDR83OS,CYBA,ACTB,PRC1,BTBD3,SARDH,CMC4,SPARCL1		0.2940691158156912
null_at1r_0294	LPL,DMRT2,SPATS2L,WDR83OS,CYBA,ACTB,EPDR1,BTBD3,LINC00240,MIR9-1HG,SPARCL1		0.2940691158156912
null_at1r_0295	LPL,COQ5,SPATS2L,WDR83OS,CYBA,ACTB,EOGT-DT,PRIM2,CCK,ARHGDIG,SPARCL1		0.2940691158156912
null_at1r_0296	LPL,COQ5,SRSF2,WDR83OS,CYBA,ACTB,GON7,PRIM2,ZNF367,FGD2,SPARCL1		0.2940691158156912
null_at1r_0297	LPL,RBM14,SPATS2L,WDR83OS,CYBA,ACTB,EPDR1,BTBD3,MAGEE1,AMIGO2,SPARCL1		0.2940691158156912
null_at1r_0298	LPL,ZDHHC9,SPATS2L,WDR83OS,CYBA,ACTB,ELOVL4,BTBD3,ZNF23,AMIGO2,SPARCL1		0.2940691158156912
null_at1r_0299	LPL,RNASE1,SPATS2L,WDR83OS,CYBA,ACTB,EPDR1,ZNF274,IL10RA,HDAC2-AS2,SPARCL1		0.2940691158156912
null_at1r_0300	LPL,PDE12,SRSF2,WDR83OS,CYBA,ACTB,ELOVL4,BTBD3,BMF,NDUFB4P12,SPARCL1		0.2940691158156912
null_at1r_0301	LPL,PI15,SPATS2L,WDR83OS,CYBA,ACTB,ELOVL4,ZNF274,ENSG00000240499,TNNT2,SPARCL1		0.2940691158156912
null_at1r_0302	LPL,ARRDC1,SRSF2,WDR83OS,CYBA,ACTB,ELOVL4,PRIM2,CEP85,LINC01678,SPARCL1		0.2940691158156912
null_at1r_0303	LPL,ARRDC1,SPATS2L,WDR83OS,CYBA,ACTB,EPDR1,BTBD3,SLC51A,COL9A2,SPARCL1		0.2940691158156912
null_at1r_0304	LPL,SNX12,SRSF2,WDR83OS,CYBA,ACTB,KMT5C,ZNF274,CFAP45,SCN8A,SPARCL1		0.2940691158156912
null_at1r_0305	LPL,RNASE1,SPATS2L,WDR83OS,CYBA,ACTB,EOGT-DT,PRIM2,TEC,LINC01230,SPARCL1		0.2940691158156912
null_at1r_0306	LPL,ZDHHC9,SRSF2,WDR83OS,CYBA,ACTB,ELOVL4,PRIM2,TNFSF4,ENSG00000266385,SPARCL1		0.2940691158156912
null_at1r_0307	LPL,PDE12,SPATS2L,WDR83OS,CYBA,ACTB,KMT5C,BTBD3,MAGEE1,COL9A2,SPARCL1		0.2940691158156912
null_at1r_0308	LPL,RBM14,SRSF2,WDR83OS,CYBA,ACTB,ADCYAP1R1,BTBD3,ALG1L11P,PLAC1,SPARCL1		0.2940691158156912
null_at1r_0309	LPL,ARRDC1,SPATS2L,WDR83OS,CYBA,ACTB,ELOVL4,ZNF274,ALDH5A1,CFHR2,SPARCL1		0.2940691158156912
null_at1r_0310	LPL,ZDHHC9,SPATS2L,WDR83OS,CYBA,ACTB,PRC1,PRIM2,EPS8L2,IL4I1,SPARCL1		0.2940691158156912
null_at1r_0311	LPL,SNX12,SRSF2,WDR83OS,CYBA,ACTB,KMT5C,PRIM2,NPM2,ENSG00000255520,SPARCL1		0.2940691158156912
null_at1r_0312	LPL,RNASE1,SPATS2L,WDR83OS,CYBA,ACTB,EPDR1,ZNF274,ALDH5A1,STAC3,SPARCL1		0.2940691158156912
null_at1r_0313	LPL,ZDHHC9,SRSF2,WDR83OS,CYBA,ACTB,EPDR1,PRIM2,VTN,C6orf132,SPARCL1		0.2940691158156912
null_at1r_0314	LPL,SNX12,SRSF2,WDR83OS,CYBA,ACTB,ADCYAP1R1,BTBD3,SPIRE2,SCN8A,SPARCL1		0.2940691158156912
null_at1r_0315	LPL,ZDHHC9,SRSF2,WDR83OS,CYBA,ACTB,ADCYAP1R1,BTBD3,SEMA5B,CSMD3,SPARCL1		0.2940691158156912
null_at1r_0316	LPL,ZDHHC9,SPATS2L,WDR83OS,CYBA,ACTB,EPDR1,PRIM2,TPSAB1,TMEFF2,SPARCL1		0.2940691158156912
null_at1r_0317	LPL,RBM14,SPATS2L,WDR83OS,CYBA,ACTB,NPR2,PRIM2,ENSG00000218426,ENSG00000264281,SPARCL1		0.2940691158156912
null_at1r_0318	LPL,PI15,SPATS2L,WDR83OS,CYBA,ACTB,KMT5C,ZNF274,BIN2,ENSG00000266385,SPARCL1		0.2940691158156912
null_at1r_0319	LPL,DMRT2,SRSF2,WDR83OS,CYBA,ACTB,ELOVL4,PRIM2,CFAP45,ENSG00000264281,SPARCL1		0.2940691158156912
null_at1r_0320	LPL,RNASE1,SPATS2L,WDR83OS,CYBA,ACTB,ELOVL4,ZNF274,ALG1L11P,STEAP1B-AS1,SPARCL1		0.2940691158156912
null_at1r_0321	LPL,COQ5,SRSF2,WDR83OS,CYBA,ACTB,EOGT-DT,ZNF274,CFAP45,CPB2,SPARCL1		0.2940691158156912
null_at1r_0322	LPL,RNASE1,SRSF2,WDR83OS,CYBA,ACTB,ADCYAP1R1,BTBD3,ENSG00000274092,TEKT4P2,SPARCL1		0.2940691158156912
null_at1r_0323	LPL,RNASE1,SRSF2,WDR83OS,CYBA,ACTB,ELOVL4,BTBD3,ENSG00000261140,TEKT4P2,SPARCL1		0.2940691158156912
null_at1r_0324	LPL,RNASE1,SPATS2L,WDR83OS,CYBA,ACTB,NPR2,ZNF274,EPS8L2,CSMD3,SPARCL1		0.2940691158156912
null_at1r_0325	LPL,RNASE1,SRSF2,WDR83OS,CYBA,ACTB,KMT5C,BTBD3,SPIRE2,PRSS23-AS1,SPARCL1		0.2940691158156912
null_at1r_0326	LPL,DMRT2,SRSF2,WDR83OS,CYBA,ACTB,ELOVL4,ZNF274,KLF2-DT,ENSG00000275665,SPARCL1		0.2940691158156912
null_at1r_0327	LPL,ZDHHC9,SPATS2L,WDR83OS,CYBA,ACTB,NPR2,BTBD3,SORCS1,SPDYE2B,SPARCL1		0.2940691158156912
null_at1r_0328	LPL,RBM14,SRSF2,WDR83OS,CYBA,ACTB,KMT5C,BTBD3,ZNF23,SASH3,SPARCL1		0.2940691158156912
null_at1r_0329	LPL,RBM14,SRSF2,WDR83OS,CYBA,ACTB,PRC1,PRIM2,ENSG00000271254,MSLN,SPARCL1		0.2940691158156912
null_at1r_0330	LPL,COQ5,SRSF2,WDR83OS,CYBA,ACTB,NPR2,PRIM2,ENSG00000218426,CPB2,SPARCL1		0.2940691158156912
null_at1r_0331	LPL,DMRT2,SRSF2,WDR83OS,CYBA,ACTB,NPR2,ZNF274,ENSG00000274092,WASF3-AS1,SPARCL1		0.2940691158156912
null_at1r_0332	LPL,RBM14,SPATS2L,WDR83OS,CYBA,ACTB,GON7,ZNF274,MAGEE1,FPR2,SPARCL1		0.2940691158156912
null_at1r_0333	LPL,COQ5,SRSF2,WDR83OS,CYBA,ACTB,ADCYAP1R1,BTBD3,TNFSF4,ENSG00000271949,SPARCL1		0.2940691158156912
null_at1r_0334	LPL,ARRDC1,SPATS2L,WDR83OS,CYBA,ACTB,EOGT-DT,ZNF274,ENSG00000271254,PRKCH-AS1,SPARCL1		0.2940691158156912
null_at1r_0335	LPL,DMRT2,SPATS2L,WDR83OS,CYBA,ACTB,NPR2,BTBD3,CFAP45,ENSG00000266385,SPARCL1		0.2940691158156912
null_at1r_0336	LPL,COQ5,SRSF2,WDR83OS,CYBA,ACTB,EPDR1,BTBD3,KATNAL2,HDAC2-AS2,SPARCL1		0.2940691158156912
null_at1r_0337	LPL,PI15,SRSF2,WDR83OS,CYBA,ACTB,KMT5C,ZNF274,BIN2,NDUFB4P12,SPARCL1		0.2940691158156912
null_at1r_0338	LPL,ZDHHC9,SPATS2L,WDR83OS,CYBA,ACTB,ELOVL4,ZNF274,CCK,SCN8A,SPARCL1		0.2940691158156912
null_at1r_0339	LPL,ARRDC1,SPATS2L,WDR83OS,CYBA,ACTB,KMT5C,PRIM2,IL10RA,HIPK1-AS1,SPARCL1		0.2940691158156912
null_at1r_0340	LPL,RBM14,SRSF2,WDR83OS,CYBA,ACTB,KMT5C,PRIM2,KLF2-DT,MSLN,SPARCL1		0.2940691158156912
null_at1r_0341	LPL,PDE12,SPATS2L,WDR83OS,CYBA,ACTB,EPDR1,BTBD3,BIN2,SNHG17,SPARCL1		0.2940691158156912
null_at1r_0342	LPL,PDE12,SRSF2,WDR83OS,CYBA,ACTB,EPDR1,PRIM2,ENSG00000250764,LINC01230,SPARCL1		0.2940691158156912
null_at1r_0343	LPL,RNASE1,SPATS2L,WDR83OS,CYBA,ACTB,EOGT-DT,ZNF274,LINC00663,ENSG00000271949,SPARCL1		0.2940691158156912
null_at1r_0344	LPL,RNASE1,SRSF2,WDR83OS,CYBA,ACTB,GON7,BTBD3,ENSG00000240499,ENSG00000274922,SPARCL1		0.2940691158156912
null_at1r_0345	LPL,SNX12,SRSF2,WDR83OS,CYBA,ACTB,EOGT-DT,ZNF274,KATNAL2,FGD2,SPARCL1		0.2940691158156912
null_at1r_0346	LPL,SNX12,SPATS2L,WDR83OS,CYBA,ACTB,ADCYAP1R1,PRIM2,ENSG00000261140,PNMA8B,SPARCL1		0.2940691158156912
null_at1r_0347	LPL,PDE12,SPATS2L,WDR83OS,CYBA,ACTB,ELOVL4,ZNF274,MELTF-AS1,TRIM39-RPP21,SPARCL1		0.2940691158156912
null_at1r_0348	LPL,ZDHHC9,SRSF2,WDR83OS,CYBA,ACTB,ADCYAP1R1,PRIM2,ALG1L11P,ENSG00000267251,SPARCL1		0.2940691158156912
null_at1r_0349	LPL,RNASE1,SPATS2L,WDR83OS,CYBA,ACTB,NPR2,PRIM2,PPL,LINC01678,SPARCL1		0.2940691158156912
null_at1r_0350	LPL,RNASE1,SPATS2L,WDR83OS,CYBA,ACTB,GON7,ZNF274,LINC00240,PRDM8,SPARCL1		0.2940691158156912
null_at1r_0351	LPL,RBM14,SPATS2L,WDR83OS,CYBA,ACTB,ELOVL4,ZNF274,EPS8L2,MT-TC,SPARCL1		0.2940691158156912
null_at1r_0352	LPL,ARRDC1,SRSF2,WDR83OS,CYBA,ACTB,PRC1,ZNF274,BIN2,ENSG00000275665,SPARCL1		0.2940691158156912
null_at1r_0353	LPL,ARRDC1,SRSF2,WDR83OS,CYBA,ACTB,EPDR1,ZNF274,KLF2-DT,HIPK1-AS1,SPARCL1		0.2940691158156912
null_at1r_0354	LPL,PDE12,SPATS2L,WDR83OS,CYBA,ACTB,ADCYAP1R1,BTBD3,ASPHD1,SPDYE2B,SPARCL1		0.2940691158156912
null_at1r_0355	LPL,ZDHHC9,SPATS2L,WDR83OS,CYBA,ACTB,NPR2,PRIM2,ENPP5,PNMA8B,SPARCL1		0.2940691158156912
null_at1r_0356	LPL,DMRT2,SPATS2L,WDR83OS,CYBA,ACTB,ADCYAP1R1,PRIM2,ALDH5A1,ARHGAP44-AS1,SPARCL1		0.2940691158156912
null_at1r_0357	LPL,PI15,SPATS2L,WDR83OS,CYBA,ACTB,NPR2,PRIM2,CEP85,LGALS2,SPARCL1		0.2940691158156912
null_at1r_0358	LPL,DMRT2,SRSF2,WDR83OS,CYBA,ACTB,EPDR1,ZNF274,TMEM178A,LGALS2,SPARCL1		0.2940691158156912
null_at1r_0359	LPL,ZDHHC9,SPATS2L,WDR83OS,CYBA,ACTB,KMT5C,PRIM2,CHRNE,SYNM-AS1,SPARCL1		0.2940691158156912
null_at1r_0360	LPL,RBM14,SRSF2,WDR83OS,CYBA,ACTB,PRC1,BTBD3,TNFSF9,SPDYE2B,SPARCL1		0.2940691158156912
null_at1r_0361	LPL,PI15,SRSF2,WDR83OS,CYBA,ACTB,PRC1,BTBD3,TEC,COL9A2,SPARCL1		0.2940691158156912
null_at1r_0362	LPL,RNASE1,SPATS2L,WDR83OS,CYBA,ACTB,KMT5C,BTBD3,ENSG00000260851,ARHGDIG,SPARCL1		0.2940691158156912
null_at1r_0363	LPL,SNX12,SRSF2,WDR83OS,CYBA,ACTB,PRC1,BTBD3,ENSG00000218426,CMC4,SPARCL1		0.2940691158156912
null_at1r_0364	LPL,PDE12,SRSF2,WDR83OS,CYBA,ACTB,ADCYAP1R1,BTBD3,LINC02210-CRHR1,SOX5-AS1,SPARCL1		0.2940691158156912
null_at1r_0365	LPL,SNX12,SPATS2L,WDR83OS,CYBA,ACTB,EOGT-DT,BTBD3,SORCS1,ARHGAP44-AS1,SPARCL1		0.2940691158156912
null_at1r_0366	LPL,RBM14,SPATS2L,WDR83OS,CYBA,ACTB,EOGT-DT,ZNF274,ENSG00000263335,GBP5,SPARCL1		0.2940691158156912
null_at1r_0367	LPL,DMRT2,SPATS2L,WDR83OS,CYBA,ACTB,KMT5C,BTBD3,MAGEE1,STAC3,SPARCL1		0.2940691158156912
null_at1r_0368	LPL,COQ5,SPATS2L,WDR83OS,CYBA,ACTB,PRC1,BTBD3,SAMD11,H3P16,SPARCL1		0.2940691158156912
null_at1r_0369	LPL,DMRT2,SPATS2L,WDR83OS,CYBA,ACTB,EOGT-DT,ZNF274,SGPP2,H3P16,SPARCL1		0.2940691158156912
null_at1r_0370	LPL,SNX12,SRSF2,WDR83OS,CYBA,ACTB,GON7,BTBD3,GRID2,ZMYND10,SPARCL1		0.2940691158156912
null_at1r_0371	LPL,SNX12,SPATS2L,WDR83OS,CYBA,ACTB,NPR2,PRIM2,ASPHD1,ARHGAP44-AS1,SPARCL1		0.2940691158156912
null_at1r_0372	LPL,RNASE1,SPATS2L,WDR83OS,CYBA,ACTB,ELOVL4,PRIM2,SPIRE2,TRIM39-RPP21,SPARCL1		0.2940691158156912
null_at1r_0373	LPL,ARRDC1,SRSF2,WDR83OS,CYBA,ACTB,GON7,ZNF274,ALG1L11P,ENSG00000271949,SPARCL1		0.2940691158156912
null_at1r_0374	LPL,ARRDC1,SRSF2,WDR83OS,CYBA,ACTB,PRC1,PRIM2,ENSG00000280241,PHLDA1-AS1,SPARCL1		0.2940691158156912
null_at1r_0375	LPL,DMRT2,SPATS2L,WDR83OS,CYBA,ACTB,GON7,BTBD3,CHRNE,SMIM11,SPARCL1		0.2940691158156912
null_at1r_0376	LPL,COQ5,SRSF2,WDR83OS,CYBA,ACTB,KMT5C,PRIM2,EPS8L2,STAC3,SPARCL1		0.2940691158156912
null_at1r_0377	LPL,RBM14,SRSF2,WDR83OS,CYBA,ACTB,EPDR1,PRIM2,RGS22,FPR2,SPARCL1		0.2940691158156912
null_at1r_0378	LPL,RNASE1,SRSF2,WDR83OS,CYBA,ACTB,EPDR1,PRIM2,BIN2,REC114,SPARCL1		0.2940691158156912
null_at1r_0379	LPL,PDE12,SRSF2,WDR83OS,CYBA,ACTB,PRC1,ZNF274,NUSAP1,TRIM39-RPP21,SPARCL1		0.2940691158156912
null_at1r_0380	LPL,DMRT2,SRSF2,WDR83OS,CYBA,ACTB,ADCYAP1R1,BTBD3,CEP85,WASF3-AS1,SPARCL1		0.2940691158156912
null_at1r_0381	LPL,ZDHHC9,SRSF2,WDR83OS,CYBA,ACTB,EPDR1,BTBD3,MAGEE1,NDUFB4P12,SPARCL1		0.2940691158156912
null_at1r_0382	LPL,COQ5,SPATS2L,WDR83OS,CYBA,ACTB,GON7,PRIM2,ENSG00000274092,HDAC2-AS2,SPARCL1		0.2940691158156912
null_at1r_0383	LPL,PDE12,SPATS2L,WDR83OS,CYBA,ACTB,ADCYAP1R1,BTBD3,ENSG00000250764,TRIM39-RPP21,SPARCL1		0.2940691158156912
null_at1r_0384	LPL,RNASE1,SRSF2,WDR83OS,CYBA,ACTB,PRC1,PRIM2,SARDH,C6orf132,SPARCL1		0.2940691158156912
null_at1r_0385	LPL,RNASE1,SRSF2,WDR83OS,CYBA,ACTB,ELOVL4,ZNF274,ABCC3,GNG4,SPARCL1		0.2940691158156912
null_at1r_0386	LPL,DMRT2,SPATS2L,WDR83OS,CYBA,ACTB,ADCYAP1R1,BTBD3,ENSG00000280241,ENSG00000271949,SPARCL1		0.2940691158156912
null_at1r_0387	LPL,DMRT2,SRSF2,WDR83OS,CYBA,ACTB,ADCYAP1R1,PRIM2,ASPHD1,DHDDS-AS1,SPARCL1		0.2940691158156912
null_at1r_0388	LPL,DMRT2,SRSF2,WDR83OS,CYBA,ACTB,GON7,ZNF274,RGS22,STEAP1B-AS1,SPARCL1		0.2940691158156912
null_at1r_0389	LPL,PDE12,SRSF2,WDR83OS,CYBA,ACTB,GON7,ZNF274,BMF,PRSS23-AS1,SPARCL1		0.2940691158156912
null_at1r_0390	LPL,COQ5,SRSF2,WDR83OS,CYBA,ACTB,EOGT-DT,ZNF274,PRKAG2-AS1,ADCY10,SPARCL1		0.2940691158156912
null_at1r_0391	LPL,DMRT2,SRSF2,WDR83OS,CYBA,ACTB,EOGT-DT,BTBD3,ENSG00000240499,ENSG00000257663,SPARCL1		0.2940691158156912
null_at1r_0392	LPL,RBM14,SRSF2,WDR83OS,CYBA,ACTB,ADCYAP1R1,ZNF274,ENSG00000250764,TENT5B,SPARCL1		0.2940691158156912
null_at1r_0393	LPL,DMRT2,SRSF2,WDR83OS,CYBA,ACTB,PRC1,PRIM2,ENSG00000261140,PKIA,SPARCL1		0.2940691158156912
null_at1r_0394	LPL,SNX12,SRSF2,WDR83OS,CYBA,ACTB,NPR2,PRIM2,ELAPOR1,GNG4,SPARCL1		0.2940691158156912
null_at1r_0395	LPL,SNX12,SRSF2,WDR83OS,CYBA,ACTB,NPR2,ZNF274,IL10RA,TRIM39-RPP21,SPARCL1		0.2940691158156912
null_at1r_0396	LPL,ZDHHC9,SPATS2L,WDR83OS,CYBA,ACTB,PRC1,PRIM2,ENSG00000274092,NDUFB4P12,SPARCL1		0.2940691158156912
null_at1r_0397	LPL,PI15,SRSF2,WDR83OS,CYBA,ACTB,GON7,PRIM2,ENSG00000274092,ENSG00000267251,SPARCL1		0.2940691158156912
null_at1r_0398	LPL,PI15,SRSF2,WDR83OS,CYBA,ACTB,ELOVL4,PRIM2,VTN,H3P16,SPARCL1		0.2940691158156912
null_at1r_0399	LPL,DMRT2,SPATS2L,WDR83OS,CYBA,ACTB,PRC1,PRIM2,BIN2,IGSF1,SPARCL1		0.2940691158156912
null_at1r_0400	LPL,RBM14,SPATS2L,WDR83OS,CYBA,ACTB,GON7,PRIM2,ABCC3,FPR2,SPARCL1		0.2940691158156912
null_at1r_0401	LPL,RBM14,SPATS2L,WDR83OS,CYBA,ACTB,GON7,BTBD3,CCK,CFHR2,SPARCL1		0.2940691158156912
null_at1r_0402	LPL,ARRDC1,SPATS2L,WDR83OS,CYBA,ACTB,EOGT-DT,BTBD3,ENSG00000280241,STAC3,SPARCL1		0.2940691158156912
null_at1r_0403	LPL,DMRT2,SRSF2,WDR83OS,CYBA,ACTB,KMT5C,ZNF274,TIGD2,STEAP1B-AS1,SPARCL1		0.2940691158156912
null_at1r_0404	LPL,DMRT2,SRSF2,WDR83OS,CYBA,ACTB,ADCYAP1R1,PRIM2,ENSG00000250764,ENSG00000267892,SPARCL1		0.2940691158156912
null_at1r_0405	LPL,DMRT2,SRSF2,WDR83OS,CYBA,ACTB,EPDR1,PRIM2,ENSG00000263335,IL4I1,SPARCL1		0.2940691158156912
null_at1r_0406	LPL,COQ5,SPATS2L,WDR83OS,CYBA,ACTB,KMT5C,BTBD3,LINC02210-CRHR1,STEAP1B-AS1,SPARCL1		0.2940691158156912
null_at1r_0407	LPL,DMRT2,SPATS2L,WDR83OS,CYBA,ACTB,EOGT-DT,PRIM2,KATNAL2,LINC00997,SPARCL1		0.2940691158156912
null_at1r_0408	LPL,DMRT2,SRSF2,WDR83OS,CYBA,ACTB,NPR2,BTBD3,DAPL1,SNHG17,SPARCL1		0.2940691158156912
null_at1r_0409	LPL,COQ5,SPATS2L,WDR83OS,CYBA,ACTB,PRC1,BTBD3,SLC51A,RPS21-DT,SPARCL1		0.2940691158156912
null_at1r_0410	LPL,RBM14,SRSF2,WDR83OS,CYBA,ACTB,KMT5C,PRIM2,CCK,SYNM-AS1,SPARCL1		0.2940691158156912
null_at1r_0411	LPL,RBM14,SRSF2,WDR83OS,CYBA,ACTB,NPR2,PRIM2,BIN2,MIR9-1HG,SPARCL1		0.2940691158156912
null_at1r_0412	LPL,ZDHHC9,SRSF2,WDR83OS,CYBA,ACTB,NPR2,ZNF274,CEP85,GNG4,SPARCL1		0.2940691158156912
null_at1r_0413	LPL,RNASE1,SPATS2L,WDR83OS,CYBA,ACTB,EOGT-DT,ZNF274,BMF,WASF3-AS1,SPARCL1		0.2940691158156912
null_at1r_0414	LPL,RNASE1,SPATS2L,WDR83OS,CYBA,ACTB,NPR2,BTBD3,ENSG00000218426,ENSG00000271949,SPARCL1		0.2940691158156912
null_at1r_0415	LPL,DMRT2,SRSF2,WDR83OS,CYBA,ACTB,ELOVL4,BTBD3,SAMD11,COL9A2,SPARCL1		0.2940691158156912
null_at1r_0416	LPL,ZDHHC9,SRSF2,WDR83OS,CYBA,ACTB,EOGT-DT,PRIM2,SLC51A,CFHR2,SPARCL1		0.2940691158156912
null_at1r_0417	LPL,SNX12,SPATS2L,WDR83OS,CYBA,ACTB,ADCYAP1R1,PRIM2,ENSG00000274092,ENSG00000267251,SPARCL1		0.2940691158156912
null_at1r_0418	LPL,PI15,SRSF2,WDR83OS,CYBA,ACTB,NPR2,PRIM2,SAMD11,LINC01348,SPARCL1		0.2940691158156912
null_at1r_0419	LPL,RBM14,SPATS2L,WDR83OS,CYBA,ACTB,ADCYAP1R1,BTBD3,LINC00240,PHLDA1-AS1,SPARCL1		0.2940691158156912
null_at1r_0420	LPL,PDE12,SPATS2L,WDR83OS,CYBA,ACTB,EPDR1,ZNF274,VTN,ADCY10,SPARCL1		0.2940691158156912
null_at1r_0421	LPL,ARRDC1,SPATS2L,WDR83OS,CYBA,ACTB,NPR2,ZNF274,TNFSF9,WASF3-AS1,SPARCL1		0.2940691158156912
null_at1r_0422	LPL,SNX12,SRSF2,WDR83OS,CYBA,ACTB,EOGT-DT,ZNF274,ENSG00000218426,FPR2,SPARCL1		0.2940691158156912
null_at1r_0423	LPL,RBM14,SPATS2L,WDR83OS,CYBA,ACTB,ELOVL4,ZNF274,TNFSF9,STEAP1B-AS1,SPARCL1		0.2940691158156912
null_at1r_0424	LPL,ZDHHC9,SRSF2,WDR83OS,CYBA,ACTB,PRC1,ZNF274,ENSG00000240499,REC114,SPARCL1		0.2940691158156912
null_at1r_0425	LPL,PDE12,SPATS2L,WDR83OS,CYBA,ACTB,NPR2,BTBD3,TNFSF4,SLC9A3,SPARCL1		0.2940691158156912
null_at1r_0426	LPL,DMRT2,SRSF2,WDR83OS,CYBA,ACTB,PRC1,PRIM2,PRKAG2-AS1,NDUFB4P12,SPARCL1		0.2940691158156912
null_at1r_0427	LPL,ARRDC1,SRSF2,WDR83OS,CYBA,ACTB,ADCYAP1R1,PRIM2,CCK,GBP5,SPARCL1		0.2940691158156912
null_at1r_0428	LPL,DMRT2,SPATS2L,WDR83OS,CYBA,ACTB,ELOVL4,PRIM2,PPL,RNF213-AS1,SPARCL1		0.2940691158156912
null_at1r_0429	LPL,RNASE1,SPATS2L,WDR83OS,CYBA,ACTB,PRC1,BTBD3,LINC02210-CRHR1,ENSG00000267251,SPARCL1		0.2940691158156912
null_at1r_0430	LPL,RNASE1,SRSF2,WDR83OS,CYBA,ACTB,EOGT-DT,PRIM2,ENSG00000274092,RPS3AP5,SPARCL1		0.2940691158156912
null_at1r_0431	LPL,RNASE1,SPATS2L,WDR83OS,CYBA,ACTB,ELOVL4,ZNF274,KATNAL2,SASH3,SPARCL1		0.2940691158156912
null_at1r_0432	LPL,DMRT2,SRSF2,WDR83OS,CYBA,ACTB,ELOVL4,ZNF274,LINC00663,ENSG00000255467,SPARCL1		0.2940691158156912
null_at1r_0433	LPL,DMRT2,SRSF2,WDR83OS,CYBA,ACTB,ELOVL4,BTBD3,TEC,ENSG00000271949,SPARCL1		0.2940691158156912
null_at1r_0434	LPL,DMRT2,SPATS2L,WDR83OS,CYBA,ACTB,NPR2,BTBD3,SLC51A,TMEM102,SPARCL1		0.2940691158156912
null_at1r_0435	LPL,COQ5,SRSF2,WDR83OS,CYBA,ACTB,EPDR1,BTBD3,ENSG00000261140,FGD2,SPARCL1		0.2940691158156912
null_at1r_0436	LPL,PDE12,SPATS2L,WDR83OS,CYBA,ACTB,PRC1,PRIM2,ENSG00000240499,ARHGDIG,SPARCL1		0.2940691158156912
null_at1r_0437	LPL,RNASE1,SPATS2L,WDR83OS,CYBA,ACTB,PRC1,PRIM2,ENSG00000218426,TEKT4P2,SPARCL1		0.2940691158156912
null_at1r_0438	LPL,ZDHHC9,SRSF2,WDR83OS,CYBA,ACTB,GON7,PRIM2,MELTF-AS1,GBP5,SPARCL1		0.2940691158156912
null_at1r_0439	LPL,ZDHHC9,SRSF2,WDR83OS,CYBA,ACTB,NPR2,BTBD3,NUSAP1,FPR2,SPARCL1		0.2940691158156912
null_at1r_0440	LPL,DMRT2,SRSF2,WDR83OS,CYBA,ACTB,NPR2,ZNF274,MELTF-AS1,ENSG00000274922,SPARCL1		0.2940691158156912
null_at1r_0441	LPL,PI15,SRSF2,WDR83OS,CYBA,ACTB,ELOVL4,ZNF274,IL10RA,GALNT15,SPARCL1		0.2940691158156912
null_at1r_0442	LPL,PDE12,SRSF2,WDR83OS,CYBA,ACTB,EOGT-DT,ZNF274,NPM2,ENSG00000242539,SPARCL1		0.2940691158156912
null_at1r_0443	LPL,DMRT2,SRSF2,WDR83OS,CYBA,ACTB,PRC1,BTBD3,RGS22,FPR2,SPARCL1		0.2940691158156912
null_at1r_0444	LPL,PI15,SPATS2L,WDR83OS,CYBA,ACTB,PRC1,PRIM2,ENSG00000280241,REC114,SPARCL1		0.2940691158156912
null_at1r_0445	LPL,RNASE1,SRSF2,WDR83OS,CYBA,ACTB,EOGT-DT,ZNF274,SGPP2,ENSG00000271978,SPARCL1		0.2940691158156912
null_at1r_0446	LPL,RNASE1,SRSF2,WDR83OS,CYBA,ACTB,NPR2,PRIM2,EPS8L2,RPS3AP5,SPARCL1		0.2940691158156912
null_at1r_0447	LPL,COQ5,SRSF2,WDR83OS,CYBA,ACTB,EPDR1,PRIM2,KATNAL2,IL4I1,SPARCL1		0.2940691158156912
null_at1r_0448	LPL,ARRDC1,SPATS2L,WDR83OS,CYBA,ACTB,NPR2,BTBD3,EGFEM1P,WNT2,SPARCL1		0.2940691158156912
null_at1r_0449	LPL,COQ5,SRSF2,WDR83OS,CYBA,ACTB,PRC1,ZNF274,TPSAB1,GNG4,SPARCL1		0.2940691158156912
null_at1r_0450	LPL,COQ5,SRSF2,WDR83OS,CYBA,ACTB,GON7,ZNF274,KLF2-DT,SMIM11,SPARCL1		0.2940691158156912
null_at1r_0451	LPL,ZDHHC9,SRSF2,WDR83OS,CYBA,ACTB,GON7,PRIM2,TMEM178A,COL9A2,SPARCL1		0.2940691158156912
null_at1r_0452	LPL,ZDHHC9,SPATS2L,WDR83OS,CYBA,ACTB,PRC1,BTBD3,PPL,CMC4,SPARCL1		0.2940691158156912
null_at1r_0453	LPL,RBM14,SPATS2L,WDR83OS,CYBA,ACTB,EPDR1,BTBD3,PRR11,RPS3AP5,SPARCL1		0.2940691158156912
null_at1r_0454	LPL,ZDHHC9,SPATS2L,WDR83OS,CYBA,ACTB,ADCYAP1R1,ZNF274,CFAP45,KCNAB3,SPARCL1		0.2940691158156912
null_at1r_0455	LPL,ARRDC1,SRSF2,WDR83OS,CYBA,ACTB,EOGT-DT,ZNF274,MAGEE1,ENSG00000255520,SPARCL1		0.2940691158156912
null_at1r_0456	LPL,RBM14,SRSF2,WDR83OS,CYBA,ACTB,EOGT-DT,PRIM2,ALDH5A1,PLAC1,SPARCL1		0.2940691158156912
null_at1r_0457	LPL,ZDHHC9,SRSF2,WDR83OS,CYBA,ACTB,EPDR1,BTBD3,KATNAL2,PHLDA1-AS1,SPARCL1		0.2940691158156912
null_at1r_0458	LPL,RNASE1,SPATS2L,WDR83OS,CYBA,ACTB,ADCYAP1R1,ZNF274,ENPP5,IL4I1,SPARCL1		0.2940691158156912
null_at1r_0459	LPL,RBM14,SPATS2L,WDR83OS,CYBA,ACTB,EPDR1,PRIM2,LCA5L,MND1,SPARCL1		0.2940691158156912
null_at1r_0460	LPL,ZDHHC9,SRSF2,WDR83OS,CYBA,ACTB,GON7,PRIM2,ENSG00000218426,PRSS23-AS1,SPARCL1		0.2940691158156912
null_at1r_0461	LPL,RBM14,SPATS2L,WDR83OS,CYBA,ACTB,ADCYAP1R1,BTBD3,ENSG00000263335,CCDC73,SPARCL1		0.2940691158156912
null_at1r_0462	LPL,ARRDC1,SRSF2,WDR83OS,CYBA,ACTB,ELOVL4,ZNF274,ENSG00000261140,ENSG00000267039,SPARCL1		0.2940691158156912
null_at1r_0463	LPL,SNX12,SRSF2,WDR83OS,CYBA,ACTB,GON7,PRIM2,RGS22,DHDDS-AS1,SPARCL1		0.2940691158156912
null_at1r_0464	LPL,ZDHHC9,SRSF2,WDR83OS,CYBA,ACTB,EOGT-DT,BTBD3,RGS22,ENSG00000264281,SPARCL1		0.2940691158156912
null_at1r_0465	LPL,PI15,SPATS2L,WDR83OS,CYBA,ACTB,GON7,BTBD3,SPIRE2,LINC01348,SPARCL1		0.2940691158156912
null_at1r_0466	LPL,DMRT2,SPATS2L,WDR83OS,CYBA,ACTB,NPR2,ZNF274,TMEM178A,PRSS23-AS1,SPARCL1		0.2940691158156912
null_at1r_0467	LPL,ARRDC1,SPATS2L,WDR83OS,CYBA,ACTB,GON7,ZNF274,CEP85,ZMYND10,SPARCL1		0.2940691158156912
null_at1r_0468	LPL,RNASE1,SRSF2,WDR83OS,CYBA,ACTB,KMT5C,BTBD3,BMF,ZMYND10,SPARCL1		0.2940691158156912
null_at1r_0469	LPL,COQ5,SPATS2L,WDR83OS,CYBA,ACTB,NPR2,BTBD3,SEMA5B,SLC9A3,SPARCL1		0.2940691158156912
null_at1r_0470	LPL,PI15,SPATS2L,WDR83OS,CYBA,ACTB,ELOVL4,BTBD3,ALDH5A1,PLAC1,SPARCL1		0.2940691158156912
null_at1r_0471	LPL,RNASE1,SPATS2L,WDR83OS,CYBA,ACTB,GON7,BTBD3,TNFSF9,ENSG00000267251,SPARCL1		0.2940691158156912
null_at1r_0472	LPL,SNX12,SPATS2L,WDR83OS,CYBA,ACTB,EPDR1,ZNF274,NPM2,STEAP1B-AS1,SPARCL1		0.2940691158156912
null_at1r_0473	LPL,PDE12,SPATS2L,WDR83OS,CYBA,ACTB,ELOVL4,BTBD3,ENSG00000263335,PHLDA1-AS1,SPARCL1		0.2940691158156912
null_at1r_0474	LPL,ZDHHC9,SPATS2L,WDR83OS,CYBA,ACTB,KMT5C,ZNF274,IL10RA,PRDM8,SPARCL1		0.2940691158156912
null_at1r_0475	LPL,ZDHHC9,SRSF2,WDR83OS,CYBA,ACTB,NPR2,BTBD3,NPM2,CPB2,SPARCL1		0.2940691158156912
null_at1r_0476	LPL,RNASE1,SRSF2,WDR83OS,CYBA,ACTB,KMT5C,BTBD3,EPHB1,ARHGEF39,SPARCL1		0.2940691158156912
null_at1r_0477	LPL,RBM14,SPATS2L,WDR83OS,CYBA,ACTB,EPDR1,PRIM2,MAGEE1,FOSL2-AS1,SPARCL1		0.2940691158156912
null_at1r_0478	LPL,SNX12,SRSF2,WDR83OS,CYBA,ACTB,EPDR1,ZNF274,TMEM178A,ENSG00000267251,SPARCL1		0.2940691158156912
null_at1r_0479	LPL,SNX12,SRSF2,WDR83OS,CYBA,ACTB,ELOVL4,PRIM2,IL10RA,GBP5,SPARCL1		0.2940691158156912
null_at1r_0480	LPL,ARRDC1,SRSF2,WDR83OS,CYBA,ACTB,NPR2,ZNF274,ZNF23,ENSG00000242539,SPARCL1		0.2940691158156912
null_at1r_0481	LPL,PI15,SRSF2,WDR83OS,CYBA,ACTB,EOGT-DT,BTBD3,PPL,CSMD3,SPARCL1		0.2940691158156912
null_at1r_0482	LPL,PI15,SRSF2,WDR83OS,CYBA,ACTB,KMT5C,BTBD3,ENPP5,ENSG00000242539,SPARCL1		0.2940691158156912
null_at1r_0483	LPL,SNX12,SPATS2L,WDR83OS,CYBA,ACTB,EOGT-DT,ZNF274,EDARADD,CMC4,SPARCL1		0.2940691158156912
null_at1r_0484	LPL,RBM14,SPATS2L,WDR83OS,CYBA,ACTB,KMT5C,PRIM2,EDARADD,TMEFF2,SPARCL1		0.2940691158156912
null_at1r_0485	LPL,RBM14,SPATS2L,WDR83OS,CYBA,ACTB,GON7,ZNF274,ENSG00000274092,WNT2,SPARCL1		0.2940691158156912
null_at1r_0486	LPL,DMRT2,SPATS2L,WDR83OS,CYBA,ACTB,ELOVL4,PRIM2,LINC00663,STEAP1B-AS1,SPARCL1		0.2940691158156912
null_at1r_0487	LPL,COQ5,SRSF2,WDR83OS,CYBA,ACTB,EPDR1,BTBD3,ENSG00000141979,SOX5-AS1,SPARCL1		0.2940691158156912
null_at1r_0488	LPL,PDE12,SRSF2,WDR83OS,CYBA,ACTB,KMT5C,PRIM2,SGPP2,MIR9-1HG,SPARCL1		0.2940691158156912
null_at1r_0489	LPL,ARRDC1,SRSF2,WDR83OS,CYBA,ACTB,NPR2,BTBD3,ENSG00000260851,DENND3-AS1,SPARCL1		0.2940691158156912
null_at1r_0490	LPL,COQ5,SRSF2,WDR83OS,CYBA,ACTB,KMT5C,ZNF274,SEMA5B,CFHR2,SPARCL1		0.2940691158156912
null_at1r_0491	LPL,DMRT2,SPATS2L,WDR83OS,CYBA,ACTB,GON7,ZNF274,ENSG00000280241,STEAP1B-AS1,SPARCL1		0.2940691158156912
null_at1r_0492	LPL,RNASE1,SPATS2L,WDR83OS,CYBA,ACTB,EPDR1,PRIM2,EDARADD,MYZAP,SPARCL1		0.2940691158156912
null_at1r_0493	LPL,RNASE1,SPATS2L,WDR83OS,CYBA,ACTB,ADCYAP1R1,PRIM2,TNFSF4,CPB2,SPARCL1		0.2940691158156912
null_at1r_0494	LPL,SNX12,SPATS2L,WDR83OS,CYBA,ACTB,ELOVL4,ZNF274,MAGEE1,PLAC1,SPARCL1		0.2940691158156912
null_at1r_0495	LPL,SNX12,SRSF2,WDR83OS,CYBA,ACTB,PRC1,PRIM2,MAGEE1,SMIM11,SPARCL1		0.2940691158156912
null_at1r_0496	LPL,ARRDC1,SRSF2,WDR83OS,CYBA,ACTB,GON7,ZNF274,CFAP45,ENSG00000271978,SPARCL1		0.2940691158156912
null_at1r_0497	LPL,PDE12,SRSF2,WDR83OS,CYBA,ACTB,ELOVL4,ZNF274,SARDH,ENSG00000266385,SPARCL1		0.2940691158156912
null_at1r_0498	LPL,RBM14,SPATS2L,WDR83OS,CYBA,ACTB,ADCYAP1R1,PRIM2,EPS8L2,RHEBL1,SPARCL1		0.2940691158156912
null_at1r_0499	LPL,RNASE1,SRSF2,WDR83OS,CYBA,ACTB,KMT5C,ZNF274,TNFSF4,RPS21-DT,SPARCL1		0.2940691158156912
null_at1r_0500	LPL,ARRDC1,SPATS2L,WDR83OS,CYBA,ACTB,GON7,PRIM2,MAGEE1,MORF4L1P1,SPARCL1		0.2940691158156912
null_at1r_0501	LPL,SNX12,SRSF2,WDR83OS,CYBA,ACTB,NPR2,ZNF274,ENSG00000218426,ENSG00000255467,SPARCL1		0.2940691158156912
null_at1r_0502	LPL,PI15,SRSF2,WDR83OS,CYBA,ACTB,EPDR1,BTBD3,SGPP2,IL4I1,SPARCL1		0.2940691158156912
null_at1r_0503	LPL,PI15,SPATS2L,WDR83OS,CYBA,ACTB,ELOVL4,BTBD3,EDARADD,TENT5B,SPARCL1		0.2940691158156912
null_at1r_0504	LPL,RNASE1,SPATS2L,WDR83OS,CYBA,ACTB,EOGT-DT,BTBD3,GRID2,ENSG00000266385,SPARCL1		0.2940691158156912
null_at1r_0505	LPL,RBM14,SRSF2,WDR83OS,CYBA,ACTB,ADCYAP1R1,BTBD3,LCA5L,ENSG00000264281,SPARCL1		0.2940691158156912
null_at1r_0506	LPL,PI15,SPATS2L,WDR83OS,CYBA,ACTB,EOGT-DT,BTBD3,SEMA5B,LINC01230,SPARCL1		0.2940691158156912
null_at1r_0507	LPL,PDE12,SPATS2L,WDR83OS,CYBA,ACTB,EPDR1,ZNF274,DAPL1,PHLDA1-AS1,SPARCL1		0.2940691158156912
null_at1r_0508	LPL,SNX12,SPATS2L,WDR83OS,CYBA,ACTB,KMT5C,PRIM2,CEP85,SNHG17,SPARCL1		0.2940691158156912
null_at1r_0509	LPL,RBM14,SRSF2,WDR83OS,CYBA,ACTB,ELOVL4,ZNF274,KATNAL2,ARHGAP44-AS1,SPARCL1		0.2940691158156912
null_at1r_0510	LPL,PI15,SPATS2L,WDR83OS,CYBA,ACTB,EPDR1,PRIM2,RGS22,REC114,SPARCL1		0.2940691158156912
null_at1r_0511	LPL,DMRT2,SPATS2L,WDR83OS,CYBA,ACTB,NPR2,PRIM2,ABCC3,PRB2,SPARCL1		0.2940691158156912
null_at1r_0512	LPL,RNASE1,SRSF2,WDR83OS,CYBA,ACTB,PRC1,ZNF274,RGS22,ENSG00000266385,SPARCL1		0.2940691158156912
null_at1r_0513	LPL,DMRT2,SRSF2,WDR83OS,CYBA,ACTB,ADCYAP1R1,ZNF274,LINC00240,ARHGDIG,SPARCL1		0.2940691158156912
null_at1r_0514	LPL,ARRDC1,SPATS2L,WDR83OS,CYBA,ACTB,EOGT-DT,ZNF274,EPHB1,FOSL2-AS1,SPARCL1		0.2940691158156912
null_at1r_0515	LPL,SNX12,SPATS2L,WDR83OS,CYBA,ACTB,PRC1,PRIM2,ENSG00000141979,ENSG00000264739,SPARCL1		0.2940691158156912
null_at1r_0516	LPL,COQ5,SPATS2L,WDR83OS,CYBA,ACTB,NPR2,PRIM2,CEP85,GNG4,SPARCL1		0.2940691158156912
null_at1r_0517	LPL,COQ5,SPATS2L,WDR83OS,CYBA,ACTB,KMT5C,PRIM2,SORCS1,SCN8A,SPARCL1		0.2940691158156912
null_at1r_0518	LPL,ARRDC1,SRSF2,WDR83OS,CYBA,ACTB,EOGT-DT,PRIM2,KATNAL2,MSLN,SPARCL1		0.2940691158156912
null_at1r_0519	LPL,RBM14,SPATS2L,WDR83OS,CYBA,ACTB,EPDR1,ZNF274,ENSG00000141979,RNF213-AS1,SPARCL1		0.2940691158156912
null_at1r_0520	LPL,PDE12,SRSF2,WDR83OS,CYBA,ACTB,PRC1,ZNF274,PRKAG2-AS1,SASH3,SPARCL1		0.2940691158156912
null_at1r_0521	LPL,RNASE1,SRSF2,WDR83OS,CYBA,ACTB,EPDR1,BTBD3,TMEM178A,TENT5B,SPARCL1		0.2940691158156912
null_at1r_0522	LPL,RBM14,SPATS2L,WDR83OS,CYBA,ACTB,ELOVL4,ZNF274,ELAPOR1,STAC3,SPARCL1		0.2940691158156912
null_at1r_0523	LPL,PDE12,SPATS2L,WDR83OS,CYBA,ACTB,EPDR1,PRIM2,DAPL1,ENSG00000275665,SPARCL1		0.2940691158156912
null_at1r_0524	LPL,COQ5,SPATS2L,WDR83OS,CYBA,ACTB,KMT5C,PRIM2,ENSG00000274092,SOX5-AS1,SPARCL1		0.2940691158156912
null_at1r_0525	LPL,ZDHHC9,SPATS2L,WDR83OS,CYBA,ACTB,PRC1,PRIM2,ABCC3,GNG4,SPARCL1		0.2940691158156912
null_at1r_0526	LPL,RNASE1,SRSF2,WDR83OS,CYBA,ACTB,EPDR1,ZNF274,SORCS1,PRKCH-AS1,SPARCL1		0.2940691158156912
null_at1r_0527	LPL,RBM14,SPATS2L,WDR83OS,CYBA,ACTB,ELOVL4,ZNF274,ENSG00000263335,SASH3,SPARCL1		0.2940691158156912
null_at1r_0528	LPL,SNX12,SRSF2,WDR83OS,CYBA,ACTB,ADCYAP1R1,ZNF274,ENSG00000240499,TRIM39-RPP21,SPARCL1		0.2940691158156912
null_at1r_0529	LPL,ARRDC1,SRSF2,WDR83OS,CYBA,ACTB,ELOVL4,PRIM2,SLC51A,PRSS23-AS1,SPARCL1		0.2940691158156912
null_at1r_0530	LPL,RBM14,SPATS2L,WDR83OS,CYBA,ACTB,PRC1,PRIM2,TIGD2,WNT2,SPARCL1		0.2940691158156912
null_at1r_0531	LPL,PDE12,SPATS2L,WDR83OS,CYBA,ACTB,KMT5C,BTBD3,CFAP45,RHEBL1,SPARCL1		0.2940691158156912
null_at1r_0532	LPL,COQ5,SPATS2L,WDR83OS,CYBA,ACTB,EOGT-DT,ZNF274,LINC02210-CRHR1,RPS3AP5,SPARCL1		0.2940691158156912
null_at1r_0533	LPL,SNX12,SPATS2L,WDR83OS,CYBA,ACTB,EPDR1,PRIM2,ELAPOR1,PRDM8,SPARCL1		0.2940691158156912
null_at1r_0534	LPL,SNX12,SRSF2,WDR83OS,CYBA,ACTB,KMT5C,BTBD3,MAGEE1,ENSG00000264739,SPARCL1		0.2940691158156912
null_at1r_0535	LPL,SNX12,SPATS2L,WDR83OS,CYBA,ACTB,GON7,BTBD3,SPIRE2,FGD2,SPARCL1		0.2940691158156912
null_at1r_0536	LPL,DMRT2,SPATS2L,WDR83OS,CYBA,ACTB,ADCYAP1R1,ZNF274,TPSAB1,PLAC1,SPARCL1		0.2940691158156912
null_at1r_0537	LPL,PDE12,SRSF2,WDR83OS,CYBA,ACTB,EOGT-DT,PRIM2,EPHB1,REC114,SPARCL1		0.2940691158156912
null_at1r_0538	LPL,PDE12,SRSF2,WDR83OS,CYBA,ACTB,EPDR1,PRIM2,ALDH5A1,LINC01678,SPARCL1		0.2940691158156912
null_at1r_0539	LPL,COQ5,SPATS2L,WDR83OS,CYBA,ACTB,KMT5C,BTBD3,ELAPOR1,FPR2,SPARCL1		0.2940691158156912
null_at1r_0540	LPL,RNASE1,SRSF2,WDR83OS,CYBA,ACTB,GON7,PRIM2,LINC00663,PRB2,SPARCL1		0.2940691158156912
null_at1r_0541	LPL,RNASE1,SRSF2,WDR83OS,CYBA,ACTB,PRC1,PRIM2,ENSG00000274092,ZMYND10,SPARCL1		0.2940691158156912
null_at1r_0542	LPL,COQ5,SPATS2L,WDR83OS,CYBA,ACTB,PRC1,PRIM2,BIN2,ENSG00000271553,SPARCL1		0.2940691158156912
null_at1r_0543	LPL,DMRT2,SRSF2,WDR83OS,CYBA,ACTB,PRC1,PRIM2,ZNF23,PRKCH-AS1,SPARCL1		0.2940691158156912
null_at1r_0544	LPL,ARRDC1,SRSF2,WDR83OS,CYBA,ACTB,EOGT-DT,PRIM2,DAPL1,KCNAB3,SPARCL1		0.2940691158156912
null_at1r_0545	LPL,COQ5,SRSF2,WDR83OS,CYBA,ACTB,ADCYAP1R1,BTBD3,SORCS1,LINC01678,SPARCL1		0.2940691158156912
null_at1r_0546	LPL,ZDHHC9,SPATS2L,WDR83OS,CYBA,ACTB,GON7,ZNF274,CEP85,RHEBL1,SPARCL1		0.2940691158156912
null_at1r_0547	LPL,COQ5,SPATS2L,WDR83OS,CYBA,ACTB,GON7,PRIM2,TIGD2,FPR2,SPARCL1		0.2940691158156912
null_at1r_0548	LPL,ARRDC1,SRSF2,WDR83OS,CYBA,ACTB,GON7,PRIM2,ENSG00000260851,WASF3-AS1,SPARCL1		0.2940691158156912
null_at1r_0549	LPL,RNASE1,SRSF2,WDR83OS,CYBA,ACTB,NPR2,ZNF274,TPSAB1,PRDM8,SPARCL1		0.2940691158156912
null_at1r_0550	LPL,PDE12,SRSF2,WDR83OS,CYBA,ACTB,PRC1,ZNF274,SPIRE2,ENSG00000267039,SPARCL1		0.2940691158156912
null_at1r_0551	LPL,PI15,SRSF2,WDR83OS,CYBA,ACTB,ELOVL4,ZNF274,SORCS1,FMNL1-DT,SPARCL1		0.2940691158156912
null_at1r_0552	LPL,DMRT2,SPATS2L,WDR83OS,CYBA,ACTB,ADCYAP1R1,BTBD3,ENSG00000260851,COL9A2,SPARCL1		0.2940691158156912
null_at1r_0553	LPL,RBM14,SRSF2,WDR83OS,CYBA,ACTB,EOGT-DT,ZNF274,NUSAP1,SYNM-AS1,SPARCL1		0.2940691158156912
null_at1r_0554	LPL,COQ5,SRSF2,WDR83OS,CYBA,ACTB,GON7,BTBD3,LINC00240,SNHG17,SPARCL1		0.2940691158156912
null_at1r_0555	LPL,PI15,SRSF2,WDR83OS,CYBA,ACTB,NPR2,ZNF274,TNFSF9,MYZAP,SPARCL1		0.2940691158156912
null_at1r_0556	LPL,ARRDC1,SRSF2,WDR83OS,CYBA,ACTB,GON7,BTBD3,EPHB1,ZMYND10,SPARCL1		0.2940691158156912
null_at1r_0557	LPL,SNX12,SRSF2,WDR83OS,CYBA,ACTB,KMT5C,BTBD3,RGS22,PRDM8,SPARCL1		0.2940691158156912
null_at1r_0558	LPL,DMRT2,SRSF2,WDR83OS,CYBA,ACTB,KMT5C,PRIM2,CFAP45,LINC00997,SPARCL1		0.2940691158156912
null_at1r_0559	LPL,ARRDC1,SRSF2,WDR83OS,CYBA,ACTB,NPR2,ZNF274,ELAPOR1,CCDC73,SPARCL1		0.2940691158156912
null_at1r_0560	LPL,ARRDC1,SRSF2,WDR83OS,CYBA,ACTB,PRC1,PRIM2,TMEM178A,WASF3-AS1,SPARCL1		0.2940691158156912
null_at1r_0561	LPL,RNASE1,SRSF2,WDR83OS,CYBA,ACTB,PRC1,ZNF274,TNFSF9,IL4I1,SPARCL1		0.2940691158156912
null_at1r_0562	LPL,PI15,SPATS2L,WDR83OS,CYBA,ACTB,KMT5C,PRIM2,TNFSF4,FGD2,SPARCL1		0.2940691158156912
null_at1r_0563	LPL,DMRT2,SPATS2L,WDR83OS,CYBA,ACTB,EOGT-DT,PRIM2,ENSG00000263335,MT-TC,SPARCL1		0.2940691158156912
null_at1r_0564	LPL,PI15,SPATS2L,WDR83OS,CYBA,ACTB,KMT5C,BTBD3,TMEM178A,PRDM8,SPARCL1		0.2940691158156912
null_at1r_0565	LPL,ARRDC1,SPATS2L,WDR83OS,CYBA,ACTB,EOGT-DT,PRIM2,MAGEE1,SMARCA5-AS1,SPARCL1		0.2940691158156912
null_at1r_0566	LPL,PI15,SPATS2L,WDR83OS,CYBA,ACTB,KMT5C,ZNF274,DAPL1,ENSG00000255520,SPARCL1		0.2940691158156912
null_at1r_0567	LPL,RNASE1,SRSF2,WDR83OS,CYBA,ACTB,EPDR1,PRIM2,LINC00240,SOX5-AS1,SPARCL1		0.2940691158156912
null_at1r_0568	LPL,ARRDC1,SPATS2L,WDR83OS,CYBA,ACTB,PRC1,ZNF274,NPM2,ENSG00000271978,SPARCL1		0.2940691158156912
null_at1r_0569	LPL,SNX12,SRSF2,WDR83OS,CYBA,ACTB,EOGT-DT,PRIM2,DAPL1,ARHGDIG,SPARCL1		0.2940691158156912
null_at1r_0570	LPL,SNX12,SPATS2L,WDR83OS,CYBA,ACTB,EPDR1,BTBD3,ENPP5,C6orf132,SPARCL1		0.2940691158156912
null_at1r_0571	LPL,RBM14,SPATS2L,WDR83OS,CYBA,ACTB,EPDR1,PRIM2,LINC00663,TMEM102,SPARCL1		0.2940691158156912
null_at1r_0572	LPL,PI15,SRSF2,WDR83OS,CYBA,ACTB,GON7,PRIM2,IL10RA,TRIM39-RPP21,SPARCL1		0.2940691158156912
null_at1r_0573	LPL,PI15,SRSF2,WDR83OS,CYBA,ACTB,KMT5C,BTBD3,GRID2,PNMA8B,SPARCL1		0.2940691158156912
null_at1r_0574	LPL,RBM14,SPATS2L,WDR83OS,CYBA,ACTB,ELOVL4,BTBD3,TIGD2,IGSF1,SPARCL1		0.2940691158156912
null_at1r_0575	LPL,RBM14,SPATS2L,WDR83OS,CYBA,ACTB,EPDR1,ZNF274,SARDH,REC114,SPARCL1		0.2940691158156912
null_at1r_0576	LPL,ZDHHC9,SPATS2L,WDR83OS,CYBA,ACTB,ADCYAP1R1,ZNF274,SEMA5B,LINC01678,SPARCL1		0.2940691158156912
null_at1r_0577	LPL,ZDHHC9,SPATS2L,WDR83OS,CYBA,ACTB,GON7,PRIM2,TIGD2,RHEBL1,SPARCL1		0.2940691158156912
null_at1r_0578	LPL,ZDHHC9,SPATS2L,WDR83OS,CYBA,ACTB,NPR2,PRIM2,SLC51A,IL4I1,SPARCL1		0.2940691158156912
null_at1r_0579	LPL,PDE12,SRSF2,WDR83OS,CYBA,ACTB,GON7,PRIM2,ELAPOR1,ENSG00000264739,SPARCL1		0.2940691158156912
null_at1r_0580	LPL,ZDHHC9,SRSF2,WDR83OS,CYBA,ACTB,ELOVL4,BTBD3,EPHB1,ENSG00000242539,SPARCL1		0.2940691158156912
null_at1r_0581	LPL,RBM14,SRSF2,WDR83OS,CYBA,ACTB,ADCYAP1R1,BTBD3,SAMD11,ENSG00000257663,SPARCL1		0.2940691158156912
null_at1r_0582	LPL,COQ5,SRSF2,WDR83OS,CYBA,ACTB,EOGT-DT,PRIM2,ALDH5A1,SPDYE2B,SPARCL1		0.2940691158156912
null_at1r_0583	LPL,RNASE1,SPATS2L,WDR83OS,CYBA,ACTB,ADCYAP1R1,PRIM2,GRID2,ENSG00000271553,SPARCL1		0.2940691158156912
null_at1r_0584	LPL,ARRDC1,SPATS2L,WDR83OS,CYBA,ACTB,NPR2,ZNF274,ENSG00000271254,NDUFB4P12,SPARCL1		0.2940691158156912
null_at1r_0585	LPL,RNASE1,SPATS2L,WDR83OS,CYBA,ACTB,KMT5C,ZNF274,MAGEE1,SPDYE2B,SPARCL1		0.2940691158156912
null_at1r_0586	LPL,RNASE1,SRSF2,WDR83OS,CYBA,ACTB,EOGT-DT,PRIM2,SARDH,TRIM39-RPP21,SPARCL1		0.2940691158156912
null_at1r_0587	LPL,PDE12,SRSF2,WDR83OS,CYBA,ACTB,KMT5C,PRIM2,ENSG00000274092,PLAC1,SPARCL1		0.2940691158156912
null_at1r_0588	LPL,DMRT2,SPATS2L,WDR83OS,CYBA,ACTB,EOGT-DT,BTBD3,SEMA5B,HIPK1-AS1,SPARCL1		0.2940691158156912
null_at1r_0589	LPL,COQ5,SRSF2,WDR83OS,CYBA,ACTB,ADCYAP1R1,BTBD3,EPS8L2,ENSG00000257663,SPARCL1		0.2940691158156912
null_at1r_0590	LPL,DMRT2,SPATS2L,WDR83OS,CYBA,ACTB,KMT5C,ZNF274,ENSG00000263335,ENSG00000264281,SPARCL1		0.2940691158156912
null_at1r_0591	LPL,RBM14,SRSF2,WDR83OS,CYBA,ACTB,KMT5C,ZNF274,CFAP45,ENSG00000267039,SPARCL1		0.2940691158156912
null_at1r_0592	LPL,PI15,SPATS2L,WDR83OS,CYBA,ACTB,EPDR1,ZNF274,MELTF-AS1,PNMA8B,SPARCL1		0.2940691158156912
null_at1r_0593	LPL,PI15,SPATS2L,WDR83OS,CYBA,ACTB,NPR2,BTBD3,ENSG00000240499,DENND3-AS1,SPARCL1		0.2940691158156912
null_at1r_0594	LPL,COQ5,SPATS2L,WDR83OS,CYBA,ACTB,GON7,ZNF274,TNFSF4,SNHG17,SPARCL1		0.2940691158156912
null_at1r_0595	LPL,COQ5,SRSF2,WDR83OS,CYBA,ACTB,ADCYAP1R1,BTBD3,LINC00663,HDAC2-AS2,SPARCL1		0.2940691158156912
null_at1r_0596	LPL,DMRT2,SPATS2L,WDR83OS,CYBA,ACTB,ELOVL4,ZNF274,PWP2,C6orf132,SPARCL1		0.2940691158156912
null_at1r_0597	LPL,DMRT2,SPATS2L,WDR83OS,CYBA,ACTB,NPR2,PRIM2,LINC00240,PHLDA1-AS1,SPARCL1		0.2940691158156912
null_at1r_0598	LPL,RNASE1,SPATS2L,WDR83OS,CYBA,ACTB,EPDR1,ZNF274,SORCS1,CPB2,SPARCL1		0.2940691158156912
null_at1r_0599	LPL,ARRDC1,SRSF2,WDR83OS,CYBA,ACTB,NPR2,ZNF274,ASPHD1,DNAH10,SPARCL1		0.2940691158156912
null_at1r_0600	LPL,RNASE1,SPATS2L,WDR83OS,CYBA,ACTB,EPDR1,ZNF274,TNFSF4,TENT5B,SPARCL1		0.2940691158156912
null_at1r_0601	LPL,PI15,SRSF2,WDR83OS,CYBA,ACTB,GON7,PRIM2,EGFEM1P,LINC01348,SPARCL1		0.2940691158156912
null_at1r_0602	LPL,SNX12,SRSF2,WDR83OS,CYBA,ACTB,GON7,ZNF274,ENSG00000240499,LINC01348,SPARCL1		0.2940691158156912
null_at1r_0603	LPL,ARRDC1,SPATS2L,WDR83OS,CYBA,ACTB,PRC1,BTBD3,TMEM178A,SLC9A3,SPARCL1		0.2940691158156912
null_at1r_0604	LPL,PI15,SRSF2,WDR83OS,CYBA,ACTB,ELOVL4,BTBD3,RGS22,ENSG00000255520,SPARCL1		0.2940691158156912
null_at1r_0605	LPL,ARRDC1,SPATS2L,WDR83OS,CYBA,ACTB,KMT5C,ZNF274,ALG1L11P,HIPK1-AS1,SPARCL1		0.2940691158156912
null_at1r_0606	LPL,RNASE1,SPATS2L,WDR83OS,CYBA,ACTB,EPDR1,BTBD3,CHRNE,ENSG00000266385,SPARCL1		0.2940691158156912
null_at1r_0607	LPL,DMRT2,SPATS2L,WDR83OS,CYBA,ACTB,ELOVL4,BTBD3,TNFSF9,SMARCA5-AS1,SPARCL1		0.2940691158156912
null_at1r_0608	LPL,ZDHHC9,SPATS2L,WDR83OS,CYBA,ACTB,ADCYAP1R1,BTBD3,CCK,SYNM-AS1,SPARCL1		0.2940691158156912
null_at1r_0609	LPL,SNX12,SPATS2L,WDR83OS,CYBA,ACTB,NPR2,PRIM2,EPHB1,ENSG00000271949,SPARCL1		0.2940691158156912
null_at1r_0610	LPL,PI15,SPATS2L,WDR83OS,CYBA,ACTB,ELOVL4,PRIM2,EPHB1,PHLDA1-AS1,SPARCL1		0.2940691158156912
null_at1r_0611	LPL,SNX12,SRSF2,WDR83OS,CYBA,ACTB,ELOVL4,ZNF274,LINC02210-CRHR1,IL4I1,SPARCL1		0.2940691158156912
null_at1r_0612	LPL,PDE12,SPATS2L,WDR83OS,CYBA,ACTB,ADCYAP1R1,PRIM2,ENSG00000141979,ENSG00000266385,SPARCL1		0.2940691158156912
null_at1r_0613	LPL,RBM14,SPATS2L,WDR83OS,CYBA,ACTB,ELOVL4,PRIM2,ELAPOR1,SMARCA5-AS1,SPARCL1		0.2940691158156912
null_at1r_0614	LPL,RNASE1,SPATS2L,WDR83OS,CYBA,ACTB,EPDR1,PRIM2,CEP85,KCNAB3,SPARCL1		0.2940691158156912
null_at1r_0615	LPL,SNX12,SRSF2,WDR83OS,CYBA,ACTB,KMT5C,PRIM2,SGPP2,LGALS2,SPARCL1		0.2940691158156912
null_at1r_0616	LPL,RBM14,SPATS2L,WDR83OS,CYBA,ACTB,ADCYAP1R1,ZNF274,ENSG00000271254,ENSG00000267251,SPARCL1		0.2940691158156912
null_at1r_0617	LPL,DMRT2,SPATS2L,WDR83OS,CYBA,ACTB,ADCYAP1R1,BTBD3,BIN2,SMARCA5-AS1,SPARCL1		0.2940691158156912
null_at1r_0618	LPL,COQ5,SRSF2,WDR83OS,CYBA,ACTB,ADCYAP1R1,ZNF274,ALG1L11P,HIPK1-AS1,SPARCL1		0.2940691158156912
null_at1r_0619	LPL,DMRT2,SRSF2,WDR83OS,CYBA,ACTB,ELOVL4,BTBD3,MELTF-AS1,FPR2,SPARCL1		0.2940691158156912
null_at1r_0620	LPL,PDE12,SPATS2L,WDR83OS,CYBA,ACTB,EOGT-DT,ZNF274,EDARADD,ENSG00000271949,SPARCL1		0.2940691158156912
null_at1r_0621	LPL,COQ5,SPATS2L,WDR83OS,CYBA,ACTB,EPDR1,PRIM2,PPL,LINC01678,SPARCL1		0.2940691158156912
null_at1r_0622	LPL,ARRDC1,SPATS2L,WDR83OS,CYBA,ACTB,KMT5C,BTBD3,BIN2,ENSG00000264739,SPARCL1		0.2940691158156912
null_at1r_0623	LPL,ARRDC1,SPATS2L,WDR83OS,CYBA,ACTB,ELOVL4,BTBD3,SORCS1,SNHG17,SPARCL1		0.2940691158156912
null_at1r_0624	LPL,DMRT2,SPATS2L,WDR83OS,CYBA,ACTB,KMT5C,ZNF274,SLC51A,ARHGEF39,SPARCL1		0.2940691158156912
null_at1r_0625	LPL,RNASE1,SPATS2L,WDR83OS,CYBA,ACTB,ELOVL4,PRIM2,ENSG00000271254,PRDM8,SPARCL1		0.2940691158156912
null_at1r_0626	LPL,DMRT2,SPATS2L,WDR83OS,CYBA,ACTB,PRC1,ZNF274,ENPP5,ENSG00000266385,SPARCL1		0.2940691158156912
null_at1r_0627	LPL,COQ5,SRSF2,WDR83OS,CYBA,ACTB,EPDR1,BTBD3,PPL,SMARCA5-AS1,SPARCL1		0.2940691158156912
null_at1r_0628	LPL,ZDHHC9,SPATS2L,WDR83OS,CYBA,ACTB,PRC1,PRIM2,ALDH5A1,PNMA8B,SPARCL1		0.2940691158156912
null_at1r_0629	LPL,PI15,SRSF2,WDR83OS,CYBA,ACTB,GON7,PRIM2,SPIRE2,CFHR2,SPARCL1		0.2940691158156912
null_at1r_0630	LPL,DMRT2,SPATS2L,WDR83OS,CYBA,ACTB,ADCYAP1R1,BTBD3,VTN,TRIM39-RPP21,SPARCL1		0.2940691158156912
null_at1r_0631	LPL,SNX12,SRSF2,WDR83OS,CYBA,ACTB,ELOVL4,ZNF274,KATNAL2,ENSG00000267251,SPARCL1		0.2940691158156912
null_at1r_0632	LPL,DMRT2,SPATS2L,WDR83OS,CYBA,ACTB,ELOVL4,BTBD3,RGS22,LINC01678,SPARCL1		0.2940691158156912
null_at1r_0633	LPL,DMRT2,SRSF2,WDR83OS,CYBA,ACTB,GON7,ZNF274,ALG1L11P,ARHGEF39,SPARCL1		0.2940691158156912
null_at1r_0634	LPL,RNASE1,SPATS2L,WDR83OS,CYBA,ACTB,GON7,ZNF274,ABCC3,SLC9A3,SPARCL1		0.2940691158156912
null_at1r_0635	LPL,COQ5,SRSF2,WDR83OS,CYBA,ACTB,KMT5C,PRIM2,ZNF23,ZMYND10,SPARCL1		0.2940691158156912
null_at1r_0636	LPL,SNX12,SPATS2L,WDR83OS,CYBA,ACTB,EOGT-DT,PRIM2,ENSG00000263335,SCN8A,SPARCL1		0.2940691158156912
null_at1r_0637	LPL,PI15,SRSF2,WDR83OS,CYBA,ACTB,KMT5C,BTBD3,LINC00663,H3P16,SPARCL1		0.2940691158156912
null_at1r_0638	LPL,PI15,SPATS2L,WDR83OS,CYBA,ACTB,GON7,BTBD3,MAGEE1,ARHGEF39,SPARCL1		0.2940691158156912
null_at1r_0639	LPL,PDE12,SPATS2L,WDR83OS,CYBA,ACTB,ADCYAP1R1,PRIM2,SEMA5B,TRIM39-RPP21,SPARCL1		0.2940691158156912
null_at1r_0640	LPL,ARRDC1,SRSF2,WDR83OS,CYBA,ACTB,KMT5C,BTBD3,TPSAB1,SLC9A3,SPARCL1		0.2940691158156912
null_at1r_0641	LPL,DMRT2,SPATS2L,WDR83OS,CYBA,ACTB,EPDR1,ZNF274,ENSG00000250764,FGD2,SPARCL1		0.2940691158156912
null_at1r_0642	LPL,SNX12,SRSF2,WDR83OS,CYBA,ACTB,NPR2,ZNF274,GRID2,LGALS2,SPARCL1		0.2940691158156912
null_at1r_0643	LPL,COQ5,SPATS2L,WDR83OS,CYBA,ACTB,NPR2,ZNF274,SAMD11,PRSS23-AS1,SPARCL1		0.2940691158156912
null_at1r_0644	LPL,ZDHHC9,SPATS2L,WDR83OS,CYBA,ACTB,ADCYAP1R1,BTBD3,ZNF23,TNNT2,SPARCL1		0.2940691158156912
null_at1r_0645	LPL,RNASE1,SRSF2,WDR83OS,CYBA,ACTB,EPDR1,PRIM2,TNFSF9,ADCY10,SPARCL1		0.2940691158156912
null_at1r_0646	LPL,COQ5,SPATS2L,WDR83OS,CYBA,ACTB,GON7,BTBD3,EPHB1,CFHR2,SPARCL1		0.2940691158156912
null_at1r_0647	LPL,ARRDC1,SRSF2,WDR83OS,CYBA,ACTB,KMT5C,ZNF274,ENSG00000250764,HDAC2-AS2,SPARCL1		0.2940691158156912
null_at1r_0648	LPL,RNASE1,SPATS2L,WDR83OS,CYBA,ACTB,ADCYAP1R1,BTBD3,TPSAB1,ENSG00000264281,SPARCL1		0.2940691158156912
null_at1r_0649	LPL,PDE12,SPATS2L,WDR83OS,CYBA,ACTB,NPR2,ZNF274,EDARADD,LINC00997,SPARCL1		0.2940691158156912
null_at1r_0650	LPL,ZDHHC9,SPATS2L,WDR83OS,CYBA,ACTB,KMT5C,PRIM2,KATNAL2,LINC01348,SPARCL1		0.2940691158156912
null_at1r_0651	LPL,RNASE1,SPATS2L,WDR83OS,CYBA,ACTB,ELOVL4,BTBD3,ENPP5,PLAC1,SPARCL1		0.2940691158156912
null_at1r_0652	LPL,RBM14,SRSF2,WDR83OS,CYBA,ACTB,EPDR1,PRIM2,BMF,FGD2,SPARCL1		0.2940691158156912
null_at1r_0653	LPL,COQ5,SRSF2,WDR83OS,CYBA,ACTB,PRC1,ZNF274,DAPL1,ENSG00000266385,SPARCL1		0.2940691158156912
null_at1r_0654	LPL,DMRT2,SPATS2L,WDR83OS,CYBA,ACTB,PRC1,BTBD3,ZNF367,RHEBL1,SPARCL1		0.2940691158156912
null_at1r_0655	LPL,RBM14,SRSF2,WDR83OS,CYBA,ACTB,ADCYAP1R1,BTBD3,ENSG00000260851,LGALS2,SPARCL1		0.2940691158156912
null_at1r_0656	LPL,RBM14,SRSF2,WDR83OS,CYBA,ACTB,ELOVL4,BTBD3,LINC02210-CRHR1,HIPK1-AS1,SPARCL1		0.2940691158156912
null_at1r_0657	LPL,COQ5,SRSF2,WDR83OS,CYBA,ACTB,ADCYAP1R1,PRIM2,TPSAB1,IGSF1,SPARCL1		0.2940691158156912
null_at1r_0658	LPL,DMRT2,SPATS2L,WDR83OS,CYBA,ACTB,NPR2,ZNF274,BIN2,LINC01678,SPARCL1		0.2940691158156912
null_at1r_0659	LPL,ARRDC1,SPATS2L,WDR83OS,CYBA,ACTB,EPDR1,ZNF274,NUSAP1,ZMYND10,SPARCL1		0.2940691158156912
null_at1r_0660	LPL,PI15,SPATS2L,WDR83OS,CYBA,ACTB,KMT5C,ZNF274,NUSAP1,MSANTD3-TMEFF1,SPARCL1		0.2940691158156912
null_at1r_0661	LPL,RNASE1,SRSF2,WDR83OS,CYBA,ACTB,PRC1,ZNF274,ENSG00000218426,LINC01348,SPARCL1		0.2940691158156912
null_at1r_0662	LPL,PI15,SPATS2L,WDR83OS,CYBA,ACTB,ELOVL4,ZNF274,TPSAB1,ENSG00000266385,SPARCL1		0.2940691158156912
null_at1r_0663	LPL,ARRDC1,SPATS2L,WDR83OS,CYBA,ACTB,GON7,BTBD3,KLF2-DT,ENSG00000257663,SPARCL1		0.2940691158156912
null_at1r_0664	LPL,PDE12,SRSF2,WDR83OS,CYBA,ACTB,GON7,ZNF274,ALDH5A1,AMIGO2,SPARCL1		0.2940691158156912
null_at1r_0665	LPL,PI15,SRSF2,WDR83OS,CYBA,ACTB,KMT5C,PRIM2,ENSG00000271254,ENSG00000267251,SPARCL1		0.2940691158156912
null_at1r_0666	LPL,COQ5,SPATS2L,WDR83OS,CYBA,ACTB,PRC1,ZNF274,BIN2,DHDDS-AS1,SPARCL1		0.2940691158156912
null_at1r_0667	LPL,DMRT2,SRSF2,WDR83OS,CYBA,ACTB,ELOVL4,BTBD3,ENSG00000218426,LGALS2,SPARCL1		0.2940691158156912
null_at1r_0668	LPL,PDE12,SPATS2L,WDR83OS,CYBA,ACTB,PRC1,BTBD3,TEC,PKIA,SPARCL1		0.2940691158156912
null_at1r_0669	LPL,PDE12,SPATS2L,WDR83OS,CYBA,ACTB,KMT5C,PRIM2,ENSG00000250764,KCNAB3,SPARCL1		0.2940691158156912
null_at1r_0670	LPL,RNASE1,SRSF2,WDR83OS,CYBA,ACTB,ADCYAP1R1,BTBD3,CEP85,ENSG00000267892,SPARCL1		0.2940691158156912
null_at1r_0671	LPL,ZDHHC9,SPATS2L,WDR83OS,CYBA,ACTB,GON7,BTBD3,IL10RA,CPB2,SPARCL1		0.2940691158156912
null_at1r_0672	LPL,RNASE1,SPATS2L,WDR83OS,CYBA,ACTB,ADCYAP1R1,BTBD3,BMF,CD300LG,SPARCL1		0.2940691158156912
null_at1r_0673	LPL,DMRT2,SPATS2L,WDR83OS,CYBA,ACTB,EOGT-DT,PRIM2,GRID2,GNG4,SPARCL1		0.2940691158156912
null_at1r_0674	LPL,PI15,SRSF2,WDR83OS,CYBA,ACTB,GON7,BTBD3,PRR11,FGD2,SPARCL1		0.2940691158156912
null_at1r_0675	LPL,RNASE1,SRSF2,WDR83OS,CYBA,ACTB,GON7,PRIM2,ZNF367,H3P16,SPARCL1		0.2940691158156912
null_at1r_0676	LPL,PDE12,SRSF2,WDR83OS,CYBA,ACTB,ELOVL4,ZNF274,ABCC3,KCNAB3,SPARCL1		0.2940691158156912
null_at1r_0677	LPL,SNX12,SPATS2L,WDR83OS,CYBA,ACTB,GON7,ZNF274,TPSAB1,LINC01348,SPARCL1		0.2940691158156912
null_at1r_0678	LPL,ARRDC1,SRSF2,WDR83OS,CYBA,ACTB,PRC1,ZNF274,MELTF-AS1,ENSG00000255520,SPARCL1		0.2940691158156912
null_at1r_0679	LPL,PI15,SPATS2L,WDR83OS,CYBA,ACTB,ADCYAP1R1,PRIM2,BMF,PRSS23-AS1,SPARCL1		0.2940691158156912
null_at1r_0680	LPL,SNX12,SPATS2L,WDR83OS,CYBA,ACTB,EOGT-DT,BTBD3,IL10RA,AMIGO2,SPARCL1		0.2940691158156912
null_at1r_0681	LPL,ZDHHC9,SRSF2,WDR83OS,CYBA,ACTB,GON7,PRIM2,SGPP2,ENSG00000271553,SPARCL1		0.2940691158156912
null_at1r_0682	LPL,COQ5,SRSF2,WDR83OS,CYBA,ACTB,EPDR1,ZNF274,PRR11,RHEBL1,SPARCL1		0.2940691158156912
null_at1r_0683	LPL,SNX12,SRSF2,WDR83OS,CYBA,ACTB,EPDR1,BTBD3,CFAP45,LINC01230,SPARCL1		0.2940691158156912
null_at1r_0684	LPL,SNX12,SRSF2,WDR83OS,CYBA,ACTB,EOGT-DT,BTBD3,ZNF367,MSLN,SPARCL1		0.2940691158156912
null_at1r_0685	LPL,RBM14,SPATS2L,WDR83OS,CYBA,ACTB,KMT5C,BTBD3,LINC00240,LINC01678,SPARCL1		0.2940691158156912
null_at1r_0686	LPL,PI15,SPATS2L,WDR83OS,CYBA,ACTB,EPDR1,ZNF274,CHRNE,SMARCA5-AS1,SPARCL1		0.2940691158156912
null_at1r_0687	LPL,RNASE1,SPATS2L,WDR83OS,CYBA,ACTB,GON7,ZNF274,ALDH5A1,MND1,SPARCL1		0.2940691158156912
null_at1r_0688	LPL,ZDHHC9,SPATS2L,WDR83OS,CYBA,ACTB,ADCYAP1R1,BTBD3,ENSG00000271254,MND1,SPARCL1		0.2940691158156912
null_at1r_0689	LPL,DMRT2,SRSF2,WDR83OS,CYBA,ACTB,KMT5C,ZNF274,TNFSF9,SOX5-AS1,SPARCL1		0.2940691158156912
null_at1r_0690	LPL,SNX12,SRSF2,WDR83OS,CYBA,ACTB,PRC1,BTBD3,ALG1L11P,RPS3AP5,SPARCL1		0.2940691158156912
null_at1r_0691	LPL,RBM14,SRSF2,WDR83OS,CYBA,ACTB,EOGT-DT,BTBD3,ENSG00000263335,SMIM11,SPARCL1		0.2940691158156912
null_at1r_0692	LPL,DMRT2,SPATS2L,WDR83OS,CYBA,ACTB,KMT5C,BTBD3,KATNAL2,SCN8A,SPARCL1		0.2940691158156912
null_at1r_0693	LPL,ARRDC1,SPATS2L,WDR83OS,CYBA,ACTB,ADCYAP1R1,BTBD3,ENSG00000280241,TEKT4P2,SPARCL1		0.2940691158156912
null_at1r_0694	LPL,PDE12,SPATS2L,WDR83OS,CYBA,ACTB,NPR2,PRIM2,ENSG00000141979,MIR9-1HG,SPARCL1		0.2940691158156912
null_at1r_0695	LPL,DMRT2,SPATS2L,WDR83OS,CYBA,ACTB,GON7,PRIM2,ELAPOR1,LGALS2,SPARCL1		0.2940691158156912
null_at1r_0696	LPL,DMRT2,SRSF2,WDR83OS,CYBA,ACTB,PRC1,ZNF274,PRKAG2-AS1,PLAC1,SPARCL1		0.2940691158156912
null_at1r_0697	LPL,ARRDC1,SRSF2,WDR83OS,CYBA,ACTB,EOGT-DT,ZNF274,DAPL1,ENSG00000271949,SPARCL1		0.2940691158156912
null_at1r_0698	LPL,DMRT2,SRSF2,WDR83OS,CYBA,ACTB,ADCYAP1R1,PRIM2,MELTF-AS1,RPS3AP5,SPARCL1		0.2940691158156912
null_at1r_0699	LPL,PI15,SRSF2,WDR83OS,CYBA,ACTB,PRC1,PRIM2,BMF,SMIM11,SPARCL1		0.2940691158156912
null_at1r_0700	LPL,ZDHHC9,SPATS2L,WDR83OS,CYBA,ACTB,ELOVL4,BTBD3,TNFSF4,MSLN,SPARCL1		0.2940691158156912
null_at1r_0701	LPL,SNX12,SPATS2L,WDR83OS,CYBA,ACTB,ELOVL4,ZNF274,SORCS1,MT-TC,SPARCL1		0.2940691158156912
null_at1r_0702	LPL,PI15,SRSF2,WDR83OS,CYBA,ACTB,EOGT-DT,PRIM2,LINC02210-CRHR1,SYNM-AS1,SPARCL1		0.2940691158156912
null_at1r_0703	LPL,ARRDC1,SPATS2L,WDR83OS,CYBA,ACTB,ELOVL4,BTBD3,MELTF-AS1,FGD2,SPARCL1		0.2940691158156912
null_at1r_0704	LPL,PI15,SPATS2L,WDR83OS,CYBA,ACTB,ELOVL4,ZNF274,KATNAL2,RNF213-AS1,SPARCL1		0.2940691158156912
null_at1r_0705	LPL,RNASE1,SPATS2L,WDR83OS,CYBA,ACTB,GON7,ZNF274,TMEM178A,HIPK1-AS1,SPARCL1		0.2940691158156912
null_at1r_0706	LPL,DMRT2,SRSF2,WDR83OS,CYBA,ACTB,ADCYAP1R1,ZNF274,ENPP5,ENSG00000274922,SPARCL1		0.2940691158156912
null_at1r_0707	LPL,RNASE1,SPATS2L,WDR83OS,CYBA,ACTB,NPR2,BTBD3,TNFSF9,STAC3,SPARCL1		0.2940691158156912
null_at1r_0708	LPL,RNASE1,SRSF2,WDR83OS,CYBA,ACTB,EOGT-DT,ZNF274,TNFSF9,ENSG00000242539,SPARCL1		0.2940691158156912
null_at1r_0709	LPL,DMRT2,SPATS2L,WDR83OS,CYBA,ACTB,GON7,ZNF274,SLC51A,ENSG00000255467,SPARCL1		0.2940691158156912
null_at1r_0710	LPL,ZDHHC9,SRSF2,WDR83OS,CYBA,ACTB,GON7,BTBD3,SAMD11,ARHGAP44-AS1,SPARCL1		0.2940691158156912
null_at1r_0711	LPL,PI15,SRSF2,WDR83OS,CYBA,ACTB,GON7,PRIM2,SARDH,PRDM8,SPARCL1		0.2940691158156912
null_at1r_0712	LPL,SNX12,SPATS2L,WDR83OS,CYBA,ACTB,EPDR1,BTBD3,SEMA5B,RPS21-DT,SPARCL1		0.2940691158156912
null_at1r_0713	LPL,DMRT2,SRSF2,WDR83OS,CYBA,ACTB,ADCYAP1R1,ZNF274,MELTF-AS1,ENSG00000257663,SPARCL1		0.2940691158156912
null_at1r_0714	LPL,PDE12,SPATS2L,WDR83OS,CYBA,ACTB,NPR2,PRIM2,LCA5L,IGSF1,SPARCL1		0.2940691158156912
null_at1r_0715	LPL,PI15,SRSF2,WDR83OS,CYBA,ACTB,EOGT-DT,ZNF274,MELTF-AS1,RNF213-AS1,SPARCL1		0.2940691158156912
null_at1r_0716	LPL,ARRDC1,SPATS2L,WDR83OS,CYBA,ACTB,GON7,ZNF274,CCK,NDUFB4P12,SPARCL1		0.2940691158156912
null_at1r_0717	LPL,RBM14,SPATS2L,WDR83OS,CYBA,ACTB,EOGT-DT,PRIM2,EDARADD,H3P16,SPARCL1		0.2940691158156912
null_at1r_0718	LPL,RNASE1,SRSF2,WDR83OS,CYBA,ACTB,KMT5C,BTBD3,EPS8L2,STAC3,SPARCL1		0.2940691158156912
null_at1r_0719	LPL,RNASE1,SRSF2,WDR83OS,CYBA,ACTB,EPDR1,PRIM2,ENSG00000240499,ENSG00000242539,SPARCL1		0.2940691158156912
null_at1r_0720	LPL,ZDHHC9,SPATS2L,WDR83OS,CYBA,ACTB,PRC1,BTBD3,RGS22,RNF213-AS1,SPARCL1		0.2940691158156912
null_at1r_0721	LPL,DMRT2,SPATS2L,WDR83OS,CYBA,ACTB,NPR2,PRIM2,CHRNE,GALNT15,SPARCL1		0.2940691158156912
null_at1r_0722	LPL,PI15,SPATS2L,WDR83OS,CYBA,ACTB,KMT5C,BTBD3,TIGD2,ENSG00000266385,SPARCL1		0.2940691158156912
null_at1r_0723	LPL,ZDHHC9,SRSF2,WDR83OS,CYBA,ACTB,ELOVL4,ZNF274,CCK,HDAC2-AS2,SPARCL1		0.2940691158156912
null_at1r_0724	LPL,COQ5,SRSF2,WDR83OS,CYBA,ACTB,EOGT-DT,PRIM2,ZNF367,SOX5-AS1,SPARCL1		0.2940691158156912
null_at1r_0725	LPL,ZDHHC9,SPATS2L,WDR83OS,CYBA,ACTB,KMT5C,PRIM2,ELAPOR1,SNHG17,SPARCL1		0.2940691158156912
null_at1r_0726	LPL,ZDHHC9,SRSF2,WDR83OS,CYBA,ACTB,EPDR1,BTBD3,TNFSF9,STAC3,SPARCL1		0.2940691158156912
null_at1r_0727	LPL,PDE12,SPATS2L,WDR83OS,CYBA,ACTB,ELOVL4,BTBD3,NUSAP1,SMARCA5-AS1,SPARCL1		0.2940691158156912
null_at1r_0728	LPL,SNX12,SRSF2,WDR83OS,CYBA,ACTB,GON7,ZNF274,DAPL1,PRB2,SPARCL1		0.2940691158156912
null_at1r_0729	LPL,COQ5,SRSF2,WDR83OS,CYBA,ACTB,EOGT-DT,ZNF274,EDARADD,ENSG00000267892,SPARCL1		0.2940691158156912
null_at1r_0730	LPL,ZDHHC9,SRSF2,WDR83OS,CYBA,ACTB,ELOVL4,ZNF274,ASPHD1,TMEFF2,SPARCL1		0.2940691158156912
null_at1r_0731	LPL,PI15,SRSF2,WDR83OS,CYBA,ACTB,ADCYAP1R1,BTBD3,ENSG00000218426,ENSG00000255467,SPARCL1		0.2940691158156912
null_at1r_0732	LPL,COQ5,SPATS2L,WDR83OS,CYBA,ACTB,NPR2,PRIM2,GRID2,MSLN,SPARCL1		0.2940691158156912
null_at1r_0733	LPL,ZDHHC9,SPATS2L,WDR83OS,CYBA,ACTB,EOGT-DT,PRIM2,ENSG00000260851,PRB2,SPARCL1		0.2940691158156912
null_at1r_0734	LPL,DMRT2,SRSF2,WDR83OS,CYBA,ACTB,KMT5C,PRIM2,BIN2,ENSG00000255520,SPARCL1		0.2940691158156912
null_at1r_0735	LPL,RBM14,SRSF2,WDR83OS,CYBA,ACTB,ELOVL4,BTBD3,ENSG00000280241,KCNAB3,SPARCL1		0.2940691158156912
null_at1r_0736	LPL,RBM14,SRSF2,WDR83OS,CYBA,ACTB,EOGT-DT,PRIM2,DAPL1,NDUFB4P12,SPARCL1		0.2940691158156912
null_at1r_0737	LPL,DMRT2,SPATS2L,WDR83OS,CYBA,ACTB,NPR2,PRIM2,SAMD11,FPR2,SPARCL1		0.2940691158156912
null_at1r_0738	LPL,ARRDC1,SRSF2,WDR83OS,CYBA,ACTB,EOGT-DT,ZNF274,CFAP45,ENSG00000266385,SPARCL1		0.2940691158156912
null_at1r_0739	LPL,COQ5,SPATS2L,WDR83OS,CYBA,ACTB,PRC1,ZNF274,CEP85,HDAC2-AS2,SPARCL1		0.2940691158156912
null_at1r_0740	LPL,ARRDC1,SRSF2,WDR83OS,CYBA,ACTB,GON7,BTBD3,LINC00663,REC114,SPARCL1		0.2940691158156912
null_at1r_0741	LPL,COQ5,SRSF2,WDR83OS,CYBA,ACTB,ELOVL4,PRIM2,NUSAP1,TEKT4P2,SPARCL1		0.2940691158156912
null_at1r_0742	LPL,PI15,SPATS2L,WDR83OS,CYBA,ACTB,PRC1,BTBD3,LINC00240,SYNM-AS1,SPARCL1		0.2940691158156912
null_at1r_0743	LPL,COQ5,SRSF2,WDR83OS,CYBA,ACTB,ADCYAP1R1,PRIM2,SEMA5B,TEKT4P2,SPARCL1		0.2940691158156912
null_at1r_0744	LPL,COQ5,SPATS2L,WDR83OS,CYBA,ACTB,GON7,BTBD3,TNFSF9,ENSG00000271978,SPARCL1		0.2940691158156912
null_at1r_0745	LPL,RNASE1,SPATS2L,WDR83OS,CYBA,ACTB,ELOVL4,ZNF274,ENSG00000280241,SPDYE2B,SPARCL1		0.2940691158156912
null_at1r_0746	LPL,DMRT2,SPATS2L,WDR83OS,CYBA,ACTB,EPDR1,PRIM2,TNFSF9,LINC00997,SPARCL1		0.2940691158156912
null_at1r_0747	LPL,PI15,SRSF2,WDR83OS,CYBA,ACTB,NPR2,PRIM2,RGS22,NDUFB4P12,SPARCL1		0.2940691158156912
null_at1r_0748	LPL,SNX12,SRSF2,WDR83OS,CYBA,ACTB,PRC1,BTBD3,CEP85,SOX5-AS1,SPARCL1		0.2940691158156912
null_at1r_0749	LPL,SNX12,SPATS2L,WDR83OS,CYBA,ACTB,ELOVL4,PRIM2,GRID2,CD300LG,SPARCL1		0.2940691158156912
null_at1r_0750	LPL,RBM14,SPATS2L,WDR83OS,CYBA,ACTB,PRC1,BTBD3,CEP85,MT-TC,SPARCL1		0.2940691158156912
null_at1r_0751	LPL,ZDHHC9,SRSF2,WDR83OS,CYBA,ACTB,ADCYAP1R1,BTBD3,LINC00240,ARHGEF39,SPARCL1		0.2940691158156912
null_at1r_0752	LPL,PDE12,SRSF2,WDR83OS,CYBA,ACTB,GON7,ZNF274,ALG1L11P,TRIM39-RPP21,SPARCL1		0.2940691158156912
null_at1r_0753	LPL,ZDHHC9,SPATS2L,WDR83OS,CYBA,ACTB,KMT5C,ZNF274,ENSG00000240499,SPDYE2B,SPARCL1		0.2940691158156912
null_at1r_0754	LPL,COQ5,SRSF2,WDR83OS,CYBA,ACTB,GON7,BTBD3,ZNF367,WNT2,SPARCL1		0.2940691158156912
null_at1r_0755	LPL,SNX12,SRSF2,WDR83OS,CYBA,ACTB,NPR2,BTBD3,LINC00240,SASH3,SPARCL1		0.2940691158156912
null_at1r_0756	LPL,RBM14,SRSF2,WDR83OS,CYBA,ACTB,ADCYAP1R1,BTBD3,EPHB1,ENSG00000271949,SPARCL1		0.2940691158156912
null_at1r_0757	LPL,COQ5,SPATS2L,WDR83OS,CYBA,ACTB,GON7,PRIM2,PRR11,LGALS2,SPARCL1		0.2940691158156912
null_at1r_0758	LPL,DMRT2,SRSF2,WDR83OS,CYBA,ACTB,KMT5C,PRIM2,ENSG00000141979,LINC01348,SPARCL1		0.2940691158156912
null_at1r_0759	LPL,PDE12,SPATS2L,WDR83OS,CYBA,ACTB,EPDR1,PRIM2,ZNF367,LINC01678,SPARCL1		0.2940691158156912
null_at1r_0760	LPL,COQ5,SPATS2L,WDR83OS,CYBA,ACTB,GON7,ZNF274,CFAP45,ARHGDIG,SPARCL1		0.2940691158156912
null_at1r_0761	LPL,ARRDC1,SRSF2,WDR83OS,CYBA,ACTB,ADCYAP1R1,ZNF274,CCK,AMIGO2,SPARCL1		0.2940691158156912
null_at1r_0762	LPL,PDE12,SRSF2,WDR83OS,CYBA,ACTB,KMT5C,PRIM2,RGS22,IL4I1,SPARCL1		0.2940691158156912
null_at1r_0763	LPL,SNX12,SPATS2L,WDR83OS,CYBA,ACTB,ELOVL4,BTBD3,DAPL1,LINC01348,SPARCL1		0.2940691158156912
null_at1r_0764	LPL,ARRDC1,SPATS2L,WDR83OS,CYBA,ACTB,ELOVL4,BTBD3,EGFEM1P,PRKCH-AS1,SPARCL1		0.2940691158156912
null_at1r_0765	LPL,PI15,SRSF2,WDR83OS,CYBA,ACTB,ADCYAP1R1,PRIM2,ENSG00000274092,GBP5,SPARCL1		0.2940691158156912
null_at1r_0766	LPL,SNX12,SPATS2L,WDR83OS,CYBA,ACTB,GON7,PRIM2,ALG1L11P,ZMYND10,SPARCL1		0.2940691158156912
null_at1r_0767	LPL,RNASE1,SPATS2L,WDR83OS,CYBA,ACTB,EOGT-DT,BTBD3,SLC51A,SASH3,SPARCL1		0.2940691158156912
null_at1r_0768	LPL,ZDHHC9,SPATS2L,WDR83OS,CYBA,ACTB,EOGT-DT,PRIM2,TPSAB1,RPS3AP5,SPARCL1		0.2940691158156912
null_at1r_0769	LPL,ARRDC1,SPATS2L,WDR83OS,CYBA,ACTB,EPDR1,BTBD3,ENSG00000274092,LINC01348,SPARCL1		0.2940691158156912
null_at1r_0770	LPL,SNX12,SRSF2,WDR83OS,CYBA,ACTB,KMT5C,PRIM2,ENSG00000263335,IL4I1,SPARCL1		0.2940691158156912
null_at1r_0771	LPL,ZDHHC9,SPATS2L,WDR83OS,CYBA,ACTB,NPR2,BTBD3,ENSG00000274092,WNT2,SPARCL1		0.2940691158156912
null_at1r_0772	LPL,ZDHHC9,SRSF2,WDR83OS,CYBA,ACTB,NPR2,BTBD3,NUSAP1,MT-TC,SPARCL1		0.2940691158156912
null_at1r_0773	LPL,ZDHHC9,SPATS2L,WDR83OS,CYBA,ACTB,KMT5C,PRIM2,RGS22,DENND3-AS1,SPARCL1		0.2940691158156912
null_at1r_0774	LPL,ARRDC1,SPATS2L,WDR83OS,CYBA,ACTB,ELOVL4,ZNF274,ENSG00000271254,TNNT2,SPARCL1		0.2940691158156912
null_at1r_0775	LPL,PDE12,SPATS2L,WDR83OS,CYBA,ACTB,ADCYAP1R1,BTBD3,PRKAG2-AS1,PRKCH-AS1,SPARCL1		0.2940691158156912
null_at1r_0776	LPL,ZDHHC9,SPATS2L,WDR83OS,CYBA,ACTB,ADCYAP1R1,PRIM2,CCK,HIPK1-AS1,SPARCL1		0.2940691158156912
null_at1r_0777	LPL,ZDHHC9,SPATS2L,WDR83OS,CYBA,ACTB,GON7,PRIM2,SORCS1,TMEFF2,SPARCL1		0.2940691158156912
null_at1r_0778	LPL,PDE12,SPATS2L,WDR83OS,CYBA,ACTB,KMT5C,PRIM2,PRKAG2-AS1,MORF4L1P1,SPARCL1		0.2940691158156912
null_at1r_0779	LPL,SNX12,SPATS2L,WDR83OS,CYBA,ACTB,PRC1,ZNF274,SORCS1,RNF213-AS1,SPARCL1		0.2940691158156912
null_at1r_0780	LPL,RNASE1,SPATS2L,WDR83OS,CYBA,ACTB,GON7,ZNF274,TNFSF9,ENSG00000266385,SPARCL1		0.2940691158156912
null_at1r_0781	LPL,ZDHHC9,SPATS2L,WDR83OS,CYBA,ACTB,NPR2,BTBD3,SARDH,FPR2,SPARCL1		0.2940691158156912
null_at1r_0782	LPL,ZDHHC9,SPATS2L,WDR83OS,CYBA,ACTB,NPR2,PRIM2,ENSG00000250764,RHEBL1,SPARCL1		0.2940691158156912
null_at1r_0783	LPL,ARRDC1,SRSF2,WDR83OS,CYBA,ACTB,EPDR1,BTBD3,EPHB1,MT-TC,SPARCL1		0.2940691158156912
null_at1r_0784	LPL,ZDHHC9,SPATS2L,WDR83OS,CYBA,ACTB,PRC1,BTBD3,LINC00240,CFHR2,SPARCL1		0.2940691158156912
null_at1r_0785	LPL,PDE12,SRSF2,WDR83OS,CYBA,ACTB,NPR2,BTBD3,CEP85,TMEM102,SPARCL1		0.2940691158156912
null_at1r_0786	LPL,RBM14,SRSF2,WDR83OS,CYBA,ACTB,NPR2,BTBD3,KLF2-DT,GALNT15,SPARCL1		0.2940691158156912
null_at1r_0787	LPL,ARRDC1,SPATS2L,WDR83OS,CYBA,ACTB,EOGT-DT,BTBD3,EPHB1,ENSG00000271553,SPARCL1		0.2940691158156912
null_at1r_0788	LPL,ARRDC1,SRSF2,WDR83OS,CYBA,ACTB,ELOVL4,ZNF274,DAPL1,FPR2,SPARCL1		0.2940691158156912
null_at1r_0789	LPL,RBM14,SPATS2L,WDR83OS,CYBA,ACTB,EPDR1,BTBD3,KATNAL2,ENSG00000271949,SPARCL1		0.2940691158156912
null_at1r_0790	LPL,RBM14,SPATS2L,WDR83OS,CYBA,ACTB,EOGT-DT,ZNF274,RGS22,SOX5-AS1,SPARCL1		0.2940691158156912
null_at1r_0791	LPL,ZDHHC9,SPATS2L,WDR83OS,CYBA,ACTB,EOGT-DT,BTBD3,GRID2,PKIA,SPARCL1		0.2940691158156912
null_at1r_0792	LPL,SNX12,SPATS2L,WDR83OS,CYBA,ACTB,EPDR1,BTBD3,SARDH,AMIGO2,SPARCL1		0.2940691158156912
null_at1r_0793	LPL,ARRDC1,SRSF2,WDR83OS,CYBA,ACTB,NPR2,PRIM2,ENPP5,STAC3,SPARCL1		0.2940691158156912
null_at1r_0794	LPL,DMRT2,SPATS2L,WDR83OS,CYBA,ACTB,GON7,PRIM2,KATNAL2,ADCY10,SPARCL1		0.2940691158156912
null_at1r_0795	LPL,PDE12,SRSF2,WDR83OS,CYBA,ACTB,NPR2,BTBD3,CFAP45,ENSG00000271949,SPARCL1		0.2940691158156912
null_at1r_0796	LPL,RNASE1,SRSF2,WDR83OS,CYBA,ACTB,EOGT-DT,ZNF274,ENSG00000274092,SYNM-AS1,SPARCL1		0.2940691158156912
null_at1r_0797	LPL,PDE12,SRSF2,WDR83OS,CYBA,ACTB,EOGT-DT,BTBD3,CFAP45,ARHGEF39,SPARCL1		0.2940691158156912
null_at1r_0798	LPL,PDE12,SRSF2,WDR83OS,CYBA,ACTB,ADCYAP1R1,ZNF274,ZNF23,CSMD3,SPARCL1		0.2940691158156912
null_at1r_0799	LPL,DMRT2,SPATS2L,WDR83OS,CYBA,ACTB,KMT5C,BTBD3,TIGD2,STEAP1B-AS1,SPARCL1		0.2940691158156912
null_at1r_0800	LPL,RNASE1,SPATS2L,WDR83OS,CYBA,ACTB,KMT5C,BTBD3,KATNAL2,CFHR2,SPARCL1		0.2940691158156912
null_at1r_0801	LPL,DMRT2,SPATS2L,WDR83OS,CYBA,ACTB,EPDR1,PRIM2,EGFEM1P,RHEBL1,SPARCL1		0.2940691158156912
null_at1r_0802	LPL,RBM14,SRSF2,WDR83OS,CYBA,ACTB,ELOVL4,ZNF274,NUSAP1,HIPK1-AS1,SPARCL1		0.2940691158156912
null_at1r_0803	LPL,ZDHHC9,SRSF2,WDR83OS,CYBA,ACTB,ELOVL4,BTBD3,TMEM178A,ENSG00000271949,SPARCL1		0.2940691158156912
null_at1r_0804	LPL,PI15,SPATS2L,WDR83OS,CYBA,ACTB,GON7,BTBD3,ENSG00000250764,STEAP1B-AS1,SPARCL1		0.2940691158156912
null_at1r_0805	LPL,RNASE1,SRSF2,WDR83OS,CYBA,ACTB,PRC1,ZNF274,TPSAB1,WASF3-AS1,SPARCL1		0.2940691158156912
null_at1r_0806	LPL,RNASE1,SPATS2L,WDR83OS,CYBA,ACTB,NPR2,BTBD3,KATNAL2,MT-TC,SPARCL1		0.2940691158156912
null_at1r_0807	LPL,PDE12,SPATS2L,WDR83OS,CYBA,ACTB,GON7,ZNF274,ZNF367,LINC01230,SPARCL1		0.2940691158156912
null_at1r_0808	LPL,SNX12,SRSF2,WDR83OS,CYBA,ACTB,PRC1,PRIM2,CEP85,RHEBL1,SPARCL1		0.2940691158156912
null_at1r_0809	LPL,ZDHHC9,SPATS2L,WDR83OS,CYBA,ACTB,ELOVL4,PRIM2,NUSAP1,ZMYND10,SPARCL1		0.2940691158156912
null_at1r_0810	LPL,ZDHHC9,SPATS2L,WDR83OS,CYBA,ACTB,GON7,PRIM2,ENSG00000261140,HIPK1-AS1,SPARCL1		0.2940691158156912
null_at1r_0811	LPL,ZDHHC9,SRSF2,WDR83OS,CYBA,ACTB,EPDR1,BTBD3,NPM2,COL9A2,SPARCL1		0.2940691158156912
null_at1r_0812	LPL,DMRT2,SRSF2,WDR83OS,CYBA,ACTB,NPR2,PRIM2,SEMA5B,ENSG00000264281,SPARCL1		0.2940691158156912
null_at1r_0813	LPL,COQ5,SRSF2,WDR83OS,CYBA,ACTB,NPR2,ZNF274,TMEM178A,IL4I1,SPARCL1		0.2940691158156912
null_at1r_0814	LPL,PDE12,SPATS2L,WDR83OS,CYBA,ACTB,NPR2,PRIM2,ABCC3,MND1,SPARCL1		0.2940691158156912
null_at1r_0815	LPL,PDE12,SRSF2,WDR83OS,CYBA,ACTB,ADCYAP1R1,BTBD3,PPL,LINC01230,SPARCL1		0.2940691158156912
null_at1r_0816	LPL,DMRT2,SRSF2,WDR83OS,CYBA,ACTB,EOGT-DT,BTBD3,TPSAB1,PHLDA1-AS1,SPARCL1		0.2940691158156912
null_at1r_0817	LPL,ZDHHC9,SRSF2,WDR83OS,CYBA,ACTB,GON7,BTBD3,LCA5L,H3P16,SPARCL1		0.2940691158156912
null_at1r_0818	LPL,PI15,SPATS2L,WDR83OS,CYBA,ACTB,EPDR1,ZNF274,LCA5L,ENSG00000271949,SPARCL1		0.2940691158156912
null_at1r_0819	LPL,ARRDC1,SPATS2L,WDR83OS,CYBA,ACTB,PRC1,PRIM2,RGS22,ENSG00000257663,SPARCL1		0.2940691158156912
null_at1r_0820	LPL,DMRT2,SPATS2L,WDR83OS,CYBA,ACTB,EPDR1,PRIM2,ASPHD1,LGALS2,SPARCL1		0.2940691158156912
null_at1r_0821	LPL,PDE12,SPATS2L,WDR83OS,CYBA,ACTB,ADCYAP1R1,ZNF274,CFAP45,MSLN,SPARCL1		0.2940691158156912
null_at1r_0822	LPL,DMRT2,SRSF2,WDR83OS,CYBA,ACTB,ELOVL4,PRIM2,EGFEM1P,CMC4,SPARCL1		0.2940691158156912
null_at1r_0823	LPL,RNASE1,SRSF2,WDR83OS,CYBA,ACTB,PRC1,ZNF274,PPL,FMNL1-DT,SPARCL1		0.2940691158156912
null_at1r_0824	LPL,PI15,SPATS2L,WDR83OS,CYBA,ACTB,PRC1,ZNF274,EDARADD,DENND3-AS1,SPARCL1		0.2940691158156912
null_at1r_0825	LPL,SNX12,SPATS2L,WDR83OS,CYBA,ACTB,EPDR1,PRIM2,SGPP2,MSANTD3-TMEFF1,SPARCL1		0.2940691158156912
null_at1r_0826	LPL,RNASE1,SPATS2L,WDR83OS,CYBA,ACTB,ELOVL4,ZNF274,EPHB1,STAC3,SPARCL1		0.2940691158156912
null_at1r_0827	LPL,DMRT2,SPATS2L,WDR83OS,CYBA,ACTB,EOGT-DT,PRIM2,CEP85,IGSF1,SPARCL1		0.2940691158156912
null_at1r_0828	LPL,PI15,SRSF2,WDR83OS,CYBA,ACTB,GON7,BTBD3,ENSG00000271254,TENT5B,SPARCL1		0.2940691158156912
null_at1r_0829	LPL,RBM14,SRSF2,WDR83OS,CYBA,ACTB,PRC1,PRIM2,CEP85,CFHR2,SPARCL1		0.2940691158156912
null_at1r_0830	LPL,PI15,SPATS2L,WDR83OS,CYBA,ACTB,PRC1,BTBD3,CHRNE,WNT2,SPARCL1		0.2940691158156912
null_at1r_0831	LPL,RNASE1,SPATS2L,WDR83OS,CYBA,ACTB,ADCYAP1R1,ZNF274,SAMD11,ENSG00000255520,SPARCL1		0.2940691158156912
null_at1r_0832	LPL,ARRDC1,SRSF2,WDR83OS,CYBA,ACTB,KMT5C,PRIM2,SGPP2,COL9A2,SPARCL1		0.2940691158156912
null_at1r_0833	LPL,COQ5,SPATS2L,WDR83OS,CYBA,ACTB,ELOVL4,PRIM2,EPHB1,ENSG00000267892,SPARCL1		0.2940691158156912
null_at1r_0834	LPL,SNX12,SPATS2L,WDR83OS,CYBA,ACTB,PRC1,BTBD3,LINC00663,STAC3,SPARCL1		0.2940691158156912
null_at1r_0835	LPL,ZDHHC9,SRSF2,WDR83OS,CYBA,ACTB,ADCYAP1R1,PRIM2,ENSG00000280241,ENSG00000266385,SPARCL1		0.2940691158156912
null_at1r_0836	LPL,ARRDC1,SRSF2,WDR83OS,CYBA,ACTB,EPDR1,BTBD3,ENPP5,PRDM8,SPARCL1		0.2940691158156912
null_at1r_0837	LPL,RBM14,SRSF2,WDR83OS,CYBA,ACTB,ADCYAP1R1,PRIM2,CFAP45,DNAH10,SPARCL1		0.2940691158156912
null_at1r_0838	LPL,PDE12,SPATS2L,WDR83OS,CYBA,ACTB,EPDR1,ZNF274,LCA5L,TNNT2,SPARCL1		0.2940691158156912
null_at1r_0839	LPL,SNX12,SRSF2,WDR83OS,CYBA,ACTB,GON7,ZNF274,KLF2-DT,RNF213-AS1,SPARCL1		0.2940691158156912
null_at1r_0840	LPL,PI15,SPATS2L,WDR83OS,CYBA,ACTB,ADCYAP1R1,PRIM2,EPS8L2,ENSG00000267892,SPARCL1		0.2940691158156912
null_at1r_0841	LPL,PDE12,SPATS2L,WDR83OS,CYBA,ACTB,NPR2,ZNF274,ENSG00000261140,PLAC1,SPARCL1		0.2940691158156912
null_at1r_0842	LPL,PDE12,SPATS2L,WDR83OS,CYBA,ACTB,EOGT-DT,BTBD3,ALDH5A1,REC114,SPARCL1		0.2940691158156912
null_at1r_0843	LPL,ARRDC1,SRSF2,WDR83OS,CYBA,ACTB,PRC1,PRIM2,NPM2,CSMD3,SPARCL1		0.2940691158156912
null_at1r_0844	LPL,PI15,SPATS2L,WDR83OS,CYBA,ACTB,EPDR1,BTBD3,RGS22,MIR9-1HG,SPARCL1		0.2940691158156912
null_at1r_0845	LPL,DMRT2,SPATS2L,WDR83OS,CYBA,ACTB,EPDR1,PRIM2,EPS8L2,ADCY10,SPARCL1		0.2940691158156912
null_at1r_0846	LPL,COQ5,SPATS2L,WDR83OS,CYBA,ACTB,KMT5C,ZNF274,SPIRE2,RPS21-DT,SPARCL1		0.2940691158156912
null_at1r_0847	LPL,ARRDC1,SPATS2L,WDR83OS,CYBA,ACTB,GON7,BTBD3,VTN,SNHG17,SPARCL1		0.2940691158156912
null_at1r_0848	LPL,COQ5,SPATS2L,WDR83OS,CYBA,ACTB,EPDR1,ZNF274,VTN,HDAC2-AS2,SPARCL1		0.2940691158156912
null_at1r_0849	LPL,ZDHHC9,SPATS2L,WDR83OS,CYBA,ACTB,GON7,ZNF274,TMEM178A,SMIM11,SPARCL1		0.2940691158156912
null_at1r_0850	LPL,RNASE1,SPATS2L,WDR83OS,CYBA,ACTB,EPDR1,PRIM2,ENSG00000141979,MND1,SPARCL1		0.2940691158156912
null_at1r_0851	LPL,RNASE1,SRSF2,WDR83OS,CYBA,ACTB,KMT5C,PRIM2,LCA5L,DNAH10,SPARCL1		0.2940691158156912
null_at1r_0852	LPL,COQ5,SPATS2L,WDR83OS,CYBA,ACTB,EPDR1,PRIM2,ENSG00000263335,TNNT2,SPARCL1		0.2940691158156912
null_at1r_0853	LPL,PI15,SRSF2,WDR83OS,CYBA,ACTB,EOGT-DT,ZNF274,TNFSF9,ENSG00000271949,SPARCL1		0.2940691158156912
null_at1r_0854	LPL,DMRT2,SRSF2,WDR83OS,CYBA,ACTB,PRC1,ZNF274,SPIRE2,RHEBL1,SPARCL1		0.2940691158156912
null_at1r_0855	LPL,ZDHHC9,SRSF2,WDR83OS,CYBA,ACTB,GON7,PRIM2,TNFSF9,PNMA8B,SPARCL1		0.2940691158156912
null_at1r_0856	LPL,RNASE1,SPATS2L,WDR83OS,CYBA,ACTB,PRC1,BTBD3,KLF2-DT,SLC9A3,SPARCL1		0.2940691158156912
null_at1r_0857	LPL,RBM14,SPATS2L,WDR83OS,CYBA,ACTB,ELOVL4,PRIM2,ENSG00000240499,C6orf132,SPARCL1		0.2940691158156912
null_at1r_0858	LPL,RNASE1,SRSF2,WDR83OS,CYBA,ACTB,GON7,PRIM2,ELAPOR1,TNNT2,SPARCL1		0.2940691158156912
null_at1r_0859	LPL,COQ5,SPATS2L,WDR83OS,CYBA,ACTB,EPDR1,PRIM2,CFAP45,TEKT4P2,SPARCL1		0.2940691158156912
null_at1r_0860	LPL,RNASE1,SPATS2L,WDR83OS,CYBA,ACTB,ELOVL4,ZNF274,SPIRE2,ENSG00000271978,SPARCL1		0.2940691158156912
null_at1r_0861	LPL,DMRT2,SRSF2,WDR83OS,CYBA,ACTB,ELOVL4,PRIM2,CHRNE,LINC01678,SPARCL1		0.2940691158156912
null_at1r_0862	LPL,PDE12,SPATS2L,WDR83OS,CYBA,ACTB,ADCYAP1R1,ZNF274,ENSG00000261140,ENSG00000271553,SPARCL1		0.2940691158156912
null_at1r_0863	LPL,PDE12,SPATS2L,WDR83OS,CYBA,ACTB,EOGT-DT,BTBD3,ENSG00000240499,LINC01348,SPARCL1		0.2940691158156912
null_at1r_0864	LPL,RNASE1,SRSF2,WDR83OS,CYBA,ACTB,GON7,ZNF274,ENSG00000263335,RPS3AP5,SPARCL1		0.2940691158156912
null_at1r_0865	LPL,SNX12,SRSF2,WDR83OS,CYBA,ACTB,EPDR1,BTBD3,SEMA5B,TNNT2,SPARCL1		0.2940691158156912
null_at1r_0866	LPL,RNASE1,SRSF2,WDR83OS,CYBA,ACTB,EOGT-DT,ZNF274,ENSG00000280241,SPDYE2B,SPARCL1		0.2940691158156912
null_at1r_0867	LPL,SNX12,SPATS2L,WDR83OS,CYBA,ACTB,ADCYAP1R1,PRIM2,LINC00240,ENSG00000267892,SPARCL1		0.2940691158156912
null_at1r_0868	LPL,PDE12,SPATS2L,WDR83OS,CYBA,ACTB,NPR2,ZNF274,PRKAG2-AS1,PNMA8B,SPARCL1		0.2940691158156912
null_at1r_0869	LPL,ARRDC1,SRSF2,WDR83OS,CYBA,ACTB,EOGT-DT,BTBD3,ENSG00000141979,PLAC1,SPARCL1		0.2940691158156912
null_at1r_0870	LPL,COQ5,SRSF2,WDR83OS,CYBA,ACTB,EOGT-DT,BTBD3,SPIRE2,TMEFF2,SPARCL1		0.2940691158156912
null_at1r_0871	LPL,PDE12,SRSF2,WDR83OS,CYBA,ACTB,EPDR1,ZNF274,TNFSF4,SYNM-AS1,SPARCL1		0.2940691158156912
null_at1r_0872	LPL,RBM14,SPATS2L,WDR83OS,CYBA,ACTB,ADCYAP1R1,BTBD3,MELTF-AS1,SMIM11,SPARCL1		0.2940691158156912
null_at1r_0873	LPL,ARRDC1,SRSF2,WDR83OS,CYBA,ACTB,PRC1,ZNF274,SEMA5B,SYNM-AS1,SPARCL1		0.2940691158156912
null_at1r_0874	LPL,RBM14,SPATS2L,WDR83OS,CYBA,ACTB,KMT5C,BTBD3,DAPL1,TMEM102,SPARCL1		0.2940691158156912
null_at1r_0875	LPL,RBM14,SPATS2L,WDR83OS,CYBA,ACTB,PRC1,ZNF274,GRID2,SPDYE2B,SPARCL1		0.2940691158156912
null_at1r_0876	LPL,SNX12,SRSF2,WDR83OS,CYBA,ACTB,ADCYAP1R1,ZNF274,KATNAL2,FGD2,SPARCL1		0.2940691158156912
null_at1r_0877	LPL,PDE12,SRSF2,WDR83OS,CYBA,ACTB,KMT5C,PRIM2,EPS8L2,CD300LG,SPARCL1		0.2940691158156912
null_at1r_0878	LPL,ZDHHC9,SPATS2L,WDR83OS,CYBA,ACTB,PRC1,BTBD3,ENSG00000274092,C6orf132,SPARCL1		0.2940691158156912
null_at1r_0879	LPL,ZDHHC9,SRSF2,WDR83OS,CYBA,ACTB,KMT5C,ZNF274,RGS22,SOX5-AS1,SPARCL1		0.2940691158156912
null_at1r_0880	LPL,RBM14,SPATS2L,WDR83OS,CYBA,ACTB,GON7,ZNF274,SGPP2,FGD2,SPARCL1		0.2940691158156912
null_at1r_0881	LPL,ARRDC1,SRSF2,WDR83OS,CYBA,ACTB,EPDR1,PRIM2,PPL,FGD2,SPARCL1		0.2940691158156912
null_at1r_0882	LPL,RNASE1,SRSF2,WDR83OS,CYBA,ACTB,EOGT-DT,ZNF274,PRKAG2-AS1,SMARCA5-AS1,SPARCL1		0.2940691158156912
null_at1r_0883	LPL,ARRDC1,SRSF2,WDR83OS,CYBA,ACTB,EPDR1,ZNF274,BIN2,RNF213-AS1,SPARCL1		0.2940691158156912
null_at1r_0884	LPL,PDE12,SPATS2L,WDR83OS,CYBA,ACTB,ADCYAP1R1,BTBD3,LINC00240,PRB2,SPARCL1		0.2940691158156912
null_at1r_0885	LPL,PDE12,SPATS2L,WDR83OS,CYBA,ACTB,PRC1,PRIM2,ABCC3,ENSG00000255520,SPARCL1		0.2940691158156912
null_at1r_0886	LPL,ARRDC1,SPATS2L,WDR83OS,CYBA,ACTB,EPDR1,PRIM2,SEMA5B,ENSG00000264739,SPARCL1		0.2940691158156912
null_at1r_0887	LPL,ARRDC1,SRSF2,WDR83OS,CYBA,ACTB,KMT5C,BTBD3,ENSG00000250764,WNT2,SPARCL1		0.2940691158156912
null_at1r_0888	LPL,DMRT2,SRSF2,WDR83OS,CYBA,ACTB,KMT5C,ZNF274,SGPP2,NDUFB4P12,SPARCL1		0.2940691158156912
null_at1r_0889	LPL,ZDHHC9,SPATS2L,WDR83OS,CYBA,ACTB,PRC1,PRIM2,LINC02210-CRHR1,MSANTD3-TMEFF1,SPARCL1		0.2940691158156912
null_at1r_0890	LPL,SNX12,SPATS2L,WDR83OS,CYBA,ACTB,EPDR1,ZNF274,BMF,ENSG00000274922,SPARCL1		0.2940691158156912
null_at1r_0891	LPL,SNX12,SPATS2L,WDR83OS,CYBA,ACTB,KMT5C,BTBD3,ALDH5A1,NDUFB4P12,SPARCL1		0.2940691158156912
null_at1r_0892	LPL,ARRDC1,SPATS2L,WDR83OS,CYBA,ACTB,EOGT-DT,ZNF274,CEP85,IGSF1,SPARCL1		0.2940691158156912
null_at1r_0893	LPL,PI15,SRSF2,WDR83OS,CYBA,ACTB,NPR2,PRIM2,IL10RA,CCDC73,SPARCL1		0.2940691158156912
null_at1r_0894	LPL,ARRDC1,SPATS2L,WDR83OS,CYBA,ACTB,ELOVL4,PRIM2,BIN2,CCDC73,SPARCL1		0.2940691158156912
null_at1r_0895	LPL,PI15,SRSF2,WDR83OS,CYBA,ACTB,ELOVL4,BTBD3,CHRNE,ENSG00000271978,SPARCL1		0.2940691158156912
null_at1r_0896	LPL,ZDHHC9,SPATS2L,WDR83OS,CYBA,ACTB,EOGT-DT,BTBD3,SAMD11,LINC01678,SPARCL1		0.2940691158156912
null_at1r_0897	LPL,PDE12,SRSF2,WDR83OS,CYBA,ACTB,EPDR1,BTBD3,SEMA5B,MSLN,SPARCL1		0.2940691158156912
null_at1r_0898	LPL,RBM14,SRSF2,WDR83OS,CYBA,ACTB,GON7,BTBD3,ENSG00000274092,STAC3,SPARCL1		0.2940691158156912
null_at1r_0899	LPL,PDE12,SPATS2L,WDR83OS,CYBA,ACTB,GON7,PRIM2,KATNAL2,ARHGDIG,SPARCL1		0.2940691158156912
null_at1r_0900	LPL,SNX12,SPATS2L,WDR83OS,CYBA,ACTB,NPR2,ZNF274,BIN2,STAC3,SPARCL1		0.2940691158156912
null_at1r_0901	LPL,PI15,SPATS2L,WDR83OS,CYBA,ACTB,ELOVL4,ZNF274,ENSG00000250764,DENND3-AS1,SPARCL1		0.2940691158156912
null_at1r_0902	LPL,ZDHHC9,SPATS2L,WDR83OS,CYBA,ACTB,EOGT-DT,PRIM2,MELTF-AS1,DENND3-AS1,SPARCL1		0.2940691158156912
null_at1r_0903	LPL,ZDHHC9,SPATS2L,WDR83OS,CYBA,ACTB,ELOVL4,ZNF274,RGS22,C6orf132,SPARCL1		0.2940691158156912
null_at1r_0904	LPL,PI15,SPATS2L,WDR83OS,CYBA,ACTB,PRC1,BTBD3,TNFSF4,ENSG00000271553,SPARCL1		0.2940691158156912
null_at1r_0905	LPL,ZDHHC9,SRSF2,WDR83OS,CYBA,ACTB,NPR2,BTBD3,ENSG00000263335,WNT2,SPARCL1		0.2940691158156912
null_at1r_0906	LPL,RBM14,SRSF2,WDR83OS,CYBA,ACTB,GON7,ZNF274,ZNF23,NDUFB4P12,SPARCL1		0.2940691158156912
null_at1r_0907	LPL,RBM14,SRSF2,WDR83OS,CYBA,ACTB,KMT5C,BTBD3,ALG1L11P,SPDYE2B,SPARCL1		0.2940691158156912
null_at1r_0908	LPL,RBM14,SRSF2,WDR83OS,CYBA,ACTB,EPDR1,ZNF274,CCK,DHDDS-AS1,SPARCL1		0.2940691158156912
null_at1r_0909	LPL,RNASE1,SPATS2L,WDR83OS,CYBA,ACTB,NPR2,PRIM2,SLC51A,CFHR2,SPARCL1		0.2940691158156912
null_at1r_0910	LPL,ARRDC1,SRSF2,WDR83OS,CYBA,ACTB,NPR2,BTBD3,CHRNE,DHDDS-AS1,SPARCL1		0.2940691158156912
null_at1r_0911	LPL,ARRDC1,SRSF2,WDR83OS,CYBA,ACTB,NPR2,ZNF274,GRID2,DENND3-AS1,SPARCL1		0.2940691158156912
null_at1r_0912	LPL,COQ5,SRSF2,WDR83OS,CYBA,ACTB,KMT5C,PRIM2,SARDH,ENSG00000274922,SPARCL1		0.2940691158156912
null_at1r_0913	LPL,RNASE1,SRSF2,WDR83OS,CYBA,ACTB,EOGT-DT,PRIM2,LINC02210-CRHR1,PLAC1,SPARCL1		0.2940691158156912
null_at1r_0914	LPL,COQ5,SRSF2,WDR83OS,CYBA,ACTB,NPR2,PRIM2,SPIRE2,ZMYND10,SPARCL1		0.2940691158156912
null_at1r_0915	LPL,ARRDC1,SRSF2,WDR83OS,CYBA,ACTB,ELOVL4,BTBD3,SARDH,CFHR2,SPARCL1		0.2940691158156912
null_at1r_0916	LPL,RNASE1,SPATS2L,WDR83OS,CYBA,ACTB,EPDR1,ZNF274,EPHB1,ENSG00000275665,SPARCL1		0.2940691158156912
null_at1r_0917	LPL,COQ5,SRSF2,WDR83OS,CYBA,ACTB,EPDR1,ZNF274,LINC00663,ENSG00000271949,SPARCL1		0.2940691158156912
null_at1r_0918	LPL,DMRT2,SPATS2L,WDR83OS,CYBA,ACTB,KMT5C,ZNF274,KLF2-DT,SMARCA5-AS1,SPARCL1		0.2940691158156912
null_at1r_0919	LPL,PDE12,SRSF2,WDR83OS,CYBA,ACTB,KMT5C,BTBD3,LCA5L,SCN8A,SPARCL1		0.2940691158156912
null_at1r_0920	LPL,COQ5,SPATS2L,WDR83OS,CYBA,ACTB,ADCYAP1R1,ZNF274,DAPL1,ENSG00000271978,SPARCL1		0.2940691158156912
null_at1r_0921	LPL,ARRDC1,SPATS2L,WDR83OS,CYBA,ACTB,PRC1,ZNF274,CEP85,DNAH10,SPARCL1		0.2940691158156912
null_at1r_0922	LPL,DMRT2,SPATS2L,WDR83OS,CYBA,ACTB,ELOVL4,PRIM2,ENSG00000141979,CD300LG,SPARCL1		0.2940691158156912
null_at1r_0923	LPL,ZDHHC9,SPATS2L,WDR83OS,CYBA,ACTB,GON7,ZNF274,NPM2,SYNM-AS1,SPARCL1		0.2940691158156912
null_at1r_0924	LPL,RNASE1,SPATS2L,WDR83OS,CYBA,ACTB,EOGT-DT,BTBD3,GRID2,ENSG00000275665,SPARCL1		0.2940691158156912
null_at1r_0925	LPL,DMRT2,SRSF2,WDR83OS,CYBA,ACTB,ADCYAP1R1,PRIM2,PPL,MIR9-1HG,SPARCL1		0.2940691158156912
null_at1r_0926	LPL,RBM14,SRSF2,WDR83OS,CYBA,ACTB,ADCYAP1R1,PRIM2,CCK,ENSG00000267251,SPARCL1		0.2940691158156912
null_at1r_0927	LPL,DMRT2,SPATS2L,WDR83OS,CYBA,ACTB,NPR2,ZNF274,PPL,LGALS2,SPARCL1		0.2940691158156912
null_at1r_0928	LPL,SNX12,SRSF2,WDR83OS,CYBA,ACTB,NPR2,ZNF274,NUSAP1,SPDYE2B,SPARCL1		0.2940691158156912
null_at1r_0929	LPL,PI15,SPATS2L,WDR83OS,CYBA,ACTB,KMT5C,PRIM2,CCK,GNG4,SPARCL1		0.2940691158156912
null_at1r_0930	LPL,SNX12,SPATS2L,WDR83OS,CYBA,ACTB,PRC1,PRIM2,CHRNE,ENSG00000255467,SPARCL1		0.2940691158156912
null_at1r_0931	LPL,PI15,SPATS2L,WDR83OS,CYBA,ACTB,PRC1,PRIM2,CCK,IGSF1,SPARCL1		0.2940691158156912
null_at1r_0932	LPL,PI15,SPATS2L,WDR83OS,CYBA,ACTB,ELOVL4,ZNF274,ELAPOR1,DHDDS-AS1,SPARCL1		0.2940691158156912
null_at1r_0933	LPL,PI15,SPATS2L,WDR83OS,CYBA,ACTB,ADCYAP1R1,ZNF274,CFAP45,ENSG00000242539,SPARCL1		0.2940691158156912
null_at1r_0934	LPL,PI15,SPATS2L,WDR83OS,CYBA,ACTB,EPDR1,ZNF274,ZNF23,SPDYE2B,SPARCL1		0.2940691158156912
null_at1r_0935	LPL,ARRDC1,SPATS2L,WDR83OS,CYBA,ACTB,NPR2,PRIM2,ENSG00000260851,PRB2,SPARCL1		0.2940691158156912
null_at1r_0936	LPL,PDE12,SPATS2L,WDR83OS,CYBA,ACTB,GON7,BTBD3,ALDH5A1,MSLN,SPARCL1		0.2940691158156912
null_at1r_0937	LPL,ARRDC1,SRSF2,WDR83OS,CYBA,ACTB,ADCYAP1R1,PRIM2,SLC51A,HDAC2-AS2,SPARCL1		0.2940691158156912
null_at1r_0938	LPL,RNASE1,SRSF2,WDR83OS,CYBA,ACTB,PRC1,BTBD3,BIN2,COL9A2,SPARCL1		0.2940691158156912
null_at1r_0939	LPL,ZDHHC9,SPATS2L,WDR83OS,CYBA,ACTB,ADCYAP1R1,PRIM2,TNFSF4,ENSG00000271553,SPARCL1		0.2940691158156912
null_at1r_0940	LPL,COQ5,SRSF2,WDR83OS,CYBA,ACTB,KMT5C,PRIM2,SAMD11,ENSG00000255520,SPARCL1		0.2940691158156912
null_at1r_0941	LPL,PDE12,SRSF2,WDR83OS,CYBA,ACTB,NPR2,PRIM2,EPS8L2,DNAH10,SPARCL1		0.2940691158156912
null_at1r_0942	LPL,RBM14,SPATS2L,WDR83OS,CYBA,ACTB,EOGT-DT,ZNF274,PRR11,H3P16,SPARCL1		0.2940691158156912
null_at1r_0943	LPL,COQ5,SPATS2L,WDR83OS,CYBA,ACTB,EPDR1,BTBD3,ENSG00000274092,ENSG00000267039,SPARCL1		0.2940691158156912
null_at1r_0944	LPL,ZDHHC9,SRSF2,WDR83OS,CYBA,ACTB,EPDR1,BTBD3,TNFSF9,RNF213-AS1,SPARCL1		0.2940691158156912
null_at1r_0945	LPL,PDE12,SRSF2,WDR83OS,CYBA,ACTB,GON7,PRIM2,PWP2,TENT5B,SPARCL1		0.2940691158156912
null_at1r_0946	LPL,ZDHHC9,SRSF2,WDR83OS,CYBA,ACTB,NPR2,PRIM2,ENSG00000274092,GALNT15,SPARCL1		0.2940691158156912
null_at1r_0947	LPL,ARRDC1,SPATS2L,WDR83OS,CYBA,ACTB,EOGT-DT,BTBD3,PPL,C6orf132,SPARCL1		0.2940691158156912
null_at1r_0948	LPL,RNASE1,SRSF2,WDR83OS,CYBA,ACTB,ADCYAP1R1,PRIM2,CFAP45,LINC01348,SPARCL1		0.2940691158156912
null_at1r_0949	LPL,SNX12,SPATS2L,WDR83OS,CYBA,ACTB,NPR2,PRIM2,ZNF23,REC114,SPARCL1		0.2940691158156912
null_at1r_0950	LPL,PDE12,SPATS2L,WDR83OS,CYBA,ACTB,PRC1,ZNF274,SEMA5B,TNNT2,SPARCL1		0.2940691158156912
null_at1r_0951	LPL,PI15,SPATS2L,WDR83OS,CYBA,ACTB,GON7,BTBD3,TNFSF9,REC114,SPARCL1		0.2940691158156912
null_at1r_0952	LPL,PDE12,SPATS2L,WDR83OS,CYBA,ACTB,PRC1,BTBD3,LINC00240,TENT5B,SPARCL1		0.2940691158156912
null_at1r_0953	LPL,SNX12,SRSF2,WDR83OS,CYBA,ACTB,KMT5C,ZNF274,ASPHD1,ENSG00000257663,SPARCL1		0.2940691158156912
null_at1r_0954	LPL,PI15,SRSF2,WDR83OS,CYBA,ACTB,ADCYAP1R1,ZNF274,NUSAP1,FOSL2-AS1,SPARCL1		0.2940691158156912
null_at1r_0955	LPL,SNX12,SRSF2,WDR83OS,CYBA,ACTB,EPDR1,ZNF274,ENSG00000260851,TEKT4P2,SPARCL1		0.2940691158156912
null_at1r_0956	LPL,RBM14,SRSF2,WDR83OS,CYBA,ACTB,NPR2,ZNF274,LINC00240,MND1,SPARCL1		0.2940691158156912
null_at1r_0957	LPL,COQ5,SRSF2,WDR83OS,CYBA,ACTB,ELOVL4,PRIM2,EDARADD,IGSF1,SPARCL1		0.2940691158156912
null_at1r_0958	LPL,ARRDC1,SPATS2L,WDR83OS,CYBA,ACTB,EOGT-DT,BTBD3,SGPP2,LINC00997,SPARCL1		0.2940691158156912
null_at1r_0959	LPL,ZDHHC9,SRSF2,WDR83OS,CYBA,ACTB,NPR2,PRIM2,PWP2,PRKCH-AS1,SPARCL1		0.2940691158156912
null_at1r_0960	LPL,RBM14,SRSF2,WDR83OS,CYBA,ACTB,EOGT-DT,PRIM2,ENPP5,LINC01348,SPARCL1		0.2940691158156912
null_at1r_0961	LPL,PDE12,SPATS2L,WDR83OS,CYBA,ACTB,EPDR1,PRIM2,ENSG00000240499,RPS21-DT,SPARCL1		0.2940691158156912
null_at1r_0962	LPL,ARRDC1,SPATS2L,WDR83OS,CYBA,ACTB,ADCYAP1R1,PRIM2,ALDH5A1,ENSG00000255467,SPARCL1		0.2940691158156912
null_at1r_0963	LPL,RNASE1,SPATS2L,WDR83OS,CYBA,ACTB,NPR2,BTBD3,CEP85,LINC01230,SPARCL1		0.2940691158156912
null_at1r_0964	LPL,DMRT2,SPATS2L,WDR83OS,CYBA,ACTB,NPR2,PRIM2,LINC00663,SMARCA5-AS1,SPARCL1		0.2940691158156912
null_at1r_0965	LPL,ZDHHC9,SPATS2L,WDR83OS,CYBA,ACTB,EPDR1,BTBD3,TPSAB1,ARHGDIG,SPARCL1		0.2940691158156912
null_at1r_0966	LPL,PI15,SRSF2,WDR83OS,CYBA,ACTB,ADCYAP1R1,ZNF274,SPIRE2,COL9A2,SPARCL1		0.2940691158156912
null_at1r_0967	LPL,RBM14,SRSF2,WDR83OS,CYBA,ACTB,GON7,ZNF274,NUSAP1,ARHGDIG,SPARCL1		0.2940691158156912
null_at1r_0968	LPL,PI15,SRSF2,WDR83OS,CYBA,ACTB,EOGT-DT,BTBD3,SAMD11,TMEFF2,SPARCL1		0.2940691158156912
null_at1r_0969	LPL,PI15,SRSF2,WDR83OS,CYBA,ACTB,GON7,BTBD3,PRR11,CSMD3,SPARCL1		0.2940691158156912
null_at1r_0970	LPL,RNASE1,SPATS2L,WDR83OS,CYBA,ACTB,EPDR1,ZNF274,LCA5L,RNF213-AS1,SPARCL1		0.2940691158156912
null_at1r_0971	LPL,ZDHHC9,SPATS2L,WDR83OS,CYBA,ACTB,ADCYAP1R1,BTBD3,PWP2,SMARCA5-AS1,SPARCL1		0.2940691158156912
null_at1r_0972	LPL,PDE12,SPATS2L,WDR83OS,CYBA,ACTB,KMT5C,BTBD3,EDARADD,HIPK1-AS1,SPARCL1		0.2940691158156912
null_at1r_0973	LPL,RNASE1,SPATS2L,WDR83OS,CYBA,ACTB,KMT5C,PRIM2,ZNF367,FGD2,SPARCL1		0.2940691158156912
null_at1r_0974	LPL,DMRT2,SPATS2L,WDR83OS,CYBA,ACTB,ELOVL4,PRIM2,KLF2-DT,CD300LG,SPARCL1		0.2940691158156912
null_at1r_0975	LPL,ZDHHC9,SRSF2,WDR83OS,CYBA,ACTB,NPR2,BTBD3,ZNF367,ENSG00000271553,SPARCL1		0.2940691158156912
null_at1r_0976	LPL,ARRDC1,SPATS2L,WDR83OS,CYBA,ACTB,PRC1,ZNF274,TNFSF9,GNG4,SPARCL1		0.2940691158156912
null_at1r_0977	LPL,SNX12,SPATS2L,WDR83OS,CYBA,ACTB,NPR2,ZNF274,TEC,TEKT4P2,SPARCL1		0.2940691158156912
null_at1r_0978	LPL,ZDHHC9,SPATS2L,WDR83OS,CYBA,ACTB,ADCYAP1R1,PRIM2,EPS8L2,ENSG00000264739,SPARCL1		0.2940691158156912
null_at1r_0979	LPL,PI15,SRSF2,WDR83OS,CYBA,ACTB,GON7,BTBD3,EDARADD,LGALS2,SPARCL1		0.2940691158156912
null_at1r_0980	LPL,PI15,SRSF2,WDR83OS,CYBA,ACTB,EPDR1,ZNF274,TIGD2,MT-TC,SPARCL1		0.2940691158156912
null_at1r_0981	LPL,ARRDC1,SRSF2,WDR83OS,CYBA,ACTB,PRC1,BTBD3,EPHB1,KCNAB3,SPARCL1		0.2940691158156912
null_at1r_0982	LPL,ARRDC1,SPATS2L,WDR83OS,CYBA,ACTB,KMT5C,PRIM2,BMF,PRDM8,SPARCL1		0.2940691158156912
null_at1r_0983	LPL,ZDHHC9,SRSF2,WDR83OS,CYBA,ACTB,EPDR1,ZNF274,ABCC3,GNG4,SPARCL1		0.2940691158156912
null_at1r_0984	LPL,RNASE1,SPATS2L,WDR83OS,CYBA,ACTB,PRC1,PRIM2,BIN2,C6orf132,SPARCL1		0.2940691158156912
null_at1r_0985	LPL,PI15,SPATS2L,WDR83OS,CYBA,ACTB,PRC1,PRIM2,TIGD2,TEKT4P2,SPARCL1		0.2940691158156912
null_at1r_0986	LPL,DMRT2,SPATS2L,WDR83OS,CYBA,ACTB,ADCYAP1R1,PRIM2,SAMD11,LINC00997,SPARCL1		0.2940691158156912
null_at1r_0987	LPL,RNASE1,SPATS2L,WDR83OS,CYBA,ACTB,GON7,PRIM2,ENSG00000218426,STEAP1B-AS1,SPARCL1		0.2940691158156912
null_at1r_0988	LPL,DMRT2,SRSF2,WDR83OS,CYBA,ACTB,EPDR1,BTBD3,GRID2,MYZAP,SPARCL1		0.2940691158156912
null_at1r_0989	LPL,SNX12,SPATS2L,WDR83OS,CYBA,ACTB,NPR2,ZNF274,PWP2,SCN8A,SPARCL1		0.2940691158156912
null_at1r_0990	LPL,RNASE1,SRSF2,WDR83OS,CYBA,ACTB,NPR2,ZNF274,MELTF-AS1,PRDM8,SPARCL1		0.2940691158156912
null_at1r_0991	LPL,PDE12,SRSF2,WDR83OS,CYBA,ACTB,EPDR1,PRIM2,SARDH,STAC3,SPARCL1		0.2940691158156912
null_at1r_0992	LPL,DMRT2,SRSF2,WDR83OS,CYBA,ACTB,NPR2,BTBD3,TIGD2,MSANTD3-TMEFF1,SPARCL1		0.2940691158156912
null_at1r_0993	LPL,ARRDC1,SPATS2L,WDR83OS,CYBA,ACTB,ADCYAP1R1,ZNF274,CHRNE,LINC01348,SPARCL1		0.2940691158156912
null_at1r_0994	LPL,RBM14,SPATS2L,WDR83OS,CYBA,ACTB,ELOVL4,ZNF274,ENSG00000271254,ENSG00000267892,SPARCL1		0.2940691158156912
null_at1r_0995	LPL,PDE12,SPATS2L,WDR83OS,CYBA,ACTB,ELOVL4,ZNF274,ENSG00000250764,ENSG00000274922,SPARCL1		0.2940691158156912
null_at1r_0996	LPL,SNX12,SPATS2L,WDR83OS,CYBA,ACTB,NPR2,BTBD3,ENSG00000218426,SNHG17,SPARCL1		0.2940691158156912
null_at1r_0997	LPL,DMRT2,SPATS2L,WDR83OS,CYBA,ACTB,EPDR1,BTBD3,SARDH,ENSG00000255467,SPARCL1		0.2940691158156912
null_at1r_0998	LPL,PDE12,SPATS2L,WDR83OS,CYBA,ACTB,NPR2,PRIM2,ENSG00000280241,ENSG00000267892,SPARCL1		0.2940691158156912
null_at1r_0999	LPL,PI15,SRSF2,WDR83OS,CYBA,ACTB,EOGT-DT,PRIM2,TNFSF9,ARHGDIG,SPARCL1		0.2940691158156912
null_at1r_1000	LPL,PI15,SPATS2L,WDR83OS,CYBA,ACTB,EOGT-DT,ZNF274,TMEM178A,FGD2,SPARCL1		0.2940691158156912
