""	BaselineProp.clusters	BaselineProp.Freq	PropMean.0	PropMean.1	PropRatio	Tstatistic	P.Value	FDR
1	1	0.328852739726027	0.325360879221511	-0.102722709185118	-3.16737050456072	2.38396102828589	0.0180828826984951	0.10849729619097
3	3	0.0362157534246575	0.080556365255805	-0.0408887244466307	-1.97013642137333	1.44895811178485	0.148948836599247	0.446846509797741
0	0	0.481078767123288	0.38214873758073	0.268140840357125	1.4251791598466	1.01984918919861	0.309058386970097	0.447908428723819
5	5	0.0159246575342466	0.0352923432600927	-0.0188835655751793	-1.86894488329478	1.0006286057744	0.318241339400294	0.447908428723819
4	4	0.0278253424657534	0.0520823948586524	-0.0152143606599687	-3.42323913719813	0.892431661527157	0.373257023936516	0.447908428723819
2	2	0.110102739726027	0.12014621715772	0.0799127383976797	1.50346765192579	0.335802831432636	0.737379091838819	0.737379091838819
