""	BaselineProp.clusters	BaselineProp.Freq	PropMean.0	PropMean.1	PropRatio	Tstatistic	P.Value	FDR
2	2	0.109931506849315	0.135262281719999	-0.0581613662474671	-2.32563796979046	1.87942624647208	0.0616614056587783	0.252244499653726
6	6	0.0172945205479452	0.0694042830350386	-0.0566400028229245	-1.22535804336062	1.75503741122245	0.0808059816752302	0.252244499653726
3	3	0.10222602739726	0.102118070085897	-0.0603477997581229	-1.69215896014755	1.5128882087632	0.131909198876829	0.252244499653726
1	1	0.277482876712329	0.297123310488267	0.0482857112515433	6.1534417281421	1.46637288569618	0.144139714087843	0.252244499653726
4	4	0.0406678082191781	0.0617170494990159	-0.0121471829755423	-5.08077054764714	1.07630821932257	0.283104563280333	0.396346388592467
5	5	0.0257705479452055	0.0336577324791107	-0.000112606337051737	-298.897321059709	0.249086744138782	0.803552951634705	0.854474981777387
0	0	0.426626712328767	0.296304210027182	0.309467465777473	0.957464815510666	0.183652259305451	0.854474981777387	0.854474981777387
