""	BaselineProp.clusters	BaselineProp.Freq	PropMean.0	PropMean.1	PropRatio	Tstatistic	P.Value	FDR
1	1	0.277482876712329	0.305877760108691	-0.150811596118572	-2.02821114543607	2.62352820662184	0.00938290679204749	0.0656803475443325
2	2	0.109931506849315	0.134854340368292	-0.069385698145254	-1.94354663818449	1.76141378280087	0.0797177692410499	0.198230755912273
6	6	0.0172945205479452	0.0693367471609005	-0.0679004675133712	-1.02115272103607	1.73133300670832	0.0849560382481169	0.198230755912273
3	3	0.10222602739726	0.101897063364587	-0.0721963529884365	-1.41138796001104	1.40783193288439	0.160754923509147	0.281321116141007
4	4	0.0406678082191781	0.0614547750729658	-0.0143143451446006	-4.29322993487737	0.903665537843995	0.367275110894972	0.51418515525296
0	0	0.426626712328767	0.293099068885358	0.374566100074792	0.782502924922553	-0.195913048965422	0.84487991206286	0.9177596787485
5	5	0.0257705479452055	0.0334802450392057	4.2359835443017e-05	790.377127036853	0.103388504703961	0.9177596787485	0.9177596787485
