""	BaselineProp.clusters	BaselineProp.Freq	PropMean.0	PropMean.1	PropRatio	Tstatistic	P.Value	FDR
1	1	0.328852739726027	0.329473904776874	-0.227380276577504	-1.44899948991209	2.86936006628544	0.0045645520874854	0.0273873125249124
3	3	0.0362157534246575	0.080346483558402	-0.0488565876385538	-1.64453735804911	1.33570147352461	0.183197164832653	0.524517352218384
2	2	0.110102739726027	0.124378709456368	-0.00833720622143304	-14.9185118075428	1.10747645131448	0.269446435271884	0.524517352218384
5	5	0.0159246575342466	0.0352055243305429	-0.0225734597606653	-1.55959807241818	0.912992669930105	0.362369038229645	0.524517352218384
4	4	0.0278253424657534	0.0518873258946382	-0.0180621638279483	-2.87270818651036	0.752467714972217	0.452673373165532	0.524517352218384
0	0	0.481078767123288	0.378708051983175	0.325209694026105	1.16450419203302	0.63754078869226	0.524517352218384	0.524517352218384
