leiden,is_disease
0,0.35741521171984747
1,0.37735266892934277
2,0.4338006230529595
3,0.32077051926298156
4,0.4
5,0.5116279069767442
6,0.6435643564356436
