arm	panel	genes	mean_detect
smad	null_smad_0001	MTERF3,VKORC1,TNFSF12,MTSS2,STX7,WASHC2A,PSMB10	0.09206213307240706
smad	null_smad_0002	CHUK,FXYD6,TNFSF12,MTSS2,STX7,MACROD1,PRPF19	0.09208659491193738
smad	null_smad_0003	SUSD4,CCDC186,TNFSF12,MTSS2,SMC1A,MED7,PSMB10	0.09206213307240706
smad	null_smad_0004	CHUK,CCDC186,TMED5,MTSS2,SMC1A,CTDP1,TTC9C	0.09206213307240706
smad	null_smad_0005	UTP14C,FXYD6,PRCC,MTSS2,STX7,AKAP7,PRPF19	0.09208659491193738
smad	null_smad_0006	SUSD4,CCDC186,TNFSF12,MTSS2,SMC1A,MACROD1,USP6NL	0.09206213307240706
smad	null_smad_0007	SUSD4,CCDC186,DAB2IP,MTSS2,STX7,WASHC2A,PSMB10	0.09206213307240706
smad	null_smad_0008	UTP14C,CCDC186,ABHD12,MTSS2,STX7,AKAP7,SMIM20	0.09206213307240706
smad	null_smad_0009	RAB11FIP1,CCDC186,TNFSF12,MTSS2,SMC1A,CTDP1,SETD7	0.09206213307240706
smad	null_smad_0010	CHUK,CCDC186,DAB2IP,MTSS2,STX7,TMTC1,ANAPC7	0.09206213307240706
smad	null_smad_0011	MTERF3,FXYD6,ABHD12,MTSS2,SMC1A,ZBTB8A,ANAPC7	0.09208659491193738
smad	null_smad_0012	UTP14C,SMARCA1,DAB2IP,MTSS2,STX7,TMTC1,SMIM20	0.09208659491193738
smad	null_smad_0013	RAB11FIP1,CCDC186,TTTY14,MTSS2,STX7,MED7,PSMB10	0.09206213307240706
smad	null_smad_0014	RAB11FIP1,FXYD6,ABHD12,MTSS2,SMC1A,ZBTB8A,USP6NL	0.09208659491193738
smad	null_smad_0015	SUSD4,CCDC186,TTTY14,MTSS2,SMC1A,GMPPA,SMIM20	0.09206213307240706
smad	null_smad_0016	SUSD4,FXYD6,TNFSF12,MTSS2,SMC1A,ZBTB8A,SMIM20	0.09208659491193738
smad	null_smad_0017	RAB11FIP1,SMARCA1,TNFSF12,MTSS2,STX7,NSMF,ANAPC7	0.09208659491193738
smad	null_smad_0018	MTERF3,SMARCA1,TNFSF12,MTSS2,STX7,WASHC2A,ANAPC7	0.09208659491193738
smad	null_smad_0019	CHUK,CCDC186,ABHD12,MTSS2,SMC1A,NSMF,SETD7	0.09206213307240706
smad	null_smad_0020	RAB11FIP1,SMARCA1,TMED5,MTSS2,STX7,AKAP7,ANAPC7	0.09208659491193738
smad	null_smad_0021	RAB11FIP1,CCDC186,PRCC,MTSS2,SMC1A,CTDP1,PRPF19	0.09206213307240706
smad	null_smad_0022	LRATD1,CCDC186,TMED5,MTSS2,STX7,GMPPA,USP6NL	0.09206213307240706
smad	null_smad_0023	LRATD1,FXYD6,SEMA4B,MTSS2,SMC1A,MACROD1,ANAPC7	0.09208659491193738
smad	null_smad_0024	MTERF3,VKORC1,TMED5,MTSS2,SMC1A,AKAP7,PRPF19	0.09206213307240706
smad	null_smad_0025	MTERF3,FXYD6,TMED5,MTSS2,SMC1A,TMTC1,ANAPC7	0.09208659491193738
smad	null_smad_0026	MTERF3,FXYD6,TNFSF12,MTSS2,STX7,AKAP7,ANAPC7	0.09208659491193738
smad	null_smad_0027	UTP14C,FXYD6,TTTY14,MTSS2,STX7,TMTC1,USP6NL	0.09208659491193738
smad	null_smad_0028	LRATD1,FXYD6,TNFSF12,MTSS2,SMC1A,WASHC2A,ANAPC7	0.09208659491193738
smad	null_smad_0029	UTP14C,SMARCA1,TMED5,MTSS2,SMC1A,NSMF,USP6NL	0.09208659491193738
smad	null_smad_0030	UTP14C,CCDC186,SEMA4B,MTSS2,STX7,AKAP7,SMIM20	0.09206213307240706
smad	null_smad_0031	SUSD4,FXYD6,TTTY14,MTSS2,STX7,CTDP1,USP6NL	0.09208659491193738
smad	null_smad_0032	LRATD1,VKORC1,TNFSF12,MTSS2,STX7,MED7,USP6NL	0.09206213307240706
smad	null_smad_0033	SUSD4,SMARCA1,TMED5,MTSS2,STX7,WASHC2A,USP6NL	0.09208659491193738
smad	null_smad_0034	RAB11FIP1,CCDC186,TMED5,MTSS2,SMC1A,GMPPA,PRPF19	0.09206213307240706
smad	null_smad_0035	LRATD1,FXYD6,TNFSF12,MTSS2,STX7,GMPPA,TTC9C	0.09208659491193738
smad	null_smad_0036	MTERF3,FXYD6,DAB2IP,MTSS2,SMC1A,ZBTB8A,SMIM20	0.09208659491193738
smad	null_smad_0037	SUSD4,FXYD6,TNFSF12,MTSS2,SMC1A,GMPPA,TTC9C	0.09208659491193738
smad	null_smad_0038	MTERF3,FXYD6,SEMA4B,MTSS2,STX7,NSMF,PSMB10	0.09208659491193738
smad	null_smad_0039	MTERF3,SMARCA1,TNFSF12,MTSS2,SMC1A,MACROD1,USP6NL	0.09208659491193738
smad	null_smad_0040	RAB11FIP1,SMARCA1,TNFSF12,MTSS2,SMC1A,TMTC1,PSMB10	0.09208659491193738
smad	null_smad_0041	UTP14C,VKORC1,SEMA4B,MTSS2,SMC1A,ZBTB8A,PRPF19	0.09206213307240706
smad	null_smad_0042	UTP14C,CCDC186,TMED5,MTSS2,STX7,MACROD1,SETD7	0.09206213307240706
smad	null_smad_0043	LRATD1,FXYD6,TNFSF12,MTSS2,STX7,MED7,PSMB10	0.09208659491193738
smad	null_smad_0044	LRATD1,FXYD6,TTTY14,MTSS2,STX7,GMPPA,ANAPC7	0.09208659491193738
smad	null_smad_0045	MTERF3,CCDC186,TMED5,MTSS2,SMC1A,AKAP7,USP6NL	0.09206213307240706
smad	null_smad_0046	LRATD1,VKORC1,TTTY14,MTSS2,STX7,GMPPA,USP6NL	0.09206213307240706
smad	null_smad_0047	LRATD1,CCDC186,TTTY14,MTSS2,STX7,MED7,SMIM20	0.09206213307240706
smad	null_smad_0048	CHUK,FXYD6,PRCC,MTSS2,STX7,ZBTB8A,USP6NL	0.09208659491193738
smad	null_smad_0049	SUSD4,VKORC1,TNFSF12,MTSS2,SMC1A,GMPPA,SETD7	0.09206213307240706
smad	null_smad_0050	SUSD4,FXYD6,TNFSF12,MTSS2,SMC1A,TMTC1,SMIM20	0.09208659491193738
smad	null_smad_0051	UTP14C,VKORC1,TMED5,MTSS2,SMC1A,ZBTB8A,ANAPC7	0.09206213307240706
smad	null_smad_0052	MTERF3,CCDC186,ABHD12,MTSS2,STX7,CTDP1,SMIM20	0.09206213307240706
smad	null_smad_0053	MTERF3,FXYD6,PRCC,MTSS2,STX7,NSMF,TTC9C	0.09208659491193738
smad	null_smad_0054	RAB11FIP1,FXYD6,ABHD12,MTSS2,STX7,MED7,PSMB10	0.09208659491193738
smad	null_smad_0055	LRATD1,SMARCA1,SEMA4B,MTSS2,SMC1A,GMPPA,TTC9C	0.09208659491193738
smad	null_smad_0056	LRATD1,VKORC1,TNFSF12,MTSS2,STX7,MACROD1,SETD7	0.09206213307240706
smad	null_smad_0057	MTERF3,CCDC186,TTTY14,MTSS2,SMC1A,AKAP7,USP6NL	0.09206213307240706
smad	null_smad_0058	UTP14C,VKORC1,ABHD12,MTSS2,STX7,MED7,PRPF19	0.09206213307240706
smad	null_smad_0059	CHUK,SMARCA1,SEMA4B,MTSS2,SMC1A,NSMF,SMIM20	0.09208659491193738
smad	null_smad_0060	MTERF3,FXYD6,TNFSF12,MTSS2,SMC1A,MED7,ANAPC7	0.09208659491193738
smad	null_smad_0061	LRATD1,SMARCA1,TTTY14,MTSS2,SMC1A,MACROD1,SETD7	0.09208659491193738
smad	null_smad_0062	UTP14C,SMARCA1,TMED5,MTSS2,SMC1A,TMTC1,PRPF19	0.09208659491193738
smad	null_smad_0063	UTP14C,SMARCA1,TTTY14,MTSS2,STX7,AKAP7,ANAPC7	0.09208659491193738
smad	null_smad_0064	MTERF3,FXYD6,SEMA4B,MTSS2,SMC1A,TMTC1,TTC9C	0.09208659491193738
smad	null_smad_0065	SUSD4,CCDC186,ABHD12,MTSS2,STX7,ZBTB8A,SETD7	0.09206213307240706
smad	null_smad_0066	SUSD4,FXYD6,SEMA4B,MTSS2,STX7,NSMF,PSMB10	0.09208659491193738
smad	null_smad_0067	LRATD1,CCDC186,DAB2IP,MTSS2,SMC1A,TMTC1,SMIM20	0.09206213307240706
smad	null_smad_0068	MTERF3,SMARCA1,TNFSF12,MTSS2,SMC1A,NSMF,SETD7	0.09208659491193738
smad	null_smad_0069	CHUK,VKORC1,PRCC,MTSS2,SMC1A,WASHC2A,TTC9C	0.09206213307240706
smad	null_smad_0070	CHUK,SMARCA1,TTTY14,MTSS2,SMC1A,GMPPA,SETD7	0.09208659491193738
smad	null_smad_0071	SUSD4,VKORC1,TTTY14,MTSS2,SMC1A,TMTC1,SMIM20	0.09206213307240706
smad	null_smad_0072	LRATD1,VKORC1,ABHD12,MTSS2,SMC1A,GMPPA,TTC9C	0.09206213307240706
smad	null_smad_0073	RAB11FIP1,CCDC186,TNFSF12,MTSS2,SMC1A,TMTC1,SETD7	0.09206213307240706
smad	null_smad_0074	LRATD1,CCDC186,TNFSF12,MTSS2,SMC1A,NSMF,TTC9C	0.09206213307240706
smad	null_smad_0075	CHUK,VKORC1,TMED5,MTSS2,SMC1A,ZBTB8A,PSMB10	0.09206213307240706
smad	null_smad_0076	MTERF3,CCDC186,TMED5,MTSS2,SMC1A,MACROD1,ANAPC7	0.09206213307240706
smad	null_smad_0077	MTERF3,FXYD6,PRCC,MTSS2,STX7,AKAP7,ANAPC7	0.09208659491193738
smad	null_smad_0078	LRATD1,CCDC186,SEMA4B,MTSS2,SMC1A,TMTC1,PRPF19	0.09206213307240706
smad	null_smad_0079	SUSD4,SMARCA1,SEMA4B,MTSS2,SMC1A,ZBTB8A,SMIM20	0.09208659491193738
smad	null_smad_0080	UTP14C,SMARCA1,TNFSF12,MTSS2,SMC1A,AKAP7,PSMB10	0.09208659491193738
smad	null_smad_0081	UTP14C,SMARCA1,ABHD12,MTSS2,SMC1A,GMPPA,TTC9C	0.09208659491193738
smad	null_smad_0082	RAB11FIP1,VKORC1,TMED5,MTSS2,SMC1A,CTDP1,PRPF19	0.09206213307240706
smad	null_smad_0083	LRATD1,SMARCA1,PRCC,MTSS2,STX7,NSMF,TTC9C	0.09208659491193738
smad	null_smad_0084	UTP14C,FXYD6,TMED5,MTSS2,SMC1A,GMPPA,SMIM20	0.09208659491193738
smad	null_smad_0085	CHUK,SMARCA1,TMED5,MTSS2,STX7,NSMF,TTC9C	0.09208659491193738
smad	null_smad_0086	CHUK,CCDC186,TMED5,MTSS2,SMC1A,TMTC1,PRPF19	0.09206213307240706
smad	null_smad_0087	RAB11FIP1,SMARCA1,PRCC,MTSS2,STX7,NSMF,USP6NL	0.09208659491193738
smad	null_smad_0088	RAB11FIP1,SMARCA1,TMED5,MTSS2,SMC1A,NSMF,SETD7	0.09208659491193738
smad	null_smad_0089	SUSD4,FXYD6,TMED5,MTSS2,STX7,AKAP7,TTC9C	0.09208659491193738
smad	null_smad_0090	RAB11FIP1,VKORC1,PRCC,MTSS2,SMC1A,WASHC2A,PSMB10	0.09206213307240706
smad	null_smad_0091	CHUK,FXYD6,PRCC,MTSS2,STX7,AKAP7,SMIM20	0.09208659491193738
smad	null_smad_0092	SUSD4,FXYD6,DAB2IP,MTSS2,STX7,WASHC2A,TTC9C	0.09208659491193738
smad	null_smad_0093	SUSD4,FXYD6,SEMA4B,MTSS2,STX7,GMPPA,ANAPC7	0.09208659491193738
smad	null_smad_0094	CHUK,CCDC186,TNFSF12,MTSS2,STX7,TMTC1,USP6NL	0.09206213307240706
smad	null_smad_0095	LRATD1,CCDC186,DAB2IP,MTSS2,STX7,CTDP1,PSMB10	0.09206213307240706
smad	null_smad_0096	LRATD1,VKORC1,ABHD12,MTSS2,SMC1A,TMTC1,PSMB10	0.09206213307240706
smad	null_smad_0097	RAB11FIP1,CCDC186,SEMA4B,MTSS2,STX7,ZBTB8A,SETD7	0.09206213307240706
smad	null_smad_0098	RAB11FIP1,CCDC186,DAB2IP,MTSS2,STX7,MACROD1,USP6NL	0.09206213307240706
smad	null_smad_0099	MTERF3,VKORC1,TMED5,MTSS2,SMC1A,AKAP7,SETD7	0.09206213307240706
smad	null_smad_0100	MTERF3,CCDC186,TMED5,MTSS2,STX7,MACROD1,ANAPC7	0.09206213307240706
smad	null_smad_0101	CHUK,SMARCA1,DAB2IP,MTSS2,STX7,MACROD1,ANAPC7	0.09208659491193738
smad	null_smad_0102	LRATD1,CCDC186,TTTY14,MTSS2,STX7,GMPPA,PSMB10	0.09206213307240706
smad	null_smad_0103	LRATD1,VKORC1,ABHD12,MTSS2,SMC1A,NSMF,ANAPC7	0.09206213307240706
smad	null_smad_0104	RAB11FIP1,SMARCA1,TNFSF12,MTSS2,SMC1A,CTDP1,USP6NL	0.09208659491193738
smad	null_smad_0105	LRATD1,CCDC186,TNFSF12,MTSS2,STX7,WASHC2A,ANAPC7	0.09206213307240706
smad	null_smad_0106	CHUK,CCDC186,SEMA4B,MTSS2,SMC1A,MACROD1,PRPF19	0.09206213307240706
smad	null_smad_0107	SUSD4,FXYD6,DAB2IP,MTSS2,SMC1A,WASHC2A,TTC9C	0.09208659491193738
smad	null_smad_0108	RAB11FIP1,CCDC186,TNFSF12,MTSS2,STX7,GMPPA,PRPF19	0.09206213307240706
smad	null_smad_0109	SUSD4,FXYD6,TNFSF12,MTSS2,SMC1A,AKAP7,PRPF19	0.09208659491193738
smad	null_smad_0110	MTERF3,CCDC186,DAB2IP,MTSS2,STX7,CTDP1,SETD7	0.09206213307240706
smad	null_smad_0111	UTP14C,CCDC186,SEMA4B,MTSS2,STX7,AKAP7,TTC9C	0.09206213307240706
smad	null_smad_0112	RAB11FIP1,VKORC1,TNFSF12,MTSS2,SMC1A,MED7,SMIM20	0.09206213307240706
smad	null_smad_0113	LRATD1,CCDC186,TTTY14,MTSS2,STX7,MED7,PSMB10	0.09206213307240706
smad	null_smad_0114	SUSD4,FXYD6,TTTY14,MTSS2,SMC1A,MACROD1,SETD7	0.09208659491193738
smad	null_smad_0115	CHUK,VKORC1,DAB2IP,MTSS2,SMC1A,MACROD1,ANAPC7	0.09206213307240706
smad	null_smad_0116	LRATD1,SMARCA1,DAB2IP,MTSS2,STX7,NSMF,SMIM20	0.09208659491193738
smad	null_smad_0117	MTERF3,CCDC186,ABHD12,MTSS2,SMC1A,MED7,PSMB10	0.09206213307240706
smad	null_smad_0118	LRATD1,CCDC186,TTTY14,MTSS2,STX7,MED7,PRPF19	0.09206213307240706
smad	null_smad_0119	CHUK,CCDC186,ABHD12,MTSS2,STX7,GMPPA,USP6NL	0.09206213307240706
smad	null_smad_0120	UTP14C,CCDC186,TTTY14,MTSS2,STX7,GMPPA,SETD7	0.09206213307240706
smad	null_smad_0121	UTP14C,VKORC1,DAB2IP,MTSS2,STX7,GMPPA,SMIM20	0.09206213307240706
smad	null_smad_0122	RAB11FIP1,FXYD6,ABHD12,MTSS2,SMC1A,AKAP7,SETD7	0.09208659491193738
smad	null_smad_0123	RAB11FIP1,FXYD6,PRCC,MTSS2,STX7,ZBTB8A,USP6NL	0.09208659491193738
smad	null_smad_0124	SUSD4,FXYD6,DAB2IP,MTSS2,STX7,TMTC1,SMIM20	0.09208659491193738
smad	null_smad_0125	RAB11FIP1,SMARCA1,SEMA4B,MTSS2,STX7,CTDP1,PSMB10	0.09208659491193738
smad	null_smad_0126	SUSD4,FXYD6,TMED5,MTSS2,STX7,AKAP7,SETD7	0.09208659491193738
smad	null_smad_0127	UTP14C,FXYD6,TTTY14,MTSS2,STX7,CTDP1,PSMB10	0.09208659491193738
smad	null_smad_0128	LRATD1,VKORC1,TMED5,MTSS2,SMC1A,ZBTB8A,TTC9C	0.09206213307240706
smad	null_smad_0129	MTERF3,FXYD6,ABHD12,MTSS2,STX7,MACROD1,TTC9C	0.09208659491193738
smad	null_smad_0130	SUSD4,SMARCA1,TMED5,MTSS2,SMC1A,NSMF,SETD7	0.09208659491193738
smad	null_smad_0131	MTERF3,CCDC186,DAB2IP,MTSS2,STX7,ZBTB8A,TTC9C	0.09206213307240706
smad	null_smad_0132	UTP14C,FXYD6,SEMA4B,MTSS2,SMC1A,MACROD1,SMIM20	0.09208659491193738
smad	null_smad_0133	SUSD4,FXYD6,TMED5,MTSS2,STX7,CTDP1,PSMB10	0.09208659491193738
smad	null_smad_0134	LRATD1,CCDC186,ABHD12,MTSS2,SMC1A,MACROD1,SETD7	0.09206213307240706
smad	null_smad_0135	MTERF3,SMARCA1,ABHD12,MTSS2,STX7,ZBTB8A,PSMB10	0.09208659491193738
smad	null_smad_0136	RAB11FIP1,SMARCA1,SEMA4B,MTSS2,SMC1A,MACROD1,PRPF19	0.09208659491193738
smad	null_smad_0137	SUSD4,VKORC1,TNFSF12,MTSS2,SMC1A,ZBTB8A,ANAPC7	0.09206213307240706
smad	null_smad_0138	RAB11FIP1,CCDC186,TNFSF12,MTSS2,STX7,CTDP1,TTC9C	0.09206213307240706
smad	null_smad_0139	CHUK,FXYD6,TNFSF12,MTSS2,SMC1A,AKAP7,PRPF19	0.09208659491193738
smad	null_smad_0140	MTERF3,VKORC1,TNFSF12,MTSS2,STX7,ZBTB8A,SMIM20	0.09206213307240706
smad	null_smad_0141	LRATD1,SMARCA1,TNFSF12,MTSS2,STX7,AKAP7,SMIM20	0.09208659491193738
smad	null_smad_0142	RAB11FIP1,CCDC186,TTTY14,MTSS2,SMC1A,AKAP7,PSMB10	0.09206213307240706
smad	null_smad_0143	UTP14C,FXYD6,TTTY14,MTSS2,STX7,MED7,ANAPC7	0.09208659491193738
smad	null_smad_0144	SUSD4,SMARCA1,ABHD12,MTSS2,STX7,CTDP1,SETD7	0.09208659491193738
smad	null_smad_0145	CHUK,CCDC186,TMED5,MTSS2,STX7,GMPPA,SMIM20	0.09206213307240706
smad	null_smad_0146	UTP14C,VKORC1,TTTY14,MTSS2,STX7,MACROD1,PRPF19	0.09206213307240706
smad	null_smad_0147	CHUK,CCDC186,ABHD12,MTSS2,SMC1A,WASHC2A,TTC9C	0.09206213307240706
smad	null_smad_0148	RAB11FIP1,FXYD6,TNFSF12,MTSS2,STX7,WASHC2A,SETD7	0.09208659491193738
smad	null_smad_0149	CHUK,FXYD6,TNFSF12,MTSS2,SMC1A,WASHC2A,SMIM20	0.09208659491193738
smad	null_smad_0150	CHUK,FXYD6,ABHD12,MTSS2,SMC1A,NSMF,SETD7	0.09208659491193738
smad	null_smad_0151	CHUK,SMARCA1,TMED5,MTSS2,SMC1A,CTDP1,USP6NL	0.09208659491193738
smad	null_smad_0152	UTP14C,SMARCA1,TMED5,MTSS2,STX7,CTDP1,PRPF19	0.09208659491193738
smad	null_smad_0153	LRATD1,CCDC186,ABHD12,MTSS2,SMC1A,ZBTB8A,ANAPC7	0.09206213307240706
smad	null_smad_0154	MTERF3,VKORC1,TNFSF12,MTSS2,SMC1A,NSMF,PRPF19	0.09206213307240706
smad	null_smad_0155	CHUK,CCDC186,ABHD12,MTSS2,STX7,NSMF,TTC9C	0.09206213307240706
smad	null_smad_0156	SUSD4,VKORC1,TNFSF12,MTSS2,SMC1A,MACROD1,SMIM20	0.09206213307240706
smad	null_smad_0157	SUSD4,VKORC1,TMED5,MTSS2,STX7,MED7,SMIM20	0.09206213307240706
smad	null_smad_0158	CHUK,CCDC186,PRCC,MTSS2,SMC1A,AKAP7,SETD7	0.09206213307240706
smad	null_smad_0159	LRATD1,CCDC186,TTTY14,MTSS2,STX7,MED7,USP6NL	0.09206213307240706
smad	null_smad_0160	UTP14C,CCDC186,TNFSF12,MTSS2,STX7,AKAP7,USP6NL	0.09206213307240706
smad	null_smad_0161	RAB11FIP1,CCDC186,DAB2IP,MTSS2,SMC1A,NSMF,ANAPC7	0.09206213307240706
smad	null_smad_0162	CHUK,SMARCA1,TNFSF12,MTSS2,STX7,CTDP1,USP6NL	0.09208659491193738
smad	null_smad_0163	LRATD1,CCDC186,PRCC,MTSS2,STX7,WASHC2A,ANAPC7	0.09206213307240706
smad	null_smad_0164	CHUK,FXYD6,ABHD12,MTSS2,SMC1A,NSMF,TTC9C	0.09208659491193738
smad	null_smad_0165	MTERF3,CCDC186,TNFSF12,MTSS2,SMC1A,CTDP1,USP6NL	0.09206213307240706
smad	null_smad_0166	LRATD1,FXYD6,PRCC,MTSS2,SMC1A,AKAP7,PRPF19	0.09208659491193738
smad	null_smad_0167	RAB11FIP1,CCDC186,TTTY14,MTSS2,STX7,AKAP7,PRPF19	0.09206213307240706
smad	null_smad_0168	UTP14C,CCDC186,TNFSF12,MTSS2,SMC1A,MED7,USP6NL	0.09206213307240706
smad	null_smad_0169	LRATD1,SMARCA1,TTTY14,MTSS2,STX7,CTDP1,TTC9C	0.09208659491193738
smad	null_smad_0170	RAB11FIP1,CCDC186,DAB2IP,MTSS2,SMC1A,GMPPA,PRPF19	0.09206213307240706
smad	null_smad_0171	UTP14C,VKORC1,SEMA4B,MTSS2,SMC1A,AKAP7,USP6NL	0.09206213307240706
smad	null_smad_0172	RAB11FIP1,FXYD6,SEMA4B,MTSS2,SMC1A,WASHC2A,SMIM20	0.09208659491193738
smad	null_smad_0173	RAB11FIP1,SMARCA1,TMED5,MTSS2,SMC1A,AKAP7,TTC9C	0.09208659491193738
smad	null_smad_0174	SUSD4,CCDC186,PRCC,MTSS2,STX7,MACROD1,SETD7	0.09206213307240706
smad	null_smad_0175	RAB11FIP1,VKORC1,TMED5,MTSS2,SMC1A,NSMF,ANAPC7	0.09206213307240706
smad	null_smad_0176	UTP14C,SMARCA1,TNFSF12,MTSS2,STX7,TMTC1,SMIM20	0.09208659491193738
smad	null_smad_0177	LRATD1,SMARCA1,SEMA4B,MTSS2,STX7,AKAP7,TTC9C	0.09208659491193738
smad	null_smad_0178	MTERF3,VKORC1,TTTY14,MTSS2,STX7,WASHC2A,ANAPC7	0.09206213307240706
smad	null_smad_0179	RAB11FIP1,SMARCA1,ABHD12,MTSS2,SMC1A,MED7,SETD7	0.09208659491193738
smad	null_smad_0180	RAB11FIP1,VKORC1,TNFSF12,MTSS2,STX7,AKAP7,USP6NL	0.09206213307240706
smad	null_smad_0181	SUSD4,FXYD6,TNFSF12,MTSS2,STX7,ZBTB8A,SMIM20	0.09208659491193738
smad	null_smad_0182	RAB11FIP1,CCDC186,TNFSF12,MTSS2,STX7,CTDP1,ANAPC7	0.09206213307240706
smad	null_smad_0183	MTERF3,SMARCA1,PRCC,MTSS2,SMC1A,CTDP1,PRPF19	0.09208659491193738
smad	null_smad_0184	MTERF3,CCDC186,PRCC,MTSS2,STX7,ZBTB8A,PRPF19	0.09206213307240706
smad	null_smad_0185	CHUK,SMARCA1,DAB2IP,MTSS2,STX7,NSMF,PSMB10	0.09208659491193738
smad	null_smad_0186	CHUK,CCDC186,TMED5,MTSS2,STX7,ZBTB8A,TTC9C	0.09206213307240706
smad	null_smad_0187	CHUK,FXYD6,DAB2IP,MTSS2,STX7,GMPPA,SMIM20	0.09208659491193738
smad	null_smad_0188	SUSD4,VKORC1,TTTY14,MTSS2,SMC1A,TMTC1,PSMB10	0.09206213307240706
smad	null_smad_0189	UTP14C,VKORC1,PRCC,MTSS2,SMC1A,AKAP7,ANAPC7	0.09206213307240706
smad	null_smad_0190	RAB11FIP1,CCDC186,TMED5,MTSS2,SMC1A,NSMF,PRPF19	0.09206213307240706
smad	null_smad_0191	SUSD4,CCDC186,ABHD12,MTSS2,STX7,TMTC1,SETD7	0.09206213307240706
smad	null_smad_0192	RAB11FIP1,VKORC1,PRCC,MTSS2,STX7,CTDP1,USP6NL	0.09206213307240706
smad	null_smad_0193	MTERF3,FXYD6,SEMA4B,MTSS2,SMC1A,TMTC1,SMIM20	0.09208659491193738
smad	null_smad_0194	RAB11FIP1,CCDC186,TTTY14,MTSS2,SMC1A,ZBTB8A,ANAPC7	0.09206213307240706
smad	null_smad_0195	RAB11FIP1,VKORC1,ABHD12,MTSS2,STX7,WASHC2A,SMIM20	0.09206213307240706
smad	null_smad_0196	LRATD1,CCDC186,SEMA4B,MTSS2,SMC1A,NSMF,TTC9C	0.09206213307240706
smad	null_smad_0197	RAB11FIP1,SMARCA1,ABHD12,MTSS2,STX7,MED7,PSMB10	0.09208659491193738
smad	null_smad_0198	CHUK,VKORC1,TNFSF12,MTSS2,STX7,ZBTB8A,SMIM20	0.09206213307240706
smad	null_smad_0199	CHUK,CCDC186,ABHD12,MTSS2,STX7,TMTC1,ANAPC7	0.09206213307240706
smad	null_smad_0200	UTP14C,FXYD6,DAB2IP,MTSS2,STX7,MACROD1,TTC9C	0.09208659491193738
smad	null_smad_0201	LRATD1,VKORC1,PRCC,MTSS2,STX7,ZBTB8A,SMIM20	0.09206213307240706
smad	null_smad_0202	CHUK,SMARCA1,SEMA4B,MTSS2,SMC1A,NSMF,ANAPC7	0.09208659491193738
smad	null_smad_0203	LRATD1,CCDC186,DAB2IP,MTSS2,SMC1A,ZBTB8A,USP6NL	0.09206213307240706
smad	null_smad_0204	RAB11FIP1,CCDC186,DAB2IP,MTSS2,STX7,AKAP7,TTC9C	0.09206213307240706
smad	null_smad_0205	RAB11FIP1,CCDC186,DAB2IP,MTSS2,STX7,TMTC1,SMIM20	0.09206213307240706
smad	null_smad_0206	RAB11FIP1,FXYD6,TMED5,MTSS2,SMC1A,CTDP1,SETD7	0.09208659491193738
smad	null_smad_0207	UTP14C,CCDC186,DAB2IP,MTSS2,STX7,GMPPA,PSMB10	0.09206213307240706
smad	null_smad_0208	CHUK,VKORC1,PRCC,MTSS2,SMC1A,GMPPA,TTC9C	0.09206213307240706
smad	null_smad_0209	SUSD4,CCDC186,SEMA4B,MTSS2,SMC1A,MED7,SMIM20	0.09206213307240706
smad	null_smad_0210	CHUK,VKORC1,TNFSF12,MTSS2,STX7,ZBTB8A,SETD7	0.09206213307240706
smad	null_smad_0211	SUSD4,FXYD6,PRCC,MTSS2,STX7,MED7,SETD7	0.09208659491193738
smad	null_smad_0212	LRATD1,VKORC1,DAB2IP,MTSS2,STX7,MACROD1,SETD7	0.09206213307240706
smad	null_smad_0213	MTERF3,VKORC1,TTTY14,MTSS2,SMC1A,ZBTB8A,SMIM20	0.09206213307240706
smad	null_smad_0214	UTP14C,VKORC1,SEMA4B,MTSS2,STX7,AKAP7,ANAPC7	0.09206213307240706
smad	null_smad_0215	CHUK,CCDC186,TTTY14,MTSS2,STX7,MED7,ANAPC7	0.09206213307240706
smad	null_smad_0216	MTERF3,SMARCA1,SEMA4B,MTSS2,STX7,TMTC1,USP6NL	0.09208659491193738
smad	null_smad_0217	SUSD4,FXYD6,DAB2IP,MTSS2,SMC1A,MED7,SETD7	0.09208659491193738
smad	null_smad_0218	CHUK,SMARCA1,SEMA4B,MTSS2,STX7,CTDP1,SETD7	0.09208659491193738
smad	null_smad_0219	LRATD1,FXYD6,TTTY14,MTSS2,SMC1A,TMTC1,PSMB10	0.09208659491193738
smad	null_smad_0220	MTERF3,VKORC1,TMED5,MTSS2,SMC1A,TMTC1,SETD7	0.09206213307240706
smad	null_smad_0221	MTERF3,CCDC186,PRCC,MTSS2,STX7,ZBTB8A,PSMB10	0.09206213307240706
smad	null_smad_0222	CHUK,CCDC186,TTTY14,MTSS2,STX7,GMPPA,SETD7	0.09206213307240706
smad	null_smad_0223	SUSD4,VKORC1,TTTY14,MTSS2,STX7,NSMF,PRPF19	0.09206213307240706
smad	null_smad_0224	CHUK,FXYD6,ABHD12,MTSS2,SMC1A,CTDP1,PRPF19	0.09208659491193738
smad	null_smad_0225	CHUK,FXYD6,TNFSF12,MTSS2,SMC1A,GMPPA,SMIM20	0.09208659491193738
smad	null_smad_0226	UTP14C,SMARCA1,SEMA4B,MTSS2,SMC1A,AKAP7,USP6NL	0.09208659491193738
smad	null_smad_0227	RAB11FIP1,VKORC1,DAB2IP,MTSS2,SMC1A,TMTC1,USP6NL	0.09206213307240706
smad	null_smad_0228	LRATD1,SMARCA1,DAB2IP,MTSS2,SMC1A,AKAP7,TTC9C	0.09208659491193738
smad	null_smad_0229	UTP14C,SMARCA1,SEMA4B,MTSS2,SMC1A,TMTC1,USP6NL	0.09208659491193738
smad	null_smad_0230	MTERF3,VKORC1,TNFSF12,MTSS2,SMC1A,MED7,TTC9C	0.09206213307240706
smad	null_smad_0231	UTP14C,SMARCA1,TTTY14,MTSS2,STX7,TMTC1,SMIM20	0.09208659491193738
smad	null_smad_0232	LRATD1,CCDC186,TTTY14,MTSS2,SMC1A,CTDP1,SETD7	0.09206213307240706
smad	null_smad_0233	MTERF3,CCDC186,TNFSF12,MTSS2,SMC1A,WASHC2A,PRPF19	0.09206213307240706
smad	null_smad_0234	UTP14C,VKORC1,DAB2IP,MTSS2,SMC1A,GMPPA,SMIM20	0.09206213307240706
smad	null_smad_0235	MTERF3,VKORC1,ABHD12,MTSS2,SMC1A,AKAP7,PRPF19	0.09206213307240706
smad	null_smad_0236	MTERF3,FXYD6,ABHD12,MTSS2,STX7,NSMF,USP6NL	0.09208659491193738
smad	null_smad_0237	CHUK,FXYD6,TTTY14,MTSS2,SMC1A,NSMF,PRPF19	0.09208659491193738
smad	null_smad_0238	MTERF3,SMARCA1,DAB2IP,MTSS2,SMC1A,MED7,TTC9C	0.09208659491193738
smad	null_smad_0239	SUSD4,SMARCA1,TMED5,MTSS2,SMC1A,TMTC1,PSMB10	0.09208659491193738
smad	null_smad_0240	SUSD4,VKORC1,DAB2IP,MTSS2,STX7,WASHC2A,SETD7	0.09206213307240706
smad	null_smad_0241	UTP14C,FXYD6,PRCC,MTSS2,SMC1A,AKAP7,ANAPC7	0.09208659491193738
smad	null_smad_0242	MTERF3,CCDC186,TMED5,MTSS2,SMC1A,MACROD1,PRPF19	0.09206213307240706
smad	null_smad_0243	LRATD1,CCDC186,TTTY14,MTSS2,STX7,NSMF,USP6NL	0.09206213307240706
smad	null_smad_0244	LRATD1,SMARCA1,TNFSF12,MTSS2,STX7,ZBTB8A,TTC9C	0.09208659491193738
smad	null_smad_0245	UTP14C,VKORC1,TTTY14,MTSS2,STX7,NSMF,SETD7	0.09206213307240706
smad	null_smad_0246	CHUK,CCDC186,SEMA4B,MTSS2,SMC1A,ZBTB8A,TTC9C	0.09206213307240706
smad	null_smad_0247	CHUK,VKORC1,ABHD12,MTSS2,STX7,CTDP1,TTC9C	0.09206213307240706
smad	null_smad_0248	CHUK,SMARCA1,TMED5,MTSS2,STX7,WASHC2A,PSMB10	0.09208659491193738
smad	null_smad_0249	SUSD4,SMARCA1,SEMA4B,MTSS2,STX7,AKAP7,TTC9C	0.09208659491193738
smad	null_smad_0250	RAB11FIP1,CCDC186,PRCC,MTSS2,SMC1A,MACROD1,PRPF19	0.09206213307240706
smad	null_smad_0251	LRATD1,SMARCA1,ABHD12,MTSS2,STX7,NSMF,SETD7	0.09208659491193738
smad	null_smad_0252	LRATD1,SMARCA1,SEMA4B,MTSS2,STX7,NSMF,TTC9C	0.09208659491193738
smad	null_smad_0253	RAB11FIP1,FXYD6,TNFSF12,MTSS2,STX7,ZBTB8A,SMIM20	0.09208659491193738
smad	null_smad_0254	CHUK,VKORC1,SEMA4B,MTSS2,SMC1A,TMTC1,TTC9C	0.09206213307240706
smad	null_smad_0255	SUSD4,SMARCA1,TNFSF12,MTSS2,SMC1A,MACROD1,SETD7	0.09208659491193738
smad	null_smad_0256	RAB11FIP1,VKORC1,SEMA4B,MTSS2,STX7,MED7,PSMB10	0.09206213307240706
smad	null_smad_0257	LRATD1,VKORC1,SEMA4B,MTSS2,SMC1A,AKAP7,USP6NL	0.09206213307240706
smad	null_smad_0258	SUSD4,SMARCA1,TMED5,MTSS2,SMC1A,NSMF,PRPF19	0.09208659491193738
smad	null_smad_0259	UTP14C,SMARCA1,TMED5,MTSS2,STX7,NSMF,TTC9C	0.09208659491193738
smad	null_smad_0260	MTERF3,SMARCA1,TTTY14,MTSS2,STX7,TMTC1,TTC9C	0.09208659491193738
smad	null_smad_0261	RAB11FIP1,VKORC1,ABHD12,MTSS2,STX7,GMPPA,USP6NL	0.09206213307240706
smad	null_smad_0262	UTP14C,VKORC1,PRCC,MTSS2,SMC1A,MED7,PSMB10	0.09206213307240706
smad	null_smad_0263	SUSD4,VKORC1,TTTY14,MTSS2,SMC1A,MACROD1,PRPF19	0.09206213307240706
smad	null_smad_0264	CHUK,VKORC1,PRCC,MTSS2,SMC1A,MED7,SMIM20	0.09206213307240706
smad	null_smad_0265	MTERF3,FXYD6,ABHD12,MTSS2,SMC1A,MACROD1,PRPF19	0.09208659491193738
smad	null_smad_0266	SUSD4,VKORC1,TMED5,MTSS2,STX7,CTDP1,USP6NL	0.09206213307240706
smad	null_smad_0267	UTP14C,SMARCA1,DAB2IP,MTSS2,STX7,NSMF,SETD7	0.09208659491193738
smad	null_smad_0268	LRATD1,VKORC1,DAB2IP,MTSS2,SMC1A,CTDP1,USP6NL	0.09206213307240706
smad	null_smad_0269	CHUK,SMARCA1,ABHD12,MTSS2,STX7,ZBTB8A,PSMB10	0.09208659491193738
smad	null_smad_0270	SUSD4,SMARCA1,TMED5,MTSS2,SMC1A,WASHC2A,SETD7	0.09208659491193738
smad	null_smad_0271	SUSD4,VKORC1,TMED5,MTSS2,SMC1A,WASHC2A,PSMB10	0.09206213307240706
smad	null_smad_0272	LRATD1,CCDC186,TTTY14,MTSS2,SMC1A,ZBTB8A,SETD7	0.09206213307240706
smad	null_smad_0273	LRATD1,CCDC186,TNFSF12,MTSS2,SMC1A,NSMF,TTC9C	0.09206213307240706
smad	null_smad_0274	CHUK,SMARCA1,ABHD12,MTSS2,SMC1A,NSMF,TTC9C	0.09208659491193738
smad	null_smad_0275	MTERF3,FXYD6,TNFSF12,MTSS2,STX7,WASHC2A,PRPF19	0.09208659491193738
smad	null_smad_0276	CHUK,SMARCA1,ABHD12,MTSS2,SMC1A,MED7,TTC9C	0.09208659491193738
smad	null_smad_0277	MTERF3,SMARCA1,DAB2IP,MTSS2,STX7,WASHC2A,USP6NL	0.09208659491193738
smad	null_smad_0278	UTP14C,VKORC1,DAB2IP,MTSS2,STX7,CTDP1,ANAPC7	0.09206213307240706
smad	null_smad_0279	MTERF3,FXYD6,ABHD12,MTSS2,SMC1A,ZBTB8A,PRPF19	0.09208659491193738
smad	null_smad_0280	RAB11FIP1,FXYD6,PRCC,MTSS2,STX7,NSMF,ANAPC7	0.09208659491193738
smad	null_smad_0281	CHUK,CCDC186,DAB2IP,MTSS2,STX7,GMPPA,PRPF19	0.09206213307240706
smad	null_smad_0282	LRATD1,CCDC186,ABHD12,MTSS2,SMC1A,AKAP7,PSMB10	0.09206213307240706
smad	null_smad_0283	RAB11FIP1,SMARCA1,TNFSF12,MTSS2,SMC1A,ZBTB8A,ANAPC7	0.09208659491193738
smad	null_smad_0284	MTERF3,FXYD6,SEMA4B,MTSS2,STX7,ZBTB8A,PRPF19	0.09208659491193738
smad	null_smad_0285	UTP14C,VKORC1,TMED5,MTSS2,SMC1A,GMPPA,PSMB10	0.09206213307240706
smad	null_smad_0286	LRATD1,CCDC186,ABHD12,MTSS2,SMC1A,ZBTB8A,SMIM20	0.09206213307240706
smad	null_smad_0287	UTP14C,VKORC1,TTTY14,MTSS2,SMC1A,ZBTB8A,ANAPC7	0.09206213307240706
smad	null_smad_0288	SUSD4,SMARCA1,TTTY14,MTSS2,STX7,ZBTB8A,SETD7	0.09208659491193738
smad	null_smad_0289	LRATD1,CCDC186,TNFSF12,MTSS2,SMC1A,TMTC1,TTC9C	0.09206213307240706
smad	null_smad_0290	SUSD4,VKORC1,TTTY14,MTSS2,STX7,GMPPA,ANAPC7	0.09206213307240706
smad	null_smad_0291	LRATD1,VKORC1,TTTY14,MTSS2,STX7,AKAP7,SMIM20	0.09206213307240706
smad	null_smad_0292	MTERF3,FXYD6,TMED5,MTSS2,SMC1A,ZBTB8A,SETD7	0.09208659491193738
smad	null_smad_0293	CHUK,SMARCA1,SEMA4B,MTSS2,STX7,ZBTB8A,TTC9C	0.09208659491193738
smad	null_smad_0294	LRATD1,FXYD6,ABHD12,MTSS2,STX7,WASHC2A,SETD7	0.09208659491193738
smad	null_smad_0295	LRATD1,FXYD6,TNFSF12,MTSS2,STX7,ZBTB8A,PRPF19	0.09208659491193738
smad	null_smad_0296	UTP14C,FXYD6,TMED5,MTSS2,SMC1A,GMPPA,TTC9C	0.09208659491193738
smad	null_smad_0297	CHUK,SMARCA1,PRCC,MTSS2,SMC1A,AKAP7,TTC9C	0.09208659491193738
smad	null_smad_0298	CHUK,FXYD6,DAB2IP,MTSS2,SMC1A,CTDP1,PRPF19	0.09208659491193738
smad	null_smad_0299	LRATD1,FXYD6,ABHD12,MTSS2,STX7,TMTC1,SETD7	0.09208659491193738
smad	null_smad_0300	UTP14C,CCDC186,DAB2IP,MTSS2,SMC1A,GMPPA,PSMB10	0.09206213307240706
smad	null_smad_0301	SUSD4,CCDC186,SEMA4B,MTSS2,STX7,NSMF,SETD7	0.09206213307240706
smad	null_smad_0302	CHUK,VKORC1,SEMA4B,MTSS2,SMC1A,AKAP7,TTC9C	0.09206213307240706
smad	null_smad_0303	SUSD4,VKORC1,TMED5,MTSS2,STX7,CTDP1,PRPF19	0.09206213307240706
smad	null_smad_0304	CHUK,VKORC1,SEMA4B,MTSS2,SMC1A,MACROD1,ANAPC7	0.09206213307240706
smad	null_smad_0305	LRATD1,FXYD6,TMED5,MTSS2,SMC1A,ZBTB8A,SMIM20	0.09208659491193738
smad	null_smad_0306	UTP14C,SMARCA1,TTTY14,MTSS2,SMC1A,MACROD1,PRPF19	0.09208659491193738
smad	null_smad_0307	CHUK,CCDC186,TNFSF12,MTSS2,SMC1A,CTDP1,USP6NL	0.09206213307240706
smad	null_smad_0308	LRATD1,CCDC186,PRCC,MTSS2,STX7,TMTC1,USP6NL	0.09206213307240706
smad	null_smad_0309	LRATD1,SMARCA1,PRCC,MTSS2,STX7,NSMF,SMIM20	0.09208659491193738
smad	null_smad_0310	RAB11FIP1,FXYD6,DAB2IP,MTSS2,SMC1A,ZBTB8A,SETD7	0.09208659491193738
smad	null_smad_0311	SUSD4,VKORC1,ABHD12,MTSS2,STX7,MACROD1,SETD7	0.09206213307240706
smad	null_smad_0312	SUSD4,FXYD6,TTTY14,MTSS2,STX7,CTDP1,TTC9C	0.09208659491193738
smad	null_smad_0313	LRATD1,CCDC186,ABHD12,MTSS2,STX7,NSMF,SETD7	0.09206213307240706
smad	null_smad_0314	UTP14C,SMARCA1,TNFSF12,MTSS2,STX7,NSMF,USP6NL	0.09208659491193738
smad	null_smad_0315	LRATD1,CCDC186,DAB2IP,MTSS2,SMC1A,ZBTB8A,TTC9C	0.09206213307240706
smad	null_smad_0316	SUSD4,FXYD6,PRCC,MTSS2,SMC1A,NSMF,SMIM20	0.09208659491193738
smad	null_smad_0317	SUSD4,VKORC1,ABHD12,MTSS2,STX7,NSMF,PSMB10	0.09206213307240706
smad	null_smad_0318	MTERF3,CCDC186,TMED5,MTSS2,SMC1A,TMTC1,PSMB10	0.09206213307240706
smad	null_smad_0319	CHUK,FXYD6,TNFSF12,MTSS2,STX7,AKAP7,SMIM20	0.09208659491193738
smad	null_smad_0320	CHUK,VKORC1,ABHD12,MTSS2,SMC1A,MACROD1,PSMB10	0.09206213307240706
smad	null_smad_0321	UTP14C,FXYD6,ABHD12,MTSS2,STX7,WASHC2A,PRPF19	0.09208659491193738
smad	null_smad_0322	LRATD1,SMARCA1,PRCC,MTSS2,STX7,ZBTB8A,PSMB10	0.09208659491193738
smad	null_smad_0323	CHUK,VKORC1,DAB2IP,MTSS2,STX7,ZBTB8A,SETD7	0.09206213307240706
smad	null_smad_0324	RAB11FIP1,CCDC186,TTTY14,MTSS2,STX7,WASHC2A,TTC9C	0.09206213307240706
smad	null_smad_0325	SUSD4,SMARCA1,DAB2IP,MTSS2,STX7,NSMF,PRPF19	0.09208659491193738
smad	null_smad_0326	MTERF3,SMARCA1,DAB2IP,MTSS2,STX7,NSMF,PSMB10	0.09208659491193738
smad	null_smad_0327	CHUK,FXYD6,PRCC,MTSS2,SMC1A,WASHC2A,TTC9C	0.09208659491193738
smad	null_smad_0328	CHUK,VKORC1,TMED5,MTSS2,STX7,NSMF,TTC9C	0.09206213307240706
smad	null_smad_0329	RAB11FIP1,VKORC1,DAB2IP,MTSS2,SMC1A,TMTC1,USP6NL	0.09206213307240706
smad	null_smad_0330	RAB11FIP1,SMARCA1,TMED5,MTSS2,STX7,AKAP7,SETD7	0.09208659491193738
smad	null_smad_0331	MTERF3,FXYD6,PRCC,MTSS2,SMC1A,MED7,USP6NL	0.09208659491193738
smad	null_smad_0332	SUSD4,CCDC186,TMED5,MTSS2,STX7,NSMF,TTC9C	0.09206213307240706
smad	null_smad_0333	SUSD4,FXYD6,PRCC,MTSS2,SMC1A,WASHC2A,PRPF19	0.09208659491193738
smad	null_smad_0334	UTP14C,FXYD6,TMED5,MTSS2,STX7,CTDP1,TTC9C	0.09208659491193738
smad	null_smad_0335	LRATD1,CCDC186,PRCC,MTSS2,STX7,NSMF,USP6NL	0.09206213307240706
smad	null_smad_0336	SUSD4,SMARCA1,TTTY14,MTSS2,SMC1A,NSMF,PRPF19	0.09208659491193738
smad	null_smad_0337	LRATD1,FXYD6,TTTY14,MTSS2,STX7,CTDP1,PRPF19	0.09208659491193738
smad	null_smad_0338	CHUK,VKORC1,TTTY14,MTSS2,STX7,CTDP1,SETD7	0.09206213307240706
smad	null_smad_0339	RAB11FIP1,CCDC186,ABHD12,MTSS2,STX7,ZBTB8A,TTC9C	0.09206213307240706
smad	null_smad_0340	UTP14C,VKORC1,SEMA4B,MTSS2,SMC1A,CTDP1,TTC9C	0.09206213307240706
smad	null_smad_0341	CHUK,SMARCA1,DAB2IP,MTSS2,SMC1A,ZBTB8A,SMIM20	0.09208659491193738
smad	null_smad_0342	CHUK,SMARCA1,PRCC,MTSS2,STX7,WASHC2A,ANAPC7	0.09208659491193738
smad	null_smad_0343	SUSD4,VKORC1,DAB2IP,MTSS2,STX7,CTDP1,SMIM20	0.09206213307240706
smad	null_smad_0344	UTP14C,CCDC186,DAB2IP,MTSS2,SMC1A,MED7,ANAPC7	0.09206213307240706
smad	null_smad_0345	SUSD4,FXYD6,ABHD12,MTSS2,SMC1A,MACROD1,SMIM20	0.09208659491193738
smad	null_smad_0346	SUSD4,SMARCA1,SEMA4B,MTSS2,STX7,TMTC1,USP6NL	0.09208659491193738
smad	null_smad_0347	RAB11FIP1,FXYD6,DAB2IP,MTSS2,STX7,MACROD1,SMIM20	0.09208659491193738
smad	null_smad_0348	RAB11FIP1,VKORC1,SEMA4B,MTSS2,STX7,TMTC1,SETD7	0.09206213307240706
smad	null_smad_0349	MTERF3,FXYD6,PRCC,MTSS2,STX7,GMPPA,PSMB10	0.09208659491193738
smad	null_smad_0350	LRATD1,SMARCA1,TNFSF12,MTSS2,STX7,GMPPA,ANAPC7	0.09208659491193738
smad	null_smad_0351	UTP14C,VKORC1,PRCC,MTSS2,SMC1A,ZBTB8A,PSMB10	0.09206213307240706
smad	null_smad_0352	RAB11FIP1,VKORC1,ABHD12,MTSS2,STX7,ZBTB8A,SETD7	0.09206213307240706
smad	null_smad_0353	UTP14C,CCDC186,DAB2IP,MTSS2,SMC1A,TMTC1,TTC9C	0.09206213307240706
smad	null_smad_0354	CHUK,SMARCA1,ABHD12,MTSS2,SMC1A,TMTC1,PRPF19	0.09208659491193738
smad	null_smad_0355	LRATD1,CCDC186,TNFSF12,MTSS2,STX7,NSMF,ANAPC7	0.09206213307240706
smad	null_smad_0356	UTP14C,SMARCA1,DAB2IP,MTSS2,SMC1A,ZBTB8A,PRPF19	0.09208659491193738
smad	null_smad_0357	RAB11FIP1,VKORC1,TTTY14,MTSS2,STX7,GMPPA,USP6NL	0.09206213307240706
smad	null_smad_0358	SUSD4,VKORC1,PRCC,MTSS2,STX7,CTDP1,PRPF19	0.09206213307240706
smad	null_smad_0359	UTP14C,SMARCA1,DAB2IP,MTSS2,SMC1A,GMPPA,SETD7	0.09208659491193738
smad	null_smad_0360	LRATD1,FXYD6,TTTY14,MTSS2,STX7,WASHC2A,ANAPC7	0.09208659491193738
smad	null_smad_0361	MTERF3,VKORC1,ABHD12,MTSS2,SMC1A,TMTC1,USP6NL	0.09206213307240706
smad	null_smad_0362	RAB11FIP1,CCDC186,SEMA4B,MTSS2,SMC1A,AKAP7,TTC9C	0.09206213307240706
smad	null_smad_0363	UTP14C,FXYD6,DAB2IP,MTSS2,SMC1A,WASHC2A,PRPF19	0.09208659491193738
smad	null_smad_0364	MTERF3,VKORC1,TNFSF12,MTSS2,SMC1A,ZBTB8A,SETD7	0.09206213307240706
smad	null_smad_0365	CHUK,FXYD6,TMED5,MTSS2,STX7,MACROD1,PRPF19	0.09208659491193738
smad	null_smad_0366	LRATD1,VKORC1,SEMA4B,MTSS2,STX7,ZBTB8A,PSMB10	0.09206213307240706
smad	null_smad_0367	SUSD4,FXYD6,TTTY14,MTSS2,STX7,MED7,PSMB10	0.09208659491193738
smad	null_smad_0368	UTP14C,FXYD6,ABHD12,MTSS2,STX7,MACROD1,PSMB10	0.09208659491193738
smad	null_smad_0369	LRATD1,VKORC1,PRCC,MTSS2,STX7,AKAP7,TTC9C	0.09206213307240706
smad	null_smad_0370	MTERF3,VKORC1,TMED5,MTSS2,SMC1A,MACROD1,USP6NL	0.09206213307240706
smad	null_smad_0371	MTERF3,VKORC1,ABHD12,MTSS2,STX7,MACROD1,PRPF19	0.09206213307240706
smad	null_smad_0372	LRATD1,SMARCA1,DAB2IP,MTSS2,STX7,MED7,TTC9C	0.09208659491193738
smad	null_smad_0373	CHUK,SMARCA1,TMED5,MTSS2,STX7,TMTC1,PSMB10	0.09208659491193738
smad	null_smad_0374	SUSD4,FXYD6,DAB2IP,MTSS2,STX7,GMPPA,SETD7	0.09208659491193738
smad	null_smad_0375	CHUK,CCDC186,TNFSF12,MTSS2,STX7,NSMF,PRPF19	0.09206213307240706
smad	null_smad_0376	CHUK,CCDC186,PRCC,MTSS2,STX7,GMPPA,SETD7	0.09206213307240706
smad	null_smad_0377	LRATD1,VKORC1,TTTY14,MTSS2,STX7,TMTC1,PRPF19	0.09206213307240706
smad	null_smad_0378	RAB11FIP1,VKORC1,TMED5,MTSS2,STX7,AKAP7,SETD7	0.09206213307240706
smad	null_smad_0379	SUSD4,FXYD6,DAB2IP,MTSS2,SMC1A,MED7,SMIM20	0.09208659491193738
smad	null_smad_0380	UTP14C,FXYD6,PRCC,MTSS2,STX7,AKAP7,TTC9C	0.09208659491193738
smad	null_smad_0381	LRATD1,VKORC1,TMED5,MTSS2,STX7,NSMF,TTC9C	0.09206213307240706
smad	null_smad_0382	UTP14C,CCDC186,ABHD12,MTSS2,SMC1A,NSMF,PSMB10	0.09206213307240706
smad	null_smad_0383	LRATD1,CCDC186,TMED5,MTSS2,SMC1A,MACROD1,ANAPC7	0.09206213307240706
smad	null_smad_0384	CHUK,CCDC186,DAB2IP,MTSS2,SMC1A,WASHC2A,PSMB10	0.09206213307240706
smad	null_smad_0385	LRATD1,SMARCA1,PRCC,MTSS2,STX7,AKAP7,PSMB10	0.09208659491193738
smad	null_smad_0386	UTP14C,CCDC186,TTTY14,MTSS2,STX7,MACROD1,SETD7	0.09206213307240706
smad	null_smad_0387	SUSD4,VKORC1,ABHD12,MTSS2,SMC1A,CTDP1,SMIM20	0.09206213307240706
smad	null_smad_0388	SUSD4,VKORC1,DAB2IP,MTSS2,STX7,NSMF,PSMB10	0.09206213307240706
smad	null_smad_0389	UTP14C,FXYD6,ABHD12,MTSS2,SMC1A,MED7,USP6NL	0.09208659491193738
smad	null_smad_0390	RAB11FIP1,CCDC186,TMED5,MTSS2,SMC1A,MED7,ANAPC7	0.09206213307240706
smad	null_smad_0391	UTP14C,SMARCA1,TMED5,MTSS2,STX7,CTDP1,PSMB10	0.09208659491193738
smad	null_smad_0392	MTERF3,SMARCA1,TNFSF12,MTSS2,SMC1A,MACROD1,PRPF19	0.09208659491193738
smad	null_smad_0393	SUSD4,VKORC1,PRCC,MTSS2,SMC1A,GMPPA,SETD7	0.09206213307240706
smad	null_smad_0394	MTERF3,VKORC1,TTTY14,MTSS2,STX7,MACROD1,ANAPC7	0.09206213307240706
smad	null_smad_0395	LRATD1,SMARCA1,TNFSF12,MTSS2,SMC1A,MACROD1,TTC9C	0.09208659491193738
smad	null_smad_0396	MTERF3,FXYD6,TNFSF12,MTSS2,STX7,CTDP1,USP6NL	0.09208659491193738
smad	null_smad_0397	CHUK,VKORC1,SEMA4B,MTSS2,SMC1A,NSMF,SETD7	0.09206213307240706
smad	null_smad_0398	MTERF3,CCDC186,PRCC,MTSS2,STX7,CTDP1,SMIM20	0.09206213307240706
smad	null_smad_0399	SUSD4,CCDC186,TTTY14,MTSS2,STX7,MED7,USP6NL	0.09206213307240706
smad	null_smad_0400	MTERF3,SMARCA1,ABHD12,MTSS2,SMC1A,NSMF,PRPF19	0.09208659491193738
smad	null_smad_0401	CHUK,CCDC186,PRCC,MTSS2,SMC1A,CTDP1,ANAPC7	0.09206213307240706
smad	null_smad_0402	RAB11FIP1,CCDC186,TMED5,MTSS2,SMC1A,GMPPA,SETD7	0.09206213307240706
smad	null_smad_0403	SUSD4,SMARCA1,DAB2IP,MTSS2,STX7,MACROD1,USP6NL	0.09208659491193738
smad	null_smad_0404	SUSD4,FXYD6,ABHD12,MTSS2,SMC1A,WASHC2A,SMIM20	0.09208659491193738
smad	null_smad_0405	CHUK,VKORC1,TNFSF12,MTSS2,SMC1A,ZBTB8A,SMIM20	0.09206213307240706
smad	null_smad_0406	LRATD1,FXYD6,TNFSF12,MTSS2,STX7,WASHC2A,ANAPC7	0.09208659491193738
smad	null_smad_0407	RAB11FIP1,FXYD6,TMED5,MTSS2,STX7,CTDP1,USP6NL	0.09208659491193738
smad	null_smad_0408	MTERF3,FXYD6,TTTY14,MTSS2,STX7,MACROD1,USP6NL	0.09208659491193738
smad	null_smad_0409	UTP14C,SMARCA1,TNFSF12,MTSS2,STX7,AKAP7,SETD7	0.09208659491193738
smad	null_smad_0410	SUSD4,CCDC186,TMED5,MTSS2,SMC1A,GMPPA,USP6NL	0.09206213307240706
smad	null_smad_0411	CHUK,SMARCA1,SEMA4B,MTSS2,STX7,TMTC1,USP6NL	0.09208659491193738
smad	null_smad_0412	MTERF3,CCDC186,SEMA4B,MTSS2,SMC1A,GMPPA,TTC9C	0.09206213307240706
smad	null_smad_0413	MTERF3,VKORC1,DAB2IP,MTSS2,SMC1A,WASHC2A,USP6NL	0.09206213307240706
smad	null_smad_0414	LRATD1,FXYD6,TTTY14,MTSS2,STX7,TMTC1,USP6NL	0.09208659491193738
smad	null_smad_0415	SUSD4,VKORC1,DAB2IP,MTSS2,SMC1A,WASHC2A,USP6NL	0.09206213307240706
smad	null_smad_0416	LRATD1,CCDC186,TNFSF12,MTSS2,STX7,ZBTB8A,TTC9C	0.09206213307240706
smad	null_smad_0417	CHUK,VKORC1,PRCC,MTSS2,SMC1A,MACROD1,SETD7	0.09206213307240706
smad	null_smad_0418	UTP14C,VKORC1,TTTY14,MTSS2,STX7,NSMF,TTC9C	0.09206213307240706
smad	null_smad_0419	SUSD4,CCDC186,PRCC,MTSS2,SMC1A,WASHC2A,TTC9C	0.09206213307240706
smad	null_smad_0420	UTP14C,SMARCA1,TTTY14,MTSS2,STX7,CTDP1,ANAPC7	0.09208659491193738
smad	null_smad_0421	CHUK,SMARCA1,DAB2IP,MTSS2,STX7,WASHC2A,SMIM20	0.09208659491193738
smad	null_smad_0422	LRATD1,VKORC1,TNFSF12,MTSS2,SMC1A,MACROD1,SETD7	0.09206213307240706
smad	null_smad_0423	CHUK,FXYD6,TTTY14,MTSS2,SMC1A,WASHC2A,SETD7	0.09208659491193738
smad	null_smad_0424	CHUK,VKORC1,TTTY14,MTSS2,STX7,CTDP1,PSMB10	0.09206213307240706
smad	null_smad_0425	MTERF3,VKORC1,DAB2IP,MTSS2,STX7,WASHC2A,USP6NL	0.09206213307240706
smad	null_smad_0426	MTERF3,SMARCA1,SEMA4B,MTSS2,STX7,MED7,USP6NL	0.09208659491193738
smad	null_smad_0427	UTP14C,CCDC186,DAB2IP,MTSS2,STX7,MACROD1,SMIM20	0.09206213307240706
smad	null_smad_0428	RAB11FIP1,SMARCA1,ABHD12,MTSS2,STX7,WASHC2A,ANAPC7	0.09208659491193738
smad	null_smad_0429	CHUK,CCDC186,TNFSF12,MTSS2,SMC1A,GMPPA,PSMB10	0.09206213307240706
smad	null_smad_0430	SUSD4,FXYD6,DAB2IP,MTSS2,STX7,GMPPA,USP6NL	0.09208659491193738
smad	null_smad_0431	RAB11FIP1,CCDC186,TMED5,MTSS2,SMC1A,AKAP7,ANAPC7	0.09206213307240706
smad	null_smad_0432	CHUK,CCDC186,TMED5,MTSS2,STX7,ZBTB8A,SETD7	0.09206213307240706
smad	null_smad_0433	UTP14C,VKORC1,DAB2IP,MTSS2,STX7,TMTC1,ANAPC7	0.09206213307240706
smad	null_smad_0434	LRATD1,SMARCA1,TTTY14,MTSS2,SMC1A,ZBTB8A,SETD7	0.09208659491193738
smad	null_smad_0435	CHUK,VKORC1,PRCC,MTSS2,STX7,TMTC1,PSMB10	0.09206213307240706
smad	null_smad_0436	RAB11FIP1,VKORC1,ABHD12,MTSS2,STX7,MED7,TTC9C	0.09206213307240706
smad	null_smad_0437	MTERF3,VKORC1,TNFSF12,MTSS2,STX7,MED7,ANAPC7	0.09206213307240706
smad	null_smad_0438	UTP14C,FXYD6,ABHD12,MTSS2,SMC1A,ZBTB8A,ANAPC7	0.09208659491193738
smad	null_smad_0439	SUSD4,FXYD6,PRCC,MTSS2,SMC1A,AKAP7,TTC9C	0.09208659491193738
smad	null_smad_0440	SUSD4,SMARCA1,PRCC,MTSS2,SMC1A,TMTC1,SETD7	0.09208659491193738
smad	null_smad_0441	LRATD1,CCDC186,TNFSF12,MTSS2,STX7,AKAP7,SETD7	0.09206213307240706
smad	null_smad_0442	MTERF3,FXYD6,SEMA4B,MTSS2,STX7,WASHC2A,PSMB10	0.09208659491193738
smad	null_smad_0443	CHUK,CCDC186,SEMA4B,MTSS2,SMC1A,MACROD1,SMIM20	0.09206213307240706
smad	null_smad_0444	MTERF3,SMARCA1,DAB2IP,MTSS2,SMC1A,CTDP1,PRPF19	0.09208659491193738
smad	null_smad_0445	MTERF3,VKORC1,ABHD12,MTSS2,STX7,GMPPA,PRPF19	0.09206213307240706
smad	null_smad_0446	MTERF3,SMARCA1,TTTY14,MTSS2,STX7,AKAP7,PRPF19	0.09208659491193738
smad	null_smad_0447	RAB11FIP1,FXYD6,TTTY14,MTSS2,STX7,WASHC2A,ANAPC7	0.09208659491193738
smad	null_smad_0448	LRATD1,CCDC186,TTTY14,MTSS2,SMC1A,AKAP7,PSMB10	0.09206213307240706
smad	null_smad_0449	UTP14C,VKORC1,DAB2IP,MTSS2,STX7,TMTC1,SMIM20	0.09206213307240706
smad	null_smad_0450	SUSD4,CCDC186,PRCC,MTSS2,SMC1A,WASHC2A,PSMB10	0.09206213307240706
smad	null_smad_0451	MTERF3,CCDC186,TNFSF12,MTSS2,STX7,MACROD1,TTC9C	0.09206213307240706
smad	null_smad_0452	MTERF3,SMARCA1,SEMA4B,MTSS2,SMC1A,GMPPA,SETD7	0.09208659491193738
smad	null_smad_0453	UTP14C,FXYD6,TTTY14,MTSS2,STX7,ZBTB8A,SETD7	0.09208659491193738
smad	null_smad_0454	LRATD1,SMARCA1,TTTY14,MTSS2,SMC1A,NSMF,TTC9C	0.09208659491193738
smad	null_smad_0455	MTERF3,CCDC186,DAB2IP,MTSS2,SMC1A,WASHC2A,SETD7	0.09206213307240706
smad	null_smad_0456	MTERF3,FXYD6,SEMA4B,MTSS2,STX7,ZBTB8A,TTC9C	0.09208659491193738
smad	null_smad_0457	SUSD4,SMARCA1,PRCC,MTSS2,SMC1A,MED7,SETD7	0.09208659491193738
smad	null_smad_0458	LRATD1,FXYD6,PRCC,MTSS2,STX7,WASHC2A,TTC9C	0.09208659491193738
smad	null_smad_0459	MTERF3,VKORC1,TMED5,MTSS2,STX7,MED7,SETD7	0.09206213307240706
smad	null_smad_0460	SUSD4,SMARCA1,ABHD12,MTSS2,STX7,AKAP7,ANAPC7	0.09208659491193738
smad	null_smad_0461	CHUK,CCDC186,PRCC,MTSS2,STX7,ZBTB8A,ANAPC7	0.09206213307240706
smad	null_smad_0462	MTERF3,CCDC186,TNFSF12,MTSS2,STX7,AKAP7,PSMB10	0.09206213307240706
smad	null_smad_0463	RAB11FIP1,VKORC1,PRCC,MTSS2,SMC1A,CTDP1,TTC9C	0.09206213307240706
smad	null_smad_0464	CHUK,SMARCA1,ABHD12,MTSS2,SMC1A,NSMF,ANAPC7	0.09208659491193738
smad	null_smad_0465	CHUK,CCDC186,DAB2IP,MTSS2,STX7,GMPPA,SETD7	0.09206213307240706
smad	null_smad_0466	CHUK,FXYD6,ABHD12,MTSS2,SMC1A,GMPPA,PSMB10	0.09208659491193738
smad	null_smad_0467	MTERF3,VKORC1,DAB2IP,MTSS2,STX7,WASHC2A,ANAPC7	0.09206213307240706
smad	null_smad_0468	CHUK,VKORC1,TNFSF12,MTSS2,STX7,CTDP1,USP6NL	0.09206213307240706
smad	null_smad_0469	SUSD4,SMARCA1,PRCC,MTSS2,SMC1A,MED7,SETD7	0.09208659491193738
smad	null_smad_0470	CHUK,VKORC1,TNFSF12,MTSS2,STX7,MED7,PSMB10	0.09206213307240706
smad	null_smad_0471	CHUK,CCDC186,PRCC,MTSS2,STX7,AKAP7,PRPF19	0.09206213307240706
smad	null_smad_0472	RAB11FIP1,FXYD6,TMED5,MTSS2,STX7,MED7,PSMB10	0.09208659491193738
smad	null_smad_0473	UTP14C,FXYD6,PRCC,MTSS2,SMC1A,ZBTB8A,SMIM20	0.09208659491193738
smad	null_smad_0474	MTERF3,SMARCA1,TMED5,MTSS2,STX7,NSMF,PSMB10	0.09208659491193738
smad	null_smad_0475	UTP14C,CCDC186,PRCC,MTSS2,STX7,TMTC1,SETD7	0.09206213307240706
smad	null_smad_0476	RAB11FIP1,FXYD6,PRCC,MTSS2,SMC1A,MED7,PSMB10	0.09208659491193738
smad	null_smad_0477	MTERF3,SMARCA1,TMED5,MTSS2,STX7,NSMF,ANAPC7	0.09208659491193738
smad	null_smad_0478	SUSD4,FXYD6,TMED5,MTSS2,SMC1A,CTDP1,PRPF19	0.09208659491193738
smad	null_smad_0479	RAB11FIP1,FXYD6,TNFSF12,MTSS2,SMC1A,AKAP7,SETD7	0.09208659491193738
smad	null_smad_0480	LRATD1,VKORC1,TMED5,MTSS2,SMC1A,GMPPA,PRPF19	0.09206213307240706
smad	null_smad_0481	UTP14C,CCDC186,TTTY14,MTSS2,SMC1A,GMPPA,USP6NL	0.09206213307240706
smad	null_smad_0482	CHUK,CCDC186,DAB2IP,MTSS2,SMC1A,GMPPA,PSMB10	0.09206213307240706
smad	null_smad_0483	CHUK,CCDC186,TNFSF12,MTSS2,SMC1A,TMTC1,SETD7	0.09206213307240706
smad	null_smad_0484	CHUK,SMARCA1,TTTY14,MTSS2,SMC1A,GMPPA,ANAPC7	0.09208659491193738
smad	null_smad_0485	LRATD1,VKORC1,TMED5,MTSS2,SMC1A,GMPPA,PRPF19	0.09206213307240706
smad	null_smad_0486	LRATD1,FXYD6,TMED5,MTSS2,SMC1A,GMPPA,ANAPC7	0.09208659491193738
smad	null_smad_0487	UTP14C,FXYD6,TTTY14,MTSS2,SMC1A,WASHC2A,TTC9C	0.09208659491193738
smad	null_smad_0488	MTERF3,VKORC1,SEMA4B,MTSS2,STX7,AKAP7,TTC9C	0.09206213307240706
smad	null_smad_0489	SUSD4,CCDC186,ABHD12,MTSS2,STX7,WASHC2A,ANAPC7	0.09206213307240706
smad	null_smad_0490	SUSD4,FXYD6,TMED5,MTSS2,STX7,MACROD1,TTC9C	0.09208659491193738
smad	null_smad_0491	UTP14C,SMARCA1,TTTY14,MTSS2,SMC1A,GMPPA,TTC9C	0.09208659491193738
smad	null_smad_0492	RAB11FIP1,SMARCA1,SEMA4B,MTSS2,STX7,AKAP7,PRPF19	0.09208659491193738
smad	null_smad_0493	SUSD4,VKORC1,TTTY14,MTSS2,SMC1A,MACROD1,PSMB10	0.09206213307240706
smad	null_smad_0494	RAB11FIP1,CCDC186,PRCC,MTSS2,STX7,WASHC2A,SMIM20	0.09206213307240706
smad	null_smad_0495	SUSD4,VKORC1,SEMA4B,MTSS2,SMC1A,TMTC1,SETD7	0.09206213307240706
smad	null_smad_0496	MTERF3,SMARCA1,TMED5,MTSS2,SMC1A,GMPPA,TTC9C	0.09208659491193738
smad	null_smad_0497	MTERF3,VKORC1,ABHD12,MTSS2,STX7,ZBTB8A,ANAPC7	0.09206213307240706
smad	null_smad_0498	SUSD4,VKORC1,DAB2IP,MTSS2,SMC1A,NSMF,ANAPC7	0.09206213307240706
smad	null_smad_0499	MTERF3,VKORC1,DAB2IP,MTSS2,STX7,TMTC1,PSMB10	0.09206213307240706
smad	null_smad_0500	UTP14C,CCDC186,ABHD12,MTSS2,STX7,CTDP1,PRPF19	0.09206213307240706
smad	null_smad_0501	MTERF3,VKORC1,ABHD12,MTSS2,STX7,AKAP7,USP6NL	0.09206213307240706
smad	null_smad_0502	CHUK,CCDC186,TNFSF12,MTSS2,STX7,GMPPA,SMIM20	0.09206213307240706
smad	null_smad_0503	LRATD1,VKORC1,TTTY14,MTSS2,STX7,CTDP1,SETD7	0.09206213307240706
smad	null_smad_0504	SUSD4,SMARCA1,SEMA4B,MTSS2,SMC1A,GMPPA,ANAPC7	0.09208659491193738
smad	null_smad_0505	MTERF3,FXYD6,TTTY14,MTSS2,SMC1A,TMTC1,ANAPC7	0.09208659491193738
smad	null_smad_0506	UTP14C,CCDC186,TMED5,MTSS2,SMC1A,GMPPA,TTC9C	0.09206213307240706
smad	null_smad_0507	SUSD4,FXYD6,TTTY14,MTSS2,STX7,NSMF,SETD7	0.09208659491193738
smad	null_smad_0508	UTP14C,SMARCA1,TMED5,MTSS2,SMC1A,MACROD1,SMIM20	0.09208659491193738
smad	null_smad_0509	UTP14C,FXYD6,TMED5,MTSS2,STX7,NSMF,ANAPC7	0.09208659491193738
smad	null_smad_0510	CHUK,VKORC1,TTTY14,MTSS2,STX7,NSMF,USP6NL	0.09206213307240706
smad	null_smad_0511	MTERF3,VKORC1,TMED5,MTSS2,STX7,NSMF,SMIM20	0.09206213307240706
smad	null_smad_0512	UTP14C,SMARCA1,DAB2IP,MTSS2,SMC1A,CTDP1,PRPF19	0.09208659491193738
smad	null_smad_0513	SUSD4,CCDC186,SEMA4B,MTSS2,STX7,NSMF,TTC9C	0.09206213307240706
smad	null_smad_0514	MTERF3,CCDC186,DAB2IP,MTSS2,SMC1A,GMPPA,SETD7	0.09206213307240706
smad	null_smad_0515	RAB11FIP1,VKORC1,ABHD12,MTSS2,SMC1A,MACROD1,PSMB10	0.09206213307240706
smad	null_smad_0516	LRATD1,SMARCA1,TNFSF12,MTSS2,STX7,CTDP1,SMIM20	0.09208659491193738
smad	null_smad_0517	SUSD4,SMARCA1,TTTY14,MTSS2,SMC1A,NSMF,PSMB10	0.09208659491193738
smad	null_smad_0518	CHUK,CCDC186,TNFSF12,MTSS2,SMC1A,ZBTB8A,SETD7	0.09206213307240706
smad	null_smad_0519	MTERF3,SMARCA1,TNFSF12,MTSS2,STX7,CTDP1,TTC9C	0.09208659491193738
smad	null_smad_0520	RAB11FIP1,CCDC186,TMED5,MTSS2,STX7,MED7,USP6NL	0.09206213307240706
smad	null_smad_0521	RAB11FIP1,FXYD6,DAB2IP,MTSS2,STX7,ZBTB8A,SMIM20	0.09208659491193738
smad	null_smad_0522	RAB11FIP1,CCDC186,ABHD12,MTSS2,SMC1A,MED7,TTC9C	0.09206213307240706
smad	null_smad_0523	SUSD4,FXYD6,TNFSF12,MTSS2,STX7,TMTC1,ANAPC7	0.09208659491193738
smad	null_smad_0524	UTP14C,CCDC186,ABHD12,MTSS2,SMC1A,MED7,SMIM20	0.09206213307240706
smad	null_smad_0525	MTERF3,FXYD6,TNFSF12,MTSS2,STX7,AKAP7,SETD7	0.09208659491193738
smad	null_smad_0526	CHUK,SMARCA1,TNFSF12,MTSS2,STX7,AKAP7,USP6NL	0.09208659491193738
smad	null_smad_0527	MTERF3,VKORC1,TTTY14,MTSS2,SMC1A,NSMF,PSMB10	0.09206213307240706
smad	null_smad_0528	RAB11FIP1,CCDC186,SEMA4B,MTSS2,STX7,CTDP1,USP6NL	0.09206213307240706
smad	null_smad_0529	MTERF3,VKORC1,DAB2IP,MTSS2,SMC1A,ZBTB8A,PRPF19	0.09206213307240706
smad	null_smad_0530	RAB11FIP1,CCDC186,TNFSF12,MTSS2,STX7,NSMF,SMIM20	0.09206213307240706
smad	null_smad_0531	LRATD1,VKORC1,TNFSF12,MTSS2,SMC1A,CTDP1,ANAPC7	0.09206213307240706
smad	null_smad_0532	MTERF3,VKORC1,DAB2IP,MTSS2,STX7,GMPPA,SETD7	0.09206213307240706
smad	null_smad_0533	UTP14C,SMARCA1,PRCC,MTSS2,SMC1A,ZBTB8A,TTC9C	0.09208659491193738
smad	null_smad_0534	SUSD4,FXYD6,TTTY14,MTSS2,SMC1A,AKAP7,PSMB10	0.09208659491193738
smad	null_smad_0535	RAB11FIP1,FXYD6,SEMA4B,MTSS2,STX7,NSMF,ANAPC7	0.09208659491193738
smad	null_smad_0536	UTP14C,CCDC186,TTTY14,MTSS2,SMC1A,TMTC1,ANAPC7	0.09206213307240706
smad	null_smad_0537	MTERF3,VKORC1,TNFSF12,MTSS2,STX7,MED7,SMIM20	0.09206213307240706
smad	null_smad_0538	CHUK,FXYD6,TTTY14,MTSS2,SMC1A,TMTC1,TTC9C	0.09208659491193738
smad	null_smad_0539	MTERF3,CCDC186,SEMA4B,MTSS2,STX7,MED7,PRPF19	0.09206213307240706
smad	null_smad_0540	RAB11FIP1,SMARCA1,PRCC,MTSS2,STX7,WASHC2A,PSMB10	0.09208659491193738
smad	null_smad_0541	UTP14C,VKORC1,SEMA4B,MTSS2,SMC1A,AKAP7,TTC9C	0.09206213307240706
smad	null_smad_0542	CHUK,SMARCA1,SEMA4B,MTSS2,SMC1A,MACROD1,SMIM20	0.09208659491193738
smad	null_smad_0543	UTP14C,SMARCA1,TTTY14,MTSS2,STX7,NSMF,PSMB10	0.09208659491193738
smad	null_smad_0544	LRATD1,FXYD6,TTTY14,MTSS2,STX7,MACROD1,PSMB10	0.09208659491193738
smad	null_smad_0545	CHUK,FXYD6,DAB2IP,MTSS2,STX7,WASHC2A,PRPF19	0.09208659491193738
smad	null_smad_0546	UTP14C,VKORC1,TNFSF12,MTSS2,STX7,ZBTB8A,USP6NL	0.09206213307240706
smad	null_smad_0547	RAB11FIP1,VKORC1,TMED5,MTSS2,STX7,GMPPA,PRPF19	0.09206213307240706
smad	null_smad_0548	CHUK,FXYD6,SEMA4B,MTSS2,STX7,AKAP7,SETD7	0.09208659491193738
smad	null_smad_0549	UTP14C,CCDC186,TMED5,MTSS2,SMC1A,TMTC1,TTC9C	0.09206213307240706
smad	null_smad_0550	LRATD1,CCDC186,DAB2IP,MTSS2,SMC1A,CTDP1,SMIM20	0.09206213307240706
smad	null_smad_0551	SUSD4,CCDC186,ABHD12,MTSS2,SMC1A,AKAP7,ANAPC7	0.09206213307240706
smad	null_smad_0552	MTERF3,CCDC186,SEMA4B,MTSS2,STX7,AKAP7,SETD7	0.09206213307240706
smad	null_smad_0553	RAB11FIP1,CCDC186,ABHD12,MTSS2,SMC1A,AKAP7,PRPF19	0.09206213307240706
smad	null_smad_0554	RAB11FIP1,FXYD6,SEMA4B,MTSS2,STX7,CTDP1,SMIM20	0.09208659491193738
smad	null_smad_0555	UTP14C,FXYD6,TNFSF12,MTSS2,SMC1A,ZBTB8A,PRPF19	0.09208659491193738
smad	null_smad_0556	CHUK,CCDC186,DAB2IP,MTSS2,STX7,MACROD1,USP6NL	0.09206213307240706
smad	null_smad_0557	CHUK,FXYD6,SEMA4B,MTSS2,STX7,AKAP7,TTC9C	0.09208659491193738
smad	null_smad_0558	RAB11FIP1,FXYD6,SEMA4B,MTSS2,STX7,GMPPA,SMIM20	0.09208659491193738
smad	null_smad_0559	RAB11FIP1,VKORC1,PRCC,MTSS2,STX7,WASHC2A,USP6NL	0.09206213307240706
smad	null_smad_0560	SUSD4,CCDC186,SEMA4B,MTSS2,SMC1A,CTDP1,TTC9C	0.09206213307240706
smad	null_smad_0561	CHUK,FXYD6,TNFSF12,MTSS2,STX7,TMTC1,PSMB10	0.09208659491193738
smad	null_smad_0562	UTP14C,VKORC1,TMED5,MTSS2,SMC1A,AKAP7,USP6NL	0.09206213307240706
smad	null_smad_0563	RAB11FIP1,CCDC186,ABHD12,MTSS2,SMC1A,TMTC1,SETD7	0.09206213307240706
smad	null_smad_0564	CHUK,FXYD6,TTTY14,MTSS2,STX7,ZBTB8A,PSMB10	0.09208659491193738
smad	null_smad_0565	UTP14C,VKORC1,TTTY14,MTSS2,SMC1A,MED7,PRPF19	0.09206213307240706
smad	null_smad_0566	LRATD1,VKORC1,TMED5,MTSS2,STX7,GMPPA,USP6NL	0.09206213307240706
smad	null_smad_0567	CHUK,VKORC1,ABHD12,MTSS2,STX7,ZBTB8A,PRPF19	0.09206213307240706
smad	null_smad_0568	SUSD4,VKORC1,TMED5,MTSS2,SMC1A,MED7,PRPF19	0.09206213307240706
smad	null_smad_0569	UTP14C,CCDC186,TMED5,MTSS2,SMC1A,CTDP1,SMIM20	0.09206213307240706
smad	null_smad_0570	CHUK,VKORC1,TNFSF12,MTSS2,SMC1A,AKAP7,SETD7	0.09206213307240706
smad	null_smad_0571	LRATD1,CCDC186,TNFSF12,MTSS2,SMC1A,AKAP7,PSMB10	0.09206213307240706
smad	null_smad_0572	SUSD4,SMARCA1,TTTY14,MTSS2,SMC1A,TMTC1,TTC9C	0.09208659491193738
smad	null_smad_0573	LRATD1,SMARCA1,PRCC,MTSS2,SMC1A,MACROD1,ANAPC7	0.09208659491193738
smad	null_smad_0574	CHUK,SMARCA1,TTTY14,MTSS2,SMC1A,GMPPA,USP6NL	0.09208659491193738
smad	null_smad_0575	RAB11FIP1,VKORC1,ABHD12,MTSS2,SMC1A,ZBTB8A,PSMB10	0.09206213307240706
smad	null_smad_0576	LRATD1,SMARCA1,TNFSF12,MTSS2,SMC1A,MED7,USP6NL	0.09208659491193738
smad	null_smad_0577	SUSD4,VKORC1,PRCC,MTSS2,STX7,GMPPA,SMIM20	0.09206213307240706
smad	null_smad_0578	CHUK,FXYD6,TMED5,MTSS2,STX7,TMTC1,SETD7	0.09208659491193738
smad	null_smad_0579	RAB11FIP1,CCDC186,DAB2IP,MTSS2,STX7,WASHC2A,SETD7	0.09206213307240706
smad	null_smad_0580	CHUK,CCDC186,TTTY14,MTSS2,SMC1A,TMTC1,PRPF19	0.09206213307240706
smad	null_smad_0581	CHUK,VKORC1,PRCC,MTSS2,STX7,MACROD1,PRPF19	0.09206213307240706
smad	null_smad_0582	SUSD4,CCDC186,PRCC,MTSS2,SMC1A,MED7,TTC9C	0.09206213307240706
smad	null_smad_0583	CHUK,VKORC1,PRCC,MTSS2,SMC1A,NSMF,USP6NL	0.09206213307240706
smad	null_smad_0584	MTERF3,VKORC1,PRCC,MTSS2,SMC1A,ZBTB8A,ANAPC7	0.09206213307240706
smad	null_smad_0585	RAB11FIP1,SMARCA1,TNFSF12,MTSS2,STX7,CTDP1,ANAPC7	0.09208659491193738
smad	null_smad_0586	RAB11FIP1,VKORC1,TMED5,MTSS2,SMC1A,NSMF,ANAPC7	0.09206213307240706
smad	null_smad_0587	SUSD4,SMARCA1,TTTY14,MTSS2,SMC1A,NSMF,PRPF19	0.09208659491193738
smad	null_smad_0588	MTERF3,VKORC1,TMED5,MTSS2,SMC1A,TMTC1,TTC9C	0.09206213307240706
smad	null_smad_0589	MTERF3,CCDC186,TMED5,MTSS2,STX7,ZBTB8A,PRPF19	0.09206213307240706
smad	null_smad_0590	SUSD4,FXYD6,TTTY14,MTSS2,SMC1A,AKAP7,TTC9C	0.09208659491193738
smad	null_smad_0591	CHUK,VKORC1,TMED5,MTSS2,SMC1A,MACROD1,PRPF19	0.09206213307240706
smad	null_smad_0592	MTERF3,VKORC1,TMED5,MTSS2,STX7,MED7,TTC9C	0.09206213307240706
smad	null_smad_0593	UTP14C,SMARCA1,DAB2IP,MTSS2,SMC1A,NSMF,ANAPC7	0.09208659491193738
smad	null_smad_0594	MTERF3,CCDC186,SEMA4B,MTSS2,SMC1A,AKAP7,PRPF19	0.09206213307240706
smad	null_smad_0595	SUSD4,CCDC186,SEMA4B,MTSS2,SMC1A,AKAP7,SMIM20	0.09206213307240706
smad	null_smad_0596	LRATD1,SMARCA1,TMED5,MTSS2,STX7,NSMF,USP6NL	0.09208659491193738
smad	null_smad_0597	CHUK,SMARCA1,TMED5,MTSS2,STX7,WASHC2A,PRPF19	0.09208659491193738
smad	null_smad_0598	LRATD1,VKORC1,ABHD12,MTSS2,SMC1A,ZBTB8A,USP6NL	0.09206213307240706
smad	null_smad_0599	SUSD4,VKORC1,DAB2IP,MTSS2,STX7,MACROD1,PSMB10	0.09206213307240706
smad	null_smad_0600	MTERF3,VKORC1,TNFSF12,MTSS2,SMC1A,AKAP7,PSMB10	0.09206213307240706
smad	null_smad_0601	MTERF3,CCDC186,TTTY14,MTSS2,STX7,WASHC2A,SETD7	0.09206213307240706
smad	null_smad_0602	RAB11FIP1,FXYD6,DAB2IP,MTSS2,SMC1A,WASHC2A,PSMB10	0.09208659491193738
smad	null_smad_0603	UTP14C,CCDC186,TNFSF12,MTSS2,STX7,MACROD1,SMIM20	0.09206213307240706
smad	null_smad_0604	UTP14C,VKORC1,TMED5,MTSS2,STX7,CTDP1,ANAPC7	0.09206213307240706
smad	null_smad_0605	SUSD4,FXYD6,PRCC,MTSS2,SMC1A,AKAP7,PSMB10	0.09208659491193738
smad	null_smad_0606	UTP14C,FXYD6,DAB2IP,MTSS2,SMC1A,NSMF,SETD7	0.09208659491193738
smad	null_smad_0607	RAB11FIP1,CCDC186,DAB2IP,MTSS2,STX7,NSMF,PRPF19	0.09206213307240706
smad	null_smad_0608	LRATD1,CCDC186,SEMA4B,MTSS2,STX7,MED7,ANAPC7	0.09206213307240706
smad	null_smad_0609	MTERF3,SMARCA1,ABHD12,MTSS2,SMC1A,MACROD1,PRPF19	0.09208659491193738
smad	null_smad_0610	CHUK,FXYD6,TMED5,MTSS2,STX7,GMPPA,PSMB10	0.09208659491193738
smad	null_smad_0611	CHUK,CCDC186,TTTY14,MTSS2,SMC1A,TMTC1,ANAPC7	0.09206213307240706
smad	null_smad_0612	SUSD4,CCDC186,TTTY14,MTSS2,STX7,NSMF,ANAPC7	0.09206213307240706
smad	null_smad_0613	RAB11FIP1,VKORC1,ABHD12,MTSS2,SMC1A,WASHC2A,TTC9C	0.09206213307240706
smad	null_smad_0614	LRATD1,SMARCA1,TNFSF12,MTSS2,STX7,TMTC1,SMIM20	0.09208659491193738
smad	null_smad_0615	MTERF3,SMARCA1,DAB2IP,MTSS2,STX7,WASHC2A,PRPF19	0.09208659491193738
smad	null_smad_0616	UTP14C,CCDC186,TMED5,MTSS2,SMC1A,GMPPA,ANAPC7	0.09206213307240706
smad	null_smad_0617	SUSD4,VKORC1,SEMA4B,MTSS2,SMC1A,MACROD1,TTC9C	0.09206213307240706
smad	null_smad_0618	LRATD1,SMARCA1,PRCC,MTSS2,SMC1A,NSMF,USP6NL	0.09208659491193738
smad	null_smad_0619	SUSD4,VKORC1,DAB2IP,MTSS2,STX7,MACROD1,PSMB10	0.09206213307240706
smad	null_smad_0620	UTP14C,VKORC1,TTTY14,MTSS2,SMC1A,TMTC1,TTC9C	0.09206213307240706
smad	null_smad_0621	UTP14C,FXYD6,DAB2IP,MTSS2,SMC1A,MACROD1,ANAPC7	0.09208659491193738
smad	null_smad_0622	RAB11FIP1,FXYD6,DAB2IP,MTSS2,SMC1A,AKAP7,SETD7	0.09208659491193738
smad	null_smad_0623	SUSD4,SMARCA1,TTTY14,MTSS2,SMC1A,GMPPA,ANAPC7	0.09208659491193738
smad	null_smad_0624	SUSD4,SMARCA1,PRCC,MTSS2,STX7,MACROD1,ANAPC7	0.09208659491193738
smad	null_smad_0625	RAB11FIP1,CCDC186,SEMA4B,MTSS2,SMC1A,AKAP7,SMIM20	0.09206213307240706
smad	null_smad_0626	LRATD1,VKORC1,PRCC,MTSS2,STX7,CTDP1,PSMB10	0.09206213307240706
smad	null_smad_0627	MTERF3,FXYD6,TTTY14,MTSS2,STX7,ZBTB8A,SETD7	0.09208659491193738
smad	null_smad_0628	CHUK,SMARCA1,ABHD12,MTSS2,STX7,MACROD1,PSMB10	0.09208659491193738
smad	null_smad_0629	SUSD4,CCDC186,TNFSF12,MTSS2,STX7,MACROD1,SETD7	0.09206213307240706
smad	null_smad_0630	MTERF3,VKORC1,TNFSF12,MTSS2,STX7,WASHC2A,TTC9C	0.09206213307240706
smad	null_smad_0631	SUSD4,SMARCA1,TNFSF12,MTSS2,STX7,MED7,PRPF19	0.09208659491193738
smad	null_smad_0632	LRATD1,SMARCA1,PRCC,MTSS2,SMC1A,MACROD1,ANAPC7	0.09208659491193738
smad	null_smad_0633	SUSD4,FXYD6,TMED5,MTSS2,STX7,WASHC2A,PRPF19	0.09208659491193738
smad	null_smad_0634	CHUK,VKORC1,TMED5,MTSS2,SMC1A,NSMF,SMIM20	0.09206213307240706
smad	null_smad_0635	SUSD4,SMARCA1,DAB2IP,MTSS2,STX7,WASHC2A,SMIM20	0.09208659491193738
smad	null_smad_0636	SUSD4,CCDC186,ABHD12,MTSS2,STX7,MED7,PSMB10	0.09206213307240706
smad	null_smad_0637	RAB11FIP1,SMARCA1,ABHD12,MTSS2,SMC1A,MED7,SMIM20	0.09208659491193738
smad	null_smad_0638	MTERF3,FXYD6,ABHD12,MTSS2,SMC1A,AKAP7,PSMB10	0.09208659491193738
smad	null_smad_0639	SUSD4,VKORC1,SEMA4B,MTSS2,SMC1A,GMPPA,PSMB10	0.09206213307240706
smad	null_smad_0640	UTP14C,SMARCA1,DAB2IP,MTSS2,STX7,ZBTB8A,PRPF19	0.09208659491193738
smad	null_smad_0641	SUSD4,CCDC186,DAB2IP,MTSS2,STX7,MED7,SETD7	0.09206213307240706
smad	null_smad_0642	UTP14C,FXYD6,TMED5,MTSS2,STX7,TMTC1,TTC9C	0.09208659491193738
smad	null_smad_0643	MTERF3,FXYD6,ABHD12,MTSS2,STX7,MED7,PRPF19	0.09208659491193738
smad	null_smad_0644	LRATD1,VKORC1,TTTY14,MTSS2,STX7,WASHC2A,USP6NL	0.09206213307240706
smad	null_smad_0645	CHUK,CCDC186,ABHD12,MTSS2,SMC1A,GMPPA,PSMB10	0.09206213307240706
smad	null_smad_0646	LRATD1,FXYD6,TNFSF12,MTSS2,STX7,TMTC1,TTC9C	0.09208659491193738
smad	null_smad_0647	MTERF3,FXYD6,SEMA4B,MTSS2,STX7,GMPPA,TTC9C	0.09208659491193738
smad	null_smad_0648	UTP14C,SMARCA1,ABHD12,MTSS2,SMC1A,CTDP1,SMIM20	0.09208659491193738
smad	null_smad_0649	MTERF3,CCDC186,PRCC,MTSS2,STX7,WASHC2A,PRPF19	0.09206213307240706
smad	null_smad_0650	LRATD1,CCDC186,ABHD12,MTSS2,SMC1A,NSMF,PSMB10	0.09206213307240706
smad	null_smad_0651	CHUK,SMARCA1,PRCC,MTSS2,STX7,WASHC2A,TTC9C	0.09208659491193738
smad	null_smad_0652	SUSD4,FXYD6,TMED5,MTSS2,SMC1A,CTDP1,ANAPC7	0.09208659491193738
smad	null_smad_0653	CHUK,CCDC186,TTTY14,MTSS2,SMC1A,TMTC1,ANAPC7	0.09206213307240706
smad	null_smad_0654	MTERF3,SMARCA1,TNFSF12,MTSS2,STX7,NSMF,PRPF19	0.09208659491193738
smad	null_smad_0655	LRATD1,CCDC186,SEMA4B,MTSS2,STX7,MED7,SETD7	0.09206213307240706
smad	null_smad_0656	LRATD1,SMARCA1,TNFSF12,MTSS2,SMC1A,MACROD1,PRPF19	0.09208659491193738
smad	null_smad_0657	SUSD4,FXYD6,TNFSF12,MTSS2,SMC1A,MED7,ANAPC7	0.09208659491193738
smad	null_smad_0658	SUSD4,VKORC1,SEMA4B,MTSS2,SMC1A,GMPPA,SETD7	0.09206213307240706
smad	null_smad_0659	RAB11FIP1,CCDC186,ABHD12,MTSS2,SMC1A,GMPPA,PSMB10	0.09206213307240706
smad	null_smad_0660	MTERF3,CCDC186,SEMA4B,MTSS2,SMC1A,NSMF,ANAPC7	0.09206213307240706
smad	null_smad_0661	SUSD4,VKORC1,TNFSF12,MTSS2,SMC1A,CTDP1,SETD7	0.09206213307240706
smad	null_smad_0662	MTERF3,VKORC1,ABHD12,MTSS2,SMC1A,AKAP7,ANAPC7	0.09206213307240706
smad	null_smad_0663	RAB11FIP1,SMARCA1,TMED5,MTSS2,STX7,GMPPA,SMIM20	0.09208659491193738
smad	null_smad_0664	RAB11FIP1,CCDC186,TMED5,MTSS2,SMC1A,MED7,ANAPC7	0.09206213307240706
smad	null_smad_0665	UTP14C,VKORC1,ABHD12,MTSS2,STX7,CTDP1,PRPF19	0.09206213307240706
smad	null_smad_0666	CHUK,CCDC186,SEMA4B,MTSS2,STX7,CTDP1,TTC9C	0.09206213307240706
smad	null_smad_0667	LRATD1,SMARCA1,TNFSF12,MTSS2,STX7,NSMF,PRPF19	0.09208659491193738
smad	null_smad_0668	LRATD1,CCDC186,DAB2IP,MTSS2,SMC1A,NSMF,TTC9C	0.09206213307240706
smad	null_smad_0669	CHUK,SMARCA1,ABHD12,MTSS2,STX7,MED7,SMIM20	0.09208659491193738
smad	null_smad_0670	LRATD1,VKORC1,DAB2IP,MTSS2,SMC1A,TMTC1,SMIM20	0.09206213307240706
smad	null_smad_0671	MTERF3,CCDC186,TMED5,MTSS2,SMC1A,AKAP7,PRPF19	0.09206213307240706
smad	null_smad_0672	MTERF3,VKORC1,TNFSF12,MTSS2,STX7,ZBTB8A,PSMB10	0.09206213307240706
smad	null_smad_0673	UTP14C,CCDC186,TTTY14,MTSS2,STX7,AKAP7,PSMB10	0.09206213307240706
smad	null_smad_0674	SUSD4,CCDC186,DAB2IP,MTSS2,SMC1A,CTDP1,PRPF19	0.09206213307240706
smad	null_smad_0675	UTP14C,FXYD6,PRCC,MTSS2,SMC1A,MACROD1,SETD7	0.09208659491193738
smad	null_smad_0676	RAB11FIP1,FXYD6,PRCC,MTSS2,SMC1A,MED7,PSMB10	0.09208659491193738
smad	null_smad_0677	UTP14C,CCDC186,ABHD12,MTSS2,STX7,TMTC1,SMIM20	0.09206213307240706
smad	null_smad_0678	CHUK,CCDC186,DAB2IP,MTSS2,STX7,GMPPA,ANAPC7	0.09206213307240706
smad	null_smad_0679	SUSD4,VKORC1,SEMA4B,MTSS2,STX7,MACROD1,PRPF19	0.09206213307240706
smad	null_smad_0680	MTERF3,FXYD6,SEMA4B,MTSS2,STX7,GMPPA,USP6NL	0.09208659491193738
smad	null_smad_0681	CHUK,SMARCA1,TMED5,MTSS2,SMC1A,NSMF,TTC9C	0.09208659491193738
smad	null_smad_0682	SUSD4,FXYD6,TNFSF12,MTSS2,STX7,NSMF,USP6NL	0.09208659491193738
smad	null_smad_0683	RAB11FIP1,FXYD6,PRCC,MTSS2,SMC1A,MED7,SMIM20	0.09208659491193738
smad	null_smad_0684	LRATD1,SMARCA1,TTTY14,MTSS2,SMC1A,TMTC1,TTC9C	0.09208659491193738
smad	null_smad_0685	RAB11FIP1,VKORC1,TTTY14,MTSS2,STX7,CTDP1,PSMB10	0.09206213307240706
smad	null_smad_0686	MTERF3,CCDC186,TMED5,MTSS2,STX7,NSMF,PRPF19	0.09206213307240706
smad	null_smad_0687	SUSD4,CCDC186,TMED5,MTSS2,STX7,ZBTB8A,SETD7	0.09206213307240706
smad	null_smad_0688	CHUK,SMARCA1,SEMA4B,MTSS2,SMC1A,ZBTB8A,PSMB10	0.09208659491193738
smad	null_smad_0689	LRATD1,VKORC1,ABHD12,MTSS2,SMC1A,CTDP1,ANAPC7	0.09206213307240706
smad	null_smad_0690	SUSD4,CCDC186,DAB2IP,MTSS2,STX7,ZBTB8A,PSMB10	0.09206213307240706
smad	null_smad_0691	CHUK,SMARCA1,ABHD12,MTSS2,STX7,NSMF,ANAPC7	0.09208659491193738
smad	null_smad_0692	LRATD1,FXYD6,TMED5,MTSS2,STX7,GMPPA,ANAPC7	0.09208659491193738
smad	null_smad_0693	SUSD4,VKORC1,PRCC,MTSS2,SMC1A,WASHC2A,SMIM20	0.09206213307240706
smad	null_smad_0694	LRATD1,SMARCA1,SEMA4B,MTSS2,SMC1A,NSMF,SETD7	0.09208659491193738
smad	null_smad_0695	RAB11FIP1,SMARCA1,TTTY14,MTSS2,STX7,CTDP1,SMIM20	0.09208659491193738
smad	null_smad_0696	LRATD1,VKORC1,PRCC,MTSS2,STX7,MACROD1,PSMB10	0.09206213307240706
smad	null_smad_0697	LRATD1,CCDC186,TTTY14,MTSS2,SMC1A,WASHC2A,PSMB10	0.09206213307240706
smad	null_smad_0698	RAB11FIP1,VKORC1,TNFSF12,MTSS2,SMC1A,AKAP7,TTC9C	0.09206213307240706
smad	null_smad_0699	SUSD4,FXYD6,DAB2IP,MTSS2,STX7,MACROD1,USP6NL	0.09208659491193738
smad	null_smad_0700	RAB11FIP1,FXYD6,SEMA4B,MTSS2,SMC1A,GMPPA,TTC9C	0.09208659491193738
smad	null_smad_0701	MTERF3,VKORC1,TNFSF12,MTSS2,STX7,NSMF,SMIM20	0.09206213307240706
smad	null_smad_0702	MTERF3,SMARCA1,SEMA4B,MTSS2,STX7,MED7,USP6NL	0.09208659491193738
smad	null_smad_0703	UTP14C,CCDC186,SEMA4B,MTSS2,STX7,MACROD1,SMIM20	0.09206213307240706
smad	null_smad_0704	CHUK,VKORC1,TNFSF12,MTSS2,STX7,NSMF,ANAPC7	0.09206213307240706
smad	null_smad_0705	UTP14C,SMARCA1,TTTY14,MTSS2,STX7,WASHC2A,SETD7	0.09208659491193738
smad	null_smad_0706	SUSD4,VKORC1,ABHD12,MTSS2,SMC1A,ZBTB8A,SETD7	0.09206213307240706
smad	null_smad_0707	SUSD4,SMARCA1,TNFSF12,MTSS2,SMC1A,WASHC2A,PRPF19	0.09208659491193738
smad	null_smad_0708	RAB11FIP1,VKORC1,TMED5,MTSS2,SMC1A,GMPPA,PRPF19	0.09206213307240706
smad	null_smad_0709	CHUK,SMARCA1,DAB2IP,MTSS2,SMC1A,CTDP1,ANAPC7	0.09208659491193738
smad	null_smad_0710	MTERF3,SMARCA1,TTTY14,MTSS2,STX7,GMPPA,PRPF19	0.09208659491193738
smad	null_smad_0711	UTP14C,CCDC186,TNFSF12,MTSS2,SMC1A,MACROD1,SMIM20	0.09206213307240706
smad	null_smad_0712	RAB11FIP1,FXYD6,PRCC,MTSS2,STX7,CTDP1,PSMB10	0.09208659491193738
smad	null_smad_0713	CHUK,VKORC1,SEMA4B,MTSS2,SMC1A,GMPPA,SMIM20	0.09206213307240706
smad	null_smad_0714	LRATD1,VKORC1,TTTY14,MTSS2,STX7,MACROD1,TTC9C	0.09206213307240706
smad	null_smad_0715	CHUK,SMARCA1,TNFSF12,MTSS2,SMC1A,WASHC2A,USP6NL	0.09208659491193738
smad	null_smad_0716	RAB11FIP1,SMARCA1,SEMA4B,MTSS2,SMC1A,WASHC2A,SMIM20	0.09208659491193738
smad	null_smad_0717	RAB11FIP1,CCDC186,TTTY14,MTSS2,STX7,MACROD1,SETD7	0.09206213307240706
smad	null_smad_0718	CHUK,VKORC1,SEMA4B,MTSS2,STX7,ZBTB8A,SETD7	0.09206213307240706
smad	null_smad_0719	MTERF3,FXYD6,TTTY14,MTSS2,SMC1A,MACROD1,USP6NL	0.09208659491193738
smad	null_smad_0720	SUSD4,VKORC1,PRCC,MTSS2,STX7,CTDP1,SETD7	0.09206213307240706
smad	null_smad_0721	LRATD1,VKORC1,PRCC,MTSS2,SMC1A,CTDP1,PSMB10	0.09206213307240706
smad	null_smad_0722	SUSD4,SMARCA1,PRCC,MTSS2,SMC1A,WASHC2A,USP6NL	0.09208659491193738
smad	null_smad_0723	UTP14C,SMARCA1,SEMA4B,MTSS2,SMC1A,AKAP7,SMIM20	0.09208659491193738
smad	null_smad_0724	CHUK,FXYD6,PRCC,MTSS2,STX7,NSMF,PRPF19	0.09208659491193738
smad	null_smad_0725	LRATD1,SMARCA1,ABHD12,MTSS2,SMC1A,MED7,PRPF19	0.09208659491193738
smad	null_smad_0726	SUSD4,FXYD6,TTTY14,MTSS2,STX7,AKAP7,PSMB10	0.09208659491193738
smad	null_smad_0727	MTERF3,SMARCA1,TTTY14,MTSS2,STX7,TMTC1,TTC9C	0.09208659491193738
smad	null_smad_0728	UTP14C,CCDC186,DAB2IP,MTSS2,SMC1A,GMPPA,SMIM20	0.09206213307240706
smad	null_smad_0729	RAB11FIP1,FXYD6,PRCC,MTSS2,SMC1A,MED7,PSMB10	0.09208659491193738
smad	null_smad_0730	MTERF3,VKORC1,TMED5,MTSS2,STX7,NSMF,ANAPC7	0.09206213307240706
smad	null_smad_0731	MTERF3,VKORC1,DAB2IP,MTSS2,STX7,TMTC1,SETD7	0.09206213307240706
smad	null_smad_0732	RAB11FIP1,SMARCA1,DAB2IP,MTSS2,SMC1A,TMTC1,ANAPC7	0.09208659491193738
smad	null_smad_0733	SUSD4,CCDC186,TTTY14,MTSS2,SMC1A,MED7,SETD7	0.09206213307240706
smad	null_smad_0734	CHUK,VKORC1,TNFSF12,MTSS2,STX7,ZBTB8A,ANAPC7	0.09206213307240706
smad	null_smad_0735	CHUK,SMARCA1,TNFSF12,MTSS2,SMC1A,AKAP7,PSMB10	0.09208659491193738
smad	null_smad_0736	MTERF3,SMARCA1,ABHD12,MTSS2,STX7,NSMF,SETD7	0.09208659491193738
smad	null_smad_0737	UTP14C,FXYD6,ABHD12,MTSS2,STX7,CTDP1,SETD7	0.09208659491193738
smad	null_smad_0738	CHUK,FXYD6,DAB2IP,MTSS2,STX7,WASHC2A,ANAPC7	0.09208659491193738
smad	null_smad_0739	UTP14C,VKORC1,SEMA4B,MTSS2,STX7,GMPPA,SETD7	0.09206213307240706
smad	null_smad_0740	UTP14C,SMARCA1,TMED5,MTSS2,STX7,AKAP7,TTC9C	0.09208659491193738
smad	null_smad_0741	CHUK,VKORC1,DAB2IP,MTSS2,SMC1A,CTDP1,TTC9C	0.09206213307240706
smad	null_smad_0742	UTP14C,SMARCA1,TMED5,MTSS2,STX7,TMTC1,SMIM20	0.09208659491193738
smad	null_smad_0743	LRATD1,SMARCA1,ABHD12,MTSS2,STX7,GMPPA,SMIM20	0.09208659491193738
smad	null_smad_0744	CHUK,CCDC186,ABHD12,MTSS2,STX7,AKAP7,USP6NL	0.09206213307240706
smad	null_smad_0745	UTP14C,SMARCA1,TTTY14,MTSS2,SMC1A,AKAP7,TTC9C	0.09208659491193738
smad	null_smad_0746	UTP14C,VKORC1,SEMA4B,MTSS2,STX7,WASHC2A,SMIM20	0.09206213307240706
smad	null_smad_0747	MTERF3,SMARCA1,SEMA4B,MTSS2,STX7,MACROD1,TTC9C	0.09208659491193738
smad	null_smad_0748	SUSD4,SMARCA1,ABHD12,MTSS2,STX7,NSMF,TTC9C	0.09208659491193738
smad	null_smad_0749	CHUK,SMARCA1,TTTY14,MTSS2,SMC1A,MACROD1,PSMB10	0.09208659491193738
smad	null_smad_0750	RAB11FIP1,CCDC186,TTTY14,MTSS2,STX7,WASHC2A,PSMB10	0.09206213307240706
smad	null_smad_0751	MTERF3,VKORC1,DAB2IP,MTSS2,STX7,MED7,TTC9C	0.09206213307240706
smad	null_smad_0752	RAB11FIP1,CCDC186,TMED5,MTSS2,SMC1A,TMTC1,USP6NL	0.09206213307240706
smad	null_smad_0753	UTP14C,FXYD6,SEMA4B,MTSS2,STX7,GMPPA,USP6NL	0.09208659491193738
smad	null_smad_0754	RAB11FIP1,CCDC186,SEMA4B,MTSS2,SMC1A,TMTC1,PSMB10	0.09206213307240706
smad	null_smad_0755	RAB11FIP1,FXYD6,TTTY14,MTSS2,SMC1A,ZBTB8A,USP6NL	0.09208659491193738
smad	null_smad_0756	RAB11FIP1,SMARCA1,ABHD12,MTSS2,SMC1A,WASHC2A,PSMB10	0.09208659491193738
smad	null_smad_0757	SUSD4,FXYD6,SEMA4B,MTSS2,SMC1A,NSMF,USP6NL	0.09208659491193738
smad	null_smad_0758	LRATD1,SMARCA1,DAB2IP,MTSS2,STX7,MED7,PRPF19	0.09208659491193738
smad	null_smad_0759	RAB11FIP1,CCDC186,PRCC,MTSS2,STX7,ZBTB8A,SMIM20	0.09206213307240706
smad	null_smad_0760	LRATD1,VKORC1,SEMA4B,MTSS2,STX7,NSMF,SETD7	0.09206213307240706
smad	null_smad_0761	MTERF3,FXYD6,SEMA4B,MTSS2,SMC1A,GMPPA,TTC9C	0.09208659491193738
smad	null_smad_0762	LRATD1,VKORC1,TMED5,MTSS2,STX7,ZBTB8A,PRPF19	0.09206213307240706
smad	null_smad_0763	LRATD1,FXYD6,ABHD12,MTSS2,SMC1A,MACROD1,SETD7	0.09208659491193738
smad	null_smad_0764	CHUK,FXYD6,SEMA4B,MTSS2,STX7,ZBTB8A,SMIM20	0.09208659491193738
smad	null_smad_0765	CHUK,CCDC186,PRCC,MTSS2,SMC1A,NSMF,SETD7	0.09206213307240706
smad	null_smad_0766	LRATD1,VKORC1,PRCC,MTSS2,SMC1A,GMPPA,SMIM20	0.09206213307240706
smad	null_smad_0767	RAB11FIP1,VKORC1,SEMA4B,MTSS2,SMC1A,MACROD1,SETD7	0.09206213307240706
smad	null_smad_0768	MTERF3,FXYD6,DAB2IP,MTSS2,SMC1A,TMTC1,PRPF19	0.09208659491193738
smad	null_smad_0769	UTP14C,CCDC186,TNFSF12,MTSS2,SMC1A,GMPPA,PRPF19	0.09206213307240706
smad	null_smad_0770	LRATD1,CCDC186,DAB2IP,MTSS2,SMC1A,CTDP1,TTC9C	0.09206213307240706
smad	null_smad_0771	UTP14C,VKORC1,TTTY14,MTSS2,STX7,TMTC1,TTC9C	0.09206213307240706
smad	null_smad_0772	RAB11FIP1,FXYD6,TTTY14,MTSS2,STX7,ZBTB8A,ANAPC7	0.09208659491193738
smad	null_smad_0773	SUSD4,CCDC186,SEMA4B,MTSS2,SMC1A,GMPPA,SMIM20	0.09206213307240706
smad	null_smad_0774	RAB11FIP1,VKORC1,SEMA4B,MTSS2,STX7,TMTC1,SMIM20	0.09206213307240706
smad	null_smad_0775	SUSD4,FXYD6,DAB2IP,MTSS2,SMC1A,ZBTB8A,SMIM20	0.09208659491193738
smad	null_smad_0776	RAB11FIP1,CCDC186,TMED5,MTSS2,SMC1A,CTDP1,SMIM20	0.09206213307240706
smad	null_smad_0777	LRATD1,CCDC186,ABHD12,MTSS2,SMC1A,AKAP7,USP6NL	0.09206213307240706
smad	null_smad_0778	RAB11FIP1,CCDC186,TMED5,MTSS2,SMC1A,NSMF,TTC9C	0.09206213307240706
smad	null_smad_0779	RAB11FIP1,FXYD6,SEMA4B,MTSS2,STX7,CTDP1,SMIM20	0.09208659491193738
smad	null_smad_0780	LRATD1,FXYD6,DAB2IP,MTSS2,STX7,GMPPA,SETD7	0.09208659491193738
smad	null_smad_0781	RAB11FIP1,VKORC1,DAB2IP,MTSS2,SMC1A,MACROD1,SMIM20	0.09206213307240706
smad	null_smad_0782	MTERF3,SMARCA1,TTTY14,MTSS2,SMC1A,WASHC2A,SMIM20	0.09208659491193738
smad	null_smad_0783	SUSD4,VKORC1,PRCC,MTSS2,STX7,MACROD1,PSMB10	0.09206213307240706
smad	null_smad_0784	SUSD4,FXYD6,TTTY14,MTSS2,SMC1A,ZBTB8A,TTC9C	0.09208659491193738
smad	null_smad_0785	UTP14C,VKORC1,ABHD12,MTSS2,STX7,AKAP7,SETD7	0.09206213307240706
smad	null_smad_0786	UTP14C,FXYD6,DAB2IP,MTSS2,SMC1A,MACROD1,USP6NL	0.09208659491193738
smad	null_smad_0787	RAB11FIP1,VKORC1,ABHD12,MTSS2,STX7,MACROD1,TTC9C	0.09206213307240706
smad	null_smad_0788	SUSD4,SMARCA1,ABHD12,MTSS2,SMC1A,MED7,PSMB10	0.09208659491193738
smad	null_smad_0789	RAB11FIP1,SMARCA1,TTTY14,MTSS2,SMC1A,WASHC2A,PRPF19	0.09208659491193738
smad	null_smad_0790	LRATD1,VKORC1,TTTY14,MTSS2,STX7,GMPPA,PSMB10	0.09206213307240706
smad	null_smad_0791	UTP14C,SMARCA1,TTTY14,MTSS2,STX7,MED7,PSMB10	0.09208659491193738
smad	null_smad_0792	SUSD4,FXYD6,DAB2IP,MTSS2,STX7,MED7,TTC9C	0.09208659491193738
smad	null_smad_0793	RAB11FIP1,SMARCA1,TTTY14,MTSS2,SMC1A,TMTC1,TTC9C	0.09208659491193738
smad	null_smad_0794	RAB11FIP1,SMARCA1,TMED5,MTSS2,STX7,ZBTB8A,SETD7	0.09208659491193738
smad	null_smad_0795	UTP14C,VKORC1,ABHD12,MTSS2,STX7,MED7,SETD7	0.09206213307240706
smad	null_smad_0796	SUSD4,SMARCA1,PRCC,MTSS2,SMC1A,MED7,ANAPC7	0.09208659491193738
smad	null_smad_0797	MTERF3,CCDC186,TTTY14,MTSS2,STX7,CTDP1,SMIM20	0.09206213307240706
smad	null_smad_0798	UTP14C,SMARCA1,DAB2IP,MTSS2,STX7,GMPPA,USP6NL	0.09208659491193738
smad	null_smad_0799	UTP14C,SMARCA1,TMED5,MTSS2,STX7,GMPPA,ANAPC7	0.09208659491193738
smad	null_smad_0800	UTP14C,CCDC186,ABHD12,MTSS2,STX7,AKAP7,ANAPC7	0.09206213307240706
smad	null_smad_0801	SUSD4,FXYD6,TNFSF12,MTSS2,STX7,MACROD1,USP6NL	0.09208659491193738
smad	null_smad_0802	LRATD1,CCDC186,TTTY14,MTSS2,SMC1A,NSMF,SMIM20	0.09206213307240706
smad	null_smad_0803	UTP14C,FXYD6,ABHD12,MTSS2,STX7,CTDP1,PSMB10	0.09208659491193738
smad	null_smad_0804	MTERF3,SMARCA1,ABHD12,MTSS2,STX7,AKAP7,USP6NL	0.09208659491193738
smad	null_smad_0805	CHUK,CCDC186,TTTY14,MTSS2,STX7,TMTC1,USP6NL	0.09206213307240706
smad	null_smad_0806	UTP14C,SMARCA1,TTTY14,MTSS2,SMC1A,CTDP1,PSMB10	0.09208659491193738
smad	null_smad_0807	MTERF3,SMARCA1,ABHD12,MTSS2,SMC1A,CTDP1,PRPF19	0.09208659491193738
smad	null_smad_0808	CHUK,SMARCA1,TMED5,MTSS2,STX7,NSMF,SETD7	0.09208659491193738
smad	null_smad_0809	LRATD1,VKORC1,TNFSF12,MTSS2,SMC1A,ZBTB8A,ANAPC7	0.09206213307240706
smad	null_smad_0810	RAB11FIP1,CCDC186,TNFSF12,MTSS2,STX7,AKAP7,USP6NL	0.09206213307240706
smad	null_smad_0811	SUSD4,VKORC1,SEMA4B,MTSS2,SMC1A,TMTC1,PRPF19	0.09206213307240706
smad	null_smad_0812	CHUK,FXYD6,SEMA4B,MTSS2,SMC1A,AKAP7,USP6NL	0.09208659491193738
smad	null_smad_0813	SUSD4,FXYD6,TMED5,MTSS2,SMC1A,WASHC2A,SMIM20	0.09208659491193738
smad	null_smad_0814	LRATD1,VKORC1,TNFSF12,MTSS2,SMC1A,AKAP7,PRPF19	0.09206213307240706
smad	null_smad_0815	CHUK,VKORC1,SEMA4B,MTSS2,SMC1A,TMTC1,ANAPC7	0.09206213307240706
smad	null_smad_0816	CHUK,SMARCA1,ABHD12,MTSS2,SMC1A,TMTC1,SMIM20	0.09208659491193738
smad	null_smad_0817	MTERF3,SMARCA1,TMED5,MTSS2,STX7,MACROD1,USP6NL	0.09208659491193738
smad	null_smad_0818	LRATD1,VKORC1,TTTY14,MTSS2,SMC1A,GMPPA,PSMB10	0.09206213307240706
smad	null_smad_0819	UTP14C,CCDC186,DAB2IP,MTSS2,SMC1A,WASHC2A,USP6NL	0.09206213307240706
smad	null_smad_0820	UTP14C,VKORC1,TMED5,MTSS2,STX7,WASHC2A,PSMB10	0.09206213307240706
smad	null_smad_0821	LRATD1,VKORC1,TTTY14,MTSS2,STX7,MACROD1,USP6NL	0.09206213307240706
smad	null_smad_0822	SUSD4,VKORC1,ABHD12,MTSS2,STX7,NSMF,PRPF19	0.09206213307240706
smad	null_smad_0823	UTP14C,VKORC1,TTTY14,MTSS2,SMC1A,MACROD1,PRPF19	0.09206213307240706
smad	null_smad_0824	CHUK,CCDC186,TMED5,MTSS2,SMC1A,NSMF,SETD7	0.09206213307240706
smad	null_smad_0825	LRATD1,VKORC1,TNFSF12,MTSS2,STX7,MED7,PSMB10	0.09206213307240706
smad	null_smad_0826	UTP14C,FXYD6,PRCC,MTSS2,STX7,AKAP7,SETD7	0.09208659491193738
smad	null_smad_0827	CHUK,SMARCA1,SEMA4B,MTSS2,STX7,MED7,PRPF19	0.09208659491193738
smad	null_smad_0828	SUSD4,VKORC1,PRCC,MTSS2,STX7,ZBTB8A,PSMB10	0.09206213307240706
smad	null_smad_0829	SUSD4,FXYD6,SEMA4B,MTSS2,SMC1A,MACROD1,TTC9C	0.09208659491193738
smad	null_smad_0830	CHUK,SMARCA1,ABHD12,MTSS2,STX7,MED7,SMIM20	0.09208659491193738
smad	null_smad_0831	RAB11FIP1,CCDC186,SEMA4B,MTSS2,SMC1A,CTDP1,PRPF19	0.09206213307240706
smad	null_smad_0832	RAB11FIP1,FXYD6,TMED5,MTSS2,STX7,MACROD1,ANAPC7	0.09208659491193738
smad	null_smad_0833	RAB11FIP1,CCDC186,ABHD12,MTSS2,SMC1A,TMTC1,USP6NL	0.09206213307240706
smad	null_smad_0834	RAB11FIP1,CCDC186,SEMA4B,MTSS2,SMC1A,ZBTB8A,ANAPC7	0.09206213307240706
smad	null_smad_0835	SUSD4,FXYD6,PRCC,MTSS2,SMC1A,TMTC1,USP6NL	0.09208659491193738
smad	null_smad_0836	SUSD4,FXYD6,TMED5,MTSS2,STX7,NSMF,SMIM20	0.09208659491193738
smad	null_smad_0837	SUSD4,CCDC186,TTTY14,MTSS2,STX7,ZBTB8A,ANAPC7	0.09206213307240706
smad	null_smad_0838	SUSD4,CCDC186,TNFSF12,MTSS2,STX7,MACROD1,PRPF19	0.09206213307240706
smad	null_smad_0839	SUSD4,VKORC1,PRCC,MTSS2,STX7,WASHC2A,SETD7	0.09206213307240706
smad	null_smad_0840	MTERF3,VKORC1,TMED5,MTSS2,STX7,CTDP1,PRPF19	0.09206213307240706
smad	null_smad_0841	MTERF3,FXYD6,TNFSF12,MTSS2,STX7,CTDP1,SETD7	0.09208659491193738
smad	null_smad_0842	MTERF3,CCDC186,TTTY14,MTSS2,STX7,TMTC1,SETD7	0.09206213307240706
smad	null_smad_0843	LRATD1,VKORC1,DAB2IP,MTSS2,STX7,MACROD1,ANAPC7	0.09206213307240706
smad	null_smad_0844	RAB11FIP1,CCDC186,DAB2IP,MTSS2,STX7,WASHC2A,SMIM20	0.09206213307240706
smad	null_smad_0845	LRATD1,VKORC1,TTTY14,MTSS2,STX7,ZBTB8A,PRPF19	0.09206213307240706
smad	null_smad_0846	MTERF3,SMARCA1,ABHD12,MTSS2,STX7,NSMF,SMIM20	0.09208659491193738
smad	null_smad_0847	MTERF3,VKORC1,ABHD12,MTSS2,SMC1A,WASHC2A,ANAPC7	0.09206213307240706
smad	null_smad_0848	LRATD1,VKORC1,TMED5,MTSS2,SMC1A,CTDP1,PRPF19	0.09206213307240706
smad	null_smad_0849	LRATD1,CCDC186,ABHD12,MTSS2,STX7,MACROD1,PRPF19	0.09206213307240706
smad	null_smad_0850	SUSD4,SMARCA1,SEMA4B,MTSS2,SMC1A,ZBTB8A,SMIM20	0.09208659491193738
smad	null_smad_0851	SUSD4,VKORC1,TTTY14,MTSS2,STX7,GMPPA,PRPF19	0.09206213307240706
smad	null_smad_0852	RAB11FIP1,FXYD6,ABHD12,MTSS2,STX7,WASHC2A,TTC9C	0.09208659491193738
smad	null_smad_0853	CHUK,SMARCA1,ABHD12,MTSS2,STX7,WASHC2A,SMIM20	0.09208659491193738
smad	null_smad_0854	LRATD1,FXYD6,TNFSF12,MTSS2,STX7,ZBTB8A,SETD7	0.09208659491193738
smad	null_smad_0855	CHUK,VKORC1,DAB2IP,MTSS2,STX7,CTDP1,PSMB10	0.09206213307240706
smad	null_smad_0856	MTERF3,VKORC1,TMED5,MTSS2,STX7,WASHC2A,TTC9C	0.09206213307240706
smad	null_smad_0857	UTP14C,CCDC186,TTTY14,MTSS2,STX7,ZBTB8A,USP6NL	0.09206213307240706
smad	null_smad_0858	SUSD4,VKORC1,ABHD12,MTSS2,STX7,GMPPA,PRPF19	0.09206213307240706
smad	null_smad_0859	SUSD4,CCDC186,DAB2IP,MTSS2,STX7,MACROD1,PRPF19	0.09206213307240706
smad	null_smad_0860	CHUK,SMARCA1,SEMA4B,MTSS2,STX7,AKAP7,PSMB10	0.09208659491193738
smad	null_smad_0861	SUSD4,FXYD6,TNFSF12,MTSS2,STX7,TMTC1,PRPF19	0.09208659491193738
smad	null_smad_0862	MTERF3,SMARCA1,TTTY14,MTSS2,SMC1A,MACROD1,SETD7	0.09208659491193738
smad	null_smad_0863	SUSD4,FXYD6,TTTY14,MTSS2,STX7,CTDP1,SETD7	0.09208659491193738
smad	null_smad_0864	MTERF3,VKORC1,DAB2IP,MTSS2,SMC1A,NSMF,PRPF19	0.09206213307240706
smad	null_smad_0865	UTP14C,FXYD6,ABHD12,MTSS2,STX7,WASHC2A,ANAPC7	0.09208659491193738
smad	null_smad_0866	CHUK,VKORC1,DAB2IP,MTSS2,SMC1A,MACROD1,PRPF19	0.09206213307240706
smad	null_smad_0867	LRATD1,SMARCA1,TMED5,MTSS2,STX7,AKAP7,TTC9C	0.09208659491193738
smad	null_smad_0868	SUSD4,CCDC186,TTTY14,MTSS2,STX7,WASHC2A,TTC9C	0.09206213307240706
smad	null_smad_0869	LRATD1,SMARCA1,TTTY14,MTSS2,SMC1A,MACROD1,ANAPC7	0.09208659491193738
smad	null_smad_0870	RAB11FIP1,VKORC1,PRCC,MTSS2,STX7,CTDP1,USP6NL	0.09206213307240706
smad	null_smad_0871	CHUK,VKORC1,ABHD12,MTSS2,STX7,GMPPA,USP6NL	0.09206213307240706
smad	null_smad_0872	LRATD1,CCDC186,SEMA4B,MTSS2,SMC1A,ZBTB8A,PSMB10	0.09206213307240706
smad	null_smad_0873	LRATD1,CCDC186,PRCC,MTSS2,STX7,NSMF,SETD7	0.09206213307240706
smad	null_smad_0874	MTERF3,VKORC1,TTTY14,MTSS2,STX7,ZBTB8A,SMIM20	0.09206213307240706
smad	null_smad_0875	LRATD1,VKORC1,PRCC,MTSS2,SMC1A,MED7,USP6NL	0.09206213307240706
smad	null_smad_0876	MTERF3,VKORC1,TTTY14,MTSS2,SMC1A,AKAP7,TTC9C	0.09206213307240706
smad	null_smad_0877	MTERF3,CCDC186,ABHD12,MTSS2,SMC1A,GMPPA,TTC9C	0.09206213307240706
smad	null_smad_0878	SUSD4,CCDC186,SEMA4B,MTSS2,SMC1A,MED7,PRPF19	0.09206213307240706
smad	null_smad_0879	RAB11FIP1,VKORC1,PRCC,MTSS2,SMC1A,AKAP7,USP6NL	0.09206213307240706
smad	null_smad_0880	CHUK,VKORC1,TMED5,MTSS2,STX7,TMTC1,PRPF19	0.09206213307240706
smad	null_smad_0881	UTP14C,FXYD6,PRCC,MTSS2,SMC1A,TMTC1,TTC9C	0.09208659491193738
smad	null_smad_0882	MTERF3,FXYD6,SEMA4B,MTSS2,SMC1A,MACROD1,TTC9C	0.09208659491193738
smad	null_smad_0883	UTP14C,FXYD6,SEMA4B,MTSS2,STX7,CTDP1,ANAPC7	0.09208659491193738
smad	null_smad_0884	SUSD4,CCDC186,TNFSF12,MTSS2,STX7,TMTC1,SMIM20	0.09206213307240706
smad	null_smad_0885	LRATD1,FXYD6,TTTY14,MTSS2,SMC1A,AKAP7,USP6NL	0.09208659491193738
smad	null_smad_0886	MTERF3,CCDC186,TTTY14,MTSS2,SMC1A,NSMF,SMIM20	0.09206213307240706
smad	null_smad_0887	MTERF3,FXYD6,SEMA4B,MTSS2,SMC1A,NSMF,PSMB10	0.09208659491193738
smad	null_smad_0888	UTP14C,VKORC1,ABHD12,MTSS2,STX7,MACROD1,TTC9C	0.09206213307240706
smad	null_smad_0889	SUSD4,CCDC186,TNFSF12,MTSS2,STX7,CTDP1,SMIM20	0.09206213307240706
smad	null_smad_0890	CHUK,VKORC1,TNFSF12,MTSS2,STX7,AKAP7,SETD7	0.09206213307240706
smad	null_smad_0891	RAB11FIP1,SMARCA1,PRCC,MTSS2,SMC1A,WASHC2A,TTC9C	0.09208659491193738
smad	null_smad_0892	MTERF3,CCDC186,ABHD12,MTSS2,SMC1A,NSMF,PSMB10	0.09206213307240706
smad	null_smad_0893	MTERF3,SMARCA1,TNFSF12,MTSS2,SMC1A,GMPPA,PRPF19	0.09208659491193738
smad	null_smad_0894	SUSD4,SMARCA1,TMED5,MTSS2,SMC1A,AKAP7,ANAPC7	0.09208659491193738
smad	null_smad_0895	CHUK,FXYD6,SEMA4B,MTSS2,SMC1A,ZBTB8A,ANAPC7	0.09208659491193738
smad	null_smad_0896	RAB11FIP1,FXYD6,ABHD12,MTSS2,STX7,AKAP7,PRPF19	0.09208659491193738
smad	null_smad_0897	RAB11FIP1,VKORC1,PRCC,MTSS2,SMC1A,NSMF,SETD7	0.09206213307240706
smad	null_smad_0898	MTERF3,SMARCA1,DAB2IP,MTSS2,SMC1A,ZBTB8A,USP6NL	0.09208659491193738
smad	null_smad_0899	RAB11FIP1,FXYD6,PRCC,MTSS2,SMC1A,MED7,PSMB10	0.09208659491193738
smad	null_smad_0900	UTP14C,SMARCA1,TNFSF12,MTSS2,STX7,ZBTB8A,SETD7	0.09208659491193738
smad	null_smad_0901	SUSD4,CCDC186,TTTY14,MTSS2,SMC1A,MED7,PSMB10	0.09206213307240706
smad	null_smad_0902	RAB11FIP1,VKORC1,DAB2IP,MTSS2,SMC1A,MACROD1,PSMB10	0.09206213307240706
smad	null_smad_0903	RAB11FIP1,CCDC186,SEMA4B,MTSS2,STX7,MED7,PRPF19	0.09206213307240706
smad	null_smad_0904	LRATD1,CCDC186,ABHD12,MTSS2,SMC1A,MACROD1,PSMB10	0.09206213307240706
smad	null_smad_0905	MTERF3,VKORC1,TTTY14,MTSS2,SMC1A,GMPPA,SMIM20	0.09206213307240706
smad	null_smad_0906	MTERF3,VKORC1,TTTY14,MTSS2,STX7,MACROD1,PSMB10	0.09206213307240706
smad	null_smad_0907	SUSD4,SMARCA1,ABHD12,MTSS2,SMC1A,ZBTB8A,SMIM20	0.09208659491193738
smad	null_smad_0908	SUSD4,VKORC1,SEMA4B,MTSS2,STX7,WASHC2A,TTC9C	0.09206213307240706
smad	null_smad_0909	RAB11FIP1,VKORC1,DAB2IP,MTSS2,STX7,WASHC2A,USP6NL	0.09206213307240706
smad	null_smad_0910	MTERF3,CCDC186,DAB2IP,MTSS2,SMC1A,TMTC1,ANAPC7	0.09206213307240706
smad	null_smad_0911	RAB11FIP1,FXYD6,TTTY14,MTSS2,SMC1A,NSMF,USP6NL	0.09208659491193738
smad	null_smad_0912	CHUK,CCDC186,ABHD12,MTSS2,SMC1A,GMPPA,SMIM20	0.09206213307240706
smad	null_smad_0913	CHUK,VKORC1,SEMA4B,MTSS2,STX7,AKAP7,USP6NL	0.09206213307240706
smad	null_smad_0914	RAB11FIP1,CCDC186,DAB2IP,MTSS2,STX7,MACROD1,ANAPC7	0.09206213307240706
smad	null_smad_0915	UTP14C,VKORC1,DAB2IP,MTSS2,STX7,MACROD1,ANAPC7	0.09206213307240706
smad	null_smad_0916	MTERF3,FXYD6,DAB2IP,MTSS2,STX7,CTDP1,USP6NL	0.09208659491193738
smad	null_smad_0917	RAB11FIP1,VKORC1,ABHD12,MTSS2,STX7,CTDP1,USP6NL	0.09206213307240706
smad	null_smad_0918	RAB11FIP1,CCDC186,PRCC,MTSS2,STX7,WASHC2A,TTC9C	0.09206213307240706
smad	null_smad_0919	RAB11FIP1,VKORC1,TMED5,MTSS2,SMC1A,ZBTB8A,ANAPC7	0.09206213307240706
smad	null_smad_0920	MTERF3,CCDC186,TTTY14,MTSS2,SMC1A,MACROD1,PSMB10	0.09206213307240706
smad	null_smad_0921	CHUK,VKORC1,ABHD12,MTSS2,SMC1A,ZBTB8A,SMIM20	0.09206213307240706
smad	null_smad_0922	CHUK,VKORC1,TNFSF12,MTSS2,STX7,MED7,PSMB10	0.09206213307240706
smad	null_smad_0923	LRATD1,CCDC186,TTTY14,MTSS2,SMC1A,AKAP7,PRPF19	0.09206213307240706
smad	null_smad_0924	RAB11FIP1,CCDC186,SEMA4B,MTSS2,SMC1A,AKAP7,PSMB10	0.09206213307240706
smad	null_smad_0925	RAB11FIP1,CCDC186,ABHD12,MTSS2,STX7,GMPPA,PSMB10	0.09206213307240706
smad	null_smad_0926	SUSD4,SMARCA1,PRCC,MTSS2,STX7,NSMF,ANAPC7	0.09208659491193738
smad	null_smad_0927	RAB11FIP1,SMARCA1,PRCC,MTSS2,STX7,MED7,SETD7	0.09208659491193738
smad	null_smad_0928	RAB11FIP1,FXYD6,DAB2IP,MTSS2,STX7,ZBTB8A,PRPF19	0.09208659491193738
smad	null_smad_0929	CHUK,VKORC1,ABHD12,MTSS2,SMC1A,CTDP1,USP6NL	0.09206213307240706
smad	null_smad_0930	MTERF3,SMARCA1,PRCC,MTSS2,STX7,MACROD1,SETD7	0.09208659491193738
smad	null_smad_0931	SUSD4,FXYD6,SEMA4B,MTSS2,SMC1A,GMPPA,SMIM20	0.09208659491193738
smad	null_smad_0932	RAB11FIP1,CCDC186,ABHD12,MTSS2,SMC1A,MED7,ANAPC7	0.09206213307240706
smad	null_smad_0933	RAB11FIP1,FXYD6,SEMA4B,MTSS2,SMC1A,AKAP7,ANAPC7	0.09208659491193738
smad	null_smad_0934	LRATD1,CCDC186,TNFSF12,MTSS2,SMC1A,MED7,USP6NL	0.09206213307240706
smad	null_smad_0935	SUSD4,SMARCA1,PRCC,MTSS2,STX7,TMTC1,TTC9C	0.09208659491193738
smad	null_smad_0936	LRATD1,FXYD6,SEMA4B,MTSS2,SMC1A,MED7,SMIM20	0.09208659491193738
smad	null_smad_0937	MTERF3,CCDC186,SEMA4B,MTSS2,STX7,GMPPA,ANAPC7	0.09206213307240706
smad	null_smad_0938	MTERF3,VKORC1,TTTY14,MTSS2,STX7,NSMF,SETD7	0.09206213307240706
smad	null_smad_0939	LRATD1,FXYD6,DAB2IP,MTSS2,STX7,NSMF,PRPF19	0.09208659491193738
smad	null_smad_0940	MTERF3,SMARCA1,SEMA4B,MTSS2,SMC1A,MED7,USP6NL	0.09208659491193738
smad	null_smad_0941	MTERF3,VKORC1,ABHD12,MTSS2,SMC1A,MACROD1,SETD7	0.09206213307240706
smad	null_smad_0942	RAB11FIP1,SMARCA1,ABHD12,MTSS2,STX7,ZBTB8A,ANAPC7	0.09208659491193738
smad	null_smad_0943	SUSD4,SMARCA1,SEMA4B,MTSS2,STX7,WASHC2A,PRPF19	0.09208659491193738
smad	null_smad_0944	UTP14C,CCDC186,PRCC,MTSS2,STX7,ZBTB8A,SETD7	0.09206213307240706
smad	null_smad_0945	UTP14C,CCDC186,ABHD12,MTSS2,SMC1A,AKAP7,PRPF19	0.09206213307240706
smad	null_smad_0946	LRATD1,VKORC1,PRCC,MTSS2,STX7,CTDP1,USP6NL	0.09206213307240706
smad	null_smad_0947	UTP14C,VKORC1,ABHD12,MTSS2,SMC1A,WASHC2A,PRPF19	0.09206213307240706
smad	null_smad_0948	MTERF3,FXYD6,SEMA4B,MTSS2,STX7,MED7,SETD7	0.09208659491193738
smad	null_smad_0949	LRATD1,VKORC1,TTTY14,MTSS2,SMC1A,MACROD1,USP6NL	0.09206213307240706
smad	null_smad_0950	SUSD4,SMARCA1,TNFSF12,MTSS2,SMC1A,MACROD1,USP6NL	0.09208659491193738
smad	null_smad_0951	LRATD1,CCDC186,TMED5,MTSS2,STX7,GMPPA,TTC9C	0.09206213307240706
smad	null_smad_0952	CHUK,SMARCA1,TMED5,MTSS2,STX7,WASHC2A,PSMB10	0.09208659491193738
smad	null_smad_0953	SUSD4,SMARCA1,TTTY14,MTSS2,SMC1A,CTDP1,SMIM20	0.09208659491193738
smad	null_smad_0954	CHUK,VKORC1,SEMA4B,MTSS2,SMC1A,MACROD1,USP6NL	0.09206213307240706
smad	null_smad_0955	SUSD4,VKORC1,DAB2IP,MTSS2,SMC1A,GMPPA,TTC9C	0.09206213307240706
smad	null_smad_0956	MTERF3,FXYD6,ABHD12,MTSS2,SMC1A,CTDP1,USP6NL	0.09208659491193738
smad	null_smad_0957	UTP14C,CCDC186,PRCC,MTSS2,STX7,CTDP1,ANAPC7	0.09206213307240706
smad	null_smad_0958	LRATD1,SMARCA1,ABHD12,MTSS2,SMC1A,WASHC2A,ANAPC7	0.09208659491193738
smad	null_smad_0959	MTERF3,CCDC186,TNFSF12,MTSS2,STX7,AKAP7,PSMB10	0.09206213307240706
smad	null_smad_0960	RAB11FIP1,CCDC186,SEMA4B,MTSS2,SMC1A,MED7,USP6NL	0.09206213307240706
smad	null_smad_0961	SUSD4,VKORC1,ABHD12,MTSS2,STX7,MED7,ANAPC7	0.09206213307240706
smad	null_smad_0962	RAB11FIP1,CCDC186,SEMA4B,MTSS2,STX7,WASHC2A,SMIM20	0.09206213307240706
smad	null_smad_0963	CHUK,FXYD6,DAB2IP,MTSS2,SMC1A,GMPPA,TTC9C	0.09208659491193738
smad	null_smad_0964	MTERF3,CCDC186,PRCC,MTSS2,STX7,MACROD1,PSMB10	0.09206213307240706
smad	null_smad_0965	RAB11FIP1,CCDC186,DAB2IP,MTSS2,SMC1A,WASHC2A,PRPF19	0.09206213307240706
smad	null_smad_0966	RAB11FIP1,VKORC1,SEMA4B,MTSS2,STX7,AKAP7,SETD7	0.09206213307240706
smad	null_smad_0967	MTERF3,CCDC186,TTTY14,MTSS2,STX7,CTDP1,TTC9C	0.09206213307240706
smad	null_smad_0968	RAB11FIP1,CCDC186,DAB2IP,MTSS2,STX7,CTDP1,SETD7	0.09206213307240706
smad	null_smad_0969	SUSD4,SMARCA1,TNFSF12,MTSS2,STX7,CTDP1,SETD7	0.09208659491193738
smad	null_smad_0970	LRATD1,CCDC186,TNFSF12,MTSS2,SMC1A,ZBTB8A,SMIM20	0.09206213307240706
smad	null_smad_0971	MTERF3,SMARCA1,ABHD12,MTSS2,STX7,TMTC1,USP6NL	0.09208659491193738
smad	null_smad_0972	MTERF3,VKORC1,ABHD12,MTSS2,STX7,CTDP1,PSMB10	0.09206213307240706
smad	null_smad_0973	LRATD1,FXYD6,ABHD12,MTSS2,SMC1A,CTDP1,TTC9C	0.09208659491193738
smad	null_smad_0974	UTP14C,FXYD6,PRCC,MTSS2,STX7,ZBTB8A,ANAPC7	0.09208659491193738
smad	null_smad_0975	CHUK,SMARCA1,SEMA4B,MTSS2,STX7,MED7,PRPF19	0.09208659491193738
smad	null_smad_0976	LRATD1,SMARCA1,PRCC,MTSS2,SMC1A,MED7,ANAPC7	0.09208659491193738
smad	null_smad_0977	SUSD4,CCDC186,TMED5,MTSS2,SMC1A,NSMF,PSMB10	0.09206213307240706
smad	null_smad_0978	MTERF3,VKORC1,DAB2IP,MTSS2,STX7,ZBTB8A,PSMB10	0.09206213307240706
smad	null_smad_0979	SUSD4,SMARCA1,TNFSF12,MTSS2,STX7,WASHC2A,SETD7	0.09208659491193738
smad	null_smad_0980	MTERF3,FXYD6,ABHD12,MTSS2,STX7,GMPPA,SMIM20	0.09208659491193738
smad	null_smad_0981	RAB11FIP1,FXYD6,TTTY14,MTSS2,SMC1A,GMPPA,PSMB10	0.09208659491193738
smad	null_smad_0982	UTP14C,VKORC1,TMED5,MTSS2,STX7,NSMF,SETD7	0.09206213307240706
smad	null_smad_0983	CHUK,CCDC186,PRCC,MTSS2,SMC1A,TMTC1,SETD7	0.09206213307240706
smad	null_smad_0984	CHUK,SMARCA1,ABHD12,MTSS2,SMC1A,GMPPA,SMIM20	0.09208659491193738
smad	null_smad_0985	UTP14C,CCDC186,TMED5,MTSS2,STX7,MACROD1,PRPF19	0.09206213307240706
smad	null_smad_0986	RAB11FIP1,CCDC186,TTTY14,MTSS2,STX7,MED7,PRPF19	0.09206213307240706
smad	null_smad_0987	RAB11FIP1,VKORC1,PRCC,MTSS2,STX7,GMPPA,SETD7	0.09206213307240706
smad	null_smad_0988	SUSD4,VKORC1,SEMA4B,MTSS2,STX7,AKAP7,TTC9C	0.09206213307240706
smad	null_smad_0989	UTP14C,FXYD6,TMED5,MTSS2,STX7,TMTC1,PSMB10	0.09208659491193738
smad	null_smad_0990	UTP14C,SMARCA1,TMED5,MTSS2,SMC1A,AKAP7,SMIM20	0.09208659491193738
smad	null_smad_0991	RAB11FIP1,SMARCA1,TTTY14,MTSS2,STX7,NSMF,SMIM20	0.09208659491193738
smad	null_smad_0992	CHUK,VKORC1,TMED5,MTSS2,STX7,NSMF,SETD7	0.09206213307240706
smad	null_smad_0993	LRATD1,VKORC1,DAB2IP,MTSS2,STX7,TMTC1,ANAPC7	0.09206213307240706
smad	null_smad_0994	SUSD4,CCDC186,TMED5,MTSS2,STX7,NSMF,TTC9C	0.09206213307240706
smad	null_smad_0995	SUSD4,FXYD6,ABHD12,MTSS2,STX7,CTDP1,ANAPC7	0.09208659491193738
smad	null_smad_0996	LRATD1,VKORC1,PRCC,MTSS2,SMC1A,WASHC2A,PRPF19	0.09206213307240706
smad	null_smad_0997	UTP14C,VKORC1,DAB2IP,MTSS2,STX7,ZBTB8A,TTC9C	0.09206213307240706
smad	null_smad_0998	LRATD1,VKORC1,TMED5,MTSS2,STX7,TMTC1,PRPF19	0.09206213307240706
smad	null_smad_0999	MTERF3,VKORC1,SEMA4B,MTSS2,SMC1A,GMPPA,USP6NL	0.09206213307240706
smad	null_smad_1000	MTERF3,CCDC186,DAB2IP,MTSS2,STX7,AKAP7,PSMB10	0.09206213307240706
ieg	null_ieg_0001	TAGLN,ADH5,TRMT13,SLC38A2,EDNRB,PREX2,ABI2	0.3219667318982387
ieg	null_ieg_0002	TAGLN,PKM,TRMT13,SLC38A2,EDNRB,SF3B1,ABI2	0.3219667318982387
ieg	null_ieg_0003	TAGLN,ADH5,DDX49,SLC38A2,EDNRB,SF3B1,ABI2	0.3219667318982387
ieg	null_ieg_0004	TAGLN,PKM,TRMT13,SLC38A2,EDNRB,SF3B1,ABI2	0.3219667318982387
ieg	null_ieg_0005	TAGLN,PKM,B4GALT1,SLC38A2,EDNRB,SF3B1,ABI2	0.3219667318982387
ieg	null_ieg_0006	TAGLN,ADH5,TRMT13,SLC38A2,EDNRB,SNRPD2,ABI2	0.3219667318982387
ieg	null_ieg_0007	TAGLN,ADH5,DDX49,SLC38A2,EDNRB,SNRPD2,ABI2	0.3219667318982387
ieg	null_ieg_0008	TAGLN,PKM,CA2,SLC38A2,EDNRB,SNRPD2,ABI2	0.3219667318982387
ieg	null_ieg_0009	TAGLN,ADH5,DDX49,SLC38A2,EDNRB,PREX2,ABI2	0.3219667318982387
ieg	null_ieg_0010	TAGLN,ADH5,TRMT13,SLC38A2,EDNRB,SF3B1,ABI2	0.3219667318982387
ieg	null_ieg_0011	TAGLN,ADH5,TRMT13,SLC38A2,EDNRB,SF3B1,ABI2	0.3219667318982387
ieg	null_ieg_0012	TAGLN,ADH5,STX16,SLC38A2,EDNRB,SNRPD2,ABI2	0.3219667318982387
ieg	null_ieg_0013	TAGLN,PKM,ATG14,SLC38A2,EDNRB,PREX2,ABI2	0.3219667318982387
ieg	null_ieg_0014	TAGLN,ADH5,STX16,SLC38A2,EDNRB,SNRPD2,ABI2	0.3219667318982387
ieg	null_ieg_0015	TAGLN,PKM,STX16,SLC38A2,EDNRB,SNRPD2,ABI2	0.3219667318982387
ieg	null_ieg_0016	TAGLN,PKM,CA2,SLC38A2,EDNRB,SNRPD2,ABI2	0.3219667318982387
ieg	null_ieg_0017	TAGLN,PKM,B4GALT1,SLC38A2,EDNRB,PREX2,ABI2	0.3219667318982387
ieg	null_ieg_0018	TAGLN,ADH5,TRMT13,SLC38A2,EDNRB,SNRPD2,ABI2	0.3219667318982387
ieg	null_ieg_0019	TAGLN,PKM,TMEM175,SLC38A2,EDNRB,SNRPD2,ABI2	0.3219667318982387
ieg	null_ieg_0020	TAGLN,ADH5,ATG14,SLC38A2,EDNRB,PREX2,ABI2	0.3219667318982387
ieg	null_ieg_0021	TAGLN,ADH5,DDX49,SLC38A2,EDNRB,SNRPD2,ABI2	0.3219667318982387
ieg	null_ieg_0022	TAGLN,ADH5,STX16,SLC38A2,EDNRB,SNRPD2,ABI2	0.3219667318982387
ieg	null_ieg_0023	TAGLN,ADH5,B4GALT1,SLC38A2,EDNRB,SNRPD2,ABI2	0.3219667318982387
ieg	null_ieg_0024	TAGLN,PKM,STX16,SLC38A2,EDNRB,SF3B1,ABI2	0.3219667318982387
ieg	null_ieg_0025	TAGLN,ADH5,CA2,SLC38A2,EDNRB,PREX2,ABI2	0.3219667318982387
ieg	null_ieg_0026	TAGLN,PKM,CA2,SLC38A2,EDNRB,PREX2,ABI2	0.3219667318982387
ieg	null_ieg_0027	TAGLN,PKM,TMEM175,SLC38A2,EDNRB,SNRPD2,ABI2	0.3219667318982387
ieg	null_ieg_0028	TAGLN,ADH5,TMEM175,SLC38A2,EDNRB,PREX2,ABI2	0.3219667318982387
ieg	null_ieg_0029	TAGLN,PKM,STX16,SLC38A2,EDNRB,PREX2,ABI2	0.3219667318982387
ieg	null_ieg_0030	TAGLN,ADH5,B4GALT1,SLC38A2,EDNRB,SNRPD2,ABI2	0.3219667318982387
ieg	null_ieg_0031	TAGLN,PKM,ATG14,SLC38A2,EDNRB,SF3B1,ABI2	0.3219667318982387
ieg	null_ieg_0032	TAGLN,ADH5,TRMT13,SLC38A2,EDNRB,PREX2,ABI2	0.3219667318982387
ieg	null_ieg_0033	TAGLN,ADH5,TMEM175,SLC38A2,EDNRB,PREX2,ABI2	0.3219667318982387
ieg	null_ieg_0034	TAGLN,PKM,STX16,SLC38A2,EDNRB,SNRPD2,ABI2	0.3219667318982387
ieg	null_ieg_0035	TAGLN,PKM,B4GALT1,SLC38A2,EDNRB,SNRPD2,ABI2	0.3219667318982387
ieg	null_ieg_0036	TAGLN,ADH5,CA2,SLC38A2,EDNRB,SNRPD2,ABI2	0.3219667318982387
ieg	null_ieg_0037	TAGLN,ADH5,ATG14,SLC38A2,EDNRB,PREX2,ABI2	0.3219667318982387
ieg	null_ieg_0038	TAGLN,PKM,TRMT13,SLC38A2,EDNRB,SF3B1,ABI2	0.3219667318982387
ieg	null_ieg_0039	TAGLN,PKM,ATG14,SLC38A2,EDNRB,SF3B1,ABI2	0.3219667318982387
ieg	null_ieg_0040	TAGLN,PKM,CA2,SLC38A2,EDNRB,PREX2,ABI2	0.3219667318982387
ieg	null_ieg_0041	TAGLN,PKM,TRMT13,SLC38A2,EDNRB,SF3B1,ABI2	0.3219667318982387
ieg	null_ieg_0042	TAGLN,PKM,B4GALT1,SLC38A2,EDNRB,SF3B1,ABI2	0.3219667318982387
ieg	null_ieg_0043	TAGLN,ADH5,STX16,SLC38A2,EDNRB,SNRPD2,ABI2	0.3219667318982387
ieg	null_ieg_0044	TAGLN,ADH5,CA2,SLC38A2,EDNRB,SF3B1,ABI2	0.3219667318982387
ieg	null_ieg_0045	TAGLN,PKM,TMEM175,SLC38A2,EDNRB,SNRPD2,ABI2	0.3219667318982387
ieg	null_ieg_0046	TAGLN,PKM,STX16,SLC38A2,EDNRB,SNRPD2,ABI2	0.3219667318982387
ieg	null_ieg_0047	TAGLN,ADH5,DDX49,SLC38A2,EDNRB,SF3B1,ABI2	0.3219667318982387
ieg	null_ieg_0048	TAGLN,ADH5,TMEM175,SLC38A2,EDNRB,SF3B1,ABI2	0.3219667318982387
ieg	null_ieg_0049	TAGLN,ADH5,ATG14,SLC38A2,EDNRB,PREX2,ABI2	0.3219667318982387
ieg	null_ieg_0050	TAGLN,ADH5,DDX49,SLC38A2,EDNRB,PREX2,ABI2	0.3219667318982387
ieg	null_ieg_0051	TAGLN,PKM,TMEM175,SLC38A2,EDNRB,SNRPD2,ABI2	0.3219667318982387
ieg	null_ieg_0052	TAGLN,ADH5,ATG14,SLC38A2,EDNRB,SF3B1,ABI2	0.3219667318982387
ieg	null_ieg_0053	TAGLN,PKM,CA2,SLC38A2,EDNRB,PREX2,ABI2	0.3219667318982387
ieg	null_ieg_0054	TAGLN,ADH5,STX16,SLC38A2,EDNRB,PREX2,ABI2	0.3219667318982387
ieg	null_ieg_0055	TAGLN,ADH5,TRMT13,SLC38A2,EDNRB,SF3B1,ABI2	0.3219667318982387
ieg	null_ieg_0056	TAGLN,PKM,TRMT13,SLC38A2,EDNRB,SF3B1,ABI2	0.3219667318982387
ieg	null_ieg_0057	TAGLN,ADH5,TMEM175,SLC38A2,EDNRB,SNRPD2,ABI2	0.3219667318982387
ieg	null_ieg_0058	TAGLN,ADH5,CA2,SLC38A2,EDNRB,SNRPD2,ABI2	0.3219667318982387
ieg	null_ieg_0059	TAGLN,ADH5,ATG14,SLC38A2,EDNRB,PREX2,ABI2	0.3219667318982387
ieg	null_ieg_0060	TAGLN,PKM,B4GALT1,SLC38A2,EDNRB,SNRPD2,ABI2	0.3219667318982387
ieg	null_ieg_0061	TAGLN,ADH5,DDX49,SLC38A2,EDNRB,PREX2,ABI2	0.3219667318982387
ieg	null_ieg_0062	TAGLN,PKM,TRMT13,SLC38A2,EDNRB,PREX2,ABI2	0.3219667318982387
ieg	null_ieg_0063	TAGLN,ADH5,TMEM175,SLC38A2,EDNRB,PREX2,ABI2	0.3219667318982387
ieg	null_ieg_0064	TAGLN,ADH5,DDX49,SLC38A2,EDNRB,PREX2,ABI2	0.3219667318982387
ieg	null_ieg_0065	TAGLN,PKM,STX16,SLC38A2,EDNRB,SNRPD2,ABI2	0.3219667318982387
ieg	null_ieg_0066	TAGLN,ADH5,ATG14,SLC38A2,EDNRB,SNRPD2,ABI2	0.3219667318982387
ieg	null_ieg_0067	TAGLN,PKM,TRMT13,SLC38A2,EDNRB,SF3B1,ABI2	0.3219667318982387
ieg	null_ieg_0068	TAGLN,ADH5,B4GALT1,SLC38A2,EDNRB,PREX2,ABI2	0.3219667318982387
ieg	null_ieg_0069	TAGLN,PKM,TRMT13,SLC38A2,EDNRB,PREX2,ABI2	0.3219667318982387
ieg	null_ieg_0070	TAGLN,PKM,B4GALT1,SLC38A2,EDNRB,PREX2,ABI2	0.3219667318982387
ieg	null_ieg_0071	TAGLN,PKM,STX16,SLC38A2,EDNRB,PREX2,ABI2	0.3219667318982387
ieg	null_ieg_0072	TAGLN,ADH5,TMEM175,SLC38A2,EDNRB,SF3B1,ABI2	0.3219667318982387
ieg	null_ieg_0073	TAGLN,PKM,CA2,SLC38A2,EDNRB,SF3B1,ABI2	0.3219667318982387
ieg	null_ieg_0074	TAGLN,ADH5,ATG14,SLC38A2,EDNRB,SNRPD2,ABI2	0.3219667318982387
ieg	null_ieg_0075	TAGLN,PKM,TRMT13,SLC38A2,EDNRB,SF3B1,ABI2	0.3219667318982387
ieg	null_ieg_0076	TAGLN,PKM,STX16,SLC38A2,EDNRB,PREX2,ABI2	0.3219667318982387
ieg	null_ieg_0077	TAGLN,ADH5,TRMT13,SLC38A2,EDNRB,SNRPD2,ABI2	0.3219667318982387
ieg	null_ieg_0078	TAGLN,ADH5,STX16,SLC38A2,EDNRB,PREX2,ABI2	0.3219667318982387
ieg	null_ieg_0079	TAGLN,PKM,ATG14,SLC38A2,EDNRB,PREX2,ABI2	0.3219667318982387
ieg	null_ieg_0080	TAGLN,PKM,B4GALT1,SLC38A2,EDNRB,PREX2,ABI2	0.3219667318982387
ieg	null_ieg_0081	TAGLN,PKM,TRMT13,SLC38A2,EDNRB,SNRPD2,ABI2	0.3219667318982387
ieg	null_ieg_0082	TAGLN,PKM,STX16,SLC38A2,EDNRB,PREX2,ABI2	0.3219667318982387
ieg	null_ieg_0083	TAGLN,PKM,ATG14,SLC38A2,EDNRB,SF3B1,ABI2	0.3219667318982387
ieg	null_ieg_0084	TAGLN,ADH5,B4GALT1,SLC38A2,EDNRB,PREX2,ABI2	0.3219667318982387
ieg	null_ieg_0085	TAGLN,PKM,DDX49,SLC38A2,EDNRB,SF3B1,ABI2	0.3219667318982387
ieg	null_ieg_0086	TAGLN,ADH5,ATG14,SLC38A2,EDNRB,SF3B1,ABI2	0.3219667318982387
ieg	null_ieg_0087	TAGLN,ADH5,TRMT13,SLC38A2,EDNRB,PREX2,ABI2	0.3219667318982387
ieg	null_ieg_0088	TAGLN,PKM,TMEM175,SLC38A2,EDNRB,PREX2,ABI2	0.3219667318982387
ieg	null_ieg_0089	TAGLN,PKM,B4GALT1,SLC38A2,EDNRB,PREX2,ABI2	0.3219667318982387
ieg	null_ieg_0090	TAGLN,PKM,TRMT13,SLC38A2,EDNRB,SNRPD2,ABI2	0.3219667318982387
ieg	null_ieg_0091	TAGLN,ADH5,DDX49,SLC38A2,EDNRB,SNRPD2,ABI2	0.3219667318982387
ieg	null_ieg_0092	TAGLN,PKM,DDX49,SLC38A2,EDNRB,SNRPD2,ABI2	0.3219667318982387
ieg	null_ieg_0093	TAGLN,PKM,ATG14,SLC38A2,EDNRB,PREX2,ABI2	0.3219667318982387
ieg	null_ieg_0094	TAGLN,ADH5,ATG14,SLC38A2,EDNRB,SNRPD2,ABI2	0.3219667318982387
ieg	null_ieg_0095	TAGLN,PKM,TRMT13,SLC38A2,EDNRB,SNRPD2,ABI2	0.3219667318982387
ieg	null_ieg_0096	TAGLN,PKM,TRMT13,SLC38A2,EDNRB,SF3B1,ABI2	0.3219667318982387
ieg	null_ieg_0097	TAGLN,PKM,TMEM175,SLC38A2,EDNRB,SF3B1,ABI2	0.3219667318982387
ieg	null_ieg_0098	TAGLN,ADH5,B4GALT1,SLC38A2,EDNRB,PREX2,ABI2	0.3219667318982387
ieg	null_ieg_0099	TAGLN,PKM,DDX49,SLC38A2,EDNRB,SF3B1,ABI2	0.3219667318982387
ieg	null_ieg_0100	TAGLN,PKM,TMEM175,SLC38A2,EDNRB,SNRPD2,ABI2	0.3219667318982387
ieg	null_ieg_0101	TAGLN,ADH5,ATG14,SLC38A2,EDNRB,PREX2,ABI2	0.3219667318982387
ieg	null_ieg_0102	TAGLN,PKM,ATG14,SLC38A2,EDNRB,SF3B1,ABI2	0.3219667318982387
ieg	null_ieg_0103	TAGLN,PKM,STX16,SLC38A2,EDNRB,SF3B1,ABI2	0.3219667318982387
ieg	null_ieg_0104	TAGLN,ADH5,DDX49,SLC38A2,EDNRB,SF3B1,ABI2	0.3219667318982387
ieg	null_ieg_0105	TAGLN,ADH5,TRMT13,SLC38A2,EDNRB,SNRPD2,ABI2	0.3219667318982387
ieg	null_ieg_0106	TAGLN,ADH5,B4GALT1,SLC38A2,EDNRB,SNRPD2,ABI2	0.3219667318982387
ieg	null_ieg_0107	TAGLN,PKM,CA2,SLC38A2,EDNRB,SNRPD2,ABI2	0.3219667318982387
ieg	null_ieg_0108	TAGLN,PKM,TMEM175,SLC38A2,EDNRB,SNRPD2,ABI2	0.3219667318982387
ieg	null_ieg_0109	TAGLN,PKM,B4GALT1,SLC38A2,EDNRB,SF3B1,ABI2	0.3219667318982387
ieg	null_ieg_0110	TAGLN,PKM,STX16,SLC38A2,EDNRB,SNRPD2,ABI2	0.3219667318982387
ieg	null_ieg_0111	TAGLN,PKM,ATG14,SLC38A2,EDNRB,PREX2,ABI2	0.3219667318982387
ieg	null_ieg_0112	TAGLN,ADH5,B4GALT1,SLC38A2,EDNRB,PREX2,ABI2	0.3219667318982387
ieg	null_ieg_0113	TAGLN,PKM,TMEM175,SLC38A2,EDNRB,SNRPD2,ABI2	0.3219667318982387
ieg	null_ieg_0114	TAGLN,ADH5,DDX49,SLC38A2,EDNRB,SNRPD2,ABI2	0.3219667318982387
ieg	null_ieg_0115	TAGLN,ADH5,TMEM175,SLC38A2,EDNRB,PREX2,ABI2	0.3219667318982387
ieg	null_ieg_0116	TAGLN,ADH5,TRMT13,SLC38A2,EDNRB,SF3B1,ABI2	0.3219667318982387
ieg	null_ieg_0117	TAGLN,ADH5,TRMT13,SLC38A2,EDNRB,SF3B1,ABI2	0.3219667318982387
ieg	null_ieg_0118	TAGLN,PKM,DDX49,SLC38A2,EDNRB,SF3B1,ABI2	0.3219667318982387
ieg	null_ieg_0119	TAGLN,PKM,DDX49,SLC38A2,EDNRB,SF3B1,ABI2	0.3219667318982387
ieg	null_ieg_0120	TAGLN,ADH5,ATG14,SLC38A2,EDNRB,SF3B1,ABI2	0.3219667318982387
ieg	null_ieg_0121	TAGLN,PKM,DDX49,SLC38A2,EDNRB,SF3B1,ABI2	0.3219667318982387
ieg	null_ieg_0122	TAGLN,PKM,CA2,SLC38A2,EDNRB,SF3B1,ABI2	0.3219667318982387
ieg	null_ieg_0123	TAGLN,PKM,DDX49,SLC38A2,EDNRB,PREX2,ABI2	0.3219667318982387
ieg	null_ieg_0124	TAGLN,PKM,ATG14,SLC38A2,EDNRB,PREX2,ABI2	0.3219667318982387
ieg	null_ieg_0125	TAGLN,PKM,TMEM175,SLC38A2,EDNRB,PREX2,ABI2	0.3219667318982387
ieg	null_ieg_0126	TAGLN,PKM,DDX49,SLC38A2,EDNRB,SNRPD2,ABI2	0.3219667318982387
ieg	null_ieg_0127	TAGLN,ADH5,TRMT13,SLC38A2,EDNRB,PREX2,ABI2	0.3219667318982387
ieg	null_ieg_0128	TAGLN,PKM,TMEM175,SLC38A2,EDNRB,PREX2,ABI2	0.3219667318982387
ieg	null_ieg_0129	TAGLN,ADH5,TRMT13,SLC38A2,EDNRB,SNRPD2,ABI2	0.3219667318982387
ieg	null_ieg_0130	TAGLN,PKM,B4GALT1,SLC38A2,EDNRB,PREX2,ABI2	0.3219667318982387
ieg	null_ieg_0131	TAGLN,PKM,TRMT13,SLC38A2,EDNRB,SF3B1,ABI2	0.3219667318982387
ieg	null_ieg_0132	TAGLN,PKM,B4GALT1,SLC38A2,EDNRB,PREX2,ABI2	0.3219667318982387
ieg	null_ieg_0133	TAGLN,PKM,CA2,SLC38A2,EDNRB,PREX2,ABI2	0.3219667318982387
ieg	null_ieg_0134	TAGLN,ADH5,B4GALT1,SLC38A2,EDNRB,PREX2,ABI2	0.3219667318982387
ieg	null_ieg_0135	TAGLN,ADH5,DDX49,SLC38A2,EDNRB,SNRPD2,ABI2	0.3219667318982387
ieg	null_ieg_0136	TAGLN,ADH5,B4GALT1,SLC38A2,EDNRB,PREX2,ABI2	0.3219667318982387
ieg	null_ieg_0137	TAGLN,PKM,DDX49,SLC38A2,EDNRB,PREX2,ABI2	0.3219667318982387
ieg	null_ieg_0138	TAGLN,ADH5,STX16,SLC38A2,EDNRB,SF3B1,ABI2	0.3219667318982387
ieg	null_ieg_0139	TAGLN,ADH5,B4GALT1,SLC38A2,EDNRB,SNRPD2,ABI2	0.3219667318982387
ieg	null_ieg_0140	TAGLN,PKM,CA2,SLC38A2,EDNRB,SNRPD2,ABI2	0.3219667318982387
ieg	null_ieg_0141	TAGLN,PKM,STX16,SLC38A2,EDNRB,SNRPD2,ABI2	0.3219667318982387
ieg	null_ieg_0142	TAGLN,PKM,B4GALT1,SLC38A2,EDNRB,PREX2,ABI2	0.3219667318982387
ieg	null_ieg_0143	TAGLN,PKM,ATG14,SLC38A2,EDNRB,SF3B1,ABI2	0.3219667318982387
ieg	null_ieg_0144	TAGLN,ADH5,STX16,SLC38A2,EDNRB,SNRPD2,ABI2	0.3219667318982387
ieg	null_ieg_0145	TAGLN,ADH5,STX16,SLC38A2,EDNRB,SNRPD2,ABI2	0.3219667318982387
ieg	null_ieg_0146	TAGLN,PKM,DDX49,SLC38A2,EDNRB,PREX2,ABI2	0.3219667318982387
ieg	null_ieg_0147	TAGLN,ADH5,B4GALT1,SLC38A2,EDNRB,SNRPD2,ABI2	0.3219667318982387
ieg	null_ieg_0148	TAGLN,PKM,ATG14,SLC38A2,EDNRB,SNRPD2,ABI2	0.3219667318982387
ieg	null_ieg_0149	TAGLN,PKM,TRMT13,SLC38A2,EDNRB,SF3B1,ABI2	0.3219667318982387
ieg	null_ieg_0150	TAGLN,ADH5,STX16,SLC38A2,EDNRB,PREX2,ABI2	0.3219667318982387
ieg	null_ieg_0151	TAGLN,PKM,DDX49,SLC38A2,EDNRB,PREX2,ABI2	0.3219667318982387
ieg	null_ieg_0152	TAGLN,ADH5,ATG14,SLC38A2,EDNRB,SF3B1,ABI2	0.3219667318982387
ieg	null_ieg_0153	TAGLN,PKM,ATG14,SLC38A2,EDNRB,PREX2,ABI2	0.3219667318982387
ieg	null_ieg_0154	TAGLN,ADH5,STX16,SLC38A2,EDNRB,PREX2,ABI2	0.3219667318982387
ieg	null_ieg_0155	TAGLN,PKM,STX16,SLC38A2,EDNRB,SF3B1,ABI2	0.3219667318982387
ieg	null_ieg_0156	TAGLN,ADH5,STX16,SLC38A2,EDNRB,SF3B1,ABI2	0.3219667318982387
ieg	null_ieg_0157	TAGLN,ADH5,TRMT13,SLC38A2,EDNRB,SF3B1,ABI2	0.3219667318982387
ieg	null_ieg_0158	TAGLN,PKM,CA2,SLC38A2,EDNRB,SNRPD2,ABI2	0.3219667318982387
ieg	null_ieg_0159	TAGLN,ADH5,ATG14,SLC38A2,EDNRB,PREX2,ABI2	0.3219667318982387
ieg	null_ieg_0160	TAGLN,ADH5,ATG14,SLC38A2,EDNRB,SNRPD2,ABI2	0.3219667318982387
ieg	null_ieg_0161	TAGLN,ADH5,TRMT13,SLC38A2,EDNRB,PREX2,ABI2	0.3219667318982387
ieg	null_ieg_0162	TAGLN,ADH5,TMEM175,SLC38A2,EDNRB,PREX2,ABI2	0.3219667318982387
ieg	null_ieg_0163	TAGLN,PKM,STX16,SLC38A2,EDNRB,SNRPD2,ABI2	0.3219667318982387
ieg	null_ieg_0164	TAGLN,PKM,TRMT13,SLC38A2,EDNRB,SNRPD2,ABI2	0.3219667318982387
ieg	null_ieg_0165	TAGLN,PKM,DDX49,SLC38A2,EDNRB,SNRPD2,ABI2	0.3219667318982387
ieg	null_ieg_0166	TAGLN,ADH5,B4GALT1,SLC38A2,EDNRB,SNRPD2,ABI2	0.3219667318982387
ieg	null_ieg_0167	TAGLN,PKM,TRMT13,SLC38A2,EDNRB,PREX2,ABI2	0.3219667318982387
ieg	null_ieg_0168	TAGLN,PKM,TRMT13,SLC38A2,EDNRB,SF3B1,ABI2	0.3219667318982387
ieg	null_ieg_0169	TAGLN,PKM,STX16,SLC38A2,EDNRB,SF3B1,ABI2	0.3219667318982387
ieg	null_ieg_0170	TAGLN,PKM,DDX49,SLC38A2,EDNRB,PREX2,ABI2	0.3219667318982387
ieg	null_ieg_0171	TAGLN,ADH5,B4GALT1,SLC38A2,EDNRB,SNRPD2,ABI2	0.3219667318982387
ieg	null_ieg_0172	TAGLN,ADH5,TMEM175,SLC38A2,EDNRB,PREX2,ABI2	0.3219667318982387
ieg	null_ieg_0173	TAGLN,PKM,ATG14,SLC38A2,EDNRB,SF3B1,ABI2	0.3219667318982387
ieg	null_ieg_0174	TAGLN,PKM,ATG14,SLC38A2,EDNRB,SF3B1,ABI2	0.3219667318982387
ieg	null_ieg_0175	TAGLN,PKM,B4GALT1,SLC38A2,EDNRB,SNRPD2,ABI2	0.3219667318982387
ieg	null_ieg_0176	TAGLN,PKM,STX16,SLC38A2,EDNRB,SNRPD2,ABI2	0.3219667318982387
ieg	null_ieg_0177	TAGLN,ADH5,ATG14,SLC38A2,EDNRB,PREX2,ABI2	0.3219667318982387
ieg	null_ieg_0178	TAGLN,ADH5,TRMT13,SLC38A2,EDNRB,SF3B1,ABI2	0.3219667318982387
ieg	null_ieg_0179	TAGLN,PKM,TMEM175,SLC38A2,EDNRB,SF3B1,ABI2	0.3219667318982387
ieg	null_ieg_0180	TAGLN,PKM,B4GALT1,SLC38A2,EDNRB,PREX2,ABI2	0.3219667318982387
ieg	null_ieg_0181	TAGLN,PKM,ATG14,SLC38A2,EDNRB,SF3B1,ABI2	0.3219667318982387
ieg	null_ieg_0182	TAGLN,PKM,CA2,SLC38A2,EDNRB,PREX2,ABI2	0.3219667318982387
ieg	null_ieg_0183	TAGLN,ADH5,CA2,SLC38A2,EDNRB,SNRPD2,ABI2	0.3219667318982387
ieg	null_ieg_0184	TAGLN,ADH5,ATG14,SLC38A2,EDNRB,SNRPD2,ABI2	0.3219667318982387
ieg	null_ieg_0185	TAGLN,PKM,STX16,SLC38A2,EDNRB,PREX2,ABI2	0.3219667318982387
ieg	null_ieg_0186	TAGLN,ADH5,ATG14,SLC38A2,EDNRB,PREX2,ABI2	0.3219667318982387
ieg	null_ieg_0187	TAGLN,PKM,STX16,SLC38A2,EDNRB,SF3B1,ABI2	0.3219667318982387
ieg	null_ieg_0188	TAGLN,PKM,B4GALT1,SLC38A2,EDNRB,PREX2,ABI2	0.3219667318982387
ieg	null_ieg_0189	TAGLN,ADH5,ATG14,SLC38A2,EDNRB,PREX2,ABI2	0.3219667318982387
ieg	null_ieg_0190	TAGLN,ADH5,ATG14,SLC38A2,EDNRB,PREX2,ABI2	0.3219667318982387
ieg	null_ieg_0191	TAGLN,ADH5,DDX49,SLC38A2,EDNRB,SF3B1,ABI2	0.3219667318982387
ieg	null_ieg_0192	TAGLN,ADH5,DDX49,SLC38A2,EDNRB,PREX2,ABI2	0.3219667318982387
ieg	null_ieg_0193	TAGLN,PKM,TRMT13,SLC38A2,EDNRB,SNRPD2,ABI2	0.3219667318982387
ieg	null_ieg_0194	TAGLN,ADH5,STX16,SLC38A2,EDNRB,PREX2,ABI2	0.3219667318982387
ieg	null_ieg_0195	TAGLN,ADH5,ATG14,SLC38A2,EDNRB,SF3B1,ABI2	0.3219667318982387
ieg	null_ieg_0196	TAGLN,PKM,TRMT13,SLC38A2,EDNRB,SNRPD2,ABI2	0.3219667318982387
ieg	null_ieg_0197	TAGLN,ADH5,CA2,SLC38A2,EDNRB,PREX2,ABI2	0.3219667318982387
ieg	null_ieg_0198	TAGLN,PKM,DDX49,SLC38A2,EDNRB,PREX2,ABI2	0.3219667318982387
ieg	null_ieg_0199	TAGLN,ADH5,ATG14,SLC38A2,EDNRB,PREX2,ABI2	0.3219667318982387
ieg	null_ieg_0200	TAGLN,ADH5,ATG14,SLC38A2,EDNRB,SNRPD2,ABI2	0.3219667318982387
ieg	null_ieg_0201	TAGLN,ADH5,DDX49,SLC38A2,EDNRB,PREX2,ABI2	0.3219667318982387
ieg	null_ieg_0202	TAGLN,ADH5,B4GALT1,SLC38A2,EDNRB,PREX2,ABI2	0.3219667318982387
ieg	null_ieg_0203	TAGLN,ADH5,B4GALT1,SLC38A2,EDNRB,SNRPD2,ABI2	0.3219667318982387
ieg	null_ieg_0204	TAGLN,ADH5,CA2,SLC38A2,EDNRB,PREX2,ABI2	0.3219667318982387
ieg	null_ieg_0205	TAGLN,ADH5,DDX49,SLC38A2,EDNRB,SF3B1,ABI2	0.3219667318982387
ieg	null_ieg_0206	TAGLN,PKM,CA2,SLC38A2,EDNRB,PREX2,ABI2	0.3219667318982387
ieg	null_ieg_0207	TAGLN,ADH5,TMEM175,SLC38A2,EDNRB,PREX2,ABI2	0.3219667318982387
ieg	null_ieg_0208	TAGLN,ADH5,CA2,SLC38A2,EDNRB,PREX2,ABI2	0.3219667318982387
ieg	null_ieg_0209	TAGLN,PKM,TMEM175,SLC38A2,EDNRB,SF3B1,ABI2	0.3219667318982387
ieg	null_ieg_0210	TAGLN,PKM,DDX49,SLC38A2,EDNRB,PREX2,ABI2	0.3219667318982387
ieg	null_ieg_0211	TAGLN,ADH5,ATG14,SLC38A2,EDNRB,SF3B1,ABI2	0.3219667318982387
ieg	null_ieg_0212	TAGLN,ADH5,DDX49,SLC38A2,EDNRB,SNRPD2,ABI2	0.3219667318982387
ieg	null_ieg_0213	TAGLN,PKM,DDX49,SLC38A2,EDNRB,SNRPD2,ABI2	0.3219667318982387
ieg	null_ieg_0214	TAGLN,PKM,DDX49,SLC38A2,EDNRB,SNRPD2,ABI2	0.3219667318982387
ieg	null_ieg_0215	TAGLN,PKM,TRMT13,SLC38A2,EDNRB,SF3B1,ABI2	0.3219667318982387
ieg	null_ieg_0216	TAGLN,ADH5,CA2,SLC38A2,EDNRB,PREX2,ABI2	0.3219667318982387
ieg	null_ieg_0217	TAGLN,PKM,TMEM175,SLC38A2,EDNRB,SF3B1,ABI2	0.3219667318982387
ieg	null_ieg_0218	TAGLN,PKM,CA2,SLC38A2,EDNRB,SNRPD2,ABI2	0.3219667318982387
ieg	null_ieg_0219	TAGLN,PKM,ATG14,SLC38A2,EDNRB,PREX2,ABI2	0.3219667318982387
ieg	null_ieg_0220	TAGLN,ADH5,STX16,SLC38A2,EDNRB,PREX2,ABI2	0.3219667318982387
ieg	null_ieg_0221	TAGLN,ADH5,STX16,SLC38A2,EDNRB,PREX2,ABI2	0.3219667318982387
ieg	null_ieg_0222	TAGLN,PKM,TRMT13,SLC38A2,EDNRB,PREX2,ABI2	0.3219667318982387
ieg	null_ieg_0223	TAGLN,PKM,ATG14,SLC38A2,EDNRB,SF3B1,ABI2	0.3219667318982387
ieg	null_ieg_0224	TAGLN,ADH5,ATG14,SLC38A2,EDNRB,SNRPD2,ABI2	0.3219667318982387
ieg	null_ieg_0225	TAGLN,ADH5,CA2,SLC38A2,EDNRB,PREX2,ABI2	0.3219667318982387
ieg	null_ieg_0226	TAGLN,PKM,B4GALT1,SLC38A2,EDNRB,PREX2,ABI2	0.3219667318982387
ieg	null_ieg_0227	TAGLN,PKM,TMEM175,SLC38A2,EDNRB,SF3B1,ABI2	0.3219667318982387
ieg	null_ieg_0228	TAGLN,ADH5,DDX49,SLC38A2,EDNRB,SF3B1,ABI2	0.3219667318982387
ieg	null_ieg_0229	TAGLN,PKM,TRMT13,SLC38A2,EDNRB,SF3B1,ABI2	0.3219667318982387
ieg	null_ieg_0230	TAGLN,PKM,TRMT13,SLC38A2,EDNRB,SNRPD2,ABI2	0.3219667318982387
ieg	null_ieg_0231	TAGLN,ADH5,TMEM175,SLC38A2,EDNRB,SF3B1,ABI2	0.3219667318982387
ieg	null_ieg_0232	TAGLN,PKM,STX16,SLC38A2,EDNRB,PREX2,ABI2	0.3219667318982387
ieg	null_ieg_0233	TAGLN,PKM,STX16,SLC38A2,EDNRB,SNRPD2,ABI2	0.3219667318982387
ieg	null_ieg_0234	TAGLN,ADH5,B4GALT1,SLC38A2,EDNRB,SF3B1,ABI2	0.3219667318982387
ieg	null_ieg_0235	TAGLN,PKM,STX16,SLC38A2,EDNRB,PREX2,ABI2	0.3219667318982387
ieg	null_ieg_0236	TAGLN,ADH5,ATG14,SLC38A2,EDNRB,SF3B1,ABI2	0.3219667318982387
ieg	null_ieg_0237	TAGLN,PKM,STX16,SLC38A2,EDNRB,SNRPD2,ABI2	0.3219667318982387
ieg	null_ieg_0238	TAGLN,PKM,ATG14,SLC38A2,EDNRB,SNRPD2,ABI2	0.3219667318982387
ieg	null_ieg_0239	TAGLN,ADH5,TMEM175,SLC38A2,EDNRB,SNRPD2,ABI2	0.3219667318982387
ieg	null_ieg_0240	TAGLN,ADH5,ATG14,SLC38A2,EDNRB,SNRPD2,ABI2	0.3219667318982387
ieg	null_ieg_0241	TAGLN,ADH5,CA2,SLC38A2,EDNRB,PREX2,ABI2	0.3219667318982387
ieg	null_ieg_0242	TAGLN,PKM,TMEM175,SLC38A2,EDNRB,PREX2,ABI2	0.3219667318982387
ieg	null_ieg_0243	TAGLN,ADH5,STX16,SLC38A2,EDNRB,SF3B1,ABI2	0.3219667318982387
ieg	null_ieg_0244	TAGLN,ADH5,DDX49,SLC38A2,EDNRB,SF3B1,ABI2	0.3219667318982387
ieg	null_ieg_0245	TAGLN,ADH5,STX16,SLC38A2,EDNRB,PREX2,ABI2	0.3219667318982387
ieg	null_ieg_0246	TAGLN,PKM,TRMT13,SLC38A2,EDNRB,PREX2,ABI2	0.3219667318982387
ieg	null_ieg_0247	TAGLN,PKM,STX16,SLC38A2,EDNRB,PREX2,ABI2	0.3219667318982387
ieg	null_ieg_0248	TAGLN,PKM,TMEM175,SLC38A2,EDNRB,PREX2,ABI2	0.3219667318982387
ieg	null_ieg_0249	TAGLN,PKM,ATG14,SLC38A2,EDNRB,SF3B1,ABI2	0.3219667318982387
ieg	null_ieg_0250	TAGLN,PKM,TRMT13,SLC38A2,EDNRB,PREX2,ABI2	0.3219667318982387
ieg	null_ieg_0251	TAGLN,PKM,B4GALT1,SLC38A2,EDNRB,SNRPD2,ABI2	0.3219667318982387
ieg	null_ieg_0252	TAGLN,ADH5,ATG14,SLC38A2,EDNRB,SNRPD2,ABI2	0.3219667318982387
ieg	null_ieg_0253	TAGLN,PKM,TRMT13,SLC38A2,EDNRB,PREX2,ABI2	0.3219667318982387
ieg	null_ieg_0254	TAGLN,PKM,TMEM175,SLC38A2,EDNRB,SNRPD2,ABI2	0.3219667318982387
ieg	null_ieg_0255	TAGLN,PKM,STX16,SLC38A2,EDNRB,SNRPD2,ABI2	0.3219667318982387
ieg	null_ieg_0256	TAGLN,ADH5,DDX49,SLC38A2,EDNRB,SNRPD2,ABI2	0.3219667318982387
ieg	null_ieg_0257	TAGLN,ADH5,TRMT13,SLC38A2,EDNRB,SF3B1,ABI2	0.3219667318982387
ieg	null_ieg_0258	TAGLN,PKM,DDX49,SLC38A2,EDNRB,SNRPD2,ABI2	0.3219667318982387
ieg	null_ieg_0259	TAGLN,ADH5,ATG14,SLC38A2,EDNRB,SNRPD2,ABI2	0.3219667318982387
ieg	null_ieg_0260	TAGLN,ADH5,STX16,SLC38A2,EDNRB,SNRPD2,ABI2	0.3219667318982387
ieg	null_ieg_0261	TAGLN,PKM,TRMT13,SLC38A2,EDNRB,SNRPD2,ABI2	0.3219667318982387
ieg	null_ieg_0262	TAGLN,PKM,ATG14,SLC38A2,EDNRB,PREX2,ABI2	0.3219667318982387
ieg	null_ieg_0263	TAGLN,PKM,TMEM175,SLC38A2,EDNRB,SNRPD2,ABI2	0.3219667318982387
ieg	null_ieg_0264	TAGLN,PKM,DDX49,SLC38A2,EDNRB,SF3B1,ABI2	0.3219667318982387
ieg	null_ieg_0265	TAGLN,PKM,B4GALT1,SLC38A2,EDNRB,SNRPD2,ABI2	0.3219667318982387
ieg	null_ieg_0266	TAGLN,ADH5,ATG14,SLC38A2,EDNRB,SNRPD2,ABI2	0.3219667318982387
ieg	null_ieg_0267	TAGLN,PKM,TRMT13,SLC38A2,EDNRB,PREX2,ABI2	0.3219667318982387
ieg	null_ieg_0268	TAGLN,ADH5,STX16,SLC38A2,EDNRB,PREX2,ABI2	0.3219667318982387
ieg	null_ieg_0269	TAGLN,ADH5,TMEM175,SLC38A2,EDNRB,SF3B1,ABI2	0.3219667318982387
ieg	null_ieg_0270	TAGLN,PKM,B4GALT1,SLC38A2,EDNRB,PREX2,ABI2	0.3219667318982387
ieg	null_ieg_0271	TAGLN,PKM,ATG14,SLC38A2,EDNRB,SF3B1,ABI2	0.3219667318982387
ieg	null_ieg_0272	TAGLN,PKM,B4GALT1,SLC38A2,EDNRB,SNRPD2,ABI2	0.3219667318982387
ieg	null_ieg_0273	TAGLN,PKM,DDX49,SLC38A2,EDNRB,SNRPD2,ABI2	0.3219667318982387
ieg	null_ieg_0274	TAGLN,PKM,ATG14,SLC38A2,EDNRB,SNRPD2,ABI2	0.3219667318982387
ieg	null_ieg_0275	TAGLN,PKM,CA2,SLC38A2,EDNRB,SF3B1,ABI2	0.3219667318982387
ieg	null_ieg_0276	TAGLN,ADH5,TMEM175,SLC38A2,EDNRB,PREX2,ABI2	0.3219667318982387
ieg	null_ieg_0277	TAGLN,ADH5,STX16,SLC38A2,EDNRB,SNRPD2,ABI2	0.3219667318982387
ieg	null_ieg_0278	TAGLN,ADH5,STX16,SLC38A2,EDNRB,PREX2,ABI2	0.3219667318982387
ieg	null_ieg_0279	TAGLN,ADH5,TMEM175,SLC38A2,EDNRB,PREX2,ABI2	0.3219667318982387
ieg	null_ieg_0280	TAGLN,ADH5,STX16,SLC38A2,EDNRB,SF3B1,ABI2	0.3219667318982387
ieg	null_ieg_0281	TAGLN,PKM,CA2,SLC38A2,EDNRB,PREX2,ABI2	0.3219667318982387
ieg	null_ieg_0282	TAGLN,PKM,CA2,SLC38A2,EDNRB,SNRPD2,ABI2	0.3219667318982387
ieg	null_ieg_0283	TAGLN,ADH5,CA2,SLC38A2,EDNRB,PREX2,ABI2	0.3219667318982387
ieg	null_ieg_0284	TAGLN,ADH5,B4GALT1,SLC38A2,EDNRB,SF3B1,ABI2	0.3219667318982387
ieg	null_ieg_0285	TAGLN,ADH5,B4GALT1,SLC38A2,EDNRB,SF3B1,ABI2	0.3219667318982387
ieg	null_ieg_0286	TAGLN,ADH5,TMEM175,SLC38A2,EDNRB,SF3B1,ABI2	0.3219667318982387
ieg	null_ieg_0287	TAGLN,ADH5,DDX49,SLC38A2,EDNRB,SF3B1,ABI2	0.3219667318982387
ieg	null_ieg_0288	TAGLN,ADH5,CA2,SLC38A2,EDNRB,PREX2,ABI2	0.3219667318982387
ieg	null_ieg_0289	TAGLN,ADH5,TMEM175,SLC38A2,EDNRB,SF3B1,ABI2	0.3219667318982387
ieg	null_ieg_0290	TAGLN,ADH5,STX16,SLC38A2,EDNRB,PREX2,ABI2	0.3219667318982387
ieg	null_ieg_0291	TAGLN,ADH5,DDX49,SLC38A2,EDNRB,SF3B1,ABI2	0.3219667318982387
ieg	null_ieg_0292	TAGLN,ADH5,B4GALT1,SLC38A2,EDNRB,SF3B1,ABI2	0.3219667318982387
ieg	null_ieg_0293	TAGLN,PKM,STX16,SLC38A2,EDNRB,SNRPD2,ABI2	0.3219667318982387
ieg	null_ieg_0294	TAGLN,ADH5,TMEM175,SLC38A2,EDNRB,SNRPD2,ABI2	0.3219667318982387
ieg	null_ieg_0295	TAGLN,ADH5,B4GALT1,SLC38A2,EDNRB,SNRPD2,ABI2	0.3219667318982387
ieg	null_ieg_0296	TAGLN,PKM,CA2,SLC38A2,EDNRB,PREX2,ABI2	0.3219667318982387
ieg	null_ieg_0297	TAGLN,PKM,STX16,SLC38A2,EDNRB,SNRPD2,ABI2	0.3219667318982387
ieg	null_ieg_0298	TAGLN,PKM,ATG14,SLC38A2,EDNRB,PREX2,ABI2	0.3219667318982387
ieg	null_ieg_0299	TAGLN,PKM,STX16,SLC38A2,EDNRB,PREX2,ABI2	0.3219667318982387
ieg	null_ieg_0300	TAGLN,PKM,TMEM175,SLC38A2,EDNRB,PREX2,ABI2	0.3219667318982387
ieg	null_ieg_0301	TAGLN,PKM,TMEM175,SLC38A2,EDNRB,SF3B1,ABI2	0.3219667318982387
ieg	null_ieg_0302	TAGLN,ADH5,B4GALT1,SLC38A2,EDNRB,PREX2,ABI2	0.3219667318982387
ieg	null_ieg_0303	TAGLN,ADH5,ATG14,SLC38A2,EDNRB,SF3B1,ABI2	0.3219667318982387
ieg	null_ieg_0304	TAGLN,PKM,STX16,SLC38A2,EDNRB,SNRPD2,ABI2	0.3219667318982387
ieg	null_ieg_0305	TAGLN,ADH5,TMEM175,SLC38A2,EDNRB,SF3B1,ABI2	0.3219667318982387
ieg	null_ieg_0306	TAGLN,ADH5,STX16,SLC38A2,EDNRB,SF3B1,ABI2	0.3219667318982387
ieg	null_ieg_0307	TAGLN,PKM,TMEM175,SLC38A2,EDNRB,SF3B1,ABI2	0.3219667318982387
ieg	null_ieg_0308	TAGLN,ADH5,B4GALT1,SLC38A2,EDNRB,SF3B1,ABI2	0.3219667318982387
ieg	null_ieg_0309	TAGLN,ADH5,TRMT13,SLC38A2,EDNRB,SNRPD2,ABI2	0.3219667318982387
ieg	null_ieg_0310	TAGLN,ADH5,CA2,SLC38A2,EDNRB,PREX2,ABI2	0.3219667318982387
ieg	null_ieg_0311	TAGLN,ADH5,TMEM175,SLC38A2,EDNRB,SF3B1,ABI2	0.3219667318982387
ieg	null_ieg_0312	TAGLN,ADH5,TRMT13,SLC38A2,EDNRB,SNRPD2,ABI2	0.3219667318982387
ieg	null_ieg_0313	TAGLN,PKM,ATG14,SLC38A2,EDNRB,SNRPD2,ABI2	0.3219667318982387
ieg	null_ieg_0314	TAGLN,ADH5,TMEM175,SLC38A2,EDNRB,SNRPD2,ABI2	0.3219667318982387
ieg	null_ieg_0315	TAGLN,PKM,DDX49,SLC38A2,EDNRB,SF3B1,ABI2	0.3219667318982387
ieg	null_ieg_0316	TAGLN,PKM,TMEM175,SLC38A2,EDNRB,PREX2,ABI2	0.3219667318982387
ieg	null_ieg_0317	TAGLN,PKM,ATG14,SLC38A2,EDNRB,SNRPD2,ABI2	0.3219667318982387
ieg	null_ieg_0318	TAGLN,PKM,TRMT13,SLC38A2,EDNRB,SNRPD2,ABI2	0.3219667318982387
ieg	null_ieg_0319	TAGLN,ADH5,DDX49,SLC38A2,EDNRB,SF3B1,ABI2	0.3219667318982387
ieg	null_ieg_0320	TAGLN,ADH5,TMEM175,SLC38A2,EDNRB,PREX2,ABI2	0.3219667318982387
ieg	null_ieg_0321	TAGLN,ADH5,STX16,SLC38A2,EDNRB,SNRPD2,ABI2	0.3219667318982387
ieg	null_ieg_0322	TAGLN,ADH5,CA2,SLC38A2,EDNRB,PREX2,ABI2	0.3219667318982387
ieg	null_ieg_0323	TAGLN,ADH5,TMEM175,SLC38A2,EDNRB,SF3B1,ABI2	0.3219667318982387
ieg	null_ieg_0324	TAGLN,ADH5,TMEM175,SLC38A2,EDNRB,SNRPD2,ABI2	0.3219667318982387
ieg	null_ieg_0325	TAGLN,ADH5,B4GALT1,SLC38A2,EDNRB,SF3B1,ABI2	0.3219667318982387
ieg	null_ieg_0326	TAGLN,PKM,STX16,SLC38A2,EDNRB,SNRPD2,ABI2	0.3219667318982387
ieg	null_ieg_0327	TAGLN,PKM,B4GALT1,SLC38A2,EDNRB,SF3B1,ABI2	0.3219667318982387
ieg	null_ieg_0328	TAGLN,ADH5,ATG14,SLC38A2,EDNRB,SNRPD2,ABI2	0.3219667318982387
ieg	null_ieg_0329	TAGLN,PKM,STX16,SLC38A2,EDNRB,PREX2,ABI2	0.3219667318982387
ieg	null_ieg_0330	TAGLN,ADH5,CA2,SLC38A2,EDNRB,SF3B1,ABI2	0.3219667318982387
ieg	null_ieg_0331	TAGLN,ADH5,STX16,SLC38A2,EDNRB,SNRPD2,ABI2	0.3219667318982387
ieg	null_ieg_0332	TAGLN,PKM,DDX49,SLC38A2,EDNRB,PREX2,ABI2	0.3219667318982387
ieg	null_ieg_0333	TAGLN,ADH5,ATG14,SLC38A2,EDNRB,SNRPD2,ABI2	0.3219667318982387
ieg	null_ieg_0334	TAGLN,ADH5,STX16,SLC38A2,EDNRB,SF3B1,ABI2	0.3219667318982387
ieg	null_ieg_0335	TAGLN,PKM,TMEM175,SLC38A2,EDNRB,SNRPD2,ABI2	0.3219667318982387
ieg	null_ieg_0336	TAGLN,PKM,STX16,SLC38A2,EDNRB,PREX2,ABI2	0.3219667318982387
ieg	null_ieg_0337	TAGLN,ADH5,TMEM175,SLC38A2,EDNRB,PREX2,ABI2	0.3219667318982387
ieg	null_ieg_0338	TAGLN,PKM,DDX49,SLC38A2,EDNRB,SF3B1,ABI2	0.3219667318982387
ieg	null_ieg_0339	TAGLN,PKM,STX16,SLC38A2,EDNRB,SF3B1,ABI2	0.3219667318982387
ieg	null_ieg_0340	TAGLN,PKM,STX16,SLC38A2,EDNRB,SF3B1,ABI2	0.3219667318982387
ieg	null_ieg_0341	TAGLN,PKM,TMEM175,SLC38A2,EDNRB,SF3B1,ABI2	0.3219667318982387
ieg	null_ieg_0342	TAGLN,PKM,CA2,SLC38A2,EDNRB,SF3B1,ABI2	0.3219667318982387
ieg	null_ieg_0343	TAGLN,PKM,STX16,SLC38A2,EDNRB,SF3B1,ABI2	0.3219667318982387
ieg	null_ieg_0344	TAGLN,ADH5,B4GALT1,SLC38A2,EDNRB,PREX2,ABI2	0.3219667318982387
ieg	null_ieg_0345	TAGLN,ADH5,ATG14,SLC38A2,EDNRB,SF3B1,ABI2	0.3219667318982387
ieg	null_ieg_0346	TAGLN,ADH5,ATG14,SLC38A2,EDNRB,PREX2,ABI2	0.3219667318982387
ieg	null_ieg_0347	TAGLN,ADH5,B4GALT1,SLC38A2,EDNRB,PREX2,ABI2	0.3219667318982387
ieg	null_ieg_0348	TAGLN,PKM,ATG14,SLC38A2,EDNRB,PREX2,ABI2	0.3219667318982387
ieg	null_ieg_0349	TAGLN,ADH5,B4GALT1,SLC38A2,EDNRB,PREX2,ABI2	0.3219667318982387
ieg	null_ieg_0350	TAGLN,ADH5,ATG14,SLC38A2,EDNRB,PREX2,ABI2	0.3219667318982387
ieg	null_ieg_0351	TAGLN,ADH5,DDX49,SLC38A2,EDNRB,PREX2,ABI2	0.3219667318982387
ieg	null_ieg_0352	TAGLN,PKM,DDX49,SLC38A2,EDNRB,SF3B1,ABI2	0.3219667318982387
ieg	null_ieg_0353	TAGLN,ADH5,ATG14,SLC38A2,EDNRB,PREX2,ABI2	0.3219667318982387
ieg	null_ieg_0354	TAGLN,PKM,CA2,SLC38A2,EDNRB,SNRPD2,ABI2	0.3219667318982387
ieg	null_ieg_0355	TAGLN,ADH5,B4GALT1,SLC38A2,EDNRB,SF3B1,ABI2	0.3219667318982387
ieg	null_ieg_0356	TAGLN,PKM,B4GALT1,SLC38A2,EDNRB,SNRPD2,ABI2	0.3219667318982387
ieg	null_ieg_0357	TAGLN,PKM,STX16,SLC38A2,EDNRB,SF3B1,ABI2	0.3219667318982387
ieg	null_ieg_0358	TAGLN,ADH5,TMEM175,SLC38A2,EDNRB,PREX2,ABI2	0.3219667318982387
ieg	null_ieg_0359	TAGLN,ADH5,TMEM175,SLC38A2,EDNRB,SF3B1,ABI2	0.3219667318982387
ieg	null_ieg_0360	TAGLN,ADH5,STX16,SLC38A2,EDNRB,SNRPD2,ABI2	0.3219667318982387
ieg	null_ieg_0361	TAGLN,PKM,B4GALT1,SLC38A2,EDNRB,PREX2,ABI2	0.3219667318982387
ieg	null_ieg_0362	TAGLN,PKM,CA2,SLC38A2,EDNRB,PREX2,ABI2	0.3219667318982387
ieg	null_ieg_0363	TAGLN,PKM,B4GALT1,SLC38A2,EDNRB,SNRPD2,ABI2	0.3219667318982387
ieg	null_ieg_0364	TAGLN,ADH5,TMEM175,SLC38A2,EDNRB,SF3B1,ABI2	0.3219667318982387
ieg	null_ieg_0365	TAGLN,PKM,B4GALT1,SLC38A2,EDNRB,SF3B1,ABI2	0.3219667318982387
ieg	null_ieg_0366	TAGLN,ADH5,STX16,SLC38A2,EDNRB,SNRPD2,ABI2	0.3219667318982387
ieg	null_ieg_0367	TAGLN,ADH5,B4GALT1,SLC38A2,EDNRB,PREX2,ABI2	0.3219667318982387
ieg	null_ieg_0368	TAGLN,PKM,B4GALT1,SLC38A2,EDNRB,PREX2,ABI2	0.3219667318982387
ieg	null_ieg_0369	TAGLN,PKM,STX16,SLC38A2,EDNRB,PREX2,ABI2	0.3219667318982387
ieg	null_ieg_0370	TAGLN,PKM,B4GALT1,SLC38A2,EDNRB,SNRPD2,ABI2	0.3219667318982387
ieg	null_ieg_0371	TAGLN,PKM,STX16,SLC38A2,EDNRB,SF3B1,ABI2	0.3219667318982387
ieg	null_ieg_0372	TAGLN,ADH5,STX16,SLC38A2,EDNRB,SNRPD2,ABI2	0.3219667318982387
ieg	null_ieg_0373	TAGLN,ADH5,TRMT13,SLC38A2,EDNRB,SNRPD2,ABI2	0.3219667318982387
ieg	null_ieg_0374	TAGLN,PKM,STX16,SLC38A2,EDNRB,PREX2,ABI2	0.3219667318982387
ieg	null_ieg_0375	TAGLN,PKM,TMEM175,SLC38A2,EDNRB,SNRPD2,ABI2	0.3219667318982387
ieg	null_ieg_0376	TAGLN,PKM,TRMT13,SLC38A2,EDNRB,SF3B1,ABI2	0.3219667318982387
ieg	null_ieg_0377	TAGLN,ADH5,CA2,SLC38A2,EDNRB,SF3B1,ABI2	0.3219667318982387
ieg	null_ieg_0378	TAGLN,PKM,CA2,SLC38A2,EDNRB,SNRPD2,ABI2	0.3219667318982387
ieg	null_ieg_0379	TAGLN,ADH5,ATG14,SLC38A2,EDNRB,SNRPD2,ABI2	0.3219667318982387
ieg	null_ieg_0380	TAGLN,PKM,CA2,SLC38A2,EDNRB,SF3B1,ABI2	0.3219667318982387
ieg	null_ieg_0381	TAGLN,PKM,TRMT13,SLC38A2,EDNRB,SF3B1,ABI2	0.3219667318982387
ieg	null_ieg_0382	TAGLN,PKM,STX16,SLC38A2,EDNRB,SNRPD2,ABI2	0.3219667318982387
ieg	null_ieg_0383	TAGLN,ADH5,DDX49,SLC38A2,EDNRB,SNRPD2,ABI2	0.3219667318982387
ieg	null_ieg_0384	TAGLN,PKM,DDX49,SLC38A2,EDNRB,PREX2,ABI2	0.3219667318982387
ieg	null_ieg_0385	TAGLN,PKM,TRMT13,SLC38A2,EDNRB,SF3B1,ABI2	0.3219667318982387
ieg	null_ieg_0386	TAGLN,ADH5,STX16,SLC38A2,EDNRB,SF3B1,ABI2	0.3219667318982387
ieg	null_ieg_0387	TAGLN,PKM,STX16,SLC38A2,EDNRB,SNRPD2,ABI2	0.3219667318982387
ieg	null_ieg_0388	TAGLN,ADH5,ATG14,SLC38A2,EDNRB,SF3B1,ABI2	0.3219667318982387
ieg	null_ieg_0389	TAGLN,ADH5,STX16,SLC38A2,EDNRB,SNRPD2,ABI2	0.3219667318982387
ieg	null_ieg_0390	TAGLN,PKM,DDX49,SLC38A2,EDNRB,PREX2,ABI2	0.3219667318982387
ieg	null_ieg_0391	TAGLN,PKM,STX16,SLC38A2,EDNRB,PREX2,ABI2	0.3219667318982387
ieg	null_ieg_0392	TAGLN,PKM,STX16,SLC38A2,EDNRB,PREX2,ABI2	0.3219667318982387
ieg	null_ieg_0393	TAGLN,PKM,DDX49,SLC38A2,EDNRB,PREX2,ABI2	0.3219667318982387
ieg	null_ieg_0394	TAGLN,PKM,STX16,SLC38A2,EDNRB,SNRPD2,ABI2	0.3219667318982387
ieg	null_ieg_0395	TAGLN,ADH5,STX16,SLC38A2,EDNRB,SF3B1,ABI2	0.3219667318982387
ieg	null_ieg_0396	TAGLN,PKM,ATG14,SLC38A2,EDNRB,PREX2,ABI2	0.3219667318982387
ieg	null_ieg_0397	TAGLN,ADH5,TRMT13,SLC38A2,EDNRB,SNRPD2,ABI2	0.3219667318982387
ieg	null_ieg_0398	TAGLN,PKM,TRMT13,SLC38A2,EDNRB,SNRPD2,ABI2	0.3219667318982387
ieg	null_ieg_0399	TAGLN,PKM,DDX49,SLC38A2,EDNRB,SNRPD2,ABI2	0.3219667318982387
ieg	null_ieg_0400	TAGLN,ADH5,DDX49,SLC38A2,EDNRB,PREX2,ABI2	0.3219667318982387
ieg	null_ieg_0401	TAGLN,PKM,STX16,SLC38A2,EDNRB,SF3B1,ABI2	0.3219667318982387
ieg	null_ieg_0402	TAGLN,ADH5,B4GALT1,SLC38A2,EDNRB,PREX2,ABI2	0.3219667318982387
ieg	null_ieg_0403	TAGLN,ADH5,TRMT13,SLC38A2,EDNRB,SNRPD2,ABI2	0.3219667318982387
ieg	null_ieg_0404	TAGLN,PKM,TMEM175,SLC38A2,EDNRB,PREX2,ABI2	0.3219667318982387
ieg	null_ieg_0405	TAGLN,PKM,B4GALT1,SLC38A2,EDNRB,SF3B1,ABI2	0.3219667318982387
ieg	null_ieg_0406	TAGLN,PKM,B4GALT1,SLC38A2,EDNRB,PREX2,ABI2	0.3219667318982387
ieg	null_ieg_0407	TAGLN,PKM,TMEM175,SLC38A2,EDNRB,PREX2,ABI2	0.3219667318982387
ieg	null_ieg_0408	TAGLN,PKM,TMEM175,SLC38A2,EDNRB,PREX2,ABI2	0.3219667318982387
ieg	null_ieg_0409	TAGLN,PKM,B4GALT1,SLC38A2,EDNRB,SF3B1,ABI2	0.3219667318982387
ieg	null_ieg_0410	TAGLN,ADH5,CA2,SLC38A2,EDNRB,SF3B1,ABI2	0.3219667318982387
ieg	null_ieg_0411	TAGLN,PKM,B4GALT1,SLC38A2,EDNRB,PREX2,ABI2	0.3219667318982387
ieg	null_ieg_0412	TAGLN,PKM,CA2,SLC38A2,EDNRB,SNRPD2,ABI2	0.3219667318982387
ieg	null_ieg_0413	TAGLN,PKM,TRMT13,SLC38A2,EDNRB,SF3B1,ABI2	0.3219667318982387
ieg	null_ieg_0414	TAGLN,PKM,B4GALT1,SLC38A2,EDNRB,SF3B1,ABI2	0.3219667318982387
ieg	null_ieg_0415	TAGLN,ADH5,STX16,SLC38A2,EDNRB,SF3B1,ABI2	0.3219667318982387
ieg	null_ieg_0416	TAGLN,PKM,ATG14,SLC38A2,EDNRB,SF3B1,ABI2	0.3219667318982387
ieg	null_ieg_0417	TAGLN,ADH5,STX16,SLC38A2,EDNRB,SNRPD2,ABI2	0.3219667318982387
ieg	null_ieg_0418	TAGLN,ADH5,CA2,SLC38A2,EDNRB,SF3B1,ABI2	0.3219667318982387
ieg	null_ieg_0419	TAGLN,ADH5,B4GALT1,SLC38A2,EDNRB,PREX2,ABI2	0.3219667318982387
ieg	null_ieg_0420	TAGLN,PKM,B4GALT1,SLC38A2,EDNRB,SF3B1,ABI2	0.3219667318982387
ieg	null_ieg_0421	TAGLN,ADH5,B4GALT1,SLC38A2,EDNRB,SF3B1,ABI2	0.3219667318982387
ieg	null_ieg_0422	TAGLN,PKM,ATG14,SLC38A2,EDNRB,SF3B1,ABI2	0.3219667318982387
ieg	null_ieg_0423	TAGLN,ADH5,TRMT13,SLC38A2,EDNRB,SNRPD2,ABI2	0.3219667318982387
ieg	null_ieg_0424	TAGLN,ADH5,STX16,SLC38A2,EDNRB,SF3B1,ABI2	0.3219667318982387
ieg	null_ieg_0425	TAGLN,ADH5,ATG14,SLC38A2,EDNRB,SNRPD2,ABI2	0.3219667318982387
ieg	null_ieg_0426	TAGLN,ADH5,CA2,SLC38A2,EDNRB,PREX2,ABI2	0.3219667318982387
ieg	null_ieg_0427	TAGLN,PKM,ATG14,SLC38A2,EDNRB,SNRPD2,ABI2	0.3219667318982387
ieg	null_ieg_0428	TAGLN,PKM,TMEM175,SLC38A2,EDNRB,PREX2,ABI2	0.3219667318982387
ieg	null_ieg_0429	TAGLN,ADH5,CA2,SLC38A2,EDNRB,SF3B1,ABI2	0.3219667318982387
ieg	null_ieg_0430	TAGLN,PKM,DDX49,SLC38A2,EDNRB,SNRPD2,ABI2	0.3219667318982387
ieg	null_ieg_0431	TAGLN,PKM,TRMT13,SLC38A2,EDNRB,SNRPD2,ABI2	0.3219667318982387
ieg	null_ieg_0432	TAGLN,ADH5,B4GALT1,SLC38A2,EDNRB,PREX2,ABI2	0.3219667318982387
ieg	null_ieg_0433	TAGLN,ADH5,DDX49,SLC38A2,EDNRB,SF3B1,ABI2	0.3219667318982387
ieg	null_ieg_0434	TAGLN,ADH5,DDX49,SLC38A2,EDNRB,PREX2,ABI2	0.3219667318982387
ieg	null_ieg_0435	TAGLN,ADH5,STX16,SLC38A2,EDNRB,SF3B1,ABI2	0.3219667318982387
ieg	null_ieg_0436	TAGLN,ADH5,ATG14,SLC38A2,EDNRB,PREX2,ABI2	0.3219667318982387
ieg	null_ieg_0437	TAGLN,PKM,B4GALT1,SLC38A2,EDNRB,SNRPD2,ABI2	0.3219667318982387
ieg	null_ieg_0438	TAGLN,PKM,ATG14,SLC38A2,EDNRB,PREX2,ABI2	0.3219667318982387
ieg	null_ieg_0439	TAGLN,PKM,STX16,SLC38A2,EDNRB,SNRPD2,ABI2	0.3219667318982387
ieg	null_ieg_0440	TAGLN,PKM,CA2,SLC38A2,EDNRB,PREX2,ABI2	0.3219667318982387
ieg	null_ieg_0441	TAGLN,PKM,DDX49,SLC38A2,EDNRB,PREX2,ABI2	0.3219667318982387
ieg	null_ieg_0442	TAGLN,ADH5,STX16,SLC38A2,EDNRB,SF3B1,ABI2	0.3219667318982387
ieg	null_ieg_0443	TAGLN,PKM,STX16,SLC38A2,EDNRB,PREX2,ABI2	0.3219667318982387
ieg	null_ieg_0444	TAGLN,ADH5,CA2,SLC38A2,EDNRB,SF3B1,ABI2	0.3219667318982387
ieg	null_ieg_0445	TAGLN,PKM,TMEM175,SLC38A2,EDNRB,PREX2,ABI2	0.3219667318982387
ieg	null_ieg_0446	TAGLN,ADH5,TRMT13,SLC38A2,EDNRB,PREX2,ABI2	0.3219667318982387
ieg	null_ieg_0447	TAGLN,ADH5,ATG14,SLC38A2,EDNRB,SNRPD2,ABI2	0.3219667318982387
ieg	null_ieg_0448	TAGLN,ADH5,DDX49,SLC38A2,EDNRB,SF3B1,ABI2	0.3219667318982387
ieg	null_ieg_0449	TAGLN,ADH5,STX16,SLC38A2,EDNRB,PREX2,ABI2	0.3219667318982387
ieg	null_ieg_0450	TAGLN,ADH5,ATG14,SLC38A2,EDNRB,SF3B1,ABI2	0.3219667318982387
ieg	null_ieg_0451	TAGLN,ADH5,TMEM175,SLC38A2,EDNRB,SNRPD2,ABI2	0.3219667318982387
ieg	null_ieg_0452	TAGLN,PKM,ATG14,SLC38A2,EDNRB,SF3B1,ABI2	0.3219667318982387
ieg	null_ieg_0453	TAGLN,ADH5,TMEM175,SLC38A2,EDNRB,SF3B1,ABI2	0.3219667318982387
ieg	null_ieg_0454	TAGLN,PKM,ATG14,SLC38A2,EDNRB,SNRPD2,ABI2	0.3219667318982387
ieg	null_ieg_0455	TAGLN,PKM,DDX49,SLC38A2,EDNRB,SF3B1,ABI2	0.3219667318982387
ieg	null_ieg_0456	TAGLN,PKM,ATG14,SLC38A2,EDNRB,SNRPD2,ABI2	0.3219667318982387
ieg	null_ieg_0457	TAGLN,ADH5,CA2,SLC38A2,EDNRB,SNRPD2,ABI2	0.3219667318982387
ieg	null_ieg_0458	TAGLN,ADH5,B4GALT1,SLC38A2,EDNRB,SNRPD2,ABI2	0.3219667318982387
ieg	null_ieg_0459	TAGLN,PKM,B4GALT1,SLC38A2,EDNRB,SNRPD2,ABI2	0.3219667318982387
ieg	null_ieg_0460	TAGLN,ADH5,STX16,SLC38A2,EDNRB,PREX2,ABI2	0.3219667318982387
ieg	null_ieg_0461	TAGLN,PKM,CA2,SLC38A2,EDNRB,PREX2,ABI2	0.3219667318982387
ieg	null_ieg_0462	TAGLN,ADH5,TMEM175,SLC38A2,EDNRB,PREX2,ABI2	0.3219667318982387
ieg	null_ieg_0463	TAGLN,ADH5,B4GALT1,SLC38A2,EDNRB,SF3B1,ABI2	0.3219667318982387
ieg	null_ieg_0464	TAGLN,ADH5,DDX49,SLC38A2,EDNRB,PREX2,ABI2	0.3219667318982387
ieg	null_ieg_0465	TAGLN,PKM,DDX49,SLC38A2,EDNRB,SNRPD2,ABI2	0.3219667318982387
ieg	null_ieg_0466	TAGLN,PKM,DDX49,SLC38A2,EDNRB,SF3B1,ABI2	0.3219667318982387
ieg	null_ieg_0467	TAGLN,PKM,B4GALT1,SLC38A2,EDNRB,PREX2,ABI2	0.3219667318982387
ieg	null_ieg_0468	TAGLN,ADH5,STX16,SLC38A2,EDNRB,SNRPD2,ABI2	0.3219667318982387
ieg	null_ieg_0469	TAGLN,ADH5,B4GALT1,SLC38A2,EDNRB,PREX2,ABI2	0.3219667318982387
ieg	null_ieg_0470	TAGLN,PKM,DDX49,SLC38A2,EDNRB,SNRPD2,ABI2	0.3219667318982387
ieg	null_ieg_0471	TAGLN,ADH5,B4GALT1,SLC38A2,EDNRB,SNRPD2,ABI2	0.3219667318982387
ieg	null_ieg_0472	TAGLN,ADH5,TRMT13,SLC38A2,EDNRB,PREX2,ABI2	0.3219667318982387
ieg	null_ieg_0473	TAGLN,ADH5,ATG14,SLC38A2,EDNRB,SNRPD2,ABI2	0.3219667318982387
ieg	null_ieg_0474	TAGLN,ADH5,B4GALT1,SLC38A2,EDNRB,SF3B1,ABI2	0.3219667318982387
ieg	null_ieg_0475	TAGLN,ADH5,STX16,SLC38A2,EDNRB,PREX2,ABI2	0.3219667318982387
ieg	null_ieg_0476	TAGLN,ADH5,TMEM175,SLC38A2,EDNRB,SF3B1,ABI2	0.3219667318982387
ieg	null_ieg_0477	TAGLN,PKM,ATG14,SLC38A2,EDNRB,SNRPD2,ABI2	0.3219667318982387
ieg	null_ieg_0478	TAGLN,PKM,DDX49,SLC38A2,EDNRB,PREX2,ABI2	0.3219667318982387
ieg	null_ieg_0479	TAGLN,PKM,TMEM175,SLC38A2,EDNRB,SF3B1,ABI2	0.3219667318982387
ieg	null_ieg_0480	TAGLN,ADH5,CA2,SLC38A2,EDNRB,PREX2,ABI2	0.3219667318982387
ieg	null_ieg_0481	TAGLN,PKM,CA2,SLC38A2,EDNRB,SNRPD2,ABI2	0.3219667318982387
ieg	null_ieg_0482	TAGLN,ADH5,ATG14,SLC38A2,EDNRB,SNRPD2,ABI2	0.3219667318982387
ieg	null_ieg_0483	TAGLN,ADH5,STX16,SLC38A2,EDNRB,PREX2,ABI2	0.3219667318982387
ieg	null_ieg_0484	TAGLN,ADH5,TMEM175,SLC38A2,EDNRB,SNRPD2,ABI2	0.3219667318982387
ieg	null_ieg_0485	TAGLN,ADH5,DDX49,SLC38A2,EDNRB,SNRPD2,ABI2	0.3219667318982387
ieg	null_ieg_0486	TAGLN,PKM,TMEM175,SLC38A2,EDNRB,SF3B1,ABI2	0.3219667318982387
ieg	null_ieg_0487	TAGLN,PKM,ATG14,SLC38A2,EDNRB,PREX2,ABI2	0.3219667318982387
ieg	null_ieg_0488	TAGLN,PKM,B4GALT1,SLC38A2,EDNRB,SF3B1,ABI2	0.3219667318982387
ieg	null_ieg_0489	TAGLN,PKM,B4GALT1,SLC38A2,EDNRB,SF3B1,ABI2	0.3219667318982387
ieg	null_ieg_0490	TAGLN,PKM,TMEM175,SLC38A2,EDNRB,SNRPD2,ABI2	0.3219667318982387
ieg	null_ieg_0491	TAGLN,ADH5,TMEM175,SLC38A2,EDNRB,PREX2,ABI2	0.3219667318982387
ieg	null_ieg_0492	TAGLN,ADH5,TRMT13,SLC38A2,EDNRB,SNRPD2,ABI2	0.3219667318982387
ieg	null_ieg_0493	TAGLN,PKM,DDX49,SLC38A2,EDNRB,SNRPD2,ABI2	0.3219667318982387
ieg	null_ieg_0494	TAGLN,ADH5,DDX49,SLC38A2,EDNRB,SNRPD2,ABI2	0.3219667318982387
ieg	null_ieg_0495	TAGLN,ADH5,TRMT13,SLC38A2,EDNRB,PREX2,ABI2	0.3219667318982387
ieg	null_ieg_0496	TAGLN,ADH5,B4GALT1,SLC38A2,EDNRB,SF3B1,ABI2	0.3219667318982387
ieg	null_ieg_0497	TAGLN,ADH5,ATG14,SLC38A2,EDNRB,PREX2,ABI2	0.3219667318982387
ieg	null_ieg_0498	TAGLN,ADH5,B4GALT1,SLC38A2,EDNRB,SF3B1,ABI2	0.3219667318982387
ieg	null_ieg_0499	TAGLN,PKM,STX16,SLC38A2,EDNRB,SF3B1,ABI2	0.3219667318982387
ieg	null_ieg_0500	TAGLN,ADH5,B4GALT1,SLC38A2,EDNRB,SF3B1,ABI2	0.3219667318982387
ieg	null_ieg_0501	TAGLN,PKM,B4GALT1,SLC38A2,EDNRB,SNRPD2,ABI2	0.3219667318982387
ieg	null_ieg_0502	TAGLN,PKM,ATG14,SLC38A2,EDNRB,SF3B1,ABI2	0.3219667318982387
ieg	null_ieg_0503	TAGLN,PKM,ATG14,SLC38A2,EDNRB,SNRPD2,ABI2	0.3219667318982387
ieg	null_ieg_0504	TAGLN,ADH5,STX16,SLC38A2,EDNRB,SNRPD2,ABI2	0.3219667318982387
ieg	null_ieg_0505	TAGLN,PKM,CA2,SLC38A2,EDNRB,PREX2,ABI2	0.3219667318982387
ieg	null_ieg_0506	TAGLN,ADH5,STX16,SLC38A2,EDNRB,PREX2,ABI2	0.3219667318982387
ieg	null_ieg_0507	TAGLN,ADH5,TRMT13,SLC38A2,EDNRB,SF3B1,ABI2	0.3219667318982387
ieg	null_ieg_0508	TAGLN,ADH5,B4GALT1,SLC38A2,EDNRB,SF3B1,ABI2	0.3219667318982387
ieg	null_ieg_0509	TAGLN,PKM,STX16,SLC38A2,EDNRB,SF3B1,ABI2	0.3219667318982387
ieg	null_ieg_0510	TAGLN,PKM,CA2,SLC38A2,EDNRB,SNRPD2,ABI2	0.3219667318982387
ieg	null_ieg_0511	TAGLN,PKM,TRMT13,SLC38A2,EDNRB,SNRPD2,ABI2	0.3219667318982387
ieg	null_ieg_0512	TAGLN,ADH5,DDX49,SLC38A2,EDNRB,SF3B1,ABI2	0.3219667318982387
ieg	null_ieg_0513	TAGLN,ADH5,CA2,SLC38A2,EDNRB,PREX2,ABI2	0.3219667318982387
ieg	null_ieg_0514	TAGLN,PKM,STX16,SLC38A2,EDNRB,SF3B1,ABI2	0.3219667318982387
ieg	null_ieg_0515	TAGLN,PKM,TMEM175,SLC38A2,EDNRB,PREX2,ABI2	0.3219667318982387
ieg	null_ieg_0516	TAGLN,ADH5,CA2,SLC38A2,EDNRB,SF3B1,ABI2	0.3219667318982387
ieg	null_ieg_0517	TAGLN,ADH5,TMEM175,SLC38A2,EDNRB,PREX2,ABI2	0.3219667318982387
ieg	null_ieg_0518	TAGLN,PKM,DDX49,SLC38A2,EDNRB,SF3B1,ABI2	0.3219667318982387
ieg	null_ieg_0519	TAGLN,PKM,ATG14,SLC38A2,EDNRB,PREX2,ABI2	0.3219667318982387
ieg	null_ieg_0520	TAGLN,PKM,CA2,SLC38A2,EDNRB,SF3B1,ABI2	0.3219667318982387
ieg	null_ieg_0521	TAGLN,ADH5,ATG14,SLC38A2,EDNRB,SF3B1,ABI2	0.3219667318982387
ieg	null_ieg_0522	TAGLN,ADH5,TMEM175,SLC38A2,EDNRB,SF3B1,ABI2	0.3219667318982387
ieg	null_ieg_0523	TAGLN,ADH5,TMEM175,SLC38A2,EDNRB,SF3B1,ABI2	0.3219667318982387
ieg	null_ieg_0524	TAGLN,PKM,DDX49,SLC38A2,EDNRB,PREX2,ABI2	0.3219667318982387
ieg	null_ieg_0525	TAGLN,ADH5,DDX49,SLC38A2,EDNRB,SNRPD2,ABI2	0.3219667318982387
ieg	null_ieg_0526	TAGLN,ADH5,TMEM175,SLC38A2,EDNRB,PREX2,ABI2	0.3219667318982387
ieg	null_ieg_0527	TAGLN,ADH5,CA2,SLC38A2,EDNRB,PREX2,ABI2	0.3219667318982387
ieg	null_ieg_0528	TAGLN,PKM,ATG14,SLC38A2,EDNRB,PREX2,ABI2	0.3219667318982387
ieg	null_ieg_0529	TAGLN,ADH5,ATG14,SLC38A2,EDNRB,SNRPD2,ABI2	0.3219667318982387
ieg	null_ieg_0530	TAGLN,PKM,CA2,SLC38A2,EDNRB,SNRPD2,ABI2	0.3219667318982387
ieg	null_ieg_0531	TAGLN,PKM,B4GALT1,SLC38A2,EDNRB,SNRPD2,ABI2	0.3219667318982387
ieg	null_ieg_0532	TAGLN,PKM,DDX49,SLC38A2,EDNRB,SNRPD2,ABI2	0.3219667318982387
ieg	null_ieg_0533	TAGLN,PKM,TRMT13,SLC38A2,EDNRB,SNRPD2,ABI2	0.3219667318982387
ieg	null_ieg_0534	TAGLN,ADH5,DDX49,SLC38A2,EDNRB,SNRPD2,ABI2	0.3219667318982387
ieg	null_ieg_0535	TAGLN,ADH5,DDX49,SLC38A2,EDNRB,SF3B1,ABI2	0.3219667318982387
ieg	null_ieg_0536	TAGLN,PKM,DDX49,SLC38A2,EDNRB,PREX2,ABI2	0.3219667318982387
ieg	null_ieg_0537	TAGLN,PKM,TRMT13,SLC38A2,EDNRB,PREX2,ABI2	0.3219667318982387
ieg	null_ieg_0538	TAGLN,ADH5,TMEM175,SLC38A2,EDNRB,SNRPD2,ABI2	0.3219667318982387
ieg	null_ieg_0539	TAGLN,ADH5,TMEM175,SLC38A2,EDNRB,SF3B1,ABI2	0.3219667318982387
ieg	null_ieg_0540	TAGLN,ADH5,CA2,SLC38A2,EDNRB,SF3B1,ABI2	0.3219667318982387
ieg	null_ieg_0541	TAGLN,ADH5,STX16,SLC38A2,EDNRB,SF3B1,ABI2	0.3219667318982387
ieg	null_ieg_0542	TAGLN,ADH5,DDX49,SLC38A2,EDNRB,SNRPD2,ABI2	0.3219667318982387
ieg	null_ieg_0543	TAGLN,ADH5,TMEM175,SLC38A2,EDNRB,PREX2,ABI2	0.3219667318982387
ieg	null_ieg_0544	TAGLN,ADH5,STX16,SLC38A2,EDNRB,SNRPD2,ABI2	0.3219667318982387
ieg	null_ieg_0545	TAGLN,ADH5,ATG14,SLC38A2,EDNRB,PREX2,ABI2	0.3219667318982387
ieg	null_ieg_0546	TAGLN,PKM,B4GALT1,SLC38A2,EDNRB,SNRPD2,ABI2	0.3219667318982387
ieg	null_ieg_0547	TAGLN,PKM,B4GALT1,SLC38A2,EDNRB,PREX2,ABI2	0.3219667318982387
ieg	null_ieg_0548	TAGLN,ADH5,TRMT13,SLC38A2,EDNRB,SNRPD2,ABI2	0.3219667318982387
ieg	null_ieg_0549	TAGLN,ADH5,CA2,SLC38A2,EDNRB,SNRPD2,ABI2	0.3219667318982387
ieg	null_ieg_0550	TAGLN,ADH5,TMEM175,SLC38A2,EDNRB,PREX2,ABI2	0.3219667318982387
ieg	null_ieg_0551	TAGLN,ADH5,ATG14,SLC38A2,EDNRB,SNRPD2,ABI2	0.3219667318982387
ieg	null_ieg_0552	TAGLN,PKM,STX16,SLC38A2,EDNRB,SNRPD2,ABI2	0.3219667318982387
ieg	null_ieg_0553	TAGLN,ADH5,B4GALT1,SLC38A2,EDNRB,PREX2,ABI2	0.3219667318982387
ieg	null_ieg_0554	TAGLN,ADH5,STX16,SLC38A2,EDNRB,SF3B1,ABI2	0.3219667318982387
ieg	null_ieg_0555	TAGLN,ADH5,TRMT13,SLC38A2,EDNRB,PREX2,ABI2	0.3219667318982387
ieg	null_ieg_0556	TAGLN,ADH5,CA2,SLC38A2,EDNRB,PREX2,ABI2	0.3219667318982387
ieg	null_ieg_0557	TAGLN,PKM,TRMT13,SLC38A2,EDNRB,SF3B1,ABI2	0.3219667318982387
ieg	null_ieg_0558	TAGLN,PKM,ATG14,SLC38A2,EDNRB,PREX2,ABI2	0.3219667318982387
ieg	null_ieg_0559	TAGLN,PKM,STX16,SLC38A2,EDNRB,SF3B1,ABI2	0.3219667318982387
ieg	null_ieg_0560	TAGLN,PKM,DDX49,SLC38A2,EDNRB,SF3B1,ABI2	0.3219667318982387
ieg	null_ieg_0561	TAGLN,ADH5,ATG14,SLC38A2,EDNRB,SNRPD2,ABI2	0.3219667318982387
ieg	null_ieg_0562	TAGLN,PKM,DDX49,SLC38A2,EDNRB,SNRPD2,ABI2	0.3219667318982387
ieg	null_ieg_0563	TAGLN,ADH5,B4GALT1,SLC38A2,EDNRB,SNRPD2,ABI2	0.3219667318982387
ieg	null_ieg_0564	TAGLN,PKM,ATG14,SLC38A2,EDNRB,PREX2,ABI2	0.3219667318982387
ieg	null_ieg_0565	TAGLN,ADH5,TMEM175,SLC38A2,EDNRB,SNRPD2,ABI2	0.3219667318982387
ieg	null_ieg_0566	TAGLN,ADH5,TRMT13,SLC38A2,EDNRB,SNRPD2,ABI2	0.3219667318982387
ieg	null_ieg_0567	TAGLN,PKM,TMEM175,SLC38A2,EDNRB,SF3B1,ABI2	0.3219667318982387
ieg	null_ieg_0568	TAGLN,PKM,TMEM175,SLC38A2,EDNRB,SNRPD2,ABI2	0.3219667318982387
ieg	null_ieg_0569	TAGLN,ADH5,STX16,SLC38A2,EDNRB,SNRPD2,ABI2	0.3219667318982387
ieg	null_ieg_0570	TAGLN,PKM,DDX49,SLC38A2,EDNRB,SNRPD2,ABI2	0.3219667318982387
ieg	null_ieg_0571	TAGLN,ADH5,DDX49,SLC38A2,EDNRB,PREX2,ABI2	0.3219667318982387
ieg	null_ieg_0572	TAGLN,ADH5,TMEM175,SLC38A2,EDNRB,SNRPD2,ABI2	0.3219667318982387
ieg	null_ieg_0573	TAGLN,ADH5,TMEM175,SLC38A2,EDNRB,SNRPD2,ABI2	0.3219667318982387
ieg	null_ieg_0574	TAGLN,PKM,ATG14,SLC38A2,EDNRB,PREX2,ABI2	0.3219667318982387
ieg	null_ieg_0575	TAGLN,ADH5,B4GALT1,SLC38A2,EDNRB,SNRPD2,ABI2	0.3219667318982387
ieg	null_ieg_0576	TAGLN,ADH5,DDX49,SLC38A2,EDNRB,SF3B1,ABI2	0.3219667318982387
ieg	null_ieg_0577	TAGLN,ADH5,DDX49,SLC38A2,EDNRB,PREX2,ABI2	0.3219667318982387
ieg	null_ieg_0578	TAGLN,PKM,TRMT13,SLC38A2,EDNRB,SF3B1,ABI2	0.3219667318982387
ieg	null_ieg_0579	TAGLN,ADH5,TRMT13,SLC38A2,EDNRB,SF3B1,ABI2	0.3219667318982387
ieg	null_ieg_0580	TAGLN,PKM,DDX49,SLC38A2,EDNRB,SNRPD2,ABI2	0.3219667318982387
ieg	null_ieg_0581	TAGLN,PKM,B4GALT1,SLC38A2,EDNRB,SF3B1,ABI2	0.3219667318982387
ieg	null_ieg_0582	TAGLN,PKM,STX16,SLC38A2,EDNRB,PREX2,ABI2	0.3219667318982387
ieg	null_ieg_0583	TAGLN,ADH5,TRMT13,SLC38A2,EDNRB,SNRPD2,ABI2	0.3219667318982387
ieg	null_ieg_0584	TAGLN,ADH5,TMEM175,SLC38A2,EDNRB,SNRPD2,ABI2	0.3219667318982387
ieg	null_ieg_0585	TAGLN,PKM,DDX49,SLC38A2,EDNRB,PREX2,ABI2	0.3219667318982387
ieg	null_ieg_0586	TAGLN,PKM,ATG14,SLC38A2,EDNRB,PREX2,ABI2	0.3219667318982387
ieg	null_ieg_0587	TAGLN,PKM,B4GALT1,SLC38A2,EDNRB,SF3B1,ABI2	0.3219667318982387
ieg	null_ieg_0588	TAGLN,ADH5,TRMT13,SLC38A2,EDNRB,SF3B1,ABI2	0.3219667318982387
ieg	null_ieg_0589	TAGLN,PKM,B4GALT1,SLC38A2,EDNRB,SNRPD2,ABI2	0.3219667318982387
ieg	null_ieg_0590	TAGLN,ADH5,STX16,SLC38A2,EDNRB,SNRPD2,ABI2	0.3219667318982387
ieg	null_ieg_0591	TAGLN,PKM,B4GALT1,SLC38A2,EDNRB,SNRPD2,ABI2	0.3219667318982387
ieg	null_ieg_0592	TAGLN,ADH5,DDX49,SLC38A2,EDNRB,SF3B1,ABI2	0.3219667318982387
ieg	null_ieg_0593	TAGLN,PKM,CA2,SLC38A2,EDNRB,SNRPD2,ABI2	0.3219667318982387
ieg	null_ieg_0594	TAGLN,ADH5,TRMT13,SLC38A2,EDNRB,PREX2,ABI2	0.3219667318982387
ieg	null_ieg_0595	TAGLN,PKM,ATG14,SLC38A2,EDNRB,PREX2,ABI2	0.3219667318982387
ieg	null_ieg_0596	TAGLN,ADH5,STX16,SLC38A2,EDNRB,SF3B1,ABI2	0.3219667318982387
ieg	null_ieg_0597	TAGLN,ADH5,B4GALT1,SLC38A2,EDNRB,SNRPD2,ABI2	0.3219667318982387
ieg	null_ieg_0598	TAGLN,PKM,B4GALT1,SLC38A2,EDNRB,SNRPD2,ABI2	0.3219667318982387
ieg	null_ieg_0599	TAGLN,ADH5,STX16,SLC38A2,EDNRB,SNRPD2,ABI2	0.3219667318982387
ieg	null_ieg_0600	TAGLN,ADH5,ATG14,SLC38A2,EDNRB,SNRPD2,ABI2	0.3219667318982387
ieg	null_ieg_0601	TAGLN,PKM,TMEM175,SLC38A2,EDNRB,PREX2,ABI2	0.3219667318982387
ieg	null_ieg_0602	TAGLN,PKM,STX16,SLC38A2,EDNRB,PREX2,ABI2	0.3219667318982387
ieg	null_ieg_0603	TAGLN,ADH5,CA2,SLC38A2,EDNRB,PREX2,ABI2	0.3219667318982387
ieg	null_ieg_0604	TAGLN,PKM,B4GALT1,SLC38A2,EDNRB,PREX2,ABI2	0.3219667318982387
ieg	null_ieg_0605	TAGLN,ADH5,CA2,SLC38A2,EDNRB,SF3B1,ABI2	0.3219667318982387
ieg	null_ieg_0606	TAGLN,ADH5,TMEM175,SLC38A2,EDNRB,SNRPD2,ABI2	0.3219667318982387
ieg	null_ieg_0607	TAGLN,ADH5,TRMT13,SLC38A2,EDNRB,SF3B1,ABI2	0.3219667318982387
ieg	null_ieg_0608	TAGLN,ADH5,ATG14,SLC38A2,EDNRB,SF3B1,ABI2	0.3219667318982387
ieg	null_ieg_0609	TAGLN,ADH5,B4GALT1,SLC38A2,EDNRB,SNRPD2,ABI2	0.3219667318982387
ieg	null_ieg_0610	TAGLN,ADH5,STX16,SLC38A2,EDNRB,SNRPD2,ABI2	0.3219667318982387
ieg	null_ieg_0611	TAGLN,PKM,DDX49,SLC38A2,EDNRB,PREX2,ABI2	0.3219667318982387
ieg	null_ieg_0612	TAGLN,PKM,DDX49,SLC38A2,EDNRB,SF3B1,ABI2	0.3219667318982387
ieg	null_ieg_0613	TAGLN,PKM,TMEM175,SLC38A2,EDNRB,PREX2,ABI2	0.3219667318982387
ieg	null_ieg_0614	TAGLN,ADH5,B4GALT1,SLC38A2,EDNRB,SF3B1,ABI2	0.3219667318982387
ieg	null_ieg_0615	TAGLN,PKM,DDX49,SLC38A2,EDNRB,SF3B1,ABI2	0.3219667318982387
ieg	null_ieg_0616	TAGLN,ADH5,DDX49,SLC38A2,EDNRB,SF3B1,ABI2	0.3219667318982387
ieg	null_ieg_0617	TAGLN,PKM,TMEM175,SLC38A2,EDNRB,PREX2,ABI2	0.3219667318982387
ieg	null_ieg_0618	TAGLN,ADH5,ATG14,SLC38A2,EDNRB,PREX2,ABI2	0.3219667318982387
ieg	null_ieg_0619	TAGLN,PKM,DDX49,SLC38A2,EDNRB,PREX2,ABI2	0.3219667318982387
ieg	null_ieg_0620	TAGLN,PKM,B4GALT1,SLC38A2,EDNRB,PREX2,ABI2	0.3219667318982387
ieg	null_ieg_0621	TAGLN,PKM,CA2,SLC38A2,EDNRB,SF3B1,ABI2	0.3219667318982387
ieg	null_ieg_0622	TAGLN,PKM,TMEM175,SLC38A2,EDNRB,PREX2,ABI2	0.3219667318982387
ieg	null_ieg_0623	TAGLN,PKM,STX16,SLC38A2,EDNRB,SF3B1,ABI2	0.3219667318982387
ieg	null_ieg_0624	TAGLN,ADH5,TRMT13,SLC38A2,EDNRB,SF3B1,ABI2	0.3219667318982387
ieg	null_ieg_0625	TAGLN,PKM,TMEM175,SLC38A2,EDNRB,PREX2,ABI2	0.3219667318982387
ieg	null_ieg_0626	TAGLN,ADH5,STX16,SLC38A2,EDNRB,SF3B1,ABI2	0.3219667318982387
ieg	null_ieg_0627	TAGLN,ADH5,CA2,SLC38A2,EDNRB,SNRPD2,ABI2	0.3219667318982387
ieg	null_ieg_0628	TAGLN,ADH5,CA2,SLC38A2,EDNRB,SF3B1,ABI2	0.3219667318982387
ieg	null_ieg_0629	TAGLN,ADH5,CA2,SLC38A2,EDNRB,PREX2,ABI2	0.3219667318982387
ieg	null_ieg_0630	TAGLN,PKM,CA2,SLC38A2,EDNRB,SNRPD2,ABI2	0.3219667318982387
ieg	null_ieg_0631	TAGLN,ADH5,ATG14,SLC38A2,EDNRB,SNRPD2,ABI2	0.3219667318982387
ieg	null_ieg_0632	TAGLN,ADH5,B4GALT1,SLC38A2,EDNRB,SF3B1,ABI2	0.3219667318982387
ieg	null_ieg_0633	TAGLN,PKM,ATG14,SLC38A2,EDNRB,PREX2,ABI2	0.3219667318982387
ieg	null_ieg_0634	TAGLN,PKM,TRMT13,SLC38A2,EDNRB,SNRPD2,ABI2	0.3219667318982387
ieg	null_ieg_0635	TAGLN,PKM,B4GALT1,SLC38A2,EDNRB,SNRPD2,ABI2	0.3219667318982387
ieg	null_ieg_0636	TAGLN,ADH5,DDX49,SLC38A2,EDNRB,PREX2,ABI2	0.3219667318982387
ieg	null_ieg_0637	TAGLN,ADH5,B4GALT1,SLC38A2,EDNRB,PREX2,ABI2	0.3219667318982387
ieg	null_ieg_0638	TAGLN,PKM,STX16,SLC38A2,EDNRB,SNRPD2,ABI2	0.3219667318982387
ieg	null_ieg_0639	TAGLN,PKM,TRMT13,SLC38A2,EDNRB,PREX2,ABI2	0.3219667318982387
ieg	null_ieg_0640	TAGLN,ADH5,CA2,SLC38A2,EDNRB,SNRPD2,ABI2	0.3219667318982387
ieg	null_ieg_0641	TAGLN,ADH5,STX16,SLC38A2,EDNRB,SNRPD2,ABI2	0.3219667318982387
ieg	null_ieg_0642	TAGLN,PKM,TRMT13,SLC38A2,EDNRB,SF3B1,ABI2	0.3219667318982387
ieg	null_ieg_0643	TAGLN,ADH5,ATG14,SLC38A2,EDNRB,PREX2,ABI2	0.3219667318982387
ieg	null_ieg_0644	TAGLN,ADH5,TMEM175,SLC38A2,EDNRB,SF3B1,ABI2	0.3219667318982387
ieg	null_ieg_0645	TAGLN,ADH5,DDX49,SLC38A2,EDNRB,SF3B1,ABI2	0.3219667318982387
ieg	null_ieg_0646	TAGLN,ADH5,DDX49,SLC38A2,EDNRB,SNRPD2,ABI2	0.3219667318982387
ieg	null_ieg_0647	TAGLN,ADH5,TMEM175,SLC38A2,EDNRB,PREX2,ABI2	0.3219667318982387
ieg	null_ieg_0648	TAGLN,ADH5,TMEM175,SLC38A2,EDNRB,SF3B1,ABI2	0.3219667318982387
ieg	null_ieg_0649	TAGLN,PKM,CA2,SLC38A2,EDNRB,SF3B1,ABI2	0.3219667318982387
ieg	null_ieg_0650	TAGLN,PKM,DDX49,SLC38A2,EDNRB,SF3B1,ABI2	0.3219667318982387
ieg	null_ieg_0651	TAGLN,PKM,CA2,SLC38A2,EDNRB,SNRPD2,ABI2	0.3219667318982387
ieg	null_ieg_0652	TAGLN,ADH5,B4GALT1,SLC38A2,EDNRB,SF3B1,ABI2	0.3219667318982387
ieg	null_ieg_0653	TAGLN,PKM,ATG14,SLC38A2,EDNRB,SF3B1,ABI2	0.3219667318982387
ieg	null_ieg_0654	TAGLN,ADH5,ATG14,SLC38A2,EDNRB,PREX2,ABI2	0.3219667318982387
ieg	null_ieg_0655	TAGLN,ADH5,ATG14,SLC38A2,EDNRB,SNRPD2,ABI2	0.3219667318982387
ieg	null_ieg_0656	TAGLN,PKM,DDX49,SLC38A2,EDNRB,SF3B1,ABI2	0.3219667318982387
ieg	null_ieg_0657	TAGLN,ADH5,B4GALT1,SLC38A2,EDNRB,PREX2,ABI2	0.3219667318982387
ieg	null_ieg_0658	TAGLN,PKM,STX16,SLC38A2,EDNRB,PREX2,ABI2	0.3219667318982387
ieg	null_ieg_0659	TAGLN,PKM,CA2,SLC38A2,EDNRB,SNRPD2,ABI2	0.3219667318982387
ieg	null_ieg_0660	TAGLN,PKM,TRMT13,SLC38A2,EDNRB,SF3B1,ABI2	0.3219667318982387
ieg	null_ieg_0661	TAGLN,ADH5,TRMT13,SLC38A2,EDNRB,PREX2,ABI2	0.3219667318982387
ieg	null_ieg_0662	TAGLN,PKM,DDX49,SLC38A2,EDNRB,PREX2,ABI2	0.3219667318982387
ieg	null_ieg_0663	TAGLN,ADH5,STX16,SLC38A2,EDNRB,PREX2,ABI2	0.3219667318982387
ieg	null_ieg_0664	TAGLN,PKM,CA2,SLC38A2,EDNRB,PREX2,ABI2	0.3219667318982387
ieg	null_ieg_0665	TAGLN,PKM,TMEM175,SLC38A2,EDNRB,SF3B1,ABI2	0.3219667318982387
ieg	null_ieg_0666	TAGLN,PKM,TMEM175,SLC38A2,EDNRB,SF3B1,ABI2	0.3219667318982387
ieg	null_ieg_0667	TAGLN,ADH5,DDX49,SLC38A2,EDNRB,SNRPD2,ABI2	0.3219667318982387
ieg	null_ieg_0668	TAGLN,ADH5,ATG14,SLC38A2,EDNRB,SNRPD2,ABI2	0.3219667318982387
ieg	null_ieg_0669	TAGLN,PKM,B4GALT1,SLC38A2,EDNRB,SNRPD2,ABI2	0.3219667318982387
ieg	null_ieg_0670	TAGLN,PKM,B4GALT1,SLC38A2,EDNRB,PREX2,ABI2	0.3219667318982387
ieg	null_ieg_0671	TAGLN,ADH5,DDX49,SLC38A2,EDNRB,SF3B1,ABI2	0.3219667318982387
ieg	null_ieg_0672	TAGLN,PKM,ATG14,SLC38A2,EDNRB,PREX2,ABI2	0.3219667318982387
ieg	null_ieg_0673	TAGLN,PKM,DDX49,SLC38A2,EDNRB,PREX2,ABI2	0.3219667318982387
ieg	null_ieg_0674	TAGLN,ADH5,ATG14,SLC38A2,EDNRB,PREX2,ABI2	0.3219667318982387
ieg	null_ieg_0675	TAGLN,PKM,DDX49,SLC38A2,EDNRB,PREX2,ABI2	0.3219667318982387
ieg	null_ieg_0676	TAGLN,PKM,CA2,SLC38A2,EDNRB,PREX2,ABI2	0.3219667318982387
ieg	null_ieg_0677	TAGLN,ADH5,CA2,SLC38A2,EDNRB,SNRPD2,ABI2	0.3219667318982387
ieg	null_ieg_0678	TAGLN,ADH5,TRMT13,SLC38A2,EDNRB,SF3B1,ABI2	0.3219667318982387
ieg	null_ieg_0679	TAGLN,ADH5,STX16,SLC38A2,EDNRB,PREX2,ABI2	0.3219667318982387
ieg	null_ieg_0680	TAGLN,ADH5,TMEM175,SLC38A2,EDNRB,SNRPD2,ABI2	0.3219667318982387
ieg	null_ieg_0681	TAGLN,ADH5,DDX49,SLC38A2,EDNRB,SF3B1,ABI2	0.3219667318982387
ieg	null_ieg_0682	TAGLN,ADH5,TRMT13,SLC38A2,EDNRB,SNRPD2,ABI2	0.3219667318982387
ieg	null_ieg_0683	TAGLN,PKM,STX16,SLC38A2,EDNRB,PREX2,ABI2	0.3219667318982387
ieg	null_ieg_0684	TAGLN,PKM,ATG14,SLC38A2,EDNRB,PREX2,ABI2	0.3219667318982387
ieg	null_ieg_0685	TAGLN,PKM,TMEM175,SLC38A2,EDNRB,SNRPD2,ABI2	0.3219667318982387
ieg	null_ieg_0686	TAGLN,ADH5,TRMT13,SLC38A2,EDNRB,SF3B1,ABI2	0.3219667318982387
ieg	null_ieg_0687	TAGLN,ADH5,B4GALT1,SLC38A2,EDNRB,SNRPD2,ABI2	0.3219667318982387
ieg	null_ieg_0688	TAGLN,PKM,TRMT13,SLC38A2,EDNRB,SF3B1,ABI2	0.3219667318982387
ieg	null_ieg_0689	TAGLN,ADH5,DDX49,SLC38A2,EDNRB,SF3B1,ABI2	0.3219667318982387
ieg	null_ieg_0690	TAGLN,ADH5,STX16,SLC38A2,EDNRB,SNRPD2,ABI2	0.3219667318982387
ieg	null_ieg_0691	TAGLN,ADH5,STX16,SLC38A2,EDNRB,PREX2,ABI2	0.3219667318982387
ieg	null_ieg_0692	TAGLN,PKM,B4GALT1,SLC38A2,EDNRB,PREX2,ABI2	0.3219667318982387
ieg	null_ieg_0693	TAGLN,ADH5,DDX49,SLC38A2,EDNRB,SF3B1,ABI2	0.3219667318982387
ieg	null_ieg_0694	TAGLN,ADH5,B4GALT1,SLC38A2,EDNRB,PREX2,ABI2	0.3219667318982387
ieg	null_ieg_0695	TAGLN,ADH5,B4GALT1,SLC38A2,EDNRB,SNRPD2,ABI2	0.3219667318982387
ieg	null_ieg_0696	TAGLN,PKM,STX16,SLC38A2,EDNRB,SNRPD2,ABI2	0.3219667318982387
ieg	null_ieg_0697	TAGLN,ADH5,B4GALT1,SLC38A2,EDNRB,SF3B1,ABI2	0.3219667318982387
ieg	null_ieg_0698	TAGLN,ADH5,B4GALT1,SLC38A2,EDNRB,PREX2,ABI2	0.3219667318982387
ieg	null_ieg_0699	TAGLN,PKM,B4GALT1,SLC38A2,EDNRB,SF3B1,ABI2	0.3219667318982387
ieg	null_ieg_0700	TAGLN,ADH5,ATG14,SLC38A2,EDNRB,SF3B1,ABI2	0.3219667318982387
ieg	null_ieg_0701	TAGLN,PKM,TMEM175,SLC38A2,EDNRB,SF3B1,ABI2	0.3219667318982387
ieg	null_ieg_0702	TAGLN,ADH5,TMEM175,SLC38A2,EDNRB,SNRPD2,ABI2	0.3219667318982387
ieg	null_ieg_0703	TAGLN,ADH5,TRMT13,SLC38A2,EDNRB,PREX2,ABI2	0.3219667318982387
ieg	null_ieg_0704	TAGLN,PKM,DDX49,SLC38A2,EDNRB,SF3B1,ABI2	0.3219667318982387
ieg	null_ieg_0705	TAGLN,PKM,TRMT13,SLC38A2,EDNRB,SNRPD2,ABI2	0.3219667318982387
ieg	null_ieg_0706	TAGLN,PKM,STX16,SLC38A2,EDNRB,SNRPD2,ABI2	0.3219667318982387
ieg	null_ieg_0707	TAGLN,ADH5,CA2,SLC38A2,EDNRB,SF3B1,ABI2	0.3219667318982387
ieg	null_ieg_0708	TAGLN,PKM,DDX49,SLC38A2,EDNRB,PREX2,ABI2	0.3219667318982387
ieg	null_ieg_0709	TAGLN,ADH5,B4GALT1,SLC38A2,EDNRB,PREX2,ABI2	0.3219667318982387
ieg	null_ieg_0710	TAGLN,ADH5,STX16,SLC38A2,EDNRB,SNRPD2,ABI2	0.3219667318982387
ieg	null_ieg_0711	TAGLN,ADH5,CA2,SLC38A2,EDNRB,SNRPD2,ABI2	0.3219667318982387
ieg	null_ieg_0712	TAGLN,ADH5,DDX49,SLC38A2,EDNRB,SNRPD2,ABI2	0.3219667318982387
ieg	null_ieg_0713	TAGLN,PKM,TMEM175,SLC38A2,EDNRB,SF3B1,ABI2	0.3219667318982387
ieg	null_ieg_0714	TAGLN,ADH5,STX16,SLC38A2,EDNRB,SNRPD2,ABI2	0.3219667318982387
ieg	null_ieg_0715	TAGLN,ADH5,CA2,SLC38A2,EDNRB,SF3B1,ABI2	0.3219667318982387
ieg	null_ieg_0716	TAGLN,ADH5,STX16,SLC38A2,EDNRB,SF3B1,ABI2	0.3219667318982387
ieg	null_ieg_0717	TAGLN,PKM,TMEM175,SLC38A2,EDNRB,PREX2,ABI2	0.3219667318982387
ieg	null_ieg_0718	TAGLN,PKM,DDX49,SLC38A2,EDNRB,PREX2,ABI2	0.3219667318982387
ieg	null_ieg_0719	TAGLN,ADH5,DDX49,SLC38A2,EDNRB,SNRPD2,ABI2	0.3219667318982387
ieg	null_ieg_0720	TAGLN,ADH5,TRMT13,SLC38A2,EDNRB,SF3B1,ABI2	0.3219667318982387
ieg	null_ieg_0721	TAGLN,PKM,STX16,SLC38A2,EDNRB,PREX2,ABI2	0.3219667318982387
ieg	null_ieg_0722	TAGLN,ADH5,CA2,SLC38A2,EDNRB,SF3B1,ABI2	0.3219667318982387
ieg	null_ieg_0723	TAGLN,ADH5,ATG14,SLC38A2,EDNRB,SNRPD2,ABI2	0.3219667318982387
ieg	null_ieg_0724	TAGLN,ADH5,CA2,SLC38A2,EDNRB,PREX2,ABI2	0.3219667318982387
ieg	null_ieg_0725	TAGLN,ADH5,ATG14,SLC38A2,EDNRB,SF3B1,ABI2	0.3219667318982387
ieg	null_ieg_0726	TAGLN,ADH5,DDX49,SLC38A2,EDNRB,SNRPD2,ABI2	0.3219667318982387
ieg	null_ieg_0727	TAGLN,ADH5,STX16,SLC38A2,EDNRB,SF3B1,ABI2	0.3219667318982387
ieg	null_ieg_0728	TAGLN,ADH5,ATG14,SLC38A2,EDNRB,SF3B1,ABI2	0.3219667318982387
ieg	null_ieg_0729	TAGLN,PKM,DDX49,SLC38A2,EDNRB,SNRPD2,ABI2	0.3219667318982387
ieg	null_ieg_0730	TAGLN,ADH5,B4GALT1,SLC38A2,EDNRB,SNRPD2,ABI2	0.3219667318982387
ieg	null_ieg_0731	TAGLN,ADH5,ATG14,SLC38A2,EDNRB,SF3B1,ABI2	0.3219667318982387
ieg	null_ieg_0732	TAGLN,PKM,DDX49,SLC38A2,EDNRB,PREX2,ABI2	0.3219667318982387
ieg	null_ieg_0733	TAGLN,PKM,ATG14,SLC38A2,EDNRB,SNRPD2,ABI2	0.3219667318982387
ieg	null_ieg_0734	TAGLN,ADH5,ATG14,SLC38A2,EDNRB,SF3B1,ABI2	0.3219667318982387
ieg	null_ieg_0735	TAGLN,PKM,CA2,SLC38A2,EDNRB,SF3B1,ABI2	0.3219667318982387
ieg	null_ieg_0736	TAGLN,PKM,TMEM175,SLC38A2,EDNRB,PREX2,ABI2	0.3219667318982387
ieg	null_ieg_0737	TAGLN,PKM,DDX49,SLC38A2,EDNRB,SF3B1,ABI2	0.3219667318982387
ieg	null_ieg_0738	TAGLN,ADH5,TRMT13,SLC38A2,EDNRB,PREX2,ABI2	0.3219667318982387
ieg	null_ieg_0739	TAGLN,PKM,B4GALT1,SLC38A2,EDNRB,SF3B1,ABI2	0.3219667318982387
ieg	null_ieg_0740	TAGLN,ADH5,CA2,SLC38A2,EDNRB,PREX2,ABI2	0.3219667318982387
ieg	null_ieg_0741	TAGLN,PKM,B4GALT1,SLC38A2,EDNRB,SNRPD2,ABI2	0.3219667318982387
ieg	null_ieg_0742	TAGLN,PKM,ATG14,SLC38A2,EDNRB,PREX2,ABI2	0.3219667318982387
ieg	null_ieg_0743	TAGLN,ADH5,DDX49,SLC38A2,EDNRB,SF3B1,ABI2	0.3219667318982387
ieg	null_ieg_0744	TAGLN,PKM,DDX49,SLC38A2,EDNRB,SNRPD2,ABI2	0.3219667318982387
ieg	null_ieg_0745	TAGLN,ADH5,DDX49,SLC38A2,EDNRB,SNRPD2,ABI2	0.3219667318982387
ieg	null_ieg_0746	TAGLN,ADH5,DDX49,SLC38A2,EDNRB,PREX2,ABI2	0.3219667318982387
ieg	null_ieg_0747	TAGLN,PKM,DDX49,SLC38A2,EDNRB,SNRPD2,ABI2	0.3219667318982387
ieg	null_ieg_0748	TAGLN,PKM,CA2,SLC38A2,EDNRB,PREX2,ABI2	0.3219667318982387
ieg	null_ieg_0749	TAGLN,ADH5,CA2,SLC38A2,EDNRB,SNRPD2,ABI2	0.3219667318982387
ieg	null_ieg_0750	TAGLN,ADH5,B4GALT1,SLC38A2,EDNRB,SF3B1,ABI2	0.3219667318982387
ieg	null_ieg_0751	TAGLN,ADH5,CA2,SLC38A2,EDNRB,SF3B1,ABI2	0.3219667318982387
ieg	null_ieg_0752	TAGLN,PKM,TMEM175,SLC38A2,EDNRB,PREX2,ABI2	0.3219667318982387
ieg	null_ieg_0753	TAGLN,ADH5,TRMT13,SLC38A2,EDNRB,SNRPD2,ABI2	0.3219667318982387
ieg	null_ieg_0754	TAGLN,PKM,STX16,SLC38A2,EDNRB,SF3B1,ABI2	0.3219667318982387
ieg	null_ieg_0755	TAGLN,PKM,B4GALT1,SLC38A2,EDNRB,SNRPD2,ABI2	0.3219667318982387
ieg	null_ieg_0756	TAGLN,PKM,ATG14,SLC38A2,EDNRB,SF3B1,ABI2	0.3219667318982387
ieg	null_ieg_0757	TAGLN,ADH5,CA2,SLC38A2,EDNRB,PREX2,ABI2	0.3219667318982387
ieg	null_ieg_0758	TAGLN,PKM,TRMT13,SLC38A2,EDNRB,SNRPD2,ABI2	0.3219667318982387
ieg	null_ieg_0759	TAGLN,PKM,TRMT13,SLC38A2,EDNRB,SF3B1,ABI2	0.3219667318982387
ieg	null_ieg_0760	TAGLN,ADH5,TMEM175,SLC38A2,EDNRB,PREX2,ABI2	0.3219667318982387
ieg	null_ieg_0761	TAGLN,PKM,DDX49,SLC38A2,EDNRB,PREX2,ABI2	0.3219667318982387
ieg	null_ieg_0762	TAGLN,ADH5,B4GALT1,SLC38A2,EDNRB,SNRPD2,ABI2	0.3219667318982387
ieg	null_ieg_0763	TAGLN,ADH5,TMEM175,SLC38A2,EDNRB,SF3B1,ABI2	0.3219667318982387
ieg	null_ieg_0764	TAGLN,ADH5,TRMT13,SLC38A2,EDNRB,SF3B1,ABI2	0.3219667318982387
ieg	null_ieg_0765	TAGLN,PKM,TMEM175,SLC38A2,EDNRB,SF3B1,ABI2	0.3219667318982387
ieg	null_ieg_0766	TAGLN,ADH5,B4GALT1,SLC38A2,EDNRB,SF3B1,ABI2	0.3219667318982387
ieg	null_ieg_0767	TAGLN,ADH5,STX16,SLC38A2,EDNRB,SNRPD2,ABI2	0.3219667318982387
ieg	null_ieg_0768	TAGLN,ADH5,ATG14,SLC38A2,EDNRB,PREX2,ABI2	0.3219667318982387
ieg	null_ieg_0769	TAGLN,ADH5,ATG14,SLC38A2,EDNRB,SF3B1,ABI2	0.3219667318982387
ieg	null_ieg_0770	TAGLN,ADH5,TRMT13,SLC38A2,EDNRB,SF3B1,ABI2	0.3219667318982387
ieg	null_ieg_0771	TAGLN,ADH5,TRMT13,SLC38A2,EDNRB,PREX2,ABI2	0.3219667318982387
ieg	null_ieg_0772	TAGLN,ADH5,CA2,SLC38A2,EDNRB,SF3B1,ABI2	0.3219667318982387
ieg	null_ieg_0773	TAGLN,PKM,ATG14,SLC38A2,EDNRB,PREX2,ABI2	0.3219667318982387
ieg	null_ieg_0774	TAGLN,PKM,TMEM175,SLC38A2,EDNRB,PREX2,ABI2	0.3219667318982387
ieg	null_ieg_0775	TAGLN,PKM,STX16,SLC38A2,EDNRB,SNRPD2,ABI2	0.3219667318982387
ieg	null_ieg_0776	TAGLN,PKM,TRMT13,SLC38A2,EDNRB,SNRPD2,ABI2	0.3219667318982387
ieg	null_ieg_0777	TAGLN,PKM,TRMT13,SLC38A2,EDNRB,SF3B1,ABI2	0.3219667318982387
ieg	null_ieg_0778	TAGLN,ADH5,CA2,SLC38A2,EDNRB,PREX2,ABI2	0.3219667318982387
ieg	null_ieg_0779	TAGLN,ADH5,ATG14,SLC38A2,EDNRB,SNRPD2,ABI2	0.3219667318982387
ieg	null_ieg_0780	TAGLN,ADH5,TMEM175,SLC38A2,EDNRB,PREX2,ABI2	0.3219667318982387
ieg	null_ieg_0781	TAGLN,ADH5,CA2,SLC38A2,EDNRB,SNRPD2,ABI2	0.3219667318982387
ieg	null_ieg_0782	TAGLN,ADH5,ATG14,SLC38A2,EDNRB,PREX2,ABI2	0.3219667318982387
ieg	null_ieg_0783	TAGLN,PKM,ATG14,SLC38A2,EDNRB,PREX2,ABI2	0.3219667318982387
ieg	null_ieg_0784	TAGLN,PKM,TMEM175,SLC38A2,EDNRB,PREX2,ABI2	0.3219667318982387
ieg	null_ieg_0785	TAGLN,PKM,TMEM175,SLC38A2,EDNRB,SF3B1,ABI2	0.3219667318982387
ieg	null_ieg_0786	TAGLN,ADH5,ATG14,SLC38A2,EDNRB,SF3B1,ABI2	0.3219667318982387
ieg	null_ieg_0787	TAGLN,ADH5,TRMT13,SLC38A2,EDNRB,SF3B1,ABI2	0.3219667318982387
ieg	null_ieg_0788	TAGLN,ADH5,TMEM175,SLC38A2,EDNRB,SF3B1,ABI2	0.3219667318982387
ieg	null_ieg_0789	TAGLN,ADH5,DDX49,SLC38A2,EDNRB,SNRPD2,ABI2	0.3219667318982387
ieg	null_ieg_0790	TAGLN,ADH5,ATG14,SLC38A2,EDNRB,SF3B1,ABI2	0.3219667318982387
ieg	null_ieg_0791	TAGLN,PKM,CA2,SLC38A2,EDNRB,PREX2,ABI2	0.3219667318982387
ieg	null_ieg_0792	TAGLN,ADH5,B4GALT1,SLC38A2,EDNRB,SNRPD2,ABI2	0.3219667318982387
ieg	null_ieg_0793	TAGLN,PKM,TMEM175,SLC38A2,EDNRB,SNRPD2,ABI2	0.3219667318982387
ieg	null_ieg_0794	TAGLN,PKM,TRMT13,SLC38A2,EDNRB,SF3B1,ABI2	0.3219667318982387
ieg	null_ieg_0795	TAGLN,PKM,B4GALT1,SLC38A2,EDNRB,SF3B1,ABI2	0.3219667318982387
ieg	null_ieg_0796	TAGLN,PKM,ATG14,SLC38A2,EDNRB,SNRPD2,ABI2	0.3219667318982387
ieg	null_ieg_0797	TAGLN,ADH5,TMEM175,SLC38A2,EDNRB,PREX2,ABI2	0.3219667318982387
ieg	null_ieg_0798	TAGLN,PKM,TMEM175,SLC38A2,EDNRB,SF3B1,ABI2	0.3219667318982387
ieg	null_ieg_0799	TAGLN,ADH5,CA2,SLC38A2,EDNRB,SNRPD2,ABI2	0.3219667318982387
ieg	null_ieg_0800	TAGLN,PKM,CA2,SLC38A2,EDNRB,SF3B1,ABI2	0.3219667318982387
ieg	null_ieg_0801	TAGLN,PKM,B4GALT1,SLC38A2,EDNRB,SNRPD2,ABI2	0.3219667318982387
ieg	null_ieg_0802	TAGLN,PKM,TRMT13,SLC38A2,EDNRB,SNRPD2,ABI2	0.3219667318982387
ieg	null_ieg_0803	TAGLN,ADH5,CA2,SLC38A2,EDNRB,SNRPD2,ABI2	0.3219667318982387
ieg	null_ieg_0804	TAGLN,ADH5,TMEM175,SLC38A2,EDNRB,PREX2,ABI2	0.3219667318982387
ieg	null_ieg_0805	TAGLN,ADH5,ATG14,SLC38A2,EDNRB,SNRPD2,ABI2	0.3219667318982387
ieg	null_ieg_0806	TAGLN,PKM,TMEM175,SLC38A2,EDNRB,SF3B1,ABI2	0.3219667318982387
ieg	null_ieg_0807	TAGLN,PKM,TRMT13,SLC38A2,EDNRB,PREX2,ABI2	0.3219667318982387
ieg	null_ieg_0808	TAGLN,ADH5,TRMT13,SLC38A2,EDNRB,SNRPD2,ABI2	0.3219667318982387
ieg	null_ieg_0809	TAGLN,PKM,TRMT13,SLC38A2,EDNRB,PREX2,ABI2	0.3219667318982387
ieg	null_ieg_0810	TAGLN,ADH5,B4GALT1,SLC38A2,EDNRB,SF3B1,ABI2	0.3219667318982387
ieg	null_ieg_0811	TAGLN,ADH5,TMEM175,SLC38A2,EDNRB,SF3B1,ABI2	0.3219667318982387
ieg	null_ieg_0812	TAGLN,ADH5,CA2,SLC38A2,EDNRB,SF3B1,ABI2	0.3219667318982387
ieg	null_ieg_0813	TAGLN,PKM,ATG14,SLC38A2,EDNRB,PREX2,ABI2	0.3219667318982387
ieg	null_ieg_0814	TAGLN,ADH5,CA2,SLC38A2,EDNRB,SNRPD2,ABI2	0.3219667318982387
ieg	null_ieg_0815	TAGLN,ADH5,B4GALT1,SLC38A2,EDNRB,PREX2,ABI2	0.3219667318982387
ieg	null_ieg_0816	TAGLN,ADH5,STX16,SLC38A2,EDNRB,SF3B1,ABI2	0.3219667318982387
ieg	null_ieg_0817	TAGLN,PKM,TRMT13,SLC38A2,EDNRB,SNRPD2,ABI2	0.3219667318982387
ieg	null_ieg_0818	TAGLN,ADH5,B4GALT1,SLC38A2,EDNRB,SNRPD2,ABI2	0.3219667318982387
ieg	null_ieg_0819	TAGLN,ADH5,CA2,SLC38A2,EDNRB,SF3B1,ABI2	0.3219667318982387
ieg	null_ieg_0820	TAGLN,ADH5,CA2,SLC38A2,EDNRB,SNRPD2,ABI2	0.3219667318982387
ieg	null_ieg_0821	TAGLN,ADH5,DDX49,SLC38A2,EDNRB,SNRPD2,ABI2	0.3219667318982387
ieg	null_ieg_0822	TAGLN,PKM,TRMT13,SLC38A2,EDNRB,PREX2,ABI2	0.3219667318982387
ieg	null_ieg_0823	TAGLN,ADH5,ATG14,SLC38A2,EDNRB,SNRPD2,ABI2	0.3219667318982387
ieg	null_ieg_0824	TAGLN,ADH5,STX16,SLC38A2,EDNRB,SNRPD2,ABI2	0.3219667318982387
ieg	null_ieg_0825	TAGLN,PKM,ATG14,SLC38A2,EDNRB,PREX2,ABI2	0.3219667318982387
ieg	null_ieg_0826	TAGLN,PKM,DDX49,SLC38A2,EDNRB,PREX2,ABI2	0.3219667318982387
ieg	null_ieg_0827	TAGLN,ADH5,TMEM175,SLC38A2,EDNRB,SF3B1,ABI2	0.3219667318982387
ieg	null_ieg_0828	TAGLN,PKM,STX16,SLC38A2,EDNRB,SF3B1,ABI2	0.3219667318982387
ieg	null_ieg_0829	TAGLN,ADH5,STX16,SLC38A2,EDNRB,PREX2,ABI2	0.3219667318982387
ieg	null_ieg_0830	TAGLN,PKM,CA2,SLC38A2,EDNRB,SF3B1,ABI2	0.3219667318982387
ieg	null_ieg_0831	TAGLN,PKM,DDX49,SLC38A2,EDNRB,SNRPD2,ABI2	0.3219667318982387
ieg	null_ieg_0832	TAGLN,ADH5,TMEM175,SLC38A2,EDNRB,SNRPD2,ABI2	0.3219667318982387
ieg	null_ieg_0833	TAGLN,PKM,STX16,SLC38A2,EDNRB,SNRPD2,ABI2	0.3219667318982387
ieg	null_ieg_0834	TAGLN,ADH5,TMEM175,SLC38A2,EDNRB,PREX2,ABI2	0.3219667318982387
ieg	null_ieg_0835	TAGLN,ADH5,B4GALT1,SLC38A2,EDNRB,PREX2,ABI2	0.3219667318982387
ieg	null_ieg_0836	TAGLN,PKM,STX16,SLC38A2,EDNRB,PREX2,ABI2	0.3219667318982387
ieg	null_ieg_0837	TAGLN,ADH5,ATG14,SLC38A2,EDNRB,SF3B1,ABI2	0.3219667318982387
ieg	null_ieg_0838	TAGLN,PKM,ATG14,SLC38A2,EDNRB,PREX2,ABI2	0.3219667318982387
ieg	null_ieg_0839	TAGLN,PKM,DDX49,SLC38A2,EDNRB,SF3B1,ABI2	0.3219667318982387
ieg	null_ieg_0840	TAGLN,ADH5,ATG14,SLC38A2,EDNRB,SNRPD2,ABI2	0.3219667318982387
ieg	null_ieg_0841	TAGLN,ADH5,ATG14,SLC38A2,EDNRB,SNRPD2,ABI2	0.3219667318982387
ieg	null_ieg_0842	TAGLN,ADH5,STX16,SLC38A2,EDNRB,SF3B1,ABI2	0.3219667318982387
ieg	null_ieg_0843	TAGLN,ADH5,CA2,SLC38A2,EDNRB,SNRPD2,ABI2	0.3219667318982387
ieg	null_ieg_0844	TAGLN,ADH5,ATG14,SLC38A2,EDNRB,SF3B1,ABI2	0.3219667318982387
ieg	null_ieg_0845	TAGLN,PKM,B4GALT1,SLC38A2,EDNRB,PREX2,ABI2	0.3219667318982387
ieg	null_ieg_0846	TAGLN,PKM,CA2,SLC38A2,EDNRB,SF3B1,ABI2	0.3219667318982387
ieg	null_ieg_0847	TAGLN,PKM,B4GALT1,SLC38A2,EDNRB,PREX2,ABI2	0.3219667318982387
ieg	null_ieg_0848	TAGLN,ADH5,B4GALT1,SLC38A2,EDNRB,SF3B1,ABI2	0.3219667318982387
ieg	null_ieg_0849	TAGLN,ADH5,STX16,SLC38A2,EDNRB,SF3B1,ABI2	0.3219667318982387
ieg	null_ieg_0850	TAGLN,ADH5,DDX49,SLC38A2,EDNRB,SNRPD2,ABI2	0.3219667318982387
ieg	null_ieg_0851	TAGLN,ADH5,CA2,SLC38A2,EDNRB,PREX2,ABI2	0.3219667318982387
ieg	null_ieg_0852	TAGLN,ADH5,TRMT13,SLC38A2,EDNRB,SF3B1,ABI2	0.3219667318982387
ieg	null_ieg_0853	TAGLN,ADH5,CA2,SLC38A2,EDNRB,SF3B1,ABI2	0.3219667318982387
ieg	null_ieg_0854	TAGLN,PKM,TRMT13,SLC38A2,EDNRB,SF3B1,ABI2	0.3219667318982387
ieg	null_ieg_0855	TAGLN,ADH5,B4GALT1,SLC38A2,EDNRB,PREX2,ABI2	0.3219667318982387
ieg	null_ieg_0856	TAGLN,ADH5,ATG14,SLC38A2,EDNRB,SF3B1,ABI2	0.3219667318982387
ieg	null_ieg_0857	TAGLN,PKM,DDX49,SLC38A2,EDNRB,SNRPD2,ABI2	0.3219667318982387
ieg	null_ieg_0858	TAGLN,PKM,B4GALT1,SLC38A2,EDNRB,SNRPD2,ABI2	0.3219667318982387
ieg	null_ieg_0859	TAGLN,ADH5,CA2,SLC38A2,EDNRB,SNRPD2,ABI2	0.3219667318982387
ieg	null_ieg_0860	TAGLN,ADH5,DDX49,SLC38A2,EDNRB,PREX2,ABI2	0.3219667318982387
ieg	null_ieg_0861	TAGLN,ADH5,TMEM175,SLC38A2,EDNRB,PREX2,ABI2	0.3219667318982387
ieg	null_ieg_0862	TAGLN,PKM,CA2,SLC38A2,EDNRB,SNRPD2,ABI2	0.3219667318982387
ieg	null_ieg_0863	TAGLN,PKM,STX16,SLC38A2,EDNRB,PREX2,ABI2	0.3219667318982387
ieg	null_ieg_0864	TAGLN,PKM,ATG14,SLC38A2,EDNRB,SNRPD2,ABI2	0.3219667318982387
ieg	null_ieg_0865	TAGLN,PKM,TRMT13,SLC38A2,EDNRB,PREX2,ABI2	0.3219667318982387
ieg	null_ieg_0866	TAGLN,PKM,TRMT13,SLC38A2,EDNRB,SF3B1,ABI2	0.3219667318982387
ieg	null_ieg_0867	TAGLN,ADH5,DDX49,SLC38A2,EDNRB,SNRPD2,ABI2	0.3219667318982387
ieg	null_ieg_0868	TAGLN,ADH5,B4GALT1,SLC38A2,EDNRB,SNRPD2,ABI2	0.3219667318982387
ieg	null_ieg_0869	TAGLN,ADH5,TMEM175,SLC38A2,EDNRB,SNRPD2,ABI2	0.3219667318982387
ieg	null_ieg_0870	TAGLN,PKM,TMEM175,SLC38A2,EDNRB,SNRPD2,ABI2	0.3219667318982387
ieg	null_ieg_0871	TAGLN,PKM,DDX49,SLC38A2,EDNRB,SF3B1,ABI2	0.3219667318982387
ieg	null_ieg_0872	TAGLN,ADH5,TRMT13,SLC38A2,EDNRB,SNRPD2,ABI2	0.3219667318982387
ieg	null_ieg_0873	TAGLN,PKM,DDX49,SLC38A2,EDNRB,SNRPD2,ABI2	0.3219667318982387
ieg	null_ieg_0874	TAGLN,PKM,B4GALT1,SLC38A2,EDNRB,SF3B1,ABI2	0.3219667318982387
ieg	null_ieg_0875	TAGLN,PKM,TRMT13,SLC38A2,EDNRB,SNRPD2,ABI2	0.3219667318982387
ieg	null_ieg_0876	TAGLN,PKM,ATG14,SLC38A2,EDNRB,PREX2,ABI2	0.3219667318982387
ieg	null_ieg_0877	TAGLN,ADH5,TRMT13,SLC38A2,EDNRB,SF3B1,ABI2	0.3219667318982387
ieg	null_ieg_0878	TAGLN,ADH5,CA2,SLC38A2,EDNRB,SNRPD2,ABI2	0.3219667318982387
ieg	null_ieg_0879	TAGLN,ADH5,CA2,SLC38A2,EDNRB,SF3B1,ABI2	0.3219667318982387
ieg	null_ieg_0880	TAGLN,PKM,CA2,SLC38A2,EDNRB,SF3B1,ABI2	0.3219667318982387
ieg	null_ieg_0881	TAGLN,ADH5,B4GALT1,SLC38A2,EDNRB,SF3B1,ABI2	0.3219667318982387
ieg	null_ieg_0882	TAGLN,ADH5,CA2,SLC38A2,EDNRB,SNRPD2,ABI2	0.3219667318982387
ieg	null_ieg_0883	TAGLN,PKM,STX16,SLC38A2,EDNRB,PREX2,ABI2	0.3219667318982387
ieg	null_ieg_0884	TAGLN,PKM,DDX49,SLC38A2,EDNRB,SNRPD2,ABI2	0.3219667318982387
ieg	null_ieg_0885	TAGLN,ADH5,B4GALT1,SLC38A2,EDNRB,SNRPD2,ABI2	0.3219667318982387
ieg	null_ieg_0886	TAGLN,ADH5,CA2,SLC38A2,EDNRB,SNRPD2,ABI2	0.3219667318982387
ieg	null_ieg_0887	TAGLN,PKM,ATG14,SLC38A2,EDNRB,SF3B1,ABI2	0.3219667318982387
ieg	null_ieg_0888	TAGLN,PKM,TMEM175,SLC38A2,EDNRB,SF3B1,ABI2	0.3219667318982387
ieg	null_ieg_0889	TAGLN,PKM,TMEM175,SLC38A2,EDNRB,SF3B1,ABI2	0.3219667318982387
ieg	null_ieg_0890	TAGLN,ADH5,TRMT13,SLC38A2,EDNRB,SF3B1,ABI2	0.3219667318982387
ieg	null_ieg_0891	TAGLN,ADH5,ATG14,SLC38A2,EDNRB,SF3B1,ABI2	0.3219667318982387
ieg	null_ieg_0892	TAGLN,PKM,CA2,SLC38A2,EDNRB,PREX2,ABI2	0.3219667318982387
ieg	null_ieg_0893	TAGLN,ADH5,TMEM175,SLC38A2,EDNRB,SF3B1,ABI2	0.3219667318982387
ieg	null_ieg_0894	TAGLN,ADH5,TRMT13,SLC38A2,EDNRB,PREX2,ABI2	0.3219667318982387
ieg	null_ieg_0895	TAGLN,PKM,TRMT13,SLC38A2,EDNRB,PREX2,ABI2	0.3219667318982387
ieg	null_ieg_0896	TAGLN,ADH5,STX16,SLC38A2,EDNRB,PREX2,ABI2	0.3219667318982387
ieg	null_ieg_0897	TAGLN,PKM,TRMT13,SLC38A2,EDNRB,SF3B1,ABI2	0.3219667318982387
ieg	null_ieg_0898	TAGLN,ADH5,CA2,SLC38A2,EDNRB,SNRPD2,ABI2	0.3219667318982387
ieg	null_ieg_0899	TAGLN,ADH5,TMEM175,SLC38A2,EDNRB,SNRPD2,ABI2	0.3219667318982387
ieg	null_ieg_0900	TAGLN,ADH5,DDX49,SLC38A2,EDNRB,SNRPD2,ABI2	0.3219667318982387
ieg	null_ieg_0901	TAGLN,ADH5,CA2,SLC38A2,EDNRB,PREX2,ABI2	0.3219667318982387
ieg	null_ieg_0902	TAGLN,ADH5,TMEM175,SLC38A2,EDNRB,PREX2,ABI2	0.3219667318982387
ieg	null_ieg_0903	TAGLN,PKM,TRMT13,SLC38A2,EDNRB,SF3B1,ABI2	0.3219667318982387
ieg	null_ieg_0904	TAGLN,PKM,B4GALT1,SLC38A2,EDNRB,SNRPD2,ABI2	0.3219667318982387
ieg	null_ieg_0905	TAGLN,PKM,CA2,SLC38A2,EDNRB,PREX2,ABI2	0.3219667318982387
ieg	null_ieg_0906	TAGLN,PKM,TMEM175,SLC38A2,EDNRB,SF3B1,ABI2	0.3219667318982387
ieg	null_ieg_0907	TAGLN,ADH5,CA2,SLC38A2,EDNRB,SNRPD2,ABI2	0.3219667318982387
ieg	null_ieg_0908	TAGLN,ADH5,CA2,SLC38A2,EDNRB,SF3B1,ABI2	0.3219667318982387
ieg	null_ieg_0909	TAGLN,ADH5,STX16,SLC38A2,EDNRB,PREX2,ABI2	0.3219667318982387
ieg	null_ieg_0910	TAGLN,PKM,TRMT13,SLC38A2,EDNRB,SF3B1,ABI2	0.3219667318982387
ieg	null_ieg_0911	TAGLN,PKM,TRMT13,SLC38A2,EDNRB,PREX2,ABI2	0.3219667318982387
ieg	null_ieg_0912	TAGLN,ADH5,CA2,SLC38A2,EDNRB,SF3B1,ABI2	0.3219667318982387
ieg	null_ieg_0913	TAGLN,PKM,TMEM175,SLC38A2,EDNRB,PREX2,ABI2	0.3219667318982387
ieg	null_ieg_0914	TAGLN,PKM,TMEM175,SLC38A2,EDNRB,SF3B1,ABI2	0.3219667318982387
ieg	null_ieg_0915	TAGLN,ADH5,DDX49,SLC38A2,EDNRB,SF3B1,ABI2	0.3219667318982387
ieg	null_ieg_0916	TAGLN,PKM,CA2,SLC38A2,EDNRB,PREX2,ABI2	0.3219667318982387
ieg	null_ieg_0917	TAGLN,PKM,STX16,SLC38A2,EDNRB,SF3B1,ABI2	0.3219667318982387
ieg	null_ieg_0918	TAGLN,ADH5,TMEM175,SLC38A2,EDNRB,PREX2,ABI2	0.3219667318982387
ieg	null_ieg_0919	TAGLN,PKM,CA2,SLC38A2,EDNRB,SNRPD2,ABI2	0.3219667318982387
ieg	null_ieg_0920	TAGLN,ADH5,ATG14,SLC38A2,EDNRB,PREX2,ABI2	0.3219667318982387
ieg	null_ieg_0921	TAGLN,PKM,B4GALT1,SLC38A2,EDNRB,SF3B1,ABI2	0.3219667318982387
ieg	null_ieg_0922	TAGLN,PKM,ATG14,SLC38A2,EDNRB,PREX2,ABI2	0.3219667318982387
ieg	null_ieg_0923	TAGLN,PKM,CA2,SLC38A2,EDNRB,SF3B1,ABI2	0.3219667318982387
ieg	null_ieg_0924	TAGLN,PKM,TMEM175,SLC38A2,EDNRB,SNRPD2,ABI2	0.3219667318982387
ieg	null_ieg_0925	TAGLN,ADH5,STX16,SLC38A2,EDNRB,PREX2,ABI2	0.3219667318982387
ieg	null_ieg_0926	TAGLN,PKM,TMEM175,SLC38A2,EDNRB,SF3B1,ABI2	0.3219667318982387
ieg	null_ieg_0927	TAGLN,ADH5,ATG14,SLC38A2,EDNRB,SNRPD2,ABI2	0.3219667318982387
ieg	null_ieg_0928	TAGLN,PKM,ATG14,SLC38A2,EDNRB,PREX2,ABI2	0.3219667318982387
ieg	null_ieg_0929	TAGLN,PKM,STX16,SLC38A2,EDNRB,SF3B1,ABI2	0.3219667318982387
ieg	null_ieg_0930	TAGLN,PKM,ATG14,SLC38A2,EDNRB,PREX2,ABI2	0.3219667318982387
ieg	null_ieg_0931	TAGLN,ADH5,ATG14,SLC38A2,EDNRB,PREX2,ABI2	0.3219667318982387
ieg	null_ieg_0932	TAGLN,PKM,DDX49,SLC38A2,EDNRB,PREX2,ABI2	0.3219667318982387
ieg	null_ieg_0933	TAGLN,ADH5,STX16,SLC38A2,EDNRB,SF3B1,ABI2	0.3219667318982387
ieg	null_ieg_0934	TAGLN,ADH5,STX16,SLC38A2,EDNRB,SNRPD2,ABI2	0.3219667318982387
ieg	null_ieg_0935	TAGLN,PKM,B4GALT1,SLC38A2,EDNRB,PREX2,ABI2	0.3219667318982387
ieg	null_ieg_0936	TAGLN,ADH5,CA2,SLC38A2,EDNRB,PREX2,ABI2	0.3219667318982387
ieg	null_ieg_0937	TAGLN,PKM,ATG14,SLC38A2,EDNRB,SF3B1,ABI2	0.3219667318982387
ieg	null_ieg_0938	TAGLN,PKM,TMEM175,SLC38A2,EDNRB,PREX2,ABI2	0.3219667318982387
ieg	null_ieg_0939	TAGLN,ADH5,DDX49,SLC38A2,EDNRB,SNRPD2,ABI2	0.3219667318982387
ieg	null_ieg_0940	TAGLN,ADH5,B4GALT1,SLC38A2,EDNRB,PREX2,ABI2	0.3219667318982387
ieg	null_ieg_0941	TAGLN,ADH5,CA2,SLC38A2,EDNRB,PREX2,ABI2	0.3219667318982387
ieg	null_ieg_0942	TAGLN,ADH5,TMEM175,SLC38A2,EDNRB,SF3B1,ABI2	0.3219667318982387
ieg	null_ieg_0943	TAGLN,ADH5,TRMT13,SLC38A2,EDNRB,SF3B1,ABI2	0.3219667318982387
ieg	null_ieg_0944	TAGLN,ADH5,CA2,SLC38A2,EDNRB,PREX2,ABI2	0.3219667318982387
ieg	null_ieg_0945	TAGLN,ADH5,ATG14,SLC38A2,EDNRB,SF3B1,ABI2	0.3219667318982387
ieg	null_ieg_0946	TAGLN,PKM,TRMT13,SLC38A2,EDNRB,SNRPD2,ABI2	0.3219667318982387
ieg	null_ieg_0947	TAGLN,PKM,TMEM175,SLC38A2,EDNRB,PREX2,ABI2	0.3219667318982387
ieg	null_ieg_0948	TAGLN,ADH5,TRMT13,SLC38A2,EDNRB,PREX2,ABI2	0.3219667318982387
ieg	null_ieg_0949	TAGLN,ADH5,ATG14,SLC38A2,EDNRB,SF3B1,ABI2	0.3219667318982387
ieg	null_ieg_0950	TAGLN,PKM,TMEM175,SLC38A2,EDNRB,SF3B1,ABI2	0.3219667318982387
ieg	null_ieg_0951	TAGLN,ADH5,ATG14,SLC38A2,EDNRB,SNRPD2,ABI2	0.3219667318982387
ieg	null_ieg_0952	TAGLN,PKM,CA2,SLC38A2,EDNRB,SF3B1,ABI2	0.3219667318982387
ieg	null_ieg_0953	TAGLN,PKM,B4GALT1,SLC38A2,EDNRB,SF3B1,ABI2	0.3219667318982387
ieg	null_ieg_0954	TAGLN,ADH5,TMEM175,SLC38A2,EDNRB,SNRPD2,ABI2	0.3219667318982387
ieg	null_ieg_0955	TAGLN,PKM,TMEM175,SLC38A2,EDNRB,SF3B1,ABI2	0.3219667318982387
ieg	null_ieg_0956	TAGLN,PKM,TMEM175,SLC38A2,EDNRB,SF3B1,ABI2	0.3219667318982387
ieg	null_ieg_0957	TAGLN,PKM,ATG14,SLC38A2,EDNRB,SNRPD2,ABI2	0.3219667318982387
ieg	null_ieg_0958	TAGLN,ADH5,DDX49,SLC38A2,EDNRB,PREX2,ABI2	0.3219667318982387
ieg	null_ieg_0959	TAGLN,PKM,DDX49,SLC38A2,EDNRB,PREX2,ABI2	0.3219667318982387
ieg	null_ieg_0960	TAGLN,ADH5,TRMT13,SLC38A2,EDNRB,SF3B1,ABI2	0.3219667318982387
ieg	null_ieg_0961	TAGLN,ADH5,ATG14,SLC38A2,EDNRB,PREX2,ABI2	0.3219667318982387
ieg	null_ieg_0962	TAGLN,ADH5,STX16,SLC38A2,EDNRB,SF3B1,ABI2	0.3219667318982387
ieg	null_ieg_0963	TAGLN,PKM,STX16,SLC38A2,EDNRB,PREX2,ABI2	0.3219667318982387
ieg	null_ieg_0964	TAGLN,ADH5,ATG14,SLC38A2,EDNRB,SNRPD2,ABI2	0.3219667318982387
ieg	null_ieg_0965	TAGLN,PKM,ATG14,SLC38A2,EDNRB,SNRPD2,ABI2	0.3219667318982387
ieg	null_ieg_0966	TAGLN,ADH5,B4GALT1,SLC38A2,EDNRB,PREX2,ABI2	0.3219667318982387
ieg	null_ieg_0967	TAGLN,ADH5,TMEM175,SLC38A2,EDNRB,SF3B1,ABI2	0.3219667318982387
ieg	null_ieg_0968	TAGLN,PKM,TRMT13,SLC38A2,EDNRB,PREX2,ABI2	0.3219667318982387
ieg	null_ieg_0969	TAGLN,PKM,STX16,SLC38A2,EDNRB,PREX2,ABI2	0.3219667318982387
ieg	null_ieg_0970	TAGLN,PKM,CA2,SLC38A2,EDNRB,PREX2,ABI2	0.3219667318982387
ieg	null_ieg_0971	TAGLN,ADH5,TRMT13,SLC38A2,EDNRB,SF3B1,ABI2	0.3219667318982387
ieg	null_ieg_0972	TAGLN,PKM,TMEM175,SLC38A2,EDNRB,SNRPD2,ABI2	0.3219667318982387
ieg	null_ieg_0973	TAGLN,ADH5,B4GALT1,SLC38A2,EDNRB,PREX2,ABI2	0.3219667318982387
ieg	null_ieg_0974	TAGLN,PKM,CA2,SLC38A2,EDNRB,SF3B1,ABI2	0.3219667318982387
ieg	null_ieg_0975	TAGLN,ADH5,STX16,SLC38A2,EDNRB,PREX2,ABI2	0.3219667318982387
ieg	null_ieg_0976	TAGLN,ADH5,TMEM175,SLC38A2,EDNRB,PREX2,ABI2	0.3219667318982387
ieg	null_ieg_0977	TAGLN,PKM,CA2,SLC38A2,EDNRB,SF3B1,ABI2	0.3219667318982387
ieg	null_ieg_0978	TAGLN,ADH5,TMEM175,SLC38A2,EDNRB,SNRPD2,ABI2	0.3219667318982387
ieg	null_ieg_0979	TAGLN,PKM,STX16,SLC38A2,EDNRB,SF3B1,ABI2	0.3219667318982387
ieg	null_ieg_0980	TAGLN,PKM,TMEM175,SLC38A2,EDNRB,PREX2,ABI2	0.3219667318982387
ieg	null_ieg_0981	TAGLN,ADH5,DDX49,SLC38A2,EDNRB,PREX2,ABI2	0.3219667318982387
ieg	null_ieg_0982	TAGLN,PKM,TMEM175,SLC38A2,EDNRB,SNRPD2,ABI2	0.3219667318982387
ieg	null_ieg_0983	TAGLN,ADH5,STX16,SLC38A2,EDNRB,PREX2,ABI2	0.3219667318982387
ieg	null_ieg_0984	TAGLN,PKM,TRMT13,SLC38A2,EDNRB,SNRPD2,ABI2	0.3219667318982387
ieg	null_ieg_0985	TAGLN,ADH5,B4GALT1,SLC38A2,EDNRB,SF3B1,ABI2	0.3219667318982387
ieg	null_ieg_0986	TAGLN,PKM,B4GALT1,SLC38A2,EDNRB,SNRPD2,ABI2	0.3219667318982387
ieg	null_ieg_0987	TAGLN,PKM,ATG14,SLC38A2,EDNRB,PREX2,ABI2	0.3219667318982387
ieg	null_ieg_0988	TAGLN,ADH5,STX16,SLC38A2,EDNRB,SF3B1,ABI2	0.3219667318982387
ieg	null_ieg_0989	TAGLN,PKM,STX16,SLC38A2,EDNRB,SNRPD2,ABI2	0.3219667318982387
ieg	null_ieg_0990	TAGLN,PKM,ATG14,SLC38A2,EDNRB,PREX2,ABI2	0.3219667318982387
ieg	null_ieg_0991	TAGLN,PKM,DDX49,SLC38A2,EDNRB,PREX2,ABI2	0.3219667318982387
ieg	null_ieg_0992	TAGLN,PKM,ATG14,SLC38A2,EDNRB,SF3B1,ABI2	0.3219667318982387
ieg	null_ieg_0993	TAGLN,ADH5,DDX49,SLC38A2,EDNRB,SF3B1,ABI2	0.3219667318982387
ieg	null_ieg_0994	TAGLN,ADH5,ATG14,SLC38A2,EDNRB,SNRPD2,ABI2	0.3219667318982387
ieg	null_ieg_0995	TAGLN,PKM,B4GALT1,SLC38A2,EDNRB,SF3B1,ABI2	0.3219667318982387
ieg	null_ieg_0996	TAGLN,PKM,DDX49,SLC38A2,EDNRB,SNRPD2,ABI2	0.3219667318982387
ieg	null_ieg_0997	TAGLN,PKM,CA2,SLC38A2,EDNRB,SNRPD2,ABI2	0.3219667318982387
ieg	null_ieg_0998	TAGLN,PKM,TMEM175,SLC38A2,EDNRB,PREX2,ABI2	0.3219667318982387
ieg	null_ieg_0999	TAGLN,PKM,STX16,SLC38A2,EDNRB,SNRPD2,ABI2	0.3219667318982387
ieg	null_ieg_1000	TAGLN,PKM,STX16,SLC38A2,EDNRB,SF3B1,ABI2	0.3219667318982387
