gene	kruskal_H	p_value
AGTR1	9.3391743405971	0.009376139476996993
ACTA2	1.9021245728699958	0.38633041184361344
