gene	kruskal_H	p_value
AGTR1	7.448978956864126	0.05888399495111905
ACTA2	3.226637716526096	0.35798451568364464
