gene	kruskal_H	p_value
AGTR1	6.6662153902478405	0.08333288993744888
ACTA2	2.573804250719195	0.46210051873022107
