gene	kruskal_H	p_value
AGTR1	0.07827487111469021	0.9616185394842418
ACTA2	1.0515528103576477	0.5910962559684916
