gene	kruskal_H	p_value
AGTR1	3.7333256404556927	0.2917373095402909
ACTA2	6.785086772100145	0.07907257732026989
