ref_pattern	match_pattern	r	target_np
Pattern_1	Pattern_7	0.99927751141962	7
Pattern_2	Pattern_1	0.818112260604167	7
Pattern_3	Pattern_2	0.887988554485634	7
Pattern_4	Pattern_6	0.874267678136812	7
Pattern_5	Pattern_3	0.997399038637504	7
Pattern_1	Pattern_1	0.996415596713809	9
Pattern_2	Pattern_3	0.783307050951986	9
Pattern_3	Pattern_8	0.852531759949274	9
Pattern_4	Pattern_4	0.82650581288306	9
Pattern_5	Pattern_9	0.993998950257424	9
