np	mean_r	min_r	frac_unexplained	n_seeds
4	0.998752510180573	0.996839600679897	0.726798852582837	3
5	0.928333976179137	0.700339288223707	0.720052039037594	3
6	0.924029235468241	0.577090132000663	0.707731844081937	3
7	0.984217167107532	0.950530498042963	0.708374617552198	3
8	0.992210918483478	0.978233844142638	0.700494930060881	3
9	0.98665468985438	0.952450720674264	0.697209662298848	3
10	0.92056292915045	0.404516946224828	0.69391559158969	3
