ref_pattern	n_seeds	mean_r	min_r
Pattern_1	3	0.985437500444167	0.966343713061385
Pattern_2	3	0.993677902541225	0.981695090453965
Pattern_3	3	0.996336691838864	0.995260376373994
Pattern_4	3	0.989304335909005	0.981432840398429
Pattern_5	3	0.300621214737968	0.300621214737968
