cell_type	n_donors	mean_expr	frac_expr
Pericytes	41	0.79627524590123	0.369616532607241
Alveolar fibroblasts	70	0.170483136081273	0.0941158310880299
Adventitial fibroblasts	61	0.166153087126782	0.113317429415156
Vascular smooth muscle	71	0.080678319171605	0.0449038496257228
Peribronchial fibroblasts	53	0.0802126935080901	0.0478956538615257
