term,estimate,se,pval
frac_AGTR1_pos,-0.0020310185733537307,0.00772008608256799,0.7935470482347373
