2026-09-22 12:50:06 - **** Job starts ****
Job id: 46790481
Node: 

Currently Loaded Modules:
  1) anaconda3/2024.10-1

 

wrote receiver_programs.tsv
2026-09-22 12:50:49 - **** 08 outgoing LIANA ****
2026-09-22 12:50:50,650 [INFO] Healthy: 113242 edges, sources include Pericytes: True
2026-09-22 12:50:50,967 [INFO] COPD: 99834 edges, sources include Pericytes: True
2026-09-22 12:50:51,590 [INFO] Fibrotic_ILD: 126267 edges, sources include Pericytes: True
2026-09-22 12:50:51,975 [INFO] Other: 107487 edges, sources include Pericytes: True
2026-09-22 12:50:53,686 [INFO] 
direction disease_group                  partner  n_edges  n_supported  n_flagged  magnitude_thr
 outgoing       Healthy                      AT1      243           12          1           0.05
 outgoing       Healthy     AT2 (either stratum)      316           29          1           0.05
 outgoing       Healthy             AT2_AGTR2det      314           29          1           0.05
 outgoing       Healthy           AT2_AGTR2undet      285           17          1           0.05
 outgoing       Healthy  Adventitial fibroblasts      260           16          1           0.05
 outgoing       Healthy     Alveolar fibroblasts      244           14          1           0.05
 outgoing       Healthy     Alveolar macrophages      254           26          1           0.05
 outgoing       Healthy    EC aerocyte capillary      206           18          1           0.05
 outgoing       Healthy     EC general capillary      239           13          1           0.05
 outgoing       Healthy Interstitial macrophages      215           23          1           0.05
 outgoing       Healthy   Vascular smooth muscle      228            9          1           0.05
 incoming       Healthy                      AT1      192            8          1           0.05
 incoming       Healthy     AT2 (either stratum)      235            8          1           0.05
 incoming       Healthy             AT2_AGTR2det      230            8          1           0.05
 incoming       Healthy           AT2_AGTR2undet      196            1          1           0.05
 incoming       Healthy  Adventitial fibroblasts      295           21          1           0.05
 incoming       Healthy     Alveolar fibroblasts      270           18          1           0.05
 incoming       Healthy     Alveolar macrophages      178           10          2           0.05
 incoming       Healthy    EC aerocyte capillary      154            4          1           0.05
 incoming       Healthy     EC general capillary      150            5          1           0.05
 incoming       Healthy Interstitial macrophages      177           10          2           0.05
 incoming       Healthy   Vascular smooth muscle      182            8          2           0.05
2026-09-22 12:50:54 - **** 09 NicheNet, pericyte as sender ****
Warning message:
replacing previous import 'e1071::element' by 'ggplot2::element' when loading 'nichenetr' 
sender Pericytes: 3852 expressed genes, 167 expressed prior-network ligands
=== Pericytes -> EC aerocyte capillary [EC_barrier_angiogenic] ===
  background 3299 | programme 10 of 16 expressed, 1 dropped | potential ligands 99
  perm 250/1000
  perm 500/1000
  perm 750/1000
  perm 1000/1000
=== Pericytes -> EC general capillary [EC_barrier_angiogenic] ===
  background 3028 | programme 12 of 16 expressed, 1 dropped | potential ligands 101
  perm 250/1000
  perm 500/1000
  perm 750/1000
  perm 1000/1000
=== Pericytes -> AT1 [epithelial_repair] ===
  background 4974 | programme 9 of 10 expressed, 0 dropped | potential ligands 103
  perm 250/1000
  perm 500/1000
  perm 750/1000
  perm 1000/1000
=== Pericytes -> AT2 [epithelial_repair] ===
  background 7621 | programme 10 of 10 expressed, 0 dropped | potential ligands 121
  perm 250/1000
  perm 500/1000
  perm 750/1000
  perm 1000/1000
=== Pericytes -> Alveolar fibroblasts [fibroblast_matrix] ===
  background 4937 | programme 11 of 16 expressed, 1 dropped | potential ligands 119
  perm 250/1000
  perm 500/1000
  perm 750/1000
  perm 1000/1000
=== Pericytes -> Adventitial fibroblasts [fibroblast_matrix] ===
  background 5986 | programme 14 of 16 expressed, 1 dropped | potential ligands 125
  perm 250/1000
  perm 500/1000
  perm 750/1000
  perm 1000/1000
validation design: 6 targets, 686 unique genes for pseudobulk

Reproducibility information:
R version 4.4.3 (2025-02-28)
Platform: x86_64-conda-linux-gnu
Running under: Red Hat Enterprise Linux 8.10 (Ootpa)

Matrix products: default
BLAS/LAPACK: /ocean/projects/bio250020p/shared/opt/env/R_env/lib/libopenblasp-r0.3.29.so;  LAPACK version 3.12.0

locale:
[1] C

time zone: America/New_York
tzcode source: system (glibc)

attached base packages:
[1] stats     graphics  grDevices utils     datasets  methods   base     

other attached packages:
[1] data.table_1.17.8 dplyr_1.1.4       nichenetr_2.2.1.1

loaded via a namespace (and not attached):
  [1] RcppAnnoy_0.0.22        splines_4.4.3           later_1.4.4            
  [4] bitops_1.0-9            R.oo_1.27.1             tibble_3.3.0           
  [7] polyclip_1.10-7         hardhat_1.4.2           pROC_1.19.0.1          
 [10] rpart_4.1.24            fastDummies_1.7.5       lifecycle_1.0.4        
 [13] doParallel_1.0.17       globals_0.18.0          lattice_0.22-7         
 [16] MASS_7.3-65             backports_1.5.0         magrittr_2.0.4         
 [19] limma_3.62.2            rmarkdown_2.30          Hmisc_5.2-4            
 [22] plotly_4.11.0           httpuv_1.6.16           otel_0.2.0             
 [25] Seurat_5.3.1            sctransform_0.4.2       spam_2.11-1            
 [28] sp_2.2-0                spatstat.sparse_3.1-0   reticulate_1.44.0      
 [31] cowplot_1.2.0           pbapply_1.7-4           RColorBrewer_1.1-3     
 [34] lubridate_1.9.4         abind_1.4-8             Rtsne_0.17             
 [37] R.utils_2.13.0          purrr_1.1.0             BiocGenerics_0.52.0    
 [40] nnet_7.3-20             tweenr_2.0.3            ipred_0.9-15           
 [43] gdtools_0.4.4           circlize_0.4.17         lava_1.8.1             
 [46] IRanges_2.40.1          S4Vectors_0.44.0        ggrepel_0.9.6          
 [49] irlba_2.3.5.1           listenv_0.9.1           spatstat.utils_3.2-0   
 [52] goftest_1.2-3           RSpectra_0.16-2         spatstat.random_3.4-2  
 [55] fitdistrplus_1.2-4      parallelly_1.45.1       codetools_0.2-20       
 [58] ggforce_0.5.0           tidyselect_1.2.1        shape_1.4.6.1          
 [61] farver_2.1.2            base64enc_0.1-3         matrixStats_1.5.0      
 [64] stats4_4.4.3            spatstat.explore_3.5-3  jsonlite_2.0.0         
 [67] caret_7.0-1             GetoptLong_1.1.0        e1071_1.7-16           
 [70] Formula_1.2-5           progressr_0.17.0        ggridges_0.5.7         
 [73] survival_3.8-3          iterators_1.0.14        systemfonts_1.3.1      
 [76] foreach_1.5.2           tools_4.4.3             ggnewscale_0.5.2       
 [79] ica_1.0-3               Rcpp_1.1.0              glue_1.8.0             
 [82] prodlim_2025.04.28      gridExtra_2.3           xfun_0.53              
 [85] withr_3.0.2             fastmap_1.2.0           caTools_1.18.3         
 [88] digest_0.6.37           timechange_0.3.0        R6_2.6.1               
 [91] mime_0.13               colorspace_2.1-2        scattermore_1.2        
 [94] tensor_1.5.1            spatstat.data_3.1-9     R.methodsS3_1.8.2      
 [97] DiagrammeR_1.0.12       tidyr_1.3.1             generics_0.1.4         
[100] fontLiberation_0.1.0    recipes_1.3.1           class_7.3-23           
[103] httr_1.4.7              htmlwidgets_1.6.4       uwot_0.2.3             
[106] ModelMetrics_1.2.2.2    pkgconfig_2.0.3         gtable_0.3.6           
[109] timeDate_4051.111       ComplexHeatmap_2.22.0   lmtest_0.9-40          
[112] S7_0.2.0                shadowtext_0.1.6        htmltools_0.5.8.1      
[115] fontBitstreamVera_0.1.1 dotCall64_1.2           clue_0.3-66            
[118] SeuratObject_5.2.0      scales_1.4.0            png_0.1-8              
[121] gower_1.0.2             spatstat.univar_3.1-4   rstudioapi_0.17.1      
[124] knitr_1.50              tzdb_0.5.0              reshape2_1.4.4         
[127] rjson_0.2.23            checkmate_2.3.3         visNetwork_2.1.4       
[130] nlme_3.1-168            proxy_0.4-27            zoo_1.8-14             
[133] GlobalOptions_0.1.3     stringr_1.5.2           KernSmooth_2.23-26     
[136] parallel_4.4.3          miniUI_0.1.2            foreign_0.8-90         
[139] pillar_1.11.1           grid_4.4.3              vctrs_0.6.5            
[142] RANN_2.6.2              randomForest_4.7-1.2    promises_1.4.0         
[145] xtable_1.8-4            cluster_2.1.8.1         htmlTable_2.4.3        
[148] evaluate_1.0.5          readr_2.1.5             cli_3.6.5              
[151] compiler_4.4.3          rlang_1.1.6             crayon_1.5.3           
[154] future.apply_1.20.0     fdrtool_1.2.18          plyr_1.8.9             
[157] ggiraph_0.9.2           stringi_1.8.7           viridisLite_0.4.2      
[160] deldir_2.0-4            lazyeval_0.2.2          spatstat.geom_3.6-0    
[163] fontquiver_0.2.1        Matrix_1.7-4            RcppHNSW_0.6.0         
[166] hms_1.1.4               patchwork_1.3.2         future_1.67.0          
[169] ggplot2_4.0.0           statmod_1.5.1           shiny_1.11.1           
[172] ROCR_1.0-11             igraph_2.2.1           
2026-09-22 15:27:21 - **** pseudobulk of validation genes ****
2026-09-22 15:32:13,244 [INFO] Opened ../../cell_communication/_m/ccc_niche.h5ad (423007 x 55329)
2026-09-22 15:32:34,939 [INFO] Normalization check passed (median expm1 row-sum 10000.00)
2026-09-22 15:32:34,945 [INFO] Aggregating 686/686 genes
2026-09-22 15:32:38,686 [INFO]   aggregated 20000/423007 cells
2026-09-22 15:32:41,144 [INFO]   aggregated 40000/423007 cells
2026-09-22 15:32:43,622 [INFO]   aggregated 60000/423007 cells
2026-09-22 15:32:46,429 [INFO]   aggregated 80000/423007 cells
2026-09-22 15:32:49,278 [INFO]   aggregated 100000/423007 cells
2026-09-22 15:32:51,517 [INFO]   aggregated 120000/423007 cells
2026-09-22 15:32:54,192 [INFO]   aggregated 140000/423007 cells
2026-09-22 15:32:57,054 [INFO]   aggregated 160000/423007 cells
2026-09-22 15:32:59,412 [INFO]   aggregated 180000/423007 cells
2026-09-22 15:33:02,087 [INFO]   aggregated 200000/423007 cells
2026-09-22 15:33:04,574 [INFO]   aggregated 220000/423007 cells
2026-09-22 15:33:07,100 [INFO]   aggregated 240000/423007 cells
2026-09-22 15:33:09,740 [INFO]   aggregated 260000/423007 cells
2026-09-22 15:33:12,304 [INFO]   aggregated 280000/423007 cells
2026-09-22 15:33:14,939 [INFO]   aggregated 300000/423007 cells
2026-09-22 15:33:17,386 [INFO]   aggregated 320000/423007 cells
2026-09-22 15:33:19,817 [INFO]   aggregated 340000/423007 cells
2026-09-22 15:33:22,782 [INFO]   aggregated 360000/423007 cells
2026-09-22 15:33:25,370 [INFO]   aggregated 380000/423007 cells
2026-09-22 15:33:28,185 [INFO]   aggregated 400000/423007 cells
2026-09-22 15:33:30,619 [INFO]   aggregated 420000/423007 cells
2026-09-22 15:33:30,936 [INFO]   aggregated 423007/423007 cells
/ocean/projects/bio260021p/kbenjamin/projects/angiotensinII_lung/ras_circuit/_m/../../basement_membrane/_h/02.niche_pseudobulk.py:118: PerformanceWarning: DataFrame is highly fragmented.  This is usually the result of calling `frame.insert` many times, which has poor performance.  Consider joining all columns at once using pd.concat(axis=1) instead. To get a de-fragmented frame, use `newframe = frame.copy()`
  out[f"{g}__detect"] = sum_det[:, j] / n_cells
/ocean/projects/bio260021p/kbenjamin/projects/angiotensinII_lung/ras_circuit/_m/../../basement_membrane/_h/02.niche_pseudobulk.py:118: PerformanceWarning: DataFrame is highly fragmented.  This is usually the result of calling `frame.insert` many times, which has poor performance.  Consider joining all columns at once using pd.concat(axis=1) instead. To get a de-fragmented frame, use `newframe = frame.copy()`
  out[f"{g}__detect"] = sum_det[:, j] / n_cells
/ocean/projects/bio260021p/kbenjamin/projects/angiotensinII_lung/ras_circuit/_m/../../basement_membrane/_h/02.niche_pseudobulk.py:118: PerformanceWarning: DataFrame is highly fragmented.  This is usually the result of calling `frame.insert` many times, which has poor performance.  Consider joining all columns at once using pd.concat(axis=1) instead. To get a de-fragmented frame, use `newframe = frame.copy()`
  out[f"{g}__detect"] = sum_det[:, j] / n_cells
/ocean/projects/bio260021p/kbenjamin/projects/angiotensinII_lung/ras_circuit/_m/../../basement_membrane/_h/02.niche_pseudobulk.py:118: PerformanceWarning: DataFrame is highly fragmented.  This is usually the result of calling `frame.insert` many times, which has poor performance.  Consider joining all columns at once using pd.concat(axis=1) instead. To get a de-fragmented frame, use `newframe = frame.copy()`
  out[f"{g}__detect"] = sum_det[:, j] / n_cells
/ocean/projects/bio260021p/kbenjamin/projects/angiotensinII_lung/ras_circuit/_m/../../basement_membrane/_h/02.niche_pseudobulk.py:118: PerformanceWarning: DataFrame is highly fragmented.  This is usually the result of calling `frame.insert` many times, which has poor performance.  Consider joining all columns at once using pd.concat(axis=1) instead. To get a de-fragmented frame, use `newframe = frame.copy()`
  out[f"{g}__detect"] = sum_det[:, j] / n_cells
/ocean/projects/bio260021p/kbenjamin/projects/angiotensinII_lung/ras_circuit/_m/../../basement_membrane/_h/02.niche_pseudobulk.py:118: PerformanceWarning: DataFrame is highly fragmented.  This is usually the result of calling `frame.insert` many times, which has poor performance.  Consider joining all columns at once using pd.concat(axis=1) instead. To get a de-fragmented frame, use `newframe = frame.copy()`
  out[f"{g}__detect"] = sum_det[:, j] / n_cells
/ocean/projects/bio260021p/kbenjamin/projects/angiotensinII_lung/ras_circuit/_m/../../basement_membrane/_h/02.niche_pseudobulk.py:118: PerformanceWarning: DataFrame is highly fragmented.  This is usually the result of calling `frame.insert` many times, which has poor performance.  Consider joining all columns at once using pd.concat(axis=1) instead. To get a de-fragmented frame, use `newframe = frame.copy()`
  out[f"{g}__detect"] = sum_det[:, j] / n_cells
/ocean/projects/bio260021p/kbenjamin/projects/angiotensinII_lung/ras_circuit/_m/../../basement_membrane/_h/02.niche_pseudobulk.py:118: PerformanceWarning: DataFrame is highly fragmented.  This is usually the result of calling `frame.insert` many times, which has poor performance.  Consider joining all columns at once using pd.concat(axis=1) instead. To get a de-fragmented frame, use `newframe = frame.copy()`
  out[f"{g}__detect"] = sum_det[:, j] / n_cells
/ocean/projects/bio260021p/kbenjamin/projects/angiotensinII_lung/ras_circuit/_m/../../basement_membrane/_h/02.niche_pseudobulk.py:118: PerformanceWarning: DataFrame is highly fragmented.  This is usually the result of calling `frame.insert` many times, which has poor performance.  Consider joining all columns at once using pd.concat(axis=1) instead. To get a de-fragmented frame, use `newframe = frame.copy()`
  out[f"{g}__detect"] = sum_det[:, j] / n_cells
/ocean/projects/bio260021p/kbenjamin/projects/angiotensinII_lung/ras_circuit/_m/../../basement_membrane/_h/02.niche_pseudobulk.py:118: PerformanceWarning: DataFrame is highly fragmented.  This is usually the result of calling `frame.insert` many times, which has poor performance.  Consider joining all columns at once using pd.concat(axis=1) instead. To get a de-fragmented frame, use `newframe = frame.copy()`
  out[f"{g}__detect"] = sum_det[:, j] / n_cells
/ocean/projects/bio260021p/kbenjamin/projects/angiotensinII_lung/ras_circuit/_m/../../basement_membrane/_h/02.niche_pseudobulk.py:118: PerformanceWarning: DataFrame is highly fragmented.  This is usually the result of calling `frame.insert` many times, which has poor performance.  Consider joining all columns at once using pd.concat(axis=1) instead. To get a de-fragmented frame, use `newframe = frame.copy()`
  out[f"{g}__detect"] = sum_det[:, j] / n_cells
/ocean/projects/bio260021p/kbenjamin/projects/angiotensinII_lung/ras_circuit/_m/../../basement_membrane/_h/02.niche_pseudobulk.py:118: PerformanceWarning: DataFrame is highly fragmented.  This is usually the result of calling `frame.insert` many times, which has poor performance.  Consider joining all columns at once using pd.concat(axis=1) instead. To get a de-fragmented frame, use `newframe = frame.copy()`
  out[f"{g}__detect"] = sum_det[:, j] / n_cells
/ocean/projects/bio260021p/kbenjamin/projects/angiotensinII_lung/ras_circuit/_m/../../basement_membrane/_h/02.niche_pseudobulk.py:118: PerformanceWarning: DataFrame is highly fragmented.  This is usually the result of calling `frame.insert` many times, which has poor performance.  Consider joining all columns at once using pd.concat(axis=1) instead. To get a de-fragmented frame, use `newframe = frame.copy()`
  out[f"{g}__detect"] = sum_det[:, j] / n_cells
/ocean/projects/bio260021p/kbenjamin/projects/angiotensinII_lung/ras_circuit/_m/../../basement_membrane/_h/02.niche_pseudobulk.py:118: PerformanceWarning: DataFrame is highly fragmented.  This is usually the result of calling `frame.insert` many times, which has poor performance.  Consider joining all columns at once using pd.concat(axis=1) instead. To get a de-fragmented frame, use `newframe = frame.copy()`
  out[f"{g}__detect"] = sum_det[:, j] / n_cells
/ocean/projects/bio260021p/kbenjamin/projects/angiotensinII_lung/ras_circuit/_m/../../basement_membrane/_h/02.niche_pseudobulk.py:118: PerformanceWarning: DataFrame is highly fragmented.  This is usually the result of calling `frame.insert` many times, which has poor performance.  Consider joining all columns at once using pd.concat(axis=1) instead. To get a de-fragmented frame, use `newframe = frame.copy()`
  out[f"{g}__detect"] = sum_det[:, j] / n_cells
/ocean/projects/bio260021p/kbenjamin/projects/angiotensinII_lung/ras_circuit/_m/../../basement_membrane/_h/02.niche_pseudobulk.py:118: PerformanceWarning: DataFrame is highly fragmented.  This is usually the result of calling `frame.insert` many times, which has poor performance.  Consider joining all columns at once using pd.concat(axis=1) instead. To get a de-fragmented frame, use `newframe = frame.copy()`
  out[f"{g}__detect"] = sum_det[:, j] / n_cells
/ocean/projects/bio260021p/kbenjamin/projects/angiotensinII_lung/ras_circuit/_m/../../basement_membrane/_h/02.niche_pseudobulk.py:118: PerformanceWarning: DataFrame is highly fragmented.  This is usually the result of calling `frame.insert` many times, which has poor performance.  Consider joining all columns at once using pd.concat(axis=1) instead. To get a de-fragmented frame, use `newframe = frame.copy()`
  out[f"{g}__detect"] = sum_det[:, j] / n_cells
/ocean/projects/bio260021p/kbenjamin/projects/angiotensinII_lung/ras_circuit/_m/../../basement_membrane/_h/02.niche_pseudobulk.py:118: PerformanceWarning: DataFrame is highly fragmented.  This is usually the result of calling `frame.insert` many times, which has poor performance.  Consider joining all columns at once using pd.concat(axis=1) instead. To get a de-fragmented frame, use `newframe = frame.copy()`
  out[f"{g}__detect"] = sum_det[:, j] / n_cells
/ocean/projects/bio260021p/kbenjamin/projects/angiotensinII_lung/ras_circuit/_m/../../basement_membrane/_h/02.niche_pseudobulk.py:118: PerformanceWarning: DataFrame is highly fragmented.  This is usually the result of calling `frame.insert` many times, which has poor performance.  Consider joining all columns at once using pd.concat(axis=1) instead. To get a de-fragmented frame, use `newframe = frame.copy()`
  out[f"{g}__detect"] = sum_det[:, j] / n_cells
/ocean/projects/bio260021p/kbenjamin/projects/angiotensinII_lung/ras_circuit/_m/../../basement_membrane/_h/02.niche_pseudobulk.py:118: PerformanceWarning: DataFrame is highly fragmented.  This is usually the result of calling `frame.insert` many times, which has poor performance.  Consider joining all columns at once using pd.concat(axis=1) instead. To get a de-fragmented frame, use `newframe = frame.copy()`
  out[f"{g}__detect"] = sum_det[:, j] / n_cells
/ocean/projects/bio260021p/kbenjamin/projects/angiotensinII_lung/ras_circuit/_m/../../basement_membrane/_h/02.niche_pseudobulk.py:118: PerformanceWarning: DataFrame is highly fragmented.  This is usually the result of calling `frame.insert` many times, which has poor performance.  Consider joining all columns at once using pd.concat(axis=1) instead. To get a de-fragmented frame, use `newframe = frame.copy()`
  out[f"{g}__detect"] = sum_det[:, j] / n_cells
/ocean/projects/bio260021p/kbenjamin/projects/angiotensinII_lung/ras_circuit/_m/../../basement_membrane/_h/02.niche_pseudobulk.py:118: PerformanceWarning: DataFrame is highly fragmented.  This is usually the result of calling `frame.insert` many times, which has poor performance.  Consider joining all columns at once using pd.concat(axis=1) instead. To get a de-fragmented frame, use `newframe = frame.copy()`
  out[f"{g}__detect"] = sum_det[:, j] / n_cells
/ocean/projects/bio260021p/kbenjamin/projects/angiotensinII_lung/ras_circuit/_m/../../basement_membrane/_h/02.niche_pseudobulk.py:118: PerformanceWarning: DataFrame is highly fragmented.  This is usually the result of calling `frame.insert` many times, which has poor performance.  Consider joining all columns at once using pd.concat(axis=1) instead. To get a de-fragmented frame, use `newframe = frame.copy()`
  out[f"{g}__detect"] = sum_det[:, j] / n_cells
/ocean/projects/bio260021p/kbenjamin/projects/angiotensinII_lung/ras_circuit/_m/../../basement_membrane/_h/02.niche_pseudobulk.py:118: PerformanceWarning: DataFrame is highly fragmented.  This is usually the result of calling `frame.insert` many times, which has poor performance.  Consider joining all columns at once using pd.concat(axis=1) instead. To get a de-fragmented frame, use `newframe = frame.copy()`
  out[f"{g}__detect"] = sum_det[:, j] / n_cells
/ocean/projects/bio260021p/kbenjamin/projects/angiotensinII_lung/ras_circuit/_m/../../basement_membrane/_h/02.niche_pseudobulk.py:118: PerformanceWarning: DataFrame is highly fragmented.  This is usually the result of calling `frame.insert` many times, which has poor performance.  Consider joining all columns at once using pd.concat(axis=1) instead. To get a de-fragmented frame, use `newframe = frame.copy()`
  out[f"{g}__detect"] = sum_det[:, j] / n_cells
/ocean/projects/bio260021p/kbenjamin/projects/angiotensinII_lung/ras_circuit/_m/../../basement_membrane/_h/02.niche_pseudobulk.py:118: PerformanceWarning: DataFrame is highly fragmented.  This is usually the result of calling `frame.insert` many times, which has poor performance.  Consider joining all columns at once using pd.concat(axis=1) instead. To get a de-fragmented frame, use `newframe = frame.copy()`
  out[f"{g}__detect"] = sum_det[:, j] / n_cells
/ocean/projects/bio260021p/kbenjamin/projects/angiotensinII_lung/ras_circuit/_m/../../basement_membrane/_h/02.niche_pseudobulk.py:118: PerformanceWarning: DataFrame is highly fragmented.  This is usually the result of calling `frame.insert` many times, which has poor performance.  Consider joining all columns at once using pd.concat(axis=1) instead. To get a de-fragmented frame, use `newframe = frame.copy()`
  out[f"{g}__detect"] = sum_det[:, j] / n_cells
/ocean/projects/bio260021p/kbenjamin/projects/angiotensinII_lung/ras_circuit/_m/../../basement_membrane/_h/02.niche_pseudobulk.py:118: PerformanceWarning: DataFrame is highly fragmented.  This is usually the result of calling `frame.insert` many times, which has poor performance.  Consider joining all columns at once using pd.concat(axis=1) instead. To get a de-fragmented frame, use `newframe = frame.copy()`
  out[f"{g}__detect"] = sum_det[:, j] / n_cells
/ocean/projects/bio260021p/kbenjamin/projects/angiotensinII_lung/ras_circuit/_m/../../basement_membrane/_h/02.niche_pseudobulk.py:118: PerformanceWarning: DataFrame is highly fragmented.  This is usually the result of calling `frame.insert` many times, which has poor performance.  Consider joining all columns at once using pd.concat(axis=1) instead. To get a de-fragmented frame, use `newframe = frame.copy()`
  out[f"{g}__detect"] = sum_det[:, j] / n_cells
/ocean/projects/bio260021p/kbenjamin/projects/angiotensinII_lung/ras_circuit/_m/../../basement_membrane/_h/02.niche_pseudobulk.py:118: PerformanceWarning: DataFrame is highly fragmented.  This is usually the result of calling `frame.insert` many times, which has poor performance.  Consider joining all columns at once using pd.concat(axis=1) instead. To get a de-fragmented frame, use `newframe = frame.copy()`
  out[f"{g}__detect"] = sum_det[:, j] / n_cells
/ocean/projects/bio260021p/kbenjamin/projects/angiotensinII_lung/ras_circuit/_m/../../basement_membrane/_h/02.niche_pseudobulk.py:118: PerformanceWarning: DataFrame is highly fragmented.  This is usually the result of calling `frame.insert` many times, which has poor performance.  Consider joining all columns at once using pd.concat(axis=1) instead. To get a de-fragmented frame, use `newframe = frame.copy()`
  out[f"{g}__detect"] = sum_det[:, j] / n_cells
/ocean/projects/bio260021p/kbenjamin/projects/angiotensinII_lung/ras_circuit/_m/../../basement_membrane/_h/02.niche_pseudobulk.py:118: PerformanceWarning: DataFrame is highly fragmented.  This is usually the result of calling `frame.insert` many times, which has poor performance.  Consider joining all columns at once using pd.concat(axis=1) instead. To get a de-fragmented frame, use `newframe = frame.copy()`
  out[f"{g}__detect"] = sum_det[:, j] / n_cells
/ocean/projects/bio260021p/kbenjamin/projects/angiotensinII_lung/ras_circuit/_m/../../basement_membrane/_h/02.niche_pseudobulk.py:118: PerformanceWarning: DataFrame is highly fragmented.  This is usually the result of calling `frame.insert` many times, which has poor performance.  Consider joining all columns at once using pd.concat(axis=1) instead. To get a de-fragmented frame, use `newframe = frame.copy()`
  out[f"{g}__detect"] = sum_det[:, j] / n_cells
/ocean/projects/bio260021p/kbenjamin/projects/angiotensinII_lung/ras_circuit/_m/../../basement_membrane/_h/02.niche_pseudobulk.py:118: PerformanceWarning: DataFrame is highly fragmented.  This is usually the result of calling `frame.insert` many times, which has poor performance.  Consider joining all columns at once using pd.concat(axis=1) instead. To get a de-fragmented frame, use `newframe = frame.copy()`
  out[f"{g}__detect"] = sum_det[:, j] / n_cells
/ocean/projects/bio260021p/kbenjamin/projects/angiotensinII_lung/ras_circuit/_m/../../basement_membrane/_h/02.niche_pseudobulk.py:118: PerformanceWarning: DataFrame is highly fragmented.  This is usually the result of calling `frame.insert` many times, which has poor performance.  Consider joining all columns at once using pd.concat(axis=1) instead. To get a de-fragmented frame, use `newframe = frame.copy()`
  out[f"{g}__detect"] = sum_det[:, j] / n_cells
/ocean/projects/bio260021p/kbenjamin/projects/angiotensinII_lung/ras_circuit/_m/../../basement_membrane/_h/02.niche_pseudobulk.py:118: PerformanceWarning: DataFrame is highly fragmented.  This is usually the result of calling `frame.insert` many times, which has poor performance.  Consider joining all columns at once using pd.concat(axis=1) instead. To get a de-fragmented frame, use `newframe = frame.copy()`
  out[f"{g}__detect"] = sum_det[:, j] / n_cells
/ocean/projects/bio260021p/kbenjamin/projects/angiotensinII_lung/ras_circuit/_m/../../basement_membrane/_h/02.niche_pseudobulk.py:118: PerformanceWarning: DataFrame is highly fragmented.  This is usually the result of calling `frame.insert` many times, which has poor performance.  Consider joining all columns at once using pd.concat(axis=1) instead. To get a de-fragmented frame, use `newframe = frame.copy()`
  out[f"{g}__detect"] = sum_det[:, j] / n_cells
/ocean/projects/bio260021p/kbenjamin/projects/angiotensinII_lung/ras_circuit/_m/../../basement_membrane/_h/02.niche_pseudobulk.py:118: PerformanceWarning: DataFrame is highly fragmented.  This is usually the result of calling `frame.insert` many times, which has poor performance.  Consider joining all columns at once using pd.concat(axis=1) instead. To get a de-fragmented frame, use `newframe = frame.copy()`
  out[f"{g}__detect"] = sum_det[:, j] / n_cells
/ocean/projects/bio260021p/kbenjamin/projects/angiotensinII_lung/ras_circuit/_m/../../basement_membrane/_h/02.niche_pseudobulk.py:118: PerformanceWarning: DataFrame is highly fragmented.  This is usually the result of calling `frame.insert` many times, which has poor performance.  Consider joining all columns at once using pd.concat(axis=1) instead. To get a de-fragmented frame, use `newframe = frame.copy()`
  out[f"{g}__detect"] = sum_det[:, j] / n_cells
/ocean/projects/bio260021p/kbenjamin/projects/angiotensinII_lung/ras_circuit/_m/../../basement_membrane/_h/02.niche_pseudobulk.py:118: PerformanceWarning: DataFrame is highly fragmented.  This is usually the result of calling `frame.insert` many times, which has poor performance.  Consider joining all columns at once using pd.concat(axis=1) instead. To get a de-fragmented frame, use `newframe = frame.copy()`
  out[f"{g}__detect"] = sum_det[:, j] / n_cells
/ocean/projects/bio260021p/kbenjamin/projects/angiotensinII_lung/ras_circuit/_m/../../basement_membrane/_h/02.niche_pseudobulk.py:118: PerformanceWarning: DataFrame is highly fragmented.  This is usually the result of calling `frame.insert` many times, which has poor performance.  Consider joining all columns at once using pd.concat(axis=1) instead. To get a de-fragmented frame, use `newframe = frame.copy()`
  out[f"{g}__detect"] = sum_det[:, j] / n_cells
/ocean/projects/bio260021p/kbenjamin/projects/angiotensinII_lung/ras_circuit/_m/../../basement_membrane/_h/02.niche_pseudobulk.py:118: PerformanceWarning: DataFrame is highly fragmented.  This is usually the result of calling `frame.insert` many times, which has poor performance.  Consider joining all columns at once using pd.concat(axis=1) instead. To get a de-fragmented frame, use `newframe = frame.copy()`
  out[f"{g}__detect"] = sum_det[:, j] / n_cells
/ocean/projects/bio260021p/kbenjamin/projects/angiotensinII_lung/ras_circuit/_m/../../basement_membrane/_h/02.niche_pseudobulk.py:118: PerformanceWarning: DataFrame is highly fragmented.  This is usually the result of calling `frame.insert` many times, which has poor performance.  Consider joining all columns at once using pd.concat(axis=1) instead. To get a de-fragmented frame, use `newframe = frame.copy()`
  out[f"{g}__detect"] = sum_det[:, j] / n_cells
/ocean/projects/bio260021p/kbenjamin/projects/angiotensinII_lung/ras_circuit/_m/../../basement_membrane/_h/02.niche_pseudobulk.py:118: PerformanceWarning: DataFrame is highly fragmented.  This is usually the result of calling `frame.insert` many times, which has poor performance.  Consider joining all columns at once using pd.concat(axis=1) instead. To get a de-fragmented frame, use `newframe = frame.copy()`
  out[f"{g}__detect"] = sum_det[:, j] / n_cells
/ocean/projects/bio260021p/kbenjamin/projects/angiotensinII_lung/ras_circuit/_m/../../basement_membrane/_h/02.niche_pseudobulk.py:118: PerformanceWarning: DataFrame is highly fragmented.  This is usually the result of calling `frame.insert` many times, which has poor performance.  Consider joining all columns at once using pd.concat(axis=1) instead. To get a de-fragmented frame, use `newframe = frame.copy()`
  out[f"{g}__detect"] = sum_det[:, j] / n_cells
/ocean/projects/bio260021p/kbenjamin/projects/angiotensinII_lung/ras_circuit/_m/../../basement_membrane/_h/02.niche_pseudobulk.py:118: PerformanceWarning: DataFrame is highly fragmented.  This is usually the result of calling `frame.insert` many times, which has poor performance.  Consider joining all columns at once using pd.concat(axis=1) instead. To get a de-fragmented frame, use `newframe = frame.copy()`
  out[f"{g}__detect"] = sum_det[:, j] / n_cells
/ocean/projects/bio260021p/kbenjamin/projects/angiotensinII_lung/ras_circuit/_m/../../basement_membrane/_h/02.niche_pseudobulk.py:118: PerformanceWarning: DataFrame is highly fragmented.  This is usually the result of calling `frame.insert` many times, which has poor performance.  Consider joining all columns at once using pd.concat(axis=1) instead. To get a de-fragmented frame, use `newframe = frame.copy()`
  out[f"{g}__detect"] = sum_det[:, j] / n_cells
/ocean/projects/bio260021p/kbenjamin/projects/angiotensinII_lung/ras_circuit/_m/../../basement_membrane/_h/02.niche_pseudobulk.py:118: PerformanceWarning: DataFrame is highly fragmented.  This is usually the result of calling `frame.insert` many times, which has poor performance.  Consider joining all columns at once using pd.concat(axis=1) instead. To get a de-fragmented frame, use `newframe = frame.copy()`
  out[f"{g}__detect"] = sum_det[:, j] / n_cells
/ocean/projects/bio260021p/kbenjamin/projects/angiotensinII_lung/ras_circuit/_m/../../basement_membrane/_h/02.niche_pseudobulk.py:118: PerformanceWarning: DataFrame is highly fragmented.  This is usually the result of calling `frame.insert` many times, which has poor performance.  Consider joining all columns at once using pd.concat(axis=1) instead. To get a de-fragmented frame, use `newframe = frame.copy()`
  out[f"{g}__detect"] = sum_det[:, j] / n_cells
/ocean/projects/bio260021p/kbenjamin/projects/angiotensinII_lung/ras_circuit/_m/../../basement_membrane/_h/02.niche_pseudobulk.py:118: PerformanceWarning: DataFrame is highly fragmented.  This is usually the result of calling `frame.insert` many times, which has poor performance.  Consider joining all columns at once using pd.concat(axis=1) instead. To get a de-fragmented frame, use `newframe = frame.copy()`
  out[f"{g}__detect"] = sum_det[:, j] / n_cells
/ocean/projects/bio260021p/kbenjamin/projects/angiotensinII_lung/ras_circuit/_m/../../basement_membrane/_h/02.niche_pseudobulk.py:118: PerformanceWarning: DataFrame is highly fragmented.  This is usually the result of calling `frame.insert` many times, which has poor performance.  Consider joining all columns at once using pd.concat(axis=1) instead. To get a de-fragmented frame, use `newframe = frame.copy()`
  out[f"{g}__detect"] = sum_det[:, j] / n_cells
/ocean/projects/bio260021p/kbenjamin/projects/angiotensinII_lung/ras_circuit/_m/../../basement_membrane/_h/02.niche_pseudobulk.py:118: PerformanceWarning: DataFrame is highly fragmented.  This is usually the result of calling `frame.insert` many times, which has poor performance.  Consider joining all columns at once using pd.concat(axis=1) instead. To get a de-fragmented frame, use `newframe = frame.copy()`
  out[f"{g}__detect"] = sum_det[:, j] / n_cells
/ocean/projects/bio260021p/kbenjamin/projects/angiotensinII_lung/ras_circuit/_m/../../basement_membrane/_h/02.niche_pseudobulk.py:118: PerformanceWarning: DataFrame is highly fragmented.  This is usually the result of calling `frame.insert` many times, which has poor performance.  Consider joining all columns at once using pd.concat(axis=1) instead. To get a de-fragmented frame, use `newframe = frame.copy()`
  out[f"{g}__detect"] = sum_det[:, j] / n_cells
/ocean/projects/bio260021p/kbenjamin/projects/angiotensinII_lung/ras_circuit/_m/../../basement_membrane/_h/02.niche_pseudobulk.py:118: PerformanceWarning: DataFrame is highly fragmented.  This is usually the result of calling `frame.insert` many times, which has poor performance.  Consider joining all columns at once using pd.concat(axis=1) instead. To get a de-fragmented frame, use `newframe = frame.copy()`
  out[f"{g}__detect"] = sum_det[:, j] / n_cells
/ocean/projects/bio260021p/kbenjamin/projects/angiotensinII_lung/ras_circuit/_m/../../basement_membrane/_h/02.niche_pseudobulk.py:118: PerformanceWarning: DataFrame is highly fragmented.  This is usually the result of calling `frame.insert` many times, which has poor performance.  Consider joining all columns at once using pd.concat(axis=1) instead. To get a de-fragmented frame, use `newframe = frame.copy()`
  out[f"{g}__detect"] = sum_det[:, j] / n_cells
/ocean/projects/bio260021p/kbenjamin/projects/angiotensinII_lung/ras_circuit/_m/../../basement_membrane/_h/02.niche_pseudobulk.py:118: PerformanceWarning: DataFrame is highly fragmented.  This is usually the result of calling `frame.insert` many times, which has poor performance.  Consider joining all columns at once using pd.concat(axis=1) instead. To get a de-fragmented frame, use `newframe = frame.copy()`
  out[f"{g}__detect"] = sum_det[:, j] / n_cells
/ocean/projects/bio260021p/kbenjamin/projects/angiotensinII_lung/ras_circuit/_m/../../basement_membrane/_h/02.niche_pseudobulk.py:118: PerformanceWarning: DataFrame is highly fragmented.  This is usually the result of calling `frame.insert` many times, which has poor performance.  Consider joining all columns at once using pd.concat(axis=1) instead. To get a de-fragmented frame, use `newframe = frame.copy()`
  out[f"{g}__detect"] = sum_det[:, j] / n_cells
/ocean/projects/bio260021p/kbenjamin/projects/angiotensinII_lung/ras_circuit/_m/../../basement_membrane/_h/02.niche_pseudobulk.py:118: PerformanceWarning: DataFrame is highly fragmented.  This is usually the result of calling `frame.insert` many times, which has poor performance.  Consider joining all columns at once using pd.concat(axis=1) instead. To get a de-fragmented frame, use `newframe = frame.copy()`
  out[f"{g}__detect"] = sum_det[:, j] / n_cells
/ocean/projects/bio260021p/kbenjamin/projects/angiotensinII_lung/ras_circuit/_m/../../basement_membrane/_h/02.niche_pseudobulk.py:118: PerformanceWarning: DataFrame is highly fragmented.  This is usually the result of calling `frame.insert` many times, which has poor performance.  Consider joining all columns at once using pd.concat(axis=1) instead. To get a de-fragmented frame, use `newframe = frame.copy()`
  out[f"{g}__detect"] = sum_det[:, j] / n_cells
/ocean/projects/bio260021p/kbenjamin/projects/angiotensinII_lung/ras_circuit/_m/../../basement_membrane/_h/02.niche_pseudobulk.py:118: PerformanceWarning: DataFrame is highly fragmented.  This is usually the result of calling `frame.insert` many times, which has poor performance.  Consider joining all columns at once using pd.concat(axis=1) instead. To get a de-fragmented frame, use `newframe = frame.copy()`
  out[f"{g}__detect"] = sum_det[:, j] / n_cells
/ocean/projects/bio260021p/kbenjamin/projects/angiotensinII_lung/ras_circuit/_m/../../basement_membrane/_h/02.niche_pseudobulk.py:118: PerformanceWarning: DataFrame is highly fragmented.  This is usually the result of calling `frame.insert` many times, which has poor performance.  Consider joining all columns at once using pd.concat(axis=1) instead. To get a de-fragmented frame, use `newframe = frame.copy()`
  out[f"{g}__detect"] = sum_det[:, j] / n_cells
/ocean/projects/bio260021p/kbenjamin/projects/angiotensinII_lung/ras_circuit/_m/../../basement_membrane/_h/02.niche_pseudobulk.py:118: PerformanceWarning: DataFrame is highly fragmented.  This is usually the result of calling `frame.insert` many times, which has poor performance.  Consider joining all columns at once using pd.concat(axis=1) instead. To get a de-fragmented frame, use `newframe = frame.copy()`
  out[f"{g}__detect"] = sum_det[:, j] / n_cells
/ocean/projects/bio260021p/kbenjamin/projects/angiotensinII_lung/ras_circuit/_m/../../basement_membrane/_h/02.niche_pseudobulk.py:118: PerformanceWarning: DataFrame is highly fragmented.  This is usually the result of calling `frame.insert` many times, which has poor performance.  Consider joining all columns at once using pd.concat(axis=1) instead. To get a de-fragmented frame, use `newframe = frame.copy()`
  out[f"{g}__detect"] = sum_det[:, j] / n_cells
/ocean/projects/bio260021p/kbenjamin/projects/angiotensinII_lung/ras_circuit/_m/../../basement_membrane/_h/02.niche_pseudobulk.py:118: PerformanceWarning: DataFrame is highly fragmented.  This is usually the result of calling `frame.insert` many times, which has poor performance.  Consider joining all columns at once using pd.concat(axis=1) instead. To get a de-fragmented frame, use `newframe = frame.copy()`
  out[f"{g}__detect"] = sum_det[:, j] / n_cells
/ocean/projects/bio260021p/kbenjamin/projects/angiotensinII_lung/ras_circuit/_m/../../basement_membrane/_h/02.niche_pseudobulk.py:118: PerformanceWarning: DataFrame is highly fragmented.  This is usually the result of calling `frame.insert` many times, which has poor performance.  Consider joining all columns at once using pd.concat(axis=1) instead. To get a de-fragmented frame, use `newframe = frame.copy()`
  out[f"{g}__detect"] = sum_det[:, j] / n_cells
/ocean/projects/bio260021p/kbenjamin/projects/angiotensinII_lung/ras_circuit/_m/../../basement_membrane/_h/02.niche_pseudobulk.py:118: PerformanceWarning: DataFrame is highly fragmented.  This is usually the result of calling `frame.insert` many times, which has poor performance.  Consider joining all columns at once using pd.concat(axis=1) instead. To get a de-fragmented frame, use `newframe = frame.copy()`
  out[f"{g}__detect"] = sum_det[:, j] / n_cells
/ocean/projects/bio260021p/kbenjamin/projects/angiotensinII_lung/ras_circuit/_m/../../basement_membrane/_h/02.niche_pseudobulk.py:118: PerformanceWarning: DataFrame is highly fragmented.  This is usually the result of calling `frame.insert` many times, which has poor performance.  Consider joining all columns at once using pd.concat(axis=1) instead. To get a de-fragmented frame, use `newframe = frame.copy()`
  out[f"{g}__detect"] = sum_det[:, j] / n_cells
/ocean/projects/bio260021p/kbenjamin/projects/angiotensinII_lung/ras_circuit/_m/../../basement_membrane/_h/02.niche_pseudobulk.py:118: PerformanceWarning: DataFrame is highly fragmented.  This is usually the result of calling `frame.insert` many times, which has poor performance.  Consider joining all columns at once using pd.concat(axis=1) instead. To get a de-fragmented frame, use `newframe = frame.copy()`
  out[f"{g}__detect"] = sum_det[:, j] / n_cells
/ocean/projects/bio260021p/kbenjamin/projects/angiotensinII_lung/ras_circuit/_m/../../basement_membrane/_h/02.niche_pseudobulk.py:118: PerformanceWarning: DataFrame is highly fragmented.  This is usually the result of calling `frame.insert` many times, which has poor performance.  Consider joining all columns at once using pd.concat(axis=1) instead. To get a de-fragmented frame, use `newframe = frame.copy()`
  out[f"{g}__detect"] = sum_det[:, j] / n_cells
/ocean/projects/bio260021p/kbenjamin/projects/angiotensinII_lung/ras_circuit/_m/../../basement_membrane/_h/02.niche_pseudobulk.py:118: PerformanceWarning: DataFrame is highly fragmented.  This is usually the result of calling `frame.insert` many times, which has poor performance.  Consider joining all columns at once using pd.concat(axis=1) instead. To get a de-fragmented frame, use `newframe = frame.copy()`
  out[f"{g}__detect"] = sum_det[:, j] / n_cells
/ocean/projects/bio260021p/kbenjamin/projects/angiotensinII_lung/ras_circuit/_m/../../basement_membrane/_h/02.niche_pseudobulk.py:118: PerformanceWarning: DataFrame is highly fragmented.  This is usually the result of calling `frame.insert` many times, which has poor performance.  Consider joining all columns at once using pd.concat(axis=1) instead. To get a de-fragmented frame, use `newframe = frame.copy()`
  out[f"{g}__detect"] = sum_det[:, j] / n_cells
/ocean/projects/bio260021p/kbenjamin/projects/angiotensinII_lung/ras_circuit/_m/../../basement_membrane/_h/02.niche_pseudobulk.py:118: PerformanceWarning: DataFrame is highly fragmented.  This is usually the result of calling `frame.insert` many times, which has poor performance.  Consider joining all columns at once using pd.concat(axis=1) instead. To get a de-fragmented frame, use `newframe = frame.copy()`
  out[f"{g}__detect"] = sum_det[:, j] / n_cells
/ocean/projects/bio260021p/kbenjamin/projects/angiotensinII_lung/ras_circuit/_m/../../basement_membrane/_h/02.niche_pseudobulk.py:118: PerformanceWarning: DataFrame is highly fragmented.  This is usually the result of calling `frame.insert` many times, which has poor performance.  Consider joining all columns at once using pd.concat(axis=1) instead. To get a de-fragmented frame, use `newframe = frame.copy()`
  out[f"{g}__detect"] = sum_det[:, j] / n_cells
/ocean/projects/bio260021p/kbenjamin/projects/angiotensinII_lung/ras_circuit/_m/../../basement_membrane/_h/02.niche_pseudobulk.py:118: PerformanceWarning: DataFrame is highly fragmented.  This is usually the result of calling `frame.insert` many times, which has poor performance.  Consider joining all columns at once using pd.concat(axis=1) instead. To get a de-fragmented frame, use `newframe = frame.copy()`
  out[f"{g}__detect"] = sum_det[:, j] / n_cells
/ocean/projects/bio260021p/kbenjamin/projects/angiotensinII_lung/ras_circuit/_m/../../basement_membrane/_h/02.niche_pseudobulk.py:118: PerformanceWarning: DataFrame is highly fragmented.  This is usually the result of calling `frame.insert` many times, which has poor performance.  Consider joining all columns at once using pd.concat(axis=1) instead. To get a de-fragmented frame, use `newframe = frame.copy()`
  out[f"{g}__detect"] = sum_det[:, j] / n_cells
/ocean/projects/bio260021p/kbenjamin/projects/angiotensinII_lung/ras_circuit/_m/../../basement_membrane/_h/02.niche_pseudobulk.py:118: PerformanceWarning: DataFrame is highly fragmented.  This is usually the result of calling `frame.insert` many times, which has poor performance.  Consider joining all columns at once using pd.concat(axis=1) instead. To get a de-fragmented frame, use `newframe = frame.copy()`
  out[f"{g}__detect"] = sum_det[:, j] / n_cells
/ocean/projects/bio260021p/kbenjamin/projects/angiotensinII_lung/ras_circuit/_m/../../basement_membrane/_h/02.niche_pseudobulk.py:118: PerformanceWarning: DataFrame is highly fragmented.  This is usually the result of calling `frame.insert` many times, which has poor performance.  Consider joining all columns at once using pd.concat(axis=1) instead. To get a de-fragmented frame, use `newframe = frame.copy()`
  out[f"{g}__detect"] = sum_det[:, j] / n_cells
/ocean/projects/bio260021p/kbenjamin/projects/angiotensinII_lung/ras_circuit/_m/../../basement_membrane/_h/02.niche_pseudobulk.py:118: PerformanceWarning: DataFrame is highly fragmented.  This is usually the result of calling `frame.insert` many times, which has poor performance.  Consider joining all columns at once using pd.concat(axis=1) instead. To get a de-fragmented frame, use `newframe = frame.copy()`
  out[f"{g}__detect"] = sum_det[:, j] / n_cells
/ocean/projects/bio260021p/kbenjamin/projects/angiotensinII_lung/ras_circuit/_m/../../basement_membrane/_h/02.niche_pseudobulk.py:118: PerformanceWarning: DataFrame is highly fragmented.  This is usually the result of calling `frame.insert` many times, which has poor performance.  Consider joining all columns at once using pd.concat(axis=1) instead. To get a de-fragmented frame, use `newframe = frame.copy()`
  out[f"{g}__detect"] = sum_det[:, j] / n_cells
/ocean/projects/bio260021p/kbenjamin/projects/angiotensinII_lung/ras_circuit/_m/../../basement_membrane/_h/02.niche_pseudobulk.py:118: PerformanceWarning: DataFrame is highly fragmented.  This is usually the result of calling `frame.insert` many times, which has poor performance.  Consider joining all columns at once using pd.concat(axis=1) instead. To get a de-fragmented frame, use `newframe = frame.copy()`
  out[f"{g}__detect"] = sum_det[:, j] / n_cells
/ocean/projects/bio260021p/kbenjamin/projects/angiotensinII_lung/ras_circuit/_m/../../basement_membrane/_h/02.niche_pseudobulk.py:118: PerformanceWarning: DataFrame is highly fragmented.  This is usually the result of calling `frame.insert` many times, which has poor performance.  Consider joining all columns at once using pd.concat(axis=1) instead. To get a de-fragmented frame, use `newframe = frame.copy()`
  out[f"{g}__detect"] = sum_det[:, j] / n_cells
/ocean/projects/bio260021p/kbenjamin/projects/angiotensinII_lung/ras_circuit/_m/../../basement_membrane/_h/02.niche_pseudobulk.py:118: PerformanceWarning: DataFrame is highly fragmented.  This is usually the result of calling `frame.insert` many times, which has poor performance.  Consider joining all columns at once using pd.concat(axis=1) instead. To get a de-fragmented frame, use `newframe = frame.copy()`
  out[f"{g}__detect"] = sum_det[:, j] / n_cells
/ocean/projects/bio260021p/kbenjamin/projects/angiotensinII_lung/ras_circuit/_m/../../basement_membrane/_h/02.niche_pseudobulk.py:118: PerformanceWarning: DataFrame is highly fragmented.  This is usually the result of calling `frame.insert` many times, which has poor performance.  Consider joining all columns at once using pd.concat(axis=1) instead. To get a de-fragmented frame, use `newframe = frame.copy()`
  out[f"{g}__detect"] = sum_det[:, j] / n_cells
/ocean/projects/bio260021p/kbenjamin/projects/angiotensinII_lung/ras_circuit/_m/../../basement_membrane/_h/02.niche_pseudobulk.py:118: PerformanceWarning: DataFrame is highly fragmented.  This is usually the result of calling `frame.insert` many times, which has poor performance.  Consider joining all columns at once using pd.concat(axis=1) instead. To get a de-fragmented frame, use `newframe = frame.copy()`
  out[f"{g}__detect"] = sum_det[:, j] / n_cells
/ocean/projects/bio260021p/kbenjamin/projects/angiotensinII_lung/ras_circuit/_m/../../basement_membrane/_h/02.niche_pseudobulk.py:118: PerformanceWarning: DataFrame is highly fragmented.  This is usually the result of calling `frame.insert` many times, which has poor performance.  Consider joining all columns at once using pd.concat(axis=1) instead. To get a de-fragmented frame, use `newframe = frame.copy()`
  out[f"{g}__detect"] = sum_det[:, j] / n_cells
/ocean/projects/bio260021p/kbenjamin/projects/angiotensinII_lung/ras_circuit/_m/../../basement_membrane/_h/02.niche_pseudobulk.py:118: PerformanceWarning: DataFrame is highly fragmented.  This is usually the result of calling `frame.insert` many times, which has poor performance.  Consider joining all columns at once using pd.concat(axis=1) instead. To get a de-fragmented frame, use `newframe = frame.copy()`
  out[f"{g}__detect"] = sum_det[:, j] / n_cells
/ocean/projects/bio260021p/kbenjamin/projects/angiotensinII_lung/ras_circuit/_m/../../basement_membrane/_h/02.niche_pseudobulk.py:118: PerformanceWarning: DataFrame is highly fragmented.  This is usually the result of calling `frame.insert` many times, which has poor performance.  Consider joining all columns at once using pd.concat(axis=1) instead. To get a de-fragmented frame, use `newframe = frame.copy()`
  out[f"{g}__detect"] = sum_det[:, j] / n_cells
/ocean/projects/bio260021p/kbenjamin/projects/angiotensinII_lung/ras_circuit/_m/../../basement_membrane/_h/02.niche_pseudobulk.py:118: PerformanceWarning: DataFrame is highly fragmented.  This is usually the result of calling `frame.insert` many times, which has poor performance.  Consider joining all columns at once using pd.concat(axis=1) instead. To get a de-fragmented frame, use `newframe = frame.copy()`
  out[f"{g}__detect"] = sum_det[:, j] / n_cells
/ocean/projects/bio260021p/kbenjamin/projects/angiotensinII_lung/ras_circuit/_m/../../basement_membrane/_h/02.niche_pseudobulk.py:118: PerformanceWarning: DataFrame is highly fragmented.  This is usually the result of calling `frame.insert` many times, which has poor performance.  Consider joining all columns at once using pd.concat(axis=1) instead. To get a de-fragmented frame, use `newframe = frame.copy()`
  out[f"{g}__detect"] = sum_det[:, j] / n_cells
/ocean/projects/bio260021p/kbenjamin/projects/angiotensinII_lung/ras_circuit/_m/../../basement_membrane/_h/02.niche_pseudobulk.py:118: PerformanceWarning: DataFrame is highly fragmented.  This is usually the result of calling `frame.insert` many times, which has poor performance.  Consider joining all columns at once using pd.concat(axis=1) instead. To get a de-fragmented frame, use `newframe = frame.copy()`
  out[f"{g}__detect"] = sum_det[:, j] / n_cells
/ocean/projects/bio260021p/kbenjamin/projects/angiotensinII_lung/ras_circuit/_m/../../basement_membrane/_h/02.niche_pseudobulk.py:118: PerformanceWarning: DataFrame is highly fragmented.  This is usually the result of calling `frame.insert` many times, which has poor performance.  Consider joining all columns at once using pd.concat(axis=1) instead. To get a de-fragmented frame, use `newframe = frame.copy()`
  out[f"{g}__detect"] = sum_det[:, j] / n_cells
/ocean/projects/bio260021p/kbenjamin/projects/angiotensinII_lung/ras_circuit/_m/../../basement_membrane/_h/02.niche_pseudobulk.py:118: PerformanceWarning: DataFrame is highly fragmented.  This is usually the result of calling `frame.insert` many times, which has poor performance.  Consider joining all columns at once using pd.concat(axis=1) instead. To get a de-fragmented frame, use `newframe = frame.copy()`
  out[f"{g}__detect"] = sum_det[:, j] / n_cells
/ocean/projects/bio260021p/kbenjamin/projects/angiotensinII_lung/ras_circuit/_m/../../basement_membrane/_h/02.niche_pseudobulk.py:118: PerformanceWarning: DataFrame is highly fragmented.  This is usually the result of calling `frame.insert` many times, which has poor performance.  Consider joining all columns at once using pd.concat(axis=1) instead. To get a de-fragmented frame, use `newframe = frame.copy()`
  out[f"{g}__detect"] = sum_det[:, j] / n_cells
/ocean/projects/bio260021p/kbenjamin/projects/angiotensinII_lung/ras_circuit/_m/../../basement_membrane/_h/02.niche_pseudobulk.py:118: PerformanceWarning: DataFrame is highly fragmented.  This is usually the result of calling `frame.insert` many times, which has poor performance.  Consider joining all columns at once using pd.concat(axis=1) instead. To get a de-fragmented frame, use `newframe = frame.copy()`
  out[f"{g}__detect"] = sum_det[:, j] / n_cells
/ocean/projects/bio260021p/kbenjamin/projects/angiotensinII_lung/ras_circuit/_m/../../basement_membrane/_h/02.niche_pseudobulk.py:118: PerformanceWarning: DataFrame is highly fragmented.  This is usually the result of calling `frame.insert` many times, which has poor performance.  Consider joining all columns at once using pd.concat(axis=1) instead. To get a de-fragmented frame, use `newframe = frame.copy()`
  out[f"{g}__detect"] = sum_det[:, j] / n_cells
/ocean/projects/bio260021p/kbenjamin/projects/angiotensinII_lung/ras_circuit/_m/../../basement_membrane/_h/02.niche_pseudobulk.py:118: PerformanceWarning: DataFrame is highly fragmented.  This is usually the result of calling `frame.insert` many times, which has poor performance.  Consider joining all columns at once using pd.concat(axis=1) instead. To get a de-fragmented frame, use `newframe = frame.copy()`
  out[f"{g}__detect"] = sum_det[:, j] / n_cells
/ocean/projects/bio260021p/kbenjamin/projects/angiotensinII_lung/ras_circuit/_m/../../basement_membrane/_h/02.niche_pseudobulk.py:118: PerformanceWarning: DataFrame is highly fragmented.  This is usually the result of calling `frame.insert` many times, which has poor performance.  Consider joining all columns at once using pd.concat(axis=1) instead. To get a de-fragmented frame, use `newframe = frame.copy()`
  out[f"{g}__detect"] = sum_det[:, j] / n_cells
/ocean/projects/bio260021p/kbenjamin/projects/angiotensinII_lung/ras_circuit/_m/../../basement_membrane/_h/02.niche_pseudobulk.py:118: PerformanceWarning: DataFrame is highly fragmented.  This is usually the result of calling `frame.insert` many times, which has poor performance.  Consider joining all columns at once using pd.concat(axis=1) instead. To get a de-fragmented frame, use `newframe = frame.copy()`
  out[f"{g}__detect"] = sum_det[:, j] / n_cells
/ocean/projects/bio260021p/kbenjamin/projects/angiotensinII_lung/ras_circuit/_m/../../basement_membrane/_h/02.niche_pseudobulk.py:118: PerformanceWarning: DataFrame is highly fragmented.  This is usually the result of calling `frame.insert` many times, which has poor performance.  Consider joining all columns at once using pd.concat(axis=1) instead. To get a de-fragmented frame, use `newframe = frame.copy()`
  out[f"{g}__detect"] = sum_det[:, j] / n_cells
/ocean/projects/bio260021p/kbenjamin/projects/angiotensinII_lung/ras_circuit/_m/../../basement_membrane/_h/02.niche_pseudobulk.py:118: PerformanceWarning: DataFrame is highly fragmented.  This is usually the result of calling `frame.insert` many times, which has poor performance.  Consider joining all columns at once using pd.concat(axis=1) instead. To get a de-fragmented frame, use `newframe = frame.copy()`
  out[f"{g}__detect"] = sum_det[:, j] / n_cells
/ocean/projects/bio260021p/kbenjamin/projects/angiotensinII_lung/ras_circuit/_m/../../basement_membrane/_h/02.niche_pseudobulk.py:118: PerformanceWarning: DataFrame is highly fragmented.  This is usually the result of calling `frame.insert` many times, which has poor performance.  Consider joining all columns at once using pd.concat(axis=1) instead. To get a de-fragmented frame, use `newframe = frame.copy()`
  out[f"{g}__detect"] = sum_det[:, j] / n_cells
/ocean/projects/bio260021p/kbenjamin/projects/angiotensinII_lung/ras_circuit/_m/../../basement_membrane/_h/02.niche_pseudobulk.py:118: PerformanceWarning: DataFrame is highly fragmented.  This is usually the result of calling `frame.insert` many times, which has poor performance.  Consider joining all columns at once using pd.concat(axis=1) instead. To get a de-fragmented frame, use `newframe = frame.copy()`
  out[f"{g}__detect"] = sum_det[:, j] / n_cells
/ocean/projects/bio260021p/kbenjamin/projects/angiotensinII_lung/ras_circuit/_m/../../basement_membrane/_h/02.niche_pseudobulk.py:118: PerformanceWarning: DataFrame is highly fragmented.  This is usually the result of calling `frame.insert` many times, which has poor performance.  Consider joining all columns at once using pd.concat(axis=1) instead. To get a de-fragmented frame, use `newframe = frame.copy()`
  out[f"{g}__detect"] = sum_det[:, j] / n_cells
/ocean/projects/bio260021p/kbenjamin/projects/angiotensinII_lung/ras_circuit/_m/../../basement_membrane/_h/02.niche_pseudobulk.py:118: PerformanceWarning: DataFrame is highly fragmented.  This is usually the result of calling `frame.insert` many times, which has poor performance.  Consider joining all columns at once using pd.concat(axis=1) instead. To get a de-fragmented frame, use `newframe = frame.copy()`
  out[f"{g}__detect"] = sum_det[:, j] / n_cells
/ocean/projects/bio260021p/kbenjamin/projects/angiotensinII_lung/ras_circuit/_m/../../basement_membrane/_h/02.niche_pseudobulk.py:118: PerformanceWarning: DataFrame is highly fragmented.  This is usually the result of calling `frame.insert` many times, which has poor performance.  Consider joining all columns at once using pd.concat(axis=1) instead. To get a de-fragmented frame, use `newframe = frame.copy()`
  out[f"{g}__detect"] = sum_det[:, j] / n_cells
/ocean/projects/bio260021p/kbenjamin/projects/angiotensinII_lung/ras_circuit/_m/../../basement_membrane/_h/02.niche_pseudobulk.py:118: PerformanceWarning: DataFrame is highly fragmented.  This is usually the result of calling `frame.insert` many times, which has poor performance.  Consider joining all columns at once using pd.concat(axis=1) instead. To get a de-fragmented frame, use `newframe = frame.copy()`
  out[f"{g}__detect"] = sum_det[:, j] / n_cells
/ocean/projects/bio260021p/kbenjamin/projects/angiotensinII_lung/ras_circuit/_m/../../basement_membrane/_h/02.niche_pseudobulk.py:118: PerformanceWarning: DataFrame is highly fragmented.  This is usually the result of calling `frame.insert` many times, which has poor performance.  Consider joining all columns at once using pd.concat(axis=1) instead. To get a de-fragmented frame, use `newframe = frame.copy()`
  out[f"{g}__detect"] = sum_det[:, j] / n_cells
/ocean/projects/bio260021p/kbenjamin/projects/angiotensinII_lung/ras_circuit/_m/../../basement_membrane/_h/02.niche_pseudobulk.py:118: PerformanceWarning: DataFrame is highly fragmented.  This is usually the result of calling `frame.insert` many times, which has poor performance.  Consider joining all columns at once using pd.concat(axis=1) instead. To get a de-fragmented frame, use `newframe = frame.copy()`
  out[f"{g}__detect"] = sum_det[:, j] / n_cells
/ocean/projects/bio260021p/kbenjamin/projects/angiotensinII_lung/ras_circuit/_m/../../basement_membrane/_h/02.niche_pseudobulk.py:118: PerformanceWarning: DataFrame is highly fragmented.  This is usually the result of calling `frame.insert` many times, which has poor performance.  Consider joining all columns at once using pd.concat(axis=1) instead. To get a de-fragmented frame, use `newframe = frame.copy()`
  out[f"{g}__detect"] = sum_det[:, j] / n_cells
/ocean/projects/bio260021p/kbenjamin/projects/angiotensinII_lung/ras_circuit/_m/../../basement_membrane/_h/02.niche_pseudobulk.py:118: PerformanceWarning: DataFrame is highly fragmented.  This is usually the result of calling `frame.insert` many times, which has poor performance.  Consider joining all columns at once using pd.concat(axis=1) instead. To get a de-fragmented frame, use `newframe = frame.copy()`
  out[f"{g}__detect"] = sum_det[:, j] / n_cells
/ocean/projects/bio260021p/kbenjamin/projects/angiotensinII_lung/ras_circuit/_m/../../basement_membrane/_h/02.niche_pseudobulk.py:118: PerformanceWarning: DataFrame is highly fragmented.  This is usually the result of calling `frame.insert` many times, which has poor performance.  Consider joining all columns at once using pd.concat(axis=1) instead. To get a de-fragmented frame, use `newframe = frame.copy()`
  out[f"{g}__detect"] = sum_det[:, j] / n_cells
/ocean/projects/bio260021p/kbenjamin/projects/angiotensinII_lung/ras_circuit/_m/../../basement_membrane/_h/02.niche_pseudobulk.py:118: PerformanceWarning: DataFrame is highly fragmented.  This is usually the result of calling `frame.insert` many times, which has poor performance.  Consider joining all columns at once using pd.concat(axis=1) instead. To get a de-fragmented frame, use `newframe = frame.copy()`
  out[f"{g}__detect"] = sum_det[:, j] / n_cells
/ocean/projects/bio260021p/kbenjamin/projects/angiotensinII_lung/ras_circuit/_m/../../basement_membrane/_h/02.niche_pseudobulk.py:118: PerformanceWarning: DataFrame is highly fragmented.  This is usually the result of calling `frame.insert` many times, which has poor performance.  Consider joining all columns at once using pd.concat(axis=1) instead. To get a de-fragmented frame, use `newframe = frame.copy()`
  out[f"{g}__detect"] = sum_det[:, j] / n_cells
/ocean/projects/bio260021p/kbenjamin/projects/angiotensinII_lung/ras_circuit/_m/../../basement_membrane/_h/02.niche_pseudobulk.py:118: PerformanceWarning: DataFrame is highly fragmented.  This is usually the result of calling `frame.insert` many times, which has poor performance.  Consider joining all columns at once using pd.concat(axis=1) instead. To get a de-fragmented frame, use `newframe = frame.copy()`
  out[f"{g}__detect"] = sum_det[:, j] / n_cells
/ocean/projects/bio260021p/kbenjamin/projects/angiotensinII_lung/ras_circuit/_m/../../basement_membrane/_h/02.niche_pseudobulk.py:118: PerformanceWarning: DataFrame is highly fragmented.  This is usually the result of calling `frame.insert` many times, which has poor performance.  Consider joining all columns at once using pd.concat(axis=1) instead. To get a de-fragmented frame, use `newframe = frame.copy()`
  out[f"{g}__detect"] = sum_det[:, j] / n_cells
/ocean/projects/bio260021p/kbenjamin/projects/angiotensinII_lung/ras_circuit/_m/../../basement_membrane/_h/02.niche_pseudobulk.py:118: PerformanceWarning: DataFrame is highly fragmented.  This is usually the result of calling `frame.insert` many times, which has poor performance.  Consider joining all columns at once using pd.concat(axis=1) instead. To get a de-fragmented frame, use `newframe = frame.copy()`
  out[f"{g}__detect"] = sum_det[:, j] / n_cells
/ocean/projects/bio260021p/kbenjamin/projects/angiotensinII_lung/ras_circuit/_m/../../basement_membrane/_h/02.niche_pseudobulk.py:118: PerformanceWarning: DataFrame is highly fragmented.  This is usually the result of calling `frame.insert` many times, which has poor performance.  Consider joining all columns at once using pd.concat(axis=1) instead. To get a de-fragmented frame, use `newframe = frame.copy()`
  out[f"{g}__detect"] = sum_det[:, j] / n_cells
/ocean/projects/bio260021p/kbenjamin/projects/angiotensinII_lung/ras_circuit/_m/../../basement_membrane/_h/02.niche_pseudobulk.py:118: PerformanceWarning: DataFrame is highly fragmented.  This is usually the result of calling `frame.insert` many times, which has poor performance.  Consider joining all columns at once using pd.concat(axis=1) instead. To get a de-fragmented frame, use `newframe = frame.copy()`
  out[f"{g}__detect"] = sum_det[:, j] / n_cells
/ocean/projects/bio260021p/kbenjamin/projects/angiotensinII_lung/ras_circuit/_m/../../basement_membrane/_h/02.niche_pseudobulk.py:118: PerformanceWarning: DataFrame is highly fragmented.  This is usually the result of calling `frame.insert` many times, which has poor performance.  Consider joining all columns at once using pd.concat(axis=1) instead. To get a de-fragmented frame, use `newframe = frame.copy()`
  out[f"{g}__detect"] = sum_det[:, j] / n_cells
/ocean/projects/bio260021p/kbenjamin/projects/angiotensinII_lung/ras_circuit/_m/../../basement_membrane/_h/02.niche_pseudobulk.py:118: PerformanceWarning: DataFrame is highly fragmented.  This is usually the result of calling `frame.insert` many times, which has poor performance.  Consider joining all columns at once using pd.concat(axis=1) instead. To get a de-fragmented frame, use `newframe = frame.copy()`
  out[f"{g}__detect"] = sum_det[:, j] / n_cells
/ocean/projects/bio260021p/kbenjamin/projects/angiotensinII_lung/ras_circuit/_m/../../basement_membrane/_h/02.niche_pseudobulk.py:118: PerformanceWarning: DataFrame is highly fragmented.  This is usually the result of calling `frame.insert` many times, which has poor performance.  Consider joining all columns at once using pd.concat(axis=1) instead. To get a de-fragmented frame, use `newframe = frame.copy()`
  out[f"{g}__detect"] = sum_det[:, j] / n_cells
/ocean/projects/bio260021p/kbenjamin/projects/angiotensinII_lung/ras_circuit/_m/../../basement_membrane/_h/02.niche_pseudobulk.py:118: PerformanceWarning: DataFrame is highly fragmented.  This is usually the result of calling `frame.insert` many times, which has poor performance.  Consider joining all columns at once using pd.concat(axis=1) instead. To get a de-fragmented frame, use `newframe = frame.copy()`
  out[f"{g}__detect"] = sum_det[:, j] / n_cells
/ocean/projects/bio260021p/kbenjamin/projects/angiotensinII_lung/ras_circuit/_m/../../basement_membrane/_h/02.niche_pseudobulk.py:118: PerformanceWarning: DataFrame is highly fragmented.  This is usually the result of calling `frame.insert` many times, which has poor performance.  Consider joining all columns at once using pd.concat(axis=1) instead. To get a de-fragmented frame, use `newframe = frame.copy()`
  out[f"{g}__detect"] = sum_det[:, j] / n_cells
/ocean/projects/bio260021p/kbenjamin/projects/angiotensinII_lung/ras_circuit/_m/../../basement_membrane/_h/02.niche_pseudobulk.py:118: PerformanceWarning: DataFrame is highly fragmented.  This is usually the result of calling `frame.insert` many times, which has poor performance.  Consider joining all columns at once using pd.concat(axis=1) instead. To get a de-fragmented frame, use `newframe = frame.copy()`
  out[f"{g}__detect"] = sum_det[:, j] / n_cells
/ocean/projects/bio260021p/kbenjamin/projects/angiotensinII_lung/ras_circuit/_m/../../basement_membrane/_h/02.niche_pseudobulk.py:118: PerformanceWarning: DataFrame is highly fragmented.  This is usually the result of calling `frame.insert` many times, which has poor performance.  Consider joining all columns at once using pd.concat(axis=1) instead. To get a de-fragmented frame, use `newframe = frame.copy()`
  out[f"{g}__detect"] = sum_det[:, j] / n_cells
/ocean/projects/bio260021p/kbenjamin/projects/angiotensinII_lung/ras_circuit/_m/../../basement_membrane/_h/02.niche_pseudobulk.py:118: PerformanceWarning: DataFrame is highly fragmented.  This is usually the result of calling `frame.insert` many times, which has poor performance.  Consider joining all columns at once using pd.concat(axis=1) instead. To get a de-fragmented frame, use `newframe = frame.copy()`
  out[f"{g}__detect"] = sum_det[:, j] / n_cells
/ocean/projects/bio260021p/kbenjamin/projects/angiotensinII_lung/ras_circuit/_m/../../basement_membrane/_h/02.niche_pseudobulk.py:118: PerformanceWarning: DataFrame is highly fragmented.  This is usually the result of calling `frame.insert` many times, which has poor performance.  Consider joining all columns at once using pd.concat(axis=1) instead. To get a de-fragmented frame, use `newframe = frame.copy()`
  out[f"{g}__detect"] = sum_det[:, j] / n_cells
/ocean/projects/bio260021p/kbenjamin/projects/angiotensinII_lung/ras_circuit/_m/../../basement_membrane/_h/02.niche_pseudobulk.py:118: PerformanceWarning: DataFrame is highly fragmented.  This is usually the result of calling `frame.insert` many times, which has poor performance.  Consider joining all columns at once using pd.concat(axis=1) instead. To get a de-fragmented frame, use `newframe = frame.copy()`
  out[f"{g}__detect"] = sum_det[:, j] / n_cells
/ocean/projects/bio260021p/kbenjamin/projects/angiotensinII_lung/ras_circuit/_m/../../basement_membrane/_h/02.niche_pseudobulk.py:118: PerformanceWarning: DataFrame is highly fragmented.  This is usually the result of calling `frame.insert` many times, which has poor performance.  Consider joining all columns at once using pd.concat(axis=1) instead. To get a de-fragmented frame, use `newframe = frame.copy()`
  out[f"{g}__detect"] = sum_det[:, j] / n_cells
/ocean/projects/bio260021p/kbenjamin/projects/angiotensinII_lung/ras_circuit/_m/../../basement_membrane/_h/02.niche_pseudobulk.py:118: PerformanceWarning: DataFrame is highly fragmented.  This is usually the result of calling `frame.insert` many times, which has poor performance.  Consider joining all columns at once using pd.concat(axis=1) instead. To get a de-fragmented frame, use `newframe = frame.copy()`
  out[f"{g}__detect"] = sum_det[:, j] / n_cells
/ocean/projects/bio260021p/kbenjamin/projects/angiotensinII_lung/ras_circuit/_m/../../basement_membrane/_h/02.niche_pseudobulk.py:118: PerformanceWarning: DataFrame is highly fragmented.  This is usually the result of calling `frame.insert` many times, which has poor performance.  Consider joining all columns at once using pd.concat(axis=1) instead. To get a de-fragmented frame, use `newframe = frame.copy()`
  out[f"{g}__detect"] = sum_det[:, j] / n_cells
/ocean/projects/bio260021p/kbenjamin/projects/angiotensinII_lung/ras_circuit/_m/../../basement_membrane/_h/02.niche_pseudobulk.py:118: PerformanceWarning: DataFrame is highly fragmented.  This is usually the result of calling `frame.insert` many times, which has poor performance.  Consider joining all columns at once using pd.concat(axis=1) instead. To get a de-fragmented frame, use `newframe = frame.copy()`
  out[f"{g}__detect"] = sum_det[:, j] / n_cells
/ocean/projects/bio260021p/kbenjamin/projects/angiotensinII_lung/ras_circuit/_m/../../basement_membrane/_h/02.niche_pseudobulk.py:118: PerformanceWarning: DataFrame is highly fragmented.  This is usually the result of calling `frame.insert` many times, which has poor performance.  Consider joining all columns at once using pd.concat(axis=1) instead. To get a de-fragmented frame, use `newframe = frame.copy()`
  out[f"{g}__detect"] = sum_det[:, j] / n_cells
/ocean/projects/bio260021p/kbenjamin/projects/angiotensinII_lung/ras_circuit/_m/../../basement_membrane/_h/02.niche_pseudobulk.py:118: PerformanceWarning: DataFrame is highly fragmented.  This is usually the result of calling `frame.insert` many times, which has poor performance.  Consider joining all columns at once using pd.concat(axis=1) instead. To get a de-fragmented frame, use `newframe = frame.copy()`
  out[f"{g}__detect"] = sum_det[:, j] / n_cells
/ocean/projects/bio260021p/kbenjamin/projects/angiotensinII_lung/ras_circuit/_m/../../basement_membrane/_h/02.niche_pseudobulk.py:118: PerformanceWarning: DataFrame is highly fragmented.  This is usually the result of calling `frame.insert` many times, which has poor performance.  Consider joining all columns at once using pd.concat(axis=1) instead. To get a de-fragmented frame, use `newframe = frame.copy()`
  out[f"{g}__detect"] = sum_det[:, j] / n_cells
/ocean/projects/bio260021p/kbenjamin/projects/angiotensinII_lung/ras_circuit/_m/../../basement_membrane/_h/02.niche_pseudobulk.py:118: PerformanceWarning: DataFrame is highly fragmented.  This is usually the result of calling `frame.insert` many times, which has poor performance.  Consider joining all columns at once using pd.concat(axis=1) instead. To get a de-fragmented frame, use `newframe = frame.copy()`
  out[f"{g}__detect"] = sum_det[:, j] / n_cells
/ocean/projects/bio260021p/kbenjamin/projects/angiotensinII_lung/ras_circuit/_m/../../basement_membrane/_h/02.niche_pseudobulk.py:118: PerformanceWarning: DataFrame is highly fragmented.  This is usually the result of calling `frame.insert` many times, which has poor performance.  Consider joining all columns at once using pd.concat(axis=1) instead. To get a de-fragmented frame, use `newframe = frame.copy()`
  out[f"{g}__detect"] = sum_det[:, j] / n_cells
/ocean/projects/bio260021p/kbenjamin/projects/angiotensinII_lung/ras_circuit/_m/../../basement_membrane/_h/02.niche_pseudobulk.py:118: PerformanceWarning: DataFrame is highly fragmented.  This is usually the result of calling `frame.insert` many times, which has poor performance.  Consider joining all columns at once using pd.concat(axis=1) instead. To get a de-fragmented frame, use `newframe = frame.copy()`
  out[f"{g}__detect"] = sum_det[:, j] / n_cells
/ocean/projects/bio260021p/kbenjamin/projects/angiotensinII_lung/ras_circuit/_m/../../basement_membrane/_h/02.niche_pseudobulk.py:118: PerformanceWarning: DataFrame is highly fragmented.  This is usually the result of calling `frame.insert` many times, which has poor performance.  Consider joining all columns at once using pd.concat(axis=1) instead. To get a de-fragmented frame, use `newframe = frame.copy()`
  out[f"{g}__detect"] = sum_det[:, j] / n_cells
/ocean/projects/bio260021p/kbenjamin/projects/angiotensinII_lung/ras_circuit/_m/../../basement_membrane/_h/02.niche_pseudobulk.py:118: PerformanceWarning: DataFrame is highly fragmented.  This is usually the result of calling `frame.insert` many times, which has poor performance.  Consider joining all columns at once using pd.concat(axis=1) instead. To get a de-fragmented frame, use `newframe = frame.copy()`
  out[f"{g}__detect"] = sum_det[:, j] / n_cells
/ocean/projects/bio260021p/kbenjamin/projects/angiotensinII_lung/ras_circuit/_m/../../basement_membrane/_h/02.niche_pseudobulk.py:118: PerformanceWarning: DataFrame is highly fragmented.  This is usually the result of calling `frame.insert` many times, which has poor performance.  Consider joining all columns at once using pd.concat(axis=1) instead. To get a de-fragmented frame, use `newframe = frame.copy()`
  out[f"{g}__detect"] = sum_det[:, j] / n_cells
/ocean/projects/bio260021p/kbenjamin/projects/angiotensinII_lung/ras_circuit/_m/../../basement_membrane/_h/02.niche_pseudobulk.py:118: PerformanceWarning: DataFrame is highly fragmented.  This is usually the result of calling `frame.insert` many times, which has poor performance.  Consider joining all columns at once using pd.concat(axis=1) instead. To get a de-fragmented frame, use `newframe = frame.copy()`
  out[f"{g}__detect"] = sum_det[:, j] / n_cells
/ocean/projects/bio260021p/kbenjamin/projects/angiotensinII_lung/ras_circuit/_m/../../basement_membrane/_h/02.niche_pseudobulk.py:118: PerformanceWarning: DataFrame is highly fragmented.  This is usually the result of calling `frame.insert` many times, which has poor performance.  Consider joining all columns at once using pd.concat(axis=1) instead. To get a de-fragmented frame, use `newframe = frame.copy()`
  out[f"{g}__detect"] = sum_det[:, j] / n_cells
/ocean/projects/bio260021p/kbenjamin/projects/angiotensinII_lung/ras_circuit/_m/../../basement_membrane/_h/02.niche_pseudobulk.py:118: PerformanceWarning: DataFrame is highly fragmented.  This is usually the result of calling `frame.insert` many times, which has poor performance.  Consider joining all columns at once using pd.concat(axis=1) instead. To get a de-fragmented frame, use `newframe = frame.copy()`
  out[f"{g}__detect"] = sum_det[:, j] / n_cells
/ocean/projects/bio260021p/kbenjamin/projects/angiotensinII_lung/ras_circuit/_m/../../basement_membrane/_h/02.niche_pseudobulk.py:118: PerformanceWarning: DataFrame is highly fragmented.  This is usually the result of calling `frame.insert` many times, which has poor performance.  Consider joining all columns at once using pd.concat(axis=1) instead. To get a de-fragmented frame, use `newframe = frame.copy()`
  out[f"{g}__detect"] = sum_det[:, j] / n_cells
/ocean/projects/bio260021p/kbenjamin/projects/angiotensinII_lung/ras_circuit/_m/../../basement_membrane/_h/02.niche_pseudobulk.py:118: PerformanceWarning: DataFrame is highly fragmented.  This is usually the result of calling `frame.insert` many times, which has poor performance.  Consider joining all columns at once using pd.concat(axis=1) instead. To get a de-fragmented frame, use `newframe = frame.copy()`
  out[f"{g}__detect"] = sum_det[:, j] / n_cells
/ocean/projects/bio260021p/kbenjamin/projects/angiotensinII_lung/ras_circuit/_m/../../basement_membrane/_h/02.niche_pseudobulk.py:118: PerformanceWarning: DataFrame is highly fragmented.  This is usually the result of calling `frame.insert` many times, which has poor performance.  Consider joining all columns at once using pd.concat(axis=1) instead. To get a de-fragmented frame, use `newframe = frame.copy()`
  out[f"{g}__detect"] = sum_det[:, j] / n_cells
/ocean/projects/bio260021p/kbenjamin/projects/angiotensinII_lung/ras_circuit/_m/../../basement_membrane/_h/02.niche_pseudobulk.py:118: PerformanceWarning: DataFrame is highly fragmented.  This is usually the result of calling `frame.insert` many times, which has poor performance.  Consider joining all columns at once using pd.concat(axis=1) instead. To get a de-fragmented frame, use `newframe = frame.copy()`
  out[f"{g}__detect"] = sum_det[:, j] / n_cells
/ocean/projects/bio260021p/kbenjamin/projects/angiotensinII_lung/ras_circuit/_m/../../basement_membrane/_h/02.niche_pseudobulk.py:118: PerformanceWarning: DataFrame is highly fragmented.  This is usually the result of calling `frame.insert` many times, which has poor performance.  Consider joining all columns at once using pd.concat(axis=1) instead. To get a de-fragmented frame, use `newframe = frame.copy()`
  out[f"{g}__detect"] = sum_det[:, j] / n_cells
/ocean/projects/bio260021p/kbenjamin/projects/angiotensinII_lung/ras_circuit/_m/../../basement_membrane/_h/02.niche_pseudobulk.py:118: PerformanceWarning: DataFrame is highly fragmented.  This is usually the result of calling `frame.insert` many times, which has poor performance.  Consider joining all columns at once using pd.concat(axis=1) instead. To get a de-fragmented frame, use `newframe = frame.copy()`
  out[f"{g}__detect"] = sum_det[:, j] / n_cells
/ocean/projects/bio260021p/kbenjamin/projects/angiotensinII_lung/ras_circuit/_m/../../basement_membrane/_h/02.niche_pseudobulk.py:118: PerformanceWarning: DataFrame is highly fragmented.  This is usually the result of calling `frame.insert` many times, which has poor performance.  Consider joining all columns at once using pd.concat(axis=1) instead. To get a de-fragmented frame, use `newframe = frame.copy()`
  out[f"{g}__detect"] = sum_det[:, j] / n_cells
/ocean/projects/bio260021p/kbenjamin/projects/angiotensinII_lung/ras_circuit/_m/../../basement_membrane/_h/02.niche_pseudobulk.py:118: PerformanceWarning: DataFrame is highly fragmented.  This is usually the result of calling `frame.insert` many times, which has poor performance.  Consider joining all columns at once using pd.concat(axis=1) instead. To get a de-fragmented frame, use `newframe = frame.copy()`
  out[f"{g}__detect"] = sum_det[:, j] / n_cells
/ocean/projects/bio260021p/kbenjamin/projects/angiotensinII_lung/ras_circuit/_m/../../basement_membrane/_h/02.niche_pseudobulk.py:118: PerformanceWarning: DataFrame is highly fragmented.  This is usually the result of calling `frame.insert` many times, which has poor performance.  Consider joining all columns at once using pd.concat(axis=1) instead. To get a de-fragmented frame, use `newframe = frame.copy()`
  out[f"{g}__detect"] = sum_det[:, j] / n_cells
/ocean/projects/bio260021p/kbenjamin/projects/angiotensinII_lung/ras_circuit/_m/../../basement_membrane/_h/02.niche_pseudobulk.py:118: PerformanceWarning: DataFrame is highly fragmented.  This is usually the result of calling `frame.insert` many times, which has poor performance.  Consider joining all columns at once using pd.concat(axis=1) instead. To get a de-fragmented frame, use `newframe = frame.copy()`
  out[f"{g}__detect"] = sum_det[:, j] / n_cells
/ocean/projects/bio260021p/kbenjamin/projects/angiotensinII_lung/ras_circuit/_m/../../basement_membrane/_h/02.niche_pseudobulk.py:118: PerformanceWarning: DataFrame is highly fragmented.  This is usually the result of calling `frame.insert` many times, which has poor performance.  Consider joining all columns at once using pd.concat(axis=1) instead. To get a de-fragmented frame, use `newframe = frame.copy()`
  out[f"{g}__detect"] = sum_det[:, j] / n_cells
/ocean/projects/bio260021p/kbenjamin/projects/angiotensinII_lung/ras_circuit/_m/../../basement_membrane/_h/02.niche_pseudobulk.py:118: PerformanceWarning: DataFrame is highly fragmented.  This is usually the result of calling `frame.insert` many times, which has poor performance.  Consider joining all columns at once using pd.concat(axis=1) instead. To get a de-fragmented frame, use `newframe = frame.copy()`
  out[f"{g}__detect"] = sum_det[:, j] / n_cells
/ocean/projects/bio260021p/kbenjamin/projects/angiotensinII_lung/ras_circuit/_m/../../basement_membrane/_h/02.niche_pseudobulk.py:118: PerformanceWarning: DataFrame is highly fragmented.  This is usually the result of calling `frame.insert` many times, which has poor performance.  Consider joining all columns at once using pd.concat(axis=1) instead. To get a de-fragmented frame, use `newframe = frame.copy()`
  out[f"{g}__detect"] = sum_det[:, j] / n_cells
/ocean/projects/bio260021p/kbenjamin/projects/angiotensinII_lung/ras_circuit/_m/../../basement_membrane/_h/02.niche_pseudobulk.py:118: PerformanceWarning: DataFrame is highly fragmented.  This is usually the result of calling `frame.insert` many times, which has poor performance.  Consider joining all columns at once using pd.concat(axis=1) instead. To get a de-fragmented frame, use `newframe = frame.copy()`
  out[f"{g}__detect"] = sum_det[:, j] / n_cells
/ocean/projects/bio260021p/kbenjamin/projects/angiotensinII_lung/ras_circuit/_m/../../basement_membrane/_h/02.niche_pseudobulk.py:118: PerformanceWarning: DataFrame is highly fragmented.  This is usually the result of calling `frame.insert` many times, which has poor performance.  Consider joining all columns at once using pd.concat(axis=1) instead. To get a de-fragmented frame, use `newframe = frame.copy()`
  out[f"{g}__detect"] = sum_det[:, j] / n_cells
/ocean/projects/bio260021p/kbenjamin/projects/angiotensinII_lung/ras_circuit/_m/../../basement_membrane/_h/02.niche_pseudobulk.py:118: PerformanceWarning: DataFrame is highly fragmented.  This is usually the result of calling `frame.insert` many times, which has poor performance.  Consider joining all columns at once using pd.concat(axis=1) instead. To get a de-fragmented frame, use `newframe = frame.copy()`
  out[f"{g}__detect"] = sum_det[:, j] / n_cells
/ocean/projects/bio260021p/kbenjamin/projects/angiotensinII_lung/ras_circuit/_m/../../basement_membrane/_h/02.niche_pseudobulk.py:118: PerformanceWarning: DataFrame is highly fragmented.  This is usually the result of calling `frame.insert` many times, which has poor performance.  Consider joining all columns at once using pd.concat(axis=1) instead. To get a de-fragmented frame, use `newframe = frame.copy()`
  out[f"{g}__detect"] = sum_det[:, j] / n_cells
/ocean/projects/bio260021p/kbenjamin/projects/angiotensinII_lung/ras_circuit/_m/../../basement_membrane/_h/02.niche_pseudobulk.py:118: PerformanceWarning: DataFrame is highly fragmented.  This is usually the result of calling `frame.insert` many times, which has poor performance.  Consider joining all columns at once using pd.concat(axis=1) instead. To get a de-fragmented frame, use `newframe = frame.copy()`
  out[f"{g}__detect"] = sum_det[:, j] / n_cells
/ocean/projects/bio260021p/kbenjamin/projects/angiotensinII_lung/ras_circuit/_m/../../basement_membrane/_h/02.niche_pseudobulk.py:118: PerformanceWarning: DataFrame is highly fragmented.  This is usually the result of calling `frame.insert` many times, which has poor performance.  Consider joining all columns at once using pd.concat(axis=1) instead. To get a de-fragmented frame, use `newframe = frame.copy()`
  out[f"{g}__detect"] = sum_det[:, j] / n_cells
/ocean/projects/bio260021p/kbenjamin/projects/angiotensinII_lung/ras_circuit/_m/../../basement_membrane/_h/02.niche_pseudobulk.py:118: PerformanceWarning: DataFrame is highly fragmented.  This is usually the result of calling `frame.insert` many times, which has poor performance.  Consider joining all columns at once using pd.concat(axis=1) instead. To get a de-fragmented frame, use `newframe = frame.copy()`
  out[f"{g}__detect"] = sum_det[:, j] / n_cells
/ocean/projects/bio260021p/kbenjamin/projects/angiotensinII_lung/ras_circuit/_m/../../basement_membrane/_h/02.niche_pseudobulk.py:118: PerformanceWarning: DataFrame is highly fragmented.  This is usually the result of calling `frame.insert` many times, which has poor performance.  Consider joining all columns at once using pd.concat(axis=1) instead. To get a de-fragmented frame, use `newframe = frame.copy()`
  out[f"{g}__detect"] = sum_det[:, j] / n_cells
/ocean/projects/bio260021p/kbenjamin/projects/angiotensinII_lung/ras_circuit/_m/../../basement_membrane/_h/02.niche_pseudobulk.py:118: PerformanceWarning: DataFrame is highly fragmented.  This is usually the result of calling `frame.insert` many times, which has poor performance.  Consider joining all columns at once using pd.concat(axis=1) instead. To get a de-fragmented frame, use `newframe = frame.copy()`
  out[f"{g}__detect"] = sum_det[:, j] / n_cells
/ocean/projects/bio260021p/kbenjamin/projects/angiotensinII_lung/ras_circuit/_m/../../basement_membrane/_h/02.niche_pseudobulk.py:118: PerformanceWarning: DataFrame is highly fragmented.  This is usually the result of calling `frame.insert` many times, which has poor performance.  Consider joining all columns at once using pd.concat(axis=1) instead. To get a de-fragmented frame, use `newframe = frame.copy()`
  out[f"{g}__detect"] = sum_det[:, j] / n_cells
/ocean/projects/bio260021p/kbenjamin/projects/angiotensinII_lung/ras_circuit/_m/../../basement_membrane/_h/02.niche_pseudobulk.py:118: PerformanceWarning: DataFrame is highly fragmented.  This is usually the result of calling `frame.insert` many times, which has poor performance.  Consider joining all columns at once using pd.concat(axis=1) instead. To get a de-fragmented frame, use `newframe = frame.copy()`
  out[f"{g}__detect"] = sum_det[:, j] / n_cells
/ocean/projects/bio260021p/kbenjamin/projects/angiotensinII_lung/ras_circuit/_m/../../basement_membrane/_h/02.niche_pseudobulk.py:118: PerformanceWarning: DataFrame is highly fragmented.  This is usually the result of calling `frame.insert` many times, which has poor performance.  Consider joining all columns at once using pd.concat(axis=1) instead. To get a de-fragmented frame, use `newframe = frame.copy()`
  out[f"{g}__detect"] = sum_det[:, j] / n_cells
/ocean/projects/bio260021p/kbenjamin/projects/angiotensinII_lung/ras_circuit/_m/../../basement_membrane/_h/02.niche_pseudobulk.py:118: PerformanceWarning: DataFrame is highly fragmented.  This is usually the result of calling `frame.insert` many times, which has poor performance.  Consider joining all columns at once using pd.concat(axis=1) instead. To get a de-fragmented frame, use `newframe = frame.copy()`
  out[f"{g}__detect"] = sum_det[:, j] / n_cells
/ocean/projects/bio260021p/kbenjamin/projects/angiotensinII_lung/ras_circuit/_m/../../basement_membrane/_h/02.niche_pseudobulk.py:118: PerformanceWarning: DataFrame is highly fragmented.  This is usually the result of calling `frame.insert` many times, which has poor performance.  Consider joining all columns at once using pd.concat(axis=1) instead. To get a de-fragmented frame, use `newframe = frame.copy()`
  out[f"{g}__detect"] = sum_det[:, j] / n_cells
/ocean/projects/bio260021p/kbenjamin/projects/angiotensinII_lung/ras_circuit/_m/../../basement_membrane/_h/02.niche_pseudobulk.py:118: PerformanceWarning: DataFrame is highly fragmented.  This is usually the result of calling `frame.insert` many times, which has poor performance.  Consider joining all columns at once using pd.concat(axis=1) instead. To get a de-fragmented frame, use `newframe = frame.copy()`
  out[f"{g}__detect"] = sum_det[:, j] / n_cells
/ocean/projects/bio260021p/kbenjamin/projects/angiotensinII_lung/ras_circuit/_m/../../basement_membrane/_h/02.niche_pseudobulk.py:118: PerformanceWarning: DataFrame is highly fragmented.  This is usually the result of calling `frame.insert` many times, which has poor performance.  Consider joining all columns at once using pd.concat(axis=1) instead. To get a de-fragmented frame, use `newframe = frame.copy()`
  out[f"{g}__detect"] = sum_det[:, j] / n_cells
/ocean/projects/bio260021p/kbenjamin/projects/angiotensinII_lung/ras_circuit/_m/../../basement_membrane/_h/02.niche_pseudobulk.py:118: PerformanceWarning: DataFrame is highly fragmented.  This is usually the result of calling `frame.insert` many times, which has poor performance.  Consider joining all columns at once using pd.concat(axis=1) instead. To get a de-fragmented frame, use `newframe = frame.copy()`
  out[f"{g}__detect"] = sum_det[:, j] / n_cells
/ocean/projects/bio260021p/kbenjamin/projects/angiotensinII_lung/ras_circuit/_m/../../basement_membrane/_h/02.niche_pseudobulk.py:118: PerformanceWarning: DataFrame is highly fragmented.  This is usually the result of calling `frame.insert` many times, which has poor performance.  Consider joining all columns at once using pd.concat(axis=1) instead. To get a de-fragmented frame, use `newframe = frame.copy()`
  out[f"{g}__detect"] = sum_det[:, j] / n_cells
/ocean/projects/bio260021p/kbenjamin/projects/angiotensinII_lung/ras_circuit/_m/../../basement_membrane/_h/02.niche_pseudobulk.py:118: PerformanceWarning: DataFrame is highly fragmented.  This is usually the result of calling `frame.insert` many times, which has poor performance.  Consider joining all columns at once using pd.concat(axis=1) instead. To get a de-fragmented frame, use `newframe = frame.copy()`
  out[f"{g}__detect"] = sum_det[:, j] / n_cells
/ocean/projects/bio260021p/kbenjamin/projects/angiotensinII_lung/ras_circuit/_m/../../basement_membrane/_h/02.niche_pseudobulk.py:118: PerformanceWarning: DataFrame is highly fragmented.  This is usually the result of calling `frame.insert` many times, which has poor performance.  Consider joining all columns at once using pd.concat(axis=1) instead. To get a de-fragmented frame, use `newframe = frame.copy()`
  out[f"{g}__detect"] = sum_det[:, j] / n_cells
/ocean/projects/bio260021p/kbenjamin/projects/angiotensinII_lung/ras_circuit/_m/../../basement_membrane/_h/02.niche_pseudobulk.py:118: PerformanceWarning: DataFrame is highly fragmented.  This is usually the result of calling `frame.insert` many times, which has poor performance.  Consider joining all columns at once using pd.concat(axis=1) instead. To get a de-fragmented frame, use `newframe = frame.copy()`
  out[f"{g}__detect"] = sum_det[:, j] / n_cells
/ocean/projects/bio260021p/kbenjamin/projects/angiotensinII_lung/ras_circuit/_m/../../basement_membrane/_h/02.niche_pseudobulk.py:118: PerformanceWarning: DataFrame is highly fragmented.  This is usually the result of calling `frame.insert` many times, which has poor performance.  Consider joining all columns at once using pd.concat(axis=1) instead. To get a de-fragmented frame, use `newframe = frame.copy()`
  out[f"{g}__detect"] = sum_det[:, j] / n_cells
/ocean/projects/bio260021p/kbenjamin/projects/angiotensinII_lung/ras_circuit/_m/../../basement_membrane/_h/02.niche_pseudobulk.py:118: PerformanceWarning: DataFrame is highly fragmented.  This is usually the result of calling `frame.insert` many times, which has poor performance.  Consider joining all columns at once using pd.concat(axis=1) instead. To get a de-fragmented frame, use `newframe = frame.copy()`
  out[f"{g}__detect"] = sum_det[:, j] / n_cells
/ocean/projects/bio260021p/kbenjamin/projects/angiotensinII_lung/ras_circuit/_m/../../basement_membrane/_h/02.niche_pseudobulk.py:118: PerformanceWarning: DataFrame is highly fragmented.  This is usually the result of calling `frame.insert` many times, which has poor performance.  Consider joining all columns at once using pd.concat(axis=1) instead. To get a de-fragmented frame, use `newframe = frame.copy()`
  out[f"{g}__detect"] = sum_det[:, j] / n_cells
/ocean/projects/bio260021p/kbenjamin/projects/angiotensinII_lung/ras_circuit/_m/../../basement_membrane/_h/02.niche_pseudobulk.py:118: PerformanceWarning: DataFrame is highly fragmented.  This is usually the result of calling `frame.insert` many times, which has poor performance.  Consider joining all columns at once using pd.concat(axis=1) instead. To get a de-fragmented frame, use `newframe = frame.copy()`
  out[f"{g}__detect"] = sum_det[:, j] / n_cells
/ocean/projects/bio260021p/kbenjamin/projects/angiotensinII_lung/ras_circuit/_m/../../basement_membrane/_h/02.niche_pseudobulk.py:118: PerformanceWarning: DataFrame is highly fragmented.  This is usually the result of calling `frame.insert` many times, which has poor performance.  Consider joining all columns at once using pd.concat(axis=1) instead. To get a de-fragmented frame, use `newframe = frame.copy()`
  out[f"{g}__detect"] = sum_det[:, j] / n_cells
/ocean/projects/bio260021p/kbenjamin/projects/angiotensinII_lung/ras_circuit/_m/../../basement_membrane/_h/02.niche_pseudobulk.py:118: PerformanceWarning: DataFrame is highly fragmented.  This is usually the result of calling `frame.insert` many times, which has poor performance.  Consider joining all columns at once using pd.concat(axis=1) instead. To get a de-fragmented frame, use `newframe = frame.copy()`
  out[f"{g}__detect"] = sum_det[:, j] / n_cells
/ocean/projects/bio260021p/kbenjamin/projects/angiotensinII_lung/ras_circuit/_m/../../basement_membrane/_h/02.niche_pseudobulk.py:118: PerformanceWarning: DataFrame is highly fragmented.  This is usually the result of calling `frame.insert` many times, which has poor performance.  Consider joining all columns at once using pd.concat(axis=1) instead. To get a de-fragmented frame, use `newframe = frame.copy()`
  out[f"{g}__detect"] = sum_det[:, j] / n_cells
/ocean/projects/bio260021p/kbenjamin/projects/angiotensinII_lung/ras_circuit/_m/../../basement_membrane/_h/02.niche_pseudobulk.py:118: PerformanceWarning: DataFrame is highly fragmented.  This is usually the result of calling `frame.insert` many times, which has poor performance.  Consider joining all columns at once using pd.concat(axis=1) instead. To get a de-fragmented frame, use `newframe = frame.copy()`
  out[f"{g}__detect"] = sum_det[:, j] / n_cells
/ocean/projects/bio260021p/kbenjamin/projects/angiotensinII_lung/ras_circuit/_m/../../basement_membrane/_h/02.niche_pseudobulk.py:118: PerformanceWarning: DataFrame is highly fragmented.  This is usually the result of calling `frame.insert` many times, which has poor performance.  Consider joining all columns at once using pd.concat(axis=1) instead. To get a de-fragmented frame, use `newframe = frame.copy()`
  out[f"{g}__detect"] = sum_det[:, j] / n_cells
/ocean/projects/bio260021p/kbenjamin/projects/angiotensinII_lung/ras_circuit/_m/../../basement_membrane/_h/02.niche_pseudobulk.py:118: PerformanceWarning: DataFrame is highly fragmented.  This is usually the result of calling `frame.insert` many times, which has poor performance.  Consider joining all columns at once using pd.concat(axis=1) instead. To get a de-fragmented frame, use `newframe = frame.copy()`
  out[f"{g}__detect"] = sum_det[:, j] / n_cells
/ocean/projects/bio260021p/kbenjamin/projects/angiotensinII_lung/ras_circuit/_m/../../basement_membrane/_h/02.niche_pseudobulk.py:118: PerformanceWarning: DataFrame is highly fragmented.  This is usually the result of calling `frame.insert` many times, which has poor performance.  Consider joining all columns at once using pd.concat(axis=1) instead. To get a de-fragmented frame, use `newframe = frame.copy()`
  out[f"{g}__detect"] = sum_det[:, j] / n_cells
/ocean/projects/bio260021p/kbenjamin/projects/angiotensinII_lung/ras_circuit/_m/../../basement_membrane/_h/02.niche_pseudobulk.py:118: PerformanceWarning: DataFrame is highly fragmented.  This is usually the result of calling `frame.insert` many times, which has poor performance.  Consider joining all columns at once using pd.concat(axis=1) instead. To get a de-fragmented frame, use `newframe = frame.copy()`
  out[f"{g}__detect"] = sum_det[:, j] / n_cells
/ocean/projects/bio260021p/kbenjamin/projects/angiotensinII_lung/ras_circuit/_m/../../basement_membrane/_h/02.niche_pseudobulk.py:118: PerformanceWarning: DataFrame is highly fragmented.  This is usually the result of calling `frame.insert` many times, which has poor performance.  Consider joining all columns at once using pd.concat(axis=1) instead. To get a de-fragmented frame, use `newframe = frame.copy()`
  out[f"{g}__detect"] = sum_det[:, j] / n_cells
/ocean/projects/bio260021p/kbenjamin/projects/angiotensinII_lung/ras_circuit/_m/../../basement_membrane/_h/02.niche_pseudobulk.py:118: PerformanceWarning: DataFrame is highly fragmented.  This is usually the result of calling `frame.insert` many times, which has poor performance.  Consider joining all columns at once using pd.concat(axis=1) instead. To get a de-fragmented frame, use `newframe = frame.copy()`
  out[f"{g}__detect"] = sum_det[:, j] / n_cells
/ocean/projects/bio260021p/kbenjamin/projects/angiotensinII_lung/ras_circuit/_m/../../basement_membrane/_h/02.niche_pseudobulk.py:118: PerformanceWarning: DataFrame is highly fragmented.  This is usually the result of calling `frame.insert` many times, which has poor performance.  Consider joining all columns at once using pd.concat(axis=1) instead. To get a de-fragmented frame, use `newframe = frame.copy()`
  out[f"{g}__detect"] = sum_det[:, j] / n_cells
/ocean/projects/bio260021p/kbenjamin/projects/angiotensinII_lung/ras_circuit/_m/../../basement_membrane/_h/02.niche_pseudobulk.py:118: PerformanceWarning: DataFrame is highly fragmented.  This is usually the result of calling `frame.insert` many times, which has poor performance.  Consider joining all columns at once using pd.concat(axis=1) instead. To get a de-fragmented frame, use `newframe = frame.copy()`
  out[f"{g}__detect"] = sum_det[:, j] / n_cells
/ocean/projects/bio260021p/kbenjamin/projects/angiotensinII_lung/ras_circuit/_m/../../basement_membrane/_h/02.niche_pseudobulk.py:118: PerformanceWarning: DataFrame is highly fragmented.  This is usually the result of calling `frame.insert` many times, which has poor performance.  Consider joining all columns at once using pd.concat(axis=1) instead. To get a de-fragmented frame, use `newframe = frame.copy()`
  out[f"{g}__detect"] = sum_det[:, j] / n_cells
/ocean/projects/bio260021p/kbenjamin/projects/angiotensinII_lung/ras_circuit/_m/../../basement_membrane/_h/02.niche_pseudobulk.py:118: PerformanceWarning: DataFrame is highly fragmented.  This is usually the result of calling `frame.insert` many times, which has poor performance.  Consider joining all columns at once using pd.concat(axis=1) instead. To get a de-fragmented frame, use `newframe = frame.copy()`
  out[f"{g}__detect"] = sum_det[:, j] / n_cells
/ocean/projects/bio260021p/kbenjamin/projects/angiotensinII_lung/ras_circuit/_m/../../basement_membrane/_h/02.niche_pseudobulk.py:118: PerformanceWarning: DataFrame is highly fragmented.  This is usually the result of calling `frame.insert` many times, which has poor performance.  Consider joining all columns at once using pd.concat(axis=1) instead. To get a de-fragmented frame, use `newframe = frame.copy()`
  out[f"{g}__detect"] = sum_det[:, j] / n_cells
/ocean/projects/bio260021p/kbenjamin/projects/angiotensinII_lung/ras_circuit/_m/../../basement_membrane/_h/02.niche_pseudobulk.py:118: PerformanceWarning: DataFrame is highly fragmented.  This is usually the result of calling `frame.insert` many times, which has poor performance.  Consider joining all columns at once using pd.concat(axis=1) instead. To get a de-fragmented frame, use `newframe = frame.copy()`
  out[f"{g}__detect"] = sum_det[:, j] / n_cells
/ocean/projects/bio260021p/kbenjamin/projects/angiotensinII_lung/ras_circuit/_m/../../basement_membrane/_h/02.niche_pseudobulk.py:118: PerformanceWarning: DataFrame is highly fragmented.  This is usually the result of calling `frame.insert` many times, which has poor performance.  Consider joining all columns at once using pd.concat(axis=1) instead. To get a de-fragmented frame, use `newframe = frame.copy()`
  out[f"{g}__detect"] = sum_det[:, j] / n_cells
/ocean/projects/bio260021p/kbenjamin/projects/angiotensinII_lung/ras_circuit/_m/../../basement_membrane/_h/02.niche_pseudobulk.py:118: PerformanceWarning: DataFrame is highly fragmented.  This is usually the result of calling `frame.insert` many times, which has poor performance.  Consider joining all columns at once using pd.concat(axis=1) instead. To get a de-fragmented frame, use `newframe = frame.copy()`
  out[f"{g}__detect"] = sum_det[:, j] / n_cells
/ocean/projects/bio260021p/kbenjamin/projects/angiotensinII_lung/ras_circuit/_m/../../basement_membrane/_h/02.niche_pseudobulk.py:118: PerformanceWarning: DataFrame is highly fragmented.  This is usually the result of calling `frame.insert` many times, which has poor performance.  Consider joining all columns at once using pd.concat(axis=1) instead. To get a de-fragmented frame, use `newframe = frame.copy()`
  out[f"{g}__detect"] = sum_det[:, j] / n_cells
/ocean/projects/bio260021p/kbenjamin/projects/angiotensinII_lung/ras_circuit/_m/../../basement_membrane/_h/02.niche_pseudobulk.py:118: PerformanceWarning: DataFrame is highly fragmented.  This is usually the result of calling `frame.insert` many times, which has poor performance.  Consider joining all columns at once using pd.concat(axis=1) instead. To get a de-fragmented frame, use `newframe = frame.copy()`
  out[f"{g}__detect"] = sum_det[:, j] / n_cells
/ocean/projects/bio260021p/kbenjamin/projects/angiotensinII_lung/ras_circuit/_m/../../basement_membrane/_h/02.niche_pseudobulk.py:118: PerformanceWarning: DataFrame is highly fragmented.  This is usually the result of calling `frame.insert` many times, which has poor performance.  Consider joining all columns at once using pd.concat(axis=1) instead. To get a de-fragmented frame, use `newframe = frame.copy()`
  out[f"{g}__detect"] = sum_det[:, j] / n_cells
/ocean/projects/bio260021p/kbenjamin/projects/angiotensinII_lung/ras_circuit/_m/../../basement_membrane/_h/02.niche_pseudobulk.py:118: PerformanceWarning: DataFrame is highly fragmented.  This is usually the result of calling `frame.insert` many times, which has poor performance.  Consider joining all columns at once using pd.concat(axis=1) instead. To get a de-fragmented frame, use `newframe = frame.copy()`
  out[f"{g}__detect"] = sum_det[:, j] / n_cells
/ocean/projects/bio260021p/kbenjamin/projects/angiotensinII_lung/ras_circuit/_m/../../basement_membrane/_h/02.niche_pseudobulk.py:118: PerformanceWarning: DataFrame is highly fragmented.  This is usually the result of calling `frame.insert` many times, which has poor performance.  Consider joining all columns at once using pd.concat(axis=1) instead. To get a de-fragmented frame, use `newframe = frame.copy()`
  out[f"{g}__detect"] = sum_det[:, j] / n_cells
/ocean/projects/bio260021p/kbenjamin/projects/angiotensinII_lung/ras_circuit/_m/../../basement_membrane/_h/02.niche_pseudobulk.py:118: PerformanceWarning: DataFrame is highly fragmented.  This is usually the result of calling `frame.insert` many times, which has poor performance.  Consider joining all columns at once using pd.concat(axis=1) instead. To get a de-fragmented frame, use `newframe = frame.copy()`
  out[f"{g}__detect"] = sum_det[:, j] / n_cells
/ocean/projects/bio260021p/kbenjamin/projects/angiotensinII_lung/ras_circuit/_m/../../basement_membrane/_h/02.niche_pseudobulk.py:118: PerformanceWarning: DataFrame is highly fragmented.  This is usually the result of calling `frame.insert` many times, which has poor performance.  Consider joining all columns at once using pd.concat(axis=1) instead. To get a de-fragmented frame, use `newframe = frame.copy()`
  out[f"{g}__detect"] = sum_det[:, j] / n_cells
/ocean/projects/bio260021p/kbenjamin/projects/angiotensinII_lung/ras_circuit/_m/../../basement_membrane/_h/02.niche_pseudobulk.py:118: PerformanceWarning: DataFrame is highly fragmented.  This is usually the result of calling `frame.insert` many times, which has poor performance.  Consider joining all columns at once using pd.concat(axis=1) instead. To get a de-fragmented frame, use `newframe = frame.copy()`
  out[f"{g}__detect"] = sum_det[:, j] / n_cells
/ocean/projects/bio260021p/kbenjamin/projects/angiotensinII_lung/ras_circuit/_m/../../basement_membrane/_h/02.niche_pseudobulk.py:118: PerformanceWarning: DataFrame is highly fragmented.  This is usually the result of calling `frame.insert` many times, which has poor performance.  Consider joining all columns at once using pd.concat(axis=1) instead. To get a de-fragmented frame, use `newframe = frame.copy()`
  out[f"{g}__detect"] = sum_det[:, j] / n_cells
/ocean/projects/bio260021p/kbenjamin/projects/angiotensinII_lung/ras_circuit/_m/../../basement_membrane/_h/02.niche_pseudobulk.py:118: PerformanceWarning: DataFrame is highly fragmented.  This is usually the result of calling `frame.insert` many times, which has poor performance.  Consider joining all columns at once using pd.concat(axis=1) instead. To get a de-fragmented frame, use `newframe = frame.copy()`
  out[f"{g}__detect"] = sum_det[:, j] / n_cells
/ocean/projects/bio260021p/kbenjamin/projects/angiotensinII_lung/ras_circuit/_m/../../basement_membrane/_h/02.niche_pseudobulk.py:118: PerformanceWarning: DataFrame is highly fragmented.  This is usually the result of calling `frame.insert` many times, which has poor performance.  Consider joining all columns at once using pd.concat(axis=1) instead. To get a de-fragmented frame, use `newframe = frame.copy()`
  out[f"{g}__detect"] = sum_det[:, j] / n_cells
/ocean/projects/bio260021p/kbenjamin/projects/angiotensinII_lung/ras_circuit/_m/../../basement_membrane/_h/02.niche_pseudobulk.py:118: PerformanceWarning: DataFrame is highly fragmented.  This is usually the result of calling `frame.insert` many times, which has poor performance.  Consider joining all columns at once using pd.concat(axis=1) instead. To get a de-fragmented frame, use `newframe = frame.copy()`
  out[f"{g}__detect"] = sum_det[:, j] / n_cells
/ocean/projects/bio260021p/kbenjamin/projects/angiotensinII_lung/ras_circuit/_m/../../basement_membrane/_h/02.niche_pseudobulk.py:118: PerformanceWarning: DataFrame is highly fragmented.  This is usually the result of calling `frame.insert` many times, which has poor performance.  Consider joining all columns at once using pd.concat(axis=1) instead. To get a de-fragmented frame, use `newframe = frame.copy()`
  out[f"{g}__detect"] = sum_det[:, j] / n_cells
/ocean/projects/bio260021p/kbenjamin/projects/angiotensinII_lung/ras_circuit/_m/../../basement_membrane/_h/02.niche_pseudobulk.py:118: PerformanceWarning: DataFrame is highly fragmented.  This is usually the result of calling `frame.insert` many times, which has poor performance.  Consider joining all columns at once using pd.concat(axis=1) instead. To get a de-fragmented frame, use `newframe = frame.copy()`
  out[f"{g}__detect"] = sum_det[:, j] / n_cells
/ocean/projects/bio260021p/kbenjamin/projects/angiotensinII_lung/ras_circuit/_m/../../basement_membrane/_h/02.niche_pseudobulk.py:118: PerformanceWarning: DataFrame is highly fragmented.  This is usually the result of calling `frame.insert` many times, which has poor performance.  Consider joining all columns at once using pd.concat(axis=1) instead. To get a de-fragmented frame, use `newframe = frame.copy()`
  out[f"{g}__detect"] = sum_det[:, j] / n_cells
/ocean/projects/bio260021p/kbenjamin/projects/angiotensinII_lung/ras_circuit/_m/../../basement_membrane/_h/02.niche_pseudobulk.py:118: PerformanceWarning: DataFrame is highly fragmented.  This is usually the result of calling `frame.insert` many times, which has poor performance.  Consider joining all columns at once using pd.concat(axis=1) instead. To get a de-fragmented frame, use `newframe = frame.copy()`
  out[f"{g}__detect"] = sum_det[:, j] / n_cells
/ocean/projects/bio260021p/kbenjamin/projects/angiotensinII_lung/ras_circuit/_m/../../basement_membrane/_h/02.niche_pseudobulk.py:118: PerformanceWarning: DataFrame is highly fragmented.  This is usually the result of calling `frame.insert` many times, which has poor performance.  Consider joining all columns at once using pd.concat(axis=1) instead. To get a de-fragmented frame, use `newframe = frame.copy()`
  out[f"{g}__detect"] = sum_det[:, j] / n_cells
/ocean/projects/bio260021p/kbenjamin/projects/angiotensinII_lung/ras_circuit/_m/../../basement_membrane/_h/02.niche_pseudobulk.py:118: PerformanceWarning: DataFrame is highly fragmented.  This is usually the result of calling `frame.insert` many times, which has poor performance.  Consider joining all columns at once using pd.concat(axis=1) instead. To get a de-fragmented frame, use `newframe = frame.copy()`
  out[f"{g}__detect"] = sum_det[:, j] / n_cells
/ocean/projects/bio260021p/kbenjamin/projects/angiotensinII_lung/ras_circuit/_m/../../basement_membrane/_h/02.niche_pseudobulk.py:118: PerformanceWarning: DataFrame is highly fragmented.  This is usually the result of calling `frame.insert` many times, which has poor performance.  Consider joining all columns at once using pd.concat(axis=1) instead. To get a de-fragmented frame, use `newframe = frame.copy()`
  out[f"{g}__detect"] = sum_det[:, j] / n_cells
/ocean/projects/bio260021p/kbenjamin/projects/angiotensinII_lung/ras_circuit/_m/../../basement_membrane/_h/02.niche_pseudobulk.py:118: PerformanceWarning: DataFrame is highly fragmented.  This is usually the result of calling `frame.insert` many times, which has poor performance.  Consider joining all columns at once using pd.concat(axis=1) instead. To get a de-fragmented frame, use `newframe = frame.copy()`
  out[f"{g}__detect"] = sum_det[:, j] / n_cells
/ocean/projects/bio260021p/kbenjamin/projects/angiotensinII_lung/ras_circuit/_m/../../basement_membrane/_h/02.niche_pseudobulk.py:118: PerformanceWarning: DataFrame is highly fragmented.  This is usually the result of calling `frame.insert` many times, which has poor performance.  Consider joining all columns at once using pd.concat(axis=1) instead. To get a de-fragmented frame, use `newframe = frame.copy()`
  out[f"{g}__detect"] = sum_det[:, j] / n_cells
/ocean/projects/bio260021p/kbenjamin/projects/angiotensinII_lung/ras_circuit/_m/../../basement_membrane/_h/02.niche_pseudobulk.py:118: PerformanceWarning: DataFrame is highly fragmented.  This is usually the result of calling `frame.insert` many times, which has poor performance.  Consider joining all columns at once using pd.concat(axis=1) instead. To get a de-fragmented frame, use `newframe = frame.copy()`
  out[f"{g}__detect"] = sum_det[:, j] / n_cells
/ocean/projects/bio260021p/kbenjamin/projects/angiotensinII_lung/ras_circuit/_m/../../basement_membrane/_h/02.niche_pseudobulk.py:118: PerformanceWarning: DataFrame is highly fragmented.  This is usually the result of calling `frame.insert` many times, which has poor performance.  Consider joining all columns at once using pd.concat(axis=1) instead. To get a de-fragmented frame, use `newframe = frame.copy()`
  out[f"{g}__detect"] = sum_det[:, j] / n_cells
/ocean/projects/bio260021p/kbenjamin/projects/angiotensinII_lung/ras_circuit/_m/../../basement_membrane/_h/02.niche_pseudobulk.py:118: PerformanceWarning: DataFrame is highly fragmented.  This is usually the result of calling `frame.insert` many times, which has poor performance.  Consider joining all columns at once using pd.concat(axis=1) instead. To get a de-fragmented frame, use `newframe = frame.copy()`
  out[f"{g}__detect"] = sum_det[:, j] / n_cells
/ocean/projects/bio260021p/kbenjamin/projects/angiotensinII_lung/ras_circuit/_m/../../basement_membrane/_h/02.niche_pseudobulk.py:118: PerformanceWarning: DataFrame is highly fragmented.  This is usually the result of calling `frame.insert` many times, which has poor performance.  Consider joining all columns at once using pd.concat(axis=1) instead. To get a de-fragmented frame, use `newframe = frame.copy()`
  out[f"{g}__detect"] = sum_det[:, j] / n_cells
/ocean/projects/bio260021p/kbenjamin/projects/angiotensinII_lung/ras_circuit/_m/../../basement_membrane/_h/02.niche_pseudobulk.py:118: PerformanceWarning: DataFrame is highly fragmented.  This is usually the result of calling `frame.insert` many times, which has poor performance.  Consider joining all columns at once using pd.concat(axis=1) instead. To get a de-fragmented frame, use `newframe = frame.copy()`
  out[f"{g}__detect"] = sum_det[:, j] / n_cells
/ocean/projects/bio260021p/kbenjamin/projects/angiotensinII_lung/ras_circuit/_m/../../basement_membrane/_h/02.niche_pseudobulk.py:118: PerformanceWarning: DataFrame is highly fragmented.  This is usually the result of calling `frame.insert` many times, which has poor performance.  Consider joining all columns at once using pd.concat(axis=1) instead. To get a de-fragmented frame, use `newframe = frame.copy()`
  out[f"{g}__detect"] = sum_det[:, j] / n_cells
/ocean/projects/bio260021p/kbenjamin/projects/angiotensinII_lung/ras_circuit/_m/../../basement_membrane/_h/02.niche_pseudobulk.py:118: PerformanceWarning: DataFrame is highly fragmented.  This is usually the result of calling `frame.insert` many times, which has poor performance.  Consider joining all columns at once using pd.concat(axis=1) instead. To get a de-fragmented frame, use `newframe = frame.copy()`
  out[f"{g}__detect"] = sum_det[:, j] / n_cells
/ocean/projects/bio260021p/kbenjamin/projects/angiotensinII_lung/ras_circuit/_m/../../basement_membrane/_h/02.niche_pseudobulk.py:118: PerformanceWarning: DataFrame is highly fragmented.  This is usually the result of calling `frame.insert` many times, which has poor performance.  Consider joining all columns at once using pd.concat(axis=1) instead. To get a de-fragmented frame, use `newframe = frame.copy()`
  out[f"{g}__detect"] = sum_det[:, j] / n_cells
/ocean/projects/bio260021p/kbenjamin/projects/angiotensinII_lung/ras_circuit/_m/../../basement_membrane/_h/02.niche_pseudobulk.py:118: PerformanceWarning: DataFrame is highly fragmented.  This is usually the result of calling `frame.insert` many times, which has poor performance.  Consider joining all columns at once using pd.concat(axis=1) instead. To get a de-fragmented frame, use `newframe = frame.copy()`
  out[f"{g}__detect"] = sum_det[:, j] / n_cells
/ocean/projects/bio260021p/kbenjamin/projects/angiotensinII_lung/ras_circuit/_m/../../basement_membrane/_h/02.niche_pseudobulk.py:118: PerformanceWarning: DataFrame is highly fragmented.  This is usually the result of calling `frame.insert` many times, which has poor performance.  Consider joining all columns at once using pd.concat(axis=1) instead. To get a de-fragmented frame, use `newframe = frame.copy()`
  out[f"{g}__detect"] = sum_det[:, j] / n_cells
/ocean/projects/bio260021p/kbenjamin/projects/angiotensinII_lung/ras_circuit/_m/../../basement_membrane/_h/02.niche_pseudobulk.py:118: PerformanceWarning: DataFrame is highly fragmented.  This is usually the result of calling `frame.insert` many times, which has poor performance.  Consider joining all columns at once using pd.concat(axis=1) instead. To get a de-fragmented frame, use `newframe = frame.copy()`
  out[f"{g}__detect"] = sum_det[:, j] / n_cells
/ocean/projects/bio260021p/kbenjamin/projects/angiotensinII_lung/ras_circuit/_m/../../basement_membrane/_h/02.niche_pseudobulk.py:118: PerformanceWarning: DataFrame is highly fragmented.  This is usually the result of calling `frame.insert` many times, which has poor performance.  Consider joining all columns at once using pd.concat(axis=1) instead. To get a de-fragmented frame, use `newframe = frame.copy()`
  out[f"{g}__detect"] = sum_det[:, j] / n_cells
/ocean/projects/bio260021p/kbenjamin/projects/angiotensinII_lung/ras_circuit/_m/../../basement_membrane/_h/02.niche_pseudobulk.py:118: PerformanceWarning: DataFrame is highly fragmented.  This is usually the result of calling `frame.insert` many times, which has poor performance.  Consider joining all columns at once using pd.concat(axis=1) instead. To get a de-fragmented frame, use `newframe = frame.copy()`
  out[f"{g}__detect"] = sum_det[:, j] / n_cells
/ocean/projects/bio260021p/kbenjamin/projects/angiotensinII_lung/ras_circuit/_m/../../basement_membrane/_h/02.niche_pseudobulk.py:118: PerformanceWarning: DataFrame is highly fragmented.  This is usually the result of calling `frame.insert` many times, which has poor performance.  Consider joining all columns at once using pd.concat(axis=1) instead. To get a de-fragmented frame, use `newframe = frame.copy()`
  out[f"{g}__detect"] = sum_det[:, j] / n_cells
/ocean/projects/bio260021p/kbenjamin/projects/angiotensinII_lung/ras_circuit/_m/../../basement_membrane/_h/02.niche_pseudobulk.py:118: PerformanceWarning: DataFrame is highly fragmented.  This is usually the result of calling `frame.insert` many times, which has poor performance.  Consider joining all columns at once using pd.concat(axis=1) instead. To get a de-fragmented frame, use `newframe = frame.copy()`
  out[f"{g}__detect"] = sum_det[:, j] / n_cells
/ocean/projects/bio260021p/kbenjamin/projects/angiotensinII_lung/ras_circuit/_m/../../basement_membrane/_h/02.niche_pseudobulk.py:118: PerformanceWarning: DataFrame is highly fragmented.  This is usually the result of calling `frame.insert` many times, which has poor performance.  Consider joining all columns at once using pd.concat(axis=1) instead. To get a de-fragmented frame, use `newframe = frame.copy()`
  out[f"{g}__detect"] = sum_det[:, j] / n_cells
/ocean/projects/bio260021p/kbenjamin/projects/angiotensinII_lung/ras_circuit/_m/../../basement_membrane/_h/02.niche_pseudobulk.py:118: PerformanceWarning: DataFrame is highly fragmented.  This is usually the result of calling `frame.insert` many times, which has poor performance.  Consider joining all columns at once using pd.concat(axis=1) instead. To get a de-fragmented frame, use `newframe = frame.copy()`
  out[f"{g}__detect"] = sum_det[:, j] / n_cells
/ocean/projects/bio260021p/kbenjamin/projects/angiotensinII_lung/ras_circuit/_m/../../basement_membrane/_h/02.niche_pseudobulk.py:118: PerformanceWarning: DataFrame is highly fragmented.  This is usually the result of calling `frame.insert` many times, which has poor performance.  Consider joining all columns at once using pd.concat(axis=1) instead. To get a de-fragmented frame, use `newframe = frame.copy()`
  out[f"{g}__detect"] = sum_det[:, j] / n_cells
/ocean/projects/bio260021p/kbenjamin/projects/angiotensinII_lung/ras_circuit/_m/../../basement_membrane/_h/02.niche_pseudobulk.py:118: PerformanceWarning: DataFrame is highly fragmented.  This is usually the result of calling `frame.insert` many times, which has poor performance.  Consider joining all columns at once using pd.concat(axis=1) instead. To get a de-fragmented frame, use `newframe = frame.copy()`
  out[f"{g}__detect"] = sum_det[:, j] / n_cells
/ocean/projects/bio260021p/kbenjamin/projects/angiotensinII_lung/ras_circuit/_m/../../basement_membrane/_h/02.niche_pseudobulk.py:118: PerformanceWarning: DataFrame is highly fragmented.  This is usually the result of calling `frame.insert` many times, which has poor performance.  Consider joining all columns at once using pd.concat(axis=1) instead. To get a de-fragmented frame, use `newframe = frame.copy()`
  out[f"{g}__detect"] = sum_det[:, j] / n_cells
/ocean/projects/bio260021p/kbenjamin/projects/angiotensinII_lung/ras_circuit/_m/../../basement_membrane/_h/02.niche_pseudobulk.py:118: PerformanceWarning: DataFrame is highly fragmented.  This is usually the result of calling `frame.insert` many times, which has poor performance.  Consider joining all columns at once using pd.concat(axis=1) instead. To get a de-fragmented frame, use `newframe = frame.copy()`
  out[f"{g}__detect"] = sum_det[:, j] / n_cells
/ocean/projects/bio260021p/kbenjamin/projects/angiotensinII_lung/ras_circuit/_m/../../basement_membrane/_h/02.niche_pseudobulk.py:118: PerformanceWarning: DataFrame is highly fragmented.  This is usually the result of calling `frame.insert` many times, which has poor performance.  Consider joining all columns at once using pd.concat(axis=1) instead. To get a de-fragmented frame, use `newframe = frame.copy()`
  out[f"{g}__detect"] = sum_det[:, j] / n_cells
/ocean/projects/bio260021p/kbenjamin/projects/angiotensinII_lung/ras_circuit/_m/../../basement_membrane/_h/02.niche_pseudobulk.py:118: PerformanceWarning: DataFrame is highly fragmented.  This is usually the result of calling `frame.insert` many times, which has poor performance.  Consider joining all columns at once using pd.concat(axis=1) instead. To get a de-fragmented frame, use `newframe = frame.copy()`
  out[f"{g}__detect"] = sum_det[:, j] / n_cells
/ocean/projects/bio260021p/kbenjamin/projects/angiotensinII_lung/ras_circuit/_m/../../basement_membrane/_h/02.niche_pseudobulk.py:118: PerformanceWarning: DataFrame is highly fragmented.  This is usually the result of calling `frame.insert` many times, which has poor performance.  Consider joining all columns at once using pd.concat(axis=1) instead. To get a de-fragmented frame, use `newframe = frame.copy()`
  out[f"{g}__detect"] = sum_det[:, j] / n_cells
/ocean/projects/bio260021p/kbenjamin/projects/angiotensinII_lung/ras_circuit/_m/../../basement_membrane/_h/02.niche_pseudobulk.py:118: PerformanceWarning: DataFrame is highly fragmented.  This is usually the result of calling `frame.insert` many times, which has poor performance.  Consider joining all columns at once using pd.concat(axis=1) instead. To get a de-fragmented frame, use `newframe = frame.copy()`
  out[f"{g}__detect"] = sum_det[:, j] / n_cells
/ocean/projects/bio260021p/kbenjamin/projects/angiotensinII_lung/ras_circuit/_m/../../basement_membrane/_h/02.niche_pseudobulk.py:118: PerformanceWarning: DataFrame is highly fragmented.  This is usually the result of calling `frame.insert` many times, which has poor performance.  Consider joining all columns at once using pd.concat(axis=1) instead. To get a de-fragmented frame, use `newframe = frame.copy()`
  out[f"{g}__detect"] = sum_det[:, j] / n_cells
/ocean/projects/bio260021p/kbenjamin/projects/angiotensinII_lung/ras_circuit/_m/../../basement_membrane/_h/02.niche_pseudobulk.py:118: PerformanceWarning: DataFrame is highly fragmented.  This is usually the result of calling `frame.insert` many times, which has poor performance.  Consider joining all columns at once using pd.concat(axis=1) instead. To get a de-fragmented frame, use `newframe = frame.copy()`
  out[f"{g}__detect"] = sum_det[:, j] / n_cells
/ocean/projects/bio260021p/kbenjamin/projects/angiotensinII_lung/ras_circuit/_m/../../basement_membrane/_h/02.niche_pseudobulk.py:118: PerformanceWarning: DataFrame is highly fragmented.  This is usually the result of calling `frame.insert` many times, which has poor performance.  Consider joining all columns at once using pd.concat(axis=1) instead. To get a de-fragmented frame, use `newframe = frame.copy()`
  out[f"{g}__detect"] = sum_det[:, j] / n_cells
/ocean/projects/bio260021p/kbenjamin/projects/angiotensinII_lung/ras_circuit/_m/../../basement_membrane/_h/02.niche_pseudobulk.py:118: PerformanceWarning: DataFrame is highly fragmented.  This is usually the result of calling `frame.insert` many times, which has poor performance.  Consider joining all columns at once using pd.concat(axis=1) instead. To get a de-fragmented frame, use `newframe = frame.copy()`
  out[f"{g}__detect"] = sum_det[:, j] / n_cells
/ocean/projects/bio260021p/kbenjamin/projects/angiotensinII_lung/ras_circuit/_m/../../basement_membrane/_h/02.niche_pseudobulk.py:118: PerformanceWarning: DataFrame is highly fragmented.  This is usually the result of calling `frame.insert` many times, which has poor performance.  Consider joining all columns at once using pd.concat(axis=1) instead. To get a de-fragmented frame, use `newframe = frame.copy()`
  out[f"{g}__detect"] = sum_det[:, j] / n_cells
/ocean/projects/bio260021p/kbenjamin/projects/angiotensinII_lung/ras_circuit/_m/../../basement_membrane/_h/02.niche_pseudobulk.py:118: PerformanceWarning: DataFrame is highly fragmented.  This is usually the result of calling `frame.insert` many times, which has poor performance.  Consider joining all columns at once using pd.concat(axis=1) instead. To get a de-fragmented frame, use `newframe = frame.copy()`
  out[f"{g}__detect"] = sum_det[:, j] / n_cells
/ocean/projects/bio260021p/kbenjamin/projects/angiotensinII_lung/ras_circuit/_m/../../basement_membrane/_h/02.niche_pseudobulk.py:118: PerformanceWarning: DataFrame is highly fragmented.  This is usually the result of calling `frame.insert` many times, which has poor performance.  Consider joining all columns at once using pd.concat(axis=1) instead. To get a de-fragmented frame, use `newframe = frame.copy()`
  out[f"{g}__detect"] = sum_det[:, j] / n_cells
/ocean/projects/bio260021p/kbenjamin/projects/angiotensinII_lung/ras_circuit/_m/../../basement_membrane/_h/02.niche_pseudobulk.py:118: PerformanceWarning: DataFrame is highly fragmented.  This is usually the result of calling `frame.insert` many times, which has poor performance.  Consider joining all columns at once using pd.concat(axis=1) instead. To get a de-fragmented frame, use `newframe = frame.copy()`
  out[f"{g}__detect"] = sum_det[:, j] / n_cells
/ocean/projects/bio260021p/kbenjamin/projects/angiotensinII_lung/ras_circuit/_m/../../basement_membrane/_h/02.niche_pseudobulk.py:118: PerformanceWarning: DataFrame is highly fragmented.  This is usually the result of calling `frame.insert` many times, which has poor performance.  Consider joining all columns at once using pd.concat(axis=1) instead. To get a de-fragmented frame, use `newframe = frame.copy()`
  out[f"{g}__detect"] = sum_det[:, j] / n_cells
/ocean/projects/bio260021p/kbenjamin/projects/angiotensinII_lung/ras_circuit/_m/../../basement_membrane/_h/02.niche_pseudobulk.py:118: PerformanceWarning: DataFrame is highly fragmented.  This is usually the result of calling `frame.insert` many times, which has poor performance.  Consider joining all columns at once using pd.concat(axis=1) instead. To get a de-fragmented frame, use `newframe = frame.copy()`
  out[f"{g}__detect"] = sum_det[:, j] / n_cells
/ocean/projects/bio260021p/kbenjamin/projects/angiotensinII_lung/ras_circuit/_m/../../basement_membrane/_h/02.niche_pseudobulk.py:118: PerformanceWarning: DataFrame is highly fragmented.  This is usually the result of calling `frame.insert` many times, which has poor performance.  Consider joining all columns at once using pd.concat(axis=1) instead. To get a de-fragmented frame, use `newframe = frame.copy()`
  out[f"{g}__detect"] = sum_det[:, j] / n_cells
/ocean/projects/bio260021p/kbenjamin/projects/angiotensinII_lung/ras_circuit/_m/../../basement_membrane/_h/02.niche_pseudobulk.py:118: PerformanceWarning: DataFrame is highly fragmented.  This is usually the result of calling `frame.insert` many times, which has poor performance.  Consider joining all columns at once using pd.concat(axis=1) instead. To get a de-fragmented frame, use `newframe = frame.copy()`
  out[f"{g}__detect"] = sum_det[:, j] / n_cells
/ocean/projects/bio260021p/kbenjamin/projects/angiotensinII_lung/ras_circuit/_m/../../basement_membrane/_h/02.niche_pseudobulk.py:118: PerformanceWarning: DataFrame is highly fragmented.  This is usually the result of calling `frame.insert` many times, which has poor performance.  Consider joining all columns at once using pd.concat(axis=1) instead. To get a de-fragmented frame, use `newframe = frame.copy()`
  out[f"{g}__detect"] = sum_det[:, j] / n_cells
/ocean/projects/bio260021p/kbenjamin/projects/angiotensinII_lung/ras_circuit/_m/../../basement_membrane/_h/02.niche_pseudobulk.py:118: PerformanceWarning: DataFrame is highly fragmented.  This is usually the result of calling `frame.insert` many times, which has poor performance.  Consider joining all columns at once using pd.concat(axis=1) instead. To get a de-fragmented frame, use `newframe = frame.copy()`
  out[f"{g}__detect"] = sum_det[:, j] / n_cells
/ocean/projects/bio260021p/kbenjamin/projects/angiotensinII_lung/ras_circuit/_m/../../basement_membrane/_h/02.niche_pseudobulk.py:118: PerformanceWarning: DataFrame is highly fragmented.  This is usually the result of calling `frame.insert` many times, which has poor performance.  Consider joining all columns at once using pd.concat(axis=1) instead. To get a de-fragmented frame, use `newframe = frame.copy()`
  out[f"{g}__detect"] = sum_det[:, j] / n_cells
/ocean/projects/bio260021p/kbenjamin/projects/angiotensinII_lung/ras_circuit/_m/../../basement_membrane/_h/02.niche_pseudobulk.py:118: PerformanceWarning: DataFrame is highly fragmented.  This is usually the result of calling `frame.insert` many times, which has poor performance.  Consider joining all columns at once using pd.concat(axis=1) instead. To get a de-fragmented frame, use `newframe = frame.copy()`
  out[f"{g}__detect"] = sum_det[:, j] / n_cells
/ocean/projects/bio260021p/kbenjamin/projects/angiotensinII_lung/ras_circuit/_m/../../basement_membrane/_h/02.niche_pseudobulk.py:118: PerformanceWarning: DataFrame is highly fragmented.  This is usually the result of calling `frame.insert` many times, which has poor performance.  Consider joining all columns at once using pd.concat(axis=1) instead. To get a de-fragmented frame, use `newframe = frame.copy()`
  out[f"{g}__detect"] = sum_det[:, j] / n_cells
/ocean/projects/bio260021p/kbenjamin/projects/angiotensinII_lung/ras_circuit/_m/../../basement_membrane/_h/02.niche_pseudobulk.py:118: PerformanceWarning: DataFrame is highly fragmented.  This is usually the result of calling `frame.insert` many times, which has poor performance.  Consider joining all columns at once using pd.concat(axis=1) instead. To get a de-fragmented frame, use `newframe = frame.copy()`
  out[f"{g}__detect"] = sum_det[:, j] / n_cells
/ocean/projects/bio260021p/kbenjamin/projects/angiotensinII_lung/ras_circuit/_m/../../basement_membrane/_h/02.niche_pseudobulk.py:118: PerformanceWarning: DataFrame is highly fragmented.  This is usually the result of calling `frame.insert` many times, which has poor performance.  Consider joining all columns at once using pd.concat(axis=1) instead. To get a de-fragmented frame, use `newframe = frame.copy()`
  out[f"{g}__detect"] = sum_det[:, j] / n_cells
/ocean/projects/bio260021p/kbenjamin/projects/angiotensinII_lung/ras_circuit/_m/../../basement_membrane/_h/02.niche_pseudobulk.py:118: PerformanceWarning: DataFrame is highly fragmented.  This is usually the result of calling `frame.insert` many times, which has poor performance.  Consider joining all columns at once using pd.concat(axis=1) instead. To get a de-fragmented frame, use `newframe = frame.copy()`
  out[f"{g}__detect"] = sum_det[:, j] / n_cells
/ocean/projects/bio260021p/kbenjamin/projects/angiotensinII_lung/ras_circuit/_m/../../basement_membrane/_h/02.niche_pseudobulk.py:118: PerformanceWarning: DataFrame is highly fragmented.  This is usually the result of calling `frame.insert` many times, which has poor performance.  Consider joining all columns at once using pd.concat(axis=1) instead. To get a de-fragmented frame, use `newframe = frame.copy()`
  out[f"{g}__detect"] = sum_det[:, j] / n_cells
/ocean/projects/bio260021p/kbenjamin/projects/angiotensinII_lung/ras_circuit/_m/../../basement_membrane/_h/02.niche_pseudobulk.py:118: PerformanceWarning: DataFrame is highly fragmented.  This is usually the result of calling `frame.insert` many times, which has poor performance.  Consider joining all columns at once using pd.concat(axis=1) instead. To get a de-fragmented frame, use `newframe = frame.copy()`
  out[f"{g}__detect"] = sum_det[:, j] / n_cells
/ocean/projects/bio260021p/kbenjamin/projects/angiotensinII_lung/ras_circuit/_m/../../basement_membrane/_h/02.niche_pseudobulk.py:118: PerformanceWarning: DataFrame is highly fragmented.  This is usually the result of calling `frame.insert` many times, which has poor performance.  Consider joining all columns at once using pd.concat(axis=1) instead. To get a de-fragmented frame, use `newframe = frame.copy()`
  out[f"{g}__detect"] = sum_det[:, j] / n_cells
/ocean/projects/bio260021p/kbenjamin/projects/angiotensinII_lung/ras_circuit/_m/../../basement_membrane/_h/02.niche_pseudobulk.py:118: PerformanceWarning: DataFrame is highly fragmented.  This is usually the result of calling `frame.insert` many times, which has poor performance.  Consider joining all columns at once using pd.concat(axis=1) instead. To get a de-fragmented frame, use `newframe = frame.copy()`
  out[f"{g}__detect"] = sum_det[:, j] / n_cells
/ocean/projects/bio260021p/kbenjamin/projects/angiotensinII_lung/ras_circuit/_m/../../basement_membrane/_h/02.niche_pseudobulk.py:118: PerformanceWarning: DataFrame is highly fragmented.  This is usually the result of calling `frame.insert` many times, which has poor performance.  Consider joining all columns at once using pd.concat(axis=1) instead. To get a de-fragmented frame, use `newframe = frame.copy()`
  out[f"{g}__detect"] = sum_det[:, j] / n_cells
/ocean/projects/bio260021p/kbenjamin/projects/angiotensinII_lung/ras_circuit/_m/../../basement_membrane/_h/02.niche_pseudobulk.py:118: PerformanceWarning: DataFrame is highly fragmented.  This is usually the result of calling `frame.insert` many times, which has poor performance.  Consider joining all columns at once using pd.concat(axis=1) instead. To get a de-fragmented frame, use `newframe = frame.copy()`
  out[f"{g}__detect"] = sum_det[:, j] / n_cells
/ocean/projects/bio260021p/kbenjamin/projects/angiotensinII_lung/ras_circuit/_m/../../basement_membrane/_h/02.niche_pseudobulk.py:118: PerformanceWarning: DataFrame is highly fragmented.  This is usually the result of calling `frame.insert` many times, which has poor performance.  Consider joining all columns at once using pd.concat(axis=1) instead. To get a de-fragmented frame, use `newframe = frame.copy()`
  out[f"{g}__detect"] = sum_det[:, j] / n_cells
/ocean/projects/bio260021p/kbenjamin/projects/angiotensinII_lung/ras_circuit/_m/../../basement_membrane/_h/02.niche_pseudobulk.py:118: PerformanceWarning: DataFrame is highly fragmented.  This is usually the result of calling `frame.insert` many times, which has poor performance.  Consider joining all columns at once using pd.concat(axis=1) instead. To get a de-fragmented frame, use `newframe = frame.copy()`
  out[f"{g}__detect"] = sum_det[:, j] / n_cells
/ocean/projects/bio260021p/kbenjamin/projects/angiotensinII_lung/ras_circuit/_m/../../basement_membrane/_h/02.niche_pseudobulk.py:118: PerformanceWarning: DataFrame is highly fragmented.  This is usually the result of calling `frame.insert` many times, which has poor performance.  Consider joining all columns at once using pd.concat(axis=1) instead. To get a de-fragmented frame, use `newframe = frame.copy()`
  out[f"{g}__detect"] = sum_det[:, j] / n_cells
/ocean/projects/bio260021p/kbenjamin/projects/angiotensinII_lung/ras_circuit/_m/../../basement_membrane/_h/02.niche_pseudobulk.py:118: PerformanceWarning: DataFrame is highly fragmented.  This is usually the result of calling `frame.insert` many times, which has poor performance.  Consider joining all columns at once using pd.concat(axis=1) instead. To get a de-fragmented frame, use `newframe = frame.copy()`
  out[f"{g}__detect"] = sum_det[:, j] / n_cells
/ocean/projects/bio260021p/kbenjamin/projects/angiotensinII_lung/ras_circuit/_m/../../basement_membrane/_h/02.niche_pseudobulk.py:118: PerformanceWarning: DataFrame is highly fragmented.  This is usually the result of calling `frame.insert` many times, which has poor performance.  Consider joining all columns at once using pd.concat(axis=1) instead. To get a de-fragmented frame, use `newframe = frame.copy()`
  out[f"{g}__detect"] = sum_det[:, j] / n_cells
/ocean/projects/bio260021p/kbenjamin/projects/angiotensinII_lung/ras_circuit/_m/../../basement_membrane/_h/02.niche_pseudobulk.py:118: PerformanceWarning: DataFrame is highly fragmented.  This is usually the result of calling `frame.insert` many times, which has poor performance.  Consider joining all columns at once using pd.concat(axis=1) instead. To get a de-fragmented frame, use `newframe = frame.copy()`
  out[f"{g}__detect"] = sum_det[:, j] / n_cells
/ocean/projects/bio260021p/kbenjamin/projects/angiotensinII_lung/ras_circuit/_m/../../basement_membrane/_h/02.niche_pseudobulk.py:118: PerformanceWarning: DataFrame is highly fragmented.  This is usually the result of calling `frame.insert` many times, which has poor performance.  Consider joining all columns at once using pd.concat(axis=1) instead. To get a de-fragmented frame, use `newframe = frame.copy()`
  out[f"{g}__detect"] = sum_det[:, j] / n_cells
/ocean/projects/bio260021p/kbenjamin/projects/angiotensinII_lung/ras_circuit/_m/../../basement_membrane/_h/02.niche_pseudobulk.py:118: PerformanceWarning: DataFrame is highly fragmented.  This is usually the result of calling `frame.insert` many times, which has poor performance.  Consider joining all columns at once using pd.concat(axis=1) instead. To get a de-fragmented frame, use `newframe = frame.copy()`
  out[f"{g}__detect"] = sum_det[:, j] / n_cells
/ocean/projects/bio260021p/kbenjamin/projects/angiotensinII_lung/ras_circuit/_m/../../basement_membrane/_h/02.niche_pseudobulk.py:118: PerformanceWarning: DataFrame is highly fragmented.  This is usually the result of calling `frame.insert` many times, which has poor performance.  Consider joining all columns at once using pd.concat(axis=1) instead. To get a de-fragmented frame, use `newframe = frame.copy()`
  out[f"{g}__detect"] = sum_det[:, j] / n_cells
/ocean/projects/bio260021p/kbenjamin/projects/angiotensinII_lung/ras_circuit/_m/../../basement_membrane/_h/02.niche_pseudobulk.py:118: PerformanceWarning: DataFrame is highly fragmented.  This is usually the result of calling `frame.insert` many times, which has poor performance.  Consider joining all columns at once using pd.concat(axis=1) instead. To get a de-fragmented frame, use `newframe = frame.copy()`
  out[f"{g}__detect"] = sum_det[:, j] / n_cells
/ocean/projects/bio260021p/kbenjamin/projects/angiotensinII_lung/ras_circuit/_m/../../basement_membrane/_h/02.niche_pseudobulk.py:118: PerformanceWarning: DataFrame is highly fragmented.  This is usually the result of calling `frame.insert` many times, which has poor performance.  Consider joining all columns at once using pd.concat(axis=1) instead. To get a de-fragmented frame, use `newframe = frame.copy()`
  out[f"{g}__detect"] = sum_det[:, j] / n_cells
/ocean/projects/bio260021p/kbenjamin/projects/angiotensinII_lung/ras_circuit/_m/../../basement_membrane/_h/02.niche_pseudobulk.py:118: PerformanceWarning: DataFrame is highly fragmented.  This is usually the result of calling `frame.insert` many times, which has poor performance.  Consider joining all columns at once using pd.concat(axis=1) instead. To get a de-fragmented frame, use `newframe = frame.copy()`
  out[f"{g}__detect"] = sum_det[:, j] / n_cells
/ocean/projects/bio260021p/kbenjamin/projects/angiotensinII_lung/ras_circuit/_m/../../basement_membrane/_h/02.niche_pseudobulk.py:118: PerformanceWarning: DataFrame is highly fragmented.  This is usually the result of calling `frame.insert` many times, which has poor performance.  Consider joining all columns at once using pd.concat(axis=1) instead. To get a de-fragmented frame, use `newframe = frame.copy()`
  out[f"{g}__detect"] = sum_det[:, j] / n_cells
/ocean/projects/bio260021p/kbenjamin/projects/angiotensinII_lung/ras_circuit/_m/../../basement_membrane/_h/02.niche_pseudobulk.py:118: PerformanceWarning: DataFrame is highly fragmented.  This is usually the result of calling `frame.insert` many times, which has poor performance.  Consider joining all columns at once using pd.concat(axis=1) instead. To get a de-fragmented frame, use `newframe = frame.copy()`
  out[f"{g}__detect"] = sum_det[:, j] / n_cells
/ocean/projects/bio260021p/kbenjamin/projects/angiotensinII_lung/ras_circuit/_m/../../basement_membrane/_h/02.niche_pseudobulk.py:118: PerformanceWarning: DataFrame is highly fragmented.  This is usually the result of calling `frame.insert` many times, which has poor performance.  Consider joining all columns at once using pd.concat(axis=1) instead. To get a de-fragmented frame, use `newframe = frame.copy()`
  out[f"{g}__detect"] = sum_det[:, j] / n_cells
/ocean/projects/bio260021p/kbenjamin/projects/angiotensinII_lung/ras_circuit/_m/../../basement_membrane/_h/02.niche_pseudobulk.py:118: PerformanceWarning: DataFrame is highly fragmented.  This is usually the result of calling `frame.insert` many times, which has poor performance.  Consider joining all columns at once using pd.concat(axis=1) instead. To get a de-fragmented frame, use `newframe = frame.copy()`
  out[f"{g}__detect"] = sum_det[:, j] / n_cells
/ocean/projects/bio260021p/kbenjamin/projects/angiotensinII_lung/ras_circuit/_m/../../basement_membrane/_h/02.niche_pseudobulk.py:118: PerformanceWarning: DataFrame is highly fragmented.  This is usually the result of calling `frame.insert` many times, which has poor performance.  Consider joining all columns at once using pd.concat(axis=1) instead. To get a de-fragmented frame, use `newframe = frame.copy()`
  out[f"{g}__detect"] = sum_det[:, j] / n_cells
/ocean/projects/bio260021p/kbenjamin/projects/angiotensinII_lung/ras_circuit/_m/../../basement_membrane/_h/02.niche_pseudobulk.py:118: PerformanceWarning: DataFrame is highly fragmented.  This is usually the result of calling `frame.insert` many times, which has poor performance.  Consider joining all columns at once using pd.concat(axis=1) instead. To get a de-fragmented frame, use `newframe = frame.copy()`
  out[f"{g}__detect"] = sum_det[:, j] / n_cells
/ocean/projects/bio260021p/kbenjamin/projects/angiotensinII_lung/ras_circuit/_m/../../basement_membrane/_h/02.niche_pseudobulk.py:118: PerformanceWarning: DataFrame is highly fragmented.  This is usually the result of calling `frame.insert` many times, which has poor performance.  Consider joining all columns at once using pd.concat(axis=1) instead. To get a de-fragmented frame, use `newframe = frame.copy()`
  out[f"{g}__detect"] = sum_det[:, j] / n_cells
/ocean/projects/bio260021p/kbenjamin/projects/angiotensinII_lung/ras_circuit/_m/../../basement_membrane/_h/02.niche_pseudobulk.py:118: PerformanceWarning: DataFrame is highly fragmented.  This is usually the result of calling `frame.insert` many times, which has poor performance.  Consider joining all columns at once using pd.concat(axis=1) instead. To get a de-fragmented frame, use `newframe = frame.copy()`
  out[f"{g}__detect"] = sum_det[:, j] / n_cells
/ocean/projects/bio260021p/kbenjamin/projects/angiotensinII_lung/ras_circuit/_m/../../basement_membrane/_h/02.niche_pseudobulk.py:118: PerformanceWarning: DataFrame is highly fragmented.  This is usually the result of calling `frame.insert` many times, which has poor performance.  Consider joining all columns at once using pd.concat(axis=1) instead. To get a de-fragmented frame, use `newframe = frame.copy()`
  out[f"{g}__detect"] = sum_det[:, j] / n_cells
/ocean/projects/bio260021p/kbenjamin/projects/angiotensinII_lung/ras_circuit/_m/../../basement_membrane/_h/02.niche_pseudobulk.py:118: PerformanceWarning: DataFrame is highly fragmented.  This is usually the result of calling `frame.insert` many times, which has poor performance.  Consider joining all columns at once using pd.concat(axis=1) instead. To get a de-fragmented frame, use `newframe = frame.copy()`
  out[f"{g}__detect"] = sum_det[:, j] / n_cells
/ocean/projects/bio260021p/kbenjamin/projects/angiotensinII_lung/ras_circuit/_m/../../basement_membrane/_h/02.niche_pseudobulk.py:118: PerformanceWarning: DataFrame is highly fragmented.  This is usually the result of calling `frame.insert` many times, which has poor performance.  Consider joining all columns at once using pd.concat(axis=1) instead. To get a de-fragmented frame, use `newframe = frame.copy()`
  out[f"{g}__detect"] = sum_det[:, j] / n_cells
/ocean/projects/bio260021p/kbenjamin/projects/angiotensinII_lung/ras_circuit/_m/../../basement_membrane/_h/02.niche_pseudobulk.py:118: PerformanceWarning: DataFrame is highly fragmented.  This is usually the result of calling `frame.insert` many times, which has poor performance.  Consider joining all columns at once using pd.concat(axis=1) instead. To get a de-fragmented frame, use `newframe = frame.copy()`
  out[f"{g}__detect"] = sum_det[:, j] / n_cells
/ocean/projects/bio260021p/kbenjamin/projects/angiotensinII_lung/ras_circuit/_m/../../basement_membrane/_h/02.niche_pseudobulk.py:118: PerformanceWarning: DataFrame is highly fragmented.  This is usually the result of calling `frame.insert` many times, which has poor performance.  Consider joining all columns at once using pd.concat(axis=1) instead. To get a de-fragmented frame, use `newframe = frame.copy()`
  out[f"{g}__detect"] = sum_det[:, j] / n_cells
/ocean/projects/bio260021p/kbenjamin/projects/angiotensinII_lung/ras_circuit/_m/../../basement_membrane/_h/02.niche_pseudobulk.py:118: PerformanceWarning: DataFrame is highly fragmented.  This is usually the result of calling `frame.insert` many times, which has poor performance.  Consider joining all columns at once using pd.concat(axis=1) instead. To get a de-fragmented frame, use `newframe = frame.copy()`
  out[f"{g}__detect"] = sum_det[:, j] / n_cells
/ocean/projects/bio260021p/kbenjamin/projects/angiotensinII_lung/ras_circuit/_m/../../basement_membrane/_h/02.niche_pseudobulk.py:118: PerformanceWarning: DataFrame is highly fragmented.  This is usually the result of calling `frame.insert` many times, which has poor performance.  Consider joining all columns at once using pd.concat(axis=1) instead. To get a de-fragmented frame, use `newframe = frame.copy()`
  out[f"{g}__detect"] = sum_det[:, j] / n_cells
/ocean/projects/bio260021p/kbenjamin/projects/angiotensinII_lung/ras_circuit/_m/../../basement_membrane/_h/02.niche_pseudobulk.py:118: PerformanceWarning: DataFrame is highly fragmented.  This is usually the result of calling `frame.insert` many times, which has poor performance.  Consider joining all columns at once using pd.concat(axis=1) instead. To get a de-fragmented frame, use `newframe = frame.copy()`
  out[f"{g}__detect"] = sum_det[:, j] / n_cells
/ocean/projects/bio260021p/kbenjamin/projects/angiotensinII_lung/ras_circuit/_m/../../basement_membrane/_h/02.niche_pseudobulk.py:118: PerformanceWarning: DataFrame is highly fragmented.  This is usually the result of calling `frame.insert` many times, which has poor performance.  Consider joining all columns at once using pd.concat(axis=1) instead. To get a de-fragmented frame, use `newframe = frame.copy()`
  out[f"{g}__detect"] = sum_det[:, j] / n_cells
/ocean/projects/bio260021p/kbenjamin/projects/angiotensinII_lung/ras_circuit/_m/../../basement_membrane/_h/02.niche_pseudobulk.py:118: PerformanceWarning: DataFrame is highly fragmented.  This is usually the result of calling `frame.insert` many times, which has poor performance.  Consider joining all columns at once using pd.concat(axis=1) instead. To get a de-fragmented frame, use `newframe = frame.copy()`
  out[f"{g}__detect"] = sum_det[:, j] / n_cells
/ocean/projects/bio260021p/kbenjamin/projects/angiotensinII_lung/ras_circuit/_m/../../basement_membrane/_h/02.niche_pseudobulk.py:118: PerformanceWarning: DataFrame is highly fragmented.  This is usually the result of calling `frame.insert` many times, which has poor performance.  Consider joining all columns at once using pd.concat(axis=1) instead. To get a de-fragmented frame, use `newframe = frame.copy()`
  out[f"{g}__detect"] = sum_det[:, j] / n_cells
/ocean/projects/bio260021p/kbenjamin/projects/angiotensinII_lung/ras_circuit/_m/../../basement_membrane/_h/02.niche_pseudobulk.py:118: PerformanceWarning: DataFrame is highly fragmented.  This is usually the result of calling `frame.insert` many times, which has poor performance.  Consider joining all columns at once using pd.concat(axis=1) instead. To get a de-fragmented frame, use `newframe = frame.copy()`
  out[f"{g}__detect"] = sum_det[:, j] / n_cells
/ocean/projects/bio260021p/kbenjamin/projects/angiotensinII_lung/ras_circuit/_m/../../basement_membrane/_h/02.niche_pseudobulk.py:118: PerformanceWarning: DataFrame is highly fragmented.  This is usually the result of calling `frame.insert` many times, which has poor performance.  Consider joining all columns at once using pd.concat(axis=1) instead. To get a de-fragmented frame, use `newframe = frame.copy()`
  out[f"{g}__detect"] = sum_det[:, j] / n_cells
/ocean/projects/bio260021p/kbenjamin/projects/angiotensinII_lung/ras_circuit/_m/../../basement_membrane/_h/02.niche_pseudobulk.py:118: PerformanceWarning: DataFrame is highly fragmented.  This is usually the result of calling `frame.insert` many times, which has poor performance.  Consider joining all columns at once using pd.concat(axis=1) instead. To get a de-fragmented frame, use `newframe = frame.copy()`
  out[f"{g}__detect"] = sum_det[:, j] / n_cells
/ocean/projects/bio260021p/kbenjamin/projects/angiotensinII_lung/ras_circuit/_m/../../basement_membrane/_h/02.niche_pseudobulk.py:118: PerformanceWarning: DataFrame is highly fragmented.  This is usually the result of calling `frame.insert` many times, which has poor performance.  Consider joining all columns at once using pd.concat(axis=1) instead. To get a de-fragmented frame, use `newframe = frame.copy()`
  out[f"{g}__detect"] = sum_det[:, j] / n_cells
/ocean/projects/bio260021p/kbenjamin/projects/angiotensinII_lung/ras_circuit/_m/../../basement_membrane/_h/02.niche_pseudobulk.py:118: PerformanceWarning: DataFrame is highly fragmented.  This is usually the result of calling `frame.insert` many times, which has poor performance.  Consider joining all columns at once using pd.concat(axis=1) instead. To get a de-fragmented frame, use `newframe = frame.copy()`
  out[f"{g}__detect"] = sum_det[:, j] / n_cells
/ocean/projects/bio260021p/kbenjamin/projects/angiotensinII_lung/ras_circuit/_m/../../basement_membrane/_h/02.niche_pseudobulk.py:118: PerformanceWarning: DataFrame is highly fragmented.  This is usually the result of calling `frame.insert` many times, which has poor performance.  Consider joining all columns at once using pd.concat(axis=1) instead. To get a de-fragmented frame, use `newframe = frame.copy()`
  out[f"{g}__detect"] = sum_det[:, j] / n_cells
/ocean/projects/bio260021p/kbenjamin/projects/angiotensinII_lung/ras_circuit/_m/../../basement_membrane/_h/02.niche_pseudobulk.py:118: PerformanceWarning: DataFrame is highly fragmented.  This is usually the result of calling `frame.insert` many times, which has poor performance.  Consider joining all columns at once using pd.concat(axis=1) instead. To get a de-fragmented frame, use `newframe = frame.copy()`
  out[f"{g}__detect"] = sum_det[:, j] / n_cells
/ocean/projects/bio260021p/kbenjamin/projects/angiotensinII_lung/ras_circuit/_m/../../basement_membrane/_h/02.niche_pseudobulk.py:118: PerformanceWarning: DataFrame is highly fragmented.  This is usually the result of calling `frame.insert` many times, which has poor performance.  Consider joining all columns at once using pd.concat(axis=1) instead. To get a de-fragmented frame, use `newframe = frame.copy()`
  out[f"{g}__detect"] = sum_det[:, j] / n_cells
/ocean/projects/bio260021p/kbenjamin/projects/angiotensinII_lung/ras_circuit/_m/../../basement_membrane/_h/02.niche_pseudobulk.py:118: PerformanceWarning: DataFrame is highly fragmented.  This is usually the result of calling `frame.insert` many times, which has poor performance.  Consider joining all columns at once using pd.concat(axis=1) instead. To get a de-fragmented frame, use `newframe = frame.copy()`
  out[f"{g}__detect"] = sum_det[:, j] / n_cells
/ocean/projects/bio260021p/kbenjamin/projects/angiotensinII_lung/ras_circuit/_m/../../basement_membrane/_h/02.niche_pseudobulk.py:118: PerformanceWarning: DataFrame is highly fragmented.  This is usually the result of calling `frame.insert` many times, which has poor performance.  Consider joining all columns at once using pd.concat(axis=1) instead. To get a de-fragmented frame, use `newframe = frame.copy()`
  out[f"{g}__detect"] = sum_det[:, j] / n_cells
/ocean/projects/bio260021p/kbenjamin/projects/angiotensinII_lung/ras_circuit/_m/../../basement_membrane/_h/02.niche_pseudobulk.py:118: PerformanceWarning: DataFrame is highly fragmented.  This is usually the result of calling `frame.insert` many times, which has poor performance.  Consider joining all columns at once using pd.concat(axis=1) instead. To get a de-fragmented frame, use `newframe = frame.copy()`
  out[f"{g}__detect"] = sum_det[:, j] / n_cells
/ocean/projects/bio260021p/kbenjamin/projects/angiotensinII_lung/ras_circuit/_m/../../basement_membrane/_h/02.niche_pseudobulk.py:118: PerformanceWarning: DataFrame is highly fragmented.  This is usually the result of calling `frame.insert` many times, which has poor performance.  Consider joining all columns at once using pd.concat(axis=1) instead. To get a de-fragmented frame, use `newframe = frame.copy()`
  out[f"{g}__detect"] = sum_det[:, j] / n_cells
/ocean/projects/bio260021p/kbenjamin/projects/angiotensinII_lung/ras_circuit/_m/../../basement_membrane/_h/02.niche_pseudobulk.py:118: PerformanceWarning: DataFrame is highly fragmented.  This is usually the result of calling `frame.insert` many times, which has poor performance.  Consider joining all columns at once using pd.concat(axis=1) instead. To get a de-fragmented frame, use `newframe = frame.copy()`
  out[f"{g}__detect"] = sum_det[:, j] / n_cells
/ocean/projects/bio260021p/kbenjamin/projects/angiotensinII_lung/ras_circuit/_m/../../basement_membrane/_h/02.niche_pseudobulk.py:118: PerformanceWarning: DataFrame is highly fragmented.  This is usually the result of calling `frame.insert` many times, which has poor performance.  Consider joining all columns at once using pd.concat(axis=1) instead. To get a de-fragmented frame, use `newframe = frame.copy()`
  out[f"{g}__detect"] = sum_det[:, j] / n_cells
/ocean/projects/bio260021p/kbenjamin/projects/angiotensinII_lung/ras_circuit/_m/../../basement_membrane/_h/02.niche_pseudobulk.py:118: PerformanceWarning: DataFrame is highly fragmented.  This is usually the result of calling `frame.insert` many times, which has poor performance.  Consider joining all columns at once using pd.concat(axis=1) instead. To get a de-fragmented frame, use `newframe = frame.copy()`
  out[f"{g}__detect"] = sum_det[:, j] / n_cells
/ocean/projects/bio260021p/kbenjamin/projects/angiotensinII_lung/ras_circuit/_m/../../basement_membrane/_h/02.niche_pseudobulk.py:118: PerformanceWarning: DataFrame is highly fragmented.  This is usually the result of calling `frame.insert` many times, which has poor performance.  Consider joining all columns at once using pd.concat(axis=1) instead. To get a de-fragmented frame, use `newframe = frame.copy()`
  out[f"{g}__detect"] = sum_det[:, j] / n_cells
/ocean/projects/bio260021p/kbenjamin/projects/angiotensinII_lung/ras_circuit/_m/../../basement_membrane/_h/02.niche_pseudobulk.py:118: PerformanceWarning: DataFrame is highly fragmented.  This is usually the result of calling `frame.insert` many times, which has poor performance.  Consider joining all columns at once using pd.concat(axis=1) instead. To get a de-fragmented frame, use `newframe = frame.copy()`
  out[f"{g}__detect"] = sum_det[:, j] / n_cells
/ocean/projects/bio260021p/kbenjamin/projects/angiotensinII_lung/ras_circuit/_m/../../basement_membrane/_h/02.niche_pseudobulk.py:118: PerformanceWarning: DataFrame is highly fragmented.  This is usually the result of calling `frame.insert` many times, which has poor performance.  Consider joining all columns at once using pd.concat(axis=1) instead. To get a de-fragmented frame, use `newframe = frame.copy()`
  out[f"{g}__detect"] = sum_det[:, j] / n_cells
/ocean/projects/bio260021p/kbenjamin/projects/angiotensinII_lung/ras_circuit/_m/../../basement_membrane/_h/02.niche_pseudobulk.py:118: PerformanceWarning: DataFrame is highly fragmented.  This is usually the result of calling `frame.insert` many times, which has poor performance.  Consider joining all columns at once using pd.concat(axis=1) instead. To get a de-fragmented frame, use `newframe = frame.copy()`
  out[f"{g}__detect"] = sum_det[:, j] / n_cells
/ocean/projects/bio260021p/kbenjamin/projects/angiotensinII_lung/ras_circuit/_m/../../basement_membrane/_h/02.niche_pseudobulk.py:118: PerformanceWarning: DataFrame is highly fragmented.  This is usually the result of calling `frame.insert` many times, which has poor performance.  Consider joining all columns at once using pd.concat(axis=1) instead. To get a de-fragmented frame, use `newframe = frame.copy()`
  out[f"{g}__detect"] = sum_det[:, j] / n_cells
/ocean/projects/bio260021p/kbenjamin/projects/angiotensinII_lung/ras_circuit/_m/../../basement_membrane/_h/02.niche_pseudobulk.py:118: PerformanceWarning: DataFrame is highly fragmented.  This is usually the result of calling `frame.insert` many times, which has poor performance.  Consider joining all columns at once using pd.concat(axis=1) instead. To get a de-fragmented frame, use `newframe = frame.copy()`
  out[f"{g}__detect"] = sum_det[:, j] / n_cells
/ocean/projects/bio260021p/kbenjamin/projects/angiotensinII_lung/ras_circuit/_m/../../basement_membrane/_h/02.niche_pseudobulk.py:118: PerformanceWarning: DataFrame is highly fragmented.  This is usually the result of calling `frame.insert` many times, which has poor performance.  Consider joining all columns at once using pd.concat(axis=1) instead. To get a de-fragmented frame, use `newframe = frame.copy()`
  out[f"{g}__detect"] = sum_det[:, j] / n_cells
/ocean/projects/bio260021p/kbenjamin/projects/angiotensinII_lung/ras_circuit/_m/../../basement_membrane/_h/02.niche_pseudobulk.py:118: PerformanceWarning: DataFrame is highly fragmented.  This is usually the result of calling `frame.insert` many times, which has poor performance.  Consider joining all columns at once using pd.concat(axis=1) instead. To get a de-fragmented frame, use `newframe = frame.copy()`
  out[f"{g}__detect"] = sum_det[:, j] / n_cells
/ocean/projects/bio260021p/kbenjamin/projects/angiotensinII_lung/ras_circuit/_m/../../basement_membrane/_h/02.niche_pseudobulk.py:118: PerformanceWarning: DataFrame is highly fragmented.  This is usually the result of calling `frame.insert` many times, which has poor performance.  Consider joining all columns at once using pd.concat(axis=1) instead. To get a de-fragmented frame, use `newframe = frame.copy()`
  out[f"{g}__detect"] = sum_det[:, j] / n_cells
/ocean/projects/bio260021p/kbenjamin/projects/angiotensinII_lung/ras_circuit/_m/../../basement_membrane/_h/02.niche_pseudobulk.py:118: PerformanceWarning: DataFrame is highly fragmented.  This is usually the result of calling `frame.insert` many times, which has poor performance.  Consider joining all columns at once using pd.concat(axis=1) instead. To get a de-fragmented frame, use `newframe = frame.copy()`
  out[f"{g}__detect"] = sum_det[:, j] / n_cells
/ocean/projects/bio260021p/kbenjamin/projects/angiotensinII_lung/ras_circuit/_m/../../basement_membrane/_h/02.niche_pseudobulk.py:118: PerformanceWarning: DataFrame is highly fragmented.  This is usually the result of calling `frame.insert` many times, which has poor performance.  Consider joining all columns at once using pd.concat(axis=1) instead. To get a de-fragmented frame, use `newframe = frame.copy()`
  out[f"{g}__detect"] = sum_det[:, j] / n_cells
/ocean/projects/bio260021p/kbenjamin/projects/angiotensinII_lung/ras_circuit/_m/../../basement_membrane/_h/02.niche_pseudobulk.py:118: PerformanceWarning: DataFrame is highly fragmented.  This is usually the result of calling `frame.insert` many times, which has poor performance.  Consider joining all columns at once using pd.concat(axis=1) instead. To get a de-fragmented frame, use `newframe = frame.copy()`
  out[f"{g}__detect"] = sum_det[:, j] / n_cells
/ocean/projects/bio260021p/kbenjamin/projects/angiotensinII_lung/ras_circuit/_m/../../basement_membrane/_h/02.niche_pseudobulk.py:118: PerformanceWarning: DataFrame is highly fragmented.  This is usually the result of calling `frame.insert` many times, which has poor performance.  Consider joining all columns at once using pd.concat(axis=1) instead. To get a de-fragmented frame, use `newframe = frame.copy()`
  out[f"{g}__detect"] = sum_det[:, j] / n_cells
/ocean/projects/bio260021p/kbenjamin/projects/angiotensinII_lung/ras_circuit/_m/../../basement_membrane/_h/02.niche_pseudobulk.py:118: PerformanceWarning: DataFrame is highly fragmented.  This is usually the result of calling `frame.insert` many times, which has poor performance.  Consider joining all columns at once using pd.concat(axis=1) instead. To get a de-fragmented frame, use `newframe = frame.copy()`
  out[f"{g}__detect"] = sum_det[:, j] / n_cells
/ocean/projects/bio260021p/kbenjamin/projects/angiotensinII_lung/ras_circuit/_m/../../basement_membrane/_h/02.niche_pseudobulk.py:118: PerformanceWarning: DataFrame is highly fragmented.  This is usually the result of calling `frame.insert` many times, which has poor performance.  Consider joining all columns at once using pd.concat(axis=1) instead. To get a de-fragmented frame, use `newframe = frame.copy()`
  out[f"{g}__detect"] = sum_det[:, j] / n_cells
/ocean/projects/bio260021p/kbenjamin/projects/angiotensinII_lung/ras_circuit/_m/../../basement_membrane/_h/02.niche_pseudobulk.py:118: PerformanceWarning: DataFrame is highly fragmented.  This is usually the result of calling `frame.insert` many times, which has poor performance.  Consider joining all columns at once using pd.concat(axis=1) instead. To get a de-fragmented frame, use `newframe = frame.copy()`
  out[f"{g}__detect"] = sum_det[:, j] / n_cells
/ocean/projects/bio260021p/kbenjamin/projects/angiotensinII_lung/ras_circuit/_m/../../basement_membrane/_h/02.niche_pseudobulk.py:118: PerformanceWarning: DataFrame is highly fragmented.  This is usually the result of calling `frame.insert` many times, which has poor performance.  Consider joining all columns at once using pd.concat(axis=1) instead. To get a de-fragmented frame, use `newframe = frame.copy()`
  out[f"{g}__detect"] = sum_det[:, j] / n_cells
/ocean/projects/bio260021p/kbenjamin/projects/angiotensinII_lung/ras_circuit/_m/../../basement_membrane/_h/02.niche_pseudobulk.py:118: PerformanceWarning: DataFrame is highly fragmented.  This is usually the result of calling `frame.insert` many times, which has poor performance.  Consider joining all columns at once using pd.concat(axis=1) instead. To get a de-fragmented frame, use `newframe = frame.copy()`
  out[f"{g}__detect"] = sum_det[:, j] / n_cells
/ocean/projects/bio260021p/kbenjamin/projects/angiotensinII_lung/ras_circuit/_m/../../basement_membrane/_h/02.niche_pseudobulk.py:118: PerformanceWarning: DataFrame is highly fragmented.  This is usually the result of calling `frame.insert` many times, which has poor performance.  Consider joining all columns at once using pd.concat(axis=1) instead. To get a de-fragmented frame, use `newframe = frame.copy()`
  out[f"{g}__detect"] = sum_det[:, j] / n_cells
/ocean/projects/bio260021p/kbenjamin/projects/angiotensinII_lung/ras_circuit/_m/../../basement_membrane/_h/02.niche_pseudobulk.py:118: PerformanceWarning: DataFrame is highly fragmented.  This is usually the result of calling `frame.insert` many times, which has poor performance.  Consider joining all columns at once using pd.concat(axis=1) instead. To get a de-fragmented frame, use `newframe = frame.copy()`
  out[f"{g}__detect"] = sum_det[:, j] / n_cells
/ocean/projects/bio260021p/kbenjamin/projects/angiotensinII_lung/ras_circuit/_m/../../basement_membrane/_h/02.niche_pseudobulk.py:118: PerformanceWarning: DataFrame is highly fragmented.  This is usually the result of calling `frame.insert` many times, which has poor performance.  Consider joining all columns at once using pd.concat(axis=1) instead. To get a de-fragmented frame, use `newframe = frame.copy()`
  out[f"{g}__detect"] = sum_det[:, j] / n_cells
/ocean/projects/bio260021p/kbenjamin/projects/angiotensinII_lung/ras_circuit/_m/../../basement_membrane/_h/02.niche_pseudobulk.py:118: PerformanceWarning: DataFrame is highly fragmented.  This is usually the result of calling `frame.insert` many times, which has poor performance.  Consider joining all columns at once using pd.concat(axis=1) instead. To get a de-fragmented frame, use `newframe = frame.copy()`
  out[f"{g}__detect"] = sum_det[:, j] / n_cells
/ocean/projects/bio260021p/kbenjamin/projects/angiotensinII_lung/ras_circuit/_m/../../basement_membrane/_h/02.niche_pseudobulk.py:118: PerformanceWarning: DataFrame is highly fragmented.  This is usually the result of calling `frame.insert` many times, which has poor performance.  Consider joining all columns at once using pd.concat(axis=1) instead. To get a de-fragmented frame, use `newframe = frame.copy()`
  out[f"{g}__detect"] = sum_det[:, j] / n_cells
/ocean/projects/bio260021p/kbenjamin/projects/angiotensinII_lung/ras_circuit/_m/../../basement_membrane/_h/02.niche_pseudobulk.py:118: PerformanceWarning: DataFrame is highly fragmented.  This is usually the result of calling `frame.insert` many times, which has poor performance.  Consider joining all columns at once using pd.concat(axis=1) instead. To get a de-fragmented frame, use `newframe = frame.copy()`
  out[f"{g}__detect"] = sum_det[:, j] / n_cells
/ocean/projects/bio260021p/kbenjamin/projects/angiotensinII_lung/ras_circuit/_m/../../basement_membrane/_h/02.niche_pseudobulk.py:118: PerformanceWarning: DataFrame is highly fragmented.  This is usually the result of calling `frame.insert` many times, which has poor performance.  Consider joining all columns at once using pd.concat(axis=1) instead. To get a de-fragmented frame, use `newframe = frame.copy()`
  out[f"{g}__detect"] = sum_det[:, j] / n_cells
/ocean/projects/bio260021p/kbenjamin/projects/angiotensinII_lung/ras_circuit/_m/../../basement_membrane/_h/02.niche_pseudobulk.py:118: PerformanceWarning: DataFrame is highly fragmented.  This is usually the result of calling `frame.insert` many times, which has poor performance.  Consider joining all columns at once using pd.concat(axis=1) instead. To get a de-fragmented frame, use `newframe = frame.copy()`
  out[f"{g}__detect"] = sum_det[:, j] / n_cells
/ocean/projects/bio260021p/kbenjamin/projects/angiotensinII_lung/ras_circuit/_m/../../basement_membrane/_h/02.niche_pseudobulk.py:118: PerformanceWarning: DataFrame is highly fragmented.  This is usually the result of calling `frame.insert` many times, which has poor performance.  Consider joining all columns at once using pd.concat(axis=1) instead. To get a de-fragmented frame, use `newframe = frame.copy()`
  out[f"{g}__detect"] = sum_det[:, j] / n_cells
/ocean/projects/bio260021p/kbenjamin/projects/angiotensinII_lung/ras_circuit/_m/../../basement_membrane/_h/02.niche_pseudobulk.py:118: PerformanceWarning: DataFrame is highly fragmented.  This is usually the result of calling `frame.insert` many times, which has poor performance.  Consider joining all columns at once using pd.concat(axis=1) instead. To get a de-fragmented frame, use `newframe = frame.copy()`
  out[f"{g}__detect"] = sum_det[:, j] / n_cells
/ocean/projects/bio260021p/kbenjamin/projects/angiotensinII_lung/ras_circuit/_m/../../basement_membrane/_h/02.niche_pseudobulk.py:118: PerformanceWarning: DataFrame is highly fragmented.  This is usually the result of calling `frame.insert` many times, which has poor performance.  Consider joining all columns at once using pd.concat(axis=1) instead. To get a de-fragmented frame, use `newframe = frame.copy()`
  out[f"{g}__detect"] = sum_det[:, j] / n_cells
/ocean/projects/bio260021p/kbenjamin/projects/angiotensinII_lung/ras_circuit/_m/../../basement_membrane/_h/02.niche_pseudobulk.py:118: PerformanceWarning: DataFrame is highly fragmented.  This is usually the result of calling `frame.insert` many times, which has poor performance.  Consider joining all columns at once using pd.concat(axis=1) instead. To get a de-fragmented frame, use `newframe = frame.copy()`
  out[f"{g}__detect"] = sum_det[:, j] / n_cells
/ocean/projects/bio260021p/kbenjamin/projects/angiotensinII_lung/ras_circuit/_m/../../basement_membrane/_h/02.niche_pseudobulk.py:118: PerformanceWarning: DataFrame is highly fragmented.  This is usually the result of calling `frame.insert` many times, which has poor performance.  Consider joining all columns at once using pd.concat(axis=1) instead. To get a de-fragmented frame, use `newframe = frame.copy()`
  out[f"{g}__detect"] = sum_det[:, j] / n_cells
/ocean/projects/bio260021p/kbenjamin/projects/angiotensinII_lung/ras_circuit/_m/../../basement_membrane/_h/02.niche_pseudobulk.py:118: PerformanceWarning: DataFrame is highly fragmented.  This is usually the result of calling `frame.insert` many times, which has poor performance.  Consider joining all columns at once using pd.concat(axis=1) instead. To get a de-fragmented frame, use `newframe = frame.copy()`
  out[f"{g}__detect"] = sum_det[:, j] / n_cells
/ocean/projects/bio260021p/kbenjamin/projects/angiotensinII_lung/ras_circuit/_m/../../basement_membrane/_h/02.niche_pseudobulk.py:118: PerformanceWarning: DataFrame is highly fragmented.  This is usually the result of calling `frame.insert` many times, which has poor performance.  Consider joining all columns at once using pd.concat(axis=1) instead. To get a de-fragmented frame, use `newframe = frame.copy()`
  out[f"{g}__detect"] = sum_det[:, j] / n_cells
/ocean/projects/bio260021p/kbenjamin/projects/angiotensinII_lung/ras_circuit/_m/../../basement_membrane/_h/02.niche_pseudobulk.py:118: PerformanceWarning: DataFrame is highly fragmented.  This is usually the result of calling `frame.insert` many times, which has poor performance.  Consider joining all columns at once using pd.concat(axis=1) instead. To get a de-fragmented frame, use `newframe = frame.copy()`
  out[f"{g}__detect"] = sum_det[:, j] / n_cells
/ocean/projects/bio260021p/kbenjamin/projects/angiotensinII_lung/ras_circuit/_m/../../basement_membrane/_h/02.niche_pseudobulk.py:118: PerformanceWarning: DataFrame is highly fragmented.  This is usually the result of calling `frame.insert` many times, which has poor performance.  Consider joining all columns at once using pd.concat(axis=1) instead. To get a de-fragmented frame, use `newframe = frame.copy()`
  out[f"{g}__detect"] = sum_det[:, j] / n_cells
/ocean/projects/bio260021p/kbenjamin/projects/angiotensinII_lung/ras_circuit/_m/../../basement_membrane/_h/02.niche_pseudobulk.py:118: PerformanceWarning: DataFrame is highly fragmented.  This is usually the result of calling `frame.insert` many times, which has poor performance.  Consider joining all columns at once using pd.concat(axis=1) instead. To get a de-fragmented frame, use `newframe = frame.copy()`
  out[f"{g}__detect"] = sum_det[:, j] / n_cells
/ocean/projects/bio260021p/kbenjamin/projects/angiotensinII_lung/ras_circuit/_m/../../basement_membrane/_h/02.niche_pseudobulk.py:118: PerformanceWarning: DataFrame is highly fragmented.  This is usually the result of calling `frame.insert` many times, which has poor performance.  Consider joining all columns at once using pd.concat(axis=1) instead. To get a de-fragmented frame, use `newframe = frame.copy()`
  out[f"{g}__detect"] = sum_det[:, j] / n_cells
/ocean/projects/bio260021p/kbenjamin/projects/angiotensinII_lung/ras_circuit/_m/../../basement_membrane/_h/02.niche_pseudobulk.py:118: PerformanceWarning: DataFrame is highly fragmented.  This is usually the result of calling `frame.insert` many times, which has poor performance.  Consider joining all columns at once using pd.concat(axis=1) instead. To get a de-fragmented frame, use `newframe = frame.copy()`
  out[f"{g}__detect"] = sum_det[:, j] / n_cells
/ocean/projects/bio260021p/kbenjamin/projects/angiotensinII_lung/ras_circuit/_m/../../basement_membrane/_h/02.niche_pseudobulk.py:118: PerformanceWarning: DataFrame is highly fragmented.  This is usually the result of calling `frame.insert` many times, which has poor performance.  Consider joining all columns at once using pd.concat(axis=1) instead. To get a de-fragmented frame, use `newframe = frame.copy()`
  out[f"{g}__detect"] = sum_det[:, j] / n_cells
/ocean/projects/bio260021p/kbenjamin/projects/angiotensinII_lung/ras_circuit/_m/../../basement_membrane/_h/02.niche_pseudobulk.py:118: PerformanceWarning: DataFrame is highly fragmented.  This is usually the result of calling `frame.insert` many times, which has poor performance.  Consider joining all columns at once using pd.concat(axis=1) instead. To get a de-fragmented frame, use `newframe = frame.copy()`
  out[f"{g}__detect"] = sum_det[:, j] / n_cells
/ocean/projects/bio260021p/kbenjamin/projects/angiotensinII_lung/ras_circuit/_m/../../basement_membrane/_h/02.niche_pseudobulk.py:118: PerformanceWarning: DataFrame is highly fragmented.  This is usually the result of calling `frame.insert` many times, which has poor performance.  Consider joining all columns at once using pd.concat(axis=1) instead. To get a de-fragmented frame, use `newframe = frame.copy()`
  out[f"{g}__detect"] = sum_det[:, j] / n_cells
/ocean/projects/bio260021p/kbenjamin/projects/angiotensinII_lung/ras_circuit/_m/../../basement_membrane/_h/02.niche_pseudobulk.py:118: PerformanceWarning: DataFrame is highly fragmented.  This is usually the result of calling `frame.insert` many times, which has poor performance.  Consider joining all columns at once using pd.concat(axis=1) instead. To get a de-fragmented frame, use `newframe = frame.copy()`
  out[f"{g}__detect"] = sum_det[:, j] / n_cells
/ocean/projects/bio260021p/kbenjamin/projects/angiotensinII_lung/ras_circuit/_m/../../basement_membrane/_h/02.niche_pseudobulk.py:118: PerformanceWarning: DataFrame is highly fragmented.  This is usually the result of calling `frame.insert` many times, which has poor performance.  Consider joining all columns at once using pd.concat(axis=1) instead. To get a de-fragmented frame, use `newframe = frame.copy()`
  out[f"{g}__detect"] = sum_det[:, j] / n_cells
/ocean/projects/bio260021p/kbenjamin/projects/angiotensinII_lung/ras_circuit/_m/../../basement_membrane/_h/02.niche_pseudobulk.py:118: PerformanceWarning: DataFrame is highly fragmented.  This is usually the result of calling `frame.insert` many times, which has poor performance.  Consider joining all columns at once using pd.concat(axis=1) instead. To get a de-fragmented frame, use `newframe = frame.copy()`
  out[f"{g}__detect"] = sum_det[:, j] / n_cells
/ocean/projects/bio260021p/kbenjamin/projects/angiotensinII_lung/ras_circuit/_m/../../basement_membrane/_h/02.niche_pseudobulk.py:118: PerformanceWarning: DataFrame is highly fragmented.  This is usually the result of calling `frame.insert` many times, which has poor performance.  Consider joining all columns at once using pd.concat(axis=1) instead. To get a de-fragmented frame, use `newframe = frame.copy()`
  out[f"{g}__detect"] = sum_det[:, j] / n_cells
/ocean/projects/bio260021p/kbenjamin/projects/angiotensinII_lung/ras_circuit/_m/../../basement_membrane/_h/02.niche_pseudobulk.py:118: PerformanceWarning: DataFrame is highly fragmented.  This is usually the result of calling `frame.insert` many times, which has poor performance.  Consider joining all columns at once using pd.concat(axis=1) instead. To get a de-fragmented frame, use `newframe = frame.copy()`
  out[f"{g}__detect"] = sum_det[:, j] / n_cells
/ocean/projects/bio260021p/kbenjamin/projects/angiotensinII_lung/ras_circuit/_m/../../basement_membrane/_h/02.niche_pseudobulk.py:118: PerformanceWarning: DataFrame is highly fragmented.  This is usually the result of calling `frame.insert` many times, which has poor performance.  Consider joining all columns at once using pd.concat(axis=1) instead. To get a de-fragmented frame, use `newframe = frame.copy()`
  out[f"{g}__detect"] = sum_det[:, j] / n_cells
/ocean/projects/bio260021p/kbenjamin/projects/angiotensinII_lung/ras_circuit/_m/../../basement_membrane/_h/02.niche_pseudobulk.py:118: PerformanceWarning: DataFrame is highly fragmented.  This is usually the result of calling `frame.insert` many times, which has poor performance.  Consider joining all columns at once using pd.concat(axis=1) instead. To get a de-fragmented frame, use `newframe = frame.copy()`
  out[f"{g}__detect"] = sum_det[:, j] / n_cells
/ocean/projects/bio260021p/kbenjamin/projects/angiotensinII_lung/ras_circuit/_m/../../basement_membrane/_h/02.niche_pseudobulk.py:118: PerformanceWarning: DataFrame is highly fragmented.  This is usually the result of calling `frame.insert` many times, which has poor performance.  Consider joining all columns at once using pd.concat(axis=1) instead. To get a de-fragmented frame, use `newframe = frame.copy()`
  out[f"{g}__detect"] = sum_det[:, j] / n_cells
/ocean/projects/bio260021p/kbenjamin/projects/angiotensinII_lung/ras_circuit/_m/../../basement_membrane/_h/02.niche_pseudobulk.py:118: PerformanceWarning: DataFrame is highly fragmented.  This is usually the result of calling `frame.insert` many times, which has poor performance.  Consider joining all columns at once using pd.concat(axis=1) instead. To get a de-fragmented frame, use `newframe = frame.copy()`
  out[f"{g}__detect"] = sum_det[:, j] / n_cells
/ocean/projects/bio260021p/kbenjamin/projects/angiotensinII_lung/ras_circuit/_m/../../basement_membrane/_h/02.niche_pseudobulk.py:118: PerformanceWarning: DataFrame is highly fragmented.  This is usually the result of calling `frame.insert` many times, which has poor performance.  Consider joining all columns at once using pd.concat(axis=1) instead. To get a de-fragmented frame, use `newframe = frame.copy()`
  out[f"{g}__detect"] = sum_det[:, j] / n_cells
/ocean/projects/bio260021p/kbenjamin/projects/angiotensinII_lung/ras_circuit/_m/../../basement_membrane/_h/02.niche_pseudobulk.py:118: PerformanceWarning: DataFrame is highly fragmented.  This is usually the result of calling `frame.insert` many times, which has poor performance.  Consider joining all columns at once using pd.concat(axis=1) instead. To get a de-fragmented frame, use `newframe = frame.copy()`
  out[f"{g}__detect"] = sum_det[:, j] / n_cells
/ocean/projects/bio260021p/kbenjamin/projects/angiotensinII_lung/ras_circuit/_m/../../basement_membrane/_h/02.niche_pseudobulk.py:118: PerformanceWarning: DataFrame is highly fragmented.  This is usually the result of calling `frame.insert` many times, which has poor performance.  Consider joining all columns at once using pd.concat(axis=1) instead. To get a de-fragmented frame, use `newframe = frame.copy()`
  out[f"{g}__detect"] = sum_det[:, j] / n_cells
/ocean/projects/bio260021p/kbenjamin/projects/angiotensinII_lung/ras_circuit/_m/../../basement_membrane/_h/02.niche_pseudobulk.py:118: PerformanceWarning: DataFrame is highly fragmented.  This is usually the result of calling `frame.insert` many times, which has poor performance.  Consider joining all columns at once using pd.concat(axis=1) instead. To get a de-fragmented frame, use `newframe = frame.copy()`
  out[f"{g}__detect"] = sum_det[:, j] / n_cells
/ocean/projects/bio260021p/kbenjamin/projects/angiotensinII_lung/ras_circuit/_m/../../basement_membrane/_h/02.niche_pseudobulk.py:118: PerformanceWarning: DataFrame is highly fragmented.  This is usually the result of calling `frame.insert` many times, which has poor performance.  Consider joining all columns at once using pd.concat(axis=1) instead. To get a de-fragmented frame, use `newframe = frame.copy()`
  out[f"{g}__detect"] = sum_det[:, j] / n_cells
/ocean/projects/bio260021p/kbenjamin/projects/angiotensinII_lung/ras_circuit/_m/../../basement_membrane/_h/02.niche_pseudobulk.py:118: PerformanceWarning: DataFrame is highly fragmented.  This is usually the result of calling `frame.insert` many times, which has poor performance.  Consider joining all columns at once using pd.concat(axis=1) instead. To get a de-fragmented frame, use `newframe = frame.copy()`
  out[f"{g}__detect"] = sum_det[:, j] / n_cells
/ocean/projects/bio260021p/kbenjamin/projects/angiotensinII_lung/ras_circuit/_m/../../basement_membrane/_h/02.niche_pseudobulk.py:118: PerformanceWarning: DataFrame is highly fragmented.  This is usually the result of calling `frame.insert` many times, which has poor performance.  Consider joining all columns at once using pd.concat(axis=1) instead. To get a de-fragmented frame, use `newframe = frame.copy()`
  out[f"{g}__detect"] = sum_det[:, j] / n_cells
/ocean/projects/bio260021p/kbenjamin/projects/angiotensinII_lung/ras_circuit/_m/../../basement_membrane/_h/02.niche_pseudobulk.py:118: PerformanceWarning: DataFrame is highly fragmented.  This is usually the result of calling `frame.insert` many times, which has poor performance.  Consider joining all columns at once using pd.concat(axis=1) instead. To get a de-fragmented frame, use `newframe = frame.copy()`
  out[f"{g}__detect"] = sum_det[:, j] / n_cells
/ocean/projects/bio260021p/kbenjamin/projects/angiotensinII_lung/ras_circuit/_m/../../basement_membrane/_h/02.niche_pseudobulk.py:118: PerformanceWarning: DataFrame is highly fragmented.  This is usually the result of calling `frame.insert` many times, which has poor performance.  Consider joining all columns at once using pd.concat(axis=1) instead. To get a de-fragmented frame, use `newframe = frame.copy()`
  out[f"{g}__detect"] = sum_det[:, j] / n_cells
/ocean/projects/bio260021p/kbenjamin/projects/angiotensinII_lung/ras_circuit/_m/../../basement_membrane/_h/02.niche_pseudobulk.py:118: PerformanceWarning: DataFrame is highly fragmented.  This is usually the result of calling `frame.insert` many times, which has poor performance.  Consider joining all columns at once using pd.concat(axis=1) instead. To get a de-fragmented frame, use `newframe = frame.copy()`
  out[f"{g}__detect"] = sum_det[:, j] / n_cells
/ocean/projects/bio260021p/kbenjamin/projects/angiotensinII_lung/ras_circuit/_m/../../basement_membrane/_h/02.niche_pseudobulk.py:118: PerformanceWarning: DataFrame is highly fragmented.  This is usually the result of calling `frame.insert` many times, which has poor performance.  Consider joining all columns at once using pd.concat(axis=1) instead. To get a de-fragmented frame, use `newframe = frame.copy()`
  out[f"{g}__detect"] = sum_det[:, j] / n_cells
/ocean/projects/bio260021p/kbenjamin/projects/angiotensinII_lung/ras_circuit/_m/../../basement_membrane/_h/02.niche_pseudobulk.py:118: PerformanceWarning: DataFrame is highly fragmented.  This is usually the result of calling `frame.insert` many times, which has poor performance.  Consider joining all columns at once using pd.concat(axis=1) instead. To get a de-fragmented frame, use `newframe = frame.copy()`
  out[f"{g}__detect"] = sum_det[:, j] / n_cells
/ocean/projects/bio260021p/kbenjamin/projects/angiotensinII_lung/ras_circuit/_m/../../basement_membrane/_h/02.niche_pseudobulk.py:118: PerformanceWarning: DataFrame is highly fragmented.  This is usually the result of calling `frame.insert` many times, which has poor performance.  Consider joining all columns at once using pd.concat(axis=1) instead. To get a de-fragmented frame, use `newframe = frame.copy()`
  out[f"{g}__detect"] = sum_det[:, j] / n_cells
/ocean/projects/bio260021p/kbenjamin/projects/angiotensinII_lung/ras_circuit/_m/../../basement_membrane/_h/02.niche_pseudobulk.py:118: PerformanceWarning: DataFrame is highly fragmented.  This is usually the result of calling `frame.insert` many times, which has poor performance.  Consider joining all columns at once using pd.concat(axis=1) instead. To get a de-fragmented frame, use `newframe = frame.copy()`
  out[f"{g}__detect"] = sum_det[:, j] / n_cells
/ocean/projects/bio260021p/kbenjamin/projects/angiotensinII_lung/ras_circuit/_m/../../basement_membrane/_h/02.niche_pseudobulk.py:118: PerformanceWarning: DataFrame is highly fragmented.  This is usually the result of calling `frame.insert` many times, which has poor performance.  Consider joining all columns at once using pd.concat(axis=1) instead. To get a de-fragmented frame, use `newframe = frame.copy()`
  out[f"{g}__detect"] = sum_det[:, j] / n_cells
/ocean/projects/bio260021p/kbenjamin/projects/angiotensinII_lung/ras_circuit/_m/../../basement_membrane/_h/02.niche_pseudobulk.py:118: PerformanceWarning: DataFrame is highly fragmented.  This is usually the result of calling `frame.insert` many times, which has poor performance.  Consider joining all columns at once using pd.concat(axis=1) instead. To get a de-fragmented frame, use `newframe = frame.copy()`
  out[f"{g}__detect"] = sum_det[:, j] / n_cells
/ocean/projects/bio260021p/kbenjamin/projects/angiotensinII_lung/ras_circuit/_m/../../basement_membrane/_h/02.niche_pseudobulk.py:118: PerformanceWarning: DataFrame is highly fragmented.  This is usually the result of calling `frame.insert` many times, which has poor performance.  Consider joining all columns at once using pd.concat(axis=1) instead. To get a de-fragmented frame, use `newframe = frame.copy()`
  out[f"{g}__detect"] = sum_det[:, j] / n_cells
/ocean/projects/bio260021p/kbenjamin/projects/angiotensinII_lung/ras_circuit/_m/../../basement_membrane/_h/02.niche_pseudobulk.py:118: PerformanceWarning: DataFrame is highly fragmented.  This is usually the result of calling `frame.insert` many times, which has poor performance.  Consider joining all columns at once using pd.concat(axis=1) instead. To get a de-fragmented frame, use `newframe = frame.copy()`
  out[f"{g}__detect"] = sum_det[:, j] / n_cells
/ocean/projects/bio260021p/kbenjamin/projects/angiotensinII_lung/ras_circuit/_m/../../basement_membrane/_h/02.niche_pseudobulk.py:118: PerformanceWarning: DataFrame is highly fragmented.  This is usually the result of calling `frame.insert` many times, which has poor performance.  Consider joining all columns at once using pd.concat(axis=1) instead. To get a de-fragmented frame, use `newframe = frame.copy()`
  out[f"{g}__detect"] = sum_det[:, j] / n_cells
/ocean/projects/bio260021p/kbenjamin/projects/angiotensinII_lung/ras_circuit/_m/../../basement_membrane/_h/02.niche_pseudobulk.py:118: PerformanceWarning: DataFrame is highly fragmented.  This is usually the result of calling `frame.insert` many times, which has poor performance.  Consider joining all columns at once using pd.concat(axis=1) instead. To get a de-fragmented frame, use `newframe = frame.copy()`
  out[f"{g}__detect"] = sum_det[:, j] / n_cells
/ocean/projects/bio260021p/kbenjamin/projects/angiotensinII_lung/ras_circuit/_m/../../basement_membrane/_h/02.niche_pseudobulk.py:118: PerformanceWarning: DataFrame is highly fragmented.  This is usually the result of calling `frame.insert` many times, which has poor performance.  Consider joining all columns at once using pd.concat(axis=1) instead. To get a de-fragmented frame, use `newframe = frame.copy()`
  out[f"{g}__detect"] = sum_det[:, j] / n_cells
/ocean/projects/bio260021p/kbenjamin/projects/angiotensinII_lung/ras_circuit/_m/../../basement_membrane/_h/02.niche_pseudobulk.py:118: PerformanceWarning: DataFrame is highly fragmented.  This is usually the result of calling `frame.insert` many times, which has poor performance.  Consider joining all columns at once using pd.concat(axis=1) instead. To get a de-fragmented frame, use `newframe = frame.copy()`
  out[f"{g}__detect"] = sum_det[:, j] / n_cells
/ocean/projects/bio260021p/kbenjamin/projects/angiotensinII_lung/ras_circuit/_m/../../basement_membrane/_h/02.niche_pseudobulk.py:118: PerformanceWarning: DataFrame is highly fragmented.  This is usually the result of calling `frame.insert` many times, which has poor performance.  Consider joining all columns at once using pd.concat(axis=1) instead. To get a de-fragmented frame, use `newframe = frame.copy()`
  out[f"{g}__detect"] = sum_det[:, j] / n_cells
/ocean/projects/bio260021p/kbenjamin/projects/angiotensinII_lung/ras_circuit/_m/../../basement_membrane/_h/02.niche_pseudobulk.py:118: PerformanceWarning: DataFrame is highly fragmented.  This is usually the result of calling `frame.insert` many times, which has poor performance.  Consider joining all columns at once using pd.concat(axis=1) instead. To get a de-fragmented frame, use `newframe = frame.copy()`
  out[f"{g}__detect"] = sum_det[:, j] / n_cells
/ocean/projects/bio260021p/kbenjamin/projects/angiotensinII_lung/ras_circuit/_m/../../basement_membrane/_h/02.niche_pseudobulk.py:118: PerformanceWarning: DataFrame is highly fragmented.  This is usually the result of calling `frame.insert` many times, which has poor performance.  Consider joining all columns at once using pd.concat(axis=1) instead. To get a de-fragmented frame, use `newframe = frame.copy()`
  out[f"{g}__detect"] = sum_det[:, j] / n_cells
/ocean/projects/bio260021p/kbenjamin/projects/angiotensinII_lung/ras_circuit/_m/../../basement_membrane/_h/02.niche_pseudobulk.py:118: PerformanceWarning: DataFrame is highly fragmented.  This is usually the result of calling `frame.insert` many times, which has poor performance.  Consider joining all columns at once using pd.concat(axis=1) instead. To get a de-fragmented frame, use `newframe = frame.copy()`
  out[f"{g}__detect"] = sum_det[:, j] / n_cells
/ocean/projects/bio260021p/kbenjamin/projects/angiotensinII_lung/ras_circuit/_m/../../basement_membrane/_h/02.niche_pseudobulk.py:118: PerformanceWarning: DataFrame is highly fragmented.  This is usually the result of calling `frame.insert` many times, which has poor performance.  Consider joining all columns at once using pd.concat(axis=1) instead. To get a de-fragmented frame, use `newframe = frame.copy()`
  out[f"{g}__detect"] = sum_det[:, j] / n_cells
/ocean/projects/bio260021p/kbenjamin/projects/angiotensinII_lung/ras_circuit/_m/../../basement_membrane/_h/02.niche_pseudobulk.py:118: PerformanceWarning: DataFrame is highly fragmented.  This is usually the result of calling `frame.insert` many times, which has poor performance.  Consider joining all columns at once using pd.concat(axis=1) instead. To get a de-fragmented frame, use `newframe = frame.copy()`
  out[f"{g}__detect"] = sum_det[:, j] / n_cells
/ocean/projects/bio260021p/kbenjamin/projects/angiotensinII_lung/ras_circuit/_m/../../basement_membrane/_h/02.niche_pseudobulk.py:118: PerformanceWarning: DataFrame is highly fragmented.  This is usually the result of calling `frame.insert` many times, which has poor performance.  Consider joining all columns at once using pd.concat(axis=1) instead. To get a de-fragmented frame, use `newframe = frame.copy()`
  out[f"{g}__detect"] = sum_det[:, j] / n_cells
/ocean/projects/bio260021p/kbenjamin/projects/angiotensinII_lung/ras_circuit/_m/../../basement_membrane/_h/02.niche_pseudobulk.py:118: PerformanceWarning: DataFrame is highly fragmented.  This is usually the result of calling `frame.insert` many times, which has poor performance.  Consider joining all columns at once using pd.concat(axis=1) instead. To get a de-fragmented frame, use `newframe = frame.copy()`
  out[f"{g}__detect"] = sum_det[:, j] / n_cells
/ocean/projects/bio260021p/kbenjamin/projects/angiotensinII_lung/ras_circuit/_m/../../basement_membrane/_h/02.niche_pseudobulk.py:118: PerformanceWarning: DataFrame is highly fragmented.  This is usually the result of calling `frame.insert` many times, which has poor performance.  Consider joining all columns at once using pd.concat(axis=1) instead. To get a de-fragmented frame, use `newframe = frame.copy()`
  out[f"{g}__detect"] = sum_det[:, j] / n_cells
/ocean/projects/bio260021p/kbenjamin/projects/angiotensinII_lung/ras_circuit/_m/../../basement_membrane/_h/02.niche_pseudobulk.py:118: PerformanceWarning: DataFrame is highly fragmented.  This is usually the result of calling `frame.insert` many times, which has poor performance.  Consider joining all columns at once using pd.concat(axis=1) instead. To get a de-fragmented frame, use `newframe = frame.copy()`
  out[f"{g}__detect"] = sum_det[:, j] / n_cells
/ocean/projects/bio260021p/kbenjamin/projects/angiotensinII_lung/ras_circuit/_m/../../basement_membrane/_h/02.niche_pseudobulk.py:118: PerformanceWarning: DataFrame is highly fragmented.  This is usually the result of calling `frame.insert` many times, which has poor performance.  Consider joining all columns at once using pd.concat(axis=1) instead. To get a de-fragmented frame, use `newframe = frame.copy()`
  out[f"{g}__detect"] = sum_det[:, j] / n_cells
/ocean/projects/bio260021p/kbenjamin/projects/angiotensinII_lung/ras_circuit/_m/../../basement_membrane/_h/02.niche_pseudobulk.py:118: PerformanceWarning: DataFrame is highly fragmented.  This is usually the result of calling `frame.insert` many times, which has poor performance.  Consider joining all columns at once using pd.concat(axis=1) instead. To get a de-fragmented frame, use `newframe = frame.copy()`
  out[f"{g}__detect"] = sum_det[:, j] / n_cells
/ocean/projects/bio260021p/kbenjamin/projects/angiotensinII_lung/ras_circuit/_m/../../basement_membrane/_h/02.niche_pseudobulk.py:118: PerformanceWarning: DataFrame is highly fragmented.  This is usually the result of calling `frame.insert` many times, which has poor performance.  Consider joining all columns at once using pd.concat(axis=1) instead. To get a de-fragmented frame, use `newframe = frame.copy()`
  out[f"{g}__detect"] = sum_det[:, j] / n_cells
/ocean/projects/bio260021p/kbenjamin/projects/angiotensinII_lung/ras_circuit/_m/../../basement_membrane/_h/02.niche_pseudobulk.py:118: PerformanceWarning: DataFrame is highly fragmented.  This is usually the result of calling `frame.insert` many times, which has poor performance.  Consider joining all columns at once using pd.concat(axis=1) instead. To get a de-fragmented frame, use `newframe = frame.copy()`
  out[f"{g}__detect"] = sum_det[:, j] / n_cells
/ocean/projects/bio260021p/kbenjamin/projects/angiotensinII_lung/ras_circuit/_m/../../basement_membrane/_h/02.niche_pseudobulk.py:118: PerformanceWarning: DataFrame is highly fragmented.  This is usually the result of calling `frame.insert` many times, which has poor performance.  Consider joining all columns at once using pd.concat(axis=1) instead. To get a de-fragmented frame, use `newframe = frame.copy()`
  out[f"{g}__detect"] = sum_det[:, j] / n_cells
/ocean/projects/bio260021p/kbenjamin/projects/angiotensinII_lung/ras_circuit/_m/../../basement_membrane/_h/02.niche_pseudobulk.py:118: PerformanceWarning: DataFrame is highly fragmented.  This is usually the result of calling `frame.insert` many times, which has poor performance.  Consider joining all columns at once using pd.concat(axis=1) instead. To get a de-fragmented frame, use `newframe = frame.copy()`
  out[f"{g}__detect"] = sum_det[:, j] / n_cells
/ocean/projects/bio260021p/kbenjamin/projects/angiotensinII_lung/ras_circuit/_m/../../basement_membrane/_h/02.niche_pseudobulk.py:118: PerformanceWarning: DataFrame is highly fragmented.  This is usually the result of calling `frame.insert` many times, which has poor performance.  Consider joining all columns at once using pd.concat(axis=1) instead. To get a de-fragmented frame, use `newframe = frame.copy()`
  out[f"{g}__detect"] = sum_det[:, j] / n_cells
/ocean/projects/bio260021p/kbenjamin/projects/angiotensinII_lung/ras_circuit/_m/../../basement_membrane/_h/02.niche_pseudobulk.py:118: PerformanceWarning: DataFrame is highly fragmented.  This is usually the result of calling `frame.insert` many times, which has poor performance.  Consider joining all columns at once using pd.concat(axis=1) instead. To get a de-fragmented frame, use `newframe = frame.copy()`
  out[f"{g}__detect"] = sum_det[:, j] / n_cells
/ocean/projects/bio260021p/kbenjamin/projects/angiotensinII_lung/ras_circuit/_m/../../basement_membrane/_h/02.niche_pseudobulk.py:118: PerformanceWarning: DataFrame is highly fragmented.  This is usually the result of calling `frame.insert` many times, which has poor performance.  Consider joining all columns at once using pd.concat(axis=1) instead. To get a de-fragmented frame, use `newframe = frame.copy()`
  out[f"{g}__detect"] = sum_det[:, j] / n_cells
/ocean/projects/bio260021p/kbenjamin/projects/angiotensinII_lung/ras_circuit/_m/../../basement_membrane/_h/02.niche_pseudobulk.py:118: PerformanceWarning: DataFrame is highly fragmented.  This is usually the result of calling `frame.insert` many times, which has poor performance.  Consider joining all columns at once using pd.concat(axis=1) instead. To get a de-fragmented frame, use `newframe = frame.copy()`
  out[f"{g}__detect"] = sum_det[:, j] / n_cells
/ocean/projects/bio260021p/kbenjamin/projects/angiotensinII_lung/ras_circuit/_m/../../basement_membrane/_h/02.niche_pseudobulk.py:118: PerformanceWarning: DataFrame is highly fragmented.  This is usually the result of calling `frame.insert` many times, which has poor performance.  Consider joining all columns at once using pd.concat(axis=1) instead. To get a de-fragmented frame, use `newframe = frame.copy()`
  out[f"{g}__detect"] = sum_det[:, j] / n_cells
/ocean/projects/bio260021p/kbenjamin/projects/angiotensinII_lung/ras_circuit/_m/../../basement_membrane/_h/02.niche_pseudobulk.py:118: PerformanceWarning: DataFrame is highly fragmented.  This is usually the result of calling `frame.insert` many times, which has poor performance.  Consider joining all columns at once using pd.concat(axis=1) instead. To get a de-fragmented frame, use `newframe = frame.copy()`
  out[f"{g}__detect"] = sum_det[:, j] / n_cells
/ocean/projects/bio260021p/kbenjamin/projects/angiotensinII_lung/ras_circuit/_m/../../basement_membrane/_h/02.niche_pseudobulk.py:118: PerformanceWarning: DataFrame is highly fragmented.  This is usually the result of calling `frame.insert` many times, which has poor performance.  Consider joining all columns at once using pd.concat(axis=1) instead. To get a de-fragmented frame, use `newframe = frame.copy()`
  out[f"{g}__detect"] = sum_det[:, j] / n_cells
/ocean/projects/bio260021p/kbenjamin/projects/angiotensinII_lung/ras_circuit/_m/../../basement_membrane/_h/02.niche_pseudobulk.py:118: PerformanceWarning: DataFrame is highly fragmented.  This is usually the result of calling `frame.insert` many times, which has poor performance.  Consider joining all columns at once using pd.concat(axis=1) instead. To get a de-fragmented frame, use `newframe = frame.copy()`
  out[f"{g}__detect"] = sum_det[:, j] / n_cells
/ocean/projects/bio260021p/kbenjamin/projects/angiotensinII_lung/ras_circuit/_m/../../basement_membrane/_h/02.niche_pseudobulk.py:118: PerformanceWarning: DataFrame is highly fragmented.  This is usually the result of calling `frame.insert` many times, which has poor performance.  Consider joining all columns at once using pd.concat(axis=1) instead. To get a de-fragmented frame, use `newframe = frame.copy()`
  out[f"{g}__detect"] = sum_det[:, j] / n_cells
/ocean/projects/bio260021p/kbenjamin/projects/angiotensinII_lung/ras_circuit/_m/../../basement_membrane/_h/02.niche_pseudobulk.py:118: PerformanceWarning: DataFrame is highly fragmented.  This is usually the result of calling `frame.insert` many times, which has poor performance.  Consider joining all columns at once using pd.concat(axis=1) instead. To get a de-fragmented frame, use `newframe = frame.copy()`
  out[f"{g}__detect"] = sum_det[:, j] / n_cells
/ocean/projects/bio260021p/kbenjamin/projects/angiotensinII_lung/ras_circuit/_m/../../basement_membrane/_h/02.niche_pseudobulk.py:118: PerformanceWarning: DataFrame is highly fragmented.  This is usually the result of calling `frame.insert` many times, which has poor performance.  Consider joining all columns at once using pd.concat(axis=1) instead. To get a de-fragmented frame, use `newframe = frame.copy()`
  out[f"{g}__detect"] = sum_det[:, j] / n_cells
/ocean/projects/bio260021p/kbenjamin/projects/angiotensinII_lung/ras_circuit/_m/../../basement_membrane/_h/02.niche_pseudobulk.py:118: PerformanceWarning: DataFrame is highly fragmented.  This is usually the result of calling `frame.insert` many times, which has poor performance.  Consider joining all columns at once using pd.concat(axis=1) instead. To get a de-fragmented frame, use `newframe = frame.copy()`
  out[f"{g}__detect"] = sum_det[:, j] / n_cells
/ocean/projects/bio260021p/kbenjamin/projects/angiotensinII_lung/ras_circuit/_m/../../basement_membrane/_h/02.niche_pseudobulk.py:118: PerformanceWarning: DataFrame is highly fragmented.  This is usually the result of calling `frame.insert` many times, which has poor performance.  Consider joining all columns at once using pd.concat(axis=1) instead. To get a de-fragmented frame, use `newframe = frame.copy()`
  out[f"{g}__detect"] = sum_det[:, j] / n_cells
/ocean/projects/bio260021p/kbenjamin/projects/angiotensinII_lung/ras_circuit/_m/../../basement_membrane/_h/02.niche_pseudobulk.py:118: PerformanceWarning: DataFrame is highly fragmented.  This is usually the result of calling `frame.insert` many times, which has poor performance.  Consider joining all columns at once using pd.concat(axis=1) instead. To get a de-fragmented frame, use `newframe = frame.copy()`
  out[f"{g}__detect"] = sum_det[:, j] / n_cells
/ocean/projects/bio260021p/kbenjamin/projects/angiotensinII_lung/ras_circuit/_m/../../basement_membrane/_h/02.niche_pseudobulk.py:118: PerformanceWarning: DataFrame is highly fragmented.  This is usually the result of calling `frame.insert` many times, which has poor performance.  Consider joining all columns at once using pd.concat(axis=1) instead. To get a de-fragmented frame, use `newframe = frame.copy()`
  out[f"{g}__detect"] = sum_det[:, j] / n_cells
/ocean/projects/bio260021p/kbenjamin/projects/angiotensinII_lung/ras_circuit/_m/../../basement_membrane/_h/02.niche_pseudobulk.py:118: PerformanceWarning: DataFrame is highly fragmented.  This is usually the result of calling `frame.insert` many times, which has poor performance.  Consider joining all columns at once using pd.concat(axis=1) instead. To get a de-fragmented frame, use `newframe = frame.copy()`
  out[f"{g}__detect"] = sum_det[:, j] / n_cells
/ocean/projects/bio260021p/kbenjamin/projects/angiotensinII_lung/ras_circuit/_m/../../basement_membrane/_h/02.niche_pseudobulk.py:118: PerformanceWarning: DataFrame is highly fragmented.  This is usually the result of calling `frame.insert` many times, which has poor performance.  Consider joining all columns at once using pd.concat(axis=1) instead. To get a de-fragmented frame, use `newframe = frame.copy()`
  out[f"{g}__detect"] = sum_det[:, j] / n_cells
/ocean/projects/bio260021p/kbenjamin/projects/angiotensinII_lung/ras_circuit/_m/../../basement_membrane/_h/02.niche_pseudobulk.py:118: PerformanceWarning: DataFrame is highly fragmented.  This is usually the result of calling `frame.insert` many times, which has poor performance.  Consider joining all columns at once using pd.concat(axis=1) instead. To get a de-fragmented frame, use `newframe = frame.copy()`
  out[f"{g}__detect"] = sum_det[:, j] / n_cells
/ocean/projects/bio260021p/kbenjamin/projects/angiotensinII_lung/ras_circuit/_m/../../basement_membrane/_h/02.niche_pseudobulk.py:118: PerformanceWarning: DataFrame is highly fragmented.  This is usually the result of calling `frame.insert` many times, which has poor performance.  Consider joining all columns at once using pd.concat(axis=1) instead. To get a de-fragmented frame, use `newframe = frame.copy()`
  out[f"{g}__detect"] = sum_det[:, j] / n_cells
/ocean/projects/bio260021p/kbenjamin/projects/angiotensinII_lung/ras_circuit/_m/../../basement_membrane/_h/02.niche_pseudobulk.py:118: PerformanceWarning: DataFrame is highly fragmented.  This is usually the result of calling `frame.insert` many times, which has poor performance.  Consider joining all columns at once using pd.concat(axis=1) instead. To get a de-fragmented frame, use `newframe = frame.copy()`
  out[f"{g}__detect"] = sum_det[:, j] / n_cells
/ocean/projects/bio260021p/kbenjamin/projects/angiotensinII_lung/ras_circuit/_m/../../basement_membrane/_h/02.niche_pseudobulk.py:118: PerformanceWarning: DataFrame is highly fragmented.  This is usually the result of calling `frame.insert` many times, which has poor performance.  Consider joining all columns at once using pd.concat(axis=1) instead. To get a de-fragmented frame, use `newframe = frame.copy()`
  out[f"{g}__detect"] = sum_det[:, j] / n_cells
/ocean/projects/bio260021p/kbenjamin/projects/angiotensinII_lung/ras_circuit/_m/../../basement_membrane/_h/02.niche_pseudobulk.py:118: PerformanceWarning: DataFrame is highly fragmented.  This is usually the result of calling `frame.insert` many times, which has poor performance.  Consider joining all columns at once using pd.concat(axis=1) instead. To get a de-fragmented frame, use `newframe = frame.copy()`
  out[f"{g}__detect"] = sum_det[:, j] / n_cells
/ocean/projects/bio260021p/kbenjamin/projects/angiotensinII_lung/ras_circuit/_m/../../basement_membrane/_h/02.niche_pseudobulk.py:118: PerformanceWarning: DataFrame is highly fragmented.  This is usually the result of calling `frame.insert` many times, which has poor performance.  Consider joining all columns at once using pd.concat(axis=1) instead. To get a de-fragmented frame, use `newframe = frame.copy()`
  out[f"{g}__detect"] = sum_det[:, j] / n_cells
/ocean/projects/bio260021p/kbenjamin/projects/angiotensinII_lung/ras_circuit/_m/../../basement_membrane/_h/02.niche_pseudobulk.py:118: PerformanceWarning: DataFrame is highly fragmented.  This is usually the result of calling `frame.insert` many times, which has poor performance.  Consider joining all columns at once using pd.concat(axis=1) instead. To get a de-fragmented frame, use `newframe = frame.copy()`
  out[f"{g}__detect"] = sum_det[:, j] / n_cells
/ocean/projects/bio260021p/kbenjamin/projects/angiotensinII_lung/ras_circuit/_m/../../basement_membrane/_h/02.niche_pseudobulk.py:118: PerformanceWarning: DataFrame is highly fragmented.  This is usually the result of calling `frame.insert` many times, which has poor performance.  Consider joining all columns at once using pd.concat(axis=1) instead. To get a de-fragmented frame, use `newframe = frame.copy()`
  out[f"{g}__detect"] = sum_det[:, j] / n_cells
/ocean/projects/bio260021p/kbenjamin/projects/angiotensinII_lung/ras_circuit/_m/../../basement_membrane/_h/02.niche_pseudobulk.py:118: PerformanceWarning: DataFrame is highly fragmented.  This is usually the result of calling `frame.insert` many times, which has poor performance.  Consider joining all columns at once using pd.concat(axis=1) instead. To get a de-fragmented frame, use `newframe = frame.copy()`
  out[f"{g}__detect"] = sum_det[:, j] / n_cells
/ocean/projects/bio260021p/kbenjamin/projects/angiotensinII_lung/ras_circuit/_m/../../basement_membrane/_h/02.niche_pseudobulk.py:118: PerformanceWarning: DataFrame is highly fragmented.  This is usually the result of calling `frame.insert` many times, which has poor performance.  Consider joining all columns at once using pd.concat(axis=1) instead. To get a de-fragmented frame, use `newframe = frame.copy()`
  out[f"{g}__detect"] = sum_det[:, j] / n_cells
/ocean/projects/bio260021p/kbenjamin/projects/angiotensinII_lung/ras_circuit/_m/../../basement_membrane/_h/02.niche_pseudobulk.py:118: PerformanceWarning: DataFrame is highly fragmented.  This is usually the result of calling `frame.insert` many times, which has poor performance.  Consider joining all columns at once using pd.concat(axis=1) instead. To get a de-fragmented frame, use `newframe = frame.copy()`
  out[f"{g}__detect"] = sum_det[:, j] / n_cells
/ocean/projects/bio260021p/kbenjamin/projects/angiotensinII_lung/ras_circuit/_m/../../basement_membrane/_h/02.niche_pseudobulk.py:118: PerformanceWarning: DataFrame is highly fragmented.  This is usually the result of calling `frame.insert` many times, which has poor performance.  Consider joining all columns at once using pd.concat(axis=1) instead. To get a de-fragmented frame, use `newframe = frame.copy()`
  out[f"{g}__detect"] = sum_det[:, j] / n_cells
/ocean/projects/bio260021p/kbenjamin/projects/angiotensinII_lung/ras_circuit/_m/../../basement_membrane/_h/02.niche_pseudobulk.py:118: PerformanceWarning: DataFrame is highly fragmented.  This is usually the result of calling `frame.insert` many times, which has poor performance.  Consider joining all columns at once using pd.concat(axis=1) instead. To get a de-fragmented frame, use `newframe = frame.copy()`
  out[f"{g}__detect"] = sum_det[:, j] / n_cells
/ocean/projects/bio260021p/kbenjamin/projects/angiotensinII_lung/ras_circuit/_m/../../basement_membrane/_h/02.niche_pseudobulk.py:118: PerformanceWarning: DataFrame is highly fragmented.  This is usually the result of calling `frame.insert` many times, which has poor performance.  Consider joining all columns at once using pd.concat(axis=1) instead. To get a de-fragmented frame, use `newframe = frame.copy()`
  out[f"{g}__detect"] = sum_det[:, j] / n_cells
/ocean/projects/bio260021p/kbenjamin/projects/angiotensinII_lung/ras_circuit/_m/../../basement_membrane/_h/02.niche_pseudobulk.py:118: PerformanceWarning: DataFrame is highly fragmented.  This is usually the result of calling `frame.insert` many times, which has poor performance.  Consider joining all columns at once using pd.concat(axis=1) instead. To get a de-fragmented frame, use `newframe = frame.copy()`
  out[f"{g}__detect"] = sum_det[:, j] / n_cells
/ocean/projects/bio260021p/kbenjamin/projects/angiotensinII_lung/ras_circuit/_m/../../basement_membrane/_h/02.niche_pseudobulk.py:118: PerformanceWarning: DataFrame is highly fragmented.  This is usually the result of calling `frame.insert` many times, which has poor performance.  Consider joining all columns at once using pd.concat(axis=1) instead. To get a de-fragmented frame, use `newframe = frame.copy()`
  out[f"{g}__detect"] = sum_det[:, j] / n_cells
/ocean/projects/bio260021p/kbenjamin/projects/angiotensinII_lung/ras_circuit/_m/../../basement_membrane/_h/02.niche_pseudobulk.py:118: PerformanceWarning: DataFrame is highly fragmented.  This is usually the result of calling `frame.insert` many times, which has poor performance.  Consider joining all columns at once using pd.concat(axis=1) instead. To get a de-fragmented frame, use `newframe = frame.copy()`
  out[f"{g}__detect"] = sum_det[:, j] / n_cells
/ocean/projects/bio260021p/kbenjamin/projects/angiotensinII_lung/ras_circuit/_m/../../basement_membrane/_h/02.niche_pseudobulk.py:118: PerformanceWarning: DataFrame is highly fragmented.  This is usually the result of calling `frame.insert` many times, which has poor performance.  Consider joining all columns at once using pd.concat(axis=1) instead. To get a de-fragmented frame, use `newframe = frame.copy()`
  out[f"{g}__detect"] = sum_det[:, j] / n_cells
/ocean/projects/bio260021p/kbenjamin/projects/angiotensinII_lung/ras_circuit/_m/../../basement_membrane/_h/02.niche_pseudobulk.py:118: PerformanceWarning: DataFrame is highly fragmented.  This is usually the result of calling `frame.insert` many times, which has poor performance.  Consider joining all columns at once using pd.concat(axis=1) instead. To get a de-fragmented frame, use `newframe = frame.copy()`
  out[f"{g}__detect"] = sum_det[:, j] / n_cells
/ocean/projects/bio260021p/kbenjamin/projects/angiotensinII_lung/ras_circuit/_m/../../basement_membrane/_h/02.niche_pseudobulk.py:118: PerformanceWarning: DataFrame is highly fragmented.  This is usually the result of calling `frame.insert` many times, which has poor performance.  Consider joining all columns at once using pd.concat(axis=1) instead. To get a de-fragmented frame, use `newframe = frame.copy()`
  out[f"{g}__detect"] = sum_det[:, j] / n_cells
/ocean/projects/bio260021p/kbenjamin/projects/angiotensinII_lung/ras_circuit/_m/../../basement_membrane/_h/02.niche_pseudobulk.py:118: PerformanceWarning: DataFrame is highly fragmented.  This is usually the result of calling `frame.insert` many times, which has poor performance.  Consider joining all columns at once using pd.concat(axis=1) instead. To get a de-fragmented frame, use `newframe = frame.copy()`
  out[f"{g}__detect"] = sum_det[:, j] / n_cells
/ocean/projects/bio260021p/kbenjamin/projects/angiotensinII_lung/ras_circuit/_m/../../basement_membrane/_h/02.niche_pseudobulk.py:118: PerformanceWarning: DataFrame is highly fragmented.  This is usually the result of calling `frame.insert` many times, which has poor performance.  Consider joining all columns at once using pd.concat(axis=1) instead. To get a de-fragmented frame, use `newframe = frame.copy()`
  out[f"{g}__detect"] = sum_det[:, j] / n_cells
/ocean/projects/bio260021p/kbenjamin/projects/angiotensinII_lung/ras_circuit/_m/../../basement_membrane/_h/02.niche_pseudobulk.py:118: PerformanceWarning: DataFrame is highly fragmented.  This is usually the result of calling `frame.insert` many times, which has poor performance.  Consider joining all columns at once using pd.concat(axis=1) instead. To get a de-fragmented frame, use `newframe = frame.copy()`
  out[f"{g}__detect"] = sum_det[:, j] / n_cells
/ocean/projects/bio260021p/kbenjamin/projects/angiotensinII_lung/ras_circuit/_m/../../basement_membrane/_h/02.niche_pseudobulk.py:118: PerformanceWarning: DataFrame is highly fragmented.  This is usually the result of calling `frame.insert` many times, which has poor performance.  Consider joining all columns at once using pd.concat(axis=1) instead. To get a de-fragmented frame, use `newframe = frame.copy()`
  out[f"{g}__detect"] = sum_det[:, j] / n_cells
/ocean/projects/bio260021p/kbenjamin/projects/angiotensinII_lung/ras_circuit/_m/../../basement_membrane/_h/02.niche_pseudobulk.py:118: PerformanceWarning: DataFrame is highly fragmented.  This is usually the result of calling `frame.insert` many times, which has poor performance.  Consider joining all columns at once using pd.concat(axis=1) instead. To get a de-fragmented frame, use `newframe = frame.copy()`
  out[f"{g}__detect"] = sum_det[:, j] / n_cells
/ocean/projects/bio260021p/kbenjamin/projects/angiotensinII_lung/ras_circuit/_m/../../basement_membrane/_h/02.niche_pseudobulk.py:118: PerformanceWarning: DataFrame is highly fragmented.  This is usually the result of calling `frame.insert` many times, which has poor performance.  Consider joining all columns at once using pd.concat(axis=1) instead. To get a de-fragmented frame, use `newframe = frame.copy()`
  out[f"{g}__detect"] = sum_det[:, j] / n_cells
/ocean/projects/bio260021p/kbenjamin/projects/angiotensinII_lung/ras_circuit/_m/../../basement_membrane/_h/02.niche_pseudobulk.py:118: PerformanceWarning: DataFrame is highly fragmented.  This is usually the result of calling `frame.insert` many times, which has poor performance.  Consider joining all columns at once using pd.concat(axis=1) instead. To get a de-fragmented frame, use `newframe = frame.copy()`
  out[f"{g}__detect"] = sum_det[:, j] / n_cells
/ocean/projects/bio260021p/kbenjamin/projects/angiotensinII_lung/ras_circuit/_m/../../basement_membrane/_h/02.niche_pseudobulk.py:118: PerformanceWarning: DataFrame is highly fragmented.  This is usually the result of calling `frame.insert` many times, which has poor performance.  Consider joining all columns at once using pd.concat(axis=1) instead. To get a de-fragmented frame, use `newframe = frame.copy()`
  out[f"{g}__detect"] = sum_det[:, j] / n_cells
/ocean/projects/bio260021p/kbenjamin/projects/angiotensinII_lung/ras_circuit/_m/../../basement_membrane/_h/02.niche_pseudobulk.py:118: PerformanceWarning: DataFrame is highly fragmented.  This is usually the result of calling `frame.insert` many times, which has poor performance.  Consider joining all columns at once using pd.concat(axis=1) instead. To get a de-fragmented frame, use `newframe = frame.copy()`
  out[f"{g}__detect"] = sum_det[:, j] / n_cells
/ocean/projects/bio260021p/kbenjamin/projects/angiotensinII_lung/ras_circuit/_m/../../basement_membrane/_h/02.niche_pseudobulk.py:118: PerformanceWarning: DataFrame is highly fragmented.  This is usually the result of calling `frame.insert` many times, which has poor performance.  Consider joining all columns at once using pd.concat(axis=1) instead. To get a de-fragmented frame, use `newframe = frame.copy()`
  out[f"{g}__detect"] = sum_det[:, j] / n_cells
/ocean/projects/bio260021p/kbenjamin/projects/angiotensinII_lung/ras_circuit/_m/../../basement_membrane/_h/02.niche_pseudobulk.py:118: PerformanceWarning: DataFrame is highly fragmented.  This is usually the result of calling `frame.insert` many times, which has poor performance.  Consider joining all columns at once using pd.concat(axis=1) instead. To get a de-fragmented frame, use `newframe = frame.copy()`
  out[f"{g}__detect"] = sum_det[:, j] / n_cells
/ocean/projects/bio260021p/kbenjamin/projects/angiotensinII_lung/ras_circuit/_m/../../basement_membrane/_h/02.niche_pseudobulk.py:118: PerformanceWarning: DataFrame is highly fragmented.  This is usually the result of calling `frame.insert` many times, which has poor performance.  Consider joining all columns at once using pd.concat(axis=1) instead. To get a de-fragmented frame, use `newframe = frame.copy()`
  out[f"{g}__detect"] = sum_det[:, j] / n_cells
/ocean/projects/bio260021p/kbenjamin/projects/angiotensinII_lung/ras_circuit/_m/../../basement_membrane/_h/02.niche_pseudobulk.py:118: PerformanceWarning: DataFrame is highly fragmented.  This is usually the result of calling `frame.insert` many times, which has poor performance.  Consider joining all columns at once using pd.concat(axis=1) instead. To get a de-fragmented frame, use `newframe = frame.copy()`
  out[f"{g}__detect"] = sum_det[:, j] / n_cells
/ocean/projects/bio260021p/kbenjamin/projects/angiotensinII_lung/ras_circuit/_m/../../basement_membrane/_h/02.niche_pseudobulk.py:118: PerformanceWarning: DataFrame is highly fragmented.  This is usually the result of calling `frame.insert` many times, which has poor performance.  Consider joining all columns at once using pd.concat(axis=1) instead. To get a de-fragmented frame, use `newframe = frame.copy()`
  out[f"{g}__detect"] = sum_det[:, j] / n_cells
/ocean/projects/bio260021p/kbenjamin/projects/angiotensinII_lung/ras_circuit/_m/../../basement_membrane/_h/02.niche_pseudobulk.py:118: PerformanceWarning: DataFrame is highly fragmented.  This is usually the result of calling `frame.insert` many times, which has poor performance.  Consider joining all columns at once using pd.concat(axis=1) instead. To get a de-fragmented frame, use `newframe = frame.copy()`
  out[f"{g}__detect"] = sum_det[:, j] / n_cells
/ocean/projects/bio260021p/kbenjamin/projects/angiotensinII_lung/ras_circuit/_m/../../basement_membrane/_h/02.niche_pseudobulk.py:118: PerformanceWarning: DataFrame is highly fragmented.  This is usually the result of calling `frame.insert` many times, which has poor performance.  Consider joining all columns at once using pd.concat(axis=1) instead. To get a de-fragmented frame, use `newframe = frame.copy()`
  out[f"{g}__detect"] = sum_det[:, j] / n_cells
/ocean/projects/bio260021p/kbenjamin/projects/angiotensinII_lung/ras_circuit/_m/../../basement_membrane/_h/02.niche_pseudobulk.py:118: PerformanceWarning: DataFrame is highly fragmented.  This is usually the result of calling `frame.insert` many times, which has poor performance.  Consider joining all columns at once using pd.concat(axis=1) instead. To get a de-fragmented frame, use `newframe = frame.copy()`
  out[f"{g}__detect"] = sum_det[:, j] / n_cells
/ocean/projects/bio260021p/kbenjamin/projects/angiotensinII_lung/ras_circuit/_m/../../basement_membrane/_h/02.niche_pseudobulk.py:118: PerformanceWarning: DataFrame is highly fragmented.  This is usually the result of calling `frame.insert` many times, which has poor performance.  Consider joining all columns at once using pd.concat(axis=1) instead. To get a de-fragmented frame, use `newframe = frame.copy()`
  out[f"{g}__detect"] = sum_det[:, j] / n_cells
/ocean/projects/bio260021p/kbenjamin/projects/angiotensinII_lung/ras_circuit/_m/../../basement_membrane/_h/02.niche_pseudobulk.py:118: PerformanceWarning: DataFrame is highly fragmented.  This is usually the result of calling `frame.insert` many times, which has poor performance.  Consider joining all columns at once using pd.concat(axis=1) instead. To get a de-fragmented frame, use `newframe = frame.copy()`
  out[f"{g}__detect"] = sum_det[:, j] / n_cells
/ocean/projects/bio260021p/kbenjamin/projects/angiotensinII_lung/ras_circuit/_m/../../basement_membrane/_h/02.niche_pseudobulk.py:118: PerformanceWarning: DataFrame is highly fragmented.  This is usually the result of calling `frame.insert` many times, which has poor performance.  Consider joining all columns at once using pd.concat(axis=1) instead. To get a de-fragmented frame, use `newframe = frame.copy()`
  out[f"{g}__detect"] = sum_det[:, j] / n_cells
/ocean/projects/bio260021p/kbenjamin/projects/angiotensinII_lung/ras_circuit/_m/../../basement_membrane/_h/02.niche_pseudobulk.py:118: PerformanceWarning: DataFrame is highly fragmented.  This is usually the result of calling `frame.insert` many times, which has poor performance.  Consider joining all columns at once using pd.concat(axis=1) instead. To get a de-fragmented frame, use `newframe = frame.copy()`
  out[f"{g}__detect"] = sum_det[:, j] / n_cells
/ocean/projects/bio260021p/kbenjamin/projects/angiotensinII_lung/ras_circuit/_m/../../basement_membrane/_h/02.niche_pseudobulk.py:118: PerformanceWarning: DataFrame is highly fragmented.  This is usually the result of calling `frame.insert` many times, which has poor performance.  Consider joining all columns at once using pd.concat(axis=1) instead. To get a de-fragmented frame, use `newframe = frame.copy()`
  out[f"{g}__detect"] = sum_det[:, j] / n_cells
/ocean/projects/bio260021p/kbenjamin/projects/angiotensinII_lung/ras_circuit/_m/../../basement_membrane/_h/02.niche_pseudobulk.py:118: PerformanceWarning: DataFrame is highly fragmented.  This is usually the result of calling `frame.insert` many times, which has poor performance.  Consider joining all columns at once using pd.concat(axis=1) instead. To get a de-fragmented frame, use `newframe = frame.copy()`
  out[f"{g}__detect"] = sum_det[:, j] / n_cells
/ocean/projects/bio260021p/kbenjamin/projects/angiotensinII_lung/ras_circuit/_m/../../basement_membrane/_h/02.niche_pseudobulk.py:118: PerformanceWarning: DataFrame is highly fragmented.  This is usually the result of calling `frame.insert` many times, which has poor performance.  Consider joining all columns at once using pd.concat(axis=1) instead. To get a de-fragmented frame, use `newframe = frame.copy()`
  out[f"{g}__detect"] = sum_det[:, j] / n_cells
/ocean/projects/bio260021p/kbenjamin/projects/angiotensinII_lung/ras_circuit/_m/../../basement_membrane/_h/02.niche_pseudobulk.py:118: PerformanceWarning: DataFrame is highly fragmented.  This is usually the result of calling `frame.insert` many times, which has poor performance.  Consider joining all columns at once using pd.concat(axis=1) instead. To get a de-fragmented frame, use `newframe = frame.copy()`
  out[f"{g}__detect"] = sum_det[:, j] / n_cells
/ocean/projects/bio260021p/kbenjamin/projects/angiotensinII_lung/ras_circuit/_m/../../basement_membrane/_h/02.niche_pseudobulk.py:118: PerformanceWarning: DataFrame is highly fragmented.  This is usually the result of calling `frame.insert` many times, which has poor performance.  Consider joining all columns at once using pd.concat(axis=1) instead. To get a de-fragmented frame, use `newframe = frame.copy()`
  out[f"{g}__detect"] = sum_det[:, j] / n_cells
/ocean/projects/bio260021p/kbenjamin/projects/angiotensinII_lung/ras_circuit/_m/../../basement_membrane/_h/02.niche_pseudobulk.py:118: PerformanceWarning: DataFrame is highly fragmented.  This is usually the result of calling `frame.insert` many times, which has poor performance.  Consider joining all columns at once using pd.concat(axis=1) instead. To get a de-fragmented frame, use `newframe = frame.copy()`
  out[f"{g}__detect"] = sum_det[:, j] / n_cells
/ocean/projects/bio260021p/kbenjamin/projects/angiotensinII_lung/ras_circuit/_m/../../basement_membrane/_h/02.niche_pseudobulk.py:118: PerformanceWarning: DataFrame is highly fragmented.  This is usually the result of calling `frame.insert` many times, which has poor performance.  Consider joining all columns at once using pd.concat(axis=1) instead. To get a de-fragmented frame, use `newframe = frame.copy()`
  out[f"{g}__detect"] = sum_det[:, j] / n_cells
/ocean/projects/bio260021p/kbenjamin/projects/angiotensinII_lung/ras_circuit/_m/../../basement_membrane/_h/02.niche_pseudobulk.py:118: PerformanceWarning: DataFrame is highly fragmented.  This is usually the result of calling `frame.insert` many times, which has poor performance.  Consider joining all columns at once using pd.concat(axis=1) instead. To get a de-fragmented frame, use `newframe = frame.copy()`
  out[f"{g}__detect"] = sum_det[:, j] / n_cells
/ocean/projects/bio260021p/kbenjamin/projects/angiotensinII_lung/ras_circuit/_m/../../basement_membrane/_h/02.niche_pseudobulk.py:118: PerformanceWarning: DataFrame is highly fragmented.  This is usually the result of calling `frame.insert` many times, which has poor performance.  Consider joining all columns at once using pd.concat(axis=1) instead. To get a de-fragmented frame, use `newframe = frame.copy()`
  out[f"{g}__detect"] = sum_det[:, j] / n_cells
/ocean/projects/bio260021p/kbenjamin/projects/angiotensinII_lung/ras_circuit/_m/../../basement_membrane/_h/02.niche_pseudobulk.py:118: PerformanceWarning: DataFrame is highly fragmented.  This is usually the result of calling `frame.insert` many times, which has poor performance.  Consider joining all columns at once using pd.concat(axis=1) instead. To get a de-fragmented frame, use `newframe = frame.copy()`
  out[f"{g}__detect"] = sum_det[:, j] / n_cells
/ocean/projects/bio260021p/kbenjamin/projects/angiotensinII_lung/ras_circuit/_m/../../basement_membrane/_h/02.niche_pseudobulk.py:118: PerformanceWarning: DataFrame is highly fragmented.  This is usually the result of calling `frame.insert` many times, which has poor performance.  Consider joining all columns at once using pd.concat(axis=1) instead. To get a de-fragmented frame, use `newframe = frame.copy()`
  out[f"{g}__detect"] = sum_det[:, j] / n_cells
/ocean/projects/bio260021p/kbenjamin/projects/angiotensinII_lung/ras_circuit/_m/../../basement_membrane/_h/02.niche_pseudobulk.py:118: PerformanceWarning: DataFrame is highly fragmented.  This is usually the result of calling `frame.insert` many times, which has poor performance.  Consider joining all columns at once using pd.concat(axis=1) instead. To get a de-fragmented frame, use `newframe = frame.copy()`
  out[f"{g}__detect"] = sum_det[:, j] / n_cells
/ocean/projects/bio260021p/kbenjamin/projects/angiotensinII_lung/ras_circuit/_m/../../basement_membrane/_h/02.niche_pseudobulk.py:118: PerformanceWarning: DataFrame is highly fragmented.  This is usually the result of calling `frame.insert` many times, which has poor performance.  Consider joining all columns at once using pd.concat(axis=1) instead. To get a de-fragmented frame, use `newframe = frame.copy()`
  out[f"{g}__detect"] = sum_det[:, j] / n_cells
/ocean/projects/bio260021p/kbenjamin/projects/angiotensinII_lung/ras_circuit/_m/../../basement_membrane/_h/02.niche_pseudobulk.py:118: PerformanceWarning: DataFrame is highly fragmented.  This is usually the result of calling `frame.insert` many times, which has poor performance.  Consider joining all columns at once using pd.concat(axis=1) instead. To get a de-fragmented frame, use `newframe = frame.copy()`
  out[f"{g}__detect"] = sum_det[:, j] / n_cells
/ocean/projects/bio260021p/kbenjamin/projects/angiotensinII_lung/ras_circuit/_m/../../basement_membrane/_h/02.niche_pseudobulk.py:118: PerformanceWarning: DataFrame is highly fragmented.  This is usually the result of calling `frame.insert` many times, which has poor performance.  Consider joining all columns at once using pd.concat(axis=1) instead. To get a de-fragmented frame, use `newframe = frame.copy()`
  out[f"{g}__detect"] = sum_det[:, j] / n_cells
/ocean/projects/bio260021p/kbenjamin/projects/angiotensinII_lung/ras_circuit/_m/../../basement_membrane/_h/02.niche_pseudobulk.py:118: PerformanceWarning: DataFrame is highly fragmented.  This is usually the result of calling `frame.insert` many times, which has poor performance.  Consider joining all columns at once using pd.concat(axis=1) instead. To get a de-fragmented frame, use `newframe = frame.copy()`
  out[f"{g}__detect"] = sum_det[:, j] / n_cells
/ocean/projects/bio260021p/kbenjamin/projects/angiotensinII_lung/ras_circuit/_m/../../basement_membrane/_h/02.niche_pseudobulk.py:118: PerformanceWarning: DataFrame is highly fragmented.  This is usually the result of calling `frame.insert` many times, which has poor performance.  Consider joining all columns at once using pd.concat(axis=1) instead. To get a de-fragmented frame, use `newframe = frame.copy()`
  out[f"{g}__detect"] = sum_det[:, j] / n_cells
/ocean/projects/bio260021p/kbenjamin/projects/angiotensinII_lung/ras_circuit/_m/../../basement_membrane/_h/02.niche_pseudobulk.py:118: PerformanceWarning: DataFrame is highly fragmented.  This is usually the result of calling `frame.insert` many times, which has poor performance.  Consider joining all columns at once using pd.concat(axis=1) instead. To get a de-fragmented frame, use `newframe = frame.copy()`
  out[f"{g}__detect"] = sum_det[:, j] / n_cells
/ocean/projects/bio260021p/kbenjamin/projects/angiotensinII_lung/ras_circuit/_m/../../basement_membrane/_h/02.niche_pseudobulk.py:118: PerformanceWarning: DataFrame is highly fragmented.  This is usually the result of calling `frame.insert` many times, which has poor performance.  Consider joining all columns at once using pd.concat(axis=1) instead. To get a de-fragmented frame, use `newframe = frame.copy()`
  out[f"{g}__detect"] = sum_det[:, j] / n_cells
/ocean/projects/bio260021p/kbenjamin/projects/angiotensinII_lung/ras_circuit/_m/../../basement_membrane/_h/02.niche_pseudobulk.py:118: PerformanceWarning: DataFrame is highly fragmented.  This is usually the result of calling `frame.insert` many times, which has poor performance.  Consider joining all columns at once using pd.concat(axis=1) instead. To get a de-fragmented frame, use `newframe = frame.copy()`
  out[f"{g}__detect"] = sum_det[:, j] / n_cells
/ocean/projects/bio260021p/kbenjamin/projects/angiotensinII_lung/ras_circuit/_m/../../basement_membrane/_h/02.niche_pseudobulk.py:118: PerformanceWarning: DataFrame is highly fragmented.  This is usually the result of calling `frame.insert` many times, which has poor performance.  Consider joining all columns at once using pd.concat(axis=1) instead. To get a de-fragmented frame, use `newframe = frame.copy()`
  out[f"{g}__detect"] = sum_det[:, j] / n_cells
/ocean/projects/bio260021p/kbenjamin/projects/angiotensinII_lung/ras_circuit/_m/../../basement_membrane/_h/02.niche_pseudobulk.py:118: PerformanceWarning: DataFrame is highly fragmented.  This is usually the result of calling `frame.insert` many times, which has poor performance.  Consider joining all columns at once using pd.concat(axis=1) instead. To get a de-fragmented frame, use `newframe = frame.copy()`
  out[f"{g}__detect"] = sum_det[:, j] / n_cells
/ocean/projects/bio260021p/kbenjamin/projects/angiotensinII_lung/ras_circuit/_m/../../basement_membrane/_h/02.niche_pseudobulk.py:118: PerformanceWarning: DataFrame is highly fragmented.  This is usually the result of calling `frame.insert` many times, which has poor performance.  Consider joining all columns at once using pd.concat(axis=1) instead. To get a de-fragmented frame, use `newframe = frame.copy()`
  out[f"{g}__detect"] = sum_det[:, j] / n_cells
/ocean/projects/bio260021p/kbenjamin/projects/angiotensinII_lung/ras_circuit/_m/../../basement_membrane/_h/02.niche_pseudobulk.py:118: PerformanceWarning: DataFrame is highly fragmented.  This is usually the result of calling `frame.insert` many times, which has poor performance.  Consider joining all columns at once using pd.concat(axis=1) instead. To get a de-fragmented frame, use `newframe = frame.copy()`
  out[f"{g}__detect"] = sum_det[:, j] / n_cells
/ocean/projects/bio260021p/kbenjamin/projects/angiotensinII_lung/ras_circuit/_m/../../basement_membrane/_h/02.niche_pseudobulk.py:118: PerformanceWarning: DataFrame is highly fragmented.  This is usually the result of calling `frame.insert` many times, which has poor performance.  Consider joining all columns at once using pd.concat(axis=1) instead. To get a de-fragmented frame, use `newframe = frame.copy()`
  out[f"{g}__detect"] = sum_det[:, j] / n_cells
/ocean/projects/bio260021p/kbenjamin/projects/angiotensinII_lung/ras_circuit/_m/../../basement_membrane/_h/02.niche_pseudobulk.py:118: PerformanceWarning: DataFrame is highly fragmented.  This is usually the result of calling `frame.insert` many times, which has poor performance.  Consider joining all columns at once using pd.concat(axis=1) instead. To get a de-fragmented frame, use `newframe = frame.copy()`
  out[f"{g}__detect"] = sum_det[:, j] / n_cells
/ocean/projects/bio260021p/kbenjamin/projects/angiotensinII_lung/ras_circuit/_m/../../basement_membrane/_h/02.niche_pseudobulk.py:118: PerformanceWarning: DataFrame is highly fragmented.  This is usually the result of calling `frame.insert` many times, which has poor performance.  Consider joining all columns at once using pd.concat(axis=1) instead. To get a de-fragmented frame, use `newframe = frame.copy()`
  out[f"{g}__detect"] = sum_det[:, j] / n_cells
/ocean/projects/bio260021p/kbenjamin/projects/angiotensinII_lung/ras_circuit/_m/../../basement_membrane/_h/02.niche_pseudobulk.py:118: PerformanceWarning: DataFrame is highly fragmented.  This is usually the result of calling `frame.insert` many times, which has poor performance.  Consider joining all columns at once using pd.concat(axis=1) instead. To get a de-fragmented frame, use `newframe = frame.copy()`
  out[f"{g}__detect"] = sum_det[:, j] / n_cells
/ocean/projects/bio260021p/kbenjamin/projects/angiotensinII_lung/ras_circuit/_m/../../basement_membrane/_h/02.niche_pseudobulk.py:118: PerformanceWarning: DataFrame is highly fragmented.  This is usually the result of calling `frame.insert` many times, which has poor performance.  Consider joining all columns at once using pd.concat(axis=1) instead. To get a de-fragmented frame, use `newframe = frame.copy()`
  out[f"{g}__detect"] = sum_det[:, j] / n_cells
/ocean/projects/bio260021p/kbenjamin/projects/angiotensinII_lung/ras_circuit/_m/../../basement_membrane/_h/02.niche_pseudobulk.py:118: PerformanceWarning: DataFrame is highly fragmented.  This is usually the result of calling `frame.insert` many times, which has poor performance.  Consider joining all columns at once using pd.concat(axis=1) instead. To get a de-fragmented frame, use `newframe = frame.copy()`
  out[f"{g}__detect"] = sum_det[:, j] / n_cells
/ocean/projects/bio260021p/kbenjamin/projects/angiotensinII_lung/ras_circuit/_m/../../basement_membrane/_h/02.niche_pseudobulk.py:118: PerformanceWarning: DataFrame is highly fragmented.  This is usually the result of calling `frame.insert` many times, which has poor performance.  Consider joining all columns at once using pd.concat(axis=1) instead. To get a de-fragmented frame, use `newframe = frame.copy()`
  out[f"{g}__detect"] = sum_det[:, j] / n_cells
/ocean/projects/bio260021p/kbenjamin/projects/angiotensinII_lung/ras_circuit/_m/../../basement_membrane/_h/02.niche_pseudobulk.py:118: PerformanceWarning: DataFrame is highly fragmented.  This is usually the result of calling `frame.insert` many times, which has poor performance.  Consider joining all columns at once using pd.concat(axis=1) instead. To get a de-fragmented frame, use `newframe = frame.copy()`
  out[f"{g}__detect"] = sum_det[:, j] / n_cells
/ocean/projects/bio260021p/kbenjamin/projects/angiotensinII_lung/ras_circuit/_m/../../basement_membrane/_h/02.niche_pseudobulk.py:118: PerformanceWarning: DataFrame is highly fragmented.  This is usually the result of calling `frame.insert` many times, which has poor performance.  Consider joining all columns at once using pd.concat(axis=1) instead. To get a de-fragmented frame, use `newframe = frame.copy()`
  out[f"{g}__detect"] = sum_det[:, j] / n_cells
/ocean/projects/bio260021p/kbenjamin/projects/angiotensinII_lung/ras_circuit/_m/../../basement_membrane/_h/02.niche_pseudobulk.py:118: PerformanceWarning: DataFrame is highly fragmented.  This is usually the result of calling `frame.insert` many times, which has poor performance.  Consider joining all columns at once using pd.concat(axis=1) instead. To get a de-fragmented frame, use `newframe = frame.copy()`
  out[f"{g}__detect"] = sum_det[:, j] / n_cells
/ocean/projects/bio260021p/kbenjamin/projects/angiotensinII_lung/ras_circuit/_m/../../basement_membrane/_h/02.niche_pseudobulk.py:118: PerformanceWarning: DataFrame is highly fragmented.  This is usually the result of calling `frame.insert` many times, which has poor performance.  Consider joining all columns at once using pd.concat(axis=1) instead. To get a de-fragmented frame, use `newframe = frame.copy()`
  out[f"{g}__detect"] = sum_det[:, j] / n_cells
/ocean/projects/bio260021p/kbenjamin/projects/angiotensinII_lung/ras_circuit/_m/../../basement_membrane/_h/02.niche_pseudobulk.py:118: PerformanceWarning: DataFrame is highly fragmented.  This is usually the result of calling `frame.insert` many times, which has poor performance.  Consider joining all columns at once using pd.concat(axis=1) instead. To get a de-fragmented frame, use `newframe = frame.copy()`
  out[f"{g}__detect"] = sum_det[:, j] / n_cells
/ocean/projects/bio260021p/kbenjamin/projects/angiotensinII_lung/ras_circuit/_m/../../basement_membrane/_h/02.niche_pseudobulk.py:118: PerformanceWarning: DataFrame is highly fragmented.  This is usually the result of calling `frame.insert` many times, which has poor performance.  Consider joining all columns at once using pd.concat(axis=1) instead. To get a de-fragmented frame, use `newframe = frame.copy()`
  out[f"{g}__detect"] = sum_det[:, j] / n_cells
/ocean/projects/bio260021p/kbenjamin/projects/angiotensinII_lung/ras_circuit/_m/../../basement_membrane/_h/02.niche_pseudobulk.py:118: PerformanceWarning: DataFrame is highly fragmented.  This is usually the result of calling `frame.insert` many times, which has poor performance.  Consider joining all columns at once using pd.concat(axis=1) instead. To get a de-fragmented frame, use `newframe = frame.copy()`
  out[f"{g}__detect"] = sum_det[:, j] / n_cells
/ocean/projects/bio260021p/kbenjamin/projects/angiotensinII_lung/ras_circuit/_m/../../basement_membrane/_h/02.niche_pseudobulk.py:118: PerformanceWarning: DataFrame is highly fragmented.  This is usually the result of calling `frame.insert` many times, which has poor performance.  Consider joining all columns at once using pd.concat(axis=1) instead. To get a de-fragmented frame, use `newframe = frame.copy()`
  out[f"{g}__detect"] = sum_det[:, j] / n_cells
/ocean/projects/bio260021p/kbenjamin/projects/angiotensinII_lung/ras_circuit/_m/../../basement_membrane/_h/02.niche_pseudobulk.py:118: PerformanceWarning: DataFrame is highly fragmented.  This is usually the result of calling `frame.insert` many times, which has poor performance.  Consider joining all columns at once using pd.concat(axis=1) instead. To get a de-fragmented frame, use `newframe = frame.copy()`
  out[f"{g}__detect"] = sum_det[:, j] / n_cells
/ocean/projects/bio260021p/kbenjamin/projects/angiotensinII_lung/ras_circuit/_m/../../basement_membrane/_h/02.niche_pseudobulk.py:118: PerformanceWarning: DataFrame is highly fragmented.  This is usually the result of calling `frame.insert` many times, which has poor performance.  Consider joining all columns at once using pd.concat(axis=1) instead. To get a de-fragmented frame, use `newframe = frame.copy()`
  out[f"{g}__detect"] = sum_det[:, j] / n_cells
/ocean/projects/bio260021p/kbenjamin/projects/angiotensinII_lung/ras_circuit/_m/../../basement_membrane/_h/02.niche_pseudobulk.py:118: PerformanceWarning: DataFrame is highly fragmented.  This is usually the result of calling `frame.insert` many times, which has poor performance.  Consider joining all columns at once using pd.concat(axis=1) instead. To get a de-fragmented frame, use `newframe = frame.copy()`
  out[f"{g}__detect"] = sum_det[:, j] / n_cells
/ocean/projects/bio260021p/kbenjamin/projects/angiotensinII_lung/ras_circuit/_m/../../basement_membrane/_h/02.niche_pseudobulk.py:118: PerformanceWarning: DataFrame is highly fragmented.  This is usually the result of calling `frame.insert` many times, which has poor performance.  Consider joining all columns at once using pd.concat(axis=1) instead. To get a de-fragmented frame, use `newframe = frame.copy()`
  out[f"{g}__detect"] = sum_det[:, j] / n_cells
/ocean/projects/bio260021p/kbenjamin/projects/angiotensinII_lung/ras_circuit/_m/../../basement_membrane/_h/02.niche_pseudobulk.py:118: PerformanceWarning: DataFrame is highly fragmented.  This is usually the result of calling `frame.insert` many times, which has poor performance.  Consider joining all columns at once using pd.concat(axis=1) instead. To get a de-fragmented frame, use `newframe = frame.copy()`
  out[f"{g}__detect"] = sum_det[:, j] / n_cells
/ocean/projects/bio260021p/kbenjamin/projects/angiotensinII_lung/ras_circuit/_m/../../basement_membrane/_h/02.niche_pseudobulk.py:118: PerformanceWarning: DataFrame is highly fragmented.  This is usually the result of calling `frame.insert` many times, which has poor performance.  Consider joining all columns at once using pd.concat(axis=1) instead. To get a de-fragmented frame, use `newframe = frame.copy()`
  out[f"{g}__detect"] = sum_det[:, j] / n_cells
/ocean/projects/bio260021p/kbenjamin/projects/angiotensinII_lung/ras_circuit/_m/../../basement_membrane/_h/02.niche_pseudobulk.py:118: PerformanceWarning: DataFrame is highly fragmented.  This is usually the result of calling `frame.insert` many times, which has poor performance.  Consider joining all columns at once using pd.concat(axis=1) instead. To get a de-fragmented frame, use `newframe = frame.copy()`
  out[f"{g}__detect"] = sum_det[:, j] / n_cells
/ocean/projects/bio260021p/kbenjamin/projects/angiotensinII_lung/ras_circuit/_m/../../basement_membrane/_h/02.niche_pseudobulk.py:118: PerformanceWarning: DataFrame is highly fragmented.  This is usually the result of calling `frame.insert` many times, which has poor performance.  Consider joining all columns at once using pd.concat(axis=1) instead. To get a de-fragmented frame, use `newframe = frame.copy()`
  out[f"{g}__detect"] = sum_det[:, j] / n_cells
/ocean/projects/bio260021p/kbenjamin/projects/angiotensinII_lung/ras_circuit/_m/../../basement_membrane/_h/02.niche_pseudobulk.py:118: PerformanceWarning: DataFrame is highly fragmented.  This is usually the result of calling `frame.insert` many times, which has poor performance.  Consider joining all columns at once using pd.concat(axis=1) instead. To get a de-fragmented frame, use `newframe = frame.copy()`
  out[f"{g}__detect"] = sum_det[:, j] / n_cells
/ocean/projects/bio260021p/kbenjamin/projects/angiotensinII_lung/ras_circuit/_m/../../basement_membrane/_h/02.niche_pseudobulk.py:118: PerformanceWarning: DataFrame is highly fragmented.  This is usually the result of calling `frame.insert` many times, which has poor performance.  Consider joining all columns at once using pd.concat(axis=1) instead. To get a de-fragmented frame, use `newframe = frame.copy()`
  out[f"{g}__detect"] = sum_det[:, j] / n_cells
/ocean/projects/bio260021p/kbenjamin/projects/angiotensinII_lung/ras_circuit/_m/../../basement_membrane/_h/02.niche_pseudobulk.py:118: PerformanceWarning: DataFrame is highly fragmented.  This is usually the result of calling `frame.insert` many times, which has poor performance.  Consider joining all columns at once using pd.concat(axis=1) instead. To get a de-fragmented frame, use `newframe = frame.copy()`
  out[f"{g}__detect"] = sum_det[:, j] / n_cells
/ocean/projects/bio260021p/kbenjamin/projects/angiotensinII_lung/ras_circuit/_m/../../basement_membrane/_h/02.niche_pseudobulk.py:118: PerformanceWarning: DataFrame is highly fragmented.  This is usually the result of calling `frame.insert` many times, which has poor performance.  Consider joining all columns at once using pd.concat(axis=1) instead. To get a de-fragmented frame, use `newframe = frame.copy()`
  out[f"{g}__detect"] = sum_det[:, j] / n_cells
/ocean/projects/bio260021p/kbenjamin/projects/angiotensinII_lung/ras_circuit/_m/../../basement_membrane/_h/02.niche_pseudobulk.py:118: PerformanceWarning: DataFrame is highly fragmented.  This is usually the result of calling `frame.insert` many times, which has poor performance.  Consider joining all columns at once using pd.concat(axis=1) instead. To get a de-fragmented frame, use `newframe = frame.copy()`
  out[f"{g}__detect"] = sum_det[:, j] / n_cells
/ocean/projects/bio260021p/kbenjamin/projects/angiotensinII_lung/ras_circuit/_m/../../basement_membrane/_h/02.niche_pseudobulk.py:118: PerformanceWarning: DataFrame is highly fragmented.  This is usually the result of calling `frame.insert` many times, which has poor performance.  Consider joining all columns at once using pd.concat(axis=1) instead. To get a de-fragmented frame, use `newframe = frame.copy()`
  out[f"{g}__detect"] = sum_det[:, j] / n_cells
/ocean/projects/bio260021p/kbenjamin/projects/angiotensinII_lung/ras_circuit/_m/../../basement_membrane/_h/02.niche_pseudobulk.py:118: PerformanceWarning: DataFrame is highly fragmented.  This is usually the result of calling `frame.insert` many times, which has poor performance.  Consider joining all columns at once using pd.concat(axis=1) instead. To get a de-fragmented frame, use `newframe = frame.copy()`
  out[f"{g}__detect"] = sum_det[:, j] / n_cells
/ocean/projects/bio260021p/kbenjamin/projects/angiotensinII_lung/ras_circuit/_m/../../basement_membrane/_h/02.niche_pseudobulk.py:118: PerformanceWarning: DataFrame is highly fragmented.  This is usually the result of calling `frame.insert` many times, which has poor performance.  Consider joining all columns at once using pd.concat(axis=1) instead. To get a de-fragmented frame, use `newframe = frame.copy()`
  out[f"{g}__detect"] = sum_det[:, j] / n_cells
/ocean/projects/bio260021p/kbenjamin/projects/angiotensinII_lung/ras_circuit/_m/../../basement_membrane/_h/02.niche_pseudobulk.py:118: PerformanceWarning: DataFrame is highly fragmented.  This is usually the result of calling `frame.insert` many times, which has poor performance.  Consider joining all columns at once using pd.concat(axis=1) instead. To get a de-fragmented frame, use `newframe = frame.copy()`
  out[f"{g}__detect"] = sum_det[:, j] / n_cells
/ocean/projects/bio260021p/kbenjamin/projects/angiotensinII_lung/ras_circuit/_m/../../basement_membrane/_h/02.niche_pseudobulk.py:118: PerformanceWarning: DataFrame is highly fragmented.  This is usually the result of calling `frame.insert` many times, which has poor performance.  Consider joining all columns at once using pd.concat(axis=1) instead. To get a de-fragmented frame, use `newframe = frame.copy()`
  out[f"{g}__detect"] = sum_det[:, j] / n_cells
/ocean/projects/bio260021p/kbenjamin/projects/angiotensinII_lung/ras_circuit/_m/../../basement_membrane/_h/02.niche_pseudobulk.py:118: PerformanceWarning: DataFrame is highly fragmented.  This is usually the result of calling `frame.insert` many times, which has poor performance.  Consider joining all columns at once using pd.concat(axis=1) instead. To get a de-fragmented frame, use `newframe = frame.copy()`
  out[f"{g}__detect"] = sum_det[:, j] / n_cells
/ocean/projects/bio260021p/kbenjamin/projects/angiotensinII_lung/ras_circuit/_m/../../basement_membrane/_h/02.niche_pseudobulk.py:118: PerformanceWarning: DataFrame is highly fragmented.  This is usually the result of calling `frame.insert` many times, which has poor performance.  Consider joining all columns at once using pd.concat(axis=1) instead. To get a de-fragmented frame, use `newframe = frame.copy()`
  out[f"{g}__detect"] = sum_det[:, j] / n_cells
/ocean/projects/bio260021p/kbenjamin/projects/angiotensinII_lung/ras_circuit/_m/../../basement_membrane/_h/02.niche_pseudobulk.py:118: PerformanceWarning: DataFrame is highly fragmented.  This is usually the result of calling `frame.insert` many times, which has poor performance.  Consider joining all columns at once using pd.concat(axis=1) instead. To get a de-fragmented frame, use `newframe = frame.copy()`
  out[f"{g}__detect"] = sum_det[:, j] / n_cells
/ocean/projects/bio260021p/kbenjamin/projects/angiotensinII_lung/ras_circuit/_m/../../basement_membrane/_h/02.niche_pseudobulk.py:118: PerformanceWarning: DataFrame is highly fragmented.  This is usually the result of calling `frame.insert` many times, which has poor performance.  Consider joining all columns at once using pd.concat(axis=1) instead. To get a de-fragmented frame, use `newframe = frame.copy()`
  out[f"{g}__detect"] = sum_det[:, j] / n_cells
/ocean/projects/bio260021p/kbenjamin/projects/angiotensinII_lung/ras_circuit/_m/../../basement_membrane/_h/02.niche_pseudobulk.py:118: PerformanceWarning: DataFrame is highly fragmented.  This is usually the result of calling `frame.insert` many times, which has poor performance.  Consider joining all columns at once using pd.concat(axis=1) instead. To get a de-fragmented frame, use `newframe = frame.copy()`
  out[f"{g}__detect"] = sum_det[:, j] / n_cells
/ocean/projects/bio260021p/kbenjamin/projects/angiotensinII_lung/ras_circuit/_m/../../basement_membrane/_h/02.niche_pseudobulk.py:118: PerformanceWarning: DataFrame is highly fragmented.  This is usually the result of calling `frame.insert` many times, which has poor performance.  Consider joining all columns at once using pd.concat(axis=1) instead. To get a de-fragmented frame, use `newframe = frame.copy()`
  out[f"{g}__detect"] = sum_det[:, j] / n_cells
/ocean/projects/bio260021p/kbenjamin/projects/angiotensinII_lung/ras_circuit/_m/../../basement_membrane/_h/02.niche_pseudobulk.py:118: PerformanceWarning: DataFrame is highly fragmented.  This is usually the result of calling `frame.insert` many times, which has poor performance.  Consider joining all columns at once using pd.concat(axis=1) instead. To get a de-fragmented frame, use `newframe = frame.copy()`
  out[f"{g}__detect"] = sum_det[:, j] / n_cells
/ocean/projects/bio260021p/kbenjamin/projects/angiotensinII_lung/ras_circuit/_m/../../basement_membrane/_h/02.niche_pseudobulk.py:118: PerformanceWarning: DataFrame is highly fragmented.  This is usually the result of calling `frame.insert` many times, which has poor performance.  Consider joining all columns at once using pd.concat(axis=1) instead. To get a de-fragmented frame, use `newframe = frame.copy()`
  out[f"{g}__detect"] = sum_det[:, j] / n_cells
/ocean/projects/bio260021p/kbenjamin/projects/angiotensinII_lung/ras_circuit/_m/../../basement_membrane/_h/02.niche_pseudobulk.py:118: PerformanceWarning: DataFrame is highly fragmented.  This is usually the result of calling `frame.insert` many times, which has poor performance.  Consider joining all columns at once using pd.concat(axis=1) instead. To get a de-fragmented frame, use `newframe = frame.copy()`
  out[f"{g}__detect"] = sum_det[:, j] / n_cells
/ocean/projects/bio260021p/kbenjamin/projects/angiotensinII_lung/ras_circuit/_m/../../basement_membrane/_h/02.niche_pseudobulk.py:118: PerformanceWarning: DataFrame is highly fragmented.  This is usually the result of calling `frame.insert` many times, which has poor performance.  Consider joining all columns at once using pd.concat(axis=1) instead. To get a de-fragmented frame, use `newframe = frame.copy()`
  out[f"{g}__detect"] = sum_det[:, j] / n_cells
/ocean/projects/bio260021p/kbenjamin/projects/angiotensinII_lung/ras_circuit/_m/../../basement_membrane/_h/02.niche_pseudobulk.py:118: PerformanceWarning: DataFrame is highly fragmented.  This is usually the result of calling `frame.insert` many times, which has poor performance.  Consider joining all columns at once using pd.concat(axis=1) instead. To get a de-fragmented frame, use `newframe = frame.copy()`
  out[f"{g}__detect"] = sum_det[:, j] / n_cells
/ocean/projects/bio260021p/kbenjamin/projects/angiotensinII_lung/ras_circuit/_m/../../basement_membrane/_h/02.niche_pseudobulk.py:118: PerformanceWarning: DataFrame is highly fragmented.  This is usually the result of calling `frame.insert` many times, which has poor performance.  Consider joining all columns at once using pd.concat(axis=1) instead. To get a de-fragmented frame, use `newframe = frame.copy()`
  out[f"{g}__detect"] = sum_det[:, j] / n_cells
/ocean/projects/bio260021p/kbenjamin/projects/angiotensinII_lung/ras_circuit/_m/../../basement_membrane/_h/02.niche_pseudobulk.py:118: PerformanceWarning: DataFrame is highly fragmented.  This is usually the result of calling `frame.insert` many times, which has poor performance.  Consider joining all columns at once using pd.concat(axis=1) instead. To get a de-fragmented frame, use `newframe = frame.copy()`
  out[f"{g}__detect"] = sum_det[:, j] / n_cells
/ocean/projects/bio260021p/kbenjamin/projects/angiotensinII_lung/ras_circuit/_m/../../basement_membrane/_h/02.niche_pseudobulk.py:118: PerformanceWarning: DataFrame is highly fragmented.  This is usually the result of calling `frame.insert` many times, which has poor performance.  Consider joining all columns at once using pd.concat(axis=1) instead. To get a de-fragmented frame, use `newframe = frame.copy()`
  out[f"{g}__detect"] = sum_det[:, j] / n_cells
/ocean/projects/bio260021p/kbenjamin/projects/angiotensinII_lung/ras_circuit/_m/../../basement_membrane/_h/02.niche_pseudobulk.py:118: PerformanceWarning: DataFrame is highly fragmented.  This is usually the result of calling `frame.insert` many times, which has poor performance.  Consider joining all columns at once using pd.concat(axis=1) instead. To get a de-fragmented frame, use `newframe = frame.copy()`
  out[f"{g}__detect"] = sum_det[:, j] / n_cells
/ocean/projects/bio260021p/kbenjamin/projects/angiotensinII_lung/ras_circuit/_m/../../basement_membrane/_h/02.niche_pseudobulk.py:118: PerformanceWarning: DataFrame is highly fragmented.  This is usually the result of calling `frame.insert` many times, which has poor performance.  Consider joining all columns at once using pd.concat(axis=1) instead. To get a de-fragmented frame, use `newframe = frame.copy()`
  out[f"{g}__detect"] = sum_det[:, j] / n_cells
/ocean/projects/bio260021p/kbenjamin/projects/angiotensinII_lung/ras_circuit/_m/../../basement_membrane/_h/02.niche_pseudobulk.py:118: PerformanceWarning: DataFrame is highly fragmented.  This is usually the result of calling `frame.insert` many times, which has poor performance.  Consider joining all columns at once using pd.concat(axis=1) instead. To get a de-fragmented frame, use `newframe = frame.copy()`
  out[f"{g}__detect"] = sum_det[:, j] / n_cells
/ocean/projects/bio260021p/kbenjamin/projects/angiotensinII_lung/ras_circuit/_m/../../basement_membrane/_h/02.niche_pseudobulk.py:118: PerformanceWarning: DataFrame is highly fragmented.  This is usually the result of calling `frame.insert` many times, which has poor performance.  Consider joining all columns at once using pd.concat(axis=1) instead. To get a de-fragmented frame, use `newframe = frame.copy()`
  out[f"{g}__detect"] = sum_det[:, j] / n_cells
/ocean/projects/bio260021p/kbenjamin/projects/angiotensinII_lung/ras_circuit/_m/../../basement_membrane/_h/02.niche_pseudobulk.py:118: PerformanceWarning: DataFrame is highly fragmented.  This is usually the result of calling `frame.insert` many times, which has poor performance.  Consider joining all columns at once using pd.concat(axis=1) instead. To get a de-fragmented frame, use `newframe = frame.copy()`
  out[f"{g}__detect"] = sum_det[:, j] / n_cells
/ocean/projects/bio260021p/kbenjamin/projects/angiotensinII_lung/ras_circuit/_m/../../basement_membrane/_h/02.niche_pseudobulk.py:118: PerformanceWarning: DataFrame is highly fragmented.  This is usually the result of calling `frame.insert` many times, which has poor performance.  Consider joining all columns at once using pd.concat(axis=1) instead. To get a de-fragmented frame, use `newframe = frame.copy()`
  out[f"{g}__detect"] = sum_det[:, j] / n_cells
/ocean/projects/bio260021p/kbenjamin/projects/angiotensinII_lung/ras_circuit/_m/../../basement_membrane/_h/02.niche_pseudobulk.py:118: PerformanceWarning: DataFrame is highly fragmented.  This is usually the result of calling `frame.insert` many times, which has poor performance.  Consider joining all columns at once using pd.concat(axis=1) instead. To get a de-fragmented frame, use `newframe = frame.copy()`
  out[f"{g}__detect"] = sum_det[:, j] / n_cells
/ocean/projects/bio260021p/kbenjamin/projects/angiotensinII_lung/ras_circuit/_m/../../basement_membrane/_h/02.niche_pseudobulk.py:118: PerformanceWarning: DataFrame is highly fragmented.  This is usually the result of calling `frame.insert` many times, which has poor performance.  Consider joining all columns at once using pd.concat(axis=1) instead. To get a de-fragmented frame, use `newframe = frame.copy()`
  out[f"{g}__detect"] = sum_det[:, j] / n_cells
/ocean/projects/bio260021p/kbenjamin/projects/angiotensinII_lung/ras_circuit/_m/../../basement_membrane/_h/02.niche_pseudobulk.py:118: PerformanceWarning: DataFrame is highly fragmented.  This is usually the result of calling `frame.insert` many times, which has poor performance.  Consider joining all columns at once using pd.concat(axis=1) instead. To get a de-fragmented frame, use `newframe = frame.copy()`
  out[f"{g}__detect"] = sum_det[:, j] / n_cells
/ocean/projects/bio260021p/kbenjamin/projects/angiotensinII_lung/ras_circuit/_m/../../basement_membrane/_h/02.niche_pseudobulk.py:118: PerformanceWarning: DataFrame is highly fragmented.  This is usually the result of calling `frame.insert` many times, which has poor performance.  Consider joining all columns at once using pd.concat(axis=1) instead. To get a de-fragmented frame, use `newframe = frame.copy()`
  out[f"{g}__detect"] = sum_det[:, j] / n_cells
/ocean/projects/bio260021p/kbenjamin/projects/angiotensinII_lung/ras_circuit/_m/../../basement_membrane/_h/02.niche_pseudobulk.py:118: PerformanceWarning: DataFrame is highly fragmented.  This is usually the result of calling `frame.insert` many times, which has poor performance.  Consider joining all columns at once using pd.concat(axis=1) instead. To get a de-fragmented frame, use `newframe = frame.copy()`
  out[f"{g}__detect"] = sum_det[:, j] / n_cells
/ocean/projects/bio260021p/kbenjamin/projects/angiotensinII_lung/ras_circuit/_m/../../basement_membrane/_h/02.niche_pseudobulk.py:118: PerformanceWarning: DataFrame is highly fragmented.  This is usually the result of calling `frame.insert` many times, which has poor performance.  Consider joining all columns at once using pd.concat(axis=1) instead. To get a de-fragmented frame, use `newframe = frame.copy()`
  out[f"{g}__detect"] = sum_det[:, j] / n_cells
/ocean/projects/bio260021p/kbenjamin/projects/angiotensinII_lung/ras_circuit/_m/../../basement_membrane/_h/02.niche_pseudobulk.py:118: PerformanceWarning: DataFrame is highly fragmented.  This is usually the result of calling `frame.insert` many times, which has poor performance.  Consider joining all columns at once using pd.concat(axis=1) instead. To get a de-fragmented frame, use `newframe = frame.copy()`
  out[f"{g}__detect"] = sum_det[:, j] / n_cells
/ocean/projects/bio260021p/kbenjamin/projects/angiotensinII_lung/ras_circuit/_m/../../basement_membrane/_h/02.niche_pseudobulk.py:118: PerformanceWarning: DataFrame is highly fragmented.  This is usually the result of calling `frame.insert` many times, which has poor performance.  Consider joining all columns at once using pd.concat(axis=1) instead. To get a de-fragmented frame, use `newframe = frame.copy()`
  out[f"{g}__detect"] = sum_det[:, j] / n_cells
/ocean/projects/bio260021p/kbenjamin/projects/angiotensinII_lung/ras_circuit/_m/../../basement_membrane/_h/02.niche_pseudobulk.py:118: PerformanceWarning: DataFrame is highly fragmented.  This is usually the result of calling `frame.insert` many times, which has poor performance.  Consider joining all columns at once using pd.concat(axis=1) instead. To get a de-fragmented frame, use `newframe = frame.copy()`
  out[f"{g}__detect"] = sum_det[:, j] / n_cells
/ocean/projects/bio260021p/kbenjamin/projects/angiotensinII_lung/ras_circuit/_m/../../basement_membrane/_h/02.niche_pseudobulk.py:118: PerformanceWarning: DataFrame is highly fragmented.  This is usually the result of calling `frame.insert` many times, which has poor performance.  Consider joining all columns at once using pd.concat(axis=1) instead. To get a de-fragmented frame, use `newframe = frame.copy()`
  out[f"{g}__detect"] = sum_det[:, j] / n_cells
/ocean/projects/bio260021p/kbenjamin/projects/angiotensinII_lung/ras_circuit/_m/../../basement_membrane/_h/02.niche_pseudobulk.py:118: PerformanceWarning: DataFrame is highly fragmented.  This is usually the result of calling `frame.insert` many times, which has poor performance.  Consider joining all columns at once using pd.concat(axis=1) instead. To get a de-fragmented frame, use `newframe = frame.copy()`
  out[f"{g}__detect"] = sum_det[:, j] / n_cells
/ocean/projects/bio260021p/kbenjamin/projects/angiotensinII_lung/ras_circuit/_m/../../basement_membrane/_h/02.niche_pseudobulk.py:118: PerformanceWarning: DataFrame is highly fragmented.  This is usually the result of calling `frame.insert` many times, which has poor performance.  Consider joining all columns at once using pd.concat(axis=1) instead. To get a de-fragmented frame, use `newframe = frame.copy()`
  out[f"{g}__detect"] = sum_det[:, j] / n_cells
/ocean/projects/bio260021p/kbenjamin/projects/angiotensinII_lung/ras_circuit/_m/../../basement_membrane/_h/02.niche_pseudobulk.py:118: PerformanceWarning: DataFrame is highly fragmented.  This is usually the result of calling `frame.insert` many times, which has poor performance.  Consider joining all columns at once using pd.concat(axis=1) instead. To get a de-fragmented frame, use `newframe = frame.copy()`
  out[f"{g}__detect"] = sum_det[:, j] / n_cells
/ocean/projects/bio260021p/kbenjamin/projects/angiotensinII_lung/ras_circuit/_m/../../basement_membrane/_h/02.niche_pseudobulk.py:118: PerformanceWarning: DataFrame is highly fragmented.  This is usually the result of calling `frame.insert` many times, which has poor performance.  Consider joining all columns at once using pd.concat(axis=1) instead. To get a de-fragmented frame, use `newframe = frame.copy()`
  out[f"{g}__detect"] = sum_det[:, j] / n_cells
/ocean/projects/bio260021p/kbenjamin/projects/angiotensinII_lung/ras_circuit/_m/../../basement_membrane/_h/02.niche_pseudobulk.py:118: PerformanceWarning: DataFrame is highly fragmented.  This is usually the result of calling `frame.insert` many times, which has poor performance.  Consider joining all columns at once using pd.concat(axis=1) instead. To get a de-fragmented frame, use `newframe = frame.copy()`
  out[f"{g}__detect"] = sum_det[:, j] / n_cells
/ocean/projects/bio260021p/kbenjamin/projects/angiotensinII_lung/ras_circuit/_m/../../basement_membrane/_h/02.niche_pseudobulk.py:118: PerformanceWarning: DataFrame is highly fragmented.  This is usually the result of calling `frame.insert` many times, which has poor performance.  Consider joining all columns at once using pd.concat(axis=1) instead. To get a de-fragmented frame, use `newframe = frame.copy()`
  out[f"{g}__detect"] = sum_det[:, j] / n_cells
/ocean/projects/bio260021p/kbenjamin/projects/angiotensinII_lung/ras_circuit/_m/../../basement_membrane/_h/02.niche_pseudobulk.py:118: PerformanceWarning: DataFrame is highly fragmented.  This is usually the result of calling `frame.insert` many times, which has poor performance.  Consider joining all columns at once using pd.concat(axis=1) instead. To get a de-fragmented frame, use `newframe = frame.copy()`
  out[f"{g}__detect"] = sum_det[:, j] / n_cells
/ocean/projects/bio260021p/kbenjamin/projects/angiotensinII_lung/ras_circuit/_m/../../basement_membrane/_h/02.niche_pseudobulk.py:118: PerformanceWarning: DataFrame is highly fragmented.  This is usually the result of calling `frame.insert` many times, which has poor performance.  Consider joining all columns at once using pd.concat(axis=1) instead. To get a de-fragmented frame, use `newframe = frame.copy()`
  out[f"{g}__detect"] = sum_det[:, j] / n_cells
/ocean/projects/bio260021p/kbenjamin/projects/angiotensinII_lung/ras_circuit/_m/../../basement_membrane/_h/02.niche_pseudobulk.py:118: PerformanceWarning: DataFrame is highly fragmented.  This is usually the result of calling `frame.insert` many times, which has poor performance.  Consider joining all columns at once using pd.concat(axis=1) instead. To get a de-fragmented frame, use `newframe = frame.copy()`
  out[f"{g}__detect"] = sum_det[:, j] / n_cells
/ocean/projects/bio260021p/kbenjamin/projects/angiotensinII_lung/ras_circuit/_m/../../basement_membrane/_h/02.niche_pseudobulk.py:118: PerformanceWarning: DataFrame is highly fragmented.  This is usually the result of calling `frame.insert` many times, which has poor performance.  Consider joining all columns at once using pd.concat(axis=1) instead. To get a de-fragmented frame, use `newframe = frame.copy()`
  out[f"{g}__detect"] = sum_det[:, j] / n_cells
/ocean/projects/bio260021p/kbenjamin/projects/angiotensinII_lung/ras_circuit/_m/../../basement_membrane/_h/02.niche_pseudobulk.py:118: PerformanceWarning: DataFrame is highly fragmented.  This is usually the result of calling `frame.insert` many times, which has poor performance.  Consider joining all columns at once using pd.concat(axis=1) instead. To get a de-fragmented frame, use `newframe = frame.copy()`
  out[f"{g}__detect"] = sum_det[:, j] / n_cells
/ocean/projects/bio260021p/kbenjamin/projects/angiotensinII_lung/ras_circuit/_m/../../basement_membrane/_h/02.niche_pseudobulk.py:118: PerformanceWarning: DataFrame is highly fragmented.  This is usually the result of calling `frame.insert` many times, which has poor performance.  Consider joining all columns at once using pd.concat(axis=1) instead. To get a de-fragmented frame, use `newframe = frame.copy()`
  out[f"{g}__detect"] = sum_det[:, j] / n_cells
/ocean/projects/bio260021p/kbenjamin/projects/angiotensinII_lung/ras_circuit/_m/../../basement_membrane/_h/02.niche_pseudobulk.py:118: PerformanceWarning: DataFrame is highly fragmented.  This is usually the result of calling `frame.insert` many times, which has poor performance.  Consider joining all columns at once using pd.concat(axis=1) instead. To get a de-fragmented frame, use `newframe = frame.copy()`
  out[f"{g}__detect"] = sum_det[:, j] / n_cells
/ocean/projects/bio260021p/kbenjamin/projects/angiotensinII_lung/ras_circuit/_m/../../basement_membrane/_h/02.niche_pseudobulk.py:118: PerformanceWarning: DataFrame is highly fragmented.  This is usually the result of calling `frame.insert` many times, which has poor performance.  Consider joining all columns at once using pd.concat(axis=1) instead. To get a de-fragmented frame, use `newframe = frame.copy()`
  out[f"{g}__detect"] = sum_det[:, j] / n_cells
/ocean/projects/bio260021p/kbenjamin/projects/angiotensinII_lung/ras_circuit/_m/../../basement_membrane/_h/02.niche_pseudobulk.py:118: PerformanceWarning: DataFrame is highly fragmented.  This is usually the result of calling `frame.insert` many times, which has poor performance.  Consider joining all columns at once using pd.concat(axis=1) instead. To get a de-fragmented frame, use `newframe = frame.copy()`
  out[f"{g}__detect"] = sum_det[:, j] / n_cells
/ocean/projects/bio260021p/kbenjamin/projects/angiotensinII_lung/ras_circuit/_m/../../basement_membrane/_h/02.niche_pseudobulk.py:118: PerformanceWarning: DataFrame is highly fragmented.  This is usually the result of calling `frame.insert` many times, which has poor performance.  Consider joining all columns at once using pd.concat(axis=1) instead. To get a de-fragmented frame, use `newframe = frame.copy()`
  out[f"{g}__detect"] = sum_det[:, j] / n_cells
/ocean/projects/bio260021p/kbenjamin/projects/angiotensinII_lung/ras_circuit/_m/../../basement_membrane/_h/02.niche_pseudobulk.py:118: PerformanceWarning: DataFrame is highly fragmented.  This is usually the result of calling `frame.insert` many times, which has poor performance.  Consider joining all columns at once using pd.concat(axis=1) instead. To get a de-fragmented frame, use `newframe = frame.copy()`
  out[f"{g}__detect"] = sum_det[:, j] / n_cells
/ocean/projects/bio260021p/kbenjamin/projects/angiotensinII_lung/ras_circuit/_m/../../basement_membrane/_h/02.niche_pseudobulk.py:118: PerformanceWarning: DataFrame is highly fragmented.  This is usually the result of calling `frame.insert` many times, which has poor performance.  Consider joining all columns at once using pd.concat(axis=1) instead. To get a de-fragmented frame, use `newframe = frame.copy()`
  out[f"{g}__detect"] = sum_det[:, j] / n_cells
/ocean/projects/bio260021p/kbenjamin/projects/angiotensinII_lung/ras_circuit/_m/../../basement_membrane/_h/02.niche_pseudobulk.py:118: PerformanceWarning: DataFrame is highly fragmented.  This is usually the result of calling `frame.insert` many times, which has poor performance.  Consider joining all columns at once using pd.concat(axis=1) instead. To get a de-fragmented frame, use `newframe = frame.copy()`
  out[f"{g}__detect"] = sum_det[:, j] / n_cells
/ocean/projects/bio260021p/kbenjamin/projects/angiotensinII_lung/ras_circuit/_m/../../basement_membrane/_h/02.niche_pseudobulk.py:118: PerformanceWarning: DataFrame is highly fragmented.  This is usually the result of calling `frame.insert` many times, which has poor performance.  Consider joining all columns at once using pd.concat(axis=1) instead. To get a de-fragmented frame, use `newframe = frame.copy()`
  out[f"{g}__detect"] = sum_det[:, j] / n_cells
/ocean/projects/bio260021p/kbenjamin/projects/angiotensinII_lung/ras_circuit/_m/../../basement_membrane/_h/02.niche_pseudobulk.py:118: PerformanceWarning: DataFrame is highly fragmented.  This is usually the result of calling `frame.insert` many times, which has poor performance.  Consider joining all columns at once using pd.concat(axis=1) instead. To get a de-fragmented frame, use `newframe = frame.copy()`
  out[f"{g}__detect"] = sum_det[:, j] / n_cells
/ocean/projects/bio260021p/kbenjamin/projects/angiotensinII_lung/ras_circuit/_m/../../basement_membrane/_h/02.niche_pseudobulk.py:118: PerformanceWarning: DataFrame is highly fragmented.  This is usually the result of calling `frame.insert` many times, which has poor performance.  Consider joining all columns at once using pd.concat(axis=1) instead. To get a de-fragmented frame, use `newframe = frame.copy()`
  out[f"{g}__detect"] = sum_det[:, j] / n_cells
/ocean/projects/bio260021p/kbenjamin/projects/angiotensinII_lung/ras_circuit/_m/../../basement_membrane/_h/02.niche_pseudobulk.py:118: PerformanceWarning: DataFrame is highly fragmented.  This is usually the result of calling `frame.insert` many times, which has poor performance.  Consider joining all columns at once using pd.concat(axis=1) instead. To get a de-fragmented frame, use `newframe = frame.copy()`
  out[f"{g}__detect"] = sum_det[:, j] / n_cells
/ocean/projects/bio260021p/kbenjamin/projects/angiotensinII_lung/ras_circuit/_m/../../basement_membrane/_h/02.niche_pseudobulk.py:118: PerformanceWarning: DataFrame is highly fragmented.  This is usually the result of calling `frame.insert` many times, which has poor performance.  Consider joining all columns at once using pd.concat(axis=1) instead. To get a de-fragmented frame, use `newframe = frame.copy()`
  out[f"{g}__detect"] = sum_det[:, j] / n_cells
/ocean/projects/bio260021p/kbenjamin/projects/angiotensinII_lung/ras_circuit/_m/../../basement_membrane/_h/02.niche_pseudobulk.py:118: PerformanceWarning: DataFrame is highly fragmented.  This is usually the result of calling `frame.insert` many times, which has poor performance.  Consider joining all columns at once using pd.concat(axis=1) instead. To get a de-fragmented frame, use `newframe = frame.copy()`
  out[f"{g}__detect"] = sum_det[:, j] / n_cells
/ocean/projects/bio260021p/kbenjamin/projects/angiotensinII_lung/ras_circuit/_m/../../basement_membrane/_h/02.niche_pseudobulk.py:118: PerformanceWarning: DataFrame is highly fragmented.  This is usually the result of calling `frame.insert` many times, which has poor performance.  Consider joining all columns at once using pd.concat(axis=1) instead. To get a de-fragmented frame, use `newframe = frame.copy()`
  out[f"{g}__detect"] = sum_det[:, j] / n_cells
/ocean/projects/bio260021p/kbenjamin/projects/angiotensinII_lung/ras_circuit/_m/../../basement_membrane/_h/02.niche_pseudobulk.py:118: PerformanceWarning: DataFrame is highly fragmented.  This is usually the result of calling `frame.insert` many times, which has poor performance.  Consider joining all columns at once using pd.concat(axis=1) instead. To get a de-fragmented frame, use `newframe = frame.copy()`
  out[f"{g}__detect"] = sum_det[:, j] / n_cells
/ocean/projects/bio260021p/kbenjamin/projects/angiotensinII_lung/ras_circuit/_m/../../basement_membrane/_h/02.niche_pseudobulk.py:118: PerformanceWarning: DataFrame is highly fragmented.  This is usually the result of calling `frame.insert` many times, which has poor performance.  Consider joining all columns at once using pd.concat(axis=1) instead. To get a de-fragmented frame, use `newframe = frame.copy()`
  out[f"{g}__detect"] = sum_det[:, j] / n_cells
/ocean/projects/bio260021p/kbenjamin/projects/angiotensinII_lung/ras_circuit/_m/../../basement_membrane/_h/02.niche_pseudobulk.py:118: PerformanceWarning: DataFrame is highly fragmented.  This is usually the result of calling `frame.insert` many times, which has poor performance.  Consider joining all columns at once using pd.concat(axis=1) instead. To get a de-fragmented frame, use `newframe = frame.copy()`
  out[f"{g}__detect"] = sum_det[:, j] / n_cells
/ocean/projects/bio260021p/kbenjamin/projects/angiotensinII_lung/ras_circuit/_m/../../basement_membrane/_h/02.niche_pseudobulk.py:118: PerformanceWarning: DataFrame is highly fragmented.  This is usually the result of calling `frame.insert` many times, which has poor performance.  Consider joining all columns at once using pd.concat(axis=1) instead. To get a de-fragmented frame, use `newframe = frame.copy()`
  out[f"{g}__detect"] = sum_det[:, j] / n_cells
/ocean/projects/bio260021p/kbenjamin/projects/angiotensinII_lung/ras_circuit/_m/../../basement_membrane/_h/02.niche_pseudobulk.py:118: PerformanceWarning: DataFrame is highly fragmented.  This is usually the result of calling `frame.insert` many times, which has poor performance.  Consider joining all columns at once using pd.concat(axis=1) instead. To get a de-fragmented frame, use `newframe = frame.copy()`
  out[f"{g}__detect"] = sum_det[:, j] / n_cells
/ocean/projects/bio260021p/kbenjamin/projects/angiotensinII_lung/ras_circuit/_m/../../basement_membrane/_h/02.niche_pseudobulk.py:118: PerformanceWarning: DataFrame is highly fragmented.  This is usually the result of calling `frame.insert` many times, which has poor performance.  Consider joining all columns at once using pd.concat(axis=1) instead. To get a de-fragmented frame, use `newframe = frame.copy()`
  out[f"{g}__detect"] = sum_det[:, j] / n_cells
/ocean/projects/bio260021p/kbenjamin/projects/angiotensinII_lung/ras_circuit/_m/../../basement_membrane/_h/02.niche_pseudobulk.py:118: PerformanceWarning: DataFrame is highly fragmented.  This is usually the result of calling `frame.insert` many times, which has poor performance.  Consider joining all columns at once using pd.concat(axis=1) instead. To get a de-fragmented frame, use `newframe = frame.copy()`
  out[f"{g}__detect"] = sum_det[:, j] / n_cells
/ocean/projects/bio260021p/kbenjamin/projects/angiotensinII_lung/ras_circuit/_m/../../basement_membrane/_h/02.niche_pseudobulk.py:118: PerformanceWarning: DataFrame is highly fragmented.  This is usually the result of calling `frame.insert` many times, which has poor performance.  Consider joining all columns at once using pd.concat(axis=1) instead. To get a de-fragmented frame, use `newframe = frame.copy()`
  out[f"{g}__detect"] = sum_det[:, j] / n_cells
/ocean/projects/bio260021p/kbenjamin/projects/angiotensinII_lung/ras_circuit/_m/../../basement_membrane/_h/02.niche_pseudobulk.py:118: PerformanceWarning: DataFrame is highly fragmented.  This is usually the result of calling `frame.insert` many times, which has poor performance.  Consider joining all columns at once using pd.concat(axis=1) instead. To get a de-fragmented frame, use `newframe = frame.copy()`
  out[f"{g}__detect"] = sum_det[:, j] / n_cells
/ocean/projects/bio260021p/kbenjamin/projects/angiotensinII_lung/ras_circuit/_m/../../basement_membrane/_h/02.niche_pseudobulk.py:118: PerformanceWarning: DataFrame is highly fragmented.  This is usually the result of calling `frame.insert` many times, which has poor performance.  Consider joining all columns at once using pd.concat(axis=1) instead. To get a de-fragmented frame, use `newframe = frame.copy()`
  out[f"{g}__detect"] = sum_det[:, j] / n_cells
2026-09-22 15:34:01,084 [INFO] Wrote outgoing_pseudobulk.tsv.gz: 5811 units x 1379 cols
2026-09-22 15:34:01,182 [INFO] Units per group (n_cells >= 5):
ccc_group
DC2                          353
Interstitial macrophages     344
Classical monocytes          339
Alveolar macrophages         338
Non-classical monocytes      264
AT2_AGTR2undet               257
Mast cells                   238
Lymphatic EC                 203
Transitional Club-AT2        203
EC general capillary         199
AT1                          196
EC venous systemic           190
Adventitial fibroblasts      184
Alveolar fibroblasts         176
Vascular smooth muscle       168
EC venous pulmonary          158
EC aerocyte capillary        137
Peribronchial fibroblasts    133
AT2_AGTR2det                 118
Pericytes                    105
Myofibroblasts                61
Subpleural fibroblasts        12
-----
anndata             0.11.4
numpy               2.1.3
pandas              2.3.2
session_info        v1.0.1
-----
Python 3.10.18 | packaged by conda-forge | (main, Jun  4 2025, 14:45:41) [GCC 13.3.0]
Linux-4.18.0-553.22.1.el8_10.x86_64-x86_64-with-glibc2.28
-----
Session information updated at 2026-09-22 15:34
2026-09-22 15:34:34 - **** 10 donor-level validation ****
EC aerocyte capillary: 88 donors, 5 ligands (PTN,COL18A1,COL12A1,ADAM17,ANGPT1), 10 programme genes
EC general capillary: 98 donors, 5 ligands (COL18A1,PTN,JAG1,ANGPT1,ADAM10), 12 programme genes
AT1: 90 donors, 5 ligands (LAMA4,FBLN1,COL6A2,COL1A2,CTSD), 9 programme genes
AT2: 99 donors, 5 ligands (COL4A1,SEMA5A,LAMA4,EDIL3,COL6A2), 10 programme genes
Alveolar fibroblasts: 99 donors, 5 ligands (EFEMP2,TGFB1,TIMP1,PDGFA,TGFB2), 11 programme genes
Adventitial fibroblasts: 90 donors, 5 ligands (EFEMP2,TIMP1,TGFB1,PDGFA,CTSD), 14 programme genes
                     target         spec    estimate         SE    p_value
                     <char>       <char>       <num>      <num>      <num>
 1:   EC aerocyte capillary      primary  0.10441476 0.08228491 0.20796678
 2:   EC aerocyte capillary       _fixed  0.12071683 0.10032333 0.23344344
 3:   EC aerocyte capillary _disease_adj  0.10658369 0.08445860 0.21058357
 4:   EC aerocyte capillary     _healthy  0.22076111 0.11071964 0.05253255
 5:    EC general capillary      primary  0.01134370 0.07888537 0.88596641
 6:    EC general capillary       _fixed  0.06164339 0.09065241 0.49871751
 7:    EC general capillary _disease_adj  0.01909210 0.08058532 0.81325307
 8:    EC general capillary     _healthy  0.06359182 0.12554082 0.61494854
 9:                     AT1      primary -0.00252019 0.11861383 0.98309783
10:                     AT1       _fixed -0.02193627 0.13550447 0.87190565
11:                     AT1 _disease_adj -0.02763659 0.12328623 0.82317900
12:                     AT1     _healthy -0.11729719 0.14453386 0.42141568
13:                     AT2      primary -0.07672420 0.11886689 0.52018298
14:                     AT2       _fixed -0.10935850 0.13136420 0.40788904
15:                     AT2 _disease_adj -0.04155515 0.11806917 0.72567617
16:                     AT2     _healthy -0.05533037 0.13018644 0.67285581
17:    Alveolar fibroblasts      primary  0.04926052 0.09226413 0.59465260
18:    Alveolar fibroblasts       _fixed -0.04276629 0.10083296 0.67273548
19:    Alveolar fibroblasts _disease_adj  0.04482071 0.09261187 0.62956222
20:    Alveolar fibroblasts     _healthy  0.01055496 0.15673639 0.94662152
21: Adventitial fibroblasts      primary  0.29085550 0.11880729 0.01639209
22: Adventitial fibroblasts       _fixed  0.30284456 0.13756649 0.03126086
23: Adventitial fibroblasts _disease_adj  0.28805480 0.12075859 0.01933903
24: Adventitial fibroblasts     _healthy  0.45169450 0.23517962 0.06272574
                     target         spec    estimate         SE    p_value
    n_donors   null_mean      p_emp
       <int>       <num>      <num>
 1:       88 0.099067598 0.96703297
 2:       88 0.099067598         NA
 3:       88 0.099067598         NA
 4:       47 0.099067598         NA
 5:       98 0.042527741 0.71328671
 6:       98 0.042527741         NA
 7:       98 0.042527741         NA
 8:       49 0.042527741         NA
 9:       90 0.076288269 0.58841159
10:       90 0.076288269         NA
11:       90 0.076288269         NA
12:       48 0.076288269         NA
13:       99 0.030176286 0.47352647
14:       99 0.030176286         NA
15:       99 0.030176286         NA
16:       49 0.030176286         NA
17:       99 0.009704947 0.64835165
18:       99 0.009704947         NA
19:       99 0.009704947         NA
20:       47 0.009704947         NA
21:       90 0.072803839 0.06993007
22:       90 0.072803839         NA
23:       90 0.072803839         NA
24:       40 0.072803839         NA
    n_donors   null_mean      p_emp

Reproducibility information:
R version 4.4.3 (2025-02-28)
Platform: x86_64-conda-linux-gnu
Running under: Red Hat Enterprise Linux 8.10 (Ootpa)

Matrix products: default
BLAS/LAPACK: /ocean/projects/bio250020p/shared/opt/env/R_env/lib/libopenblasp-r0.3.29.so;  LAPACK version 3.12.0

locale:
[1] C

time zone: America/New_York
tzcode source: system (glibc)

attached base packages:
[1] stats     graphics  grDevices utils     datasets  methods   base     

other attached packages:
[1] lmerTest_3.2-0    lme4_1.1-37       Matrix_1.7-4      data.table_1.17.8
[5] optparse_1.7.5   

loaded via a namespace (and not attached):
 [1] gtable_0.3.6        dplyr_1.1.4         compiler_4.4.3     
 [4] tidyselect_1.2.1    Rcpp_1.1.0          splines_4.4.3      
 [7] scales_1.4.0        boot_1.3-32         lattice_0.22-7     
[10] ggplot2_4.0.0       R6_2.6.1            generics_0.1.4     
[13] rbibutils_2.3       MASS_7.3-65         tibble_3.3.0       
[16] nloptr_2.2.1        minqa_1.2.8         pillar_1.11.1      
[19] RColorBrewer_1.1-3  R.utils_2.13.0      rlang_1.1.6        
[22] getopt_1.20.4       S7_0.2.0            cli_3.6.5          
[25] magrittr_2.0.4      Rdpack_2.6.4        grid_4.4.3         
[28] lifecycle_1.0.4     nlme_3.1-168        R.oo_1.27.1        
[31] R.methodsS3_1.8.2   reformulas_0.4.2    vctrs_0.6.5        
[34] glue_1.8.0          farver_2.1.2        numDeriv_2016.8-1.1
[37] tools_4.4.3         pkgconfig_2.0.3    
2026-09-22 15:39:53 - **** Job ends ****
