contrast	estimate	SE	df	t.ratio	p.value
leiden_pericytes0 - leiden_pericytes1	0.479227934491244	0.245962667110708	77	1.9483767196082	0.216799210763785
leiden_pericytes0 - leiden_pericytes2	-0.729953461634865	0.412342245345728	77	-1.77026116017493	0.295471849462125
leiden_pericytes0 - leiden_pericytes3	0.314271552341434	0.303809560789179	77	1.03443601815913	0.729836137662911
leiden_pericytes1 - leiden_pericytes2	-1.20918139612611	0.41575613869039	77	-2.90839096191091	0.024022617024015
leiden_pericytes1 - leiden_pericytes3	-0.164956382149811	0.325457512137749	77	-0.506844598750554	0.957225294968933
leiden_pericytes2 - leiden_pericytes3	1.0442250139763	0.450136026553387	77	2.31979879942458	0.102406922974914
