contrast	estimate	SE	df	t.ratio	p.value
leiden_pericytes0 - leiden_pericytes1	0.627547045470503	0.15762169387155	77	3.98134945803786	0.000871659427418403
leiden_pericytes0 - leiden_pericytes2	0.658279449917422	0.264243691653164	77	2.49118321727602	0.069279795086491
leiden_pericytes0 - leiden_pericytes3	0.647570231299156	0.194692056922639	77	3.32612558280418	0.00724429377474667
leiden_pericytes1 - leiden_pericytes2	0.0307324044469195	0.266431436882973	77	0.11534826673032	0.999446289973915
leiden_pericytes1 - leiden_pericytes3	0.0200231858286528	0.20856484014008	77	0.0960046085198469	0.999680245667765
leiden_pericytes2 - leiden_pericytes3	-0.0107092186182667	0.288463301408334	77	-0.0371250643183455	0.999981453263361
