term,estimate,se,pval
frac_AGTR1_pos,-0.002035547556225775,0.007722900632518789,0.7931710733621754
