term,estimate,se,pval
frac_AGTR1_pos,0.0020370153225081067,0.008950953767861165,0.8228590449450006
