gene	kruskal_H	p_value
AGTR1	36.920006294578045	6.214750746151055e-07
ACTA2	68.94716574208435	1.6969256356957134e-13
