gene	kruskal_H	p_value
AGTR1	53.42845902146464	9.618297809656546e-10
ACTA2	76.6696739579822	1.7385898904067792e-14
