disease	n_donors	n_pericyte_donors	n_agtr1_pos	frac_agtr1_pos	mean_agtr1
IPF	19	48	34	0.708333333333333	0.330473448743873
COPD	8	16	11	0.6875	0.469734612252804
Control	5	7	3	0.428571428571429	0.381241343089033
