disease	n_donors	n_pericyte_donors	n_agtr1_pos	frac_agtr1_pos	mean_agtr1
IPF	13	24	17	0.708333333333333	0.368712054849882
COPD	3	4	1	0.25	0.170736717800271
