subcluster	n_donors	mean_expr	frac_expr
0	10	0.515913864965743	0.443070175438597
2	9	0.285615259233951	0.291666666666667
1	9	0.200262244981697	0.109579504316346
