subcluster	n_donors	n_diseases	kw_stat	kw_pval	kw_eta_sq	.y.	group1	group2	n1	n2	statistic	p	p.adj	p.adj.signif	effsize_r	effsize_mag	test	fdr
1	9	2	1.0890756302521	0.296676110079452	0.0127250900360146	AGTR1_mean	COPD	IPF	2	7	1.04358786417441	0.296676110079452	0.296676110079452	ns	0.347862621391469	medium	dunn	0.593352220158904
2	9	2	0.0216086434573838	0.883132977544651	-0.139770193791802	AGTR1_mean	COPD	IPF	2	7	0.146998787265007	0.883132977544653	0.883132977544653	ns	0.0489995957550025	negligible	dunn	0.883132977544651
