term	estimate	SE	df	t_ratio	p_value	outcome	converged	panel	lens
nullexpr_0000_z	0.223788995465593	0.069415844035596	202.861775507181	3.2238892802461	0.00147377173620869	basement_membrane_score_z	TRUE	nullexpr_0000	expr
nullexpr_0000_z	0.102891410280893	0.0695249925661982	210.033068738288	1.47991975954438	0.140393039980562	fibrillar_collagen_score_z	TRUE	nullexpr_0000	expr
nullexpr_0000_z	0.123276472597429	0.0718174796170345	210.453548922398	1.71652462958598	0.0875374349138747	bm_minus_fibrillar_z	TRUE	nullexpr_0000	expr
nulldet_0000_z	0.259552753173965	0.0749088687128063	197.8272872864	3.46491353606028	0.000650309192429277	basement_membrane_score_z	TRUE	nulldet_0000	detect
nulldet_0000_z	0.104039761596145	0.0759145507565143	210.884173107022	1.37048511200229	0.171992552907021	fibrillar_collagen_score_z	TRUE	nulldet_0000	detect
nulldet_0000_z	0.135203374701427	0.0779884230727726	208.699921369272	1.73363390839773	0.0844599059284272	bm_minus_fibrillar_z	TRUE	nulldet_0000	detect
nullexpr_0001_z	0.0883904060180036	0.0721975879019402	208.522528630952	1.22428475225594	0.222226219646253	basement_membrane_score_z	TRUE	nullexpr_0001	expr
nullexpr_0001_z	0.105823130221997	0.0704766497586063	209.319967963707	1.50153463004354	0.134724320875071	fibrillar_collagen_score_z	TRUE	nullexpr_0001	expr
nullexpr_0001_z	-0.00441881635600304	0.0734245576344098	210.979665832747	-0.0601817225512599	0.952067870251608	bm_minus_fibrillar_z	TRUE	nullexpr_0001	expr
nulldet_0001_z	0.122476343632198	0.0780196739648277	204.810429433078	1.56981357916738	0.118002111221345	basement_membrane_score_z	TRUE	nulldet_0001	detect
nulldet_0001_z	0.148165003120093	0.0765229434331214	210.88314285069	1.93621672759601	0.0541777243207183	fibrillar_collagen_score_z	TRUE	nulldet_0001	detect
nulldet_0001_z	-0.0201910573413826	0.0797498784444881	210.513689702477	-0.253179788298199	0.800376354426545	bm_minus_fibrillar_z	TRUE	nulldet_0001	detect
nullexpr_0002_z	0.407537827297758	0.0628354939294481	194.158650097418	6.48579014522179	7.15014099286224e-10	basement_membrane_score_z	TRUE	nullexpr_0002	expr
nullexpr_0002_z	0.0705243529154638	0.0656048793342936	186.709734325911	1.07498639782725	0.283768025487388	fibrillar_collagen_score_z	TRUE	nullexpr_0002	expr
nullexpr_0002_z	0.336997511299615	0.0629867436823149	190.200595989928	5.35029264251735	2.50674350197088e-07	bm_minus_fibrillar_z	TRUE	nullexpr_0002	expr
nulldet_0002_z	0.405263229802059	0.0681567890768227	207.14607260883	5.9460434579051	1.15261089641277e-08	basement_membrane_score_z	TRUE	nulldet_0002	detect
nulldet_0002_z	0.0684062000492328	0.0709589273630161	200.339077532325	0.964025283235696	0.336195444785149	fibrillar_collagen_score_z	TRUE	nulldet_0002	detect
nulldet_0002_z	0.352208506914252	0.0689155380901195	203.406904862086	5.11072708238418	7.37786884307099e-07	bm_minus_fibrillar_z	TRUE	nulldet_0002	detect
nullexpr_0003_z	0.402500314501417	0.0652713953725341	209.697729850526	6.16656518838246	3.53580021455418e-09	basement_membrane_score_z	TRUE	nullexpr_0003	expr
nullexpr_0003_z	0.18053565020163	0.0670877801342386	193.729365720754	2.69103627874389	0.00774573287102025	fibrillar_collagen_score_z	TRUE	nullexpr_0003	expr
nullexpr_0003_z	0.192567656993946	0.0694962681527746	199.462123025389	2.77090644019362	0.00611861777455281	bm_minus_fibrillar_z	TRUE	nullexpr_0003	expr
nulldet_0003_z	0.439504317922046	0.0706055850008671	210.699162348771	6.22478119707738	2.56872105377551e-09	basement_membrane_score_z	TRUE	nulldet_0003	detect
nulldet_0003_z	0.220134300054433	0.0729080366742666	200.449278255614	3.01934203821636	0.00286255048372187	fibrillar_collagen_score_z	TRUE	nulldet_0003	detect
nulldet_0003_z	0.195472597978002	0.0756825445950036	204.635434754268	2.58279632409329	0.0104976358640156	bm_minus_fibrillar_z	TRUE	nulldet_0003	detect
nullexpr_0004_z	0.296383065885059	0.0656277309964588	207.297881771884	4.51612544552321	1.05625948263977e-05	basement_membrane_score_z	TRUE	nullexpr_0004	expr
nullexpr_0004_z	-0.0876638778339094	0.066473147129983	200.839294771452	-1.31878633130593	0.188742328126734	fibrillar_collagen_score_z	TRUE	nullexpr_0004	expr
nullexpr_0004_z	0.364129788189798	0.0646551422838829	204.815238167604	5.63187668184233	5.83218577864321e-08	bm_minus_fibrillar_z	TRUE	nullexpr_0004	expr
nulldet_0004_z	0.328049330476901	0.0698653302769528	209.07605295056	4.69545236781222	4.81141098923611e-06	basement_membrane_score_z	TRUE	nulldet_0004	detect
nulldet_0004_z	-0.0443647820192086	0.0711112072726016	204.977647681181	-0.623878903491796	0.533400790240328	fibrillar_collagen_score_z	TRUE	nulldet_0004	detect
nulldet_0004_z	0.347956415464752	0.0700080290582144	207.732242419127	4.9702358450259	1.39628550730802e-06	bm_minus_fibrillar_z	TRUE	nulldet_0004	detect
nullexpr_0005_z	0.264065295407714	0.0649548154919111	206.446910106828	4.06536903242529	6.81770836651227e-05	basement_membrane_score_z	TRUE	nullexpr_0005	expr
nullexpr_0005_z	-0.123250911597833	0.0641399486809831	194.154988515246	-1.92159354867672	0.0561212570042722	fibrillar_collagen_score_z	TRUE	nullexpr_0005	expr
nullexpr_0005_z	0.398574877627294	0.0620526359970224	199.515697111819	6.42317399129378	9.57891059271611e-10	bm_minus_fibrillar_z	TRUE	nullexpr_0005	expr
nulldet_0005_z	0.2935250429224	0.0670555738653508	208.19028245314	4.37733995852165	1.90066983909631e-05	basement_membrane_score_z	TRUE	nulldet_0005	detect
nulldet_0005_z	-0.102151788665269	0.066784396704259	197.676313209334	-1.52957567495335	0.12772043325774	fibrillar_collagen_score_z	TRUE	nulldet_0005	detect
nulldet_0005_z	0.394890296599604	0.0646087905199365	202.508717906972	6.1120211881656	4.97170606073995e-09	bm_minus_fibrillar_z	TRUE	nulldet_0005	detect
nullexpr_0006_z	0.220590310814655	0.0684717288521797	210.99101471673	3.22162612968159	0.00147643901147524	basement_membrane_score_z	TRUE	nullexpr_0006	expr
nullexpr_0006_z	0.190963135949108	0.0665056885747378	202.453427085813	2.8713804794985	0.00452157819260068	fibrillar_collagen_score_z	TRUE	nullexpr_0006	expr
nullexpr_0006_z	0.0503533349553434	0.0705359138356472	207.64097472042	0.713868045612475	0.476110429855431	bm_minus_fibrillar_z	TRUE	nullexpr_0006	expr
nulldet_0006_z	0.251326179954181	0.0734886777567435	209.047233445338	3.41993062912496	0.000753104049697686	basement_membrane_score_z	TRUE	nulldet_0006	detect
nulldet_0006_z	0.203820751471375	0.0724070950193023	208.212102925288	2.81492789369661	0.00534701802851456	fibrillar_collagen_score_z	TRUE	nulldet_0006	detect
nulldet_0006_z	0.069846472947705	0.076196113463656	210.41464464189	0.916667133961108	0.360366515007478	bm_minus_fibrillar_z	TRUE	nulldet_0006	detect
nullexpr_0007_z	0.201309482006719	0.0696100465714477	203.440932938832	2.89196016842332	0.00424472479180011	basement_membrane_score_z	TRUE	nullexpr_0007	expr
nullexpr_0007_z	-0.0015375519964825	0.0679319354459183	191.596685799207	-0.0226337139725184	0.981966005339759	fibrillar_collagen_score_z	TRUE	nullexpr_0007	expr
nullexpr_0007_z	0.192687693803311	0.0699505568747584	198.768499178523	2.75462701674134	0.00642142282115421	bm_minus_fibrillar_z	TRUE	nullexpr_0007	expr
nulldet_0007_z	0.206923584769252	0.0767678990293712	210.974545046954	2.69544415550677	0.00759631411451318	basement_membrane_score_z	TRUE	nulldet_0007	detect
nulldet_0007_z	0.0113507660745523	0.0757995096214525	205.56179581985	0.149747223052481	0.881110870644396	fibrillar_collagen_score_z	TRUE	nulldet_0007	detect
nulldet_0007_z	0.19614882061967	0.0775994210811385	209.149535482369	2.527709844827	0.0122199339609934	bm_minus_fibrillar_z	TRUE	nulldet_0007	detect
nullexpr_0008_z	0.0526470300511903	0.0698462585784195	208.673153978695	0.753755907942888	0.451845455837706	basement_membrane_score_z	TRUE	nullexpr_0008	expr
nullexpr_0008_z	-0.122469793080655	0.0671388477014153	197.525382012415	-1.824127122725	0.0696438820973843	fibrillar_collagen_score_z	TRUE	nullexpr_0008	expr
nullexpr_0008_z	0.172215534316049	0.0695940309279056	202.74016982717	2.47457335090207	0.0141604075391687	bm_minus_fibrillar_z	TRUE	nullexpr_0008	expr
nulldet_0008_z	0.0503921481907462	0.0755396105413928	209.780804393242	0.667095684364606	0.505444113031773	basement_membrane_score_z	TRUE	nulldet_0008	detect
nulldet_0008_z	-0.10955209780341	0.0724665521544513	200.114922982153	-1.51176086824052	0.132172252951112	fibrillar_collagen_score_z	TRUE	nulldet_0008	detect
nulldet_0008_z	0.140974491136498	0.0754589032664021	204.890929722684	1.86822873158914	0.0631576895232164	bm_minus_fibrillar_z	TRUE	nulldet_0008	detect
nullexpr_0009_z	0.162695638321547	0.06647050669785	206.758136986662	2.44763649931391	0.0152137916802031	basement_membrane_score_z	TRUE	nullexpr_0009	expr
nullexpr_0009_z	-0.113631462637904	0.0649447749231265	199.308429195052	-1.74966289085468	0.0817155755385279	fibrillar_collagen_score_z	TRUE	nullexpr_0009	expr
nullexpr_0009_z	0.304723689573246	0.0638961377061558	203.202493445611	4.76904708974121	3.5269910037264e-06	bm_minus_fibrillar_z	TRUE	nullexpr_0009	expr
nulldet_0009_z	0.209205186269327	0.0694031331984966	209.012403320852	3.01434786338808	0.00289394000446726	basement_membrane_score_z	TRUE	nulldet_0009	detect
nulldet_0009_z	-0.053554861007467	0.0685171438816256	202.726032465536	-0.781627166187657	0.435345606259388	fibrillar_collagen_score_z	TRUE	nulldet_0009	detect
nulldet_0009_z	0.289315196064456	0.0680489450647527	206.025356237734	4.25157503601496	3.2175715248163e-05	bm_minus_fibrillar_z	TRUE	nulldet_0009	detect
nullexpr_0010_z	0.248855234578563	0.0683630632823534	196.075450870424	3.64020016994763	0.000348473356896035	basement_membrane_score_z	TRUE	nullexpr_0010	expr
nullexpr_0010_z	0.0599420289292348	0.0672698970829407	186.572611826776	0.891067647321193	0.374040545016831	fibrillar_collagen_score_z	TRUE	nullexpr_0010	expr
nullexpr_0010_z	0.23992089349027	0.0673033373427901	190.586877790039	3.56476963792007	0.000460343559334925	bm_minus_fibrillar_z	TRUE	nullexpr_0010	expr
nulldet_0010_z	0.272570452540229	0.073471124807147	209.252211954887	3.70989900121571	0.000265690868464752	basement_membrane_score_z	TRUE	nulldet_0010	detect
nulldet_0010_z	0.116295085496469	0.073044225372947	200.647290895937	1.59211881435791	0.112932189135009	fibrillar_collagen_score_z	TRUE	nulldet_0010	detect
nulldet_0010_z	0.209621638707311	0.0743710308855951	204.070581958868	2.81859261880842	0.00529826119643669	bm_minus_fibrillar_z	TRUE	nulldet_0010	detect
nullexpr_0011_z	0.226158607055546	0.0670056671223374	210.944399487199	3.37521610884989	0.000877848488855856	basement_membrane_score_z	TRUE	nullexpr_0011	expr
nullexpr_0011_z	0.0915703443634554	0.0658793713978872	201.613072396835	1.38996991653737	0.166070775068626	fibrillar_collagen_score_z	TRUE	nullexpr_0011	expr
nullexpr_0011_z	0.203110925379549	0.0682833366627471	208.631125008162	2.97453134697735	0.00328015299666684	bm_minus_fibrillar_z	TRUE	nullexpr_0011	expr
nulldet_0011_z	0.267033667124035	0.0711618997002709	210.329755800383	3.75248086755361	0.000226473671726792	basement_membrane_score_z	TRUE	nulldet_0011	detect
nulldet_0011_z	0.0922206171828365	0.0710624708541884	207.181066864561	1.29774008804256	0.195819658706384	fibrillar_collagen_score_z	TRUE	nulldet_0011	detect
nulldet_0011_z	0.224373513859036	0.0728845058154023	210.522336508959	3.07848027984598	0.00235751280963776	bm_minus_fibrillar_z	TRUE	nulldet_0011	detect
nullexpr_0012_z	0.103954863225646	0.072709819012036	210.42367772519	1.42972248642838	0.154279706221828	basement_membrane_score_z	TRUE	nullexpr_0012	expr
nullexpr_0012_z	0.105561255625649	0.0699998872427252	201.593371451837	1.50802036665594	0.133114857148716	fibrillar_collagen_score_z	TRUE	nullexpr_0012	expr
nullexpr_0012_z	0.0254043082774253	0.0735314160112253	207.408493888855	0.345489175314496	0.730076793631786	bm_minus_fibrillar_z	TRUE	nullexpr_0012	expr
nulldet_0012_z	0.118498498845046	0.0786395055134285	210.586933900377	1.50685712062127	0.133345890491875	basement_membrane_score_z	TRUE	nulldet_0012	detect
nulldet_0012_z	0.136419054448481	0.0763675116122344	207.504653851093	1.78634934631844	0.0755027266045136	fibrillar_collagen_score_z	TRUE	nulldet_0012	detect
nulldet_0012_z	0.0180915098726879	0.0799143067808631	210.361216194611	0.226386370619438	0.821120750171557	bm_minus_fibrillar_z	TRUE	nulldet_0012	detect
nullexpr_0013_z	0.00489941264528929	0.0783567105053267	210.378227357553	0.062527033277593	0.950202499879093	basement_membrane_score_z	TRUE	nullexpr_0013	expr
nullexpr_0013_z	0.0794111860409474	0.0753202751069041	197.963947600112	1.05431354211382	0.293024462949674	fibrillar_collagen_score_z	TRUE	nullexpr_0013	expr
nullexpr_0013_z	-0.0651111104611275	0.078632231348273	204.510582042851	-0.828046074042353	0.408609656007887	bm_minus_fibrillar_z	TRUE	nullexpr_0013	expr
nulldet_0013_z	0.0612585178232985	0.0849890122362657	207.936512513605	0.720781618840357	0.47185343261449	basement_membrane_score_z	TRUE	nulldet_0013	detect
nulldet_0013_z	0.112472418479087	0.0829039410196003	209.188172507027	1.35665949164584	0.176351681858527	fibrillar_collagen_score_z	TRUE	nulldet_0013	detect
nulldet_0013_z	-0.0529190929990139	0.0861263146263806	210.894571166623	-0.614435822879211	0.539589670174814	bm_minus_fibrillar_z	TRUE	nulldet_0013	detect
nullexpr_0014_z	0.0458850371914735	0.0716739029843103	190.189385833021	0.640191691549405	0.522818480515452	basement_membrane_score_z	TRUE	nullexpr_0014	expr
nullexpr_0014_z	0.0997447759354363	0.0672519776436484	181.949501884091	1.48315007870786	0.139764613397341	fibrillar_collagen_score_z	TRUE	nullexpr_0014	expr
nullexpr_0014_z	-0.0275112410863987	0.071204546552648	187.062601163635	-0.386369163464262	0.699662397479517	bm_minus_fibrillar_z	TRUE	nullexpr_0014	expr
nulldet_0014_z	0.0775802478611691	0.0785428972517254	201.587697637526	0.987743648066979	0.324462277356647	basement_membrane_score_z	TRUE	nulldet_0014	detect
nulldet_0014_z	0.122833418009874	0.0746927214804735	193.792798535839	1.64451656835112	0.101690705661323	fibrillar_collagen_score_z	TRUE	nulldet_0014	detect
nulldet_0014_z	-0.0301379009722829	0.0785455834608609	197.765115802139	-0.383699498359453	0.701613367191147	bm_minus_fibrillar_z	TRUE	nulldet_0014	detect
nullexpr_0015_z	0.120828497143223	0.0708241559446422	210.312564578053	1.7060351165733	0.0894777690915905	basement_membrane_score_z	TRUE	nullexpr_0015	expr
nullexpr_0015_z	0.0364256654368896	0.0687712439799319	199.656733768728	0.529664192893166	0.596933248702363	fibrillar_collagen_score_z	TRUE	nullexpr_0015	expr
nullexpr_0015_z	0.126560897512863	0.0711621149788228	205.291924974076	1.77848701588656	0.0768038552424776	bm_minus_fibrillar_z	TRUE	nullexpr_0015	expr
nulldet_0015_z	0.146276763695515	0.0778396203201077	209.830392897234	1.879207055404	0.0616024434914415	basement_membrane_score_z	TRUE	nulldet_0015	detect
nulldet_0015_z	0.0620579558135032	0.0764302074524568	207.79639883853	0.811955872972164	0.41774610474431	fibrillar_collagen_score_z	TRUE	nulldet_0015	detect
nulldet_0015_z	0.12907663580175	0.0788425662793631	210.286257669624	1.63714401868138	0.103095971866323	bm_minus_fibrillar_z	TRUE	nulldet_0015	detect
nullexpr_0016_z	0.167866494320135	0.0691460413149684	210.741032994611	2.42770939778727	0.0160342035821351	basement_membrane_score_z	TRUE	nullexpr_0016	expr
nullexpr_0016_z	-0.0994961673535592	0.0682738269321075	209.07207960638	-1.45731053647395	0.14653101431349	fibrillar_collagen_score_z	TRUE	nullexpr_0016	expr
nullexpr_0016_z	0.316200095030904	0.0675889010433443	210.942875281485	4.67828430629648	5.16546259492949e-06	bm_minus_fibrillar_z	TRUE	nullexpr_0016	expr
nulldet_0016_z	0.204295060104303	0.0730927797112722	208.409817210431	2.79501013521855	0.00567438528525766	basement_membrane_score_z	TRUE	nulldet_0016	detect
nulldet_0016_z	-0.0630091304118683	0.0728496942153037	210.253048085628	-0.864919627879946	0.388068655801854	fibrillar_collagen_score_z	TRUE	nulldet_0016	detect
nulldet_0016_z	0.318395591222449	0.0722098172002019	210.221468158978	4.40931169150721	1.65418653994861e-05	bm_minus_fibrillar_z	TRUE	nulldet_0016	detect
nullexpr_0017_z	0.240018245212254	0.0698512426329499	210.428147747228	3.4361342213121	0.000710901102287172	basement_membrane_score_z	TRUE	nullexpr_0017	expr
nullexpr_0017_z	0.0650553576654374	0.069683348530074	203.499309923463	0.93358541226475	0.351624186744364	fibrillar_collagen_score_z	TRUE	nullexpr_0017	expr
nullexpr_0017_z	0.20425149198578	0.0704729167810806	204.515095627076	2.89829769101616	0.00416104179515641	bm_minus_fibrillar_z	TRUE	nullexpr_0017	expr
nulldet_0017_z	0.268016204397799	0.0757273025966035	209.31299685902	3.53922819389872	0.000494376878443372	basement_membrane_score_z	TRUE	nulldet_0017	detect
nulldet_0017_z	0.102004995416503	0.0758658887431309	207.236002344938	1.34454360327703	0.180242478127729	fibrillar_collagen_score_z	TRUE	nulldet_0017	detect
nulldet_0017_z	0.21493663157567	0.0769776141522822	207.545190564413	2.79219658783485	0.00572420811089462	bm_minus_fibrillar_z	TRUE	nulldet_0017	detect
nullexpr_0018_z	0.308525090216369	0.0644605676118336	193.956348910299	4.78626083583741	3.36183224156581e-06	basement_membrane_score_z	TRUE	nullexpr_0018	expr
nullexpr_0018_z	0.162561915906568	0.0642443778533595	184.856083021362	2.53036796897034	0.0122286036263907	fibrillar_collagen_score_z	TRUE	nullexpr_0018	expr
nullexpr_0018_z	0.118914846473932	0.0672169215930237	190.511634330412	1.76912068651287	0.0784737350683872	bm_minus_fibrillar_z	TRUE	nullexpr_0018	expr
nulldet_0018_z	0.334890959222868	0.0713927986401148	206.83677632961	4.69082268242524	4.94041787166554e-06	basement_membrane_score_z	TRUE	nulldet_0018	detect
nulldet_0018_z	0.194078629057835	0.0714179734855323	199.762029855546	2.71750400614702	0.00715544930140626	fibrillar_collagen_score_z	TRUE	nulldet_0018	detect
nulldet_0018_z	0.121340697238655	0.0746122236146692	203.65509059809	1.62628442579747	0.105435498935334	bm_minus_fibrillar_z	TRUE	nulldet_0018	detect
nullexpr_0019_z	-0.0101975689660833	0.0728720321025302	194.464364638531	-0.139938034824326	0.888853780356788	basement_membrane_score_z	TRUE	nullexpr_0019	expr
nullexpr_0019_z	-0.102227318713321	0.0681631313801655	184.51031518702	-1.49974504755613	0.135389573573878	fibrillar_collagen_score_z	TRUE	nullexpr_0019	expr
nullexpr_0019_z	0.0508401667838842	0.0724934005349686	190.368612881148	0.701307517769986	0.483967527366119	bm_minus_fibrillar_z	TRUE	nullexpr_0019	expr
nulldet_0019_z	0.0429436131473345	0.0772419914377895	201.591786713656	0.555962014287542	0.57885334863826	basement_membrane_score_z	TRUE	nulldet_0019	detect
nulldet_0019_z	-0.0712233218730379	0.0730817531419987	190.484649348101	-0.974570516044547	0.331009337710111	fibrillar_collagen_score_z	TRUE	nulldet_0019	detect
nulldet_0019_z	0.0609241877015445	0.0769993625528557	195.915747859643	0.791229767125974	0.429766762213508	bm_minus_fibrillar_z	TRUE	nulldet_0019	detect
nullexpr_0020_z	0.0510819068390003	0.0770056564383728	210.708022464148	0.663352657474986	0.507829801555143	basement_membrane_score_z	TRUE	nullexpr_0020	expr
nullexpr_0020_z	0.141252633738354	0.0749638050453605	208.332594208733	1.88427780117194	0.0609199752693618	fibrillar_collagen_score_z	TRUE	nullexpr_0020	expr
nullexpr_0020_z	-0.0785874735561573	0.0777320929815327	210.089980151142	-1.01100421385576	0.313177367759249	bm_minus_fibrillar_z	TRUE	nullexpr_0020	expr
nulldet_0020_z	0.0707354523996019	0.0831901801275984	207.510095403948	0.850286082937996	0.396146060316253	basement_membrane_score_z	TRUE	nulldet_0020	detect
nulldet_0020_z	0.157572777365537	0.0812473403484305	210.916780940997	1.93942074521804	0.0537839210463363	fibrillar_collagen_score_z	TRUE	nulldet_0020	detect
nulldet_0020_z	-0.071276391787179	0.0843380999602364	210.956811721831	-0.845126838531864	0.398997507909425	bm_minus_fibrillar_z	TRUE	nulldet_0020	detect
nullexpr_0021_z	0.181104555689199	0.0693678873594054	200.86082092712	2.61078378747315	0.00971472971864853	basement_membrane_score_z	TRUE	nullexpr_0021	expr
nullexpr_0021_z	0.00642377228111728	0.0675086227379221	192.721893798923	0.0951548412719847	0.924290703713592	fibrillar_collagen_score_z	TRUE	nullexpr_0021	expr
nullexpr_0021_z	0.153213377246451	0.0692534140453498	198.52840894778	2.21235847154222	0.0280819185317656	bm_minus_fibrillar_z	TRUE	nullexpr_0021	expr
nulldet_0021_z	0.200047238910615	0.0756219402443072	209.043421188905	2.64535977606941	0.00878044652881337	basement_membrane_score_z	TRUE	nulldet_0021	detect
nulldet_0021_z	0.0401483422378746	0.0742167377372883	201.481043572911	0.540960751737584	0.589132214094705	fibrillar_collagen_score_z	TRUE	nulldet_0021	detect
nulldet_0021_z	0.150926178478692	0.0762730583966914	205.550501749224	1.97876133003261	0.0491781407383082	bm_minus_fibrillar_z	TRUE	nulldet_0021	detect
nullexpr_0022_z	0.025316563479838	0.0715878208492401	204.59602178604	0.353643443528659	0.723970256762807	basement_membrane_score_z	TRUE	nullexpr_0022	expr
nullexpr_0022_z	-0.125911959897292	0.06960812026117	209.950302712919	-1.80886884209586	0.0719019368251505	fibrillar_collagen_score_z	TRUE	nullexpr_0022	expr
nullexpr_0022_z	0.0422399193874981	0.0726415222393893	210.935007920468	0.581484502049626	0.561534825671166	bm_minus_fibrillar_z	TRUE	nullexpr_0022	expr
nulldet_0022_z	0.045369333747353	0.0761008109900855	208.434557192289	0.596174116373922	0.551705795506091	basement_membrane_score_z	TRUE	nulldet_0022	detect
nulldet_0022_z	-0.11024563027368	0.0738819487509305	209.62480451913	-1.49218628010663	0.13715374186121	fibrillar_collagen_score_z	TRUE	nulldet_0022	detect
nulldet_0022_z	0.0499885114521134	0.0770346909694809	210.927422450128	0.648909093072335	0.517103035833409	bm_minus_fibrillar_z	TRUE	nulldet_0022	detect
nullexpr_0023_z	0.00695908399255942	0.0789825904545367	201.495757253122	0.0881090877433952	0.929877478933066	basement_membrane_score_z	TRUE	nullexpr_0023	expr
nullexpr_0023_z	0.105859076695196	0.0752278553667814	189.143379046776	1.40717924469691	0.161015374943328	fibrillar_collagen_score_z	TRUE	nullexpr_0023	expr
nullexpr_0023_z	-0.14274284971841	0.0780886334284398	195.30222240888	-1.82795937707399	0.0690813820749212	bm_minus_fibrillar_z	TRUE	nullexpr_0023	expr
nulldet_0023_z	0.0785760737075797	0.0832994313552059	204.765306444633	0.943296639955621	0.346640825457965	basement_membrane_score_z	TRUE	nulldet_0023	detect
nulldet_0023_z	0.1517033944074	0.0797319715504256	193.400765806886	1.90266704130672	0.0585696628797214	fibrillar_collagen_score_z	TRUE	nulldet_0023	detect
nulldet_0023_z	-0.125134739679618	0.0830394865123968	198.916213290649	-1.50693055719867	0.133414911753275	bm_minus_fibrillar_z	TRUE	nulldet_0023	detect
nullexpr_0024_z	-0.209709417706522	0.0751211851785089	199.597991058409	-2.7916148714666	0.00575404666249635	basement_membrane_score_z	TRUE	nullexpr_0024	expr
nullexpr_0024_z	0.028833095851319	0.0732577038155737	186.056248820327	0.393584488041099	0.69433849705703	fibrillar_collagen_score_z	TRUE	nullexpr_0024	expr
nullexpr_0024_z	-0.29526605117093	0.0735639136115062	193.739140374178	-4.01373495067488	8.5364754140147e-05	bm_minus_fibrillar_z	TRUE	nullexpr_0024	expr
nulldet_0024_z	-0.135780300776822	0.0817436725620229	207.799755137982	-1.66104967542043	0.0982114785053608	basement_membrane_score_z	TRUE	nulldet_0024	detect
nulldet_0024_z	0.090799219261936	0.0794574281955818	198.046294306872	1.14274047529498	0.254525928844617	fibrillar_collagen_score_z	TRUE	nulldet_0024	detect
nulldet_0024_z	-0.279523079314137	0.0802327735365292	203.324425033536	-3.48390149054081	0.000605082385816335	bm_minus_fibrillar_z	TRUE	nulldet_0024	detect
nullexpr_0025_z	-0.108728833654492	0.0775313506534871	199.291566676942	-1.4023853929804	0.162355963039108	basement_membrane_score_z	TRUE	nullexpr_0025	expr
nullexpr_0025_z	0.118910165375986	0.0749897350844227	186.824770196003	1.58568589743807	0.114501723913251	fibrillar_collagen_score_z	TRUE	nullexpr_0025	expr
nullexpr_0025_z	-0.266741650453276	0.0755606361379877	194.165733679808	-3.53016681815855	0.000518596772347105	bm_minus_fibrillar_z	TRUE	nullexpr_0025	expr
nulldet_0025_z	-0.0713109246040572	0.0821133165265524	208.381517612188	-0.868445309732409	0.386149679989956	basement_membrane_score_z	TRUE	nulldet_0025	detect
nulldet_0025_z	0.188846194923858	0.0795631465562904	196.878395787106	2.37353854262477	0.0185809439284668	fibrillar_collagen_score_z	TRUE	nulldet_0025	detect
nulldet_0025_z	-0.287324846375679	0.0801961365526985	202.433772746071	-3.58277666140278	0.000425854354967914	bm_minus_fibrillar_z	TRUE	nulldet_0025	detect
nullexpr_0026_z	0.0677853739329359	0.074438951323672	209.201646943906	0.91061699187828	0.363545231574692	basement_membrane_score_z	TRUE	nullexpr_0026	expr
nullexpr_0026_z	-0.0567154174308986	0.0713284473572777	199.434136529039	-0.795130407743439	0.427482919297933	fibrillar_collagen_score_z	TRUE	nullexpr_0026	expr
nullexpr_0026_z	0.074351805747666	0.0744423309929608	204.486967334915	0.998783954719213	0.319079781981642	bm_minus_fibrillar_z	TRUE	nullexpr_0026	expr
nulldet_0026_z	0.0883359325217516	0.0819633027955954	210.970890318182	1.07774979178241	0.282376196370735	basement_membrane_score_z	TRUE	nulldet_0026	detect
nulldet_0026_z	-0.0274818656826617	0.079558350391916	206.88686398228	-0.345430310549201	0.730121857129975	fibrillar_collagen_score_z	TRUE	nulldet_0026	detect
nulldet_0026_z	0.056872797936609	0.0826392236260094	209.155669827978	0.688205859653177	0.492085724569768	bm_minus_fibrillar_z	TRUE	nulldet_0026	detect
nullexpr_0027_z	0.167013454631432	0.0716965271427918	209.016590284817	2.32944971377492	0.0207898638788167	basement_membrane_score_z	TRUE	nullexpr_0027	expr
nullexpr_0027_z	0.137888317576574	0.068783405643873	193.936070281489	2.00467418392297	0.0463887135017195	fibrillar_collagen_score_z	TRUE	nullexpr_0027	expr
nullexpr_0027_z	0.0685112029070843	0.0726885350345149	203.33342831977	0.942531072810216	0.347039305395844	bm_minus_fibrillar_z	TRUE	nullexpr_0027	expr
nulldet_0027_z	0.197790974337013	0.0804711802527573	205.4603076801	2.45791069194907	0.0148029321729796	basement_membrane_score_z	TRUE	nulldet_0027	detect
nulldet_0027_z	0.175720645125954	0.0790632149697784	209.390840693084	2.22253351565734	0.0273169049619769	fibrillar_collagen_score_z	TRUE	nulldet_0027	detect
nulldet_0027_z	0.0597612069921602	0.0827313029517601	210.993797831768	0.722353025516912	0.470877310549919	bm_minus_fibrillar_z	TRUE	nulldet_0027	detect
nullexpr_0028_z	0.128620663180406	0.0698115688251234	207.09103918319	1.84239754735492	0.066846690363841	basement_membrane_score_z	TRUE	nullexpr_0028	expr
nullexpr_0028_z	0.0412451411123329	0.0674535629052962	196.950365416897	0.611459785604513	0.541600366834383	fibrillar_collagen_score_z	TRUE	nullexpr_0028	expr
nullexpr_0028_z	0.0772732109825459	0.0702914784918179	202.374473519539	1.09932544656236	0.272932184176249	bm_minus_fibrillar_z	TRUE	nullexpr_0028	expr
nulldet_0028_z	0.158401510497831	0.0755163614562416	210.72029651619	2.09757868948198	0.0371345718352096	basement_membrane_score_z	TRUE	nulldet_0028	detect
nulldet_0028_z	0.0730600231356165	0.0737090840617982	204.042200960497	0.991194288540643	0.322764683811914	fibrillar_collagen_score_z	TRUE	nulldet_0028	detect
nulldet_0028_z	0.0820358356895053	0.076533988621138	207.596698093028	1.0718876301561	0.285015016750842	bm_minus_fibrillar_z	TRUE	nulldet_0028	detect
nullexpr_0029_z	0.0603477362064224	0.074838146327226	209.277633339276	0.806376683123003	0.42094107318289	basement_membrane_score_z	TRUE	nullexpr_0029	expr
nullexpr_0029_z	0.00477715878254656	0.0722521583210354	201.521280732235	0.0661178696049519	0.947349530851705	fibrillar_collagen_score_z	TRUE	nullexpr_0029	expr
nullexpr_0029_z	0.0783615856085489	0.075042657975361	205.333228575249	1.04422721319756	0.297608068613188	bm_minus_fibrillar_z	TRUE	nullexpr_0029	expr
nulldet_0029_z	0.108053462786817	0.0819822325870748	210.960531119316	1.31801073692463	0.188929417482723	basement_membrane_score_z	TRUE	nulldet_0029	detect
nulldet_0029_z	0.0228671268883079	0.0800456860396891	208.225953341543	0.285675943572645	0.775410312453628	fibrillar_collagen_score_z	TRUE	nulldet_0029	detect
nulldet_0029_z	0.0963469070943306	0.0827661181097705	209.89293315246	1.16408633502115	0.245710519060935	bm_minus_fibrillar_z	TRUE	nulldet_0029	detect
nullexpr_0030_z	-0.0301706282472971	0.0743830799945805	167.183902901389	-0.405611440793999	0.685546734800561	basement_membrane_score_z	TRUE	nullexpr_0030	expr
nullexpr_0030_z	0.143723577070469	0.0736877833079985	199.582370996397	1.95043968780736	0.0525240033392122	fibrillar_collagen_score_z	TRUE	nullexpr_0030	expr
nullexpr_0030_z	-0.190125041441387	0.075335744527103	191.895291780454	-2.5237029597947	0.0124235196961371	bm_minus_fibrillar_z	TRUE	nullexpr_0030	expr
nulldet_0030_z	-0.0265568661007451	0.0772093228295988	172.166566651195	-0.343959318997735	0.731296601530637	basement_membrane_score_z	TRUE	nulldet_0030	detect
nulldet_0030_z	0.12623374015065	0.076614085639643	200.980659708341	1.64765707371872	0.100985552578363	fibrillar_collagen_score_z	TRUE	nulldet_0030	detect
nulldet_0030_z	-0.165641669353664	0.0783518314366561	193.156049015276	-2.11407527196831	0.035791916440776	bm_minus_fibrillar_z	TRUE	nulldet_0030	detect
nullexpr_0031_z	0.125029153676348	0.0715124987719511	210.433156656259	1.74835386573553	0.0818610661130568	basement_membrane_score_z	TRUE	nullexpr_0031	expr
nullexpr_0031_z	0.264069520543948	0.0684035458730863	207.820525170659	3.86046537753896	0.000151081123115681	fibrillar_collagen_score_z	TRUE	nullexpr_0031	expr
nullexpr_0031_z	-0.0904358816528929	0.0724501812697448	210.050805704615	-1.24824921163667	0.213329382129439	bm_minus_fibrillar_z	TRUE	nullexpr_0031	expr
nulldet_0031_z	0.182157981601392	0.0769162132200678	207.782937494539	2.36826507670384	0.0187890285633526	basement_membrane_score_z	TRUE	nulldet_0031	detect
nulldet_0031_z	0.288148985015923	0.0740943520799545	210.818127110171	3.88894668658395	0.0001349298348281	fibrillar_collagen_score_z	TRUE	nulldet_0031	detect
nulldet_0031_z	-0.0486390359231378	0.0789127306663719	210.965865945475	-0.616364881970369	0.538318235416525	bm_minus_fibrillar_z	TRUE	nulldet_0031	detect
nullexpr_0032_z	0.0441230054762732	0.0777001709258067	204.639118437795	0.567862399149737	0.570750913413279	basement_membrane_score_z	TRUE	nullexpr_0032	expr
nullexpr_0032_z	0.230627073989669	0.0743965785039108	187.399921347218	3.09996882420534	0.00223392397842141	fibrillar_collagen_score_z	TRUE	nullexpr_0032	expr
nullexpr_0032_z	-0.175663462994351	0.0774464632448595	196.73504189691	-2.2681921889572	0.0244036339338202	bm_minus_fibrillar_z	TRUE	nullexpr_0032	expr
nulldet_0032_z	0.064571933594094	0.0862193271667769	210.9448979121	0.748926438142928	0.454735830097666	basement_membrane_score_z	TRUE	nulldet_0032	detect
nulldet_0032_z	0.246554801610014	0.0830233319785071	203.710419800744	2.96970497009011	0.00333865059441297	fibrillar_collagen_score_z	TRUE	nulldet_0032	detect
nulldet_0032_z	-0.168010267736226	0.0863978317860812	208.03138086767	-1.94461208415756	0.0531697797554536	bm_minus_fibrillar_z	TRUE	nulldet_0032	detect
nullexpr_0033_z	0.226873239413751	0.065761870271077	210.989133987609	3.44992072881378	0.000677095497039262	basement_membrane_score_z	TRUE	nullexpr_0033	expr
nullexpr_0033_z	-0.151350890362231	0.0649583129742314	205.066551574925	-2.32996953634358	0.0207803121750329	fibrillar_collagen_score_z	TRUE	nullexpr_0033	expr
nullexpr_0033_z	0.343299715249713	0.0641133317410712	208.259806624403	5.35457612211087	2.25821366992136e-07	bm_minus_fibrillar_z	TRUE	nullexpr_0033	expr
nulldet_0033_z	0.287224200160799	0.0671607321926998	210.909227014986	4.27666868396679	2.87509221169688e-05	basement_membrane_score_z	TRUE	nulldet_0033	detect
nulldet_0033_z	-0.12585132141508	0.0675605922367372	206.62032505294	-1.86279186206787	0.0639108531312434	fibrillar_collagen_score_z	TRUE	nulldet_0033	detect
nulldet_0033_z	0.38265359885377	0.0658144674402812	208.772655634304	5.81412588654588	2.2603702823631e-08	bm_minus_fibrillar_z	TRUE	nulldet_0033	detect
nullexpr_0034_z	0.00553719348038244	0.0728888839751783	206.095913725935	0.0759675986021144	0.939518568015874	basement_membrane_score_z	TRUE	nullexpr_0034	expr
nullexpr_0034_z	-0.0159467870215009	0.069865062451796	195.514209109426	-0.228251238342534	0.819689473859557	fibrillar_collagen_score_z	TRUE	nullexpr_0034	expr
nullexpr_0034_z	0.048598208097253	0.0728438536940337	200.709517695154	0.667155918210756	0.505438825304517	bm_minus_fibrillar_z	TRUE	nullexpr_0034	expr
nulldet_0034_z	0.0422738796643065	0.07904403090146	209.961246793745	0.534814320350225	0.593344175788225	basement_membrane_score_z	TRUE	nulldet_0034	detect
nulldet_0034_z	0.00987555750211255	0.0763730927237875	202.894810686249	0.12930676433163	0.897243013187692	fibrillar_collagen_score_z	TRUE	nulldet_0034	detect
nulldet_0034_z	0.0539715964502626	0.079352460914452	206.339475894136	0.680150254047548	0.497171729734633	bm_minus_fibrillar_z	TRUE	nulldet_0034	detect
nullexpr_0035_z	0.258247357541711	0.0691989829771821	210.952907742666	3.73195307836918	0.000244322646298021	basement_membrane_score_z	TRUE	nullexpr_0035	expr
nullexpr_0035_z	0.256795615546426	0.0678218321737743	204.065631583798	3.78632672276473	0.000201035490424395	fibrillar_collagen_score_z	TRUE	nullexpr_0035	expr
nullexpr_0035_z	-0.000822910457045302	0.0718385554584918	206.067571407293	-0.0114549972753945	0.990871516678772	bm_minus_fibrillar_z	TRUE	nullexpr_0035	expr
nulldet_0035_z	0.313176947528539	0.075064544134017	206.780870941865	4.17210217075863	4.4422461055854e-05	basement_membrane_score_z	TRUE	nulldet_0035	detect
nulldet_0035_z	0.301507340828051	0.0739933597598653	210.916669855298	4.07478916765706	6.52048018663488e-05	fibrillar_collagen_score_z	TRUE	nulldet_0035	detect
nulldet_0035_z	0.00225900382878864	0.0790614548739352	210.819743646846	0.0285727581460607	0.977232368612747	bm_minus_fibrillar_z	TRUE	nulldet_0035	detect
nullexpr_0036_z	0.32422323395169	0.070157337550077	208.091846277889	4.62137312038481	6.68131456417393e-06	basement_membrane_score_z	TRUE	nullexpr_0036	expr
nullexpr_0036_z	0.175324299648225	0.070849988249339	210.970498764265	2.47458473854949	0.0141276091906936	fibrillar_collagen_score_z	TRUE	nullexpr_0036	expr
nullexpr_0036_z	0.190902599626411	0.0733471393770118	210.850461536728	2.60272726718287	0.00990504766409446	bm_minus_fibrillar_z	TRUE	nullexpr_0036	expr
nulldet_0036_z	0.365247266486153	0.0757709451353672	206.034168880198	4.82041323139929	2.77802317775535e-06	basement_membrane_score_z	TRUE	nulldet_0036	detect
nulldet_0036_z	0.240015180361575	0.0764531736777351	210.818268042399	3.13937497707139	0.00193572582104892	fibrillar_collagen_score_z	TRUE	nulldet_0036	detect
nulldet_0036_z	0.16437469859878	0.0802869005664586	210.049478909811	2.04734143974976	0.0418692621379824	bm_minus_fibrillar_z	TRUE	nulldet_0036	detect
nullexpr_0037_z	-0.0360315485872862	0.0721069393991848	210.851478535	-0.499695991641181	0.617810197644924	basement_membrane_score_z	TRUE	nullexpr_0037	expr
nullexpr_0037_z	-0.141532416392839	0.0695698022591363	204.051276766146	-2.03439440384858	0.0432056978504734	fibrillar_collagen_score_z	TRUE	nullexpr_0037	expr
nullexpr_0037_z	0.111191263531725	0.0722865098759216	207.635841977313	1.53820213097274	0.125521698790438	bm_minus_fibrillar_z	TRUE	nullexpr_0037	expr
nulldet_0037_z	-0.0157964970979202	0.0794410189007532	210.52574501524	-0.198845600377495	0.842575426055139	basement_membrane_score_z	TRUE	nulldet_0037	detect
nulldet_0037_z	-0.100656059832448	0.0771753684382166	208.685837192468	-1.30425110847419	0.193584642841518	fibrillar_collagen_score_z	TRUE	nulldet_0037	detect
nulldet_0037_z	0.0978095882813476	0.0800100449003541	210.380085629103	1.2224663591073	0.222899100561131	bm_minus_fibrillar_z	TRUE	nulldet_0037	detect
nullexpr_0038_z	0.167977671586244	0.0712682972597936	209.622442101818	2.35697607554615	0.0193460172377374	basement_membrane_score_z	TRUE	nullexpr_0038	expr
nullexpr_0038_z	0.12881882488502	0.0685554420976135	198.239128573103	1.87904593630364	0.0617056981708896	fibrillar_collagen_score_z	TRUE	nullexpr_0038	expr
nullexpr_0038_z	0.0264816683844062	0.0724316336453871	203.66973968843	0.365609155166318	0.715036173672153	bm_minus_fibrillar_z	TRUE	nullexpr_0038	expr
nulldet_0038_z	0.19800485303176	0.0792551492007237	210.779391322765	2.49832162362457	0.0132423353448891	basement_membrane_score_z	TRUE	nulldet_0038	detect
nulldet_0038_z	0.148996598633505	0.0773161837152864	206.824522514407	1.92710751454286	0.0553363773222192	fibrillar_collagen_score_z	TRUE	nulldet_0038	detect
nulldet_0038_z	0.0349713544405237	0.0810991252016754	209.509251629342	0.431217406520203	0.666753658958246	bm_minus_fibrillar_z	TRUE	nulldet_0038	detect
nullexpr_0039_z	0.174323515377266	0.0694088107701451	210.874404458218	2.51154735894492	0.0127700992034354	basement_membrane_score_z	TRUE	nullexpr_0039	expr
nullexpr_0039_z	0.0535273956971298	0.0683759127654309	205.6429199799	0.782839943662029	0.434621675610953	fibrillar_collagen_score_z	TRUE	nullexpr_0039	expr
nullexpr_0039_z	0.116869275384685	0.0704910905663535	208.72549479895	1.65792973900262	0.0988337588564251	bm_minus_fibrillar_z	TRUE	nullexpr_0039	expr
nulldet_0039_z	0.177460677873415	0.0754350186366775	203.180229956487	2.35249730271997	0.0196039404630125	basement_membrane_score_z	TRUE	nulldet_0039	detect
nulldet_0039_z	0.0675904520626322	0.075051081168132	210.882167766558	0.900592649840897	0.368832261577578	fibrillar_collagen_score_z	TRUE	nulldet_0039	detect
nulldet_0039_z	0.111069868706812	0.0774296384736506	210.853900634412	1.43446193080973	0.152921936258288	bm_minus_fibrillar_z	TRUE	nulldet_0039	detect
nullexpr_0040_z	0.407794050443119	0.0652564001909219	205.975747026431	6.24910429092056	2.33251103796318e-09	basement_membrane_score_z	TRUE	nullexpr_0040	expr
nullexpr_0040_z	0.51832102338888	0.0601092319106885	210.962597051673	8.6229853038051	1.56512316468827e-15	fibrillar_collagen_score_z	TRUE	nullexpr_0040	expr
nullexpr_0040_z	-0.0992587689975621	0.0716177518988086	210.791333247858	-1.38595203515755	0.167225987759734	bm_minus_fibrillar_z	TRUE	nullexpr_0040	expr
nulldet_0040_z	0.415186103089537	0.0726091395566272	194.784431168128	5.71809700025073	4.00113029631641e-08	basement_membrane_score_z	TRUE	nulldet_0040	detect
nulldet_0040_z	0.524312689161972	0.0680552167552891	205.150317902649	7.7042248068547	5.52661089769714e-13	fibrillar_collagen_score_z	TRUE	nulldet_0040	detect
nulldet_0040_z	-0.0988616125859832	0.079148873676529	208.498186917535	-1.24905899469925	0.213044005492932	bm_minus_fibrillar_z	TRUE	nulldet_0040	detect
nullexpr_0041_z	-0.0558321913569921	0.0739084394045739	191.679588647926	-0.755423762249496	0.450922024189092	basement_membrane_score_z	TRUE	nullexpr_0041	expr
nullexpr_0041_z	0.00892080829924385	0.0700172651008795	178.477601786803	0.127408693932717	0.89876037016465	fibrillar_collagen_score_z	TRUE	nullexpr_0041	expr
nullexpr_0041_z	-0.143444776083198	0.0735565838515778	188.841405835004	-1.9501283035743	0.0526411709253965	bm_minus_fibrillar_z	TRUE	nullexpr_0041	expr
nulldet_0041_z	-0.0417793667530558	0.0799714948574754	205.313954147055	-0.522428233053724	0.601935440070999	basement_membrane_score_z	TRUE	nulldet_0041	detect
nulldet_0041_z	0.0493923997120118	0.0768210815556269	192.272377690077	0.642953714160433	0.521020143204285	fibrillar_collagen_score_z	TRUE	nulldet_0041	detect
nulldet_0041_z	-0.147627694416813	0.0798363619083147	200.097723237582	-1.84912852850624	0.0659143742034562	bm_minus_fibrillar_z	TRUE	nulldet_0041	detect
nullexpr_0042_z	-0.0168014271900901	0.0732077289441096	209.865622258191	-0.229503461347874	0.818701148934838	basement_membrane_score_z	TRUE	nullexpr_0042	expr
nullexpr_0042_z	0.0414610506980791	0.0707952888166189	200.767500609116	0.58564703091297	0.55877047037028	fibrillar_collagen_score_z	TRUE	nullexpr_0042	expr
nullexpr_0042_z	-0.146297007978842	0.0723562002835451	203.837682384625	-2.02190009156841	0.0444937461202	bm_minus_fibrillar_z	TRUE	nullexpr_0042	expr
nulldet_0042_z	0.0343192485025249	0.0801144367334277	210.809442835551	0.428377829288354	0.668813422921336	basement_membrane_score_z	TRUE	nulldet_0042	detect
nulldet_0042_z	0.0684468373815761	0.0778496623999639	205.556086777151	0.879218165775987	0.380309641739418	fibrillar_collagen_score_z	TRUE	nulldet_0042	detect
nulldet_0042_z	-0.10979535197362	0.0802111806476154	208.301488764899	-1.36882852349443	0.172527192069856	bm_minus_fibrillar_z	TRUE	nulldet_0042	detect
nullexpr_0043_z	0.00650160086729839	0.0757681357870095	209.401244388734	0.0858091703031328	0.931700106268195	basement_membrane_score_z	TRUE	nullexpr_0043	expr
nullexpr_0043_z	0.0819017053049986	0.0729964014380691	194.415285477686	1.12199647779192	0.263247752125069	fibrillar_collagen_score_z	TRUE	nullexpr_0043	expr
nullexpr_0043_z	-0.0974120672052088	0.0755630209645223	200.711792418501	-1.28914998317689	0.198829672028522	bm_minus_fibrillar_z	TRUE	nullexpr_0043	expr
nulldet_0043_z	0.0637625719542603	0.0827439398334928	210.96566415868	0.770601110879793	0.441805526770049	basement_membrane_score_z	TRUE	nulldet_0043	detect
nulldet_0043_z	0.12357055235859	0.080264920367227	203.101584642042	1.53953373146365	0.125230565792649	fibrillar_collagen_score_z	TRUE	nulldet_0043	detect
nulldet_0043_z	-0.0917886231896372	0.0831538261569424	206.914520821595	-1.10384124738166	0.270944065184741	bm_minus_fibrillar_z	TRUE	nulldet_0043	detect
nullexpr_0044_z	-0.152516819963912	0.0753639791945742	208.225973206991	-2.02373629410073	0.0442750552002757	basement_membrane_score_z	TRUE	nullexpr_0044	expr
nullexpr_0044_z	-0.0550765236355038	0.072805070136421	194.02676691955	-0.7564929685845	0.450271242872718	fibrillar_collagen_score_z	TRUE	nullexpr_0044	expr
nullexpr_0044_z	-0.144715097981351	0.0754734088732667	201.182498788939	-1.91743158473673	0.0565995884062879	bm_minus_fibrillar_z	TRUE	nullexpr_0044	expr
nulldet_0044_z	-0.0780643994398639	0.0818090032622243	210.361785223271	-0.954227485080612	0.341063721373786	basement_membrane_score_z	TRUE	nulldet_0044	detect
nulldet_0044_z	0.00734042311786574	0.0790496938233801	199.047557691149	0.0928583371147062	0.926109500000457	fibrillar_collagen_score_z	TRUE	nulldet_0044	detect
nulldet_0044_z	-0.127090609445662	0.0818689229969223	204.935652288668	-1.55236693965596	0.122117366645078	bm_minus_fibrillar_z	TRUE	nulldet_0044	detect
nullexpr_0045_z	0.115921233966097	0.0717345908366212	209.679240377233	1.61597400381237	0.107603517827218	basement_membrane_score_z	TRUE	nullexpr_0045	expr
nullexpr_0045_z	-0.0655594821611292	0.0697942996031134	202.329543127856	-0.939324307772045	0.348684273714416	fibrillar_collagen_score_z	TRUE	nullexpr_0045	expr
nullexpr_0045_z	0.178941983686397	0.0718955028036282	206.261959313716	2.48891761943929	0.0136043927298033	bm_minus_fibrillar_z	TRUE	nullexpr_0045	expr
nulldet_0045_z	0.149507202238795	0.0802347176609356	210.110149671111	1.86337294624253	0.0638051238559886	basement_membrane_score_z	TRUE	nulldet_0045	detect
nulldet_0045_z	-0.0311174260608432	0.0790047054343637	209.77476842228	-0.393868009376925	0.694078552208329	fibrillar_collagen_score_z	TRUE	nulldet_0045	detect
nulldet_0045_z	0.174293722742756	0.0810237917482737	210.923029335601	2.15114250989704	0.0326018540658541	bm_minus_fibrillar_z	TRUE	nulldet_0045	detect
nullexpr_0046_z	0.192970821738759	0.0765964963057909	208.868227684492	2.51931656205755	0.012507147378184	basement_membrane_score_z	TRUE	nullexpr_0046	expr
nullexpr_0046_z	0.217212711392415	0.0749758246286829	209.393641155582	2.89710333254965	0.00416648547704195	fibrillar_collagen_score_z	TRUE	nullexpr_0046	expr
nullexpr_0046_z	0.0345784092744677	0.0784644345795273	209.577877292722	0.440688949837788	0.659892420132163	bm_minus_fibrillar_z	TRUE	nullexpr_0046	expr
nulldet_0046_z	0.243781552960301	0.0821282600886087	205.856190939455	2.96830290447263	0.00334942657249471	basement_membrane_score_z	TRUE	nulldet_0046	detect
nulldet_0046_z	0.25513819349707	0.0806659195122744	210.999658770868	3.16289946286731	0.00179227708372099	fibrillar_collagen_score_z	TRUE	nulldet_0046	detect
nulldet_0046_z	0.0411807953851216	0.0849633043696619	210.988167624649	0.484689192477148	0.628399635927659	bm_minus_fibrillar_z	TRUE	nulldet_0046	detect
nullexpr_0047_z	0.00511219690254041	0.0736968983093905	199.974516300544	0.0693678705592011	0.944766118241347	basement_membrane_score_z	TRUE	nullexpr_0047	expr
nullexpr_0047_z	0.149849409172343	0.0706866805518363	183.703186780825	2.11991011605722	0.0353562753650141	fibrillar_collagen_score_z	TRUE	nullexpr_0047	expr
nullexpr_0047_z	-0.199768253614198	0.0730999020351911	189.45799664854	-2.73281150935096	0.00687409181336386	bm_minus_fibrillar_z	TRUE	nullexpr_0047	expr
nulldet_0047_z	0.0508993912373569	0.0782836742405498	201.916289919684	0.65019164891205	0.516307515118566	basement_membrane_score_z	TRUE	nulldet_0047	detect
nulldet_0047_z	0.181674304821052	0.0752781989709833	184.437404487985	2.41337209583189	0.0167841192402889	fibrillar_collagen_score_z	TRUE	nulldet_0047	detect
nulldet_0047_z	-0.174013102570955	0.0780769681630083	192.441081604271	-2.22873795775026	0.0269884593040952	bm_minus_fibrillar_z	TRUE	nulldet_0047	detect
nullexpr_0048_z	-0.0441524366320579	0.0733259826940015	201.157727636719	-0.602139037349305	0.547759697263009	basement_membrane_score_z	TRUE	nullexpr_0048	expr
nullexpr_0048_z	-0.205165098668047	0.0688834755742398	188.6399076048	-2.97843709188176	0.00327787801984191	fibrillar_collagen_score_z	TRUE	nullexpr_0048	expr
nullexpr_0048_z	0.118254392174948	0.073188311781036	194.623782687306	1.61575515676247	0.107767117796077	bm_minus_fibrillar_z	TRUE	nullexpr_0048	expr
nulldet_0048_z	-0.03093042580871	0.081507425019015	209.923718570703	-0.379479854767761	0.70471515608475	basement_membrane_score_z	TRUE	nulldet_0048	detect
nulldet_0048_z	-0.17234216215348	0.0774618598888403	201.360690262797	-2.22486475796987	0.0272002319762771	fibrillar_collagen_score_z	TRUE	nulldet_0048	detect
nulldet_0048_z	0.0912599474433845	0.0817976876070684	205.813477848771	1.1156788182298	0.265860587382187	bm_minus_fibrillar_z	TRUE	nulldet_0048	detect
nullexpr_0049_z	0.0108905054546369	0.0744282755681241	194.494958309451	0.146322152051861	0.883818626360774	basement_membrane_score_z	TRUE	nullexpr_0049	expr
nullexpr_0049_z	0.06995494319781	0.0707600281193667	182.5888410348	0.988622320497123	0.324156239222025	fibrillar_collagen_score_z	TRUE	nullexpr_0049	expr
nullexpr_0049_z	-0.0681723523595375	0.0739526574056123	188.881413708122	-0.921837764201342	0.35778917316482	bm_minus_fibrillar_z	TRUE	nullexpr_0049	expr
nulldet_0049_z	0.075340325088268	0.082205552696807	208.160737061671	0.916487057341983	0.36047204094985	basement_membrane_score_z	TRUE	nulldet_0049	detect
nulldet_0049_z	0.119345346037016	0.0791592031309374	197.638910109621	1.50766229720134	0.133237770012693	fibrillar_collagen_score_z	TRUE	nulldet_0049	detect
nulldet_0049_z	-0.0575401971921893	0.0824894701548062	202.512881313361	-0.697545966584642	0.486261241548674	bm_minus_fibrillar_z	TRUE	nulldet_0049	detect
nullexpr_0050_z	0.250977084206686	0.0656814569221815	210.956027896526	3.82112541297676	0.000174765173030107	basement_membrane_score_z	TRUE	nullexpr_0050	expr
nullexpr_0050_z	-0.130913821626947	0.0658723285397763	208.707174268407	-1.98738718562068	0.0481870192836716	fibrillar_collagen_score_z	TRUE	nullexpr_0050	expr
nullexpr_0050_z	0.431253731318192	0.061949520733252	210.965213605398	6.96137316663231	4.19332530319795e-11	bm_minus_fibrillar_z	TRUE	nullexpr_0050	expr
nulldet_0050_z	0.261999046588526	0.0672711329331218	210.81441520083	3.89467272461421	0.000131992531377513	basement_membrane_score_z	TRUE	nulldet_0050	detect
nulldet_0050_z	-0.0860524312659251	0.0677881162782055	209.184469945176	-1.26943240187944	0.205697363769135	fibrillar_collagen_score_z	TRUE	nulldet_0050	detect
nulldet_0050_z	0.406408884610614	0.0646854951304896	210.694683683692	6.28284414907497	1.87717056126361e-09	bm_minus_fibrillar_z	TRUE	nulldet_0050	detect
nullexpr_0051_z	0.276428222714689	0.064398064706936	190.529286601338	4.29249270102547	2.8097315296276e-05	basement_membrane_score_z	TRUE	nullexpr_0051	expr
nullexpr_0051_z	0.0994760664034893	0.0631180391395651	176.80075293861	1.57603226842219	0.116806013015718	fibrillar_collagen_score_z	TRUE	nullexpr_0051	expr
nullexpr_0051_z	0.202470670120755	0.0653128437320637	186.153071430695	3.10001308397106	0.00223568557344209	bm_minus_fibrillar_z	TRUE	nullexpr_0051	expr
nulldet_0051_z	0.292718001087689	0.0686292906975161	200.240582130049	4.26520510575937	3.07747233870251e-05	basement_membrane_score_z	TRUE	nulldet_0051	detect
nulldet_0051_z	0.119315032988723	0.0677332842843439	188.320825881722	1.76154211698696	0.0797694104100707	fibrillar_collagen_score_z	TRUE	nulldet_0051	detect
nulldet_0051_z	0.196020970166425	0.0698074554773115	195.19189681194	2.80802342423346	0.00549100605181163	bm_minus_fibrillar_z	TRUE	nulldet_0051	detect
nullexpr_0052_z	0.382780742549494	0.0659263238659622	201.600700154628	5.80618969939447	2.45525910955456e-08	basement_membrane_score_z	TRUE	nullexpr_0052	expr
nullexpr_0052_z	0.310748287259311	0.0639892501078226	188.657276885771	4.85625767977741	2.50408870678675e-06	fibrillar_collagen_score_z	TRUE	nullexpr_0052	expr
nullexpr_0052_z	0.0546245812969603	0.0706311163622962	194.685239295563	0.773378421725182	0.440236472270716	bm_minus_fibrillar_z	TRUE	nullexpr_0052	expr
nulldet_0052_z	0.394667511292059	0.0725514885829778	209.022891963102	5.43982651494013	1.4837275395365e-07	basement_membrane_score_z	TRUE	nulldet_0052	detect
nulldet_0052_z	0.346575285578998	0.0707687956267269	199.04125790652	4.89728958236092	2.00658060768022e-06	fibrillar_collagen_score_z	TRUE	nulldet_0052	detect
nulldet_0052_z	0.0363667207613589	0.0775741586176879	203.449433824845	0.468799422505974	0.639714943589459	bm_minus_fibrillar_z	TRUE	nulldet_0052	detect
nullexpr_0053_z	0.122427952869827	0.0757590481231893	210.662114534408	1.61601757021487	0.107587080909169	basement_membrane_score_z	TRUE	nullexpr_0053	expr
nullexpr_0053_z	0.187602339011795	0.0733563649171352	202.232225848429	2.55741051541627	0.0112781026393446	fibrillar_collagen_score_z	TRUE	nullexpr_0053	expr
nullexpr_0053_z	-0.0783503668043205	0.0766867544174261	206.844425489258	-1.02169360797093	0.308119386217337	bm_minus_fibrillar_z	TRUE	nullexpr_0053	expr
nulldet_0053_z	0.154342381138371	0.0838919045344516	205.613218947704	1.83977681749956	0.0672426669286863	basement_membrane_score_z	TRUE	nulldet_0053	detect
nulldet_0053_z	0.218779995445326	0.081890327732842	210.902160001477	2.67162193023663	0.00813792540733564	fibrillar_collagen_score_z	TRUE	nulldet_0053	detect
nulldet_0053_z	-0.066600443178709	0.085688828546308	210.905605368297	-0.777236009740953	0.437890450252401	bm_minus_fibrillar_z	TRUE	nulldet_0053	detect
nullexpr_0054_z	-0.240311704881756	0.0729412950761525	198.499313528032	-3.29459059687472	0.00116724603511646	basement_membrane_score_z	TRUE	nullexpr_0054	expr
nullexpr_0054_z	-0.0928805773897905	0.0708013513855707	187.6733115143	-1.31184752228782	0.191174010077359	fibrillar_collagen_score_z	TRUE	nullexpr_0054	expr
nullexpr_0054_z	-0.194955446871594	0.0734046865314668	195.733952393968	-2.6558991814238	0.00856169837530911	bm_minus_fibrillar_z	TRUE	nullexpr_0054	expr
nulldet_0054_z	-0.22045899563978	0.0808404281727176	207.157473915098	-2.72708842126323	0.00693755738386046	basement_membrane_score_z	TRUE	nulldet_0054	detect
nulldet_0054_z	-0.0909564707553776	0.0784456398663471	198.197458769946	-1.15948408235749	0.247653867475955	fibrillar_collagen_score_z	TRUE	nulldet_0054	detect
nulldet_0054_z	-0.188040244162726	0.0813838562429481	204.243922791386	-2.31053494935636	0.0218569557506388	bm_minus_fibrillar_z	TRUE	nulldet_0054	detect
nullexpr_0055_z	-0.03388993095899	0.073093945803731	182.894430963141	-0.46364894638456	0.64345059145157	basement_membrane_score_z	TRUE	nullexpr_0055	expr
nullexpr_0055_z	0.0171771798215906	0.068981842905454	172.226952664728	0.249010161197541	0.80364962735679	fibrillar_collagen_score_z	TRUE	nullexpr_0055	expr
nullexpr_0055_z	-0.0829466165462008	0.0722171902460678	179.515170171126	-1.14857163874106	0.252260807416078	bm_minus_fibrillar_z	TRUE	nullexpr_0055	expr
nulldet_0055_z	-0.00934772186480645	0.0794704948085111	195.667075553752	-0.117625061821124	0.906485400807085	basement_membrane_score_z	TRUE	nulldet_0055	detect
nulldet_0055_z	0.0502705641123267	0.0756990420606717	183.251181279567	0.66408454775472	0.507470890027592	fibrillar_collagen_score_z	TRUE	nulldet_0055	detect
nulldet_0055_z	-0.0868751127877729	0.0788602120506398	190.059139174086	-1.10163427828455	0.272013838732331	bm_minus_fibrillar_z	TRUE	nulldet_0055	detect
nullexpr_0056_z	-0.044905359196271	0.0749099643010939	208.226798792561	-0.599457757258807	0.54951936682731	basement_membrane_score_z	TRUE	nullexpr_0056	expr
nullexpr_0056_z	0.012236201905021	0.072086877231842	197.60091342423	0.169742432671449	0.865386353534205	fibrillar_collagen_score_z	TRUE	nullexpr_0056	expr
nullexpr_0056_z	-0.0369185291699659	0.0751853784732247	202.969043196941	-0.491033362066714	0.623933352102839	bm_minus_fibrillar_z	TRUE	nullexpr_0056	expr
nulldet_0056_z	-0.00450546698269689	0.0797087820297514	208.91041664442	-0.0565240976962264	0.95497832257691	basement_membrane_score_z	TRUE	nulldet_0056	detect
nulldet_0056_z	0.0405885997972823	0.0768499042624986	201.070386863737	0.528154201189927	0.597974723147405	fibrillar_collagen_score_z	TRUE	nulldet_0056	detect
nulldet_0056_z	-0.0243614874647547	0.0800139956879011	204.952040069632	-0.30446532828804	0.761082327063703	bm_minus_fibrillar_z	TRUE	nulldet_0056	detect
nullexpr_0057_z	0.142747389908664	0.0769308365679986	207.698324810545	1.8555288916232	0.0649375797419729	basement_membrane_score_z	TRUE	nullexpr_0057	expr
nullexpr_0057_z	0.245800661439239	0.07403467794992	208.154925289946	3.32007470344516	0.00106253882222202	fibrillar_collagen_score_z	TRUE	nullexpr_0057	expr
nullexpr_0057_z	-0.0889993648420444	0.0782534519064341	210.466727547696	-1.13732190304472	0.256696887742181	bm_minus_fibrillar_z	TRUE	nullexpr_0057	expr
nulldet_0057_z	0.175202915351812	0.0824854366144171	198.030269442522	2.12404665045065	0.0349069324184051	basement_membrane_score_z	TRUE	nulldet_0057	detect
nulldet_0057_z	0.27324116336862	0.0800667473598182	210.936671490229	3.41266721052973	0.000771142675475914	fibrillar_collagen_score_z	TRUE	nulldet_0057	detect
nulldet_0057_z	-0.0827740063003449	0.0846763902970548	209.958722459656	-0.97753347786749	0.329430084729513	bm_minus_fibrillar_z	TRUE	nulldet_0057	detect
nullexpr_0058_z	0.0520124938251302	0.0770164339680623	210.990675257351	0.675342795625919	0.500197451056627	basement_membrane_score_z	TRUE	nullexpr_0058	expr
nullexpr_0058_z	-0.0495101606551604	0.0738661916510603	197.723623344945	-0.670268218091486	0.503468912391524	fibrillar_collagen_score_z	TRUE	nullexpr_0058	expr
nullexpr_0058_z	-0.0037280538428681	0.0775682637571407	206.498864551402	-0.0480615868177777	0.961713611182946	bm_minus_fibrillar_z	TRUE	nullexpr_0058	expr
nulldet_0058_z	0.0835349817392107	0.0808575788046262	210.857563968446	1.0331125786125	0.302734679410643	basement_membrane_score_z	TRUE	nulldet_0058	detect
nulldet_0058_z	0.0155534610634778	0.0782920546266275	200.56808776254	0.198659508141047	0.842730328120103	fibrillar_collagen_score_z	TRUE	nulldet_0058	detect
nulldet_0058_z	-0.0197559557118717	0.0815778240011495	206.827647316579	-0.242173114492406	0.80888598612876	bm_minus_fibrillar_z	TRUE	nulldet_0058	detect
nullexpr_0059_z	-0.133992680008235	0.0738554487954882	198.306106228214	-1.81425584968378	0.0711496338518148	basement_membrane_score_z	TRUE	nullexpr_0059	expr
nullexpr_0059_z	-0.15384894961612	0.0695714383464961	190.508391800409	-2.21138089527322	0.0281988969868609	fibrillar_collagen_score_z	TRUE	nullexpr_0059	expr
nullexpr_0059_z	-0.0118591522222019	0.0742891779029064	196.972045484509	-0.159634990680627	0.873332188561874	bm_minus_fibrillar_z	TRUE	nullexpr_0059	expr
nulldet_0059_z	-0.108012719137521	0.0807920120479936	207.584990389111	-1.33692324772599	0.182710964180831	basement_membrane_score_z	TRUE	nulldet_0059	detect
nulldet_0059_z	-0.129841177107531	0.0770643770091434	200.606647049944	-1.68484041715053	0.0935744020260861	fibrillar_collagen_score_z	TRUE	nulldet_0059	detect
nulldet_0059_z	-0.0210237730340762	0.0814032483197154	205.125545686443	-0.258267003688898	0.796459795344924	bm_minus_fibrillar_z	TRUE	nulldet_0059	detect
nullexpr_0060_z	0.257636733290242	0.0722059652518899	208.72216095349	3.56808100814772	0.00044606987375799	basement_membrane_score_z	TRUE	nullexpr_0060	expr
nullexpr_0060_z	0.137485954816636	0.0723501109043262	209.390009536868	1.90028671826701	0.0587693506804904	fibrillar_collagen_score_z	TRUE	nullexpr_0060	expr
nullexpr_0060_z	0.151802773909344	0.0743140561622776	209.635738448126	2.04271953044599	0.0423317202653563	bm_minus_fibrillar_z	TRUE	nullexpr_0060	expr
nulldet_0060_z	0.28271437120503	0.0778662548896047	203.00221296395	3.63076883055246	0.000357749307474779	basement_membrane_score_z	TRUE	nulldet_0060	detect
nulldet_0060_z	0.192815454193428	0.0779983829050925	210.906679383323	2.47204425286667	0.0142257276247521	fibrillar_collagen_score_z	TRUE	nulldet_0060	detect
nulldet_0060_z	0.129017417491242	0.0812260685886744	210.924738374496	1.58837451735576	0.113699520672465	bm_minus_fibrillar_z	TRUE	nulldet_0060	detect
nullexpr_0061_z	0.319370591578065	0.0677295567497796	210.471114261522	4.71537991541787	4.38833743007752e-06	basement_membrane_score_z	TRUE	nullexpr_0061	expr
nullexpr_0061_z	-0.030036136384038	0.0690513942403978	203.693672306254	-0.43498233039972	0.664035756342527	fibrillar_collagen_score_z	TRUE	nullexpr_0061	expr
nullexpr_0061_z	0.320060031545248	0.0684344232632568	209.160144120307	4.67688651826619	5.22153942277544e-06	bm_minus_fibrillar_z	TRUE	nullexpr_0061	expr
nulldet_0061_z	0.365676063858047	0.0740597426351113	210.998176355431	4.93758215795746	1.60573417551363e-06	basement_membrane_score_z	TRUE	nulldet_0061	detect
nulldet_0061_z	0.0272540722496576	0.0760798769639515	206.753062144402	0.358229709842607	0.720536897893879	fibrillar_collagen_score_z	TRUE	nulldet_0061	detect
nulldet_0061_z	0.316936040236288	0.0758656813893672	209.915403702196	4.17759432766009	4.32067938781765e-05	bm_minus_fibrillar_z	TRUE	nulldet_0061	detect
nullexpr_0062_z	-0.201084013430863	0.0697296410768266	204.725757762149	-2.88376664967074	0.00434948824431921	basement_membrane_score_z	TRUE	nullexpr_0062	expr
nullexpr_0062_z	-0.107406572735427	0.0695078977096228	210.778550774116	-1.54524271736904	0.123787625682114	fibrillar_collagen_score_z	TRUE	nullexpr_0062	expr
nullexpr_0062_z	-0.0975833154645489	0.0719648287130977	210.60476032585	-1.35598621173107	0.176555654190146	bm_minus_fibrillar_z	TRUE	nullexpr_0062	expr
nulldet_0062_z	-0.192745885964698	0.072615615033836	203.81077320557	-2.65433110874137	0.00857385064227376	basement_membrane_score_z	TRUE	nulldet_0062	detect
nulldet_0062_z	-0.104962616233305	0.0723229655889411	210.960718340255	-1.45130409654212	0.148180608957801	fibrillar_collagen_score_z	TRUE	nulldet_0062	detect
nulldet_0062_z	-0.0925648831699901	0.0748291049409136	210.334121684596	-1.2370171104289	0.217460056787656	bm_minus_fibrillar_z	TRUE	nulldet_0062	detect
nullexpr_0063_z	-0.0208591060062928	0.0697382894681155	194.987734931409	-0.299105500943346	0.765178103279361	basement_membrane_score_z	TRUE	nullexpr_0063	expr
nullexpr_0063_z	0.0489964147033924	0.0664431281371488	183.025160571092	0.737418843409303	0.461812000785636	fibrillar_collagen_score_z	TRUE	nullexpr_0063	expr
nullexpr_0063_z	-0.0748624046501013	0.069354028292005	189.84812676928	-1.07942402905429	0.281768192807281	bm_minus_fibrillar_z	TRUE	nullexpr_0063	expr
nulldet_0063_z	0.05390870809481	0.0759572991905964	205.199093863272	0.709723866820741	0.478681086777401	basement_membrane_score_z	TRUE	nulldet_0063	detect
nulldet_0063_z	0.102159030191377	0.0731057010377251	193.466442501327	1.39741536899645	0.163889169497334	fibrillar_collagen_score_z	TRUE	nulldet_0063	detect
nulldet_0063_z	-0.0474391274773412	0.0760152182633904	199.181027493745	-0.624074080968445	0.533293040144631	bm_minus_fibrillar_z	TRUE	nulldet_0063	detect
nullexpr_0064_z	-0.095616609119029	0.0676142015441244	200.168969190053	-1.41414979302285	0.15887140288786	basement_membrane_score_z	TRUE	nullexpr_0064	expr
nullexpr_0064_z	-0.0101875882941733	0.0668427964667189	210.658260547259	-0.15241116219974	0.87900852968941	fibrillar_collagen_score_z	TRUE	nullexpr_0064	expr
nullexpr_0064_z	-0.0669834255726246	0.0690515248672467	210.943918607211	-0.970049911300321	0.333132558666906	bm_minus_fibrillar_z	TRUE	nullexpr_0064	expr
nulldet_0064_z	-0.0614807791452066	0.0698890948294132	205.683644701431	-0.879690591146877	0.380053562161288	basement_membrane_score_z	TRUE	nulldet_0064	detect
nulldet_0064_z	0.00446893434277878	0.0685955676341721	209.764898549719	0.0651490248846997	0.948117392810647	fibrillar_collagen_score_z	TRUE	nulldet_0064	detect
nulldet_0064_z	-0.0549354964145668	0.0709515728356305	210.956193863288	-0.774267492869153	0.43963950459834	bm_minus_fibrillar_z	TRUE	nulldet_0064	detect
nullexpr_0065_z	-0.0712727704820291	0.0750159271019426	203.228706571538	-0.950101841508581	0.343189004841011	basement_membrane_score_z	TRUE	nullexpr_0065	expr
nullexpr_0065_z	-0.00290784689504295	0.0715933822621528	188.720261474211	-0.0406161408102681	0.967644852889076	fibrillar_collagen_score_z	TRUE	nullexpr_0065	expr
nullexpr_0065_z	-0.0973096147317727	0.0751226802139159	196.124418986058	-1.29534269084487	0.196724657764392	bm_minus_fibrillar_z	TRUE	nullexpr_0065	expr
nulldet_0065_z	-0.0094104406132595	0.082162859201203	210.500670286061	-0.114533996318396	0.908923670396271	basement_membrane_score_z	TRUE	nulldet_0065	detect
nulldet_0065_z	0.0517174336389243	0.0794461409537654	202.053805360063	0.650974773828497	0.515802390698316	fibrillar_collagen_score_z	TRUE	nulldet_0065	detect
nulldet_0065_z	-0.0834455963131226	0.0825472454377231	206.402644443478	-1.01088286920582	0.313256058968937	bm_minus_fibrillar_z	TRUE	nulldet_0065	detect
nullexpr_0066_z	-0.191898100545548	0.0705242548521322	210.356216124558	-2.72102273108592	0.00705301268918217	basement_membrane_score_z	TRUE	nullexpr_0066	expr
nullexpr_0066_z	-0.138968626670151	0.0678983087484655	196.190260169548	-2.04671705719462	0.0420193773793431	fibrillar_collagen_score_z	TRUE	nullexpr_0066	expr
nullexpr_0066_z	-0.097259784718516	0.0718746356471144	206.346042580366	-1.35318647312574	0.177476685562039	bm_minus_fibrillar_z	TRUE	nullexpr_0066	expr
nulldet_0066_z	-0.187688152200562	0.0742196431402652	210.992715419463	-2.52882046126059	0.0121759824041731	basement_membrane_score_z	TRUE	nulldet_0066	detect
nulldet_0066_z	-0.133573694900375	0.0718630211402202	201.265831124888	-1.85872640449869	0.0645258712015243	fibrillar_collagen_score_z	TRUE	nulldet_0066	detect
nulldet_0066_z	-0.0968026853419103	0.0756518600025165	208.527040821453	-1.27958103526721	0.202114378438054	bm_minus_fibrillar_z	TRUE	nulldet_0066	detect
nullexpr_0067_z	-0.0241153580031835	0.0749218585011081	210.60908587876	-0.321873462373158	0.747867802223608	basement_membrane_score_z	TRUE	nullexpr_0067	expr
nullexpr_0067_z	0.0411965959617255	0.0724494383723247	200.839757676052	0.568625470221207	0.570245603355279	fibrillar_collagen_score_z	TRUE	nullexpr_0067	expr
nullexpr_0067_z	-0.117185212569643	0.0751240037317902	206.554248231638	-1.55989040451066	0.120316611602932	bm_minus_fibrillar_z	TRUE	nullexpr_0067	expr
nulldet_0067_z	0.00106952421522601	0.0836411311409065	208.102717077381	0.0127870606319781	0.989809930052577	basement_membrane_score_z	TRUE	nulldet_0067	detect
nulldet_0067_z	0.0846762906185079	0.0817869451366498	210.271750844932	1.03532771002793	0.301705099248669	fibrillar_collagen_score_z	TRUE	nulldet_0067	detect
nulldet_0067_z	-0.123631532063083	0.0843425110782107	210.999742755769	-1.46582702462392	0.144184045118745	bm_minus_fibrillar_z	TRUE	nulldet_0067	detect
nullexpr_0068_z	0.147127425048456	0.07056835140717	210.621555048321	2.08489247820953	0.0382843056835027	basement_membrane_score_z	TRUE	nullexpr_0068	expr
nullexpr_0068_z	0.0144194729017226	0.0689640815196909	203.007443397803	0.209086709834677	0.834590205116916	fibrillar_collagen_score_z	TRUE	nullexpr_0068	expr
nullexpr_0068_z	0.163236304309424	0.0709754781834649	207.766089358966	2.29989721080109	0.0224471746245509	bm_minus_fibrillar_z	TRUE	nullexpr_0068	expr
nulldet_0068_z	0.156560438362031	0.0762691435860115	210.730878371866	2.05273628365149	0.0413337276019386	basement_membrane_score_z	TRUE	nulldet_0068	detect
nulldet_0068_z	0.0382607632747459	0.0749404766049115	207.73368319205	0.510548704893589	0.610209201066206	fibrillar_collagen_score_z	TRUE	nulldet_0068	detect
nulldet_0068_z	0.138126109966583	0.0772522398257343	210.18046806068	1.78798841662285	0.075218427723592	bm_minus_fibrillar_z	TRUE	nulldet_0068	detect
nullexpr_0069_z	-0.0404115523011024	0.0752350905016579	200.099187585384	-0.537137019861921	0.591769745231249	basement_membrane_score_z	TRUE	nullexpr_0069	expr
nullexpr_0069_z	0.0381607497194648	0.0719473618686537	189.402472719395	0.530398179006627	0.596457186259136	fibrillar_collagen_score_z	TRUE	nullexpr_0069	expr
nullexpr_0069_z	-0.126946499363283	0.0747471335483985	195.100741996124	-1.69834605471641	0.0910366580331929	bm_minus_fibrillar_z	TRUE	nullexpr_0069	expr
nulldet_0069_z	0.024903133166423	0.0825416928522372	209.506785559159	0.301703688231881	0.763177218737894	basement_membrane_score_z	TRUE	nulldet_0069	detect
nulldet_0069_z	0.0836837018342198	0.0797406076404327	201.452580944144	1.04944901111824	0.295228860318497	fibrillar_collagen_score_z	TRUE	nulldet_0069	detect
nulldet_0069_z	-0.100675827069275	0.0827150637683577	205.411454629863	-1.2171401735386	0.224947386015829	bm_minus_fibrillar_z	TRUE	nulldet_0069	detect
nullexpr_0070_z	0.00412656902898955	0.0717721037497554	208.645357292188	0.057495444795341	0.954205559355583	basement_membrane_score_z	TRUE	nullexpr_0070	expr
nullexpr_0070_z	-0.0965435849972424	0.0697422686327097	209.127489592649	-1.38429085961741	0.167744782385405	fibrillar_collagen_score_z	TRUE	nullexpr_0070	expr
nullexpr_0070_z	0.0595180647834143	0.0725766825144892	210.94215194563	0.820071443352789	0.413101060365729	bm_minus_fibrillar_z	TRUE	nullexpr_0070	expr
nulldet_0070_z	0.0526148048297922	0.0767830218812381	207.250942751609	0.685240090070597	0.493958127394616	basement_membrane_score_z	TRUE	nulldet_0070	detect
nulldet_0070_z	-0.0373608705736234	0.0752553273231077	210.457409773118	-0.496454827885009	0.620091678528058	fibrillar_collagen_score_z	TRUE	nulldet_0070	detect
nulldet_0070_z	0.041666362630132	0.0778843287505157	210.978677570024	0.53497748903506	0.593228811725036	bm_minus_fibrillar_z	TRUE	nulldet_0070	detect
nullexpr_0071_z	-0.114479615312843	0.0733171335633976	194.980849050869	-1.56143059267111	0.120043785601771	basement_membrane_score_z	TRUE	nullexpr_0071	expr
nullexpr_0071_z	0.0432353893367982	0.0704190088912484	188.160415899558	0.613973272523174	0.539974582967627	fibrillar_collagen_score_z	TRUE	nullexpr_0071	expr
nullexpr_0071_z	-0.198833057638655	0.0718516528570032	194.254642949617	-2.76727186825285	0.00619922289775659	bm_minus_fibrillar_z	TRUE	nullexpr_0071	expr
nulldet_0071_z	-0.0535371642064147	0.082148523313742	208.945865481737	-0.651711826905827	0.515303284290804	basement_membrane_score_z	TRUE	nulldet_0071	detect
nulldet_0071_z	0.115345303151854	0.079341840776809	200.990771063103	1.45377649450211	0.147567954046181	fibrillar_collagen_score_z	TRUE	nulldet_0071	detect
nulldet_0071_z	-0.194865980974541	0.0812675843792671	205.128655969738	-2.39783158885494	0.0173886159014082	bm_minus_fibrillar_z	TRUE	nulldet_0071	detect
nullexpr_0072_z	-0.0910285921303295	0.0704743375111125	204.015400014329	-1.29165587567213	0.197937732073964	basement_membrane_score_z	TRUE	nullexpr_0072	expr
nullexpr_0072_z	-0.0778794420368334	0.0667194852669046	190.756880304685	-1.16726682955189	0.244559653017659	fibrillar_collagen_score_z	TRUE	nullexpr_0072	expr
nullexpr_0072_z	-0.059945529779839	0.0708875325459117	199.297459678404	-0.845642775632148	0.398766182640101	bm_minus_fibrillar_z	TRUE	nullexpr_0072	expr
nulldet_0072_z	-0.0432926247522873	0.0781897506188291	210.270274217818	-0.553686696909121	0.580381569818754	basement_membrane_score_z	TRUE	nulldet_0072	detect
nulldet_0072_z	-0.0267848336744472	0.0753264435043488	203.11036703633	-0.355583410398248	0.722521584376934	fibrillar_collagen_score_z	TRUE	nulldet_0072	detect
nulldet_0072_z	-0.0582357184100027	0.0787215196746217	207.416872857613	-0.739768727162628	0.460276795611797	bm_minus_fibrillar_z	TRUE	nulldet_0072	detect
nullexpr_0073_z	0.0494031268325427	0.0736036966917242	209.461932458299	0.671204423868258	0.502829816744058	basement_membrane_score_z	TRUE	nullexpr_0073	expr
nullexpr_0073_z	0.0947456090648424	0.0707548765526324	193.861565829098	1.339068254813	0.182116415856558	fibrillar_collagen_score_z	TRUE	nullexpr_0073	expr
nullexpr_0073_z	-0.0722031861391904	0.0735106956657356	200.272220658881	-0.982213343042069	0.327179823555374	bm_minus_fibrillar_z	TRUE	nullexpr_0073	expr
nulldet_0073_z	0.101078304848797	0.0810782639100833	208.772224814066	1.24667574235301	0.213913324545315	basement_membrane_score_z	TRUE	nulldet_0073	detect
nulldet_0073_z	0.116328350652142	0.0791301209029299	208.059192400077	1.47008938347059	0.1430481327809	fibrillar_collagen_score_z	TRUE	nulldet_0073	detect
nulldet_0073_z	-0.0557739868890662	0.0821345488542714	210.130633317514	-0.679056349210904	0.497849410728677	bm_minus_fibrillar_z	TRUE	nulldet_0073	detect
nullexpr_0074_z	0.155548192492393	0.0769819485876124	210.816784086917	2.0205800885303	0.0445881497634307	basement_membrane_score_z	TRUE	nullexpr_0074	expr
nullexpr_0074_z	-0.00919348770724098	0.0751892204508223	203.642741453569	-0.122271352889661	0.902804695463504	fibrillar_collagen_score_z	TRUE	nullexpr_0074	expr
nullexpr_0074_z	0.132492016104609	0.0776021110804414	207.470067931442	1.70732489438682	0.0892576620970349	bm_minus_fibrillar_z	TRUE	nullexpr_0074	expr
nulldet_0074_z	0.198113714565317	0.0843742442042433	207.974653520753	2.34803542756184	0.019811568926453	basement_membrane_score_z	TRUE	nulldet_0074	detect
nulldet_0074_z	0.0592719539286785	0.0836377181250697	210.170714381309	0.708674928697178	0.479311528003252	fibrillar_collagen_score_z	TRUE	nulldet_0074	detect
nulldet_0074_z	0.104709604470375	0.0863393865252453	210.991620937507	1.21276752921749	0.226574824442354	bm_minus_fibrillar_z	TRUE	nulldet_0074	detect
nullexpr_0075_z	-0.0997174354617044	0.0735131290798193	207.035868247408	-1.35645750235217	0.176430982915576	basement_membrane_score_z	TRUE	nullexpr_0075	expr
nullexpr_0075_z	0.0386322777210411	0.0719430654717666	208.108892308182	0.536984036859008	0.591852274710786	fibrillar_collagen_score_z	TRUE	nullexpr_0075	expr
nullexpr_0075_z	-0.0843804969963546	0.0745180805739971	210.716909092175	-1.13234930833416	0.258774488611391	bm_minus_fibrillar_z	TRUE	nullexpr_0075	expr
nulldet_0075_z	-0.0368874609044408	0.0806273432573981	208.137252763282	-0.457505598152722	0.647784880058303	basement_membrane_score_z	TRUE	nulldet_0075	detect
nulldet_0075_z	0.0826169660727689	0.0786295326475306	209.865210402982	1.05071165109314	0.294599425574257	fibrillar_collagen_score_z	TRUE	nulldet_0075	detect
nulldet_0075_z	-0.0747478468211619	0.0815517224044818	210.967911592653	-0.916569811369846	0.360414663109551	bm_minus_fibrillar_z	TRUE	nulldet_0075	detect
nullexpr_0076_z	-0.21306029321547	0.0736509039982195	204.935475343841	-2.89284016419704	0.00423021802349246	basement_membrane_score_z	TRUE	nullexpr_0076	expr
nullexpr_0076_z	0.0100891621978591	0.0732804980377834	206.759313317586	0.137678679430605	0.890628354302593	fibrillar_collagen_score_z	TRUE	nullexpr_0076	expr
nullexpr_0076_z	-0.215362905687991	0.0747166974299958	210.523369945894	-2.88239326811481	0.00435585899564808	bm_minus_fibrillar_z	TRUE	nullexpr_0076	expr
nulldet_0076_z	-0.144798083088644	0.0812076104772956	199.562699232364	-1.78306050673818	0.0760964127966731	basement_membrane_score_z	TRUE	nulldet_0076	detect
nulldet_0076_z	0.0643539569848546	0.0803980603237011	210.750535461913	0.800441661474801	0.424356334684203	fibrillar_collagen_score_z	TRUE	nulldet_0076	detect
nulldet_0076_z	-0.191262145287202	0.0820533979757915	209.245413171321	-2.33094728561553	0.0207080492174102	bm_minus_fibrillar_z	TRUE	nulldet_0076	detect
nullexpr_0077_z	-0.138722926973353	0.0700490140557749	206.93020119859	-1.98036944335716	0.0489869630654832	basement_membrane_score_z	TRUE	nullexpr_0077	expr
nullexpr_0077_z	-0.170652483456084	0.0674327797920685	202.20404723341	-2.53070515530128	0.0121448175100973	fibrillar_collagen_score_z	TRUE	nullexpr_0077	expr
nullexpr_0077_z	-0.0154981513943278	0.0716276607962722	210.8628163491	-0.216371039093523	0.82890771691641	bm_minus_fibrillar_z	TRUE	nullexpr_0077	expr
nulldet_0077_z	-0.111656439276288	0.0741289991863496	207.162630738177	-1.50624506605842	0.133527552309978	basement_membrane_score_z	TRUE	nulldet_0077	detect
nulldet_0077_z	-0.181867213976876	0.0710457159100865	202.663227738952	-2.55986179669217	0.0111998244222634	fibrillar_collagen_score_z	TRUE	nulldet_0077	detect
nulldet_0077_z	-0.00121631922824987	0.0754982931609249	210.831384625659	-0.0161105526671614	0.987161430148072	bm_minus_fibrillar_z	TRUE	nulldet_0077	detect
nullexpr_0078_z	0.155293443394803	0.0692149640616494	207.559682275201	2.24363973166964	0.025911695095054	basement_membrane_score_z	TRUE	nullexpr_0078	expr
nullexpr_0078_z	0.200414790840661	0.0651250591237567	185.631347514788	3.07738362985305	0.00240448252672614	fibrillar_collagen_score_z	TRUE	nullexpr_0078	expr
nullexpr_0078_z	-0.00055948367421474	0.0699493889532677	195.46538476927	-0.00799840688513411	0.993626420009361	bm_minus_fibrillar_z	TRUE	nullexpr_0078	expr
nulldet_0078_z	0.196339615456208	0.0752269310304927	210.425146748157	2.60996444712895	0.00970579879314606	basement_membrane_score_z	TRUE	nulldet_0078	detect
nulldet_0078_z	0.228310649654716	0.0716887760344205	194.603627406757	3.18474749164493	0.00168738636909782	fibrillar_collagen_score_z	TRUE	nulldet_0078	detect
nulldet_0078_z	0.0116333599689874	0.0766318133038204	201.796349062592	0.151808491375049	0.879489647207591	bm_minus_fibrillar_z	TRUE	nulldet_0078	detect
nullexpr_0079_z	0.241096242751751	0.0677407394330103	210.934454114389	3.55910261343064	0.000459694266081856	basement_membrane_score_z	TRUE	nullexpr_0079	expr
nullexpr_0079_z	0.153723493094757	0.0665797580651296	204.898830953819	2.30886229632108	0.021948287691676	fibrillar_collagen_score_z	TRUE	nullexpr_0079	expr
nullexpr_0079_z	0.136862862382241	0.0694965619737156	209.004736029961	1.96934723812675	0.0502344427347667	bm_minus_fibrillar_z	TRUE	nullexpr_0079	expr
nulldet_0079_z	0.248805441571701	0.0732476001631138	208.934557692947	3.39677260439442	0.000816203669083063	basement_membrane_score_z	TRUE	nulldet_0079	detect
nulldet_0079_z	0.173199360246076	0.0725420805765915	210.0185138993	2.38757089498154	0.0178464611974274	fibrillar_collagen_score_z	TRUE	nulldet_0079	detect
nulldet_0079_z	0.116966414799783	0.0757205692056187	210.988544612084	1.54471124592528	0.123914678023914	bm_minus_fibrillar_z	TRUE	nulldet_0079	detect
nullexpr_0080_z	0.206103227549744	0.0688463099641709	208.971767559498	2.99367137697002	0.00308869768530214	basement_membrane_score_z	TRUE	nullexpr_0080	expr
nullexpr_0080_z	-0.104539957946159	0.0664094108311302	187.637707441395	-1.57417385032957	0.117131847511339	fibrillar_collagen_score_z	TRUE	nullexpr_0080	expr
nullexpr_0080_z	0.300019851138213	0.0669114669467828	196.030008960192	4.48383311304219	1.24636980185925e-05	bm_minus_fibrillar_z	TRUE	nullexpr_0080	expr
nulldet_0080_z	0.245715164821145	0.0742996431422955	210.998240511284	3.30708405086902	0.00110808041517272	basement_membrane_score_z	TRUE	nulldet_0080	detect
nulldet_0080_z	-0.0670356279961145	0.0730122011513535	198.038492670044	-0.918142816392433	0.359660950593801	fibrillar_collagen_score_z	TRUE	nulldet_0080	detect
nulldet_0080_z	0.287351779255127	0.0736898145139679	204.124188541062	3.89947757570565	0.000130778499264764	bm_minus_fibrillar_z	TRUE	nulldet_0080	detect
nullexpr_0081_z	0.0388869474191923	0.0705832522594376	210.222554521135	0.550937314084911	0.582261675369443	basement_membrane_score_z	TRUE	nullexpr_0081	expr
nullexpr_0081_z	0.111189185316636	0.0684798896349869	205.43122255986	1.623676467782	0.105978300065355	fibrillar_collagen_score_z	TRUE	nullexpr_0081	expr
nullexpr_0081_z	-0.0758399232966221	0.071072157641022	208.797610526886	-1.06708345171792	0.287166397015857	bm_minus_fibrillar_z	TRUE	nullexpr_0081	expr
nulldet_0081_z	0.0300921528378912	0.0761773237016924	208.55497529806	0.395027698212803	0.693226166610969	basement_membrane_score_z	TRUE	nulldet_0081	detect
nulldet_0081_z	0.111558416004991	0.0742248242083649	208.644355202659	1.50297986145205	0.134356289889042	fibrillar_collagen_score_z	TRUE	nulldet_0081	detect
nulldet_0081_z	-0.0920183620551281	0.0768157374967673	210.360780903916	-1.19791028575363	0.232299903672504	bm_minus_fibrillar_z	TRUE	nulldet_0081	detect
nullexpr_0082_z	0.00528889359497851	0.0716587134691477	210.125549909906	0.0738067059668273	0.941234403193676	basement_membrane_score_z	TRUE	nullexpr_0082	expr
nullexpr_0082_z	-0.0191326103181673	0.0690028458987528	202.636423231909	-0.277272771419318	0.781853320838162	fibrillar_collagen_score_z	TRUE	nullexpr_0082	expr
nullexpr_0082_z	0.0059001318244035	0.0719832431198029	206.471980000281	0.0819653514997069	0.934753668418789	bm_minus_fibrillar_z	TRUE	nullexpr_0082	expr
nulldet_0082_z	0.0491750212307124	0.0766417116096154	209.664546018487	0.641622168894033	0.521819353264912	basement_membrane_score_z	TRUE	nulldet_0082	detect
nulldet_0082_z	0.0182201118309252	0.0740623969173477	203.679266553404	0.246010291177296	0.805921998825928	fibrillar_collagen_score_z	TRUE	nulldet_0082	detect
nulldet_0082_z	0.00876061056472295	0.0770360141695266	206.492981226659	0.11372097400372	0.909569474951107	bm_minus_fibrillar_z	TRUE	nulldet_0082	detect
nullexpr_0083_z	0.275586116072954	0.0643827871533682	204.476007832273	4.28043159138904	2.86608773970995e-05	basement_membrane_score_z	TRUE	nullexpr_0083	expr
nullexpr_0083_z	0.0156096117957103	0.0645296187421508	195.717284775278	0.241898404174424	0.809112156314819	fibrillar_collagen_score_z	TRUE	nullexpr_0083	expr
nullexpr_0083_z	0.30763246416017	0.0642073784049396	202.831700516526	4.79123228205971	3.19759191205922e-06	bm_minus_fibrillar_z	TRUE	nullexpr_0083	expr
nulldet_0083_z	0.287139660852779	0.0669979118845108	204.996222111596	4.28580015072324	2.80042158562446e-05	basement_membrane_score_z	TRUE	nulldet_0083	detect
nulldet_0083_z	0.0339663479991139	0.0669686994515893	196.552906295853	0.507197366490112	0.61258492372162	fibrillar_collagen_score_z	TRUE	nulldet_0083	detect
nulldet_0083_z	0.298933330574678	0.0669991118260069	202.171457144891	4.46175064754578	1.34857882067603e-05	bm_minus_fibrillar_z	TRUE	nulldet_0083	detect
nullexpr_0084_z	0.104660246613824	0.0704916378822253	200.444864928398	1.48471861000998	0.139189276130467	basement_membrane_score_z	TRUE	nullexpr_0084	expr
nullexpr_0084_z	0.0222145116570011	0.0697519615410729	210.651751537699	0.318478665921392	0.750437409129299	fibrillar_collagen_score_z	TRUE	nullexpr_0084	expr
nullexpr_0084_z	0.0893569732460261	0.0718374527353331	210.230079976721	1.24387725126111	0.214929902953042	bm_minus_fibrillar_z	TRUE	nullexpr_0084	expr
nulldet_0084_z	0.12343400140018	0.0762810401057852	195.575218754305	1.61814785468321	0.107242335705716	basement_membrane_score_z	TRUE	nulldet_0084	detect
nulldet_0084_z	0.0493792128325276	0.0758524916607979	210.98381639558	0.650989990590484	0.515761309226115	fibrillar_collagen_score_z	TRUE	nulldet_0084	detect
nulldet_0084_z	0.087527655792808	0.0780078390124361	208.64228326185	1.12203666837706	0.263136463792622	bm_minus_fibrillar_z	TRUE	nulldet_0084	detect
nullexpr_0085_z	-0.0828086233158964	0.071269909210219	210.937667180495	-1.16190162487288	0.246588416062322	basement_membrane_score_z	TRUE	nullexpr_0085	expr
nullexpr_0085_z	-0.0978085803200761	0.0689521603519645	201.560389369286	-1.4184991423157	0.157589423946442	fibrillar_collagen_score_z	TRUE	nullexpr_0085	expr
nullexpr_0085_z	0.0416851902256762	0.071918464215931	206.610294355146	0.579617358075373	0.562804161447491	bm_minus_fibrillar_z	TRUE	nullexpr_0085	expr
nulldet_0085_z	-0.022339213159076	0.0791694046121361	208.481847351948	-0.282169775919365	0.778093247102357	basement_membrane_score_z	TRUE	nulldet_0085	detect
nulldet_0085_z	-0.050736208683315	0.0772886860487136	209.091374494308	-0.656450656326812	0.512255998011603	fibrillar_collagen_score_z	TRUE	nulldet_0085	detect
nulldet_0085_z	0.0464886957509259	0.0801213350259351	210.859897132925	0.580228671125831	0.562379942989336	bm_minus_fibrillar_z	TRUE	nulldet_0085	detect
nullexpr_0086_z	0.0831785680386495	0.0794448707241233	210.835830837397	1.04699733639811	0.296299606274854	basement_membrane_score_z	TRUE	nullexpr_0086	expr
nullexpr_0086_z	0.0406333917763043	0.0772621319120002	204.278294240646	0.525916005302375	0.599517029369554	fibrillar_collagen_score_z	TRUE	nullexpr_0086	expr
nullexpr_0086_z	0.000774926290687116	0.080312518046419	208.584784678699	0.00964888549801446	0.99231064485508	bm_minus_fibrillar_z	TRUE	nullexpr_0086	expr
nulldet_0086_z	0.137766757799512	0.0854954500486089	205.67998935147	1.61139286033566	0.108627587932308	basement_membrane_score_z	TRUE	nulldet_0086	detect
nulldet_0086_z	0.0952353293168613	0.084139445903286	210.17140237659	1.13187492851248	0.258976782710706	fibrillar_collagen_score_z	TRUE	nulldet_0086	detect
nulldet_0086_z	-0.00289252260300367	0.0872692341598474	210.998495166802	-0.0331448147889731	0.973590437866572	bm_minus_fibrillar_z	TRUE	nulldet_0086	detect
nullexpr_0087_z	0.297877792638661	0.070402722288681	210.878335492763	4.23105503530441	3.46868614400769e-05	basement_membrane_score_z	TRUE	nullexpr_0087	expr
nullexpr_0087_z	0.0562943989379963	0.0707363747552573	197.984858506818	0.795833814395647	0.427081779628208	fibrillar_collagen_score_z	TRUE	nullexpr_0087	expr
nullexpr_0087_z	0.20058632692977	0.071812459617207	202.200595063663	2.79319672378562	0.00572037197134732	bm_minus_fibrillar_z	TRUE	nullexpr_0087	expr
nulldet_0087_z	0.308499312063904	0.0784841926477554	208.88568012707	3.93071906146093	0.000115154829242792	basement_membrane_score_z	TRUE	nulldet_0087	detect
nulldet_0087_z	0.0420222842128386	0.0792379007488404	208.289925258204	0.530330609666657	0.596447647067295	fibrillar_collagen_score_z	TRUE	nulldet_0087	detect
nulldet_0087_z	0.203609901639734	0.0808497547854111	210.095346970875	2.51837376848141	0.0125352355044883	bm_minus_fibrillar_z	TRUE	nulldet_0087	detect
nullexpr_0088_z	0.0945997090082823	0.0729436681615089	201.547983416195	1.29688719244038	0.196152718906218	basement_membrane_score_z	TRUE	nullexpr_0088	expr
nullexpr_0088_z	-0.0325885394585819	0.0699430562848842	193.048501355272	-0.465929588862201	0.641791163957713	fibrillar_collagen_score_z	TRUE	nullexpr_0088	expr
nullexpr_0088_z	0.10841549873082	0.0727499819044476	197.878831491796	1.49024777591308	0.137751341758863	bm_minus_fibrillar_z	TRUE	nullexpr_0088	expr
nulldet_0088_z	0.134034654050208	0.0788440073993689	206.556209074741	1.69999798933711	0.0906365262027787	basement_membrane_score_z	TRUE	nulldet_0088	detect
nulldet_0088_z	-0.0239247766727199	0.0761854855884665	199.400509333616	-0.314033263526797	0.753824071221194	fibrillar_collagen_score_z	TRUE	nulldet_0088	detect
nulldet_0088_z	0.128631815451274	0.0789805074909334	202.919470434458	1.62865268327176	0.104938074338064	bm_minus_fibrillar_z	TRUE	nulldet_0088	detect
nullexpr_0089_z	0.128291904548839	0.0716173051200025	207.259533894474	1.79135342126979	0.0746956284850932	basement_membrane_score_z	TRUE	nullexpr_0089	expr
nullexpr_0089_z	0.0531879637930089	0.0691737240135312	194.271796461506	0.768904154742408	0.442883967624476	fibrillar_collagen_score_z	TRUE	nullexpr_0089	expr
nullexpr_0089_z	0.053482329331259	0.0721419286261751	199.508827528064	0.741348760003266	0.459353737472429	bm_minus_fibrillar_z	TRUE	nullexpr_0089	expr
nulldet_0089_z	0.183860933170199	0.080075339012258	210.971098862394	2.29609934142213	0.022652281709462	basement_membrane_score_z	TRUE	nulldet_0089	detect
nulldet_0089_z	0.10411043534325	0.0783242370208891	203.613551596353	1.329223740992	0.185261606270342	fibrillar_collagen_score_z	TRUE	nulldet_0089	detect
nulldet_0089_z	0.0504642730501084	0.0814837923387282	207.036187937441	0.61931669601641	0.536388655937676	bm_minus_fibrillar_z	TRUE	nulldet_0089	detect
nullexpr_0090_z	0.236568800669519	0.0698176355047825	208.275800342749	3.38838173133654	0.000840690208201851	basement_membrane_score_z	TRUE	nullexpr_0090	expr
nullexpr_0090_z	-0.0325212798895982	0.0686818628176392	195.280003939545	-0.473506083781494	0.636381068589337	fibrillar_collagen_score_z	TRUE	nullexpr_0090	expr
nullexpr_0090_z	0.262755777474538	0.0688086469342431	199.521637501416	3.81864473698546	0.000179078715806811	bm_minus_fibrillar_z	TRUE	nullexpr_0090	expr
nulldet_0090_z	0.288664398408817	0.0765163250129903	210.556968518892	3.7725857633624	0.000209987274559814	basement_membrane_score_z	TRUE	nulldet_0090	detect
nulldet_0090_z	0.0347243881281832	0.0767484880924774	205.639437330159	0.452443937219224	0.651426128867991	fibrillar_collagen_score_z	TRUE	nulldet_0090	detect
nulldet_0090_z	0.238447507007505	0.0777770438061212	208.391089830641	3.06578259263614	0.00245842967348143	bm_minus_fibrillar_z	TRUE	nulldet_0090	detect
nullexpr_0091_z	0.15271825330971	0.0691317766044489	210.543111300306	2.20908908769287	0.0282465571146357	basement_membrane_score_z	TRUE	nullexpr_0091	expr
nullexpr_0091_z	0.088898909628252	0.0669604525519046	199.619550402941	1.32763304667545	0.185815593777354	fibrillar_collagen_score_z	TRUE	nullexpr_0091	expr
nullexpr_0091_z	0.0687306509713925	0.0701757659141215	206.025616433279	0.979407208116582	0.328527481321775	bm_minus_fibrillar_z	TRUE	nullexpr_0091	expr
nulldet_0091_z	0.197236676323006	0.0753413611617182	210.891397501562	2.6179069940035	0.00948841487017505	basement_membrane_score_z	TRUE	nulldet_0091	detect
nulldet_0091_z	0.127550703008152	0.073781565321307	205.627645531457	1.72876114043785	0.085352821611934	fibrillar_collagen_score_z	TRUE	nulldet_0091	detect
nulldet_0091_z	0.0693595045323296	0.0770466749716738	208.980275650154	0.90022709685823	0.369035609302552	bm_minus_fibrillar_z	TRUE	nulldet_0091	detect
nullexpr_0092_z	0.293891331900505	0.0700353466570068	210.894198501827	4.19632865301313	3.9971323965921e-05	basement_membrane_score_z	TRUE	nullexpr_0092	expr
nullexpr_0092_z	0.117264196617439	0.070734327131734	209.09267875785	1.65781172130258	0.0988549773567322	fibrillar_collagen_score_z	TRUE	nullexpr_0092	expr
nullexpr_0092_z	0.171522281385017	0.0726897850385025	210.42770049044	2.35964766293042	0.0192074051266418	bm_minus_fibrillar_z	TRUE	nullexpr_0092	expr
nulldet_0092_z	0.325476334559623	0.0744301096825395	209.853953697991	4.37291219840801	1.92970287576424e-05	basement_membrane_score_z	TRUE	nulldet_0092	detect
nulldet_0092_z	0.157813152182754	0.0754696111261193	210.650983543496	2.09108209023401	0.0377197060331263	fibrillar_collagen_score_z	TRUE	nulldet_0092	detect
nulldet_0092_z	0.16451619159029	0.0780516479991093	210.999820134225	2.10778626470728	0.0362299529708616	bm_minus_fibrillar_z	TRUE	nulldet_0092	detect
nullexpr_0093_z	-0.150241959954977	0.0723878379831876	192.373814924252	-2.07551384515548	0.0392688969360196	basement_membrane_score_z	TRUE	nullexpr_0093	expr
nullexpr_0093_z	-0.0634021964883813	0.0684400626317548	179.427101782553	-0.926390100335237	0.355487655069188	fibrillar_collagen_score_z	TRUE	nullexpr_0093	expr
nullexpr_0093_z	-0.131232460297854	0.0727258239285074	190.965740603354	-1.80448227615628	0.0727313265140012	bm_minus_fibrillar_z	TRUE	nullexpr_0093	expr
nulldet_0093_z	-0.0552873380067416	0.0804237913232756	208.913432362516	-0.687450033094135	0.492561651625919	basement_membrane_score_z	TRUE	nulldet_0093	detect
nulldet_0093_z	-0.000711855449380063	0.0772984733656093	197.404512028465	-0.00920917863426747	0.992661542463291	fibrillar_collagen_score_z	TRUE	nulldet_0093	detect
nulldet_0093_z	-0.0944750585305037	0.0807244593308027	204.21649475922	-1.1703399355498	0.243228140692618	bm_minus_fibrillar_z	TRUE	nulldet_0093	detect
nullexpr_0094_z	0.0658795143255016	0.0730999454614597	210.801910699042	0.901225218563741	0.368497075436067	basement_membrane_score_z	TRUE	nullexpr_0094	expr
nullexpr_0094_z	-0.0319102292828942	0.0705187091596743	202.272318351541	-0.452507280169301	0.651388516507527	fibrillar_collagen_score_z	TRUE	nullexpr_0094	expr
nullexpr_0094_z	0.0282465832916916	0.0736025797236656	206.842897931269	0.383771647647962	0.701541891612143	bm_minus_fibrillar_z	TRUE	nullexpr_0094	expr
nulldet_0094_z	0.0837568333274264	0.0783407953130816	210.9807071668	1.0691343251329	0.28623082143072	basement_membrane_score_z	TRUE	nulldet_0094	detect
nulldet_0094_z	0.0142181181551163	0.0761803920526741	206.371426759723	0.186637503063588	0.852128203298712	fibrillar_collagen_score_z	TRUE	nulldet_0094	detect
nulldet_0094_z	0.00628472276900735	0.0791507759315945	208.967015051346	0.0794019097733026	0.936788935244089	bm_minus_fibrillar_z	TRUE	nulldet_0094	detect
nullexpr_0095_z	0.274919016446827	0.0642945600898918	201.992332332748	4.27592965971703	2.93430971207467e-05	basement_membrane_score_z	TRUE	nullexpr_0095	expr
nullexpr_0095_z	0.0143449012220921	0.064075713118936	188.471428961737	0.223874234461743	0.823097654575133	fibrillar_collagen_score_z	TRUE	nullexpr_0095	expr
nullexpr_0095_z	0.287050356054246	0.0645792997685297	198.701103321371	4.44492828325973	1.46024177751073e-05	bm_minus_fibrillar_z	TRUE	nullexpr_0095	expr
nulldet_0095_z	0.281619110483343	0.0681190703146096	206.768243098621	4.13421835005495	5.17578921897623e-05	basement_membrane_score_z	TRUE	nulldet_0095	detect
nulldet_0095_z	0.035268832066392	0.0678290235045429	194.817435528838	0.519966678630274	0.603677129281205	fibrillar_collagen_score_z	TRUE	nulldet_0095	detect
nulldet_0095_z	0.271091320224096	0.0687828977623104	203.368285751497	3.94126053195509	0.000111435987592726	bm_minus_fibrillar_z	TRUE	nulldet_0095	detect
nullexpr_0096_z	0.175431026729827	0.0675655318090044	210.903811524695	2.5964574248559	0.0100816465456532	basement_membrane_score_z	TRUE	nullexpr_0096	expr
nullexpr_0096_z	0.0860274016936443	0.066021256367326	201.15450084564	1.30302581966949	0.194055544614094	fibrillar_collagen_score_z	TRUE	nullexpr_0096	expr
nullexpr_0096_z	0.114853597994971	0.0688351764917265	208.788257080885	1.66853059509154	0.0967093338628463	bm_minus_fibrillar_z	TRUE	nullexpr_0096	expr
nulldet_0096_z	0.223840678398997	0.0739472551537835	207.241831310177	3.02703160426292	0.00278289693036028	basement_membrane_score_z	TRUE	nulldet_0096	detect
nulldet_0096_z	0.140662617938118	0.0729696419326123	205.077422693768	1.92768683266968	0.0552754602509708	fibrillar_collagen_score_z	TRUE	nulldet_0096	detect
nulldet_0096_z	0.0893209191608392	0.0762576939466113	210.469281631214	1.17130370115012	0.242801054782241	bm_minus_fibrillar_z	TRUE	nulldet_0096	detect
nullexpr_0097_z	-0.137278863284156	0.070568518622013	172.453450708714	-1.94532726440617	0.0533616528545455	basement_membrane_score_z	TRUE	nullexpr_0097	expr
nullexpr_0097_z	0.08414774629589	0.0701019070089374	195.113816780001	1.20036315538694	0.231453685920072	fibrillar_collagen_score_z	TRUE	nullexpr_0097	expr
nullexpr_0097_z	-0.225772128266316	0.0715262207432547	194.452559242212	-3.15649458226978	0.00185097086148872	bm_minus_fibrillar_z	TRUE	nullexpr_0097	expr
nulldet_0097_z	-0.113361638011178	0.0717921912757068	176.219376032298	-1.57902462645039	0.11612375887491	basement_membrane_score_z	TRUE	nulldet_0097	detect
nulldet_0097_z	0.0717147378393974	0.0713649328371292	200.572190767807	1.00490163709768	0.316154999815931	fibrillar_collagen_score_z	TRUE	nulldet_0097	detect
nulldet_0097_z	-0.19920636856813	0.0729541282925702	198.854419631494	-2.73057019842999	0.00689044929924294	bm_minus_fibrillar_z	TRUE	nulldet_0097	detect
nullexpr_0098_z	0.230476368911118	0.0669251622528038	210.997143575297	3.4437924564234	0.000691780263297333	basement_membrane_score_z	TRUE	nullexpr_0098	expr
nullexpr_0098_z	-0.0751259701968156	0.0666281145371514	203.886919493537	-1.12754158989335	0.260838730866156	fibrillar_collagen_score_z	TRUE	nullexpr_0098	expr
nullexpr_0098_z	0.324161319434863	0.0657972538614753	208.620696360887	4.92666943391481	1.70083547193184e-06	bm_minus_fibrillar_z	TRUE	nullexpr_0098	expr
nulldet_0098_z	0.255531000167639	0.0722485563315958	210.895626787327	3.53683191944819	0.000497876882815815	basement_membrane_score_z	TRUE	nulldet_0098	detect
nulldet_0098_z	-0.08571769125496	0.0719863063386456	205.955518430114	-1.19074995807838	0.235122341596161	fibrillar_collagen_score_z	TRUE	nulldet_0098	detect
nulldet_0098_z	0.35167502600411	0.0710316832515571	209.287533283141	4.95096004917496	1.51816467989128e-06	bm_minus_fibrillar_z	TRUE	nulldet_0098	detect
nullexpr_0099_z	0.256696212149839	0.0695355127863595	210.658574852091	3.69158436982426	0.000283862169732673	basement_membrane_score_z	TRUE	nullexpr_0099	expr
nullexpr_0099_z	0.103741838543909	0.06947221093165	204.953905852093	1.4932854036555	0.136900323835205	fibrillar_collagen_score_z	TRUE	nullexpr_0099	expr
nullexpr_0099_z	0.144303304075288	0.0714900580025446	207.996986524112	2.01850870047066	0.0448223030058135	bm_minus_fibrillar_z	TRUE	nullexpr_0099	expr
nulldet_0099_z	0.281484547651514	0.0767237892922096	207.601793073426	3.66880403390211	0.000309740655110771	basement_membrane_score_z	TRUE	nulldet_0099	detect
nulldet_0099_z	0.148609624605929	0.0768904401668448	209.543404261316	1.93274514079332	0.0546154887028504	fibrillar_collagen_score_z	TRUE	nulldet_0099	detect
nulldet_0099_z	0.132172263450764	0.0795667271693424	210.733913994375	1.66114993230099	0.0981703323485801	bm_minus_fibrillar_z	TRUE	nulldet_0099	detect
nullexpr_0100_z	0.298381357368779	0.0670346239306554	197.443804146116	4.45115285016654	1.42662958334221e-05	basement_membrane_score_z	TRUE	nullexpr_0100	expr
nullexpr_0100_z	0.109423101819265	0.0664554407782553	183.036389381241	1.64656347979666	0.101363671703478	fibrillar_collagen_score_z	TRUE	nullexpr_0100	expr
nullexpr_0100_z	0.174124496032209	0.0682856371920912	190.523461596742	2.54994319731377	0.0115608206285625	bm_minus_fibrillar_z	TRUE	nullexpr_0100	expr
nulldet_0100_z	0.346065559853236	0.073078847184543	207.202097002045	4.73550929148254	4.0486484759607e-06	basement_membrane_score_z	TRUE	nulldet_0100	detect
nulldet_0100_z	0.153439862584936	0.0734707033995881	196.388524224252	2.08844961984938	0.0380464508392742	fibrillar_collagen_score_z	TRUE	nulldet_0100	detect
nulldet_0100_z	0.178288073218333	0.0756328784559524	201.516835287394	2.35728266407533	0.0193678329277234	bm_minus_fibrillar_z	TRUE	nulldet_0100	detect
nullexpr_0101_z	0.210410423341432	0.0703371718839997	191.148091154576	2.99145413023489	0.00314241029649994	basement_membrane_score_z	TRUE	nullexpr_0101	expr
nullexpr_0101_z	0.117653469644695	0.0671257709354588	185.473383113789	1.75273174527587	0.081300369817087	fibrillar_collagen_score_z	TRUE	nullexpr_0101	expr
nullexpr_0101_z	0.05554359550153	0.0715313194093842	192.433151269362	0.77649337325439	0.438411107014122	bm_minus_fibrillar_z	TRUE	nullexpr_0101	expr
nulldet_0101_z	0.254823139034964	0.0767528485674722	202.913351426054	3.32004796943729	0.0010670510897497	basement_membrane_score_z	TRUE	nulldet_0101	detect
nulldet_0101_z	0.129935666210645	0.0747961249307625	197.975411753751	1.73719783385736	0.0839075073176363	fibrillar_collagen_score_z	TRUE	nulldet_0101	detect
nulldet_0101_z	0.0673793877125638	0.0786957389163251	202.225451907688	0.856201220554093	0.3928998716715	bm_minus_fibrillar_z	TRUE	nulldet_0101	detect
nullexpr_0102_z	-0.00423683507269107	0.0742420150911314	204.658806670812	-0.0570678889506217	0.954546793007233	basement_membrane_score_z	TRUE	nullexpr_0102	expr
nullexpr_0102_z	0.00133037224639206	0.0710134342771945	190.938912819631	0.0187340924985978	0.985072792911079	fibrillar_collagen_score_z	TRUE	nullexpr_0102	expr
nullexpr_0102_z	-0.0748171336179707	0.0737974316623779	197.62818823329	-1.01381758053936	0.311909391735299	bm_minus_fibrillar_z	TRUE	nullexpr_0102	expr
nulldet_0102_z	0.02647412857079	0.0803743344918268	208.853085821465	0.329385353398877	0.742194527636344	basement_membrane_score_z	TRUE	nulldet_0102	detect
nulldet_0102_z	0.0105429159916221	0.0773396252244171	198.3082301126	0.136319719174092	0.891706822359151	fibrillar_collagen_score_z	TRUE	nulldet_0102	detect
nulldet_0102_z	-0.0616312266754254	0.0803773149315136	203.344243099987	-0.766773892956476	0.444105253833227	bm_minus_fibrillar_z	TRUE	nulldet_0102	detect
nullexpr_0103_z	-0.189294794119939	0.074041810284368	201.020344642446	-2.55659327335361	0.011308261056498	basement_membrane_score_z	TRUE	nullexpr_0103	expr
nullexpr_0103_z	0.0397517225670876	0.0719589409222693	192.007160183162	0.552422284953135	0.581301553689278	fibrillar_collagen_score_z	TRUE	nullexpr_0103	expr
nullexpr_0103_z	-0.271637578750725	0.0715254432915789	194.585079674467	-3.79777553622945	0.000195058483574917	bm_minus_fibrillar_z	TRUE	nullexpr_0103	expr
nulldet_0103_z	-0.152415679411449	0.0804705552261726	206.72377957649	-1.89405527255362	0.0596139177227244	basement_membrane_score_z	TRUE	nulldet_0103	detect
nulldet_0103_z	0.0649758801371811	0.0779681449033924	196.776221860034	0.833364449259251	0.405649619918023	fibrillar_collagen_score_z	TRUE	nulldet_0103	detect
nulldet_0103_z	-0.261436382456611	0.0784102624186175	199.883411878238	-3.33421129317042	0.00101944341289381	bm_minus_fibrillar_z	TRUE	nulldet_0103	detect
nullexpr_0104_z	0.152182469584302	0.0693903034803991	209.176521179239	2.1931373974649	0.0293997165950694	basement_membrane_score_z	TRUE	nullexpr_0104	expr
nullexpr_0104_z	0.100333834539591	0.0680776171347058	209.02993024052	1.4738153120292	0.142035682503133	fibrillar_collagen_score_z	TRUE	nullexpr_0104	expr
nullexpr_0104_z	0.0894314319819319	0.0708072865326876	210.929525700127	1.26302583196218	0.20797427587387	bm_minus_fibrillar_z	TRUE	nullexpr_0104	expr
nulldet_0104_z	0.207162319145995	0.0744951106183277	207.040692427162	2.78088477789344	0.00592117847314713	basement_membrane_score_z	TRUE	nulldet_0104	detect
nulldet_0104_z	0.162366977995123	0.0733785098762563	210.054174247486	2.21273201471295	0.0279928679690169	fibrillar_collagen_score_z	TRUE	nulldet_0104	detect
nulldet_0104_z	0.0838570516798208	0.0766994385504875	210.985214518003	1.09332028062529	0.275499925668125	bm_minus_fibrillar_z	TRUE	nulldet_0104	detect
nullexpr_0105_z	0.160500002321424	0.0705729132720306	210.660122653258	2.27424368472306	0.0239586745201413	basement_membrane_score_z	TRUE	nullexpr_0105	expr
nullexpr_0105_z	0.142683991723955	0.0679655877277072	200.511465236931	2.09935640217803	0.0370367516890057	fibrillar_collagen_score_z	TRUE	nullexpr_0105	expr
nullexpr_0105_z	0.0510621022222514	0.0717870019238357	205.724965761375	0.711300108011574	0.477704005476681	bm_minus_fibrillar_z	TRUE	nullexpr_0105	expr
nulldet_0105_z	0.218472637099732	0.0775436213832025	209.191212032494	2.81741596797616	0.00530506968267992	basement_membrane_score_z	TRUE	nulldet_0105	detect
nulldet_0105_z	0.182659762710074	0.0760030338473928	209.021385378947	2.40332199207783	0.0171201902876257	fibrillar_collagen_score_z	TRUE	nulldet_0105	detect
nulldet_0105_z	0.0657201207985605	0.0797947403112241	210.780300226095	0.823614696184632	0.411089437179615	bm_minus_fibrillar_z	TRUE	nulldet_0105	detect
nullexpr_0106_z	-0.123363787235161	0.0732592970457018	210.967506399066	-1.68393353758503	0.0936734815802471	basement_membrane_score_z	TRUE	nullexpr_0106	expr
nullexpr_0106_z	0.104740390950812	0.0709218245709599	203.701598129815	1.47684287008177	0.141262053804273	fibrillar_collagen_score_z	TRUE	nullexpr_0106	expr
nullexpr_0106_z	-0.257700578791121	0.071883708160799	207.543265580923	-3.5849650134167	0.000420259376573678	bm_minus_fibrillar_z	TRUE	nullexpr_0106	expr
nulldet_0106_z	-0.0756652262373231	0.0825429689896339	209.353734467557	-0.916676818916284	0.360366762384048	basement_membrane_score_z	TRUE	nulldet_0106	detect
nulldet_0106_z	0.122150328182851	0.0803603560671228	209.648144485275	1.52003219200301	0.130009581511632	fibrillar_collagen_score_z	TRUE	nulldet_0106	detect
nulldet_0106_z	-0.232282540969284	0.0821527809050037	210.856034021082	-2.82744586866611	0.00514402449716849	bm_minus_fibrillar_z	TRUE	nulldet_0106	detect
nullexpr_0107_z	0.140502112193968	0.0682064812207204	209.880981709089	2.05995251007444	0.0406367832405273	basement_membrane_score_z	TRUE	nullexpr_0107	expr
nullexpr_0107_z	0.0598466680042145	0.0663814660334992	197.04629977925	0.901556888996894	0.368392943022164	fibrillar_collagen_score_z	TRUE	nullexpr_0107	expr
nullexpr_0107_z	0.0720806117474439	0.0688189601714482	202.582464246228	1.04739466518922	0.296165617807662	bm_minus_fibrillar_z	TRUE	nullexpr_0107	expr
nulldet_0107_z	0.190483236525317	0.071809856533838	210.999946975057	2.65260572461328	0.00859452833443608	basement_membrane_score_z	TRUE	nulldet_0107	detect
nulldet_0107_z	0.0755810852502375	0.0706787536210386	203.002961706314	1.06936075380565	0.286177015994466	fibrillar_collagen_score_z	TRUE	nulldet_0107	detect
nulldet_0107_z	0.108853438554998	0.0729472621371564	206.741703637976	1.49222102880751	0.137165585810418	bm_minus_fibrillar_z	TRUE	nulldet_0107	detect
nullexpr_0108_z	0.0891111551536637	0.0732657778405075	210.671030204383	1.21627255971608	0.225242096371756	basement_membrane_score_z	TRUE	nullexpr_0108	expr
nullexpr_0108_z	0.0666484034578163	0.070773873596109	200.347040520412	0.941709137444759	0.347475681758099	fibrillar_collagen_score_z	TRUE	nullexpr_0108	expr
nullexpr_0108_z	0.0244871309302928	0.0739730918122185	206.431285582824	0.331027544346174	0.740959451614171	bm_minus_fibrillar_z	TRUE	nullexpr_0108	expr
nulldet_0108_z	0.113261051330919	0.0791947320515651	210.97785955829	1.43015890573597	0.154150683911386	basement_membrane_score_z	TRUE	nulldet_0108	detect
nulldet_0108_z	0.0671383766352634	0.0769845901986111	203.910414850401	0.872101500599723	0.384178715315977	fibrillar_collagen_score_z	TRUE	nulldet_0108	detect
nulldet_0108_z	0.0338600411267335	0.0801561735219385	208.089906048036	0.422425867390814	0.673150350394658	bm_minus_fibrillar_z	TRUE	nulldet_0108	detect
nullexpr_0109_z	-0.0695236402858178	0.07313818493092	205.456548864304	-0.950579240536032	0.342934872112508	basement_membrane_score_z	TRUE	nullexpr_0109	expr
nullexpr_0109_z	0.0247727454544152	0.0703528164502503	193.637428236179	0.352121588080743	0.725130001134122	fibrillar_collagen_score_z	TRUE	nullexpr_0109	expr
nullexpr_0109_z	-0.136467052587193	0.0725848915541624	200.366045579089	-1.88010272751269	0.0615451807737498	bm_minus_fibrillar_z	TRUE	nullexpr_0109	expr
nulldet_0109_z	-0.0552905611084083	0.0792727972790174	209.6638222489	-0.697472058590307	0.486280119894782	basement_membrane_score_z	TRUE	nulldet_0109	detect
nulldet_0109_z	0.0415644935567922	0.076646127971198	200.329195165119	0.542290845695574	0.58822088710678	fibrillar_collagen_score_z	TRUE	nulldet_0109	detect
nulldet_0109_z	-0.141653555078964	0.0790104428749764	205.189520803901	-1.79284598243693	0.0744704818829424	bm_minus_fibrillar_z	TRUE	nulldet_0109	detect
nullexpr_0110_z	0.0227465265996563	0.0699101453816044	208.270362609863	0.325368034574874	0.745229175505724	basement_membrane_score_z	TRUE	nullexpr_0110	expr
nullexpr_0110_z	-0.0576353356125579	0.067257501577734	199.686337554229	-0.856935423715448	0.392507808052713	fibrillar_collagen_score_z	TRUE	nullexpr_0110	expr
nullexpr_0110_z	0.0947159628272247	0.0699120025483837	203.900234511533	1.35478829635405	0.17698419429347	bm_minus_fibrillar_z	TRUE	nullexpr_0110	expr
nulldet_0110_z	0.0541913302828019	0.0741530120135293	209.665125161413	0.730804168452586	0.46571464865898	basement_membrane_score_z	TRUE	nulldet_0110	detect
nulldet_0110_z	-0.0394808413750664	0.0716527322089178	204.2883360683	-0.551002594848053	0.582233987303049	fibrillar_collagen_score_z	TRUE	nulldet_0110	detect
nulldet_0110_z	0.10086997753965	0.0743033494907313	206.850995803528	1.35754280568782	0.17608799495341	bm_minus_fibrillar_z	TRUE	nulldet_0110	detect
nullexpr_0111_z	0.0700872506153457	0.0762263325829049	207.609390066695	0.919462451366367	0.358920796388251	basement_membrane_score_z	TRUE	nullexpr_0111	expr
nullexpr_0111_z	0.118740467741179	0.0743744088687372	208.951345291225	1.59652317977738	0.111883275560537	fibrillar_collagen_score_z	TRUE	nullexpr_0111	expr
nullexpr_0111_z	-0.0897599285870381	0.0771466469091744	210.877788192381	-1.16349747115663	0.245942523314666	bm_minus_fibrillar_z	TRUE	nullexpr_0111	expr
nulldet_0111_z	0.109428162117597	0.0830568197049057	203.873491895489	1.31750965792318	0.189146533492153	basement_membrane_score_z	TRUE	nulldet_0111	detect
nulldet_0111_z	0.166537414380474	0.0813032328847548	210.862325405272	2.04834922882508	0.0417647241820818	fibrillar_collagen_score_z	TRUE	nulldet_0111	detect
nulldet_0111_z	-0.0848593343132641	0.0845574484163389	210.668676359669	-1.0035701869271	0.316737136013576	bm_minus_fibrillar_z	TRUE	nulldet_0111	detect
nullexpr_0112_z	-0.0465205386622119	0.0740141743782671	195.284542694591	-0.628535534618783	0.530387615786504	basement_membrane_score_z	TRUE	nullexpr_0112	expr
nullexpr_0112_z	0.08021873573844	0.0708014757025754	182.30054974217	1.13300937505067	0.258698226559269	fibrillar_collagen_score_z	TRUE	nullexpr_0112	expr
nullexpr_0112_z	-0.15425086579593	0.07318321466472	190.04116524405	-2.10773558530617	0.0363650880651185	bm_minus_fibrillar_z	TRUE	nullexpr_0112	expr
nulldet_0112_z	0.0109661484369087	0.0803399164993387	203.130028121466	0.136496886164911	0.891563670700406	basement_membrane_score_z	TRUE	nulldet_0112	detect
nulldet_0112_z	0.102136587580201	0.0771167489187157	191.166047664047	1.32444104571703	0.186937828253428	fibrillar_collagen_score_z	TRUE	nulldet_0112	detect
nulldet_0112_z	-0.125719676632517	0.0798683505985501	197.327888440498	-1.57408630189991	0.117069427892102	bm_minus_fibrillar_z	TRUE	nulldet_0112	detect
nullexpr_0113_z	-0.0284120168926216	0.070565763678522	187.149580241467	-0.402631749612445	0.687678677332156	basement_membrane_score_z	TRUE	nullexpr_0113	expr
nullexpr_0113_z	-0.0207169749043511	0.0666797796895738	176.076994450233	-0.310693511598247	0.756401111062132	fibrillar_collagen_score_z	TRUE	nullexpr_0113	expr
nullexpr_0113_z	-0.014227642800915	0.0700323527294668	182.840672263841	-0.203158144006328	0.839237337052191	bm_minus_fibrillar_z	TRUE	nullexpr_0113	expr
nulldet_0113_z	0.0171367687668712	0.0776932808709706	202.668092362766	0.22056950838942	0.825649683190385	basement_membrane_score_z	TRUE	nulldet_0113	detect
nulldet_0113_z	0.00518699132706994	0.0742129645181823	190.389957646135	0.0698933314515299	0.944351917509143	fibrillar_collagen_score_z	TRUE	nulldet_0113	detect
nulldet_0113_z	-0.011862012316901	0.0776055101927646	196.42945127178	-0.152850129938415	0.87867336063704	bm_minus_fibrillar_z	TRUE	nulldet_0113	detect
nullexpr_0114_z	0.13811441952971	0.0758544934558093	209.445649049431	1.82078098788138	0.0700671523842533	basement_membrane_score_z	TRUE	nullexpr_0114	expr
nullexpr_0114_z	0.363256971108801	0.0708860948164849	210.990349706795	5.12451662133776	6.72454969378335e-07	fibrillar_collagen_score_z	TRUE	nullexpr_0114	expr
nullexpr_0114_z	-0.228142429369758	0.075824739294666	210.851633276563	-3.00881257874377	0.00294202750911057	bm_minus_fibrillar_z	TRUE	nullexpr_0114	expr
nulldet_0114_z	0.185383187702327	0.0813656495243177	207.163754548407	2.2783962124818	0.0237228355624622	basement_membrane_score_z	TRUE	nulldet_0114	detect
nulldet_0114_z	0.386694512888706	0.0765758567467636	210.420486013226	5.04982287259946	9.56667427903919e-07	fibrillar_collagen_score_z	TRUE	nulldet_0114	detect
nulldet_0114_z	-0.20359832218208	0.0823067867075473	210.928497854984	-2.47365169175546	0.0141636455007985	bm_minus_fibrillar_z	TRUE	nulldet_0114	detect
nullexpr_0115_z	0.0378044654596497	0.0770716745409155	207.116737282129	0.490510497985615	0.624291952899699	basement_membrane_score_z	TRUE	nullexpr_0115	expr
nullexpr_0115_z	0.120493675430477	0.0742780349758546	197.980355809916	1.62219794141896	0.106352328922011	fibrillar_collagen_score_z	TRUE	nullexpr_0115	expr
nullexpr_0115_z	-0.127012926912361	0.0765599175642534	203.200470822432	-1.65900030921226	0.0986583905052891	bm_minus_fibrillar_z	TRUE	nullexpr_0115	expr
nulldet_0115_z	0.0763995958245861	0.0823025296372207	210.788968488852	0.928277613839404	0.354325315429521	basement_membrane_score_z	TRUE	nulldet_0115	detect
nulldet_0115_z	0.145146800127825	0.0798033038848115	205.212567119817	1.81880690475335	0.0703985479485299	fibrillar_collagen_score_z	TRUE	nulldet_0115	detect
nulldet_0115_z	-0.113995819767205	0.0825337727147716	208.545623760851	-1.381202094822	0.168694981822777	bm_minus_fibrillar_z	TRUE	nulldet_0115	detect
nullexpr_0116_z	0.0663883333560427	0.0741019131445567	210.266234002916	0.895905794315102	0.371327584229867	basement_membrane_score_z	TRUE	nullexpr_0116	expr
nullexpr_0116_z	-0.0172231867428459	0.0719288397446638	203.936449809174	-0.239447581859871	0.81099901779422	fibrillar_collagen_score_z	TRUE	nullexpr_0116	expr
nullexpr_0116_z	0.0445500597260361	0.0747757450200312	208.657735945106	0.595782224758868	0.551966412599217	bm_minus_fibrillar_z	TRUE	nullexpr_0116	expr
nulldet_0116_z	0.135636611741827	0.0791468397226804	209.564659140868	1.71373376646597	0.0880563009926932	basement_membrane_score_z	TRUE	nulldet_0116	detect
nulldet_0116_z	0.0237926349435649	0.0776626163554297	207.851142323415	0.306358915783572	0.759638044579434	fibrillar_collagen_score_z	TRUE	nulldet_0116	detect
nulldet_0116_z	0.0777852834535286	0.0803154812078918	210.016919926209	0.968496761566878	0.333910340535834	bm_minus_fibrillar_z	TRUE	nulldet_0116	detect
nullexpr_0117_z	-0.174941189659765	0.075987949166986	210.854681975213	-2.30222280739971	0.0222985611016251	basement_membrane_score_z	TRUE	nullexpr_0117	expr
nullexpr_0117_z	-0.0838296994097283	0.0742528380753908	206.540070702043	-1.12897636753782	0.260217375978982	fibrillar_collagen_score_z	TRUE	nullexpr_0117	expr
nullexpr_0117_z	-0.0685464535029831	0.0774659251532692	209.203269389353	-0.884859418736192	0.377248321718109	bm_minus_fibrillar_z	TRUE	nullexpr_0117	expr
nulldet_0117_z	-0.0980140333054312	0.0838763719469878	209.026057551199	-1.168553563182	0.243914545631685	basement_membrane_score_z	TRUE	nulldet_0117	detect
nulldet_0117_z	-0.0183550319408562	0.082257520660384	210.384226208855	-0.223141079301897	0.823642212798108	fibrillar_collagen_score_z	TRUE	nulldet_0117	detect
nulldet_0117_z	-0.0635234544260613	0.0850924255832061	210.986880199611	-0.746523018831401	0.456182554325201	bm_minus_fibrillar_z	TRUE	nulldet_0117	detect
nullexpr_0118_z	0.113778146791765	0.0737288781896616	204.195880512933	1.54319650027876	0.124331422568221	basement_membrane_score_z	TRUE	nullexpr_0118	expr
nullexpr_0118_z	0.331767089796403	0.0693672899874745	209.329144997246	4.78275985491591	3.25882952033425e-06	fibrillar_collagen_score_z	TRUE	nullexpr_0118	expr
nullexpr_0118_z	-0.244352043601967	0.0733099619311147	210.028153831223	-3.33313559529018	0.00101483991847654	bm_minus_fibrillar_z	TRUE	nullexpr_0118	expr
nulldet_0118_z	0.125331593249561	0.0794045262326708	204.154849349471	1.57839356515162	0.116023399795915	basement_membrane_score_z	TRUE	nulldet_0118	detect
nulldet_0118_z	0.356284666075714	0.0747539539622335	209.082937008331	4.7660979411967	3.51377131428592e-06	fibrillar_collagen_score_z	TRUE	nulldet_0118	detect
nulldet_0118_z	-0.238697249305731	0.0793427002694505	210.267402101145	-3.00843364915874	0.00294646055814719	bm_minus_fibrillar_z	TRUE	nulldet_0118	detect
nullexpr_0119_z	0.274090341354791	0.0664389174596869	210.142945626446	4.12544863514823	5.3310808156431e-05	basement_membrane_score_z	TRUE	nullexpr_0119	expr
nullexpr_0119_z	-0.0690274863582455	0.0667535590308755	203.342538812532	-1.03406451072247	0.302334240459202	fibrillar_collagen_score_z	TRUE	nullexpr_0119	expr
nullexpr_0119_z	0.347343062836089	0.0648941597219781	206.543090509458	5.35245489461901	2.29850883177064e-07	bm_minus_fibrillar_z	TRUE	nullexpr_0119	expr
nulldet_0119_z	0.276858326707638	0.0699716601630272	210.271995707606	3.95672085044981	0.000103894569715722	basement_membrane_score_z	TRUE	nulldet_0119	detect
nulldet_0119_z	-0.0605696008366935	0.0701542147393622	204.817424557788	-0.863377931913606	0.388939595648127	fibrillar_collagen_score_z	TRUE	nulldet_0119	detect
nulldet_0119_z	0.351387502085007	0.0684846510591822	207.533586220392	5.13089424638156	6.60771491345976e-07	bm_minus_fibrillar_z	TRUE	nulldet_0119	detect
nullexpr_0120_z	0.273564048785217	0.0675289067358776	204.225224851898	4.05106586213804	7.24131779355346e-05	basement_membrane_score_z	TRUE	nullexpr_0120	expr
nullexpr_0120_z	0.0547616131734389	0.0674353494243989	195.697346788582	0.812060938971356	0.417743344805328	fibrillar_collagen_score_z	TRUE	nullexpr_0120	expr
nullexpr_0120_z	0.21194272722398	0.0683534643911822	199.685968166423	3.1006874210654	0.00220975696981065	bm_minus_fibrillar_z	TRUE	nullexpr_0120	expr
nulldet_0120_z	0.273217789809892	0.0747781595729626	210.964450877985	3.65371107513429	0.00032617573910403	basement_membrane_score_z	TRUE	nulldet_0120	detect
nulldet_0120_z	0.081665440452017	0.0747279844662477	207.865671692693	1.09283611802621	0.275730670485737	fibrillar_collagen_score_z	TRUE	nulldet_0120	detect
nulldet_0120_z	0.20144215716875	0.0763322402247628	209.69929602073	2.6390180161829	0.00893890209766524	bm_minus_fibrillar_z	TRUE	nulldet_0120	detect
nullexpr_0121_z	0.0112579630387111	0.0759538254329166	208.848399214352	0.148221145867818	0.882311252322379	basement_membrane_score_z	TRUE	nullexpr_0121	expr
nullexpr_0121_z	0.0306266532311015	0.0731416623198483	198.657976666206	0.418730614805707	0.675865373865781	fibrillar_collagen_score_z	TRUE	nullexpr_0121	expr
nullexpr_0121_z	-0.062633951429355	0.0760887733526573	203.789222739447	-0.823169420001795	0.411373884173919	bm_minus_fibrillar_z	TRUE	nullexpr_0121	expr
nulldet_0121_z	0.0340270963376708	0.0826674118384859	210.696741036732	0.411614390494677	0.681040487916919	basement_membrane_score_z	TRUE	nulldet_0121	detect
nulldet_0121_z	0.0619709300734794	0.0804434341088004	207.139603165937	0.770366540912005	0.441960220320139	fibrillar_collagen_score_z	TRUE	nulldet_0121	detect
nulldet_0121_z	-0.0645606927180706	0.0833584876230301	209.652463250902	-0.774494530299442	0.439510962615637	bm_minus_fibrillar_z	TRUE	nulldet_0121	detect
nullexpr_0122_z	-0.0596079013715917	0.0768508324372974	208.297382367561	-0.775631173809676	0.438846501598602	basement_membrane_score_z	TRUE	nullexpr_0122	expr
nullexpr_0122_z	0.156161791014929	0.0741804171942949	199.091329310185	2.10516194059554	0.036531325008121	fibrillar_collagen_score_z	TRUE	nullexpr_0122	expr
nullexpr_0122_z	-0.198448440474961	0.0759951654911777	204.078073472741	-2.61132980226221	0.00968886016910737	bm_minus_fibrillar_z	TRUE	nullexpr_0122	expr
nulldet_0122_z	-0.0210533811342556	0.0848962045453452	210.769988521129	-0.247989662753539	0.804383839261773	basement_membrane_score_z	TRUE	nulldet_0122	detect
nulldet_0122_z	0.167561737412674	0.0822941063279898	207.819761102409	2.03613290051226	0.0430057075070179	fibrillar_collagen_score_z	TRUE	nulldet_0122	detect
nulldet_0122_z	-0.179033239056893	0.0848449153805373	209.971856336904	-2.11012337337969	0.0360316569477038	bm_minus_fibrillar_z	TRUE	nulldet_0122	detect
nullexpr_0123_z	-0.222446406185853	0.0729355416413733	210.704825815312	-3.04990408215011	0.00258286719308619	basement_membrane_score_z	TRUE	nullexpr_0123	expr
nullexpr_0123_z	-0.225738057991514	0.0704178213871039	205.053324939617	-3.2056950008518	0.00156290224343536	fibrillar_collagen_score_z	TRUE	nullexpr_0123	expr
nullexpr_0123_z	-0.0267546962549555	0.0752415204622442	209.904146260204	-0.355584205244508	0.722509054280523	bm_minus_fibrillar_z	TRUE	nullexpr_0123	expr
nulldet_0123_z	-0.213042192859816	0.0782519617932819	209.971370855671	-2.72251567855397	0.0070233371418415	basement_membrane_score_z	TRUE	nulldet_0123	detect
nulldet_0123_z	-0.226645786105308	0.0758264651057744	208.016567532993	-2.98900635535559	0.00313584182831342	fibrillar_collagen_score_z	TRUE	nulldet_0123	detect
nulldet_0123_z	-0.0227069278796125	0.080538217732288	210.757307259542	-0.281939786091259	0.778266335158451	bm_minus_fibrillar_z	TRUE	nulldet_0123	detect
nullexpr_0124_z	0.204156505596368	0.0659455273929563	187.561378328269	3.09583551254113	0.00226347137988002	basement_membrane_score_z	TRUE	nullexpr_0124	expr
nullexpr_0124_z	-0.0552400406663211	0.0641186986993753	178.329813380052	-0.861527788099968	0.390104367463487	fibrillar_collagen_score_z	TRUE	nullexpr_0124	expr
nullexpr_0124_z	0.266273813942879	0.0639251459995353	186.06487972037	4.16540016889152	4.75236383788049e-05	bm_minus_fibrillar_z	TRUE	nullexpr_0124	expr
nulldet_0124_z	0.217217399672869	0.0707939841493097	203.109926931621	3.06830308087678	0.00244637896018963	basement_membrane_score_z	TRUE	nulldet_0124	detect
nulldet_0124_z	0.019489736934598	0.0692029614334132	191.255424236485	0.281631544819811	0.778530537268239	fibrillar_collagen_score_z	TRUE	nulldet_0124	detect
nulldet_0124_z	0.195437141052937	0.070837571532338	197.857962383137	2.7589475023677	0.0063428223770805	bm_minus_fibrillar_z	TRUE	nulldet_0124	detect
nullexpr_0125_z	0.16543000696344	0.0713707759210899	198.034681684474	2.31789559281723	0.0214763790282693	basement_membrane_score_z	TRUE	nullexpr_0125	expr
nullexpr_0125_z	0.0471470615012392	0.0689524596926512	190.271233442163	0.683761851446526	0.494957417819923	fibrillar_collagen_score_z	TRUE	nullexpr_0125	expr
nullexpr_0125_z	0.156434280219301	0.0707259118051896	196.141943609686	2.21183829556259	0.0281323940033335	bm_minus_fibrillar_z	TRUE	nullexpr_0125	expr
nulldet_0125_z	0.207609818767604	0.0779543098645091	208.760144163636	2.66322438269862	0.00834314625165656	basement_membrane_score_z	TRUE	nulldet_0125	detect
nulldet_0125_z	0.0631424998043723	0.0763989115141319	200.297402430232	0.826484285613056	0.409512863532466	fibrillar_collagen_score_z	TRUE	nulldet_0125	detect
nulldet_0125_z	0.156706546415818	0.0784235413390142	204.421078399507	1.99820798372771	0.0470193440395485	bm_minus_fibrillar_z	TRUE	nulldet_0125	detect
nullexpr_0126_z	-0.197973023616439	0.0727965455597513	206.893257870391	-2.71953871017056	0.00709295170433499	basement_membrane_score_z	TRUE	nullexpr_0126	expr
nullexpr_0126_z	-0.213162506507318	0.0684088920828952	192.079189803842	-3.11600582931552	0.00211433269833305	fibrillar_collagen_score_z	TRUE	nullexpr_0126	expr
nullexpr_0126_z	-0.0407903442090996	0.0741970374544929	202.438860310696	-0.54975704702654	0.583092015777162	bm_minus_fibrillar_z	TRUE	nullexpr_0126	expr
nulldet_0126_z	-0.163537105528911	0.0814312390766891	210.890933703501	-2.00828462618501	0.0458885926935322	basement_membrane_score_z	TRUE	nulldet_0126	detect
nulldet_0126_z	-0.154465747745992	0.0782498525474833	203.173575968027	-1.97400688585655	0.0497360743086892	fibrillar_collagen_score_z	TRUE	nulldet_0126	detect
nulldet_0126_z	-0.0664975720886662	0.0826987706922241	208.347202879376	-0.804093839993667	0.422259291291257	bm_minus_fibrillar_z	TRUE	nulldet_0126	detect
nullexpr_0127_z	0.186344707327196	0.0663833101619427	210.301972059343	2.80710176808909	0.00546890222462706	basement_membrane_score_z	TRUE	nullexpr_0127	expr
nullexpr_0127_z	-0.0365091720447011	0.0651269729999488	195.295348288148	-0.560584506894398	0.575723360407002	fibrillar_collagen_score_z	TRUE	nullexpr_0127	expr
nullexpr_0127_z	0.248473640520279	0.0656726198158468	202.877558610591	3.7835195431068	0.000203477147935226	bm_minus_fibrillar_z	TRUE	nullexpr_0127	expr
nulldet_0127_z	0.180867016553639	0.0695642037377844	209.458820712744	2.60000124827705	0.0099860009598839	basement_membrane_score_z	TRUE	nulldet_0127	detect
nulldet_0127_z	0.00891442640499814	0.0686404653907224	202.941191230798	0.129871299010788	0.896796884937766	fibrillar_collagen_score_z	TRUE	nulldet_0127	detect
nulldet_0127_z	0.194562247109946	0.0700087628818281	208.177033323744	2.77911277247333	0.0059495938062587	bm_minus_fibrillar_z	TRUE	nulldet_0127	detect
nullexpr_0128_z	0.0147630990622034	0.0747695353148832	197.602330385027	0.197448051536369	0.843679885323481	basement_membrane_score_z	TRUE	nullexpr_0128	expr
nullexpr_0128_z	-0.0596951028939358	0.0709088839330492	188.443826312321	-0.841856472459767	0.400935394738164	fibrillar_collagen_score_z	TRUE	nullexpr_0128	expr
nullexpr_0128_z	0.0555177391129073	0.0743358769914612	193.679878031078	0.746849857159613	0.45605986031237	bm_minus_fibrillar_z	TRUE	nullexpr_0128	expr
nulldet_0128_z	0.0560633223052438	0.0823133094056739	209.007410974008	0.68109668667239	0.496564217753831	basement_membrane_score_z	TRUE	nulldet_0128	detect
nulldet_0128_z	0.0015139563638766	0.0794910986302983	203.051454738436	0.019045608753224	0.984823423059031	fibrillar_collagen_score_z	TRUE	nulldet_0128	detect
nulldet_0128_z	0.0190286546686991	0.0827286916454644	205.935471668072	0.230012759663199	0.818310165494754	bm_minus_fibrillar_z	TRUE	nulldet_0128	detect
nullexpr_0129_z	0.224138490034879	0.0662161522589175	210.997830158424	3.38495189449329	0.000848817702243854	basement_membrane_score_z	TRUE	nullexpr_0129	expr
nullexpr_0129_z	0.0225250446849563	0.0656673817730164	201.967994925635	0.343017249611316	0.731942244065403	fibrillar_collagen_score_z	TRUE	nullexpr_0129	expr
nullexpr_0129_z	0.24194695620726	0.0667722487562136	208.73775289535	3.62346574683461	0.000365105964870745	bm_minus_fibrillar_z	TRUE	nullexpr_0129	expr
nulldet_0129_z	0.235915920108308	0.070325714134972	206.886587548567	3.35461819350357	0.000945311195048432	basement_membrane_score_z	TRUE	nulldet_0129	detect
nulldet_0129_z	0.0769601278002478	0.070228915246372	207.700564179087	1.09584673962657	0.274414874043918	fibrillar_collagen_score_z	TRUE	nulldet_0129	detect
nulldet_0129_z	0.20525628192966	0.0718088468311444	210.99082917903	2.85837039567439	0.00468511381030783	bm_minus_fibrillar_z	TRUE	nulldet_0129	detect
nullexpr_0130_z	0.219441686356065	0.0677242501870602	204.067391997575	3.24022319553112	0.00139459021258026	basement_membrane_score_z	TRUE	nullexpr_0130	expr
nullexpr_0130_z	0.0863084990629813	0.0664969686170732	194.899527431194	1.29793133217837	0.195844863744124	fibrillar_collagen_score_z	TRUE	nullexpr_0130	expr
nullexpr_0130_z	0.134004646371526	0.0685811196904129	200.302643787419	1.95395827563689	0.0520983460433769	bm_minus_fibrillar_z	TRUE	nullexpr_0130	expr
nulldet_0130_z	0.229695290071754	0.0723063366526483	207.311771629783	3.17669654839775	0.00171703501345936	basement_membrane_score_z	TRUE	nulldet_0130	detect
nulldet_0130_z	0.101768095110484	0.0713281389811256	200.598342359812	1.42675943273121	0.155203841757519	fibrillar_collagen_score_z	TRUE	nulldet_0130	detect
nulldet_0130_z	0.133414539995804	0.0733920002969515	204.479176827518	1.81783490647475	0.0705528461028664	bm_minus_fibrillar_z	TRUE	nulldet_0130	detect
nullexpr_0131_z	0.153534898463484	0.0724972545812588	207.988619740035	2.11780293406	0.03537920750357	basement_membrane_score_z	TRUE	nullexpr_0131	expr
nullexpr_0131_z	-0.0133200371141538	0.0717625464419439	210.191088856902	-0.185612659730933	0.852927518164206	fibrillar_collagen_score_z	TRUE	nullexpr_0131	expr
nullexpr_0131_z	0.223042672593496	0.0726724161509459	210.942332000678	3.06915174156616	0.00242850350608601	bm_minus_fibrillar_z	TRUE	nullexpr_0131	expr
nulldet_0131_z	0.178093044674854	0.0799301995488165	202.020592462513	2.22810709444164	0.0269760189703147	basement_membrane_score_z	TRUE	nulldet_0131	detect
nulldet_0131_z	0.0314055554182102	0.0797878243129315	210.820632978007	0.393613382601288	0.694264291739639	fibrillar_collagen_score_z	TRUE	nulldet_0131	detect
nulldet_0131_z	0.204190161680868	0.0810980643978557	209.119609073461	2.51781794296766	0.0125579610599711	bm_minus_fibrillar_z	TRUE	nulldet_0131	detect
nullexpr_0132_z	0.0700942574798622	0.0709615830097156	196.694317075375	0.98777753408158	0.324475139954427	basement_membrane_score_z	TRUE	nullexpr_0132	expr
nullexpr_0132_z	0.131631269393281	0.0698208102325605	209.66478146933	1.88527272821443	0.0607760231177392	fibrillar_collagen_score_z	TRUE	nullexpr_0132	expr
nullexpr_0132_z	-0.0561560627445522	0.0724327443087203	206.920811301555	-0.775285587761328	0.439056030066873	bm_minus_fibrillar_z	TRUE	nullexpr_0132	expr
nulldet_0132_z	0.0976726317337846	0.0742349672349893	202.928027120824	1.31572270281475	0.189751619368677	basement_membrane_score_z	TRUE	nulldet_0132	detect
nulldet_0132_z	0.157329283569731	0.0727237541487744	210.542731347914	2.16338231450312	0.0316380611242402	fibrillar_collagen_score_z	TRUE	nulldet_0132	detect
nulldet_0132_z	-0.054447222565697	0.0757480609449407	209.096867799993	-0.718793615129941	0.473070566803251	bm_minus_fibrillar_z	TRUE	nulldet_0132	detect
nullexpr_0133_z	-0.0212113052964623	0.0681645362719424	190.02131477474	-0.311178018021568	0.756006399715224	basement_membrane_score_z	TRUE	nullexpr_0133	expr
nullexpr_0133_z	0.0850842117649291	0.0672594560862401	209.913966801874	1.26501486505978	0.207268512036034	fibrillar_collagen_score_z	TRUE	nullexpr_0133	expr
nullexpr_0133_z	-0.143912692620173	0.0691552678680116	209.156312691123	-2.0810083896261	0.0386506733904761	bm_minus_fibrillar_z	TRUE	nullexpr_0133	expr
nulldet_0133_z	0.0223426626166382	0.0716547394326202	200.465425983452	0.311809976472636	0.7555089980306	basement_membrane_score_z	TRUE	nulldet_0133	detect
nulldet_0133_z	0.127657495499815	0.0700846996286741	210.938688634112	1.82147453261805	0.0699512320545531	fibrillar_collagen_score_z	TRUE	nulldet_0133	detect
nulldet_0133_z	-0.129682009632322	0.07236580551533	210.632962338202	-1.79203435529852	0.0745627504926941	bm_minus_fibrillar_z	TRUE	nulldet_0133	detect
nullexpr_0134_z	-0.201145458269295	0.0711161456265743	188.716710602904	-2.82840776165648	0.0051834014846448	basement_membrane_score_z	TRUE	nullexpr_0134	expr
nullexpr_0134_z	-0.0327850924702783	0.0684820895378931	177.529336175398	-0.478739663049233	0.632712943272215	fibrillar_collagen_score_z	TRUE	nullexpr_0134	expr
nullexpr_0134_z	-0.223954525716419	0.0707239662099081	185.869908628567	-3.16660020242252	0.00180290401835472	bm_minus_fibrillar_z	TRUE	nullexpr_0134	expr
nulldet_0134_z	-0.149318357549196	0.0769595343454594	196.655535647779	-1.94021908811102	0.0537830653198373	basement_membrane_score_z	TRUE	nulldet_0134	detect
nulldet_0134_z	-0.0167759462141563	0.0737990337421506	186.415493867192	-0.22731932064003	0.820424560121692	fibrillar_collagen_score_z	TRUE	nulldet_0134	detect
nulldet_0134_z	-0.191811579420117	0.0764935126156401	193.934435066217	-2.50755355403693	0.0129776673342669	bm_minus_fibrillar_z	TRUE	nulldet_0134	detect
nullexpr_0135_z	-0.111951343966956	0.0732631828349837	210.961615629923	-1.52807098511011	0.127992867244622	basement_membrane_score_z	TRUE	nullexpr_0135	expr
nullexpr_0135_z	-0.155049739365117	0.0701589581750952	204.173150798391	-2.2099777904079	0.0282176501797599	fibrillar_collagen_score_z	TRUE	nullexpr_0135	expr
nullexpr_0135_z	-0.0113336409303822	0.0742673044540922	208.926696152668	-0.152606062838702	0.878856220001874	bm_minus_fibrillar_z	TRUE	nullexpr_0135	expr
nulldet_0135_z	-0.0688738249257282	0.0803425713032251	210.562654233797	-0.857251937653177	0.392280294077008	basement_membrane_score_z	TRUE	nulldet_0135	detect
nulldet_0135_z	-0.122501652124866	0.0776323994255532	208.427322722053	-1.57797070593369	0.116088828280783	fibrillar_collagen_score_z	TRUE	nulldet_0135	detect
nulldet_0135_z	-0.0137519778564124	0.0813023272410247	210.382847963361	-0.169146177275393	0.865844183398185	bm_minus_fibrillar_z	TRUE	nulldet_0135	detect
nullexpr_0136_z	-0.125312202605879	0.0694113349717803	210.628232837801	-1.8053564688941	0.0724468683264724	basement_membrane_score_z	TRUE	nullexpr_0136	expr
nullexpr_0136_z	-0.0264785608336791	0.0679815651073481	205.960433046488	-0.389496193444023	0.697311564044092	fibrillar_collagen_score_z	TRUE	nullexpr_0136	expr
nullexpr_0136_z	-0.111250045508346	0.0701868761364541	209.555287313047	-1.58505480842399	0.114461762219495	bm_minus_fibrillar_z	TRUE	nullexpr_0136	expr
nulldet_0136_z	-0.125167830505155	0.0735086674928114	210.860437410257	-1.70276288190634	0.0900859983735239	basement_membrane_score_z	TRUE	nulldet_0136	detect
nulldet_0136_z	-0.0555364736958722	0.071855165952937	207.654833161337	-0.772894654954203	0.440463583521404	fibrillar_collagen_score_z	TRUE	nulldet_0136	detect
nulldet_0136_z	-0.0973238260150172	0.0744244906482931	210.203513725321	-1.30768548319584	0.192408400382362	bm_minus_fibrillar_z	TRUE	nulldet_0136	detect
nullexpr_0137_z	-0.128691731279814	0.0738599036615669	207.457391522949	-1.7423761053019	0.0829245556714893	basement_membrane_score_z	TRUE	nullexpr_0137	expr
nullexpr_0137_z	-0.114545594897049	0.0707882715619959	194.177000053647	-1.61814368919477	0.107254831323577	fibrillar_collagen_score_z	TRUE	nullexpr_0137	expr
nullexpr_0137_z	-0.0516340118508725	0.0743902067970328	200.692566510291	-0.694096898960793	0.488424092555568	bm_minus_fibrillar_z	TRUE	nullexpr_0137	expr
nulldet_0137_z	-0.0665911331888884	0.0792298915308924	209.745170392123	-0.840479923703089	0.401596435997828	basement_membrane_score_z	TRUE	nulldet_0137	detect
nulldet_0137_z	-0.0691477736193349	0.0761933293209086	200.335471190838	-0.907530544151714	0.365216652879588	fibrillar_collagen_score_z	TRUE	nulldet_0137	detect
nulldet_0137_z	-0.0411502494092296	0.0796578798266795	205.174962902552	-0.516587304341577	0.606000628060052	bm_minus_fibrillar_z	TRUE	nulldet_0137	detect
nullexpr_0138_z	-0.0729849302571362	0.0755789467775798	198.338509655293	-0.965678054126932	0.335381284999923	basement_membrane_score_z	TRUE	nullexpr_0138	expr
nullexpr_0138_z	0.0221406140846356	0.0723537252920511	190.935879188155	0.306005171057418	0.759934099971841	fibrillar_collagen_score_z	TRUE	nullexpr_0138	expr
nullexpr_0138_z	-0.119822220727532	0.0750222107873352	196.461004035697	-1.59715662161957	0.111837983824134	bm_minus_fibrillar_z	TRUE	nullexpr_0138	expr
nulldet_0138_z	0.0146960626390929	0.0830528358452413	208.814305505297	0.176948354496614	0.859720466450792	basement_membrane_score_z	TRUE	nulldet_0138	detect
nulldet_0138_z	0.083126014010865	0.0801357813552234	200.878698188627	1.0373145754003	0.300836312771417	fibrillar_collagen_score_z	TRUE	nulldet_0138	detect
nulldet_0138_z	-0.0955160000576047	0.0829960486075168	204.924698826621	-1.15084997009067	0.251135047016582	bm_minus_fibrillar_z	TRUE	nulldet_0138	detect
nullexpr_0139_z	-0.0306522730809111	0.0761323154308321	210.555300973023	-0.40261842697743	0.687637417569187	basement_membrane_score_z	TRUE	nullexpr_0139	expr
nullexpr_0139_z	0.166098441662399	0.073990415299487	209.374987600946	2.24486429749165	0.025822412791247	fibrillar_collagen_score_z	TRUE	nullexpr_0139	expr
nullexpr_0139_z	-0.254690901014848	0.075194469654019	210.977512943044	-3.3870961812314	0.000842567155846166	bm_minus_fibrillar_z	TRUE	nullexpr_0139	expr
nulldet_0139_z	0.0221824666403332	0.0806337043666881	209.988513174304	0.275101668893403	0.783508619951015	basement_membrane_score_z	TRUE	nulldet_0139	detect
nulldet_0139_z	0.193580504118439	0.0781752286755759	210.356221555658	2.47623841206516	0.0140665424449902	fibrillar_collagen_score_z	TRUE	nulldet_0139	detect
nulldet_0139_z	-0.239126536056992	0.080092722087341	210.97803291026	-2.98562128773979	0.00316439435900747	bm_minus_fibrillar_z	TRUE	nulldet_0139	detect
nullexpr_0140_z	0.235296056521783	0.0747062452763544	210.029709950141	3.14961695172034	0.00187303244763056	basement_membrane_score_z	TRUE	nullexpr_0140	expr
nullexpr_0140_z	0.155431860091822	0.0737495198576869	207.243022373157	2.10756436640884	0.0362708605621107	fibrillar_collagen_score_z	TRUE	nullexpr_0140	expr
nullexpr_0140_z	0.0850432246266885	0.0770543631337425	210.135992872369	1.10367824958958	0.270994996745669	bm_minus_fibrillar_z	TRUE	nullexpr_0140	expr
nulldet_0140_z	0.263786668668181	0.084163975715521	202.083025856932	3.13419923934909	0.00197965006060246	basement_membrane_score_z	TRUE	nulldet_0140	detect
nulldet_0140_z	0.177765123853002	0.0839652945338818	210.99560688246	2.11712618695418	0.0354202825675797	fibrillar_collagen_score_z	TRUE	nulldet_0140	detect
nulldet_0140_z	0.081719446029344	0.0874770048413811	210.38398327184	0.934182030780809	0.351280956138995	bm_minus_fibrillar_z	TRUE	nulldet_0140	detect
nullexpr_0141_z	0.0685658577078351	0.0711469350163919	206.68962373408	0.963721876311859	0.336311545528366	basement_membrane_score_z	TRUE	nullexpr_0141	expr
nullexpr_0141_z	0.0156213929143157	0.0682692712371067	191.808916828665	0.228820267614412	0.819252396753365	fibrillar_collagen_score_z	TRUE	nullexpr_0141	expr
nullexpr_0141_z	0.0446970015428722	0.0713570804559232	199.185296136688	0.626384953774577	0.531779662421367	bm_minus_fibrillar_z	TRUE	nullexpr_0141	expr
nulldet_0141_z	0.104398582414489	0.0777734808695679	210.928073189604	1.34234164714285	0.180928217369241	basement_membrane_score_z	TRUE	nulldet_0141	detect
nulldet_0141_z	0.0492102518639605	0.0756694319151996	203.755913590361	0.65033198503603	0.516210399364327	fibrillar_collagen_score_z	TRUE	nulldet_0141	detect
nulldet_0141_z	0.0480978313204107	0.0786541516798746	208.202714782685	0.611510394469331	0.54152885979517	bm_minus_fibrillar_z	TRUE	nulldet_0141	detect
nullexpr_0142_z	0.0344823835868772	0.0750062587639891	207.101506781069	0.459726750208642	0.646194599753699	basement_membrane_score_z	TRUE	nullexpr_0142	expr
nullexpr_0142_z	-0.133612892045526	0.0726152960188619	208.553471041119	-1.84001029219546	0.0671878947873167	fibrillar_collagen_score_z	TRUE	nullexpr_0142	expr
nullexpr_0142_z	0.0929252784287085	0.0758031027856727	210.956050695752	1.22587697618984	0.221611694120133	bm_minus_fibrillar_z	TRUE	nullexpr_0142	expr
nulldet_0142_z	0.0993413645210285	0.080781864840803	204.446052198405	1.22974834409679	0.220204633037409	basement_membrane_score_z	TRUE	nulldet_0142	detect
nulldet_0142_z	-0.119938717314094	0.0792534108065113	210.742024549574	-1.51335716776797	0.131687196924582	fibrillar_collagen_score_z	TRUE	nulldet_0142	detect
nulldet_0142_z	0.127497393548405	0.0819628575388601	210.78453569706	1.55555086019245	0.121315083894235	bm_minus_fibrillar_z	TRUE	nulldet_0142	detect
nullexpr_0143_z	-0.0605324431838554	0.0716022997954723	210.281296191972	-0.845398029906339	0.398849544297464	basement_membrane_score_z	TRUE	nullexpr_0143	expr
nullexpr_0143_z	-0.0805407909813372	0.0686927512088572	200.977436497411	-1.17247874868859	0.242392782399144	fibrillar_collagen_score_z	TRUE	nullexpr_0143	expr
nullexpr_0143_z	0.0327202396326787	0.07193594806166	205.929310626788	0.454852414048016	0.649694556123355	bm_minus_fibrillar_z	TRUE	nullexpr_0143	expr
nulldet_0143_z	-0.0722981585199694	0.0771115847464562	210.762208398499	-0.937578429462792	0.349534243157706	basement_membrane_score_z	TRUE	nulldet_0143	detect
nulldet_0143_z	-0.0691216351735182	0.0743427711707405	204.354969810103	-0.929769419205116	0.353587474516077	fibrillar_collagen_score_z	TRUE	nulldet_0143	detect
nulldet_0143_z	0.0126623281024391	0.0777142055196228	207.84283821425	0.162934537100065	0.870728286203077	bm_minus_fibrillar_z	TRUE	nulldet_0143	detect
nullexpr_0144_z	-0.242173602914686	0.0721498289526667	210.963764210221	-3.35653745033216	0.000936067410758066	basement_membrane_score_z	TRUE	nullexpr_0144	expr
nullexpr_0144_z	-0.0337252495015203	0.0711667347472536	197.933150819659	-0.473890640357387	0.636100200718873	fibrillar_collagen_score_z	TRUE	nullexpr_0144	expr
nullexpr_0144_z	-0.243539099391517	0.07311539721723	206.637038674375	-3.33088663483491	0.00102536260823386	bm_minus_fibrillar_z	TRUE	nullexpr_0144	expr
nulldet_0144_z	-0.213162458956429	0.0794375081675505	210.585989115408	-2.6833981059278	0.00786696529613356	basement_membrane_score_z	TRUE	nulldet_0144	detect
nulldet_0144_z	-0.0072559257270714	0.0782297662479626	204.409463555169	-0.0927514688471969	0.926191848238377	fibrillar_collagen_score_z	TRUE	nulldet_0144	detect
nulldet_0144_z	-0.234833810894462	0.080237170707269	209.423953543755	-2.92674590622358	0.00380345565680615	bm_minus_fibrillar_z	TRUE	nulldet_0144	detect
nullexpr_0145_z	-0.146309601925267	0.0723546330396295	206.851925010469	-2.02211794571789	0.0444519445220378	basement_membrane_score_z	TRUE	nullexpr_0145	expr
nullexpr_0145_z	-0.0674367578513622	0.0692552896484724	188.307626715547	-0.973741618779725	0.33143402190348	fibrillar_collagen_score_z	TRUE	nullexpr_0145	expr
nullexpr_0145_z	-0.0823219649537202	0.0731471654584416	197.00442288415	-1.12542932371715	0.261776366246714	bm_minus_fibrillar_z	TRUE	nullexpr_0145	expr
nulldet_0145_z	-0.094522404857858	0.0808865303238548	210.616550422572	-1.16858028746452	0.243893758512398	basement_membrane_score_z	TRUE	nulldet_0145	detect
nulldet_0145_z	-0.0157199495067505	0.0781239919433497	199.532512936902	-0.201217950026793	0.840733129425225	fibrillar_collagen_score_z	TRUE	nulldet_0145	detect
nulldet_0145_z	-0.0897676254480444	0.0815487179943503	205.928692988901	-1.1007852441563	0.272275177244	bm_minus_fibrillar_z	TRUE	nulldet_0145	detect
nullexpr_0146_z	0.0721327409559513	0.0710096014553632	178.805791482713	1.01581672728151	0.311089217061204	basement_membrane_score_z	TRUE	nullexpr_0146	expr
nullexpr_0146_z	0.167655980861647	0.0695719666445981	195.342073786282	2.40982092281654	0.0168877979183013	fibrillar_collagen_score_z	TRUE	nullexpr_0146	expr
nullexpr_0146_z	-0.0886585300517966	0.0726729794800777	197.341988382328	-1.21996553170221	0.223933861678546	bm_minus_fibrillar_z	TRUE	nullexpr_0146	expr
nulldet_0146_z	0.134548515822584	0.0759626212238278	182.024435042285	1.77124635320482	0.0781931472844553	basement_membrane_score_z	TRUE	nulldet_0146	detect
nulldet_0146_z	0.210381998383547	0.074392870504198	195.255082375896	2.82798602819978	0.00517261209580896	fibrillar_collagen_score_z	TRUE	nulldet_0146	detect
nulldet_0146_z	-0.0590391969920562	0.0783771771827152	198.592008518616	-0.753270264562121	0.452179597607072	bm_minus_fibrillar_z	TRUE	nulldet_0146	detect
nullexpr_0147_z	0.242068638973889	0.0716736841431947	207.940689853209	3.37737123279819	0.000873476518191899	basement_membrane_score_z	TRUE	nullexpr_0147	expr
nullexpr_0147_z	0.433555968795764	0.0659670296495835	210.972410935485	6.57231303423561	3.81442619635776e-10	fibrillar_collagen_score_z	TRUE	nullexpr_0147	expr
nullexpr_0147_z	-0.177516239590168	0.0736016414785912	210.994877363444	-2.41185163841492	0.0167275631396795	bm_minus_fibrillar_z	TRUE	nullexpr_0147	expr
nulldet_0147_z	0.283706728146898	0.0790414398312528	199.499337397228	3.58934160046413	0.00041723696095751	basement_membrane_score_z	TRUE	nulldet_0147	detect
nulldet_0147_z	0.483233966386716	0.0731209126036969	208.013604488054	6.60869714531276	3.19542634640204e-10	fibrillar_collagen_score_z	TRUE	nulldet_0147	detect
nulldet_0147_z	-0.181873227450283	0.0817378952567734	208.015787433924	-2.22507842756339	0.0271499551246951	bm_minus_fibrillar_z	TRUE	nulldet_0147	detect
nullexpr_0148_z	0.00572410489444871	0.0706573522826988	207.319267076439	0.0810121623514375	0.935510432444341	basement_membrane_score_z	TRUE	nullexpr_0148	expr
nullexpr_0148_z	-0.0859339253049008	0.067240270462897	197.147014990525	-1.27801278479864	0.202747619616745	fibrillar_collagen_score_z	TRUE	nullexpr_0148	expr
nullexpr_0148_z	0.0466685277557595	0.0707256470649585	202.173935275475	0.659852962715159	0.510099188819159	bm_minus_fibrillar_z	TRUE	nullexpr_0148	expr
nulldet_0148_z	0.0677588358752597	0.078230233487006	210.999753054542	0.866146409834178	0.387393686429333	basement_membrane_score_z	TRUE	nulldet_0148	detect
nulldet_0148_z	-0.0149908226506204	0.0760136165897967	207.677488748673	-0.197212332778712	0.843854256586142	fibrillar_collagen_score_z	TRUE	nulldet_0148	detect
nulldet_0148_z	0.045337319116231	0.0789302368812074	209.35017155577	0.574397352746644	0.566315622411036	bm_minus_fibrillar_z	TRUE	nulldet_0148	detect
nullexpr_0149_z	-0.0285557125082586	0.0711390738744457	209.133158104722	-0.401406863387862	0.688530457341452	basement_membrane_score_z	TRUE	nullexpr_0149	expr
nullexpr_0149_z	-0.0529629029382933	0.0684657525330985	199.974706413232	-0.77356782009647	0.440099895357229	fibrillar_collagen_score_z	TRUE	nullexpr_0149	expr
nullexpr_0149_z	0.0547528734178142	0.0713777427310936	204.635751830422	0.767086087663049	0.443914433243222	bm_minus_fibrillar_z	TRUE	nullexpr_0149	expr
nulldet_0149_z	-0.00421217067397398	0.0775562038904908	210.346270875709	-0.0543112022336931	0.956738772788084	basement_membrane_score_z	TRUE	nulldet_0149	detect
nulldet_0149_z	-0.0302888702714097	0.0748484612776522	202.710626358074	-0.404669244422439	0.686147328865522	fibrillar_collagen_score_z	TRUE	nulldet_0149	detect
nulldet_0149_z	0.0546569623562558	0.077912404274925	206.655085017459	0.701518106967806	0.483768988546773	bm_minus_fibrillar_z	TRUE	nulldet_0149	detect
nullexpr_0150_z	0.165324070348082	0.0747506543895972	196.688913679005	2.21167388697924	0.028140719488571	basement_membrane_score_z	TRUE	nullexpr_0150	expr
nullexpr_0150_z	0.173693904462492	0.0720364343239303	182.041278089482	2.41119519716138	0.0168945242396686	fibrillar_collagen_score_z	TRUE	nullexpr_0150	expr
nullexpr_0150_z	-0.0790366966476588	0.0754089186283734	189.588332045506	-1.04810807640889	0.295923125058251	bm_minus_fibrillar_z	TRUE	nullexpr_0150	expr
nulldet_0150_z	0.219006523325436	0.080946095675345	208.160338028858	2.70558476598819	0.00738355463089482	basement_membrane_score_z	TRUE	nulldet_0150	detect
nulldet_0150_z	0.206288158869965	0.079050097981639	195.775225572179	2.60958764298913	0.00976561974563498	fibrillar_collagen_score_z	TRUE	nulldet_0150	detect
nulldet_0150_z	-0.0420665320411992	0.082524097228086	202.460692455436	-0.509748466862142	0.610782895512639	bm_minus_fibrillar_z	TRUE	nulldet_0150	detect
nullexpr_0151_z	-0.153062919635024	0.0723556184986978	209.048008323746	-2.11542548886896	0.0355775170529499	basement_membrane_score_z	TRUE	nullexpr_0151	expr
nullexpr_0151_z	-0.116424241082013	0.0696444596129161	194.919413533556	-1.67169422706557	0.0961891926911292	fibrillar_collagen_score_z	TRUE	nullexpr_0151	expr
nullexpr_0151_z	-0.0628305359701058	0.0731794931112523	201.686288452733	-0.858581185778189	0.391590851253319	bm_minus_fibrillar_z	TRUE	nullexpr_0151	expr
nulldet_0151_z	-0.120154523204136	0.0801073628747692	210.617443922861	-1.49991859539768	0.135132979619269	basement_membrane_score_z	TRUE	nulldet_0151	detect
nulldet_0151_z	-0.0628959729666291	0.0775237109840184	201.593616818875	-0.811312721853514	0.418142956299551	fibrillar_collagen_score_z	TRUE	nulldet_0151	detect
nulldet_0151_z	-0.0836994155435465	0.080769092696425	206.233922957939	-1.03628024965113	0.30128495051136	bm_minus_fibrillar_z	TRUE	nulldet_0151	detect
nullexpr_0152_z	-0.089604228735998	0.0713418765614579	203.104759241449	-1.25598362497246	0.210564756450205	basement_membrane_score_z	TRUE	nullexpr_0152	expr
nullexpr_0152_z	-0.0539447003603371	0.068516207570175	189.911517201635	-0.787327586762394	0.43207161464489	fibrillar_collagen_score_z	TRUE	nullexpr_0152	expr
nullexpr_0152_z	-0.0462558587328107	0.0712271012835051	196.701838246738	-0.649413747004789	0.516828573059231	bm_minus_fibrillar_z	TRUE	nullexpr_0152	expr
nulldet_0152_z	-0.0523318230024611	0.0778535334315807	209.533425320588	-0.672183017209507	0.502207706183449	basement_membrane_score_z	TRUE	nulldet_0152	detect
nulldet_0152_z	-0.0126714048780023	0.0751198174158957	199.202669154254	-0.168682583556453	0.86621747057543	fibrillar_collagen_score_z	TRUE	nulldet_0152	detect
nulldet_0152_z	-0.0508841854640844	0.0780075960417892	204.327114658224	-0.652297827981078	0.514942199770904	bm_minus_fibrillar_z	TRUE	nulldet_0152	detect
nullexpr_0153_z	-0.114575465426465	0.0735149995277201	198.519656568646	-1.55853181204554	0.120699979182437	basement_membrane_score_z	TRUE	nullexpr_0153	expr
nullexpr_0153_z	-0.018190147870937	0.0702490751401204	188.182605403226	-0.258937898252106	0.795966175668044	fibrillar_collagen_score_z	TRUE	nullexpr_0153	expr
nullexpr_0153_z	-0.147839488878805	0.0735252086085476	196.007666431959	-2.01073198807107	0.0457240453091862	bm_minus_fibrillar_z	TRUE	nullexpr_0153	expr
nulldet_0153_z	-0.0768688959060325	0.0812597065180686	201.300126672543	-0.945965709203493	0.345300179934867	basement_membrane_score_z	TRUE	nulldet_0153	detect
nulldet_0153_z	0.0116079307103463	0.0779598651408855	196.795102424007	0.148896238973335	0.881787976240434	fibrillar_collagen_score_z	TRUE	nulldet_0153	detect
nulldet_0153_z	-0.13830550596872	0.081088800588119	201.346422309903	-1.7056055209304	0.0896236642337153	bm_minus_fibrillar_z	TRUE	nulldet_0153	detect
nullexpr_0154_z	0.191436894445811	0.0719242246723943	208.180100983019	2.66164696689859	0.0083827395010817	basement_membrane_score_z	TRUE	nullexpr_0154	expr
nullexpr_0154_z	0.255969458370097	0.0688919357257238	207.854087445354	3.7155213549112	0.000260630251029318	fibrillar_collagen_score_z	TRUE	nullexpr_0154	expr
nullexpr_0154_z	0.0089438879355126	0.073836252587772	210.66328779279	0.121131390367904	0.903702424806987	bm_minus_fibrillar_z	TRUE	nullexpr_0154	expr
nulldet_0154_z	0.226912536373437	0.078303456208601	196.445134886234	2.89786105697481	0.00418387989648215	basement_membrane_score_z	TRUE	nulldet_0154	detect
nulldet_0154_z	0.293792853681318	0.076349741352542	210.88563055913	3.84798754359548	0.000157814200905112	fibrillar_collagen_score_z	TRUE	nulldet_0154	detect
nulldet_0154_z	0.0148175187902538	0.0810956885902546	205.492673443653	0.182716480343623	0.855200620635405	bm_minus_fibrillar_z	TRUE	nulldet_0154	detect
nullexpr_0155_z	0.00375033729514225	0.073296162809373	201.403778987557	0.0511668981212024	0.959243239122992	basement_membrane_score_z	TRUE	nullexpr_0155	expr
nullexpr_0155_z	-0.0498098728451713	0.0694137431703017	189.979676898548	-0.717579409641781	0.473898063852176	fibrillar_collagen_score_z	TRUE	nullexpr_0155	expr
nullexpr_0155_z	0.00163867282019724	0.0731789858087466	196.610601791028	0.0223926691807388	0.982157437649091	bm_minus_fibrillar_z	TRUE	nullexpr_0155	expr
nulldet_0155_z	0.054728317707824	0.0821945029000538	210.860806533754	0.665839147106615	0.506241657186164	basement_membrane_score_z	TRUE	nulldet_0155	detect
nulldet_0155_z	0.00720159424726939	0.079913930607422	207.61003945821	0.0901168819069518	0.928281214524143	fibrillar_collagen_score_z	TRUE	nulldet_0155	detect
nulldet_0155_z	0.00919693808540875	0.0830061842978275	209.709964611574	0.110798227423754	0.91188231650017	bm_minus_fibrillar_z	TRUE	nulldet_0155	detect
nullexpr_0156_z	0.0390050872120244	0.0693468583229087	188.584822680206	0.562463652360428	0.574468146417769	basement_membrane_score_z	TRUE	nullexpr_0156	expr
nullexpr_0156_z	-0.116780337595979	0.0685274934944031	209.311803740708	-1.70413846532293	0.0898391830884387	fibrillar_collagen_score_z	TRUE	nullexpr_0156	expr
nullexpr_0156_z	0.160459714894632	0.0703043965171686	207.052343537576	2.28235676349838	0.0234843085636284	bm_minus_fibrillar_z	TRUE	nullexpr_0156	expr
nulldet_0156_z	0.0647330647710468	0.0722981050555273	188.46415864085	0.895363228694995	0.37173507534431	basement_membrane_score_z	TRUE	nulldet_0156	detect
nulldet_0156_z	-0.112156207513918	0.0717495152052529	207.897183985439	-1.5631632798225	0.119535095622153	fibrillar_collagen_score_z	TRUE	nulldet_0156	detect
nulldet_0156_z	0.183697907744467	0.0732214276015363	205.633703448621	2.50879986585529	0.0128862839074667	bm_minus_fibrillar_z	TRUE	nulldet_0156	detect
nullexpr_0157_z	-0.0576018509940493	0.072600369443504	203.278431680674	-0.793409888070526	0.428464173465223	basement_membrane_score_z	TRUE	nullexpr_0157	expr
nullexpr_0157_z	-0.0771917207441207	0.0712879469821132	210.695766358848	-1.08281587578176	0.280127794827326	fibrillar_collagen_score_z	TRUE	nullexpr_0157	expr
nullexpr_0157_z	-0.00184666146029648	0.0739172102984033	210.557364504296	-0.0249828348884044	0.980092315792845	bm_minus_fibrillar_z	TRUE	nullexpr_0157	expr
nulldet_0157_z	0.0154348087786619	0.0772252545964	204.83630095545	0.19986737317123	0.841782587345973	basement_membrane_score_z	TRUE	nulldet_0157	detect
nulldet_0157_z	-0.0305419260281912	0.0758915622576393	210.861891907766	-0.402441656484898	0.687766690584558	fibrillar_collagen_score_z	TRUE	nulldet_0157	detect
nulldet_0157_z	0.0173285894399643	0.0784809075809363	210.659842699654	0.220800064297085	0.825461966594847	bm_minus_fibrillar_z	TRUE	nulldet_0157	detect
nullexpr_0158_z	0.180461003973907	0.0675323015577898	206.688708181471	2.67221758789725	0.00813617769814916	basement_membrane_score_z	TRUE	nullexpr_0158	expr
nullexpr_0158_z	0.0602326351527685	0.0670686405764629	209.574133850099	0.898074489583535	0.370176425964823	fibrillar_collagen_score_z	TRUE	nullexpr_0158	expr
nullexpr_0158_z	0.1108940521194	0.0691822790276116	210.999205030617	1.60292568672305	0.110446955829079	bm_minus_fibrillar_z	TRUE	nullexpr_0158	expr
nulldet_0158_z	0.189232837341748	0.0715309992602951	207.353786598423	2.64546615171901	0.00878290857481927	basement_membrane_score_z	TRUE	nulldet_0158	detect
nulldet_0158_z	0.0367635592188827	0.071132962449007	209.94698305167	0.516828738086614	0.605819722191519	fibrillar_collagen_score_z	TRUE	nulldet_0158	detect
nulldet_0158_z	0.135784241919298	0.0730948258742258	210.997534555584	1.85764505620332	0.0646127050592016	bm_minus_fibrillar_z	TRUE	nulldet_0158	detect
nullexpr_0159_z	0.247601658243442	0.0715909667044363	210.799853114001	3.45856006199311	0.000656990715807325	basement_membrane_score_z	TRUE	nullexpr_0159	expr
nullexpr_0159_z	0.0562008048628145	0.0713356676835163	205.957103662862	0.787835968847333	0.43169842989288	fibrillar_collagen_score_z	TRUE	nullexpr_0159	expr
nullexpr_0159_z	0.181550157169601	0.073331871505588	209.57768825726	2.47573331270793	0.0140888429751221	bm_minus_fibrillar_z	TRUE	nullexpr_0159	expr
nulldet_0159_z	0.301885112273794	0.0775001111265779	207.075344550745	3.89528618585768	0.000132352113155477	basement_membrane_score_z	TRUE	nulldet_0159	detect
nulldet_0159_z	0.0960190130240714	0.0783876698704265	210.508610584848	1.22492495545268	0.221972374340667	fibrillar_collagen_score_z	TRUE	nulldet_0159	detect
nulldet_0159_z	0.192477910070752	0.0802876714777701	210.954142409714	2.39735324898599	0.0173857211221693	bm_minus_fibrillar_z	TRUE	nulldet_0159	detect
nullexpr_0160_z	0.00562546347033061	0.0723677081887518	210.423376311783	0.0777344427663523	0.938113161385216	basement_membrane_score_z	TRUE	nullexpr_0160	expr
nullexpr_0160_z	0.043881812961201	0.0698764467599315	198.774968564374	0.627991476326237	0.530730347492588	fibrillar_collagen_score_z	TRUE	nullexpr_0160	expr
nullexpr_0160_z	-0.068785537323265	0.072510856042495	204.554452724214	-0.948623986495942	0.343931254900675	bm_minus_fibrillar_z	TRUE	nullexpr_0160	expr
nulldet_0160_z	0.0341980142752135	0.0785605424993072	209.771059775749	0.435307766306668	0.663786597280381	basement_membrane_score_z	TRUE	nulldet_0160	detect
nulldet_0160_z	0.0564705026042017	0.076517573057973	206.54204750391	0.738006974703931	0.461347888843869	fibrillar_collagen_score_z	TRUE	nulldet_0160	detect
nulldet_0160_z	-0.0694954809442702	0.0792532923231394	209.738181554791	-0.876878157451382	0.381556075448024	bm_minus_fibrillar_z	TRUE	nulldet_0160	detect
nullexpr_0161_z	0.156871775630534	0.0730511782149075	210.306052128198	2.14742293641092	0.032903716807732	basement_membrane_score_z	TRUE	nullexpr_0161	expr
nullexpr_0161_z	-0.161684040795213	0.0713582026939407	208.773024529802	-2.26580876046843	0.0244888322546261	fibrillar_collagen_score_z	TRUE	nullexpr_0161	expr
nullexpr_0161_z	0.308044792347469	0.0717956485630929	210.808447619358	4.29057747248795	2.71490987278536e-05	bm_minus_fibrillar_z	TRUE	nullexpr_0161	expr
nulldet_0161_z	0.208331504365808	0.0797218760144982	209.800479827301	2.61322882476976	0.00961847408175503	basement_membrane_score_z	TRUE	nulldet_0161	detect
nulldet_0161_z	-0.106973255478732	0.0788083835644927	210.073489266599	-1.35738421016072	0.176115615009824	fibrillar_collagen_score_z	TRUE	nulldet_0161	detect
nulldet_0161_z	0.292139477574655	0.0795656110833542	210.75243238148	3.67168018440285	0.000305429497719804	bm_minus_fibrillar_z	TRUE	nulldet_0161	detect
nullexpr_0162_z	0.138584884555885	0.0740615980013325	208.781808021418	1.87121110394339	0.062714627368282	basement_membrane_score_z	TRUE	nullexpr_0162	expr
nullexpr_0162_z	0.244626884391468	0.0714493955211562	210.864382056317	3.42377822243484	0.000741941441141503	fibrillar_collagen_score_z	TRUE	nullexpr_0162	expr
nullexpr_0162_z	-0.099518887984917	0.0752550687489576	210.214607519845	-1.32242106265162	0.187464945230893	bm_minus_fibrillar_z	TRUE	nullexpr_0162	expr
nulldet_0162_z	0.183182150395525	0.0777721510271445	209.56699291867	2.355369473214	0.019427891162252	basement_membrane_score_z	TRUE	nulldet_0162	detect
nulldet_0162_z	0.256037909816081	0.0753805673999067	210.455898101132	3.39660364265709	0.000815656096719497	fibrillar_collagen_score_z	TRUE	nulldet_0162	detect
nulldet_0162_z	-0.0628312202098179	0.079465252931846	209.51485682196	-0.79067539448601	0.43002751562987	bm_minus_fibrillar_z	TRUE	nulldet_0162	detect
nullexpr_0163_z	0.0255967888209093	0.0719526489931021	209.723433194283	0.355744912509937	0.722389172218708	basement_membrane_score_z	TRUE	nullexpr_0163	expr
nullexpr_0163_z	0.00455951710068365	0.069366851195245	199.84956887747	0.0657304897385367	0.947658103387814	fibrillar_collagen_score_z	TRUE	nullexpr_0163	expr
nullexpr_0163_z	-0.0398217958544144	0.072093903206462	204.752442499285	-0.552360103743767	0.581304106936569	bm_minus_fibrillar_z	TRUE	nullexpr_0163	expr
nulldet_0163_z	0.0149061135972635	0.0794604425734246	210.40162039701	0.187591625650583	0.851377574249965	basement_membrane_score_z	TRUE	nulldet_0163	detect
nulldet_0163_z	0.0217015676918493	0.076857882651306	203.839895640637	0.282359687038302	0.777954213563065	fibrillar_collagen_score_z	TRUE	nulldet_0163	detect
nulldet_0163_z	-0.0548472923611073	0.0797322731323908	207.288134502618	-0.687893248321625	0.49228903438058	bm_minus_fibrillar_z	TRUE	nulldet_0163	detect
nullexpr_0164_z	0.0173660067804632	0.0741625433758748	206.490386129169	0.23416142421718	0.815091666272107	basement_membrane_score_z	TRUE	nullexpr_0164	expr
nullexpr_0164_z	0.13791690168313	0.0721013977780523	209.440327858975	1.91281869607682	0.0571353452411738	fibrillar_collagen_score_z	TRUE	nullexpr_0164	expr
nullexpr_0164_z	-0.103789873765141	0.0748412714451878	210.935848696675	-1.38679998029102	0.166966552530983	bm_minus_fibrillar_z	TRUE	nullexpr_0164	expr
nulldet_0164_z	0.0660235577747764	0.0803310942960076	201.752498473254	0.821892921456912	0.412108071012275	basement_membrane_score_z	TRUE	nulldet_0164	detect
nulldet_0164_z	0.211038742136812	0.0779114758060161	210.97939331904	2.70869907101048	0.00730934415269528	fibrillar_collagen_score_z	TRUE	nulldet_0164	detect
nulldet_0164_z	-0.124141055976333	0.0813474935258109	210.615896196535	-1.52605877078369	0.128495495555973	bm_minus_fibrillar_z	TRUE	nulldet_0164	detect
nullexpr_0165_z	0.0135201570827096	0.0757899347511432	206.514425754146	0.178389876269232	0.858591672973728	basement_membrane_score_z	TRUE	nullexpr_0165	expr
nullexpr_0165_z	0.103420773315629	0.0729403033182873	194.724451300243	1.4178824135723	0.15782335461137	fibrillar_collagen_score_z	TRUE	nullexpr_0165	expr
nullexpr_0165_z	-0.0915333227276404	0.0754609996367547	200.518066790055	-1.21298847309541	0.226561263729318	bm_minus_fibrillar_z	TRUE	nullexpr_0165	expr
nulldet_0165_z	0.0366759783046597	0.0822330720594775	210.848086364918	0.446000342515876	0.656054649972161	basement_membrane_score_z	TRUE	nulldet_0165	detect
nulldet_0165_z	0.150724639254764	0.0795407278607211	203.886663308299	1.89493663571559	0.0595158289613205	fibrillar_collagen_score_z	TRUE	nulldet_0165	detect
nulldet_0165_z	-0.111678112330061	0.0823453250326298	207.342797796533	-1.35621678930538	0.176505232348495	bm_minus_fibrillar_z	TRUE	nulldet_0165	detect
nullexpr_0166_z	-0.0152823575378116	0.0718562009038643	205.349644774521	-0.212679731819633	0.831787750417235	basement_membrane_score_z	TRUE	nullexpr_0166	expr
nullexpr_0166_z	0.0204152990850269	0.0687852131373449	188.692682984806	0.296797787691131	0.766947341122925	fibrillar_collagen_score_z	TRUE	nullexpr_0166	expr
nullexpr_0166_z	-0.0669380601632003	0.0716805128981715	197.687798367121	-0.933839023421774	0.351526143611034	bm_minus_fibrillar_z	TRUE	nullexpr_0166	expr
nulldet_0166_z	-0.00400856179398875	0.0769379087261359	210.19105158988	-0.0521012574991791	0.958497492341438	basement_membrane_score_z	TRUE	nulldet_0166	detect
nulldet_0166_z	0.0705160440269148	0.0743571018482244	198.426984666406	0.94834309399054	0.344108353695244	fibrillar_collagen_score_z	TRUE	nulldet_0166	detect
nulldet_0166_z	-0.0994938582821338	0.0769442536125035	204.103864070005	-1.29306418102633	0.197450543286192	bm_minus_fibrillar_z	TRUE	nulldet_0166	detect
nullexpr_0167_z	-0.160507249401239	0.0715631863241542	198.268223087344	-2.24287455108835	0.0260116734780135	basement_membrane_score_z	TRUE	nullexpr_0167	expr
nullexpr_0167_z	0.0491675411905515	0.0692905598907003	187.783086372981	0.709584989183359	0.478841676084423	fibrillar_collagen_score_z	TRUE	nullexpr_0167	expr
nullexpr_0167_z	-0.229431664014067	0.0704758666346064	195.192681295939	-3.25546424570545	0.00133459320578145	bm_minus_fibrillar_z	TRUE	nullexpr_0167	expr
nulldet_0167_z	-0.116198595672157	0.0785508743438708	207.894056813924	-1.47927819572672	0.140579634458159	basement_membrane_score_z	TRUE	nulldet_0167	detect
nulldet_0167_z	0.0650113143067019	0.0761489180772935	197.619257185723	0.853739172508182	0.394283184712568	fibrillar_collagen_score_z	TRUE	nulldet_0167	detect
nulldet_0167_z	-0.20262824067306	0.0779369689949089	203.149676681979	-2.59989890915948	0.01000979903184	bm_minus_fibrillar_z	TRUE	nulldet_0167	detect
nullexpr_0168_z	0.0712672407648154	0.0718756718057498	196.589271859566	0.991534951595601	0.32264327115785	basement_membrane_score_z	TRUE	nullexpr_0168	expr
nullexpr_0168_z	-0.0630922125118654	0.0675340363938927	182.131907003075	-0.934228366625084	0.351423031005506	fibrillar_collagen_score_z	TRUE	nullexpr_0168	expr
nullexpr_0168_z	0.0597293316428513	0.0716527824706468	187.537286813993	0.833594029196563	0.405570240336837	bm_minus_fibrillar_z	TRUE	nullexpr_0168	expr
nulldet_0168_z	0.12958768005354	0.0806688797107887	208.635339506975	1.60641477256326	0.109695217301823	basement_membrane_score_z	TRUE	nulldet_0168	detect
nulldet_0168_z	-0.0110531843276036	0.0776385762370375	197.340433868079	-0.142367169303275	0.886935240000213	fibrillar_collagen_score_z	TRUE	nulldet_0168	detect
nulldet_0168_z	0.0564028750219689	0.0812124672903569	200.801988316572	0.694510053737355	0.488165168113863	bm_minus_fibrillar_z	TRUE	nulldet_0168	detect
nullexpr_0169_z	0.290246905690887	0.068262566982864	209.012648641451	4.25191900216334	3.19498141923355e-05	basement_membrane_score_z	TRUE	nullexpr_0169	expr
nullexpr_0169_z	0.10370145749982	0.0676301655854646	194.88867375894	1.5333609876908	0.126808665830671	fibrillar_collagen_score_z	TRUE	nullexpr_0169	expr
nullexpr_0169_z	0.251034913355901	0.0697192310867906	198.780946615939	3.60065522012711	0.000400882702676647	bm_minus_fibrillar_z	TRUE	nullexpr_0169	expr
nulldet_0169_z	0.293350697139877	0.0751070178290138	210.880769601626	3.90576946894243	0.000126459556017312	basement_membrane_score_z	TRUE	nulldet_0169	detect
nulldet_0169_z	0.112758142791802	0.0749065150742696	203.805772531437	1.5053182313982	0.13379050476423	fibrillar_collagen_score_z	TRUE	nulldet_0169	detect
nulldet_0169_z	0.239922760644336	0.0767830641601409	207.773675153835	3.12468333047958	0.00203428707384875	bm_minus_fibrillar_z	TRUE	nulldet_0169	detect
nullexpr_0170_z	0.284068278602138	0.0670555204235771	210.60980004398	4.23631457645444	3.39635696281989e-05	basement_membrane_score_z	TRUE	nullexpr_0170	expr
nullexpr_0170_z	-0.0670240275703327	0.0678854339341404	207.240991642073	-0.987310880790077	0.324641551874988	fibrillar_collagen_score_z	TRUE	nullexpr_0170	expr
nullexpr_0170_z	0.335161874773432	0.0668737132093633	209.037071735956	5.01186278865856	1.14684291245915e-06	bm_minus_fibrillar_z	TRUE	nullexpr_0170	expr
nulldet_0170_z	0.358722107645803	0.0718166694877329	210.999831782769	4.99496997291245	1.23224533220007e-06	basement_membrane_score_z	TRUE	nulldet_0170	detect
nulldet_0170_z	0.0139664015567219	0.0740412603617055	209.774165095393	0.188629981290073	0.85056519295463	fibrillar_collagen_score_z	TRUE	nulldet_0170	detect
nulldet_0170_z	0.33909004963217	0.0731693956399488	210.709150926469	4.63431529899141	6.27188636136594e-06	bm_minus_fibrillar_z	TRUE	nulldet_0170	detect
nullexpr_0171_z	0.0434617765371642	0.0763230278384838	209.506700474823	0.569445130362737	0.569664128211597	basement_membrane_score_z	TRUE	nullexpr_0171	expr
nullexpr_0171_z	0.000915380845908101	0.0744722858868742	207.835911138735	0.0122915637006039	0.990204788657561	fibrillar_collagen_score_z	TRUE	nullexpr_0171	expr
nullexpr_0171_z	0.0593978808989792	0.0771424437404222	210.428852986731	0.769976656415605	0.442177255490426	bm_minus_fibrillar_z	TRUE	nullexpr_0171	expr
nulldet_0171_z	0.0942684106309407	0.0843907442127611	200.839801348978	1.11704679832277	0.265308847848665	basement_membrane_score_z	TRUE	nulldet_0171	detect
nulldet_0171_z	0.041167450061285	0.0834760265929603	210.959167076647	0.493164944973036	0.622409010647103	fibrillar_collagen_score_z	TRUE	nulldet_0171	detect
nulldet_0171_z	0.0713265017081018	0.0860761345002248	209.79356311787	0.828644340527576	0.408247422920017	bm_minus_fibrillar_z	TRUE	nulldet_0171	detect
nullexpr_0172_z	-0.0891648526813046	0.072817161391444	210.84724075965	-1.22450327611619	0.222128783607423	basement_membrane_score_z	TRUE	nullexpr_0172	expr
nullexpr_0172_z	-0.0880138305817269	0.0709714693518641	207.547926101317	-1.2401297505251	0.216327605606269	fibrillar_collagen_score_z	TRUE	nullexpr_0172	expr
nullexpr_0172_z	-0.0158577098807133	0.0737512901639674	210.000981755573	-0.215016033556263	0.829963482898476	bm_minus_fibrillar_z	TRUE	nullexpr_0172	expr
nulldet_0172_z	-0.10038260767825	0.0773708823865551	209.731003643406	-1.29742100105211	0.195911643380323	basement_membrane_score_z	TRUE	nulldet_0172	detect
nulldet_0172_z	-0.103855167209107	0.0756546755411191	210.050466658546	-1.37275279374717	0.171293051165459	fibrillar_collagen_score_z	TRUE	nulldet_0172	detect
nulldet_0172_z	-0.00826125217753055	0.0786537461624408	210.97464397087	-0.105033168546974	0.916449279058993	bm_minus_fibrillar_z	TRUE	nulldet_0172	detect
nullexpr_0173_z	0.0088344998258203	0.0752413069873937	206.104066862551	0.117415555092636	0.906645099779798	basement_membrane_score_z	TRUE	nullexpr_0173	expr
nullexpr_0173_z	0.0558373189078111	0.0722979751970327	193.141524346191	0.7723220291528	0.440867741447183	fibrillar_collagen_score_z	TRUE	nullexpr_0173	expr
nullexpr_0173_z	-0.0805167163616338	0.0752813867556572	199.434526693409	-1.06954347989057	0.286117614708933	bm_minus_fibrillar_z	TRUE	nullexpr_0173	expr
nulldet_0173_z	0.0664937585953532	0.0825368350045975	210.999761521876	0.805625253156961	0.421365920451921	basement_membrane_score_z	TRUE	nulldet_0173	detect
nulldet_0173_z	0.0843629164796639	0.0802529368970481	205.86505932576	1.05121282462084	0.294393242130213	fibrillar_collagen_score_z	TRUE	nulldet_0173	detect
nulldet_0173_z	-0.0569828530749587	0.0832317802429244	208.528843623064	-0.684628550640701	0.494338561822328	bm_minus_fibrillar_z	TRUE	nulldet_0173	detect
nullexpr_0174_z	0.19793719378456	0.0734126696407259	210.087479322037	2.69622661528649	0.00758152765755029	basement_membrane_score_z	TRUE	nullexpr_0174	expr
nullexpr_0174_z	0.154313280394278	0.0708816254346264	195.808672614566	2.17705617567418	0.0306724447965207	fibrillar_collagen_score_z	TRUE	nullexpr_0174	expr
nullexpr_0174_z	0.0386282386832336	0.0748767961352599	202.838171895879	0.515890645393724	0.606492664730202	bm_minus_fibrillar_z	TRUE	nullexpr_0174	expr
nulldet_0174_z	0.220792581404164	0.0809309352341913	210.111866043999	2.72816050828095	0.00690801005889195	basement_membrane_score_z	TRUE	nulldet_0174	detect
nulldet_0174_z	0.197221653456875	0.0789310667975237	206.312374033993	2.4986568845293	0.0132469080601455	fibrillar_collagen_score_z	TRUE	nulldet_0174	detect
nulldet_0174_z	0.0261615149595346	0.0830859804709819	209.444138962677	0.314872795762115	0.753171704289311	bm_minus_fibrillar_z	TRUE	nulldet_0174	detect
