metric	n_donors	median_rho	p_wilcox	p_BH
rho_bm	69	0.0248933143669986	0.843588687587553	0.843588687587553
rho_fib	69	0.0398444834953941	0.0094628709561643	0.0141943064342464
rho_switch	69	-0.0541368743615935	0.00867107142005355	0.0141943064342464
