ccc_group	emmean	SE	df	lower.CL	upper.CL	gene	value_type
Pericytes	2.33930082445762	0.0521359319949295	292.181146421298	2.23669124537421	2.44191040354104	COL4A1	expr
AT1	0.973901695964242	0.0388628300685843	97.2675489839107	0.896772415344131	1.05103097658435	COL4A1	expr
AT2_AGTR2det	-0.0252105217663612	0.0460763972648813	178.961541885338	-0.116133459844412	0.06571241631169	COL4A1	expr
AT2_AGTR2undet	0.0242723149377934	0.0375940614514231	86.6395751518574	-0.050454336116437	0.0989989659920239	COL4A1	expr
Adventitial fibroblasts	0.672984556851027	0.0414889057551789	125.795792226491	0.590877939788491	0.755091173913564	COL4A1	expr
Alveolar fibroblasts	1.03379858937203	0.0411696000852919	121.225455866261	0.952294037980743	1.11530314076331	COL4A1	expr
Alveolar macrophages	0.0240587492889572	0.036277799564085	73.2008523639009	-0.0482394589294237	0.0963569575073381	COL4A1	expr
Classical monocytes	0.0484277504237824	0.0357390635840771	70.4128371007601	-0.0228442176482066	0.119699718495771	COL4A1	expr
DC2	0.0286302729443028	0.0342704644076873	59.4605973785661	-0.0399336552016644	0.09719420109027	COL4A1	expr
EC aerocyte capillary	1.27245517767123	0.0452919252885245	170.349988009341	1.18304947724972	1.36186087809274	COL4A1	expr
EC general capillary	1.68550216903809	0.0403721187525232	108.874318392581	1.60548490544633	1.76551943262984	COL4A1	expr
EC venous pulmonary	0.808574962814439	0.0414476599578082	124.775627288126	0.726543457993836	0.890606467635041	COL4A1	expr
EC venous systemic	1.22983139348316	0.0426953105512599	139.849629438846	1.1454196796982	1.31424310726813	COL4A1	expr
Interstitial macrophages	0.0041602295767435	0.0352865398126529	67.5282849373476	-0.0662618716237337	0.0745823307772207	COL4A1	expr
Lymphatic EC	1.02590728321204	0.039385363061294	102.468670631418	0.947790890776338	1.10402367564774	COL4A1	expr
Mast cells	0.0737879604727025	0.0386180253071487	95.097209414331	-0.00287750222671843	0.150453423172123	COL4A1	expr
Myofibroblasts	1.30194270390028	0.0600443464579157	485.696755097659	1.18396395516475	1.41992145263581	COL4A1	expr
Non-classical monocytes	0.00236629288406304	0.0370466496942532	80.600732354467	-0.0713504550063907	0.0760830407745168	COL4A1	expr
Peribronchial fibroblasts	1.08033855843447	0.0488015285570914	232.387475061723	0.984188580931002	1.17648853593794	COL4A1	expr
Subpleural fibroblasts	0.508956172972235	0.112949707107482	1819.48571646979	0.287431453203504	0.730480892740967	COL4A1	expr
Transitional Club-AT2	-0.00616847507583268	0.0397905459949136	106.46692306744	-0.0850531085708314	0.0727161584191661	COL4A1	expr
Vascular smooth muscle	1.35564762944594	0.0435097289921248	149.448916955049	1.2696739459204	1.44162131297148	COL4A1	expr
Pericytes	2.28172496616643	0.0545281593728282	202.972421945736	2.1742106789576	2.38923925337527	COL4A2	expr
AT1	1.29967439910038	0.0421248791764145	75.6208153134336	1.21576862711855	1.38358017108221	COL4A2	expr
AT2_AGTR2det	0.00883464961059605	0.0488084277900335	131.529588593371	-0.0877164393013451	0.105385738522537	COL4A2	expr
AT2_AGTR2undet	0.0407333861028401	0.0409225425303635	68.6306708116876	-0.0409126908844884	0.122379463090169	COL4A2	expr
Adventitial fibroblasts	0.781046623590667	0.0445618473089334	94.5399095108893	0.692574618142025	0.869518629039309	COL4A2	expr
Alveolar fibroblasts	1.01660973108866	0.0442525088943304	91.5143548030974	0.928714213878107	1.10450524829921	COL4A2	expr
Alveolar macrophages	0.0428268796380722	0.0397010478754209	59.6863901667269	-0.0365956230986783	0.122249382374823	COL4A2	expr
Classical monocytes	0.0302106183620857	0.0392434603566034	57.442791321117	-0.0483599294893169	0.108781166213488	COL4A2	expr
DC2	0.0219905040697615	0.037966165211204	50.3735850772045	-0.054252773047316	0.098233781186839	COL4A2	expr
EC aerocyte capillary	1.46008215037416	0.0479919008998397	123.651383708182	1.36509009630438	1.55507420444394	COL4A2	expr
EC general capillary	1.69023980832436	0.0434285944260019	83.5960784578179	1.60387118844737	1.77660842820135	COL4A2	expr
EC venous pulmonary	0.920949014144519	0.0445245146341225	93.9108713841803	0.83254345275608	1.00935457553296	COL4A2	expr
EC venous systemic	1.26519292218155	0.0457031635681949	104.047768503092	1.17456232345415	1.35582352090895	COL4A2	expr
Interstitial macrophages	0.0168308191498448	0.0388545441402403	55.5257515474674	-0.0610188587313499	0.0946804970310395	COL4A2	expr
Lymphatic EC	0.97585656936487	0.0426321279476444	79.2906820337995	0.891004278095614	1.06070886063413	COL4A2	expr
Mast cells	0.0554130738507455	0.0417998539232462	73.5041725158844	-0.0278842893783196	0.138710437079811	COL4A2	expr
Myofibroblasts	1.37442580738852	0.0621698265559902	331.083795005994	1.25212812393291	1.49672349084414	COL4A2	expr
Non-classical monocytes	0.023617356088731	0.0404956373388113	64.8056084882297	-0.0572626156182481	0.10449732779571	COL4A2	expr
Peribronchial fibroblasts	1.15975791574501	0.051441101337552	164.212380654778	1.05818665896934	1.26132917252068	COL4A2	expr
Subpleural fibroblasts	0.746684585625499	0.113836361329185	1586.82564169881	0.523399106629349	0.96997006462165	COL4A2	expr
Transitional Club-AT2	0.0143417564583326	0.0429118991501752	82.1220120818797	-0.0710217819939815	0.0997052949106468	COL4A2	expr
Vascular smooth muscle	1.51592031491115	0.0464187413303769	110.00378880571	1.42392930013687	1.60791132968543	COL4A2	expr
Pericytes	0.0693992029884692	0.0377891715808595	596.994088610709	-0.00481667460510019	0.143615080582039	COL15A1	expr
AT1	0.0311819840762559	0.0267207959803636	183.085224160786	-0.0215383014234294	0.0839022695759411	COL15A1	expr
AT2_AGTR2det	0.0430527178041766	0.0326839535033859	361.441173655583	-0.0212218786468874	0.107327314255241	COL15A1	expr
AT2_AGTR2undet	0.0427647669199935	0.0256368242820229	161.056244461776	-0.00786290723477576	0.0933924410747628	COL15A1	expr
Adventitial fibroblasts	0.357039652432844	0.0290401475194399	251.829438022662	0.299847149499848	0.41423215536584	COL15A1	expr
Alveolar fibroblasts	0.437307401755842	0.028693732350087	236.072285121438	0.380778919973444	0.49383588353824	COL15A1	expr
Alveolar macrophages	0.0490839649861038	0.0242654063702678	128.253791392547	0.00107161936085778	0.0970963106113499	COL15A1	expr
Classical monocytes	0.00941552233768143	0.0239315815128537	122.918351644071	-0.0379558884960338	0.0567869331713967	COL15A1	expr
DC2	0.0402789531096693	0.0227231113938849	101.627057433236	-0.00479421592428347	0.085352122143622	COL15A1	expr
EC aerocyte capillary	0.0192699727546871	0.0318632276369825	331.875583177471	-0.0434093853178295	0.0819493308272038	COL15A1	expr
EC general capillary	0.165437714306984	0.0276696219402884	197.363128716126	0.110871653505422	0.220003775108546	COL15A1	expr
EC venous pulmonary	0.117013966028277	0.0289769390967759	246.252996739955	0.0599397068024646	0.17408822525409	COL15A1	expr
EC venous systemic	1.09949595196844	0.030092169336381	283.992434324317	1.04026395875283	1.15872794518406	COL15A1	expr
Interstitial macrophages	0.0418955737881174	0.0236236070650414	119.894181306221	-0.00487794457443749	0.0886690921506722	COL15A1	expr
Lymphatic EC	0.0398830138966811	0.0272378970191615	196.473372433456	-0.013833161613906	0.0935991894072682	COL15A1	expr
Mast cells	0.0025844399059075	0.0262991245101139	175.917249074245	-0.0493179557006136	0.0544868355124286	COL15A1	expr
Myofibroblasts	0.426504161563118	0.0444728928359934	956.722100897469	0.339228481848575	0.513779841277661	COL15A1	expr
Non-classical monocytes	0.025188367450885	0.0252104387071585	147.982332428951	-0.0246305965798409	0.0750073314816108	COL15A1	expr
Peribronchial fibroblasts	1.09958677163075	0.0352604772228666	488.836812404128	1.03030597372997	1.16886756953154	COL15A1	expr
Subpleural fibroblasts	0.0951344080252298	0.0861393418369577	2174.27330543386	-0.0737896346084139	0.264058450658874	COL15A1	expr
Transitional Club-AT2	0.0347288255658567	0.0274069240201328	202.465499408938	-0.0193107786178101	0.0887684297495235	COL15A1	expr
Vascular smooth muscle	0.486315699749273	0.030648797183727	298.445160806016	0.426000566759038	0.546630832739508	COL15A1	expr
Pericytes	1.67470480654778	0.0466920921312058	801.952782646842	1.58305166172468	1.76635795137087	COL18A1	expr
AT1	0.183533196737622	0.0321690974406739	243.36428995953	0.120167806997547	0.246898586477698	COL18A1	expr
AT2_AGTR2det	-0.021502808709645	0.0400329105568482	457.155939467235	-0.100174151899042	0.0571685344797518	COL18A1	expr
AT2_AGTR2undet	0.0304993846494407	0.0307588751541624	206.191388602369	-0.030142840609507	0.0911416099083883	COL18A1	expr
Adventitial fibroblasts	0.584497834431084	0.0352119513255207	339.047665090646	0.51523643779945	0.653759231062718	COL18A1	expr
Alveolar fibroblasts	0.675727067762547	0.0347752577094276	318.353087538427	0.60730870913302	0.744145426392074	COL18A1	expr
Alveolar macrophages	0.0338108947886201	0.0290291982023428	159.963625488089	-0.0235190133662192	0.0911408029434594	COL18A1	expr
Classical monocytes	0.106919713120745	0.0285153969248584	158.655700942714	0.0506009749713057	0.163238451270185	COL18A1	expr
DC2	0.0885463733779016	0.0268107673898009	125.28481850269	0.0354857162136919	0.141607030542111	COL18A1	expr
EC aerocyte capillary	0.617480382868535	0.0391095560975704	449.417668572103	0.540620072292159	0.694340693444911	COL18A1	expr
EC general capillary	0.796191307903214	0.0335788513025554	259.569684489727	0.730069671734572	0.862312944071856	COL18A1	expr
EC venous pulmonary	0.687411768468835	0.0351273746651877	332.416467344704	0.61831179503974	0.75651174189793	COL18A1	expr
EC venous systemic	0.876519597267558	0.0365602341571615	382.59827699068	0.804635459510826	0.948403735024289	COL18A1	expr
Interstitial macrophages	0.0507963208923748	0.0280753973202105	153.697456258223	-0.00466715584452273	0.106259797629272	COL18A1	expr
Lymphatic EC	0.635584874123995	0.0328071963361793	260.613233275803	0.570983950316154	0.700185797931835	COL18A1	expr
Mast cells	0.567825938805769	0.0317872134543727	238.951480482883	0.50520698971043	0.630444887901107	COL18A1	expr
Myofibroblasts	0.236643030382084	0.0551926223156077	1228.685602991	0.128360812616906	0.344925248147262	COL18A1	expr
Non-classical monocytes	0.0645218891562173	0.0301094208717259	190.259862390851	0.00513072787865742	0.123913050433777	COL18A1	expr
Peribronchial fibroblasts	1.10677164091894	0.0432757223844353	658.322203824456	1.02179655687661	1.19174672496127	COL18A1	expr
Subpleural fibroblasts	0.875786322642814	0.108608765565889	2185.30717693589	0.662799088717421	1.08877355656821	COL18A1	expr
Transitional Club-AT2	0.136561677340562	0.0331668053610913	261.483596847094	0.0712536585232996	0.201869696157824	COL18A1	expr
Vascular smooth muscle	1.22725475626656	0.0373678862215309	406.442659586516	1.15379630123001	1.3007132113031	COL18A1	expr
Pericytes	0.0387868083932489	0.0142169407296256	251.015331761925	0.0107871173587474	0.0667864994277504	LAMA1	expr
AT1	0.0335884162943324	0.0107561248656604	87.4809853919582	0.012211110681947	0.0549657219067179	LAMA1	expr
AT2_AGTR2det	0.0521216847397923	0.012630690711108	157.920750027887	0.0271748110286235	0.077068558450961	LAMA1	expr
AT2_AGTR2undet	0.0536636440453436	0.0104235922359108	78.6794150970204	0.0329146881526114	0.0744125999380758	LAMA1	expr
Adventitial fibroblasts	0.0578270501560431	0.0114403862553476	111.667226738754	0.0351586536046644	0.0804954467074218	LAMA1	expr
Alveolar fibroblasts	0.0722707192155956	0.011354533112266	107.69953702511	0.0497633534140534	0.0947780850171377	LAMA1	expr
Alveolar macrophages	0.0754939040740953	0.01007909953278	67.3127069187265	0.0553776550276712	0.0956101531205194	LAMA1	expr
Classical monocytes	0.0123263155765294	0.00994462564529051	64.6257234771441	-0.00753665406660182	0.0321892852196606	LAMA1	expr
DC2	0.0133135512525631	0.00957574179786845	55.6035130272291	-0.00587198353955116	0.0324990860446774	LAMA1	expr
EC aerocyte capillary	0.0134285896159904	0.0124116321037416	148.780616155035	-0.0110972550609744	0.0379544342929551	LAMA1	expr
EC general capillary	0.0291083136793333	0.0111325574343028	97.3463871808543	0.00701426166780416	0.0512023656908625	LAMA1	expr
EC venous pulmonary	0.0134491687392398	0.0114294175766138	110.761292256316	-0.00919952305442451	0.036097860532904	LAMA1	expr
EC venous systemic	0.00820738710570657	0.0117575673086597	123.665802664198	-0.0150647517717848	0.031479525983198	LAMA1	expr
Interstitial macrophages	0.0197188391676938	0.00983237514180564	62.2536405430974	6.57941229488049e-05	0.0393718842124387	LAMA1	expr
Lymphatic EC	0.00300822701811298	0.0108960945786664	92.052559519405	-0.0186321927012701	0.0246486467374961	LAMA1	expr
Mast cells	0.012086064688955	0.0106764942760204	85.1706424821345	-0.00914105228324655	0.0333131816611566	LAMA1	expr
Myofibroblasts	0.0224888182202502	0.0163121314751437	414.897316565282	-0.00957590840850654	0.0545535448490069	LAMA1	expr
Non-classical monocytes	0.0103074022709793	0.0102923222754714	73.6501484986702	-0.0102021163026169	0.0308169208445755	LAMA1	expr
Peribronchial fibroblasts	0.0243506640342036	0.0133542127889022	201.207487930786	-0.00198149579540874	0.050682823863816	LAMA1	expr
Subpleural fibroblasts	0.0691690223251316	0.0303595192894841	1738.15934823997	0.00962399433265738	0.128714050317606	LAMA1	expr
Transitional Club-AT2	0.0137983392494255	0.0109880168418377	95.6318493738319	-0.00801377341389649	0.0356104519127474	LAMA1	expr
Vascular smooth muscle	0.00892539444079528	0.0119622026801576	131.389191810187	-0.0147380424906764	0.0325888313722669	LAMA1	expr
Pericytes	1.32078883537436	0.0572326508176862	76.5729203050714	1.20681392318089	1.43476374756782	LAMA2	expr
AT1	0.0345804118117996	0.0492824364271045	42.3884594801376	-0.0648485758083986	0.134009399431998	LAMA2	expr
AT2_AGTR2det	0.0468385735972592	0.0534587973465001	58.2513259287688	-0.0601610065626277	0.153838153757146	LAMA2	expr
AT2_AGTR2undet	0.0341423331145421	0.0484828467953575	39.9665225145019	-0.0638477122211044	0.132132378450189	LAMA2	expr
Adventitial fibroblasts	1.66533737372782	0.0507846109923105	47.745183277488	1.5632139893166	1.76746075813904	LAMA2	expr
Alveolar fibroblasts	1.61020790014135	0.0505875214165516	47.0131440023711	1.50843968488745	1.71197611539524	LAMA2	expr
Alveolar macrophages	0.108941814277369	0.0477907660247083	37.4273474768558	0.0121458314478418	0.205737797106897	LAMA2	expr
Classical monocytes	0.0201027617420569	0.0475430282991542	36.7624006150517	-0.0762495840006008	0.116455107484714	LAMA2	expr
DC2	0.066914023027308	0.0468264031531331	34.560465209484	-0.0281918661084698	0.162019912163086	LAMA2	expr
EC aerocyte capillary	0.0127623335670395	0.0528860137773053	55.9846983500525	-0.0931817216836477	0.118706388817727	LAMA2	expr
EC general capillary	0.173282037585299	0.0500303163489009	44.9027047229883	0.0725097811994172	0.274054293971181	LAMA2	expr
EC venous pulmonary	0.0532285689434298	0.0507619812183266	47.6717686144011	-0.0488533924671422	0.155310530354002	LAMA2	expr
EC venous systemic	0.109420686252637	0.0515098265890005	50.4986045700155	0.00598545904553166	0.212855913459742	LAMA2	expr
Interstitial macrophages	0.0612776255734711	0.0473237090590995	36.0811459172296	-0.0346918105822936	0.157247061729236	LAMA2	expr
Lymphatic EC	0.0216588082871532	0.0496054339940773	43.4978464587384	-0.0783469826470685	0.121664599221375	LAMA2	expr
Mast cells	0.0731466980809348	0.0490246026219821	41.5296115170953	-0.0258221655218343	0.172115561683704	LAMA2	expr
Myofibroblasts	1.38001526835421	0.0625552778597458	108.592774535417	1.25602752278279	1.50400301392563	LAMA2	expr
Non-classical monocytes	0.0197958516797978	0.0483211040289464	39.169274018862	-0.0779293036088843	0.11752100696848	LAMA2	expr
Peribronchial fibroblasts	1.55127277451013	0.0552244618296647	66.5190190388972	1.44102963451892	1.66151591450134	LAMA2	expr
Subpleural fibroblasts	0.554573340650055	0.101599566640033	623.582378259312	0.3550545992101	0.75409208209001	LAMA2	expr
Transitional Club-AT2	0.0442824585153856	0.0496517589932008	44.0143481284129	-0.0557831652378139	0.144348082268585	LAMA2	expr
Vascular smooth muscle	0.179014854189191	0.0519387016835709	52.174725874149	0.0748005315502678	0.283229176828114	LAMA2	expr
Pericytes	0.0551785170761304	0.0472535632702621	69.2067543255884	-0.0390847383513849	0.149441772503646	LAMA3	expr
AT1	1.656176496834	0.0411836012468423	40.1401750214506	1.57295038735569	1.73940260631231	LAMA3	expr
AT2_AGTR2det	0.362790192866569	0.0443978398433791	53.8287721606941	0.273771398190298	0.451808987542841	LAMA3	expr
AT2_AGTR2undet	0.529483120529005	0.0405848468883133	38.0491884468591	0.447326881187565	0.611639359870446	LAMA3	expr
Adventitial fibroblasts	0.171537331986323	0.0423163255874905	44.6924318461856	0.0862916854001523	0.256782978572493	LAMA3	expr
Alveolar fibroblasts	0.0990246043022562	0.0421732187645408	44.1064448583214	0.0140358598741813	0.184013348730331	LAMA3	expr
Alveolar macrophages	0.0374684473549202	0.0401009709553779	36.0008505525329	-0.0438600245554945	0.118796919265335	LAMA3	expr
Classical monocytes	0.0563689353583248	0.0398807292427988	35.3303970481051	-0.0245661927730859	0.137304063489736	LAMA3	expr
DC2	0.04049918156345	0.0393344893640703	33.3902365084273	-0.0394919232962761	0.120490286423176	LAMA3	expr
EC aerocyte capillary	0.064222523923614	0.0439752123901341	52.0069478744482	-0.0240199149163571	0.152464962763585	LAMA3	expr
EC general capillary	0.0498676529881493	0.0418035684493434	42.5160038609023	-0.0344650400784669	0.134200346054765	LAMA3	expr
EC venous pulmonary	0.112379102088301	0.042299510277527	44.6413578647304	0.0271646198337477	0.197593584342855	LAMA3	expr
EC venous systemic	0.246874955937747	0.0428615707641952	47.021243484963	0.16064962586369	0.333100286011803	LAMA3	expr
Interstitial macrophages	0.0456167344880406	0.0397097315113372	34.7093912622642	-0.0350224410636101	0.126255910039691	LAMA3	expr
Lymphatic EC	0.139901810557583	0.0414186413649486	41.0528116597172	0.0562584351626518	0.223545185952515	LAMA3	expr
Mast cells	0.0808307642055292	0.041025507065732	39.5371780167816	-0.00211512396883595	0.163776652379894	LAMA3	expr
Myofibroblasts	0.0721616139108641	0.0512924880332268	95.6415186058211	-0.0296580406041055	0.173981268425834	LAMA3	expr
Non-classical monocytes	0.0475135685803188	0.0404503113626785	37.3406344313782	-0.0344213174813338	0.129448454641971	LAMA3	expr
Peribronchial fibroblasts	0.0765068672183001	0.0456788890878388	60.5231374145921	-0.0148482738878038	0.167862008324404	LAMA3	expr
Subpleural fibroblasts	0.182615366716232	0.0818060866422056	529.76077818968	0.0219112310020815	0.343319502430383	LAMA3	expr
Transitional Club-AT2	0.145587939298615	0.0414883314125411	41.6081392712006	0.0618377292777977	0.229338149319432	LAMA3	expr
Vascular smooth muscle	0.167074883687731	0.043205545438489	48.537515758372	0.0802291584927159	0.253920608882747	LAMA3	expr
Pericytes	1.21568766204261	0.0444448895969449	223.938318795815	1.12810394440502	1.3032713796802	LAMA4	expr
AT1	0.0446879747791968	0.033982880875342	80.6201591042476	-0.0229321281434132	0.112308077701807	LAMA4	expr
AT2_AGTR2det	0.00769480765737746	0.0396471375714257	142.773172010482	-0.0706764423558344	0.0860660576705893	LAMA4	expr
AT2_AGTR2undet	0.00691644810216591	0.0329778710800712	72.8120068339822	-0.0588112131528619	0.0726441093571937	LAMA4	expr
Adventitial fibroblasts	1.06957960260208	0.0360373400411912	101.732782637689	0.998097455871047	1.1410617493331	LAMA4	expr
Alveolar fibroblasts	1.70928669056945	0.0357835426807975	98.3989038331132	1.63827901254758	1.78029436859132	LAMA4	expr
Alveolar macrophages	0.00754793016640093	0.0319623970224595	62.9155188482554	-0.0563255021460311	0.071421362478833	LAMA4	expr
Classical monocytes	0.036572421164325	0.0315512590430102	60.4559356208846	-0.0265297054375067	0.0996745477661567	LAMA4	expr
DC2	0.0205995762640678	0.0304452604303432	52.4203485649508	-0.0404816496980054	0.081680802226141	LAMA4	expr
EC aerocyte capillary	0.121964698329876	0.0389910620413343	134.823994310898	0.0448514656651758	0.199077930994577	LAMA4	expr
EC general capillary	0.763730754206506	0.0351358711460695	89.6999799926525	0.693924032609506	0.833537475803505	LAMA4	expr
EC venous pulmonary	0.642869402042645	0.0360063811664322	101.026016384409	0.571442650407704	0.714296153677585	LAMA4	expr
EC venous systemic	0.750746122836391	0.0369928606919604	112.259049912463	0.677451358265391	0.82404088740739	LAMA4	expr
Interstitial macrophages	0.015583586258524	0.0312098908903731	58.2637574425608	-0.0468837770963176	0.0780509496133656	LAMA4	expr
Lymphatic EC	1.57303067272124	0.0344003252109262	84.602713047626	1.50462897308317	1.64143237235931	LAMA4	expr
Mast cells	0.0447112861472982	0.0337530407278363	78.6292397494156	-0.0224773869189412	0.111899959213538	LAMA4	expr
Myofibroblasts	0.843646678182091	0.050801108225838	367.59094255317	0.74374942377298	0.943543932591203	LAMA4	expr
Non-classical monocytes	-0.000638213674903299	0.0325879577805533	68.4012828623355	-0.0656595639769841	0.0643831366271775	LAMA4	expr
Peribronchial fibroblasts	1.19025611065206	0.0418167372048287	179.906857010381	1.1077417467496	1.27277047455453	LAMA4	expr
Subpleural fibroblasts	1.0373681949187	0.0938099170447095	1654.20597226167	0.853369507950887	1.22136688188651	LAMA4	expr
Transitional Club-AT2	0.00210375757128584	0.0346807864254216	87.8732934778784	-0.0668184029148075	0.0710259180573792	LAMA4	expr
Vascular smooth muscle	1.03694054543538	0.0376171774353097	119.178580531678	0.962455923425351	1.11142516744541	LAMA4	expr
Pericytes	0.293461866512364	0.0421383251623393	587.878334570986	0.210701880955624	0.376221852069104	LAMA5	expr
AT1	1.20584848368368	0.0297560153429424	178.661774600968	1.1471300203553	1.26456694701206	LAMA5	expr
AT2_AGTR2det	0.280800629975824	0.0364621224104978	349.100393605995	0.209087562481606	0.352513697470043	LAMA5	expr
AT2_AGTR2undet	0.416199919256478	0.0285587510102313	156.067910716946	0.359788367032205	0.472611471480752	LAMA5	expr
Adventitial fibroblasts	0.0397930428132179	0.0323308522335609	245.509820590792	-0.0238881838591596	0.103474269485595	LAMA5	expr
Alveolar fibroblasts	0.139590338169448	0.0319606933793683	230.893228700611	0.0766184570304846	0.202562219308412	LAMA5	expr
Alveolar macrophages	0.0191487423903921	0.0270981777250793	124.437184056749	-0.0344842853376222	0.0727817701184065	LAMA5	expr
Classical monocytes	0.00863677211263307	0.0266703669019477	119.871627152062	-0.0441692741979936	0.0614428184232598	LAMA5	expr
DC2	0.0316199338846583	0.0252899102357014	98.0607177407824	-0.0185666815173776	0.0818065492866941	LAMA5	expr
EC aerocyte capillary	1.13359897165514	0.0356035573433991	326.720153225978	1.06355782486745	1.20364011844282	LAMA5	expr
EC general capillary	0.832337562804516	0.0309226147083306	193.814060931456	0.77134952654566	0.893325599063372	LAMA5	expr
EC venous pulmonary	0.614488663986732	0.032264012167994	240.565356025899	0.55093261966394	0.678044708309525	LAMA5	expr
EC venous systemic	0.804929145771758	0.0334928563865047	276.60172026648	0.738995862797354	0.870862428746163	LAMA5	expr
Interstitial macrophages	0.0184930378675608	0.026306672177646	116.279296931411	-0.0336093220788554	0.070595397813977	LAMA5	expr
Lymphatic EC	0.0710276544616753	0.03031073828803	191.335112959759	0.0112415429349839	0.130813765988367	LAMA5	expr
Mast cells	0.0622939108353473	0.0293668411746548	172.769262002854	0.00432993620000932	0.120257885470685	LAMA5	expr
Myofibroblasts	0.219510120998425	0.0495187824876223	946.329113154561	0.122330800159403	0.316689441837446	LAMA5	expr
Non-classical monocytes	0.0048657532014945	0.0280486390988516	143.431146200286	-0.0505763507172094	0.0603078571201984	LAMA5	expr
Peribronchial fibroblasts	0.0919441441775363	0.0392384376472221	478.089057064205	0.0148430335423232	0.169045254812749	LAMA5	expr
Subpleural fibroblasts	0.146111853165634	0.096151287916482	2148.0902771459	-0.0424474529731912	0.334671159304459	LAMA5	expr
Transitional Club-AT2	0.510677366368012	0.0305799535379931	196.644597518344	0.450370607500912	0.570984125235112	LAMA5	expr
Vascular smooth muscle	0.640759595070614	0.0341574421514698	292.510838095569	0.573534090555501	0.707985099585727	LAMA5	expr
Pericytes	1.99416703109931	0.0490786789349029	345.343412920589	1.89763628671509	2.09069777548352	LAMB1	expr
AT1	0.0650415418300788	0.0360549252984833	110.641474444278	-0.00640625078757638	0.136489334447734	LAMB1	expr
AT2_AGTR2det	0.0433235406377067	0.043135719206699	207.406726330939	-0.0417171347015911	0.128364215977004	LAMB1	expr
AT2_AGTR2undet	0.0646606891408044	0.0348087151236719	97.779846868627	-0.00441801706847793	0.133739395350087	LAMB1	expr
Adventitial fibroblasts	0.604110951511607	0.0386540690252186	145.288912122869	0.527714025511838	0.680507877511376	LAMB1	expr
Alveolar fibroblasts	1.67795656418148	0.0383321102624292	139.493770149424	1.60216952529906	1.7537436030639	LAMB1	expr
Alveolar macrophages	0.294496351949366	0.0334780111427495	81.3878537508484	0.227890422774217	0.361102281124515	LAMB1	expr
Classical monocytes	0.0513789416207058	0.0329551987786282	78.4144884882146	-0.014224357265966	0.116982240507378	LAMB1	expr
DC2	0.0411160191828246	0.0314923587709174	65.3399451428434	-0.0217723615957279	0.104004399961377	LAMB1	expr
EC aerocyte capillary	0.0978154607440756	0.0423646400241935	197.817315630271	0.0142711757508754	0.181359745737276	LAMB1	expr
EC general capillary	0.353252264319053	0.0375169696344356	123.618338685143	0.278993413246357	0.427511115391748	LAMB1	expr
EC venous pulmonary	0.410521216059162	0.0386096779544441	143.903148384605	0.334205854081495	0.486836578036829	LAMB1	expr
EC venous systemic	0.573978177917584	0.0398409784863019	162.221710465255	0.495304377940713	0.652651977894454	LAMB1	expr
Interstitial macrophages	0.0607823244787278	0.0325130129027757	75.1455623303694	-0.00398486218387825	0.125549511141334	LAMB1	expr
Lymphatic EC	0.591122505158159	0.0365746794958037	116.939569786781	0.518687877867736	0.663557132448583	LAMB1	expr
Mast cells	0.0571056821154037	0.0358056923150903	108.07276226448	-0.0138668704119279	0.128078234642735	LAMB1	expr
Myofibroblasts	1.1912157830128	0.0567949635227491	575.394806822289	1.07966505747242	1.30276650855317	LAMB1	expr
Non-classical monocytes	0.0497250475795559	0.0342570415881786	90.5790439164808	-0.0183266179539514	0.117776713113063	LAMB1	expr
Peribronchial fibroblasts	1.30365817749286	0.0458348080201295	274.39940356526	1.21342562401619	1.39389073096953	LAMB1	expr
Subpleural fibroblasts	0.999941762637827	0.107866133855184	1908.58963874748	0.788393869880934	1.21148965539472	LAMB1	expr
Transitional Club-AT2	0.0368563714486594	0.0369711597569144	121.234816818471	-0.0363363590767694	0.110049101974088	LAMB1	expr
Vascular smooth muscle	0.672678428764364	0.0406342803618325	173.576842669776	0.592477528243758	0.752879329284971	LAMB1	expr
Pericytes	0.600350827152673	0.0490819798955729	324.298914315001	0.503791554925554	0.696910099379793	LAMB2	expr
AT1	1.06745088156643	0.0363077627576256	106.195666597975	0.995468741712862	1.13943302141999	LAMB2	expr
AT2_AGTR2det	0.479379224033724	0.0432313928796734	198.869704168912	0.394128454206583	0.564629993860866	LAMB2	expr
AT2_AGTR2undet	0.484833371182867	0.0350791844008479	94.6467753581464	0.41518903277021	0.554477709595523	LAMB2	expr
Adventitial fibroblasts	0.865792553751803	0.0388723467254134	138.960273034911	0.788934822764299	0.942650284739307	LAMB2	expr
Alveolar fibroblasts	0.812557438502426	0.0385382146016569	133.100531395074	0.736330871401025	0.888784005603827	LAMB2	expr
Alveolar macrophages	0.134459766581147	0.0337367988702317	79.1941153972983	0.0673109073584806	0.201608625803813	LAMB2	expr
Classical monocytes	0.0399032669176957	0.0332542962346062	75.9544801568086	-0.0263290459606666	0.106135579796058	LAMB2	expr
DC2	0.0755664172680478	0.0318701601642368	64.265603011816	0.0119035205430793	0.139229313993016	LAMB2	expr
EC aerocyte capillary	0.894816987782781	0.0424030627076619	186.52721469718	0.811165769111025	0.978468206454537	LAMB2	expr
EC general capillary	0.767523172216377	0.0376502922168357	117.863677603681	0.692964450029533	0.842081894403221	LAMB2	expr
EC venous pulmonary	1.03013835114297	0.0388248267465137	137.414580892181	0.953366990737499	1.10690971154843	LAMB2	expr
EC venous systemic	0.838339480299556	0.0400519370281283	154.992781943127	0.759221370330932	0.91745759026818	LAMB2	expr
Interstitial macrophages	0.124716753437943	0.0328479676211248	73.1685374995513	0.0592533887334879	0.190180118142398	LAMB2	expr
Lymphatic EC	1.01319926079243	0.0368405392912668	112.412282254717	0.940207377920444	1.08619114366442	LAMB2	expr
Mast cells	-0.00248014272639119	0.0359826574671883	103.020024641292	-0.0738430922559665	0.0688828068031841	LAMB2	expr
Myofibroblasts	0.689805643860156	0.0567648839494386	540.108348398356	0.578298642089027	0.801312645631284	LAMB2	expr
Non-classical monocytes	0.0251973935043163	0.0345782253247957	87.9546057873789	-0.0435200575325678	0.0939148445412003	LAMB2	expr
Peribronchial fibroblasts	0.86767602338417	0.0459538352259535	259.558829077772	0.77718622844668	0.958165818321661	LAMB2	expr
Subpleural fibroblasts	0.630215391979549	0.10729029989883	1899.10858606281	0.419796162619574	0.840634621339524	LAMB2	expr
Transitional Club-AT2	0.584225908048009	0.0371682437245515	116.681446333639	0.510614049163961	0.657837766932056	LAMB2	expr
Vascular smooth muscle	0.857921478490026	0.0407895164958117	164.763710128544	0.777383942621057	0.938459014358995	LAMB2	expr
Pericytes	0.108407938879759	0.0431270707670098	108.638961412627	0.0229282983332888	0.193887579426229	LAMB3	expr
AT1	1.37244398692378	0.035561318471173	50.9632887615478	1.30105041243427	1.44383756141328	LAMB3	expr
AT2_AGTR2det	0.609914976576198	0.0396336870164636	77.3057445545078	0.530999204007351	0.688830749145044	LAMB3	expr
AT2_AGTR2undet	0.727135488272004	0.0348327381904095	47.3678841924333	0.657075421139597	0.79719555540441	LAMB3	expr
Adventitial fibroblasts	0.0933742736433634	0.0369883414245515	59.5670637413083	0.0193755129469196	0.167373034339807	LAMB3	expr
Alveolar fibroblasts	0.120819822686537	0.0368216337604273	58.4631218755694	0.0471257439948955	0.194513901378179	LAMB3	expr
Alveolar macrophages	0.107723349710839	0.0342113508160602	43.4808882295942	0.0387516452542785	0.1766950541674	LAMB3	expr
Classical monocytes	0.163595000499926	0.0339001938846196	42.1931388319202	0.0951909161155238	0.231999084884329	LAMB3	expr
DC2	0.100729709605337	0.0331564520747167	38.5373316230268	0.0336387021941581	0.167820717016516	LAMB3	expr
EC aerocyte capillary	0.0724949412841127	0.0391639645187869	74.1630712813728	-0.0055381105091752	0.150527993077401	LAMB3	expr
EC general capillary	0.0735511939254363	0.0364277354643365	55.6416507241179	0.000567298452214843	0.146535089398658	LAMB3	expr
EC venous pulmonary	0.0654987742892738	0.0369710469865438	59.4432515374398	-0.0084685794525096	0.139466128031057	LAMB3	expr
EC venous systemic	0.052477669750903	0.0376650789706711	63.9410052839035	-0.0227683125090228	0.127723652010829	LAMB3	expr
Interstitial macrophages	0.132874121147985	0.0336575021779966	41.0249092831116	0.0649026698925984	0.200845572403372	LAMB3	expr
Lymphatic EC	0.0726521213551021	0.0358433648398767	52.5824862168537	0.000746107895202616	0.144558134815002	LAMB3	expr
Mast cells	0.0624284625957746	0.0354261887047006	50.1995290913289	-0.00872012471984405	0.133577049911393	LAMB3	expr
Myofibroblasts	0.0491939703684497	0.0478917559278745	163.523634381486	-0.0453720052713501	0.143759946008249	LAMB3	expr
Non-classical monocytes	0.106878478150964	0.0345968077147999	45.653548705131	0.037224452141874	0.176532504160054	LAMB3	expr
Peribronchial fibroblasts	0.0680963595375601	0.0411476123098661	90.6157927945224	-0.0136429865852574	0.149835705660378	LAMB3	expr
Subpleural fibroblasts	0.0604455839490667	0.0824088592149237	974.339179985809	-0.101273702236978	0.222164870135112	LAMB3	expr
Transitional Club-AT2	0.51618974651506	0.0360298723582425	54.0998469831385	0.443957254834232	0.588422238195888	LAMB3	expr
Vascular smooth muscle	0.106472074710448	0.0381283944224813	67.038440041572	0.0303682830684225	0.182575866352474	LAMB3	expr
Pericytes	0.0514375823347159	0.00927042877716146	939.957614948586	0.0332444493970136	0.0696307152724183	LAMB4	expr
AT1	0.00515228870011394	0.00633933356164894	299.818989459311	-0.00732293541081571	0.0176275128110436	LAMB4	expr
AT2_AGTR2det	0.00949595215522848	0.00792127059280538	566.684845698904	-0.00606268288609861	0.0250545871965556	LAMB4	expr
AT2_AGTR2undet	0.00555013694660629	0.00605323690612806	257.899303790221	-0.0063699274934552	0.0174702013866678	LAMB4	expr
Adventitial fibroblasts	0.00491634848366529	0.00696597230469915	420.454944655196	-0.00877612089235182	0.0186088178596824	LAMB4	expr
Alveolar fibroblasts	0.0209941741511233	0.0068676329186797	389.582788618293	0.00749191415092306	0.0344964341513236	LAMB4	expr
Alveolar macrophages	0.002302671515167	0.00567674487436236	199.93478278487	-0.00889130249207619	0.0134966455224102	LAMB4	expr
Classical monocytes	0.00316282184096691	0.00558630446659296	195.686816425115	-0.00785426900903626	0.0141799126909701	LAMB4	expr
DC2	0.00365616398006093	0.00525488000005899	157.296656306094	-0.00672306601390656	0.0140353939740284	LAMB4	expr
EC aerocyte capillary	0.00421357489578136	0.0077060513100683	538.963727106844	-0.0109240016425003	0.019351151434063	LAMB4	expr
EC general capillary	0.024874659511034	0.00658241374959069	313.411827675265	0.0119233524518041	0.037825966570264	LAMB4	expr
EC venous pulmonary	0.00493710414562642	0.00694496591940881	408.473186326604	-0.0087152306387117	0.0185894389299645	LAMB4	expr
EC venous systemic	0.0132411961783373	0.00724411817411977	472.590461131464	-0.000993469702749149	0.0274758620594238	LAMB4	expr
Interstitial macrophages	0.00218470931155052	0.00550906221378071	192.66083073709	-0.00868110928674053	0.0130505279098416	LAMB4	expr
Lymphatic EC	0.00124653425550717	0.0064780601256479	322.146461012561	-0.0114981110898123	0.0139911796008267	LAMB4	expr
Mast cells	0.018871011754621	0.0062333515717345	293.099982243796	0.00660321069418551	0.0311388128150565	LAMB4	expr
Myofibroblasts	0.00397411829830877	0.0110135422309548	1378.25350638436	-0.0176310008708787	0.0255792374674962	LAMB4	expr
Non-classical monocytes	-0.000849729053212692	0.00593077874108804	237.408582195391	-0.0125334023757188	0.0108339442692935	LAMB4	expr
Peribronchial fibroblasts	0.00434020016553289	0.00861052616693288	790.511073006709	-0.0125619995622173	0.0212423998932831	LAMB4	expr
Subpleural fibroblasts	0.00477952925828524	0.0217108955470061	2255.63125821708	-0.0377958897131928	0.0473549482297633	LAMB4	expr
Transitional Club-AT2	0.000756725157550271	0.00652706689158565	325.813918112199	-0.012083788879619	0.0135972391947195	LAMB4	expr
Vascular smooth muscle	0.0101352122909684	0.00738923601570254	494.369027634588	-0.00438296753386612	0.0246533921158029	LAMB4	expr
Pericytes	0.786324759101901	0.0507805400417118	156.98741005898	0.68602352424072	0.886625993963083	LAMC1	expr
AT1	0.783801242926748	0.0402902025302676	64.0746737220717	0.703314117082237	0.864288368771259	LAMC1	expr
AT2_AGTR2det	0.46879138875553	0.045893454657379	105.488892235029	0.377798061387696	0.559784716123363	LAMC1	expr
AT2_AGTR2undet	0.571514147067403	0.0392572734435832	58.705839875169	0.492952287827918	0.650076006306888	LAMC1	expr
Adventitial fibroblasts	1.09789483338134	0.0423359850517839	78.0108496440496	1.0136105462717	1.18217912049097	LAMC1	expr
Alveolar fibroblasts	1.47917086168554	0.0420715265997529	75.8609423200572	1.395375670487	1.56296605288409	LAMC1	expr
Alveolar macrophages	0.0783293077208373	0.0382319201122113	52.0097879331768	0.0016116910352961	0.155046924406379	LAMC1	expr
Classical monocytes	0.11283215611472	0.0378793700784907	50.3568860822715	0.0367625598529538	0.188901752376485	LAMC1	expr
DC2	0.0480556722687677	0.0368417063696029	45.0905773493602	-0.0261432195088404	0.122254564046376	LAMC1	expr
EC aerocyte capillary	0.0943970657941822	0.0451727740896238	99.3580667353172	0.00476847749927226	0.184025654089092	LAMC1	expr
EC general capillary	0.368359632516057	0.0413341694635801	70.0443654439902	0.285922148949482	0.450797116082633	LAMC1	expr
EC venous pulmonary	0.425760054661276	0.0423057562613451	77.6320758705553	0.341529476066403	0.509990633256148	LAMC1	expr
EC venous systemic	0.787805436585522	0.0433053323722153	85.1138411346834	0.701704496498837	0.873906376672207	LAMC1	expr
Interstitial macrophages	0.112869119230142	0.0375641664537852	48.8773639391493	0.0373763093660826	0.188361929094202	LAMC1	expr
Lymphatic EC	0.98321876873778	0.0407256425098361	66.8632670092516	0.901926990289056	1.0645105471865	LAMC1	expr
Mast cells	0.0499895441371587	0.0399708901385462	62.2038723848947	-0.0299059179002762	0.129885006174594	LAMC1	expr
Myofibroblasts	0.851278380374069	0.0574027925004121	250.143220973615	0.738223987621602	0.964332773126536	LAMC1	expr
Non-classical monocytes	0.0295851581102989	0.0389452236562036	56.0629071318312	-0.0484295679638759	0.107599884184474	LAMC1	expr
Peribronchial fibroblasts	1.10952010716543	0.0481804868236872	128.924513386966	1.01419330552313	1.20484690880772	LAMC1	expr
Subpleural fibroblasts	0.714557938686286	0.102660045033637	1362.13277515908	0.513169000209142	0.915946877163429	LAMC1	expr
Transitional Club-AT2	0.206441940206725	0.0408974005262554	68.7763975122432	0.124849126088999	0.288034754324451	LAMC1	expr
Vascular smooth muscle	1.00991628925137	0.0438898944714099	89.4244158102393	0.922713706505768	1.09711887199697	LAMC1	expr
Pericytes	0.0336533121955219	0.0292813357881376	421.103082267826	-0.023902473940881	0.0912090983319248	LAMC2	expr
AT1	1.13402706912556	0.0211328494718616	128.901216839269	1.09221490549338	1.17583923275774	LAMC2	expr
AT2_AGTR2det	0.192545268848545	0.025560576957224	243.569288050167	0.142197287790267	0.242893249906822	LAMC2	expr
AT2_AGTR2undet	0.294957990170736	0.0203488041978143	111.979456149414	0.254639362292974	0.335276618048498	LAMC2	expr
Adventitial fibroblasts	0.126263975479596	0.0227620362120632	171.724639565229	0.0813345704917632	0.171193380467429	LAMC2	expr
Alveolar fibroblasts	0.126634615811181	0.0225663495262856	164.860586110264	0.0820783072442183	0.171190924378144	LAMC2	expr
Alveolar macrophages	0.0534064160828843	0.0195038809472135	91.3612497105779	0.014666416235145	0.0921464159306235	LAMC2	expr
Classical monocytes	0.024880096827119	0.0191782346685563	88.9214700980974	-0.0132271106670428	0.0629873043212809	LAMC2	expr
DC2	0.0417974969377175	0.018221219897788	72.1907439092436	0.00547579856068132	0.0781191953147536	LAMC2	expr
EC aerocyte capillary	0.040893804959898	0.0251191527093519	237.191077619399	-0.00859132440386955	0.0903789343236656	LAMC2	expr
EC general capillary	0.0517241497926293	0.0220728299796999	144.092371662633	0.00809578141804743	0.0953525181672112	LAMC2	expr
EC venous pulmonary	0.0531679193986438	0.0227355580154932	170.279149513379	0.00828807546287942	0.0980477633344082	LAMC2	expr
EC venous systemic	0.0533446636665666	0.0234995237622296	192.773146619219	0.00699546445050517	0.0996938628826281	LAMC2	expr
Interstitial macrophages	0.0353345199925042	0.0188874592663374	84.8335547844743	-0.00221987281375812	0.0728889127987666	LAMC2	expr
Lymphatic EC	0.0851136676413859	0.0214505279606198	136.389552149573	0.0426950324497969	0.127532302832975	LAMC2	expr
Mast cells	0.0390187057091619	0.0210068751739806	126.582723872632	-0.00255142730036111	0.080588838718685	LAMC2	expr
Myofibroblasts	0.0491954289194913	0.0340403553245406	699.266105865314	-0.0176381207225948	0.116028978561577	LAMC2	expr
Non-classical monocytes	0.0296930415393108	0.0199801658552306	103.298927183556	-0.00993154221211451	0.0693176252907362	LAMC2	expr
Peribronchial fibroblasts	0.0594988029746941	0.0272440600715419	333.035292311534	0.00590666682986386	0.113090939119524	LAMC2	expr
Subpleural fibroblasts	0.082517333818815	0.0653516530109903	1978.63625440282	-0.0456479524279944	0.210682620065624	LAMC2	expr
Transitional Club-AT2	0.248724381355395	0.0217157959459892	140.410837978356	0.205792181324976	0.291656581385815	LAMC2	expr
Vascular smooth muscle	0.0511737320322353	0.0240123747477184	207.583047243302	0.00383434779378159	0.0985131162706891	LAMC2	expr
Pericytes	1.95580842170073	0.0179555192398738	1433.04261781665	1.92058650225013	1.99103034115133	LAMC3	expr
AT1	0.02130146524197	0.011901756728765	554.85417736148	-0.00207654438657931	0.0446794748705194	LAMC3	expr
AT2_AGTR2det	0.0141544991829088	0.0151419807334012	876.396548136055	-0.015564280433035	0.0438732787988526	LAMC3	expr
AT2_AGTR2undet	0.0170552624164779	0.0112995191578368	456.724839592792	-0.00515023212276124	0.039260756955717	LAMC3	expr
Adventitial fibroblasts	0.0349782187894913	0.0132216936333987	759.761081812362	0.00902282742819772	0.060933610150785	LAMC3	expr
Alveolar fibroblasts	0.119026380108964	0.0130016110133076	706.650655901451	0.0934999699630648	0.144552790254864	LAMC3	expr
Alveolar macrophages	0.0152206537011208	0.010488193440311	348.528124186425	-0.00540746036749332	0.0358487677697349	LAMC3	expr
Classical monocytes	-0.00128504095207752	0.0103206500077426	368.268067805493	-0.0215798410806671	0.019009759176512	LAMC3	expr
DC2	0.0178329613239423	0.00961064453808752	290.722427804863	-0.00108229985796346	0.036748222505848	LAMC3	expr
EC aerocyte capillary	-0.00323400736601556	0.0147199608473131	919.170167401838	-0.0321226402103991	0.0256546254783679	LAMC3	expr
EC general capillary	0.0179357926989565	0.01236646142415	549.272239004684	-0.00635555213773448	0.0422271375356474	LAMC3	expr
EC venous pulmonary	0.00231380492488784	0.0131686132838169	740.086356231792	-0.0235384814250449	0.0281660912748206	LAMC3	expr
EC venous systemic	0.00180749729740268	0.01379365330534	842.00682176415	-0.0252664836278922	0.0288814782226976	LAMC3	expr
Interstitial macrophages	0.00785895573466441	0.0101741365346615	368.181915589165	-0.0121477518464834	0.0278656633158123	LAMC3	expr
Lymphatic EC	0.011228328749761	0.0121911244376787	589.27245480961	-0.0127150139024592	0.0351716714019811	LAMC3	expr
Mast cells	-0.00231631499196475	0.0116980880404559	570.174509104936	-0.0252929190932197	0.0206602891092902	LAMC3	expr
Myofibroblasts	0.0526897764114165	0.0215176816140287	1823.0208876923	0.0104878764795637	0.0948916763432692	LAMC3	expr
Non-classical monocytes	0.0102039994675575	0.0110390900815259	435.89510252459	-0.0114924618626367	0.0319004607977518	LAMC3	expr
Peribronchial fibroblasts	0.203840083226255	0.0166131870434841	1254.06836844188	0.171247378610557	0.236432787841953	LAMC3	expr
Subpleural fibroblasts	0.0449632476821604	0.0430358187939256	2289.93080451366	-0.039430013656321	0.129356509020642	LAMC3	expr
Transitional Club-AT2	0.0184152881995343	0.0122805114472419	568.060777401732	-0.00570546401839279	0.0425360404174614	LAMC3	expr
Vascular smooth muscle	0.166128102186835	0.0140860152966155	877.105817527612	0.13848186993356	0.19377433444011	LAMC3	expr
Pericytes	1.87114845850386	0.0441779739807888	436.680376533837	1.78432056797433	1.9579763490334	NID1	expr
AT1	0.011112520155873	0.0319122558188774	136.080113860237	-0.0519955717384659	0.0742206120502119	NID1	expr
AT2_AGTR2det	0.021003420436636	0.0385539935282185	262.984825113801	-0.0549103759131862	0.0969172167864582	NID1	expr
AT2_AGTR2undet	0.0141744895925541	0.030727732768275	120.212839314289	-0.0466631857332983	0.0750121649184066	NID1	expr
Adventitial fibroblasts	1.06685710923117	0.0344228112045637	182.880769477122	0.99894019783607	1.13477402062626	NID1	expr
Alveolar fibroblasts	1.21338565291996	0.0340764834091276	173.508056157204	1.14612785389436	1.28064345194556	NID1	expr
Alveolar macrophages	0.0271412980411627	0.0293467965129459	98.0813406316966	-0.0310958608916413	0.0853784569739666	NID1	expr
Classical monocytes	0.12068306759876	0.028911129978426	94.0576017923672	0.0632797995998119	0.178086335597709	NID1	expr
DC2	0.0339749445532506	0.0275684346557613	78.3462674607878	-0.0209057722469904	0.0888556613534916	NID1	expr
EC aerocyte capillary	0.103979200214853	0.0377190119948092	245.003713622332	0.0296842971896755	0.178274103240031	NID1	expr
EC general capillary	0.161826666812223	0.0331180950120593	149.551458041326	0.0963868502347841	0.227266483389663	NID1	expr
EC venous pulmonary	0.470490524648462	0.0343668923334398	180.007604090966	0.40267673279103	0.538304316505894	NID1	expr
EC venous systemic	0.317974082099546	0.0355683669510262	205.315550674849	0.247848005330862	0.388100158868229	NID1	expr
Interstitial macrophages	0.0397960810157114	0.0285386048149388	90.9004514994542	-0.0168931879956466	0.0964853500270693	NID1	expr
Lymphatic EC	0.892197293548415	0.0324476127299275	145.042468731344	0.828066057094807	0.956328530002024	NID1	expr
Mast cells	0.0355160409549544	0.0315461865154312	131.426788201573	-0.0268879518777618	0.0979200337876706	NID1	expr
Myofibroblasts	0.770653413445301	0.0515362036198263	722.075661283954	0.669474716651963	0.871832110238639	NID1	expr
Non-classical monocytes	0.173697349697611	0.0302398891475583	110.981418905476	0.113774880072935	0.233619819322287	NID1	expr
Peribronchial fibroblasts	0.948883307017057	0.0412529940947266	351.583581447541	0.867749629944188	1.03001698408992	NID1	expr
Subpleural fibroblasts	0.381979779041459	0.0988148555142192	2048.59625510408	0.188191727162558	0.575767830920359	NID1	expr
Transitional Club-AT2	0.0102647517222422	0.0327269320451917	150.056830187108	-0.0544003686117985	0.0749298720562829	NID1	expr
Vascular smooth muscle	1.03741904174516	0.0362447036930686	217.658654116605	0.965983526882966	1.10885455660736	NID1	expr
Pericytes	0.46540043750416	0.0234010411731207	1150.18411422383	0.419486924654912	0.511313950353409	NID2	expr
AT1	0.0219671019142406	0.0157285238022093	383.966513978286	-0.00895771608197286	0.0528919199104541	NID2	expr
AT2_AGTR2det	-0.0142102655164477	0.0198572617253226	664.442792563779	-0.0532008071684678	0.0247802761355724	NID2	expr
AT2_AGTR2undet	0.00914334242140094	0.0149728357417791	317.598521572289	-0.0203151346823847	0.0386018195251866	NID2	expr
Adventitial fibroblasts	0.258136651921391	0.0173714450134521	536.220511996728	0.22401222222514	0.292261081617642	NID2	expr
Alveolar fibroblasts	0.323098324458276	0.0171170081052433	500.183403249615	0.289468228996197	0.356728419920356	NID2	expr
Alveolar macrophages	0.00336535715611239	0.0139986008050991	241.418023524451	-0.0242096326444752	0.0309403469567	NID2	expr
Classical monocytes	0.0109518342851513	0.0137564009747377	248.277402714516	-0.0161422897136052	0.0380459582839079	NID2	expr
DC2	0.0080467097512236	0.0128458168457448	193.748180671517	-0.0172888844290215	0.0333823039314687	NID2	expr
EC aerocyte capillary	0.139884829696101	0.019355496248076	680.743544786629	0.10188118560982	0.177888473782382	NID2	expr
EC general capillary	0.162068554004202	0.0163996371618146	392.781236595248	0.129826506595902	0.194310601412501	NID2	expr
EC venous pulmonary	0.0225932486434422	0.0173156106625181	523.90386930325	-0.0114233092200255	0.0566098065069099	NID2	expr
EC venous systemic	0.0638765873403362	0.0180890077762665	602.061586821746	0.0283513673628562	0.0994018073178162	NID2	expr
Interstitial macrophages	0.000570186212519225	0.0135448980187164	244.037628527375	-0.0261096393323341	0.0272500117573726	NID2	expr
Lymphatic EC	0.109661541181274	0.0160800435716453	410.601386830698	0.0780520618110182	0.141271020551529	NID2	expr
Mast cells	0.0286162273925789	0.0155030118108473	385.333139233612	-0.00186485579522559	0.0590973105803833	NID2	expr
Myofibroblasts	0.115201009904721	0.0278897909383676	1594.77495488214	0.060496506335701	0.169905513473741	NID2	expr
Non-classical monocytes	-0.00341926040281496	0.0146317069460371	297.721278324426	-0.0322139332080959	0.025375412402466	NID2	expr
Peribronchial fibroblasts	0.364346543436486	0.0216470516983472	975.962906855611	0.321866420082768	0.406826666790204	NID2	expr
Subpleural fibroblasts	0.384742344740271	0.0554967475493695	2248.32399709628	0.2759121310722	0.493572558408343	NID2	expr
Transitional Club-AT2	-0.00946019080358371	0.0162345862548263	400.507288037129	-0.0413758416294403	0.0224554600222729	NID2	expr
Vascular smooth muscle	0.122509864918005	0.0184910710860918	633.968252619252	0.0861987090319065	0.158821020804103	NID2	expr
Pericytes	0.748542076356571	0.0522973108557359	492.420035939502	0.645788674416665	0.851295478296476	HSPG2	expr
AT1	1.19526073269935	0.0374358435680637	151.518847056333	1.12129707917993	1.26922438621878	HSPG2	expr
AT2_AGTR2det	0.507834861099273	0.0454795754546048	295.252570694068	0.418329638548294	0.597340083650253	HSPG2	expr
AT2_AGTR2undet	0.644532407952432	0.0359982258979385	133.388567057792	0.573331215735321	0.715733600169544	HSPG2	expr
Adventitial fibroblasts	0.925134795420254	0.0405003639930378	205.612784004701	0.845285549122646	1.00498404171786	HSPG2	expr
Alveolar fibroblasts	0.860236603475298	0.0400682732957038	194.302948911311	0.781212022325711	0.939261184624885	HSPG2	expr
Alveolar macrophages	0.0673185160147746	0.0342821536130562	107.794063585926	-0.000636130580762853	0.135273162610312	HSPG2	expr
Classical monocytes	0.0448998039971488	0.0337673875631387	103.430893201567	-0.0220665293399432	0.111866137334241	HSPG2	expr
DC2	0.0885264308352112	0.0321335978278926	85.6439055111632	0.0246431632434919	0.15240969842693	HSPG2	expr
EC aerocyte capillary	0.108660275872031	0.0444500935210589	274.64162018073	0.021154078192014	0.196166473552047	HSPG2	expr
EC general capillary	0.586645340490959	0.0388569972519348	165.633624062923	0.509926480223654	0.663364200758264	HSPG2	expr
EC venous pulmonary	1.77595273512059	0.0404271825520589	201.96704870014	1.69623925245962	1.85566621778156	HSPG2	expr
EC venous systemic	1.75057323655587	0.0418937772103503	231.272995663147	1.6680309993173	1.83311547379443	HSPG2	expr
Interstitial macrophages	0.0324083744175594	0.0333249256788886	100.151783801951	-0.0337061019879595	0.0985228508230783	HSPG2	expr
Lymphatic EC	0.88604372557953	0.0380952583523123	161.887128656167	0.810816022830971	0.961271428328089	HSPG2	expr
Mast cells	0.413953862312818	0.0369692525623383	146.210640111545	0.340890720278624	0.487017004347012	HSPG2	expr
Myofibroblasts	0.450829131747189	0.0612042082561133	807.350452326776	0.330690983681152	0.570967279813226	HSPG2	expr
Non-classical monocytes	0.0215924227165215	0.0354036396192207	122.87888887833	-0.048487597308278	0.0916724427413209	HSPG2	expr
Peribronchial fibroblasts	0.993387621915075	0.0487898274347695	398.095042174071	0.897469705026915	1.08930553880324	HSPG2	expr
Subpleural fibroblasts	0.881173306666736	0.117944337477568	2096.8912028198	0.649873143583267	1.1124734697502	HSPG2	expr
Transitional Club-AT2	0.29828462673062	0.0384164901804339	167.167799602982	0.222440621538585	0.374128631922654	HSPG2	expr
Vascular smooth muscle	0.892241876735944	0.0426981286833371	244.783593930067	0.808139263172697	0.976344490299192	HSPG2	expr
Pericytes	0.334030766400755	0.0393281558112691	319.524274499034	0.256655919724527	0.411405613076982	AGRN	expr
AT1	1.08959442579452	0.0291223987614783	104.848627228027	1.03184911697601	1.14733973461303	AGRN	expr
AT2_AGTR2det	0.318885239327335	0.0346573522801061	195.855076873318	0.250535732076961	0.387234746577709	AGRN	expr
AT2_AGTR2undet	0.398615432243996	0.028142204349584	93.4318798360694	0.34273399597576	0.454496868512232	AGRN	expr
Adventitial fibroblasts	0.0499211252799812	0.0311669042045054	136.974623547281	-0.0117093856226199	0.111551636182582	AGRN	expr
Alveolar fibroblasts	0.125558552292488	0.0309031880459746	131.315494793057	0.064426043899205	0.186691060685771	AGRN	expr
Alveolar macrophages	0.16738254785217	0.0270799741629016	78.293341807401	0.113473642075612	0.221291453628728	AGRN	expr
Classical monocytes	0.0446752398950908	0.0266888395831134	75.1187690859009	-0.00849027712568964	0.0978407569158712	AGRN	expr
DC2	0.0610108244278413	0.0255793697411197	63.5297701320782	0.00990287350857747	0.112118775347105	AGRN	expr
EC aerocyte capillary	0.230976795247721	0.0340046414673831	184.133978070255	0.163887982617234	0.298065607878207	AGRN	expr
EC general capillary	0.273519844006657	0.0302096869528482	116.532101681747	0.213688631908081	0.333351056105233	AGRN	expr
EC venous pulmonary	0.47246764481917	0.03112982584848	135.511150198636	0.41090452870266	0.534030760935679	AGRN	expr
EC venous systemic	0.323863069055815	0.0321069011755556	152.702717465558	0.260432001669461	0.387294136442168	AGRN	expr
Interstitial macrophages	0.115212568175794	0.0263607067070791	72.3107096143356	0.0626673171778269	0.167757819173762	AGRN	expr
Lymphatic EC	0.24046466236794	0.0295442838796953	110.907712534967	0.181920154756281	0.299009169979598	AGRN	expr
Mast cells	0.0874649775856748	0.0288744044265868	101.840891306006	0.0301916593096414	0.144738295861708	AGRN	expr
Myofibroblasts	0.0495890040659876	0.0454558423220362	532.088699627539	-0.039705924631231	0.138883932763206	AGRN	expr
Non-classical monocytes	0.0222234774017027	0.0277382902195992	86.834987293222	-0.0329108552262847	0.0773578100296902	AGRN	expr
Peribronchial fibroblasts	0.0859948553205271	0.0368184009704923	255.470103358783	0.0134886253248233	0.158501085316231	AGRN	expr
Subpleural fibroblasts	-0.0289893756719883	0.0858655840748751	1887.34316926439	-0.197390823659976	0.139412072316	AGRN	expr
Transitional Club-AT2	0.616482472034532	0.0298150576194678	115.143252942378	0.55742536226127	0.675539581807794	AGRN	expr
Vascular smooth muscle	0.136858127538631	0.0327021136439171	162.468904340818	0.0722821500344979	0.201434105042763	AGRN	expr
Pericytes	0.294066958184376	0.0416007412149996	241.686284074846	0.212120653970243	0.376013262398509	COL1A1	expr
AT1	0.108226104179916	0.0314743337092034	83.3722092527302	0.045629053241384	0.170823155118449	COL1A1	expr
AT2_AGTR2det	0.137840343369081	0.0369742441200799	148.472106140029	0.0647766229114964	0.210904063826666	COL1A1	expr
AT2_AGTR2undet	0.18257169026192	0.0305062649447627	74.2664819672841	0.121790254316087	0.243353126207752	COL1A1	expr
Adventitial fibroblasts	1.85569323277146	0.0334218343428902	105.452261171214	1.78942722180705	1.92195924373587	COL1A1	expr
Alveolar fibroblasts	1.59564905232289	0.0332191426115395	102.727925493697	1.52976464400927	1.66153346063652	COL1A1	expr
Alveolar macrophages	0.054739412227297	0.0295788724426104	63.7033687935955	-0.00435647804406615	0.11383530249866	COL1A1	expr
Classical monocytes	0.0795648943797477	0.0291498756214038	61.6642328421757	0.0212888112067015	0.137840977552794	COL1A1	expr
DC2	0.0440908113454105	0.0279853087882604	52.0134505902758	-0.012065473461902	0.100247096152723	COL1A1	expr
EC aerocyte capillary	0.0791899570408113	0.0364807286340128	144.571799098432	0.00708547499053876	0.151294439091084	COL1A1	expr
EC general capillary	0.121214232244449	0.0327500151227057	94.4132095606202	0.0561920195052146	0.186236444983683	COL1A1	expr
EC venous pulmonary	0.0703435973628514	0.033404096695764	105.167762054274	0.00411067573124214	0.136576518994461	COL1A1	expr
EC venous systemic	0.0648081840873561	0.0343206687598828	116.615935344944	-0.00316444099936052	0.132780809174073	COL1A1	expr
Interstitial macrophages	0.0500820182507227	0.028760826870155	58.7795569241382	-0.00747277967502737	0.107636816176473	COL1A1	expr
Lymphatic EC	0.0602633580266229	0.0318324319295904	87.0775211999007	-0.00300625310818065	0.123532969161426	COL1A1	expr
Mast cells	0.0841978467539825	0.0313943345479648	82.5008202756116	0.0217501900957402	0.146645503412225	COL1A1	expr
Myofibroblasts	1.78011008325526	0.0475678042506946	398.299531192362	1.68659473811824	1.87362542839227	COL1A1	expr
Non-classical monocytes	0.0403506252973978	0.0300614575733952	69.2508899810137	-0.0196164657899568	0.100317716384753	COL1A1	expr
Peribronchial fibroblasts	2.28745408617343	0.0389582412717542	190.593557196782	2.21060939125372	2.36429878109314	COL1A1	expr
Subpleural fibroblasts	2.52868609509707	0.0885133011423276	1676.45385830069	2.35507787274483	2.7022943174493	COL1A1	expr
Transitional Club-AT2	0.132661525101825	0.0321987216402465	90.5623217623049	0.0686985554302719	0.196624494773377	COL1A1	expr
Vascular smooth muscle	1.21298025455715	0.0350030188280785	125.595550482349	1.14370814652055	1.28225236259375	COL1A1	expr
Pericytes	1.79078275826357	0.039511292995666	245.457845692268	1.71295832523149	1.86860719129565	COL1A2	expr
AT1	0.0753759338311129	0.0298438967841798	84.1684250288759	0.0160298072389701	0.134722060423256	COL1A2	expr
AT2_AGTR2det	0.0679493900685822	0.0350931521135087	150.171189483302	-0.00139071346548283	0.137289493602647	COL1A2	expr
AT2_AGTR2undet	0.0975106686719263	0.0289188357889331	74.8592793479699	0.0398996185225547	0.155121718821298	COL1A2	expr
Adventitial fibroblasts	2.35825424101706	0.031701866850709	106.58659423151	2.29540619976233	2.42110228227179	COL1A2	expr
Alveolar fibroblasts	2.2864934398206	0.0315104871183011	103.861390131087	2.2240059798979	2.3489808997433	COL1A2	expr
Alveolar macrophages	0.089899354783341	0.0280321662519656	64.099046375793	0.0339003314843122	0.14589837808237	COL1A2	expr
Classical monocytes	0.0848638680486305	0.0276237146608768	62.0923087640537	0.0296464821487753	0.140081253948486	COL1A2	expr
DC2	0.0468084325418655	0.0265053215548094	52.2369477955341	-0.0063726443129267	0.0999895093966577	COL1A2	expr
EC aerocyte capillary	0.0799615130339913	0.0346298231411837	146.504940808076	0.0115229837199255	0.148400042348057	COL1A2	expr
EC general capillary	0.122392349875554	0.0310670311097942	95.397749786199	0.0607198117413223	0.184064888009786	COL1A2	expr
EC venous pulmonary	0.0912840947481129	0.0316857556940068	106.327395875471	0.0284662353313408	0.154101954164885	COL1A2	expr
EC venous systemic	0.0870400991688308	0.0325591451634276	117.948330996032	0.0225638349473551	0.151516363390306	COL1A2	expr
Interstitial macrophages	0.066658925354183	0.0272491185054998	59.1480055715608	0.0121364197693707	0.121181430938995	COL1A2	expr
Lymphatic EC	0.0605590571496844	0.0301838533544521	87.9055524931027	0.000574093035661256	0.120544021263708	COL1A2	expr
Mast cells	0.0683823897463033	0.0297727167972192	83.3384400254663	0.00916920973457949	0.127595569758027	COL1A2	expr
Myofibroblasts	1.99320517415004	0.045198011683411	404.910566647433	1.90435311522339	2.0820572330767	COL1A2	expr
Non-classical monocytes	0.0504171132210548	0.0284906445075095	69.756649592205	-0.00640917081503443	0.107243397257144	COL1A2	expr
Peribronchial fibroblasts	2.588417110007	0.0369858716422222	193.317786473592	2.51546946040137	2.66136475961262	COL1A2	expr
Subpleural fibroblasts	2.37729365832735	0.0842003217545853	1685.66377796475	2.21214547957757	2.54244183707713	COL1A2	expr
Transitional Club-AT2	0.0500361635577974	0.0305362841581411	91.4068333128447	-0.0106167767962818	0.110689103911877	COL1A2	expr
Vascular smooth muscle	1.54758276315489	0.0332141752615678	127.153275760882	1.48185866635004	1.61330685995974	COL1A2	expr
Pericytes	0.733641414091427	0.0445422864691377	195.126577986667	0.645795292097456	0.821487536085397	COL3A1	expr
AT1	0.0686009765592222	0.0344053305599276	72.0469090447089	1.59665114970453e-05	0.137185986606947	COL3A1	expr
AT2_AGTR2det	0.0599280153186706	0.0399092322502731	123.981507811164	-0.0190636506328904	0.138919681270232	COL3A1	expr
AT2_AGTR2undet	0.0667844708292158	0.0334394672987626	64.9067484331941	-5.75927879303828e-07	0.133569517586311	COL3A1	expr
Adventitial fibroblasts	1.91813239487934	0.036332659668869	89.2395918113249	1.84594284458855	1.99032194517013	COL3A1	expr
Alveolar fibroblasts	1.80478385924818	0.0361367722707219	87.239518908209	1.73296089180394	1.87660682669242	COL3A1	expr
Alveolar macrophages	0.0694287527020658	0.0325540970628714	56.7844720175631	0.00423493503618859	0.134622570367943	COL3A1	expr
Classical monocytes	0.0736491375771859	0.0321161859568176	54.9051464305572	0.00928436329286811	0.138013911861504	COL3A1	expr
DC2	0.0426952446995955	0.0309759079636913	47.1997912102815	-0.0196132821299436	0.105003771529135	COL3A1	expr
EC aerocyte capillary	0.0929854471517735	0.0394134959223064	120.474144412282	0.0149525960968153	0.171018298206732	COL3A1	expr
EC general capillary	0.120085162367555	0.0356990934771108	81.3638842993676	0.0490599796246739	0.191110345110435	COL3A1	expr
EC venous pulmonary	0.319214027281018	0.0363170074453621	89.0717321484649	0.247053707788836	0.391374346773201	COL3A1	expr
EC venous systemic	0.0827666508660121	0.0372282297149587	97.9482614479451	0.00888795286122875	0.156645348870796	COL3A1	expr
Interstitial macrophages	0.0454550787442278	0.0317273447462508	52.4864939563604	-0.0181964529449882	0.109106610433444	COL3A1	expr
Lymphatic EC	0.0555331791184447	0.0347565623632054	74.9292889368013	-0.0137065146366476	0.124772872873537	COL3A1	expr
Mast cells	0.0866707952882553	0.0343372490695405	71.4120081243267	0.0182111099168376	0.155130480659673	COL3A1	expr
Myofibroblasts	1.79268203379731	0.0505672568579386	316.245971893132	1.69319127775489	1.89217278983972	COL3A1	expr
Non-classical monocytes	0.0571085442784464	0.0330094535080442	60.9224045977165	-0.00889963780155768	0.123116726358451	COL3A1	expr
Peribronchial fibroblasts	2.3087289299763	0.0418674035800112	155.042714483351	2.22602477900301	2.39143308094959	COL3A1	expr
Subpleural fibroblasts	2.29799210238051	0.0926101133703487	1517.50920693564	2.11633472771077	2.47964947705025	COL3A1	expr
Transitional Club-AT2	0.0405208590213513	0.0351241054537729	77.9902308228107	-0.029406001331571	0.110447719374274	COL3A1	expr
Vascular smooth muscle	1.14944272188627	0.0379159135901043	105.081026095736	1.07426314499572	1.22462229877682	COL3A1	expr
Pericytes	0.497246298457088	0.0376971365731449	264.883474961421	0.423022134819298	0.571470462094877	COL5A1	expr
AT1	0.0453318796891643	0.0283973984985612	91.2215793888922	-0.0110742180824342	0.101737977460763	COL5A1	expr
AT2_AGTR2det	-0.00807890906798842	0.0334259913918538	166.185755669185	-0.0740732330324717	0.0579154148964949	COL5A1	expr
AT2_AGTR2undet	0.0147039934647866	0.0275001032708655	81.9750791218253	-0.0400027212935476	0.0694107082231208	COL5A1	expr
Adventitial fibroblasts	1.01235835292921	0.0302478152690523	117.117761764451	0.952454769168129	1.0722619366903	COL5A1	expr
Alveolar fibroblasts	1.02302698448376	0.0300093632324983	112.692041474799	0.963571265067388	1.08248270390013	COL5A1	expr
Alveolar macrophages	-0.00170282550749334	0.0265472300377051	69.746333260507	-0.0546529920438855	0.0512473410288988	COL5A1	expr
Classical monocytes	0.0321881066293563	0.0262001749194164	66.9272029933416	-0.0201087070105598	0.0844849202692724	COL5A1	expr
DC2	0.01090776751345	0.025214865302739	57.5410182033939	-0.03957384257965	0.06138937760655	COL5A1	expr
EC aerocyte capillary	0.0241149745277343	0.0328173398625089	155.738160692062	-0.0407095589006705	0.0889395079561391	COL5A1	expr
EC general capillary	0.0604912485355655	0.0293737918155728	101.196793744191	0.00222292071935408	0.118759576351777	COL5A1	expr
EC venous pulmonary	0.122266153344049	0.0302162829979385	116.046878448973	0.0624192523451675	0.182113054342931	COL5A1	expr
EC venous systemic	0.0894056107646773	0.0311060063246521	129.954002564476	0.0278658927297932	0.150945328799562	COL5A1	expr
Interstitial macrophages	-0.00212894124820845	0.0259061528594563	64.5557133373395	-0.0538738523212207	0.0496159698248038	COL5A1	expr
Lymphatic EC	0.0506130589279562	0.028782671230477	96.1917424988759	-0.00651863853342328	0.107744756389336	COL5A1	expr
Mast cells	0.0675799848372091	0.0281553579527643	88.5129880364121	0.0116316466721612	0.123528323002257	COL5A1	expr
Myofibroblasts	0.849702398147687	0.0433477067816678	439.06158208675	0.764507608278295	0.93489718801708	COL5A1	expr
Non-classical monocytes	0.00209765326541994	0.0271547765158681	76.6771205523482	-0.0519780487275265	0.0561733552583663	COL5A1	expr
Peribronchial fibroblasts	1.23312966403714	0.0354055126972126	212.660283275096	1.16333895905286	1.30292036902143	COL5A1	expr
Subpleural fibroblasts	0.992512748279471	0.0809092429710675	1782.39669861441	0.833825788402127	1.15119970815681	COL5A1	expr
Transitional Club-AT2	0.00819492668495758	0.0290085918117304	99.8523967013782	-0.0493583350701973	0.0657481884401125	COL5A1	expr
Vascular smooth muscle	0.397187610599307	0.031642091096913	137.848569876463	0.334620983854015	0.4597542373446	COL5A1	expr
Pericytes	0.824941079819437	0.0769715108619926	164.695357509404	0.67296293975515	0.976919219883724	FN1	expr
AT1	0.83349520331097	0.0606094258977005	65.2984539253165	0.712460308659846	0.954530097962093	FN1	expr
AT2_AGTR2det	0.321999841712125	0.069477373903661	109.005015810047	0.184298016479433	0.459701666944817	FN1	expr
AT2_AGTR2undet	0.401795715945756	0.0590472688882524	59.5932165598651	0.283667007812341	0.51992442407917	FN1	expr
Adventitial fibroblasts	1.6563371073571	0.0637433256733363	79.727611807937	1.52947719300404	1.78319702171016	FN1	expr
Alveolar fibroblasts	2.52722256536345	0.0633868298737212	77.7853821248981	2.4010235964672	2.65342153425971	FN1	expr
Alveolar macrophages	1.66858825488826	0.0576125808996143	52.9407138411029	1.55302903054634	1.78414747923018	FN1	expr
Classical monocytes	0.394845125385393	0.0569216661247104	51.043427945842	0.280572472887935	0.509117777882851	FN1	expr
DC2	0.336572678200932	0.0552008553592292	45.0285273752362	0.225394392428497	0.447750963973367	FN1	expr
EC aerocyte capillary	0.373491640904615	0.0685305231727188	104.279916281981	0.237597334951706	0.509385946857524	FN1	expr
EC general capillary	0.416064925247434	0.0625537454327852	72.7153155441416	0.291387267027039	0.540742583467829	FN1	expr
EC venous pulmonary	0.672366115235402	0.0637063954367734	79.4377592843507	0.545572571336272	0.799159659134532	FN1	expr
EC venous systemic	0.535091473399195	0.065209294728362	86.9874031844428	0.405480674517098	0.664702272281292	FN1	expr
Interstitial macrophages	0.98369377618355	0.0563584852675842	49.2033201699029	0.870448996495595	1.0969385558715	FN1	expr
Lymphatic EC	1.36599675198937	0.0612169427754538	67.9196509535525	1.24383762789187	1.48815587608687	FN1	expr
Mast cells	0.26239155825242	0.0603683589208358	64.2699145420032	0.141801651107214	0.382981465397626	FN1	expr
Myofibroblasts	2.210022105447	0.0869371840128679	262.498607964797	2.03883910749228	2.38120510340172	FN1	expr
Non-classical monocytes	0.19906457736709	0.0584384853469089	56.4637113557495	0.0820194361783193	0.316109718555861	FN1	expr
Peribronchial fibroblasts	2.33095494186799	0.0727228734449293	133.216995049322	2.1871140662102	2.47479581752579	FN1	expr
Subpleural fibroblasts	1.0740146623717	0.156711811982585	1384.24943748623	0.766596357519835	1.38143296722357	FN1	expr
Transitional Club-AT2	0.205091416628839	0.0617151082728916	70.5078336736711	0.0820200986132858	0.328162734644393	FN1	expr
Vascular smooth muscle	1.59307741728332	0.0662428605530969	92.2948807461089	1.46151897875123	1.72463585581541	FN1	expr
Pericytes	0.166109774561981	0.049088619482041	655.706838749038	0.0697199287020636	0.262499620421898	POSTN	expr
AT1	0.0329352394979493	0.034303348482933	196.203628930985	-0.0347153719204623	0.100585850916361	POSTN	expr
AT2_AGTR2det	-0.0175114233194466	0.0423248047362936	374.970408087264	-0.100735138191196	0.065712291552303	POSTN	expr
AT2_AGTR2undet	0.0182182860258793	0.0328747454058113	168.015756835316	-0.0466825053604781	0.0831190774122367	POSTN	expr
Adventitial fibroblasts	0.175692000441293	0.037363564093921	270.624955024426	0.102131790449633	0.249252210432953	POSTN	expr
Alveolar fibroblasts	0.201735030755153	0.0369420649348889	255.52582839631	0.128985345654784	0.274484715855521	POSTN	expr
Alveolar macrophages	0.0243378479811722	0.0311772866692783	132.322606737318	-0.0373325157685509	0.0860082117308953	POSTN	expr
Classical monocytes	0.0365206971556862	0.0306312162923438	129.780705886913	-0.024080462937578	0.0971218572489504	POSTN	expr
DC2	0.0101666833107854	0.0289069435135493	103.519861645854	-0.0471599997856616	0.0674933664072325	POSTN	expr
EC aerocyte capillary	0.207513172457367	0.0414062970098118	364.246683689839	0.126087766978967	0.288938577935766	POSTN	expr
EC general capillary	0.966112772092716	0.0358084640738929	212.881388732068	0.895528196209761	1.03669734797567	POSTN	expr
EC venous pulmonary	0.967234075496569	0.0372880588666169	266.069046973369	0.893816871044451	1.04065127994869	POSTN	expr
EC venous systemic	1.74683297607138	0.0387294708256055	305.315049693406	1.67062250734886	1.82304344479391	POSTN	expr
Interstitial macrophages	0.0181277185193715	0.0301641993350248	125.070472794942	-0.0415706468584344	0.0778260838971775	POSTN	expr
Lymphatic EC	0.0321369501381476	0.0349366312488716	209.680277184907	-0.0367351058897781	0.101009006166073	POSTN	expr
Mast cells	0.0592650051826424	0.0339450106691627	191.81263378261	-0.00768842956289702	0.126218439928182	POSTN	expr
Myofibroblasts	0.499223232538328	0.0577503573646982	1042.79002348042	0.38590308413133	0.612543380945326	POSTN	expr
Non-classical monocytes	0.0135038980298224	0.0322155205295419	154.641890849395	-0.0501353861379782	0.077143182197623	POSTN	expr
Peribronchial fibroblasts	1.02444892237197	0.045555872197405	530.993034472566	0.934957070771048	1.1139407739729	POSTN	expr
Subpleural fibroblasts	0.0977772090098556	0.112852213749035	2138.4116614108	-0.123534329083085	0.319088747102796	POSTN	expr
Transitional Club-AT2	0.000489621918381311	0.0353334128749355	212.766560346353	-0.0691587621071578	0.0701380059439204	POSTN	expr
Vascular smooth muscle	0.12607332084095	0.0395764132762409	325.575660449401	0.0482155502447721	0.203931091437127	POSTN	expr
Pericytes	0.798556720727078	0.049039005632993	236.147462055725	0.701946912156929	0.895166529297228	LUM	expr
AT1	0.105486468548631	0.0372787594456224	83.352169822767	0.0313451480380092	0.179627789059253	LUM	expr
AT2_AGTR2det	0.112885837356087	0.0436624369451408	148.765828631471	0.0266071746825069	0.199164500029667	LUM	expr
AT2_AGTR2undet	0.13585279225645	0.0361545008118366	74.9779891960755	0.0638289867517259	0.207876597761173	LUM	expr
Adventitial fibroblasts	2.23154539698132	0.0395819017752954	105.634062914927	2.15306728828265	2.31002350567999	LUM	expr
Alveolar fibroblasts	2.50163848101318	0.0393060813358756	102.229774138089	2.42367715826977	2.57959980375658	LUM	expr
Alveolar macrophages	0.113633787698843	0.035029907054483	64.5472330147539	0.0436649281174975	0.183602647280188	LUM	expr
Classical monocytes	0.0674457924703458	0.0345495576663941	62.0528294971305	-0.00161661963565136	0.136508204576343	LUM	expr
DC2	0.0562743639353836	0.0332781746915797	53.3388908553937	-0.010463303379311	0.123012031250078	LUM	expr
EC aerocyte capillary	0.0250945679266714	0.042962065890692	141.384930374462	-0.0598364915329931	0.110025627386336	LUM	expr
EC general capillary	0.0984228582472315	0.038625708657273	93.2038253255159	0.021722066474376	0.175123650020087	LUM	expr
EC venous pulmonary	0.056796210527168	0.0395488100263839	104.941414621649	-0.0216222843369115	0.135214705391248	LUM	expr
EC venous systemic	0.0425223540115423	0.0406481756897871	116.708840328249	-0.0379813263973475	0.123026034420432	LUM	expr
Interstitial macrophages	0.079267414107573	0.0341506121430618	59.6331207266235	0.0109473738825417	0.147587454332604	LUM	expr
Lymphatic EC	0.0824489779681182	0.0377360548358006	87.4451741933888	0.00744986638544731	0.157448089550789	LUM	expr
Mast cells	0.0613082223646416	0.0370645724103625	81.5784484104846	-0.0124307242147781	0.135047168944061	LUM	expr
Myofibroblasts	1.50335016926638	0.056112191838171	388.759253145313	1.39302883821977	1.61367150031299	LUM	expr
Non-classical monocytes	0.0786646943211276	0.0356912855826932	70.214506966722	0.00748449291450201	0.149844895727753	LUM	expr
Peribronchial fibroblasts	2.62399501571905	0.0460579513568648	188.716923490542	2.53314044935231	2.7148495820858	LUM	expr
Subpleural fibroblasts	1.374560863175	0.10408721480216	1683.50482177831	1.17040689514699	1.57871483120302	LUM	expr
Transitional Club-AT2	0.103084687590432	0.0380878673977311	90.9321576942672	0.0274270574749773	0.178742317705887	LUM	expr
Vascular smooth muscle	0.423854159906089	0.0413716907557741	124.360906179201	0.341970336478328	0.50573798333385	LUM	expr
Pericytes	2.00115374217507	0.0525661373153865	157.086589985264	1.89732612192041	2.10498136242974	DCN	expr
AT1	0.139700962597654	0.0415997971204099	63.3959117236924	0.0565805603670632	0.222821364828245	DCN	expr
AT2_AGTR2det	0.175932129589924	0.0475399215935503	104.791589930262	0.0816670617278903	0.270197197451958	DCN	expr
AT2_AGTR2undet	0.226396520865176	0.0405521557219319	57.9817070520259	0.14522201646341	0.307571025266942	DCN	expr
Adventitial fibroblasts	2.96996191684261	0.0436963757547425	77.0302166131487	2.88295186125068	3.05697197243455	DCN	expr
Alveolar fibroblasts	2.72800585493691	0.0434574800634025	75.2059743274397	2.64143800144004	2.81457370843378	DCN	expr
Alveolar macrophages	0.243189673246399	0.0395980749785616	51.7110453590569	0.163719752630839	0.322659593861958	DCN	expr
Classical monocytes	0.107104632857912	0.0391356075836748	49.8814189296366	0.0284938213895647	0.185715444326259	DCN	expr
DC2	0.11933229622488	0.0379906199141701	44.1855424724836	0.0427763125116934	0.195888279938067	DCN	expr
EC aerocyte capillary	0.122167063073805	0.0469007471123859	100.249923376737	0.0291201571757821	0.215213968971828	DCN	expr
EC general capillary	0.183302478551489	0.042899462985836	70.4677270813928	0.0977521806900156	0.268852776412963	DCN	expr
EC venous pulmonary	0.146526425428252	0.0436717444118844	76.7649724440209	0.0595606232780636	0.23349222757844	DCN	expr
EC venous systemic	0.0620571468355238	0.0446787008227922	83.8987082819788	-0.026792916780566	0.150907210451614	DCN	expr
Interstitial macrophages	0.139552183638204	0.0387605984127347	48.1280734124614	0.0616241345772802	0.217480232699128	DCN	expr
Lymphatic EC	0.199066178291573	0.0420069041877569	65.8818491331762	0.115193880514861	0.282938476068286	DCN	expr
Mast cells	0.12625170572751	0.041435353770136	62.4028371139492	0.0434342484968626	0.209069162958157	DCN	expr
Myofibroblasts	2.53714264918004	0.0592675648972415	249.011469195301	2.42041302131687	2.65387227704321	DCN	expr
Non-classical monocytes	0.115124159084488	0.0401509527740777	55.0411580461016	0.0346612040286437	0.195587114140332	DCN	expr
Peribronchial fibroblasts	2.95207524484475	0.0497153614127451	127.43441270568	2.85370074203645	3.05044974765304	DCN	expr
Subpleural fibroblasts	2.68230450439773	0.106354847119601	1340.90783363757	2.4736645093908	2.89094449940467	DCN	expr
Transitional Club-AT2	0.170602175177603	0.0423353258434569	68.3431827796821	0.0861310281724195	0.255073322182786	DCN	expr
Vascular smooth muscle	1.56597219742893	0.0453695915438605	88.9060454292322	1.47582247272657	1.6561219221313	DCN	expr
Pericytes	0.650072876786692	0.0437507845038022	257.99268721304	0.563918759784603	0.736226993788781	FBN1	expr
AT1	0.0390522630865328	0.0330997260703199	90.1345366316875	-0.0267047828188861	0.104809308991952	FBN1	expr
AT2_AGTR2det	0.00763412631318072	0.038809075202955	163.416882043216	-0.0689977670408446	0.084266019667206	FBN1	expr
AT2_AGTR2undet	0.0213438639083643	0.0320522725142069	81.2310577306801	-0.042427354537406	0.0851150823541346	FBN1	expr
Adventitial fibroblasts	1.8839090149505	0.0352359811400938	115.479093484031	1.81411639637038	1.95370163353062	FBN1	expr
Alveolar fibroblasts	1.32285681556333	0.0349462685662304	110.957570826107	1.25360815969505	1.39210547143161	FBN1	expr
Alveolar macrophages	0.100197601158835	0.0308949878372033	68.9601485327922	0.0385631513942791	0.161832050923391	FBN1	expr
Classical monocytes	0.0369208124508434	0.0305560175557611	66.3296677626137	-0.0240805859293054	0.0979222108309923	FBN1	expr
DC2	0.0181213916942845	0.0294577083964839	57.5500949544811	-0.0408544345645535	0.0770972179531225	FBN1	expr
EC aerocyte capillary	0.0296556135963871	0.0380574442825846	151.564384373226	-0.0455359821156809	0.104847209308455	FBN1	expr
EC general capillary	0.121127072429998	0.0341084411763021	99.040789901866	0.053448870068857	0.18880527479114	FBN1	expr
EC venous pulmonary	0.589160512931028	0.035197195474458	114.366370949988	0.519437535605616	0.658883490256441	FBN1	expr
EC venous systemic	0.427395632975546	0.0362341793996959	128.17946216654	0.35570107629796	0.499090189653133	FBN1	expr
Interstitial macrophages	0.017363833240671	0.0302385791192926	64.2190359281435	-0.0430407050883768	0.0777683715697189	FBN1	expr
Lymphatic EC	0.782848752641231	0.0335643907120701	95.2084515110608	0.71621689392883	0.849480611353631	FBN1	expr
Mast cells	0.0443920973130654	0.0327360295152903	86.7677392576224	-0.0206767619304105	0.109460956556541	FBN1	expr
Myofibroblasts	0.861490383426997	0.0503441159068127	427.768575645914	0.762537758448473	0.96044300840552	FBN1	expr
Non-classical monocytes	0.0302286058782623	0.0316980033714843	76.282792725455	-0.0328996545605799	0.0933568663171044	FBN1	expr
Peribronchial fibroblasts	1.65534915572092	0.0411947427614573	208.651592043805	1.57413789618662	1.73656041525521	FBN1	expr
Subpleural fibroblasts	1.056519520819	0.0935528126467843	1785.60968253526	0.873035004957903	1.2400040366801	FBN1	expr
Transitional Club-AT2	0.219228376713358	0.0337373452699759	98.3787282099184	0.152280934228974	0.286175819197742	FBN1	expr
Vascular smooth muscle	0.504457685789342	0.0368075056471095	135.230682086047	0.431664889084823	0.577250482493862	FBN1	expr
Pericytes	2.3684187285009	0.0502704066715428	336.636783833383	2.26953503217503	2.46730242482677	BGN	expr
AT1	0.0408976826047933	0.0370449590762298	109.01259248077	-0.0325241267517584	0.114319491961345	BGN	expr
AT2_AGTR2det	-0.0424887651793502	0.0442254233794756	204.614274830959	-0.129684740726382	0.0447072103676813	BGN	expr
AT2_AGTR2undet	0.0214695252655122	0.0357769157187934	96.816963658436	-0.0495394442526357	0.09247849478366	BGN	expr
Adventitial fibroblasts	1.4604344502632	0.0396960438571696	143.033127301265	1.38196774516334	1.53890115536307	BGN	expr
Alveolar fibroblasts	1.3788105588454	0.0393564933162338	137.060847984412	1.30098610840817	1.45663500928263	BGN	expr
Alveolar macrophages	0.025312201642894	0.0344017826166413	80.7824848936055	-0.0431393487829465	0.0937637520687344	BGN	expr
Classical monocytes	0.0502768259478948	0.0338870930525191	77.5822377748768	-0.0171929164035212	0.117746568299311	BGN	expr
DC2	0.0191321996816099	0.0324329886825991	65.2074086938811	-0.0456370459508719	0.0839014453140916	BGN	expr
EC aerocyte capillary	0.266657274267303	0.0433956768347661	193.09628454938	0.181066875527287	0.352247673007318	BGN	expr
EC general capillary	0.175931963333453	0.038472862207562	121.298272141651	0.0997666765136774	0.252097250153229	BGN	expr
EC venous pulmonary	0.279309333806671	0.0396478090318128	141.490375380329	0.200930682886564	0.357687984726778	BGN	expr
EC venous systemic	0.10865584503101	0.0409110548991177	159.633755118099	0.0278591263355895	0.18945256372643	BGN	expr
Interstitial macrophages	0.0145123054617043	0.03345607718938	74.5900090832795	-0.0521416230584458	0.0811662339818544	BGN	expr
Lymphatic EC	0.385940525445128	0.0375877222481541	115.361519290119	0.311488962429212	0.460392088461044	BGN	expr
Mast cells	0.0498602873367933	0.036741753292637	106.032848573548	-0.0229835516037162	0.122704126277303	BGN	expr
Myofibroblasts	1.960364945738	0.0581722997416005	560.765156724233	1.84610271719485	2.07462717428115	BGN	expr
Non-classical monocytes	0.0295766869056307	0.0352399803420246	89.81921275171	-0.0404356047231453	0.0995889785344067	BGN	expr
Peribronchial fibroblasts	2.22978274594119	0.047010922000442	268.684136970382	2.13722611796816	2.32233937391422	BGN	expr
Subpleural fibroblasts	1.28489990819907	0.110247123020053	1909.29368911677	1.06868245174114	1.501117364657	BGN	expr
Transitional Club-AT2	-0.00102784696980637	0.0379547546163015	119.711762620057	-0.0761774625321974	0.0741217685925847	BGN	expr
Vascular smooth muscle	1.95275986960009	0.0416908008250663	170.123118461822	1.87046195918783	2.03505778001235	BGN	expr
Pericytes	1.2281452573705	0.0384529427521712	205.671154772909	1.15233276989884	1.30395774484216	COL5A2	expr
AT1	0.0141776344340303	0.0296644673252524	76.2662642356828	-0.0449009370377598	0.0732562059058203	COL5A2	expr
AT2_AGTR2det	-0.0128315307953829	0.0344038143400533	132.998371154246	-0.0808809505508854	0.0552178889601197	COL5A2	expr
AT2_AGTR2undet	0.00433723674905478	0.0288138222645682	69.1750902315815	-0.0531421703606333	0.0618166438587429	COL5A2	expr
Adventitial fibroblasts	1.11310395822393	0.0313910258269667	95.4690083490478	1.05078884122498	1.17541907522287	COL5A2	expr
Alveolar fibroblasts	1.26751311966333	0.0311726942935066	92.4023164667255	1.20560504947089	1.32942118985576	COL5A2	expr
Alveolar macrophages	-0.0101782276567524	0.0279505364634085	60.1124326512502	-0.0660854741358024	0.0457290188222976	COL5A2	expr
Classical monocytes	0.034064165562901	0.0276228708375152	57.8339146262391	-0.021232398978211	0.089360730104013	COL5A2	expr
DC2	0.0102939945286519	0.0267146535508111	50.6420529601109	-0.0433471159669621	0.0639351050242659	COL5A2	expr
EC aerocyte capillary	0.0408219656575969	0.0338289940126699	125.096508939476	-0.026129307165159	0.107773238480353	COL5A2	expr
EC general capillary	0.0409587596775065	0.030594975606062	84.3899918769796	-0.0198785968769946	0.101796116232008	COL5A2	expr
EC venous pulmonary	0.10537569470012	0.0313646314676406	94.8286463609773	0.0431075773555897	0.167643812044651	COL5A2	expr
EC venous systemic	0.065020092198283	0.0321988457055875	105.107795672305	0.00117649232794285	0.128863692068623	COL5A2	expr
Interstitial macrophages	-0.00139251301954696	0.0273457959394424	55.8820159510447	-0.0561752773197401	0.0533902512806462	COL5A2	expr
Lymphatic EC	0.197465343075178	0.0300226088687998	79.9767267223781	0.137718180445687	0.257212505704668	COL5A2	expr
Mast cells	0.0454193908714661	0.0294396213598328	74.1674389703337	-0.0132381348343284	0.104076916577261	COL5A2	expr
Myofibroblasts	1.20690985333308	0.0438565374764455	335.780670402031	1.12064167461302	1.29317803205315	COL5A2	expr
Non-classical monocytes	0.00446316168540467	0.0285077178832685	65.2723516874629	-0.0524661791903857	0.0613925025611951	COL5A2	expr
Peribronchial fibroblasts	1.48270196001355	0.0362623773723783	166.230101796202	1.41110778141628	1.55429613861081	COL5A2	expr
Subpleural fibroblasts	0.745707230714667	0.0803996787727389	1596.26920820977	0.588007182081359	0.903407279347975	COL5A2	expr
Transitional Club-AT2	-0.00385202058872319	0.0302265790514021	82.8732457548536	-0.0639728305202683	0.0562687893428219	COL5A2	expr
Vascular smooth muscle	0.663959191907658	0.0327084017978336	111.186827455055	0.59914651029202	0.728771873523295	COL5A2	expr
Pericytes	1.12415246923503	0.0218022832746864	921.85258177332	1.081364601329	1.16694033714105	COL5A3	expr
AT1	0.0072137217392385	0.0149321342532796	292.964077311189	-0.0221741288644598	0.0366015723429368	COL5A3	expr
AT2_AGTR2det	-0.00698154958631904	0.0186396978254957	556.655879012053	-0.0435942918932046	0.0296311927205666	COL5A3	expr
AT2_AGTR2undet	0.0013298509093682	0.0142613869062285	252.523158173331	-0.0267565626509716	0.029416264469708	COL5A3	expr
Adventitial fibroblasts	0.295734371956605	0.0164000896972893	410.745572756398	0.263495792708144	0.327972951205066	COL5A3	expr
Alveolar fibroblasts	0.384170097009658	0.0161699062035248	380.634173749201	0.352376569843204	0.415963624176112	COL5A3	expr
Alveolar macrophages	0.00172212153027095	0.013378511306291	196.023019294988	-0.0246621728536819	0.0281064159142238	COL5A3	expr
Classical monocytes	0.00738310018123943	0.0131676419093155	191.371282111569	-0.0185892517051557	0.0333554520676345	COL5A3	expr
DC2	0.00634839725004842	0.0123929123243343	154.134766314171	-0.0181334835366343	0.0308302780367311	COL5A3	expr
EC aerocyte capillary	0.00654352480211549	0.018132952121274	527.241041120202	-0.0290781802224554	0.0421652298266863	COL5A3	expr
EC general capillary	0.0154808701756468	0.0155004800805552	306.766314897029	-0.0150198464080549	0.0459815867593485	COL5A3	expr
EC venous pulmonary	0.00616278980168737	0.0163512185524013	399.042990490651	-0.0259825065358149	0.0383080861391896	COL5A3	expr
EC venous systemic	0.0123784166638197	0.0170525056673125	461.857924727865	-0.02113169427379	0.0458885276014293	COL5A3	expr
Interstitial macrophages	0.00239669641236827	0.0129865839447778	188.387390236578	-0.0232211119698165	0.0280145047945531	COL5A3	expr
Lymphatic EC	0.00504919614896403	0.015257739178846	314.847226473439	-0.0249708209050066	0.0350692132029346	COL5A3	expr
Mast cells	0.00934470440003053	0.0146809367284145	285.966244370217	-0.0195516988375359	0.038241107637597	COL5A3	expr
Myofibroblasts	0.106719078845326	0.0258927384116668	1358.30256181963	0.0559249828719721	0.157513174818681	COL5A3	expr
Non-classical monocytes	0.00691100184559688	0.013975933148889	232.27834740147	-0.0206247947241571	0.0344467984153509	COL5A3	expr
Peribronchial fibroblasts	0.446948829484415	0.0202563582499202	774.419328382857	0.407184950306088	0.486712708662741	COL5A3	expr
Subpleural fibroblasts	0.265108148385604	0.0509977610966772	2254.08205493283	0.165100673255769	0.365115623515439	COL5A3	expr
Transitional Club-AT2	-0.00235629051666743	0.0153705475611735	319.059625098732	-0.0325967205898115	0.0278841395564766	COL5A3	expr
Vascular smooth muscle	0.24320451500874	0.0173917997709687	483.064458201694	0.209031594045243	0.277377435972238	COL5A3	expr
Pericytes	-0.00761179906396758	0.0138570747603581	542.945332257235	-0.0348318446342609	0.0196082465063257	COL11A1	expr
AT1	0.0133455771718481	0.00981978941062632	163.378547947226	-0.00604448476741204	0.0327356391111083	COL11A1	expr
AT2_AGTR2det	0.060746646590052	0.0120127878654291	313.922405646749	0.037110890874131	0.0843824023059731	COL11A1	expr
AT2_AGTR2undet	0.0964471875386635	0.00943122416592919	141.366030288019	0.0778027213522757	0.115091653725051	COL11A1	expr
Adventitial fibroblasts	0.0142100134098541	0.0106467393448988	222.6283682139	-0.00677126997917297	0.0351912967988812	COL11A1	expr
Alveolar fibroblasts	0.00773299889590271	0.0105363569238951	211.216708963056	-0.013036889305146	0.0285028870969514	COL11A1	expr
Alveolar macrophages	0.0242760871445614	0.00898240730866261	113.102897215165	0.00648049341615457	0.0420716808729683	COL11A1	expr
Classical monocytes	0.00452617794886793	0.00882884849287435	110.010156187288	-0.0129705095123752	0.022022865410111	COL11A1	expr
DC2	0.0138092588605002	0.00836301121018101	88.8419805313445	-0.0028082735390781	0.0304267912600786	COL11A1	expr
EC aerocyte capillary	0.00435990997432353	0.0117648290058489	302.028470129572	-0.0187915026794801	0.0275113226281271	COL11A1	expr
EC general capillary	0.0105385764649086	0.0102441108444496	179.406831323462	-0.00967587114467852	0.0307530240744958	COL11A1	expr
EC venous pulmonary	0.00327250402724088	0.0106283145947726	219.35383667475	-0.0176741790939496	0.0242191871484314	COL11A1	expr
EC venous systemic	0.0136633186710451	0.0110184426547621	250.698674562738	-0.00803719226563965	0.0353638296077298	COL11A1	expr
Interstitial macrophages	0.010871445410503	0.008698107350308	105.724377057705	-0.00637391744487711	0.028116808265883	COL11A1	expr
Lymphatic EC	0.0121755835156572	0.0099893818430369	174.154374145684	-0.00754025152912901	0.0318914185604435	COL11A1	expr
Mast cells	0.00514232536162317	0.00972739040716269	159.370669388589	-0.0140688912105156	0.0243535419337619	COL11A1	expr
Myofibroblasts	0.103750842215999	0.0162286917619937	884.48726007302	0.0718996054822537	0.135602078949744	COL11A1	expr
Non-classical monocytes	0.0122969855200956	0.00925332324075158	130.101170468566	-0.00600947412880902	0.0306034451690002	COL11A1	expr
Peribronchial fibroblasts	0.0921301838281267	0.0128806835953357	435.823320479381	0.0668142040125199	0.117446163643734	COL11A1	expr
Subpleural fibroblasts	0.0175270580312772	0.0314806303105255	2087.55416537087	-0.0442096381924953	0.0792637542550497	COL11A1	expr
Transitional Club-AT2	0.00937831960414738	0.0101028792954353	178.302116370905	-0.0105582781030528	0.0293149173113476	COL11A1	expr
Vascular smooth muscle	0.0127797025511551	0.0112541472169218	267.821423323939	-0.00937815043530628	0.0349375555376164	COL11A1	expr
Pericytes	0.00613118164500392	0.0109376299153779	1905.40574735068	-0.0153198051576269	0.0275821684476348	COL11A2	expr
AT1	0.00713592409491398	0.00704597038999204	870.744743623977	-0.00669314651961923	0.0209649947094472	COL11A2	expr
AT2_AGTR2det	0.0055428727126035	0.00903904083269406	1261.2236066137	-0.0121903396126945	0.0232760850379015	COL11A2	expr
AT2_AGTR2undet	0.00529733800232206	0.00663595296347861	656.446155613606	-0.00773291540274182	0.0183275914073859	COL11A2	expr
Adventitial fibroblasts	0.0219268505435	0.00789870672484828	1156.18769539407	0.00642944654492252	0.0374242545420775	COL11A2	expr
Alveolar fibroblasts	0.00132093199462403	0.0077526199265963	1181.63859835289	-0.0138895037797955	0.0165313677690436	COL11A2	expr
Alveolar macrophages	0.00467367624196594	0.00605182752431305	673.995096264784	-0.0072090261118658	0.0165563785957977	COL11A2	expr
Classical monocytes	0.0023258327171944	0.00602457759899754	553.773367960037	-0.00950798620811969	0.0141596516425085	COL11A2	expr
DC2	0.00416146726208956	0.00551506988582103	679.006516507678	-0.00666717310625297	0.0149901076304321	COL11A2	expr
EC aerocyte capillary	0.0112487543042683	0.0088725121824899	1272.58534235974	-0.00615760506322671	0.0286551136717634	COL11A2	expr
EC general capillary	0.0354409989009841	0.00733973014961726	696.645546513747	0.0210303555934065	0.0498516422085617	COL11A2	expr
EC venous pulmonary	0.0159020916222858	0.00789612636350864	996.346237041398	0.000407145415675334	0.0313970378288963	COL11A2	expr
EC venous systemic	0.0409247601670567	0.00826334955653475	1457.24772223724	0.0247154296477996	0.0571340906863139	COL11A2	expr
Interstitial macrophages	0.00327131065653919	0.00593673913617008	656.143476831726	-0.00838598735074763	0.014928608663826	COL11A2	expr
Lymphatic EC	0.0108718307485963	0.00722096857466015	900.39559877965	-0.00330005783382354	0.0250437193310162	COL11A2	expr
Mast cells	-0.00254660108992427	0.00695590513393779	1096.77625859733	-0.0161949862357784	0.0111017840559299	COL11A2	expr
Myofibroblasts	0.0807879343047551	0.0132271812471233	2049.48937117643	0.0548478161711453	0.106728052438365	COL11A2	expr
Non-classical monocytes	0.0020429319249836	0.00647456836420584	675.58167480949	-0.0106697641002197	0.0147556279501869	COL11A2	expr
Peribronchial fibroblasts	0.0283547107999923	0.0100576533785887	1811.1545661224	0.00862889011969454	0.04808053148029	COL11A2	expr
Subpleural fibroblasts	0.00578466785090913	0.0267451821236884	2276.39358386829	-0.0466628120863624	0.0582321477881806	COL11A2	expr
Transitional Club-AT2	0.0171944613038123	0.0072774654456342	859.730172258064	0.00291078245148852	0.0314781401561362	COL11A2	expr
Vascular smooth muscle	0.0239989332632487	0.00845541471836775	1495.02176536987	0.00741319737050546	0.0405846691559919	COL11A2	expr
Pericytes	0.822701043927142	0.180043386493422	33.8316556945865	0.456741786276548	1.18866030157774	SFTPC	expr
AT1	1.05293254024955	0.172937269477075	28.7929599411088	0.699125604389701	1.4067394761094	SFTPC	expr
AT2_AGTR2det	3.03974686077951	0.176796942340551	31.3983669371518	2.6793524515966	3.40014126996242	SFTPC	expr
AT2_AGTR2undet	3.08726701305368	0.172283770884958	28.3615625838554	2.73456228170662	3.43997174440073	SFTPC	expr
Adventitial fibroblasts	0.843684990604156	0.174161529934501	29.6015260506422	0.487798809556836	1.19957117165148	SFTPC	expr
Alveolar fibroblasts	0.911190478439395	0.17404337979854	29.5371832805109	0.555512784265999	1.26686817261279	SFTPC	expr
Alveolar macrophages	0.968332355941165	0.171972041488121	28.1197564917438	0.616131173994638	1.32053353788769	SFTPC	expr
Classical monocytes	0.828798065558079	0.171577612339746	27.8971843364751	0.477278893721298	1.18031723739486	SFTPC	expr
DC2	0.883168957725386	0.170936713415645	27.4608256995709	0.532710985665199	1.23362692978557	SFTPC	expr
EC aerocyte capillary	0.81014307559611	0.176395992454866	31.1728238588843	0.450461900281123	1.1698242509111	SFTPC	expr
EC general capillary	0.948204614045086	0.17391272811647	29.4517878676639	0.592749999906829	1.30365922818334	SFTPC	expr
EC venous pulmonary	0.918336342833467	0.174134716672371	29.5964060611463	0.562502335297932	1.274170350369	SFTPC	expr
EC venous systemic	0.847443625153035	0.174740329842067	29.9997279687577	0.49057612681435	1.20431112349172	SFTPC	expr
Interstitial macrophages	0.846669700230783	0.171335108216071	27.7241534019607	0.495548254171755	1.19779114628981	SFTPC	expr
Lymphatic EC	0.839046481759139	0.173132054334415	28.9180061292309	0.484908056652053	1.19318490686622	SFTPC	expr
Mast cells	0.871728916853329	0.173000395692712	28.8357358355006	0.517815808233412	1.22564202547325	SFTPC	expr
Myofibroblasts	0.627653496530888	0.184794730629995	37.5414011578883	0.253405990569196	1.00190100249258	SFTPC	expr
Non-classical monocytes	0.820401467430189	0.172083392489517	28.2145900373658	0.468025359618952	1.17277757524143	SFTPC	expr
Peribronchial fibroblasts	0.652733687405818	0.17796498980787	32.2766626144558	0.290352688667504	1.01511468614413	SFTPC	expr
Subpleural fibroblasts	0.471759791262847	0.229985263217808	89.2245405049671	0.014799817454427	0.928719765071267	SFTPC	expr
Transitional Club-AT2	1.1825225983682	0.173332543527715	29.0815255872665	0.828060904881568	1.53698429185483	SFTPC	expr
Vascular smooth muscle	0.886107125464035	0.175240868849868	30.3578781729761	0.528394361624414	1.24381988930366	SFTPC	expr
Pericytes	0.463720582401204	0.147480807301653	39.0226819087453	0.165418036284034	0.762023128518374	SFTPB	expr
AT1	2.18342246161673	0.138808886878501	30.6343759613658	1.900182858849	2.46666206438445	SFTPB	expr
AT2_AGTR2det	2.93886957252114	0.143482614945202	34.8877406605551	2.64755086970946	3.23018827533282	SFTPB	expr
AT2_AGTR2undet	2.9939759957998	0.137997796660827	29.9384231416866	2.71212258733042	3.27582940426917	SFTPB	expr
Adventitial fibroblasts	0.459162224034246	0.140351700718332	31.9991693876901	0.173274873991349	0.745049574077143	SFTPB	expr
Alveolar fibroblasts	0.550276218672422	0.140172130699734	31.8537088015418	0.264703495814463	0.835848941530382	SFTPB	expr
Alveolar macrophages	0.586030103899607	0.137523184136305	29.4687349235098	0.304957813957404	0.86710239384181	SFTPB	expr
Classical monocytes	0.435231453783845	0.137088336817587	29.1450579880991	0.154914925829007	0.715547981738683	SFTPB	expr
DC2	0.50699126440396	0.136337786490828	28.4866122526816	0.227930735352973	0.786051793454946	SFTPB	expr
EC aerocyte capillary	0.46299737068298	0.142913231213329	34.4144961946093	0.172691534289446	0.753303207076513	SFTPB	expr
EC general capillary	0.510420579082293	0.139866987734822	31.5755498552797	0.225370574496443	0.795470583668143	SFTPB	expr
EC venous pulmonary	0.530752014824353	0.140318261359526	31.9848063217258	0.244927744637692	0.816576285011013	SFTPB	expr
EC venous systemic	0.450117892668335	0.141082307449342	32.6738773632635	0.162974904252632	0.737260881084038	SFTPB	expr
Interstitial macrophages	0.467900756203738	0.13683566565577	28.9115949360049	0.188003220972045	0.747798291435431	SFTPB	expr
Lymphatic EC	0.474654042522315	0.139091428463366	30.8793255783036	0.190930264557256	0.758377820487374	SFTPB	expr
Mast cells	0.401923112744587	0.138752081457209	30.5845539626923	0.118780495681049	0.685065729808126	SFTPB	expr
Myofibroblasts	0.403842020401406	0.153344803814872	45.5851205579825	0.095099112777219	0.712584928025592	SFTPB	expr
Non-classical monocytes	0.456151204072723	0.137788639726862	29.7285133026988	0.174641459074632	0.737660949070815	SFTPB	expr
Peribronchial fibroblasts	0.298970616621156	0.145050812928312	36.4993101503698	0.00493360395251913	0.593007629289794	SFTPB	expr
Subpleural fibroblasts	0.663882136341733	0.205399626631029	143.468353080484	0.257881607080304	1.06988266560316	SFTPB	expr
Transitional Club-AT2	2.88557310835444	0.139264295423156	31.0887481155312	2.60157456471544	3.16957165199344	SFTPB	expr
Vascular smooth muscle	0.510910422813043	0.141631305302579	33.1968500425085	0.222824262563621	0.798996583062466	SFTPB	expr
Pericytes	0.615839909163507	0.138726080080489	36.6942142630072	0.334675083155449	0.897004735171566	SCGB1A1	expr
AT1	0.766594462885614	0.131470048134893	29.5759411576836	0.497935279586251	1.03525364618498	SCGB1A1	expr
AT2_AGTR2det	0.856090515882793	0.135384263184789	33.1645078056304	0.58070105611055	1.13147997565504	SCGB1A1	expr
AT2_AGTR2undet	0.88001456139604	0.130795973250544	28.9821666181063	0.612499609794211	1.14752951299787	SCGB1A1	expr
Adventitial fibroblasts	0.69870553702077	0.13269779475989	30.6673207054842	0.427947555788919	0.969463518252622	SCGB1A1	expr
Alveolar fibroblasts	0.69606267449201	0.132605500234278	30.6132723437333	0.425473431265713	0.966651917718307	SCGB1A1	expr
Alveolar macrophages	0.815517127150174	0.130463298243488	28.6124204379339	0.548532635937748	1.0825016183626	SCGB1A1	expr
Classical monocytes	0.674510142091441	0.130081606461798	28.3410026711507	0.408194415002848	0.940825869180035	SCGB1A1	expr
DC2	0.717050413374704	0.129383592561575	27.6931939701718	0.451887794544871	0.982213032204538	SCGB1A1	expr
EC aerocyte capillary	0.647379571183924	0.135053473942649	32.9539127014938	0.37259661349411	0.922162528873738	SCGB1A1	expr
EC general capillary	0.698372729567525	0.132512250786391	30.5306005346491	0.427943698561628	0.968801760573421	SCGB1A1	expr
EC venous pulmonary	0.673956897198596	0.132683987393761	30.6784506790315	0.403231114324327	0.944682680072864	SCGB1A1	expr
EC venous systemic	0.552336075332109	0.133288338470877	31.2198392574347	0.280570280957562	0.824101869706656	SCGB1A1	expr
Interstitial macrophages	0.648326443319579	0.129799134250399	28.0691642144993	0.38247448212373	0.914178404515427	SCGB1A1	expr
Lymphatic EC	0.661560571682302	0.131650922211398	29.7275072193359	0.392590134720296	0.930531008644309	SCGB1A1	expr
Mast cells	0.711097735035774	0.131572141948148	29.6676816971952	0.442265301881904	0.979930168189645	SCGB1A1	expr
Myofibroblasts	0.583318336475103	0.143483792675615	41.9955261387703	0.293755405922592	0.872881267027614	SCGB1A1	expr
Non-classical monocytes	0.664705284234907	0.130566331760159	28.7409613340566	0.397562570264341	0.931847998205472	SCGB1A1	expr
Peribronchial fibroblasts	0.542642958339506	0.136572042929398	34.4220601436335	0.265220469856346	0.820065446822666	SCGB1A1	expr
Subpleural fibroblasts	0.556934262672101	0.187554415129875	120.561976465361	0.185607202317014	0.928261323027187	SCGB1A1	expr
Transitional Club-AT2	3.16500532674597	0.131898901072715	30.0001297012095	2.89563188290456	3.43437877058739	SCGB1A1	expr
Vascular smooth muscle	0.607436901719884	0.133834060605046	31.7639481586282	0.334746365679198	0.880127437760569	SCGB1A1	expr
Pericytes	0.183070876214767	0.122922315490254	40.9678848094203	-0.065181686191517	0.431323438621051	SCGB3A2	expr
AT1	0.371762415965043	0.114832556939987	31.2076882567138	0.137623028258069	0.605901803672017	SCGB3A2	expr
AT2_AGTR2det	1.59160939494131	0.119210544729487	36.1238861579481	1.34986799098538	1.83335079889725	SCGB3A2	expr
AT2_AGTR2undet	1.58728485705449	0.114079686481036	30.4147350752817	1.35443620332425	1.82013351078474	SCGB3A2	expr
Adventitial fibroblasts	0.207594107373101	0.116251769765197	32.7506123812429	-0.0289903343316832	0.444178549077885	SCGB3A2	expr
Alveolar fibroblasts	0.212807189917898	0.116106831496861	32.6148716622349	-0.0235199468072967	0.449134326643094	SCGB3A2	expr
Alveolar macrophages	0.300556903565008	0.113663024712738	29.8866579747579	0.0683891177574764	0.532724689372539	SCGB3A2	expr
Classical monocytes	0.20627697587976	0.113241663551703	29.5141269839402	-0.0251531122301515	0.437707063989673	SCGB3A2	expr
DC2	0.235421979612246	0.112505451694973	28.714503706395	0.00522307991464571	0.465620879309847	SCGB3A2	expr
EC aerocyte capillary	0.144063247134103	0.118743515926645	35.6773812986481	-0.0968354023687468	0.384961896636952	SCGB3A2	expr
EC general capillary	0.225870997325438	0.115900332121709	32.3796770009267	-0.0101017341907501	0.461843728841627	SCGB3A2	expr
EC venous pulmonary	0.215581689706619	0.116226190689094	32.7452919879803	-0.0209521674073903	0.452115546820629	SCGB3A2	expr
EC venous systemic	0.163465807616253	0.116924793661882	33.5191385329175	-0.0742795882741468	0.401211203506654	SCGB3A2	expr
Interstitial macrophages	0.19530772057196	0.112973965298552	29.2093067775271	-0.0356780849408803	0.426293526084801	SCGB3A2	expr
Lymphatic EC	0.169651714403094	0.115073972585917	31.4626168629872	-0.0649034122304506	0.404206841036639	SCGB3A2	expr
Mast cells	0.1903904471584	0.114850261285005	31.226429003214	-0.0437793821996204	0.42456027651642	SCGB3A2	expr
Myofibroblasts	0.000577880591803831	0.128274031214178	48.5600033612489	-0.257257528962495	0.258413290146102	SCGB3A2	expr
Non-classical monocytes	0.197709884959371	0.113854038450455	30.1333060400956	-0.0347679546604475	0.43018772457919	SCGB3A2	expr
Peribronchial fibroblasts	0.145866279839826	0.120608310749293	37.9416794599954	-0.0983048058254337	0.390037365505085	SCGB3A2	expr
Subpleural fibroblasts	-0.0524916822482039	0.175674875970627	165.879496215037	-0.399338587654756	0.294355223158349	SCGB3A2	expr
Transitional Club-AT2	2.84853039774752	0.115293914946425	31.7699312267359	2.61361766080256	3.08344313469249	SCGB3A2	expr
Vascular smooth muscle	0.208076054974966	0.117474659145562	34.1746081240113	-0.0306162547577591	0.446768364707691	SCGB3A2	expr
Pericytes	0.198491287543171	0.0590794296887072	94.8868880742853	0.0812019871046114	0.315780587981731	PTPRC	expr
AT1	0.224718747555454	0.049479787506844	47.192800463976	0.125188988034285	0.324248507076623	PTPRC	expr
AT2_AGTR2det	0.229205522753994	0.0546482240595018	69.2109707205721	0.12019122700462	0.338219818503368	PTPRC	expr
AT2_AGTR2undet	0.269246985438805	0.04855812125487	44.1186509249876	0.171391955403184	0.367102015474426	PTPRC	expr
Adventitial fibroblasts	0.259901891182603	0.0512728149021931	54.337422585062	0.157120703902961	0.362683078462246	PTPRC	expr
Alveolar fibroblasts	0.239781318719665	0.0510675794781807	53.4686307419592	0.137373678331994	0.342188959107336	PTPRC	expr
Alveolar macrophages	1.67633769994009	0.0478082376500475	40.9526041147843	1.57978361166166	1.77289178821853	PTPRC	expr
Classical monocytes	2.16435259036875	0.0474012676607401	39.8197550630809	2.06853754471669	2.2601676360208	PTPRC	expr
DC2	1.93582990698271	0.0464665700070052	36.6900576966471	1.84165283909957	2.03000697486585	PTPRC	expr
EC aerocyte capillary	0.218766406129526	0.0540612807367877	66.7023900915711	0.110850787423356	0.326682024835696	PTPRC	expr
EC general capillary	0.29009728874012	0.0506029166827064	51.2892814774927	0.188521604727505	0.391672972752735	PTPRC	expr
EC venous pulmonary	0.236864731634702	0.0512515068713737	54.2583450328285	0.134122850706827	0.339606612562577	PTPRC	expr
EC venous systemic	0.174880831511644	0.0521244089545549	57.9697382599412	0.070541331063108	0.279220331960179	PTPRC	expr
Interstitial macrophages	1.62066957131918	0.0470915226990552	38.7891039072	1.52540141508133	1.71593772755703	PTPRC	expr
Lymphatic EC	0.230117102888879	0.0498285721839674	48.5209814450707	0.129957826874601	0.330276378903157	PTPRC	expr
Mast cells	1.47533286002566	0.0493318460763924	46.6280692655913	1.37606908592579	1.57459663412553	PTPRC	expr
Myofibroblasts	0.200946586925098	0.0651557947659542	139.333638622946	0.072124709572568	0.329768464277628	PTPRC	expr
Non-classical monocytes	2.27933402218267	0.0482638463744485	42.7021062901247	2.1819810598029	2.37668698456244	PTPRC	expr
Peribronchial fibroblasts	0.16247977300178	0.0565368418167261	79.9391095502903	0.0499665564837072	0.274992989519853	PTPRC	expr
Subpleural fibroblasts	0.254178386171469	0.110043176281313	833.134011359965	0.0381839382961698	0.470172834046769	PTPRC	expr
Transitional Club-AT2	0.198803531998463	0.050071236914906	49.822479395602	0.0982236135181473	0.299383450478779	PTPRC	expr
Vascular smooth muscle	0.208540928810278	0.0527212273710749	60.6152049930258	0.103104782537707	0.313977075082848	PTPRC	expr
