gene	value_type	with_depth	contrast	estimate	SE	df	t.ratio	p.value	sd_study	sd_residual	study_dominated	n_units	n_donors	bh_family	block	p_BH_across_genes
COL4A1	expr	TRUE	Pericytes - AT1	1.77271519046227	0.0765910226990879	2138.00014062495	-23.1452085112761	1.05408546065557e-105	1.48276683403228e-17	0.444391140365413	FALSE	2329	220	original_panel	basement_membrane	4.07298621997313e-105
COL4A1	expr	TRUE	Pericytes - AT2_AGTR2det	3.16425322189101	0.0878467448411574	2144.56054806365	-36.0201533660985	3.08983074886368e-222	1.48276683403228e-17	0.444391140365413	FALSE	2329	220	original_panel	basement_membrane	2.61822500298449e-221
COL4A1	expr	TRUE	Pericytes - AT2_AGTR2undet	3.09493308403995	0.0776842174000541	2194.35872366275	-39.8399209983904	5.09856537242635e-261	1.48276683403228e-17	0.444391140365413	FALSE	2329	220	original_panel	basement_membrane	1.11936685221906e-259
COL4A1	expr	TRUE	Pericytes - Adventitial fibroblasts	2.15798238078873	0.0809274346574992	2180.02578097015	-26.6656466984495	1.67693797397689e-135	1.48276683403228e-17	0.444391140365413	FALSE	2329	220	original_panel	basement_membrane	7.64114190029092e-135
COL4A1	expr	TRUE	Pericytes - Alveolar fibroblasts	1.69134304248013	0.0787769212944454	2127.58169008486	-21.4700322719948	1.53274841144647e-92	1.48276683403228e-17	0.444391140365413	FALSE	2329	220	original_panel	basement_membrane	5.56629686262141e-92
COL4A1	expr	TRUE	Pericytes - Alveolar macrophages	3.07055979651231	0.077511736565274	2197.08236740149	-39.6141272609283	5.7039325272222e-259	1.48276683403228e-17	0.444391140365413	FALSE	2329	220	original_panel	basement_membrane	1.05961515794166e-257
COL4A1	expr	TRUE	Pericytes - Classical monocytes	3.03783383455577	0.0737224091917097	2148.33632889089	-41.2063830775811	3.60505517739156e-273	1.48276683403228e-17	0.444391140365413	FALSE	2329	220	original_panel	basement_membrane	1.33941665436932e-271
COL4A1	expr	TRUE	Pericytes - DC2	3.06181751664346	0.0744997538740228	2171.21007020405	-41.0983574767363	6.62516949072263e-273	1.48276683403228e-17	0.444391140365413	FALSE	2329	220	original_panel	basement_membrane	2.28568347429931e-271
COL4A1	expr	TRUE	Pericytes - EC aerocyte capillary	1.42241399586653	0.0819110783182124	2118.38913280374	-17.3653433097373	4.11865754117009e-63	1.48276683403228e-17	0.444391140365413	FALSE	2329	220	original_panel	basement_membrane	1.30875762656918e-62
COL4A1	expr	TRUE	Pericytes - EC general capillary	0.793895205095466	0.0766177189381424	2124.59918832618	-10.3617703071586	1.40891634072243e-24	1.48276683403228e-17	0.444391140365413	FALSE	2329	220	original_panel	basement_membrane	2.39614997383428e-24
COL4A1	expr	TRUE	Pericytes - EC venous pulmonary	2.01363145854424	0.0796842444978991	2139.67707315951	-25.2701330260755	3.09479113817844e-123	1.48276683403228e-17	0.444391140365413	FALSE	2329	220	original_panel	basement_membrane	1.2775932647352e-122
COL4A1	expr	TRUE	Pericytes - EC venous systemic	1.32124424422905	0.0819409316390738	2159.64862965047	-16.1243497944196	3.16355480631954e-55	1.48276683403228e-17	0.444391140365413	FALSE	2329	220	original_panel	basement_membrane	9.31705470397766e-55
COL4A1	expr	TRUE	Pericytes - Interstitial macrophages	3.10596365478011	0.0753771535932926	2197.72017798211	-41.2056373412394	3.55957190530418e-274	1.48276683403228e-17	0.444391140365413	FALSE	2329	220	original_panel	basement_membrane	1.56297566387447e-272
COL4A1	expr	TRUE	Pericytes - Lymphatic EC	1.68555627512722	0.0775453630358058	2144.91836642479	-21.7363902771198	1.23920451382726e-94	1.48276683403228e-17	0.444391140365413	FALSE	2329	220	original_panel	basement_membrane	4.56897542121043e-94
COL4A1	expr	TRUE	Pericytes - Mast cells	3.0368896821209	0.0763186712195104	2146.90482769684	-39.7922242826542	2.55937749129738e-259	1.48276683403228e-17	0.444391140365413	FALSE	2329	220	original_panel	basement_membrane	5.15074720123598e-258
COL4A1	expr	TRUE	Pericytes - Myofibroblasts	1.39238888373064	0.101242758416628	2120.84899290173	-13.7529726126264	3.0232476724644e-41	1.48276683403228e-17	0.444391140365413	FALSE	2329	220	original_panel	basement_membrane	6.69829644862525e-41
COL4A1	expr	TRUE	Pericytes - (Non-classical monocytes)	3.13670741631248	0.0761623734934225	2171.67327692785	-41.1844756464079	1.75022086506239e-273	1.48276683403228e-17	0.444391140365413	FALSE	2329	220	original_panel	basement_membrane	7.04463898187613e-272
COL4A1	expr	TRUE	Pericytes - Peribronchial fibroblasts	1.5405914838503	0.0889413520204412	2157.81464489764	-17.3214309075966	6.39927245602451e-63	1.48276683403228e-17	0.444391140365413	FALSE	2329	220	original_panel	basement_membrane	2.02016248121558e-62
COL4A1	expr	TRUE	Pericytes - Subpleural fibroblasts	2.40179848471109	0.174907543701189	2164.98936697313	-13.7318175870923	3.47718266722436e-41	1.48276683403228e-17	0.444391140365413	FALSE	2329	220	original_panel	basement_membrane	7.66885492360441e-41
COL4A1	expr	TRUE	Pericytes - (Transitional Club-AT2)	3.14277357786254	0.0806858865384626	2174.81122639069	-38.9507225202811	8.30862797265225e-252	1.48276683403228e-17	0.444391140365413	FALSE	2329	220	original_panel	basement_membrane	1.33768910359701e-250
COL4A1	expr	TRUE	Pericytes - Vascular smooth muscle	1.1885472562931	0.0813916253649977	2131.40882031773	-14.6028200194198	4.90564196176471e-46	1.48276683403228e-17	0.444391140365413	FALSE	2329	220	original_panel	basement_membrane	1.16720446676471e-45
COL4A2	expr	TRUE	Pericytes - AT1	1.24725874731237	0.0808899031090738	2136.87063869357	-15.4192142575637	9.10242704725418e-51	1.54088428511443e-17	0.469273250729296	FALSE	2329	220	original_panel	basement_membrane	2.4424845910132e-50
COL4A2	expr	TRUE	Pericytes - AT2_AGTR2det	3.01923177399668	0.0928300033851035	2144.82699884425	-32.5243096401866	1.31080338342761e-188	1.54088428511443e-17	0.469273250729296	FALSE	2329	220	original_panel	basement_membrane	7.72095163653094e-188
COL4A2	expr	TRUE	Pericytes - AT2_AGTR2undet	2.96218935791375	0.0820760561743236	2193.64123631736	-36.0907857417305	9.14566528113911e-224	1.54088428511443e-17	0.469273250729296	FALSE	2329	220	original_panel	basement_membrane	7.88813630498248e-223
COL4A2	expr	TRUE	Pericytes - Adventitial fibroblasts	1.93531799176928	0.0854865739833865	2179.07487371287	-22.6388531156412	9.18770569830603e-102	1.54088428511443e-17	0.469273250729296	FALSE	2329	220	original_panel	basement_membrane	3.49422193093056e-101
COL4A2	expr	TRUE	Pericytes - Alveolar fibroblasts	1.64825233591088	0.0831955396537871	2126.60374990175	-19.8117872997757	4.28275625067516e-80	1.54088428511443e-17	0.469273250729296	FALSE	2329	220	original_panel	basement_membrane	1.49896468773631e-79
COL4A2	expr	TRUE	Pericytes - Alveolar macrophages	2.93617040254788	0.0819106679472909	2196.80418955295	-35.8460073166208	1.73092811074446e-221	1.54088428511443e-17	0.469273250729296	FALSE	2329	220	original_panel	basement_membrane	1.39339712914929e-220
COL4A2	expr	TRUE	Pericytes - Classical monocytes	2.9861110475213	0.0778641505789293	2147.20997296588	-38.3502680671298	3.06827379446024e-244	1.54088428511443e-17	0.469273250729296	FALSE	2329	220	original_panel	basement_membrane	4.35875365507146e-243
COL4A2	expr	TRUE	Pericytes - DC2	2.96531072501879	0.0787101275871029	2170.65482916733	-37.6738142335914	2.04995437984973e-238	1.54088428511443e-17	0.469273250729296	FALSE	2329	220	original_panel	basement_membrane	2.60559990912478e-237
COL4A2	expr	TRUE	Pericytes - EC aerocyte capillary	1.11082622271025	0.0865027200320916	2117.54981769805	-12.8415178424233	2.60646877827663e-36	1.54088428511443e-17	0.469273250729296	FALSE	2329	220	original_panel	basement_membrane	5.40310909831593e-36
COL4A2	expr	TRUE	Pericytes - EC general capillary	0.749291283656529	0.0809140229588128	2123.57046741124	-9.26033901488172	4.82920347910481e-20	1.54088428511443e-17	0.469273250729296	FALSE	2329	220	original_panel	basement_membrane	7.87849927136435e-20
COL4A2	expr	TRUE	Pericytes - EC venous pulmonary	1.77028393798554	0.0841571289177084	2138.51426896561	-21.0354602248442	3.68354365760452e-89	1.54088428511443e-17	0.469273250729296	FALSE	2329	220	original_panel	basement_membrane	1.31789006416517e-88
COL4A2	expr	TRUE	Pericytes - EC venous systemic	1.22421818103464	0.0865516255732208	2158.85980791788	-14.1443695936015	2.18766494923621e-43	1.54088428511443e-17	0.469273250729296	FALSE	2329	220	original_panel	basement_membrane	5.00778279848858e-43
COL4A2	expr	TRUE	Pericytes - Interstitial macrophages	2.92888404034758	0.0796324307679817	2196.69585051386	-36.7800406455157	1.49664420168735e-230	1.54088428511443e-17	0.469273250729296	FALSE	2329	220	original_panel	basement_membrane	1.5059982279479e-229
COL4A2	expr	TRUE	Pericytes - Lymphatic EC	1.70312914100341	0.0818999520133316	2143.85868514496	-20.7952397911805	2.11583858679108e-87	1.54088428511443e-17	0.469273250729296	FALSE	2329	220	original_panel	basement_membrane	7.51433851044185e-87
COL4A2	expr	TRUE	Pericytes - Mast cells	2.97782820943013	0.0806056708999903	2145.69540057663	-36.9431601546348	6.11341100093939e-231	1.54088428511443e-17	0.469273250729296	FALSE	2329	220	original_panel	basement_membrane	6.28250534777388e-230
COL4A2	expr	TRUE	Pericytes - Myofibroblasts	1.21920472989477	0.10691888072751	2119.96713813939	-11.4030816783613	3.29478409706108e-29	1.54088428511443e-17	0.469273250729296	FALSE	2329	220	original_panel	basement_membrane	6.07397220946756e-29
COL4A2	expr	TRUE	Pericytes - (Non-classical monocytes)	3.00201132778774	0.0804503602033595	2170.61263753222	-37.3150762805705	4.83608111527883e-235	1.54088428511443e-17	0.469273250729296	FALSE	2329	220	original_panel	basement_membrane	5.56149328257065e-234
COL4A2	expr	TRUE	Pericytes - Peribronchial fibroblasts	1.4262615201631	0.0939457420881987	2156.95476534025	-15.1817579856263	2.16353709717843e-49	1.54088428511443e-17	0.469273250729296	FALSE	2329	220	original_panel	basement_membrane	5.58817335795283e-49
COL4A2	expr	TRUE	Pericytes - Subpleural fibroblasts	1.9765705668906	0.184743614712939	2163.43421906674	-10.6989926009723	5.03806516392278e-26	1.54088428511443e-17	0.469273250729296	FALSE	2329	220	original_panel	basement_membrane	8.7218117353932e-26
COL4A2	expr	TRUE	Pericytes - (Transitional Club-AT2)	3.00373760021392	0.0852579763497291	2174.44010582372	-35.2311622773283	4.32853260902334e-215	1.54088428511443e-17	0.469273250729296	FALSE	2329	220	original_panel	basement_membrane	3.21643269255119e-214
COL4A2	expr	TRUE	Pericytes - Vascular smooth muscle	0.908516300909136	0.085958101511801	2130.34225411301	-10.569292305559	1.83413934532102e-25	1.54088428511443e-17	0.469273250729296	FALSE	2329	220	original_panel	basement_membrane	3.15263097434182e-25
COL15A1	expr	TRUE	Pericytes - AT1	0.164467250596546	0.118933243787449	2208.83059945775	-1.38285348451836	0.273814047198035	1.40341357636251e-17	0.695752959174812	FALSE	2329	220	bm_expansion	basement_membrane	0.432802848796894
COL15A1	expr	TRUE	Pericytes - AT2_AGTR2det	0.219535263635055	0.133350179541038	2183.06205894382	-1.6463064721071	0.273814047198035	1.40341357636251e-17	0.695752959174812	FALSE	2329	220	bm_expansion	basement_membrane	0.432802848796894
COL15A1	expr	TRUE	Pericytes - AT2_AGTR2undet	0.163127237569068	0.118830000841274	2239.44308684114	-1.3727782244735	0.273814047198035	1.40341357636251e-17	0.695752959174812	FALSE	2329	220	bm_expansion	basement_membrane	0.432802848796894
COL15A1	expr	TRUE	Pericytes - Adventitial fibroblasts	-0.808794032615194	0.124752056180474	2231.25184908131	6.48321203976908	4.62799749903507e-10	1.40341357636251e-17	0.695752959174812	FALSE	2329	220	bm_expansion	basement_membrane	1.28361440067576e-09
COL15A1	expr	TRUE	Pericytes - Alveolar fibroblasts	-1.16710020951447	0.122566289948234	2194.8649566104	9.52219578488832	2.25968893436405e-20	1.40341357636251e-17	0.695752959174812	FALSE	2329	220	bm_expansion	basement_membrane	7.22117985546772e-20
COL15A1	expr	TRUE	Pericytes - Alveolar macrophages	0.067957598673025	0.117372055592262	2219.12930649456	-0.578993000762485	0.69504151922312	1.40341357636251e-17	0.695752959174812	FALSE	2329	220	bm_expansion	basement_membrane	0.843768929946995
COL15A1	expr	TRUE	Pericytes - Classical monocytes	0.152227556400813	0.114166109033138	2205.14209906565	-1.3333865688339	0.273814047198035	1.40341357636251e-17	0.695752959174812	FALSE	2329	220	bm_expansion	basement_membrane	0.432802848796894
COL15A1	expr	TRUE	Pericytes - DC2	0.0293581818156289	0.113887361159906	2209.45108813853	-0.257782615354552	0.929365137084369	1.40341357636251e-17	0.695752959174812	FALSE	2329	220	bm_expansion	basement_membrane	0.962089261629593
COL15A1	expr	TRUE	Pericytes - EC aerocyte capillary	0.192496611889328	0.127694013788428	2174.9749464092	-1.50748344560825	0.273814047198035	1.40341357636251e-17	0.695752959174812	FALSE	2329	220	bm_expansion	basement_membrane	0.432802848796894
COL15A1	expr	TRUE	Pericytes - EC general capillary	-0.124037777370871	0.119238489651188	2191.10829350199	1.04024948432107	0.391569644849206	1.40341357636251e-17	0.695752959174812	FALSE	2329	220	bm_expansion	basement_membrane	0.605902503082455
COL15A1	expr	TRUE	Pericytes - EC venous pulmonary	0.000988244020800995	0.123687868394035	2213.08346145686	-0.00798982174753573	0.993758057023939	1.40341357636251e-17	0.695752959174812	FALSE	2329	220	bm_expansion	basement_membrane	0.999699959425231
COL15A1	expr	TRUE	Pericytes - EC venous systemic	-2.52535883043963	0.126531757404245	2202.57347786431	19.9583004476228	2.83271408535397e-80	1.40341357636251e-17	0.695752959174812	FALSE	2329	220	bm_expansion	basement_membrane	1.04102242636759e-79
COL15A1	expr	TRUE	Pericytes - Interstitial macrophages	0.0103879694148219	0.115508732761602	2242.50501035155	-0.0899323294998101	0.993758057023939	1.40341357636251e-17	0.695752959174812	FALSE	2329	220	bm_expansion	basement_membrane	0.999699959425231
COL15A1	expr	TRUE	Pericytes - Lymphatic EC	0.143142887256272	0.120312352000169	2208.10292613073	-1.18976052646757	0.327975812444579	1.40341357636251e-17	0.695752959174812	FALSE	2329	220	bm_expansion	basement_membrane	0.512898344993118
COL15A1	expr	TRUE	Pericytes - Mast cells	0.164659572342526	0.118191763464163	2212.9737166572	-1.39315606702536	0.273814047198035	1.40341357636251e-17	0.695752959174812	FALSE	2329	220	bm_expansion	basement_membrane	0.432802848796894
COL15A1	expr	TRUE	Pericytes - Myofibroblasts	-0.941941531433924	0.157720401553031	2187.73834114692	5.97222377167999	9.53430597994144e-09	1.40341357636251e-17	0.695752959174812	FALSE	2329	220	bm_expansion	basement_membrane	2.59544996120628e-08
COL15A1	expr	TRUE	Pericytes - (Non-classical monocytes)	0.170357900195798	0.117447859109197	2227.76828486929	-1.45049813157861	0.273814047198035	1.40341357636251e-17	0.695752959174812	FALSE	2329	220	bm_expansion	basement_membrane	0.432802848796894
COL15A1	expr	TRUE	Pericytes - Peribronchial fibroblasts	-2.28861607009714	0.137315171139069	2204.28792063254	16.6668843006378	8.20529191018099e-58	1.40341357636251e-17	0.695752959174812	FALSE	2329	220	bm_expansion	basement_membrane	2.94189734340636e-57
COL15A1	expr	TRUE	Pericytes - Subpleural fibroblasts	0.00211007083589639	0.269690085581043	2267.35081012188	-0.00782405786757151	0.993758057023939	1.40341357636251e-17	0.695752959174812	FALSE	2329	220	bm_expansion	basement_membrane	0.999699959425231
COL15A1	expr	TRUE	Pericytes - (Transitional Club-AT2)	0.163646215511104	0.12269596924422	2222.70434128582	-1.33375380233865	0.273814047198035	1.40341357636251e-17	0.695752959174812	FALSE	2329	220	bm_expansion	basement_membrane	0.432802848796894
COL15A1	expr	TRUE	Pericytes - Vascular smooth muscle	-1.32803279902736	0.126501622257621	2195.77947456583	10.4981483662148	2.40907423211892e-24	1.40341357636251e-17	0.695752959174812	FALSE	2329	220	bm_expansion	basement_membrane	8.04849800276095e-24
COL18A1	expr	TRUE	Pericytes - AT1	2.8886198058994	0.107097285446411	2171.67712431295	-26.9719236473534	5.06144086761327e-138	2.48048427511411e-17	0.623751964164564	FALSE	2329	220	original_panel	basement_membrane	2.35064994140116e-137
COL18A1	expr	TRUE	Pericytes - AT2_AGTR2det	3.32381694727066	0.121227480815147	2155.51419802617	-27.4180154938545	9.30858905908944e-142	2.48048427511411e-17	0.623751964164564	FALSE	2329	220	original_panel	basement_membrane	4.36509564615553e-141
COL18A1	expr	TRUE	Pericytes - AT2_AGTR2undet	3.20483791457443	0.107672405822456	2216.35639698716	-29.7647098167286	3.18936670486809e-163	2.48048427511411e-17	0.623751964164564	FALSE	2329	220	original_panel	basement_membrane	1.67441752005575e-162
COL18A1	expr	TRUE	Pericytes - Adventitial fibroblasts	2.08054655567844	0.112664458355829	2205.45040684765	-18.4667515030112	1.12898571293138e-70	2.48048427511411e-17	0.623751964164564	FALSE	2329	220	original_panel	basement_membrane	3.81328740801297e-70
COL18A1	expr	TRUE	Pericytes - Alveolar fibroblasts	1.93031622311481	0.110261709542755	2158.11733460254	-17.5066778042863	3.99228502083391e-64	2.48048427511411e-17	0.623751964164564	FALSE	2329	220	original_panel	basement_membrane	1.28551577670852e-63
COL18A1	expr	TRUE	Pericytes - Alveolar macrophages	3.19113437988951	0.106859424604223	2208.30709079537	-29.8629193607263	7.26465631297359e-164	2.48048427511411e-17	0.623751964164564	FALSE	2329	220	original_panel	basement_membrane	3.85585604303983e-163
COL18A1	expr	TRUE	Pericytes - Classical monocytes	2.99114639770877	0.102946813882633	2178.93787396895	-29.0552595548891	1.3040595124212e-156	2.48048427511411e-17	0.623751964164564	FALSE	2329	220	original_panel	basement_membrane	6.49340973710762e-156
COL18A1	expr	TRUE	Pericytes - DC2	3.01970735594256	0.103260300096841	2190.3988185099	-29.2436430371651	2.26146011402283e-158	2.48048427511411e-17	0.623751964164564	FALSE	2329	220	original_panel	basement_membrane	1.14977393165582e-157
COL18A1	expr	TRUE	Pericytes - EC aerocyte capillary	2.02774932021871	0.1147525780773	2144.3065253994	-17.6706210369651	3.62154633768215e-65	2.48048427511411e-17	0.623751964164564	FALSE	2329	220	original_panel	basement_membrane	1.18189654128411e-64
COL18A1	expr	TRUE	Pericytes - EC general capillary	1.62794831329226	0.107267179411841	2156.18884234753	-15.1765742533596	2.05423086873276e-49	2.48048427511411e-17	0.623751964164564	FALSE	2329	220	original_panel	basement_membrane	5.3343737075157e-49
COL18A1	expr	TRUE	Pericytes - EC venous pulmonary	1.8535349945228	0.111406107937747	2174.83503201145	-16.6376424850829	1.75155767367974e-58	2.48048427511411e-17	0.623751964164564	FALSE	2329	220	original_panel	basement_membrane	5.38855004068353e-58
COL18A1	expr	TRUE	Pericytes - EC venous systemic	1.54512186056602	0.114218928104319	2181.41012248875	-13.5277215975519	4.9438916768332e-40	2.48048427511411e-17	0.623751964164564	FALSE	2329	220	original_panel	basement_membrane	1.06602664281716e-39
COL18A1	expr	TRUE	Pericytes - Interstitial macrophages	3.13755423765601	0.104619540351703	2222.77781546807	-29.9901359450481	6.61992722602037e-165	2.48048427511411e-17	0.623751964164564	FALSE	2329	220	original_panel	basement_membrane	3.55269427796426e-164
COL18A1	expr	TRUE	Pericytes - Lymphatic EC	1.98664330046146	0.108374096175942	2175.77453395756	-18.3313482701272	1.0511359546043e-69	2.48048427511411e-17	0.623751964164564	FALSE	2329	220	original_panel	basement_membrane	3.52568518106857e-69
COL18A1	expr	TRUE	Pericytes - Mast cells	2.08419973616843	0.106580100658992	2180.65582888359	-19.5552427074255	2.59830115618569e-78	2.48048427511411e-17	0.623751964164564	FALSE	2329	220	original_panel	basement_membrane	9.02862919739344e-78
COL18A1	expr	TRUE	Pericytes - Myofibroblasts	2.84543391033756	0.141800327782689	2149.61961215045	-20.0664833067116	6.48952495879046e-82	2.48048427511411e-17	0.623751964164564	FALSE	2329	220	original_panel	basement_membrane	2.28791281393853e-81
COL18A1	expr	TRUE	Pericytes - (Non-classical monocytes)	3.13545040336061	0.1060837014455	2200.51785467206	-29.5563819949423	2.97768853412163e-161	2.48048427511411e-17	0.623751964164564	FALSE	2329	220	original_panel	basement_membrane	1.53002506593696e-160
COL18A1	expr	TRUE	Pericytes - Peribronchial fibroblasts	1.2445335529619	0.123967272314066	2180.70907422056	-10.0392105894605	3.58584975460226e-23	2.48048427511411e-17	0.623751964164564	FALSE	2329	220	original_panel	basement_membrane	6.01376885928087e-23
COL18A1	expr	TRUE	Pericytes - Subpleural fibroblasts	1.46113773508705	0.243824627116048	2213.03323388095	-5.99257651849754	2.40467754698535e-09	2.48048427511411e-17	0.623751964164564	FALSE	2329	220	original_panel	basement_membrane	3.40603887153643e-09
COL18A1	expr	TRUE	Pericytes - (Transitional Club-AT2)	2.9978562385238	0.11147714006502	2195.36207029935	-26.8921165072524	1.45039847027896e-137	2.48048427511411e-17	0.623751964164564	FALSE	2329	220	original_panel	basement_membrane	6.67183296328324e-137
COL18A1	expr	TRUE	Pericytes - Vascular smooth muscle	0.900188277918048	0.113866484098765	2162.63619050981	-7.90564743473812	4.42088118164313e-15	2.48048427511411e-17	0.623751964164564	FALSE	2329	220	original_panel	basement_membrane	6.73591675310295e-15
LAMA1	expr	TRUE	Pericytes - AT1	-0.196412351553278	0.158851244153395	2238.9794578693	1.23645460002574	0.649257953964854	2.05497586760835e-17	0.933363364048419	FALSE	2329	220	bm_expansion	basement_membrane	0.843768929946995
LAMA1	expr	TRUE	Pericytes - AT2_AGTR2det	-0.455530042973987	0.17703253853917	2204.90325339839	2.57314303196978	0.0354997552594146	2.05497586760835e-17	0.933363364048419	FALSE	2329	220	bm_expansion	basement_membrane	0.0652308002891743
LAMA1	expr	TRUE	Pericytes - AT2_AGTR2undet	-0.514878163400683	0.158087868037291	2254.84388587126	3.25691129745154	0.00484655292612542	2.05497586760835e-17	0.933363364048419	FALSE	2329	220	bm_expansion	basement_membrane	0.00925251013169399
LAMA1	expr	TRUE	Pericytes - Adventitial fibroblasts	-0.541288555320879	0.166335138378543	2251.43746685695	3.25420449700186	0.00484655292612542	2.05497586760835e-17	0.933363364048419	FALSE	2329	220	bm_expansion	basement_membrane	0.00925251013169399
LAMA1	expr	TRUE	Pericytes - Alveolar fibroblasts	-0.639983060720622	0.163835838649865	2228.02428555325	3.90624582505623	0.00067573014597171	2.05497586760835e-17	0.933363364048419	FALSE	2329	220	bm_expansion	basement_membrane	0.00132443108610455
LAMA1	expr	TRUE	Pericytes - Alveolar macrophages	-0.79083033383687	0.155586806141179	2219.36828494951	5.08288815389186	8.45932680123127e-06	2.05497586760835e-17	0.933363364048419	FALSE	2329	220	bm_expansion	basement_membrane	2.26094734505636e-05
LAMA1	expr	TRUE	Pericytes - Classical monocytes	0.112319173548904	0.152290597448601	2217.25608700564	-0.737531899084	0.711750661996105	2.05497586760835e-17	0.933363364048419	FALSE	2329	220	bm_expansion	basement_membrane	0.843768929946995
LAMA1	expr	TRUE	Pericytes - DC2	0.0644805371695686	0.15137888807175	2216.25482390021	-0.425954622807154	0.827872220875952	2.05497586760835e-17	0.933363364048419	FALSE	2329	220	bm_expansion	basement_membrane	0.924195691629049
LAMA1	expr	TRUE	Pericytes - EC aerocyte capillary	0.15014816299412	0.170881105421348	2203.5774760048	-0.87867036337279	0.697695063461071	2.05497586760835e-17	0.933363364048419	FALSE	2329	220	bm_expansion	basement_membrane	0.843768929946995
LAMA1	expr	TRUE	Pericytes - EC general capillary	-0.0200491335621479	0.159362794718747	2218.40038959812	0.125808119752994	0.944889974988181	2.05497586760835e-17	0.933363364048419	FALSE	2329	220	bm_expansion	basement_membrane	0.971320463799039
LAMA1	expr	TRUE	Pericytes - EC venous pulmonary	0.139407881257956	0.165148382508003	2240.73191391794	-0.844137127720281	0.697695063461071	2.05497586760835e-17	0.933363364048419	FALSE	2329	220	bm_expansion	basement_membrane	0.843768929946995
LAMA1	expr	TRUE	Pericytes - EC venous systemic	0.165568769781148	0.168701978183265	2215.18407019071	-0.981427553868318	0.697695063461071	2.05497586760835e-17	0.933363364048419	FALSE	2329	220	bm_expansion	basement_membrane	0.843768929946995
LAMA1	expr	TRUE	Pericytes - Interstitial macrophages	-5.7788274109112e-05	0.153656720145036	2251.26452329479	0.000376086864632838	0.999699959425231	2.05497586760835e-17	0.933363364048419	FALSE	2329	220	bm_expansion	basement_membrane	0.999699959425231
LAMA1	expr	TRUE	Pericytes - Lymphatic EC	0.178974599292789	0.160653540775846	2231.54180501177	-1.11404080127002	0.696626848218636	2.05497586760835e-17	0.933363364048419	FALSE	2329	220	bm_expansion	basement_membrane	0.843768929946995
LAMA1	expr	TRUE	Pericytes - Mast cells	0.075735862840659	0.157665565232437	2234.53450771976	-0.480357665473789	0.827872220875952	2.05497586760835e-17	0.933363364048419	FALSE	2329	220	bm_expansion	basement_membrane	0.924195691629049
LAMA1	expr	TRUE	Pericytes - Myofibroblasts	0.0591848174478187	0.210908353057452	2226.12053137894	-0.28061865065959	0.908867149761001	2.05497586760835e-17	0.933363364048419	FALSE	2329	220	bm_expansion	basement_membrane	0.954310507249052
LAMA1	expr	TRUE	Pericytes - (Non-classical monocytes)	0.111071099045422	0.156518652274095	2244.37683852044	-0.709634905691077	0.711750661996105	2.05497586760835e-17	0.933363364048419	FALSE	2329	220	bm_expansion	basement_membrane	0.843768929946995
LAMA1	expr	TRUE	Pericytes - Peribronchial fibroblasts	-0.039585129671003	0.183087104432489	2225.49869967108	0.216209272595709	0.916091224178648	2.05497586760835e-17	0.933363364048419	FALSE	2329	220	bm_expansion	basement_membrane	0.955073829462846
LAMA1	expr	TRUE	Pericytes - Subpleural fibroblasts	-1.68973959161699	0.358535392768589	2302.23328870905	4.71289480954423	2.71733195639657e-05	2.05497586760835e-17	0.933363364048419	FALSE	2329	220	bm_expansion	basement_membrane	7.132996385541e-05
LAMA1	expr	TRUE	Pericytes - (Transitional Club-AT2)	0.107760838083482	0.162916660796925	2239.77866624811	-0.661447623320767	0.711750661996105	2.05497586760835e-17	0.933363364048419	FALSE	2329	220	bm_expansion	basement_membrane	0.843768929946995
LAMA1	expr	TRUE	Pericytes - Vascular smooth muscle	0.14467006439311	0.169024317579309	2223.29599532432	-0.855912725843301	0.697695063461071	2.05497586760835e-17	0.933363364048419	FALSE	2329	220	bm_expansion	basement_membrane	0.843768929946995
LAMA2	expr	TRUE	Pericytes - AT1	2.10321547555561	0.0757553272940926	2152.58959583699	-27.7632682833068	8.60220842921124e-145	1.57559384201114e-17	0.440267198663643	FALSE	2329	220	bm_expansion	basement_membrane	4.36042978997949e-144
LAMA2	expr	TRUE	Pericytes - AT2_AGTR2det	2.15388069168027	0.0863257549300919	2145.71489094695	-24.9506151834354	1.02831839961846e-120	1.57559384201114e-17	0.440267198663643	FALSE	2329	220	bm_expansion	basement_membrane	4.08548120929497e-120
LAMA2	expr	TRUE	Pericytes - AT2_AGTR2undet	2.12638619144566	0.0765011093853058	2203.79786602939	-27.7954948435571	1.775701946587e-145	1.57559384201114e-17	0.440267198663643	FALSE	2329	220	bm_expansion	basement_membrane	9.32243521958173e-145
LAMA2	expr	TRUE	Pericytes - Adventitial fibroblasts	-0.543486483910297	0.0798673747559356	2191.54414894817	6.80486225534671	1.43770707935079e-11	1.57559384201114e-17	0.440267198663643	FALSE	2329	220	bm_expansion	basement_membrane	4.22685881329131e-11
LAMA2	expr	TRUE	Pericytes - Alveolar fibroblasts	-0.528710958394118	0.0779517889952669	2140.49135459965	6.78253783792211	1.59875339356532e-11	1.57559384201114e-17	0.440267198663643	FALSE	2329	220	bm_expansion	basement_membrane	4.60817154615888e-11
LAMA2	expr	TRUE	Pericytes - Alveolar macrophages	1.92769946957292	0.0761414383144146	2201.44199058682	-25.3173503449301	4.0187159370927e-124	1.57559384201114e-17	0.440267198663643	FALSE	2329	220	bm_expansion	basement_membrane	1.68786069357893e-123
LAMA2	expr	TRUE	Pericytes - Classical monocytes	2.13824250297494	0.0728733610832847	2162.29485670057	-29.3418949145382	2.879366986274e-158	1.57559384201114e-17	0.440267198663643	FALSE	2329	220	bm_expansion	basement_membrane	1.84029107383599e-157
LAMA2	expr	TRUE	Pericytes - DC2	2.10301993967554	0.0733734094282394	2179.11808016725	-28.6618811373667	1.45138013120975e-152	1.57559384201114e-17	0.440267198663643	FALSE	2329	220	bm_expansion	basement_membrane	8.88970330365974e-152
LAMA2	expr	TRUE	Pericytes - EC aerocyte capillary	2.14130793909152	0.0810855429584911	2129.42774264917	-26.4080113539807	6.69955825249823e-133	1.57559384201114e-17	0.440267198663643	FALSE	2329	220	bm_expansion	basement_membrane	2.98434867611285e-132
LAMA2	expr	TRUE	Pericytes - EC general capillary	1.92061625385545	0.0758266541064217	2138.13583961987	-25.3290386670615	7.89832152878187e-124	1.57559384201114e-17	0.440267198663643	FALSE	2329	220	bm_expansion	basement_membrane	3.22514795758593e-123
LAMA2	expr	TRUE	Pericytes - EC venous pulmonary	2.09942028825088	0.0788100926894084	2154.81748530863	-26.638977529499	4.55528230298369e-135	1.57559384201114e-17	0.440267198663643	FALSE	2329	220	bm_expansion	basement_membrane	2.09258280793313e-134
LAMA2	expr	TRUE	Pericytes - EC venous systemic	2.06416394077441	0.0809228448637532	2169.38659847879	-25.50780245368	1.6944179766882e-125	1.57559384201114e-17	0.440267198663643	FALSE	2329	220	bm_expansion	basement_membrane	7.32586595803427e-125
LAMA2	expr	TRUE	Pericytes - Interstitial macrophages	2.07471346078225	0.0742874429651046	2209.66007434729	-27.928185141018	1.5261615209452e-146	1.57559384201114e-17	0.440267198663643	FALSE	2329	220	bm_expansion	basement_membrane	8.62868244534404e-146
LAMA2	expr	TRUE	Pericytes - Lymphatic EC	2.14004323087452	0.0766777672193184	2158.43257822549	-27.9095663382247	5.29424399276127e-146	1.57559384201114e-17	0.440267198663643	FALSE	2329	220	bm_expansion	basement_membrane	2.88242172939225e-145
LAMA2	expr	TRUE	Pericytes - Mast cells	2.01729173879106	0.0754442402266641	2162.05635530517	-26.7388435847498	5.94702814909715e-136	1.57559384201114e-17	0.440267198663643	FALSE	2329	220	bm_expansion	basement_membrane	2.82004238037832e-135
LAMA2	expr	TRUE	Pericytes - Myofibroblasts	-0.065560615300703	0.10021250896354	2132.71862972754	0.654215885609205	0.513043265945517	1.57559384201114e-17	0.440267198663643	FALSE	2329	220	bm_expansion	basement_membrane	0.785597500979073
LAMA2	expr	TRUE	Pericytes - (Non-classical monocytes)	2.15146775249588	0.0751888937500716	2184.7193631888	-28.6141695294437	2.29892139677539e-152	1.57559384201114e-17	0.440267198663643	FALSE	2329	220	bm_expansion	basement_membrane	1.35176578130393e-151
LAMA2	expr	TRUE	Pericytes - Peribronchial fibroblasts	-0.655505529965597	0.0878353879099987	2168.22457170976	7.46288649214217	1.50509663757316e-13	1.57559384201114e-17	0.440267198663643	FALSE	2329	220	bm_expansion	basement_membrane	4.60935845256779e-13
LAMA2	expr	TRUE	Pericytes - Subpleural fibroblasts	1.26170834727589	0.172772446357954	2185.40196258956	-7.30271738273508	4.58613960959356e-13	1.57559384201114e-17	0.440267198663643	FALSE	2329	220	bm_expansion	basement_membrane	1.37584188287807e-12
LAMA2	expr	TRUE	Pericytes - (Transitional Club-AT2)	2.12621440299834	0.0793384821989804	2181.99349908349	-26.7992825683986	1.36620984401459e-136	1.57559384201114e-17	0.440267198663643	FALSE	2329	220	bm_expansion	basement_membrane	6.69442823567148e-136
LAMA2	expr	TRUE	Pericytes - Vascular smooth muscle	1.94396662404252	0.0805232340310641	2145.09804121064	-24.1416859051212	5.3871663662584e-114	1.57559384201114e-17	0.440267198663643	FALSE	2329	220	bm_expansion	basement_membrane	2.08398277852628e-113
LAMA3	expr	TRUE	Pericytes - AT1	-3.71860034879714	0.0915128129377612	2191.06563323301	40.6347508007015	3.1879617127984e-268	1.13528167816297e-17	0.534177652917588	FALSE	2329	220	original_panel	basement_membrane	8.55436392934238e-267
LAMA3	expr	TRUE	Pericytes - AT2_AGTR2det	-0.709865026246725	0.103030372710591	2169.45378982725	6.88986177154491	5.10398764399006e-11	1.13528167816297e-17	0.534177652917588	FALSE	2329	220	original_panel	basement_membrane	7.53891752919633e-11
LAMA3	expr	TRUE	Pericytes - AT2_AGTR2undet	-1.07668470842107	0.0916797137960616	2228.76175540355	11.7439798166922	6.37028492181654e-30	1.13528167816297e-17	0.534177652917588	FALSE	2329	220	original_panel	basement_membrane	1.20189360048336e-29
LAMA3	expr	TRUE	Pericytes - Adventitial fibroblasts	-0.301372504661314	0.0961085953348407	2219.03692737477	3.13574975902351	0.0060781120110728	1.13528167816297e-17	0.534177652917588	FALSE	2329	220	original_panel	basement_membrane	0.00712555364404893
LAMA3	expr	TRUE	Pericytes - Alveolar fibroblasts	-0.0957142044031284	0.0942651358293427	2176.86165196143	1.01537226421027	0.591896926179886	1.13528167816297e-17	0.534177652917588	FALSE	2329	220	original_panel	basement_membrane	0.620143634153764
LAMA3	expr	TRUE	Pericytes - Alveolar macrophages	0.000584517900400526	0.0907527115334271	2214.81948011527	-0.00644077615449792	0.994861619725844	1.13528167816297e-17	0.534177652917588	FALSE	2329	220	original_panel	basement_membrane	0.995964269823163
LAMA3	expr	TRUE	Pericytes - Classical monocytes	-0.00567700796344694	0.0879031678948719	2193.78054368013	0.064582518462092	0.994861619725844	1.13528167816297e-17	0.534177652917588	FALSE	2329	220	original_panel	basement_membrane	0.995964269823163
LAMA3	expr	TRUE	Pericytes - DC2	-0.0443510605131476	0.0878986553715428	2201.23458899766	0.504570409247764	0.859475541939872	1.13528167816297e-17	0.534177652917588	FALSE	2329	220	original_panel	basement_membrane	0.879505692281691
LAMA3	expr	TRUE	Pericytes - EC aerocyte capillary	-0.00741285776138201	0.0981566466810586	2159.94713981642	0.0755206907736843	0.994861619725844	1.13528167816297e-17	0.534177652917588	FALSE	2329	220	original_panel	basement_membrane	0.995964269823163
LAMA3	expr	TRUE	Pericytes - EC general capillary	0.0263190541746516	0.0917079685278571	2174.52608950379	-0.286987647825357	0.994861619725844	1.13528167816297e-17	0.534177652917588	FALSE	2329	220	original_panel	basement_membrane	0.995964269823163
LAMA3	expr	TRUE	Pericytes - EC venous pulmonary	-0.143872347324934	0.0951839000599653	2195.06704348361	1.51151977628879	0.274680033698	1.13528167816297e-17	0.534177652917588	FALSE	2329	220	original_panel	basement_membrane	0.292870764406477
LAMA3	expr	TRUE	Pericytes - EC venous systemic	-0.565973365115255	0.097466342150621	2192.9324628673	5.80685960534581	3.82818067366223e-08	1.13528167816297e-17	0.534177652917588	FALSE	2329	220	original_panel	basement_membrane	5.34396319473658e-08
LAMA3	expr	TRUE	Pericytes - Interstitial macrophages	-0.0742920909363546	0.0891075466836097	2234.01167784451	0.833735117858651	0.653454410435132	1.13528167816297e-17	0.534177652917588	FALSE	2329	220	original_panel	basement_membrane	0.678749419871331
LAMA3	expr	TRUE	Pericytes - Lymphatic EC	-0.193096329208267	0.0925869078600655	2192.95615666617	2.08556839915326	0.0974743609561285	1.13528167816297e-17	0.534177652917588	FALSE	2329	220	original_panel	basement_membrane	0.106275657656456
LAMA3	expr	TRUE	Pericytes - Mast cells	-0.0852653810788599	0.0910040684365987	2198.18911355567	0.936940320841405	0.610561317464831	1.13528167816297e-17	0.534177652917588	FALSE	2329	220	original_panel	basement_membrane	0.636935456448193
LAMA3	expr	TRUE	Pericytes - Myofibroblasts	-0.0159555817242693	0.121268544551564	2168.54054542738	0.131572303298197	0.994861619725844	1.13528167816297e-17	0.534177652917588	FALSE	2329	220	original_panel	basement_membrane	0.995964269823163
LAMA3	expr	TRUE	Pericytes - (Non-classical monocytes)	-0.00169831127298878	0.0904938672311265	2215.37950724669	0.0187671421826984	0.994861619725844	1.13528167816297e-17	0.534177652917588	FALSE	2329	220	original_panel	basement_membrane	0.995964269823163
LAMA3	expr	TRUE	Pericytes - Peribronchial fibroblasts	-0.0557751710990711	0.105777120754431	2192.93775551602	0.527289556581496	0.859475541939872	1.13528167816297e-17	0.534177652917588	FALSE	2329	220	original_panel	basement_membrane	0.879505692281691
LAMA3	expr	TRUE	Pericytes - Subpleural fibroblasts	-0.36756501888684	0.2079386919791	2241.67305816445	1.76766053199846	0.180258609715243	1.13528167816297e-17	0.534177652917588	FALSE	2329	220	original_panel	basement_membrane	0.195212799310454
LAMA3	expr	TRUE	Pericytes - (Transitional Club-AT2)	-0.241926738904956	0.0947782263403882	2210.03894397737	2.55255609063728	0.032280806234885	1.13528167816297e-17	0.534177652917588	FALSE	2329	220	original_panel	basement_membrane	0.0360917347487256
LAMA3	expr	TRUE	Pericytes - Vascular smooth muscle	-0.395522034525187	0.097317893248999	2180.02664639741	4.06422725893992	0.000209579685288004	1.13528167816297e-17	0.534177652917588	FALSE	2329	220	original_panel	basement_membrane	0.000258892552414593
LAMA4	expr	TRUE	Pericytes - AT1	1.83460241448806	0.0727388974533005	2131.73630716177	-25.2217517548421	1.41348022918323e-122	1.45451737350161e-17	0.421737137744933	FALSE	2329	220	original_panel	basement_membrane	5.78568602284321e-122
LAMA4	expr	TRUE	Pericytes - AT2_AGTR2det	1.9025961083147	0.0837024765183565	2146.82097841106	-22.7304637503461	2.41050164692778e-102	1.45451737350161e-17	0.421737137744933	FALSE	2329	220	original_panel	basement_membrane	9.24025631322315e-102
LAMA4	expr	TRUE	Pericytes - AT2_AGTR2undet	1.87890662905363	0.073942070334838	2190.3910253165	-25.4105223257236	1.6518218313896e-124	1.45451737350161e-17	0.421737137744933	FALSE	2329	220	original_panel	basement_membrane	6.93765169183631e-124
LAMA4	expr	TRUE	Pericytes - Adventitial fibroblasts	0.145018437990933	0.0769455710602129	2174.59191343916	-1.88468856612229	0.0658793763406959	1.45451737350161e-17	0.421737137744933	FALSE	2329	220	original_panel	basement_membrane	0.0723175881194457
LAMA4	expr	TRUE	Pericytes - Alveolar fibroblasts	-0.852123449165407	0.074799958219739	2122.19919620951	11.3920310845914	5.13140788150944e-29	1.45451737350161e-17	0.421737137744933	FALSE	2329	220	original_panel	basement_membrane	9.42384032992038e-29
LAMA4	expr	TRUE	Pericytes - Alveolar macrophages	1.82840814603762	0.0738639726621611	2195.645011948	-24.7537206589251	4.24400375616229e-119	1.45451737350161e-17	0.421737137744933	FALSE	2329	220	original_panel	basement_membrane	1.70821151185532e-118
LAMA4	expr	TRUE	Pericytes - Classical monocytes	1.84976876234896	0.0700341791773047	2142.0015575973	-26.4123715602623	5.36934191308675e-132	1.45451737350161e-17	0.421737137744933	FALSE	2329	220	original_panel	basement_membrane	2.42373097572047e-131
LAMA4	expr	TRUE	Pericytes - DC2	1.80927340402676	0.0709023292893863	2168.25527839614	-25.5178274417791	3.39983285958114e-125	1.45451737350161e-17	0.421737137744933	FALSE	2329	220	original_panel	basement_membrane	1.45320289484752e-124
LAMA4	expr	TRUE	Pericytes - EC aerocyte capillary	1.73277958902671	0.0777618529140797	2113.77013845149	-22.2831571534347	1.07861730509198e-98	1.45451737350161e-17	0.421737137744933	FALSE	2329	220	original_panel	basement_membrane	4.03854386325137e-98
LAMA4	expr	TRUE	Pericytes - EC general capillary	0.7134846714103	0.0727432670574648	2118.94457299967	-9.80825717996238	4.59178857455264e-22	1.45451737350161e-17	0.421737137744933	FALSE	2329	220	original_panel	basement_membrane	7.56939891299974e-22
LAMA4	expr	TRUE	Pericytes - EC venous pulmonary	0.869438145227411	0.0756785079301294	2133.24689038126	-11.4885740880373	1.92961301370981e-29	1.45451737350161e-17	0.421737137744933	FALSE	2329	220	original_panel	basement_membrane	3.57089304835954e-29
LAMA4	expr	TRUE	Pericytes - EC venous systemic	0.679246380703678	0.0778797413848144	2155.17179977625	-8.72173390185554	7.04891144455553e-18	1.45451737350161e-17	0.421737137744933	FALSE	2329	220	original_panel	basement_membrane	1.11262229664063e-17
LAMA4	expr	TRUE	Pericytes - Interstitial macrophages	1.85185502247827	0.0717129335760667	2191.79466445255	-25.8231664796418	9.36046416961413e-128	1.45451737350161e-17	0.421737137744933	FALSE	2329	220	original_panel	basement_membrane	4.07306684137263e-127
LAMA4	expr	TRUE	Pericytes - Lymphatic EC	-0.649168301904769	0.0736566530275601	2139.00566305803	8.81343741836695	3.44324979719498e-18	1.45451737350161e-17	0.421737137744933	FALSE	2329	220	original_panel	basement_membrane	5.45275295752517e-18
LAMA4	expr	TRUE	Pericytes - Mast cells	1.85302534200863	0.0724970878749669	2140.12809368796	-25.559996909179	2.92052097475491e-125	1.45451737350161e-17	0.421737137744933	FALSE	2329	220	original_panel	basement_membrane	1.25947467036305e-124
LAMA4	expr	TRUE	Pericytes - Myofibroblasts	0.586756912502628	0.0961184014022428	2116.02618415943	-6.10452217205661	1.51092440154505e-09	1.45451737350161e-17	0.421737137744933	FALSE	2329	220	original_panel	basement_membrane	2.1464014292537e-09
LAMA4	expr	TRUE	Pericytes - (Non-classical monocytes)	1.90178100536261	0.0724000914092112	2165.66446893738	-26.267660279786	3.15685980152619e-131	1.45451737350161e-17	0.421737137744933	FALSE	2329	220	original_panel	basement_membrane	1.39886539829096e-130
LAMA4	expr	TRUE	Pericytes - Peribronchial fibroblasts	-0.0369748195007495	0.0845315162241623	2152.90831518768	0.437408686751802	0.69495180130809	1.45451737350161e-17	0.421737137744933	FALSE	2329	220	original_panel	basement_membrane	0.718761713130209
LAMA4	expr	TRUE	Pericytes - Subpleural fibroblasts	0.0559757217837317	0.166205544865536	2156.39960403861	-0.336786127255967	0.736310904045006	1.45451737350161e-17	0.421737137744933	FALSE	2329	220	original_panel	basement_membrane	0.759910612507987
LAMA4	expr	TRUE	Pericytes - (Transitional Club-AT2)	1.89792332072668	0.07685303642645	2173.15802088559	-24.6954890655886	1.5980836229418e-118	1.45451737350161e-17	0.421737137744933	FALSE	2329	220	original_panel	basement_membrane	6.37912718909824e-118
LAMA4	expr	TRUE	Pericytes - Vascular smooth muscle	0.243843527242199	0.077288389465792	2125.49027589665	-3.15498264264033	0.00189878230138442	1.45451737350161e-17	0.421737137744933	FALSE	2329	220	original_panel	basement_membrane	0.002275711790493
LAMA5	expr	TRUE	Pericytes - AT1	-1.97633472181993	0.102904314816794	2193.36175341537	19.2055573698587	8.73891013230842e-75	2.65775778504311e-17	0.60083587847111	FALSE	2329	220	original_panel	basement_membrane	3.01492399564641e-74
LAMA5	expr	TRUE	Pericytes - AT2_AGTR2det	-0.00963168401724162	0.115789589112074	2171.20253979661	0.0831826426805871	0.933713981991218	2.65775778504311e-17	0.60083587847111	FALSE	2329	220	original_panel	basement_membrane	0.951442728484722
LAMA5	expr	TRUE	Pericytes - AT2_AGTR2undet	-0.306136372722019	0.103053651334721	2230.18589832697	2.97065042098976	0.00371013372221996	2.65775778504311e-17	0.60083587847111	FALSE	2329	220	original_panel	basement_membrane	0.00439214359762804
LAMA5	expr	TRUE	Pericytes - Adventitial fibroblasts	0.469841717883726	0.108053492309363	2220.62656839805	-4.34823260074318	2.31707566102392e-05	2.65775778504311e-17	0.60083587847111	FALSE	2329	220	original_panel	basement_membrane	2.93739512932954e-05
LAMA5	expr	TRUE	Pericytes - Alveolar fibroblasts	0.302643267405385	0.106005548059799	2179.14077307849	-2.85497573423856	0.00506884503260603	2.65775778504311e-17	0.60083587847111	FALSE	2329	220	original_panel	basement_membrane	0.00595681788503337
LAMA5	expr	TRUE	Pericytes - Alveolar macrophages	0.453665418495341	0.101982074894054	2215.48832140736	-4.44848194122977	1.5882699098955e-05	2.65775778504311e-17	0.60083587847111	FALSE	2329	220	original_panel	basement_membrane	2.0348391683807e-05
LAMA5	expr	TRUE	Pericytes - Classical monocytes	0.496899176799684	0.0988369632008103	2195.38101485893	-5.02746301290255	1.25356058874345e-06	2.65775778504311e-17	0.60083587847111	FALSE	2329	220	original_panel	basement_membrane	1.68186045656413e-06
LAMA5	expr	TRUE	Pericytes - DC2	0.443114231011933	0.0987993827263025	2202.41039432229	-4.48498987326129	1.46360237522375e-05	2.65775778504311e-17	0.60083587847111	FALSE	2329	220	original_panel	basement_membrane	1.89522774057123e-05
LAMA5	expr	TRUE	Pericytes - EC aerocyte capillary	-1.78139326639769	0.11038898030656	2161.84467131626	16.1374193461214	2.21091204956014e-54	2.65775778504311e-17	0.60083587847111	FALSE	2329	220	original_panel	basement_membrane	6.47194254507606e-54
LAMA5	expr	TRUE	Pericytes - EC general capillary	-1.17896915940652	0.103129849490109	2176.68459370084	11.4318906236705	1.0328997621018e-28	2.65775778504311e-17	0.60083587847111	FALSE	2329	220	original_panel	basement_membrane	1.86850406402685e-28
LAMA5	expr	TRUE	Pericytes - EC venous pulmonary	-0.71709289820994	0.107030729282036	2197.43415758724	6.69987865186209	9.24568181037253e-11	2.65775778504311e-17	0.60083587847111	FALSE	2329	220	original_panel	basement_membrane	1.35734477641639e-10
LAMA5	expr	TRUE	Pericytes - EC venous systemic	-1.3607603329011	0.109582764317948	2194.23728025756	12.417649266019	2.0202388126059e-33	2.65775778504311e-17	0.60083587847111	FALSE	2329	220	original_panel	basement_membrane	3.99907928888791e-33
LAMA5	expr	TRUE	Pericytes - Interstitial macrophages	0.487679823746435	0.10016457808498	2235.2112438336	-4.86878528388233	2.52292695290895e-06	2.65775778504311e-17	0.60083587847111	FALSE	2329	220	original_panel	basement_membrane	3.36622574103597e-06
LAMA5	expr	TRUE	Pericytes - Lymphatic EC	0.423513128037401	0.104110139922187	2194.95162762612	-4.06793352073043	7.366100316632e-05	2.65775778504311e-17	0.60083587847111	FALSE	2329	220	original_panel	basement_membrane	9.19335000757947e-05
LAMA5	expr	TRUE	Pericytes - Mast cells	0.360741992567121	0.102323330791362	2200.17212996606	-3.52551065116005	0.00060383092950938	2.65775778504311e-17	0.60083587847111	FALSE	2329	220	original_panel	basement_membrane	0.000742112821763437
LAMA5	expr	TRUE	Pericytes - Myofibroblasts	0.171224491733995	0.136377223177535	2170.91293355455	-1.25552117681041	0.224261539503815	2.65775778504311e-17	0.60083587847111	FALSE	2329	220	original_panel	basement_membrane	0.240707385734094
LAMA5	expr	TRUE	Pericytes - (Non-classical monocytes)	0.555382407172898	0.101739774948538	2217.05446863188	-5.4588523264753	1.59815690821072e-07	2.65775778504311e-17	0.60083587847111	FALSE	2329	220	original_panel	basement_membrane	2.20545653333079e-07
LAMA5	expr	TRUE	Pericytes - Peribronchial fibroblasts	0.366255016059444	0.118925829338527	2194.38636102492	-3.07969276394017	0.00275338932029387	2.65775778504311e-17	0.60083587847111	FALSE	2329	220	original_panel	basement_membrane	0.0032755838465565
LAMA5	expr	TRUE	Pericytes - Subpleural fibroblasts	0.290833414727943	0.233764909142872	2245.05364986011	-1.24412776833923	0.224261539503815	2.65775778504311e-17	0.60083587847111	FALSE	2329	220	original_panel	basement_membrane	0.240707385734094
LAMA5	expr	TRUE	Pericytes - (Transitional Club-AT2)	-0.536074726006864	0.106519060096849	2211.74237682861	5.03266481622588	1.25356058874345e-06	2.65775778504311e-17	0.60083587847111	FALSE	2329	220	original_panel	basement_membrane	1.68186045656413e-06
LAMA5	expr	TRUE	Pericytes - Vascular smooth muscle	-0.90536555535574	0.109434670166645	2182.06650273295	8.27311448901038	9.41604150868883e-16	2.65775778504311e-17	0.60083587847111	FALSE	2329	220	original_panel	basement_membrane	1.46236271662273e-15
LAMB1	expr	TRUE	Pericytes - AT1	3.14266452914153	0.0932291314372005	2152.65425353456	-33.7090400896681	7.51345705331627e-200	1.57840402359541e-17	0.541823625986442	FALSE	2329	220	original_panel	basement_membrane	4.7129866970802e-199
LAMB1	expr	TRUE	Pericytes - AT2_AGTR2det	3.19011880574045	0.10623501151051	2145.73566154647	-30.0288837021008	2.27377653060982e-165	1.57840402359541e-17	0.541823625986442	FALSE	2329	220	original_panel	basement_membrane	1.23397085874668e-164
LAMB1	expr	TRUE	Pericytes - AT2_AGTR2undet	3.14507392368252	0.0941453161899481	2203.84031047976	-33.4065894190318	7.43504980677345e-198	1.57840402359541e-17	0.541823625986442	FALSE	2329	220	original_panel	basement_membrane	4.54573298312858e-197
LAMB1	expr	TRUE	Pericytes - Adventitial fibroblasts	2.14788596740769	0.0982888232640755	2191.59287694113	-21.8527996986687	8.12907451824641e-96	1.57840402359541e-17	0.541823625986442	FALSE	2329	220	original_panel	basement_membrane	3.02026384024078e-95
LAMB1	expr	TRUE	Pericytes - Alveolar fibroblasts	0.272700077234363	0.0959324127857146	2140.54968026697	-2.84262710918672	0.00451675431020665	1.57840402359541e-17	0.541823625986442	FALSE	2329	220	original_panel	basement_membrane	0.00532095690690198
LAMB1	expr	TRUE	Pericytes - Alveolar macrophages	2.56639757678843	0.0937017163746162	2201.46393976846	-27.389013521674	3.91882236174311e-142	1.57840402359541e-17	0.541823625986442	FALSE	2329	220	original_panel	basement_membrane	1.85567764776659e-141
LAMB1	expr	TRUE	Pericytes - Classical monocytes	3.16639612531971	0.0896821741310094	2162.35434382965	-35.3068617704804	1.08561183016993e-214	1.57840402359541e-17	0.541823625986442	FALSE	2329	220	original_panel	basement_membrane	7.8261270742101e-214
LAMB1	expr	TRUE	Pericytes - DC2	3.17230804528114	0.0902962503174888	2179.15542696899	-35.1322234769113	1.29698312153824e-213	1.57840402359541e-17	0.541823625986442	FALSE	2329	220	original_panel	basement_membrane	9.0788818507677e-213
LAMB1	expr	TRUE	Pericytes - EC aerocyte capillary	3.08587401788448	0.0997891818499544	2129.47736318785	-30.9239334432512	2.19177965991621e-173	1.57840402359541e-17	0.541823625986442	FALSE	2329	220	original_panel	basement_membrane	1.23096462295294e-172
LAMB1	expr	TRUE	Pericytes - EC general capillary	2.68024782753136	0.0933171354041006	2138.1965814095	-28.7219256776883	1.98550946329138e-153	1.57840402359541e-17	0.541823625986442	FALSE	2329	220	original_panel	basement_membrane	9.7857252119361e-153
LAMB1	expr	TRUE	Pericytes - EC venous pulmonary	2.53212838356382	0.0969884858859874	2154.88501779065	-26.1075153450731	1.42037979113701e-130	1.57840402359541e-17	0.541823625986442	FALSE	2329	220	original_panel	basement_membrane	6.23675853744706e-130
LAMB1	expr	TRUE	Pericytes - EC venous systemic	2.25103615161555	0.0995879863382499	2169.42842966397	-22.6034909870547	1.29635564906704e-101	1.57840402359541e-17	0.541823625986442	FALSE	2329	220	original_panel	basement_membrane	4.89171701952642e-101
LAMB1	expr	TRUE	Pericytes - Interstitial macrophages	3.15828833488128	0.091421339870331	2209.70863302466	-34.5465111248741	1.22481911696738e-208	1.57840402359541e-17	0.541823625986442	FALSE	2329	220	original_panel	basement_membrane	8.10394018486639e-208
LAMB1	expr	TRUE	Pericytes - Lymphatic EC	2.26171316098274	0.0943642444305312	2158.49191195432	-23.9679041000298	1.39943441578596e-112	1.57840402359541e-17	0.541823625986442	FALSE	2329	220	original_panel	basement_membrane	5.45102276471467e-112
LAMB1	expr	TRUE	Pericytes - Mast cells	3.13106553768142	0.0928460600494535	2162.12163710345	-33.7231923036227	4.55157703877757e-200	1.57840402359541e-17	0.541823625986442	FALSE	2329	220	original_panel	basement_membrane	2.89264698648627e-199
LAMB1	expr	TRUE	Pericytes - Myofibroblasts	1.22190245128218	0.123328023997087	2132.77321790993	-9.90774368776917	1.3753249418237e-22	1.57840402359541e-17	0.541823625986442	FALSE	2329	220	original_panel	basement_membrane	2.29062740310638e-22
LAMB1	expr	TRUE	Pericytes - (Non-classical monocytes)	3.17068688581262	0.0925313421425146	2184.77499593498	-34.266085548929	1.34019367812284e-205	1.57840402359541e-17	0.541823625986442	FALSE	2329	220	original_panel	basement_membrane	8.6308472871111e-205
LAMB1	expr	TRUE	Pericytes - Peribronchial fibroblasts	0.965933670410756	0.108094914399867	2168.26849458647	-8.93597701403004	9.30844586562896e-19	1.57840402359541e-17	0.541823625986442	FALSE	2329	220	original_panel	basement_membrane	1.49368084820558e-18
LAMB1	expr	TRUE	Pericytes - Subpleural fibroblasts	1.33413325388356	0.212623086026418	2185.49386838902	-6.27463968666974	4.42322712745753e-10	1.57840402359541e-17	0.541823625986442	FALSE	2329	220	original_panel	basement_membrane	6.39646318132331e-10
LAMB1	expr	TRUE	Pericytes - (Transitional Club-AT2)	3.19323748498653	0.0976364948916827	2182.03328362007	-32.7053678906549	7.56312968543161e-191	1.57840402359541e-17	0.541823625986442	FALSE	2329	220	original_panel	basement_membrane	4.50986621983144e-190
LAMB1	expr	TRUE	Pericytes - Vascular smooth muscle	2.13361512490894	0.0990969040616196	2145.1582230339	-21.5305931614395	3.68362260078839e-93	1.57840402359541e-17	0.541823625986442	FALSE	2329	220	original_panel	basement_membrane	1.34787099710666e-92
LAMB2	expr	TRUE	Pericytes - AT1	-0.98430939103504	0.104524919054979	2150.01162981498	9.41698304992043	4.84454303021783e-20	2.93368864227705e-17	0.607291702404846	FALSE	2329	220	original_panel	basement_membrane	7.87849927136435e-20
LAMB2	expr	TRUE	Pericytes - AT2_AGTR2det	0.275976441736979	0.119234322935391	2144.98152703047	-2.31457213781069	0.0241854349126714	2.93368864227705e-17	0.607291702404846	FALSE	2329	220	original_panel	basement_membrane	0.0275508609972176
LAMB2	expr	TRUE	Pericytes - AT2_AGTR2undet	0.264797761540627	0.105627880522412	2202.10878067527	-2.50689268998864	0.0151339390583735	2.93368864227705e-17	0.607291702404846	FALSE	2329	220	original_panel	basement_membrane	0.0174455669813709
LAMB2	expr	TRUE	Pericytes - Adventitial fibroblasts	-0.592806245380348	0.110237244579244	2189.58832411304	5.37754955362847	1.75436038083772e-07	2.93368864227705e-17	0.607291702404846	FALSE	2329	220	original_panel	basement_membrane	2.41411984029806e-07
LAMB2	expr	TRUE	Pericytes - Alveolar fibroblasts	-0.422375603327334	0.107547371319034	2138.17368033446	3.92734474257281	0.00012405521223801	2.93368864227705e-17	0.607291702404846	FALSE	2329	220	original_panel	basement_membrane	0.000154032564295524
LAMB2	expr	TRUE	Pericytes - Alveolar macrophages	0.919058582624441	0.105175313014587	2200.58181657953	-8.73834891745912	1.60889933797318e-17	2.93368864227705e-17	0.607291702404846	FALSE	2329	220	original_panel	basement_membrane	2.52304668909431e-17
LAMB2	expr	TRUE	Pericytes - Classical monocytes	1.0719013620567	0.100558987738497	2159.9061477089	-10.6594287210227	4.79412167405819e-25	2.93368864227705e-17	0.607291702404846	FALSE	2329	220	original_panel	basement_membrane	8.21120839918477e-25
LAMB2	expr	TRUE	Pericytes - DC2	1.00965948419274	0.101308789449407	2177.64117708213	-9.9661588069508	3.45419279079795e-22	2.93368864227705e-17	0.607291702404846	FALSE	2329	220	original_panel	basement_membrane	5.71361341765551e-22
LAMB2	expr	TRUE	Pericytes - EC aerocyte capillary	-0.593538673723625	0.11186315614527	2127.45388854406	5.30593534257904	2.36227532171904e-07	2.93368864227705e-17	0.607291702404846	FALSE	2329	220	original_panel	basement_membrane	3.24141755792698e-07
LAMB2	expr	TRUE	Pericytes - EC general capillary	-0.358495129251237	0.104613132503944	2135.7180598958	3.42686544863498	0.000816575830717912	2.93368864227705e-17	0.607291702404846	FALSE	2329	220	original_panel	basement_membrane	0.000990970166423999
LAMB2	expr	TRUE	Pericytes - EC venous pulmonary	-0.882866383671185	0.108740961669756	2152.1275553751	8.11898635173407	1.82600917656022e-15	2.93368864227705e-17	0.607291702404846	FALSE	2329	220	original_panel	basement_membrane	2.81777134913287e-15
LAMB2	expr	TRUE	Pericytes - EC venous systemic	-0.501321930765627	0.11168256637596	2167.71130110639	4.48881098485875	1.13062894151291e-05	2.93368864227705e-17	0.607291702404846	FALSE	2329	220	original_panel	basement_membrane	1.47195088612058e-05
LAMB2	expr	TRUE	Pericytes - Interstitial macrophages	0.871132000375965	0.102559728331268	2207.69686945216	-8.49389925802268	1.084510784342e-16	2.93368864227705e-17	0.607291702404846	FALSE	2329	220	original_panel	basement_membrane	1.69520617746663e-16
LAMB2	expr	TRUE	Pericytes - Lymphatic EC	-0.867940695667639	0.105802186910163	2156.06344532043	8.20342869098362	1.04159879908757e-15	2.93368864227705e-17	0.607291702404846	FALSE	2329	220	original_panel	basement_membrane	1.6124750639721e-15
LAMB2	expr	TRUE	Pericytes - Mast cells	1.13684565953656	0.104105908648807	2159.4404596866	-10.9200877672719	4.87763027845254e-26	2.93368864227705e-17	0.607291702404846	FALSE	2329	220	original_panel	basement_membrane	8.47444397299489e-26
LAMB2	expr	TRUE	Pericytes - Myofibroblasts	-0.182716320583028	0.138252593639486	2130.55649536241	1.32161224446529	0.206064375494708	2.93368864227705e-17	0.607291702404846	FALSE	2329	220	original_panel	basement_membrane	0.222660164125154
LAMB2	expr	TRUE	Pericytes - (Non-classical monocytes)	1.18315216480505	0.103775282830485	2182.48765764636	-11.4010979544879	5.74312245973297e-28	2.93368864227705e-17	0.607291702404846	FALSE	2329	220	original_panel	basement_membrane	1.03504781643695e-27
LAMB2	expr	TRUE	Pericytes - Peribronchial fibroblasts	-0.54426442535605	0.121223356827404	2166.46047960618	4.48976533566023	1.13062894151291e-05	2.93368864227705e-17	0.607291702404846	FALSE	2329	220	original_panel	basement_membrane	1.47195088612058e-05
LAMB2	expr	TRUE	Pericytes - Subpleural fibroblasts	0.0254664390498872	0.2384414109775	2181.74807601551	-0.106803759235808	0.960702208745041	2.93368864227705e-17	0.607291702404846	FALSE	2329	220	original_panel	basement_membrane	0.976882456471274
LAMB2	expr	TRUE	Pericytes - (Transitional Club-AT2)	0.00201304540412304	0.109572947890588	2180.45383386689	-0.0183717372113884	0.985343979935656	2.93368864227705e-17	0.607291702404846	FALSE	2329	220	original_panel	basement_membrane	0.995964269823163
LAMB2	expr	TRUE	Pericytes - Vascular smooth muscle	-0.558156540472796	0.111099180967709	2142.69453482194	5.02394829206727	9.59164851406507e-07	2.93368864227705e-17	0.607291702404846	FALSE	2329	220	original_panel	basement_membrane	1.29769362249116e-06
LAMB3	expr	TRUE	Pericytes - AT1	-3.24997306873322	0.0943328996600881	2153.51254613436	34.4521697143194	3.07671649165452e-206	1.67720268141858e-17	0.548291195670479	FALSE	2329	220	bm_expansion	basement_membrane	2.0558060194237e-205
LAMB3	expr	TRUE	Pericytes - AT2_AGTR2det	-1.15810307412345	0.10745629366599	2146.02184169927	10.777433639422	1.44160239702769e-25	1.67720268141858e-17	0.548291195670479	FALSE	2329	220	bm_expansion	basement_membrane	4.92826865960631e-25
LAMB3	expr	TRUE	Pericytes - AT2_AGTR2undet	-1.50825696788382	0.0952383248957814	2204.40405763563	15.8366599741679	1.46576083985549e-52	1.67720268141858e-17	0.548291195670479	FALSE	2329	220	bm_expansion	basement_membrane	5.13016293949423e-52
LAMB3	expr	TRUE	Pericytes - Adventitial fibroblasts	0.030833228025208	0.099441236514769	2192.23829809948	-0.310064809186365	0.836177054331044	1.67720268141858e-17	0.548291195670479	FALSE	2329	220	bm_expansion	basement_membrane	0.924195691629049
LAMB3	expr	TRUE	Pericytes - Alveolar fibroblasts	-0.0432658213805826	0.0970706183719588	2141.32482433614	0.445714904326611	0.810165492931932	1.67720268141858e-17	0.548291195670479	FALSE	2329	220	bm_expansion	basement_membrane	0.923211840782899
LAMB3	expr	TRUE	Pericytes - Alveolar macrophages	0.0573876541862133	0.0947765396666043	2201.75689176563	-0.605504847381915	0.762868416592604	1.67720268141858e-17	0.548291195670479	FALSE	2329	220	bm_expansion	basement_membrane	0.883005175111125
LAMB3	expr	TRUE	Pericytes - Classical monocytes	-0.185294984325919	0.0907408169700596	2163.14203487305	2.04202464241707	0.17333458947019	1.67720268141858e-17	0.548291195670479	FALSE	2329	220	bm_expansion	basement_membrane	0.303335531572832
LAMB3	expr	TRUE	Pericytes - DC2	-0.0286289592410804	0.0913446308126363	2179.65244717723	0.313416989990396	0.836177054331044	1.67720268141858e-17	0.548291195670479	FALSE	2329	220	bm_expansion	basement_membrane	0.924195691629049
LAMB3	expr	TRUE	Pericytes - EC aerocyte capillary	0.0474380853106999	0.100975465508109	2130.13656745772	-0.469798134348689	0.810165492931932	1.67720268141858e-17	0.548291195670479	FALSE	2329	220	bm_expansion	basement_membrane	0.923211840782899
LAMB3	expr	TRUE	Pericytes - EC general capillary	0.05853806576768	0.0944249499865958	2139.00332530151	-0.619942777581453	0.762868416592604	1.67720268141858e-17	0.548291195670479	FALSE	2329	220	bm_expansion	basement_membrane	0.883005175111125
LAMB3	expr	TRUE	Pericytes - EC venous pulmonary	0.114895211429942	0.0981364069172114	2155.78176173851	-1.17077051258733	0.564247672116897	1.67720268141858e-17	0.548291195670479	FALSE	2329	220	bm_expansion	basement_membrane	0.829444078011838
LAMB3	expr	TRUE	Pericytes - EC venous systemic	0.141782592140466	0.100758926190265	2169.9828921132	-1.40714671643816	0.558344845138397	1.67720268141858e-17	0.548291195670479	FALSE	2329	220	bm_expansion	basement_membrane	0.829444078011838
LAMB3	expr	TRUE	Pericytes - Interstitial macrophages	-0.111577602539424	0.0924860299030145	2210.35017379331	1.20642655605858	0.564247672116897	1.67720268141858e-17	0.548291195670479	FALSE	2329	220	bm_expansion	basement_membrane	0.829444078011838
LAMB3	expr	TRUE	Pericytes - Lymphatic EC	0.102964583562283	0.0954801504096369	2159.27914258014	-1.0783873205115	0.59006092679808	1.67720268141858e-17	0.548291195670479	FALSE	2329	220	bm_expansion	basement_membrane	0.843768929946995
LAMB3	expr	TRUE	Pericytes - Mast cells	0.0788395920496024	0.0939422217304811	2162.98670809171	-0.839234910536735	0.702502924156273	1.67720268141858e-17	0.548291195670479	FALSE	2329	220	bm_expansion	basement_membrane	0.843768929946995
LAMB3	expr	TRUE	Pericytes - Myofibroblasts	0.158905278633946	0.124793388266109	2133.49951728333	-1.27334693641859	0.564247672116897	1.67720268141858e-17	0.548291195670479	FALSE	2329	220	bm_expansion	basement_membrane	0.829444078011838
LAMB3	expr	TRUE	Pericytes - (Non-classical monocytes)	0.0123850000912793	0.0936174815843405	2185.51196032773	-0.132293668678981	0.894764193009809	1.67720268141858e-17	0.548291195670479	FALSE	2329	220	bm_expansion	basement_membrane	0.954310507249052
LAMB3	expr	TRUE	Pericytes - Peribronchial fibroblasts	0.110255245461802	0.109365633802815	2168.85013639941	-1.00813428888083	0.598504688047825	1.67720268141858e-17	0.548291195670479	FALSE	2329	220	bm_expansion	basement_membrane	0.843768929946995
LAMB3	expr	TRUE	Pericytes - Subpleural fibroblasts	0.163197832621433	0.215123785353176	2186.71507379745	-0.758622912633794	0.723950638784241	1.67720268141858e-17	0.548291195670479	FALSE	2329	220	bm_expansion	basement_membrane	0.851365951210268
LAMB3	expr	TRUE	Pericytes - (Transitional Club-AT2)	-0.987034984849917	0.098761938276993	2182.56647417846	9.99408276173788	2.63264169190514e-22	1.67720268141858e-17	0.548291195670479	FALSE	2329	220	bm_expansion	basement_membrane	8.59996286022347e-22
LAMB3	expr	TRUE	Pericytes - Vascular smooth muscle	-0.0232880506615407	0.100271416262454	2145.95662545464	0.232250141960553	0.857184174459868	1.67720268141858e-17	0.548291195670479	FALSE	2329	220	bm_expansion	basement_membrane	0.940343833176124
LAMB4	expr	TRUE	Pericytes - AT1	0.670764346524677	0.156595613989141	2246.41669868991	-4.28341720076011	5.03463078529997e-05	1.88885993354706e-17	0.921359171460791	FALSE	2329	220	bm_expansion	basement_membrane	0.000115639175849859
LAMB4	expr	TRUE	Pericytes - AT2_AGTR2det	0.664878859931298	0.17426771159895	2209.71493600982	-3.81527279971067	0.000209649635742981	1.88885993354706e-17	0.921359171460791	FALSE	2329	220	bm_expansion	basement_membrane	0.000440264235060259
LAMB4	expr	TRUE	Pericytes - AT2_AGTR2undet	0.670002402868544	0.155695203404559	2257.65125343277	-4.30329508050167	5.03463078529997e-05	1.88885993354706e-17	0.921359171460791	FALSE	2329	220	bm_expansion	basement_membrane	0.000115639175849859
LAMB4	expr	TRUE	Pericytes - Adventitial fibroblasts	0.641613146798015	0.163908084427412	2256.2426083493	-3.91446919192175	0.000163255745230786	1.88885993354706e-17	0.921359171460791	FALSE	2329	220	bm_expansion	basement_membrane	0.000352920508072434
LAMB4	expr	TRUE	Pericytes - Alveolar fibroblasts	0.0749326623215282	0.161545539988113	2237.02920346907	-0.463848536623432	0.642801396356802	1.88885993354706e-17	0.921359171460791	FALSE	2329	220	bm_expansion	basement_membrane	0.843768929946995
LAMB4	expr	TRUE	Pericytes - Alveolar macrophages	0.667580360564304	0.15308699675182	2217.00448575801	-4.36079075773213	4.74329626711952e-05	1.88885993354706e-17	0.921359171460791	FALSE	2329	220	bm_expansion	basement_membrane	0.000112462024397834
LAMB4	expr	TRUE	Pericytes - Classical monocytes	0.623942295217229	0.150071171778436	2218.06426155138	-4.15764258933363	7.78801642532559e-05	1.88885993354706e-17	0.921359171460791	FALSE	2329	220	bm_expansion	basement_membrane	0.000176128986849671
LAMB4	expr	TRUE	Pericytes - DC2	0.671847753063927	0.149044305825514	2215.51222816902	-4.50770493607758	3.6197208234837e-05	1.88885993354706e-17	0.921359171460791	FALSE	2329	220	bm_expansion	basement_membrane	8.86831601753506e-05
LAMB4	expr	TRUE	Pericytes - EC aerocyte capillary	0.673620281934435	0.168552585784658	2211.82222582676	-3.99649924561257	0.000126746594651684	1.88885993354706e-17	0.921359171460791	FALSE	2329	220	bm_expansion	basement_membrane	0.000278085812146232
LAMB4	expr	TRUE	Pericytes - EC general capillary	0.263280835459913	0.157124472267785	2224.91232400409	-1.67561953691852	0.10384306569332	1.88885993354706e-17	0.921359171460791	FALSE	2329	220	bm_expansion	basement_membrane	0.186157690938025
LAMB4	expr	TRUE	Pericytes - EC venous pulmonary	0.65817778821116	0.162785500291569	2246.4448630141	-4.04322121461851	0.000114447469793218	1.88885993354706e-17	0.921359171460791	FALSE	2329	220	bm_expansion	basement_membrane	0.000254905728175804
LAMB4	expr	TRUE	Pericytes - EC venous systemic	0.225250322416634	0.166230381289815	2217.01243489259	-1.35504906304654	0.184316972881126	1.88885993354706e-17	0.921359171460791	FALSE	2329	220	bm_expansion	basement_membrane	0.318759941335594
LAMB4	expr	TRUE	Pericytes - Interstitial macrophages	0.684879895966734	0.151320160372708	2251.54277241789	-4.52603205204017	3.6197208234837e-05	1.88885993354706e-17	0.921359171460791	FALSE	2329	220	bm_expansion	basement_membrane	8.86831601753506e-05
LAMB4	expr	TRUE	Pericytes - Lymphatic EC	0.719225184305296	0.158360264839415	2236.60015864157	-4.54170233318707	3.6197208234837e-05	1.88885993354706e-17	0.921359171460791	FALSE	2329	220	bm_expansion	basement_membrane	8.86831601753506e-05
LAMB4	expr	TRUE	Pericytes - Mast cells	0.540156368003527	0.155372751911913	2238.90301740617	-3.47651928254296	0.000639448294715775	1.88885993354706e-17	0.921359171460791	FALSE	2329	220	bm_expansion	basement_membrane	0.00127025539625971
LAMB4	expr	TRUE	Pericytes - Myofibroblasts	0.749036672060365	0.207974717816107	2237.28465316742	-3.60157561421802	0.000424180402552808	1.88885993354706e-17	0.921359171460791	FALSE	2329	220	bm_expansion	basement_membrane	0.000866034988545316
LAMB4	expr	TRUE	Pericytes - (Non-classical monocytes)	0.679242694287045	0.154205497668553	2246.96549138159	-4.40478909349263	4.65596923508749e-05	1.88885993354706e-17	0.921359171460791	FALSE	2329	220	bm_expansion	basement_membrane	0.000112201225829158
LAMB4	expr	TRUE	Pericytes - Peribronchial fibroblasts	0.694801365910807	0.180413100978333	2231.57406870994	-3.85116913429835	0.000195245301517854	1.88885993354706e-17	0.921359171460791	FALSE	2329	220	bm_expansion	basement_membrane	0.000415957381494558
LAMB4	expr	TRUE	Pericytes - Subpleural fibroblasts	0.755779527846844	0.352884123309873	2305.76368747237	-2.14172153951846	0.0377071300672766	1.88885993354706e-17	0.921359171460791	FALSE	2329	220	bm_expansion	basement_membrane	0.0684314582702426
LAMB4	expr	TRUE	Pericytes - (Transitional Club-AT2)	0.723608582073553	0.160373783481728	2242.54733390864	-4.5120129136069	3.6197208234837e-05	1.88885993354706e-17	0.921359171460791	FALSE	2329	220	bm_expansion	basement_membrane	8.86831601753506e-05
LAMB4	expr	TRUE	Pericytes - Vascular smooth muscle	0.605620091511621	0.166645373853965	2230.63766842185	-3.6341848411726	0.000399231442686689	1.88885993354706e-17	0.921359171460791	FALSE	2329	220	bm_expansion	basement_membrane	0.000826577775703426
LAMC1	expr	TRUE	Pericytes - AT1	-0.0459784707874631	0.0978244232768399	2160.74852184386	0.470010139056435	0.670314965432364	4.16502630329417e-17	0.569045958096082	FALSE	2329	220	original_panel	basement_membrane	0.694768515673459
LAMC1	expr	TRUE	Pericytes - AT2_AGTR2det	0.551796041454976	0.111132737811112	2149.11904139295	-4.96519794547706	1.11051094564873e-06	4.16502630329417e-17	0.569045958096082	FALSE	2329	220	original_panel	basement_membrane	1.49825918086128e-06
LAMC1	expr	TRUE	Pericytes - AT2_AGTR2undet	0.340454857393524	0.0985856368349368	2209.17163097898	-3.45339207945222	0.000696721192897244	4.16502630329417e-17	0.569045958096082	FALSE	2329	220	original_panel	basement_membrane	0.000851940091568023
LAMC1	expr	TRUE	Pericytes - Adventitial fibroblasts	-0.682781718022902	0.103029836329565	2197.58927584505	6.62702904660419	7.51635207488196e-11	4.16502630329417e-17	0.569045958096082	FALSE	2329	220	original_panel	basement_membrane	1.10682867444146e-10
LAMC1	expr	TRUE	Pericytes - Alveolar fibroblasts	-1.39160129937305	0.100684376809922	2147.92606623478	13.8214223841322	5.7258825060723e-41	4.16502630329417e-17	0.569045958096082	FALSE	2329	220	original_panel	basement_membrane	1.25709147746951e-40
LAMC1	expr	TRUE	Pericytes - Alveolar macrophages	1.19668418794555	0.0979973304306571	2204.31844594207	-12.2113957868711	8.18901475408717e-33	4.16502630329417e-17	0.569045958096082	FALSE	2329	220	original_panel	basement_membrane	1.59487666380004e-32
LAMC1	expr	TRUE	Pericytes - Classical monocytes	1.22761513750519	0.0940725178272551	2169.63678923295	-13.0496681268748	6.6695223111761e-37	4.16502630329417e-17	0.569045958096082	FALSE	2329	220	original_panel	basement_membrane	1.40671584117819e-36
LAMC1	expr	TRUE	Pericytes - DC2	1.32108231735728	0.0945536464349332	2183.91133817105	-13.9717754646975	1.04084005840166e-41	4.16502630329417e-17	0.569045958096082	FALSE	2329	220	original_panel	basement_membrane	2.31670851708756e-41
LAMC1	expr	TRUE	Pericytes - EC aerocyte capillary	1.29683507195068	0.104754755787745	2135.73150106472	-12.379725027266	1.68220240538707e-33	4.16502630329417e-17	0.569045958096082	FALSE	2329	220	original_panel	basement_membrane	3.34363687984343e-33
LAMC1	expr	TRUE	Pericytes - EC general capillary	0.774299630597948	0.0979450221363682	2145.83061587201	-7.90545158609384	8.8864456537472e-15	4.16502630329417e-17	0.569045958096082	FALSE	2329	220	original_panel	basement_membrane	1.34973372665406e-14
LAMC1	expr	TRUE	Pericytes - EC venous pulmonary	0.639718433786004	0.101765498802362	2163.35987041036	-6.28620152521828	6.33744410277756e-10	4.16502630329417e-17	0.569045958096082	FALSE	2329	220	original_panel	basement_membrane	9.11007589774275e-10
LAMC1	expr	TRUE	Pericytes - EC venous systemic	-0.122835161751756	0.104420947186485	2174.60201330429	1.17634598288392	0.264804918666182	4.16502630329417e-17	0.569045958096082	FALSE	2329	220	original_panel	basement_membrane	0.282966317955235
LAMC1	expr	TRUE	Pericytes - Interstitial macrophages	1.17127417830555	0.0957619814467726	2215.54888923712	-12.2310979849198	7.36974104652608e-33	4.16502630329417e-17	0.569045958096082	FALSE	2329	220	original_panel	basement_membrane	1.44112750019113e-32
LAMC1	expr	TRUE	Pericytes - Lymphatic EC	-0.413159006438227	0.0990037309206301	2165.88820071854	4.17316602714145	4.09846315763178e-05	4.16502630329417e-17	0.569045958096082	FALSE	2329	220	original_panel	basement_membrane	5.16855797685678e-05
LAMC1	expr	TRUE	Pericytes - Mast cells	1.37184935095767	0.0973924425517743	2170.17005918975	-14.0857885377337	3.66605868177588e-42	4.16502630329417e-17	0.569045958096082	FALSE	2329	220	original_panel	basement_membrane	8.23584345719884e-42
LAMC1	expr	TRUE	Pericytes - Myofibroblasts	-0.166641467017684	0.129457361317152	2139.74755669941	1.28723052379722	0.231178699387409	4.16502630329417e-17	0.569045958096082	FALSE	2329	220	original_panel	basement_membrane	0.24758162262554
LAMC1	expr	TRUE	Pericytes - (Non-classical monocytes)	1.40104296399896	0.0970046407360892	2191.61905393362	-14.4430509032102	6.49933435145323e-44	4.16502630329417e-17	0.569045958096082	FALSE	2329	220	original_panel	basement_membrane	1.49484690083424e-43
LAMC1	expr	TRUE	Pericytes - Peribronchial fibroblasts	-0.795724375564777	0.113337865541258	2173.66270702465	7.02081666850441	5.60747458480233e-12	4.16502630329417e-17	0.569045958096082	FALSE	2329	220	original_panel	basement_membrane	8.3851709735589e-12
LAMC1	expr	TRUE	Pericytes - Subpleural fibroblasts	-0.0305352148870482	0.222939938183064	2197.09728419532	0.136966104574653	0.891070136424302	4.16502630329417e-17	0.569045958096082	FALSE	2329	220	original_panel	basement_membrane	0.909908828526295
LAMC1	expr	TRUE	Pericytes - (Transitional Club-AT2)	1.03402456908095	0.102164858807899	2187.38167484561	-10.1211373572711	3.40079047147439e-23	4.16502630329417e-17	0.569045958096082	FALSE	2329	220	original_panel	basement_membrane	5.72328152516422e-23
LAMC1	expr	TRUE	Pericytes - Vascular smooth muscle	-0.493639763634779	0.103993271419827	2152.6512770895	4.74684329952391	3.08280639135671e-06	4.16502630329417e-17	0.569045958096082	FALSE	2329	220	original_panel	basement_membrane	4.05720841151305e-06
LAMC2	expr	TRUE	Pericytes - AT1	-3.58068194173441	0.100690959504057	2166.23253056045	35.5611065717388	3.02964285099724e-217	1.2997306115538e-17	0.586080960616209	FALSE	2329	220	bm_expansion	basement_membrane	2.12074999569807e-216
LAMC2	expr	TRUE	Pericytes - AT2_AGTR2det	-0.450311347597057	0.1141744559109	2152.12339791962	3.94406388017713	0.000434048927691999	1.2997306115538e-17	0.586080960616209	FALSE	2329	220	bm_expansion	basement_membrane	0.000874043731105805
LAMC2	expr	TRUE	Pericytes - AT2_AGTR2undet	-0.792452448505961	0.101348111463269	2212.78543989602	7.81911411139775	8.57122992372177e-14	1.2997306115538e-17	0.586080960616209	FALSE	2329	220	bm_expansion	basement_membrane	2.68078893358958e-13
LAMC2	expr	TRUE	Pericytes - Adventitial fibroblasts	-0.309679700006582	0.105984191181257	2201.56017760696	2.92194238173652	0.0147587790882767	1.2997306115538e-17	0.586080960616209	FALSE	2329	220	bm_expansion	basement_membrane	0.0278146221279061
LAMC2	expr	TRUE	Pericytes - Alveolar fibroblasts	-0.27255572381656	0.103650616781284	2153.0069636652	2.62956200628973	0.0301362319041427	1.2997306115538e-17	0.586080960616209	FALSE	2329	220	bm_expansion	basement_membrane	0.056076279619101
LAMC2	expr	TRUE	Pericytes - Alveolar macrophages	-0.08135331641479	0.100661311669682	2206.31999097363	0.808188519157682	0.702331818684915	1.2997306115538e-17	0.586080960616209	FALSE	2329	220	bm_expansion	basement_membrane	0.843768929946995
LAMC2	expr	TRUE	Pericytes - Classical monocytes	0.0156099470857328	0.0968086866023187	2174.38235404824	-0.16124531417162	0.902730163094394	1.2997306115538e-17	0.586080960616209	FALSE	2329	220	bm_expansion	basement_membrane	0.954310507249052
LAMC2	expr	TRUE	Pericytes - DC2	-0.0628794902250561	0.0971999028380367	2187.17498250341	0.646908982304556	0.702331818684915	1.2997306115538e-17	0.586080960616209	FALSE	2329	220	bm_expansion	basement_membrane	0.843768929946995
LAMC2	expr	TRUE	Pericytes - EC aerocyte capillary	-0.0277536699965759	0.107856594013088	2140.01541746266	0.257320104074565	0.900021055340498	1.2997306115538e-17	0.586080960616209	FALSE	2329	220	bm_expansion	basement_membrane	0.954310507249052
LAMC2	expr	TRUE	Pericytes - EC general capillary	-0.0604716876327634	0.100833438425837	2151.02502367092	0.599718591142164	0.702331818684915	1.2997306115538e-17	0.586080960616209	FALSE	2329	220	bm_expansion	basement_membrane	0.843768929946995
LAMC2	expr	TRUE	Pericytes - EC venous pulmonary	-0.0628528057207092	0.104744854896166	2169.11699946835	0.600056258448356	0.702331818684915	1.2997306115538e-17	0.586080960616209	FALSE	2329	220	bm_expansion	basement_membrane	0.843768929946995
LAMC2	expr	TRUE	Pericytes - EC venous systemic	-0.0848107423462031	0.107432120225715	2178.04305979646	0.789435619142729	0.702331818684915	1.2997306115538e-17	0.586080960616209	FALSE	2329	220	bm_expansion	basement_membrane	0.843768929946995
LAMC2	expr	TRUE	Pericytes - Interstitial macrophages	-0.0583715196318958	0.0984613544655061	2219.26314339264	0.592836854101424	0.702331818684915	1.2997306115538e-17	0.586080960616209	FALSE	2329	220	bm_expansion	basement_membrane	0.843768929946995
LAMC2	expr	TRUE	Pericytes - Lymphatic EC	-0.199887271116918	0.101897730345085	2170.8641983099	1.96164596051339	0.149794011873397	1.2997306115538e-17	0.586080960616209	FALSE	2329	220	bm_expansion	basement_membrane	0.265297828257703
LAMC2	expr	TRUE	Pericytes - Mast cells	-0.0739289909881757	0.100225418130159	2175.48590750281	0.737627164519954	0.702331818684915	1.2997306115538e-17	0.586080960616209	FALSE	2329	220	bm_expansion	basement_membrane	0.843768929946995
LAMC2	expr	TRUE	Pericytes - Myofibroblasts	-0.0313093321077111	0.133284986912899	2144.63437262842	0.234905166987574	0.900021055340498	1.2997306115538e-17	0.586080960616209	FALSE	2329	220	bm_expansion	basement_membrane	0.954310507249052
LAMC2	expr	TRUE	Pericytes - (Non-classical monocytes)	0.0121971611907012	0.0997907822767331	2196.13113226302	-0.12222733315064	0.902730163094394	1.2997306115538e-17	0.586080960616209	FALSE	2329	220	bm_expansion	basement_membrane	0.954310507249052
LAMC2	expr	TRUE	Pericytes - Peribronchial fibroblasts	-0.13173468571176	0.116603766464548	2177.22430228247	1.12976355486607	0.679088336592446	1.2997306115538e-17	0.586080960616209	FALSE	2329	220	bm_expansion	basement_membrane	0.843768929946995
LAMC2	expr	TRUE	Pericytes - Subpleural fibroblasts	-0.130794783107989	0.229356865107881	2205.06042916077	0.570267574273253	0.702331818684915	1.2997306115538e-17	0.586080960616209	FALSE	2329	220	bm_expansion	basement_membrane	0.843768929946995
LAMC2	expr	TRUE	Pericytes - (Transitional Club-AT2)	-0.693223424169717	0.104977243575982	2191.31347177969	6.6035590243705	3.51480263766486e-10	1.2997306115538e-17	0.586080960616209	FALSE	2329	220	bm_expansion	basement_membrane	9.93607668724489e-10
LAMC2	expr	TRUE	Pericytes - Vascular smooth muscle	-0.0686298198417641	0.107048150311974	2157.68052335736	0.641111683310303	0.702331818684915	1.2997306115538e-17	0.586080960616209	FALSE	2329	220	bm_expansion	basement_membrane	0.843768929946995
LAMC3	expr	TRUE	Pericytes - AT1	5.12255494418184	0.101549563455475	2206.31961686235	-50.4438893666724	0	6.00200183136526e-18	0.593869156268376	FALSE	2329	220	bm_expansion	basement_membrane	0
LAMC3	expr	TRUE	Pericytes - AT2_AGTR2det	5.18741306364882	0.113921757495011	2181.14323806307	-45.534875670049	1.13224035926147e-318	6.00200183136526e-18	0.593869156268376	FALSE	2329	220	bm_expansion	basement_membrane	1.04024583007147e-317
LAMC3	expr	TRUE	Pericytes - AT2_AGTR2undet	5.179530559935	0.101497647828334	2237.98519079957	-51.031040332041	0	6.00200183136526e-18	0.593869156268376	FALSE	2329	220	bm_expansion	basement_membrane	0
LAMC3	expr	TRUE	Pericytes - Adventitial fibroblasts	5.1012677565702	0.106535074002857	2229.53705292269	-47.8834581410568	0	6.00200183136526e-18	0.593869156268376	FALSE	2329	220	bm_expansion	basement_membrane	0
LAMC3	expr	TRUE	Pericytes - Alveolar fibroblasts	4.65231285761792	0.104644839699894	2192.2656022472	-44.4581201611094	3.43486710695982e-308	6.00200183136526e-18	0.593869156268376	FALSE	2329	220	bm_expansion	basement_membrane	2.97014979248878e-307
LAMC3	expr	TRUE	Pericytes - Alveolar macrophages	5.16781378449758	0.100282577084326	2218.6556150499	-51.5325187559955	0	6.00200183136526e-18	0.593869156268376	FALSE	2329	220	bm_expansion	basement_membrane	0
LAMC3	expr	TRUE	Pericytes - Classical monocytes	5.24016621625653	0.0974885431892135	2203.68811340126	-53.75161064912	0	6.00200183136526e-18	0.593869156268376	FALSE	2329	220	bm_expansion	basement_membrane	0
LAMC3	expr	TRUE	Pericytes - DC2	5.11333419244382	0.0972815803564533	2208.42718471372	-52.5622031807857	0	6.00200183136526e-18	0.593869156268376	FALSE	2329	220	bm_expansion	basement_membrane	0
LAMC3	expr	TRUE	Pericytes - EC aerocyte capillary	5.25035985113732	0.109014188688121	2172.79606047841	-48.1621696617685	0	6.00200183136526e-18	0.593869156268376	FALSE	2329	220	bm_expansion	basement_membrane	0
LAMC3	expr	TRUE	Pericytes - EC general capillary	5.17121001131526	0.101804267197475	2188.78279268753	-50.7956115560894	0	6.00200183136526e-18	0.593869156268376	FALSE	2329	220	bm_expansion	basement_membrane	0
LAMC3	expr	TRUE	Pericytes - EC venous pulmonary	5.22562899325794	0.105611437913884	2210.58634674993	-49.4797637119471	0	6.00200183136526e-18	0.593869156268376	FALSE	2329	220	bm_expansion	basement_membrane	0
LAMC3	expr	TRUE	Pericytes - EC venous systemic	5.23571385418981	0.108053646044141	2201.28173906924	-48.4547634056787	0	6.00200183136526e-18	0.593869156268376	FALSE	2329	220	bm_expansion	basement_membrane	0
LAMC3	expr	TRUE	Pericytes - Interstitial macrophages	5.17271468466994	0.0986600653761279	2241.42076010937	-52.4296701502241	0	6.00200183136526e-18	0.593869156268376	FALSE	2329	220	bm_expansion	basement_membrane	0
LAMC3	expr	TRUE	Pericytes - Lymphatic EC	5.23973054171811	0.102729064385057	2206.00704549836	-51.0053369324787	0	6.00200183136526e-18	0.593869156268376	FALSE	2329	220	bm_expansion	basement_membrane	0
LAMC3	expr	TRUE	Pericytes - Mast cells	5.24166257649933	0.100926254377003	2210.96477912737	-51.9355702721263	0	6.00200183136526e-18	0.593869156268376	FALSE	2329	220	bm_expansion	basement_membrane	0
LAMC3	expr	TRUE	Pericytes - Myofibroblasts	5.06156126083931	0.134653765738119	2184.89999488123	-37.589451977773	6.89987843948312e-239	6.00200183136526e-18	0.593869156268376	FALSE	2329	220	bm_expansion	basement_membrane	5.33832700317905e-238
LAMC3	expr	TRUE	Pericytes - (Non-classical monocytes)	5.19575234540345	0.100300086029957	2226.10380460832	-51.8020726707213	0	6.00200183136526e-18	0.593869156268376	FALSE	2329	220	bm_expansion	basement_membrane	0
LAMC3	expr	TRUE	Pericytes - Peribronchial fibroblasts	4.36342432432587	0.117262727101585	2202.65653401928	-37.2106672953789	1.49603458907193e-235	6.00200183136526e-18	0.593869156268376	FALSE	2329	220	bm_expansion	basement_membrane	1.09958542296787e-234
LAMC3	expr	TRUE	Pericytes - Subpleural fibroblasts	5.09742638288776	0.230343002391747	2263.81617426669	-22.129721024555	2.13493880668709e-98	6.00200183136526e-18	0.593869156268376	FALSE	2329	220	bm_expansion	basement_membrane	8.04707704058981e-98
LAMC3	expr	TRUE	Pericytes - (Transitional Club-AT2)	5.18387974443703	0.104817217526768	2220.99824760714	-49.4563762209502	0	6.00200183136526e-18	0.593869156268376	FALSE	2329	220	bm_expansion	basement_membrane	0
LAMC3	expr	TRUE	Pericytes - Vascular smooth muscle	4.74487496558209	0.108008786699886	2193.55196037483	-43.9304533506726	6.66957488784503e-303	6.00200183136526e-18	0.593869156268376	FALSE	2329	220	bm_expansion	basement_membrane	5.44681949174011e-302
NID1	expr	TRUE	Pericytes - AT1	3.39057476199057	0.0933159390981106	2171.15295509711	-36.3343582539075	2.15472028275556e-225	2.37910504734027e-17	0.543454990682193	FALSE	2329	220	original_panel	basement_membrane	2.0014036472518e-224
NID1	expr	TRUE	Pericytes - AT2_AGTR2det	3.4159667185208	0.105645021437828	2155.17325070715	-32.3343842618376	4.30081192233455e-187	2.37910504734027e-17	0.543454990682193	FALSE	2329	220	original_panel	basement_membrane	2.47296685534236e-186
NID1	expr	TRUE	Pericytes - AT2_AGTR2undet	3.39270411746815	0.0938271081792286	2216.01371460647	-36.1591035182221	8.19284522651376e-225	2.37910504734027e-17	0.543454990682193	FALSE	2329	220	original_panel	basement_membrane	7.19480771710208e-224
NID1	expr	TRUE	Pericytes - Adventitial fibroblasts	1.42513041489308	0.0981718047844792	2205.07776506193	-14.5166977221386	1.25150389257293e-45	2.37910504734027e-17	0.543454990682193	FALSE	2329	220	original_panel	basement_membrane	2.92017574933684e-45
NID1	expr	TRUE	Pericytes - Alveolar fibroblasts	1.16497152116125	0.0960717934782264	2157.62247880311	-12.1260515598189	8.72907804692873e-33	2.37910504734027e-17	0.543454990682193	FALSE	2329	220	original_panel	basement_membrane	1.69323080187413e-32
NID1	expr	TRUE	Pericytes - Alveolar macrophages	3.28415777041644	0.0931255442323466	2208.11694405196	-35.2659176114184	6.04862137893402e-216	2.37910504734027e-17	0.543454990682193	FALSE	2329	220	original_panel	basement_membrane	4.71207117100828e-215
NID1	expr	TRUE	Pericytes - Classical monocytes	3.12034473635925	0.0897013189091397	2178.506230623	-34.7859404332718	7.83309906451344e-211	2.37910504734027e-17	0.543454990682193	FALSE	2329	220	original_panel	basement_membrane	5.32871387064787e-210
NID1	expr	TRUE	Pericytes - DC2	3.36053565564744	0.0899828222764894	2190.0902037209	-37.3464131334039	2.56895066931163e-235	2.37910504734027e-17	0.543454990682193	FALSE	2329	220	original_panel	basement_membrane	3.0263492031159e-234
NID1	expr	TRUE	Pericytes - EC aerocyte capillary	3.25017786772273	0.0999833194712202	2143.89170242592	-32.507201050254	1.60961807991676e-188	2.37910504734027e-17	0.543454990682193	FALSE	2329	220	original_panel	basement_membrane	9.36681364578069e-188
NID1	expr	TRUE	Pericytes - EC general capillary	3.1401721375851	0.0934624678550397	2155.69163574332	-33.5982155152966	5.13820961762806e-199	2.37910504734027e-17	0.543454990682193	FALSE	2329	220	original_panel	basement_membrane	3.18173749399276e-198
NID1	expr	TRUE	Pericytes - EC venous pulmonary	2.5476541250575	0.0970705585498648	2174.28469322474	-26.2453844205375	6.05177170049393e-132	2.37910504734027e-17	0.543454990682193	FALSE	2329	220	original_panel	basement_membrane	2.70648678827645e-131
NID1	expr	TRUE	Pericytes - EC venous systemic	2.82107160758073	0.0995251240060425	2181.08815496576	-28.3453212016039	1.54073117333911e-150	2.37910504734027e-17	0.543454990682193	FALSE	2329	220	original_panel	basement_membrane	7.44173156722789e-150
NID1	expr	TRUE	Pericytes - Interstitial macrophages	3.30111110290349	0.0911657236806183	2222.44660142885	-36.2100027250187	2.3835500468892e-225	2.37910504734027e-17	0.543454990682193	FALSE	2329	220	original_panel	basement_membrane	2.17217862763676e-224
NID1	expr	TRUE	Pericytes - Lymphatic EC	1.7574462582396	0.0944289893496294	2175.30318062126	-18.6113000927347	1.03180578497967e-71	2.37910504734027e-17	0.543454990682193	FALSE	2329	220	original_panel	basement_membrane	3.50959291651535e-71
NID1	expr	TRUE	Pericytes - Mast cells	3.37452925913404	0.0928671516162528	2180.16275545366	-36.3371676680504	1.96118015157764e-225	2.37910504734027e-17	0.543454990682193	FALSE	2329	220	original_panel	basement_membrane	1.85735296708235e-224
NID1	expr	TRUE	Pericytes - Myofibroblasts	2.07585995454218	0.123550442583949	2149.13374722935	-16.8017201001258	1.67736414661532e-59	2.37910504734027e-17	0.543454990682193	FALSE	2329	220	original_panel	basement_membrane	5.19337745394358e-59
NID1	expr	TRUE	Pericytes - (Non-classical monocytes)	3.07480497328129	0.0924373757777119	2200.09949427583	-33.2636549600391	1.42049755421854e-196	2.37910504734027e-17	0.543454990682193	FALSE	2329	220	original_panel	basement_membrane	8.57625398359446e-196
NID1	expr	TRUE	Pericytes - Peribronchial fibroblasts	1.60211732250039	0.108019612401392	2180.37532936067	-14.8317262660326	2.02978984933217e-47	2.37910504734027e-17	0.543454990682193	FALSE	2329	220	original_panel	basement_membrane	4.95145705670422e-47
NID1	expr	TRUE	Pericytes - Subpleural fibroblasts	2.65059440198165	0.212459693207267	2212.2631994741	-12.4757518095248	1.50394141722092e-34	2.37910504734027e-17	0.543454990682193	FALSE	2329	220	original_panel	basement_membrane	3.03934604400714e-34
NID1	expr	TRUE	Pericytes - (Transitional Club-AT2)	3.41985312960616	0.0971467880557688	2194.96802344446	-35.2029459547642	3.79418717624575e-215	2.37910504734027e-17	0.543454990682193	FALSE	2329	220	original_panel	basement_membrane	2.86342563457297e-214
NID1	expr	TRUE	Pericytes - Vascular smooth muscle	1.52059590313006	0.0992134555889526	2162.16066440983	-15.326508829911	2.54495737490229e-50	2.37910504734027e-17	0.543454990682193	FALSE	2329	220	original_panel	basement_membrane	6.68051310911852e-50
NID2	expr	TRUE	Pericytes - AT1	2.06524149580089	0.134644537029626	2219.63406391597	-15.338472257114	3.95871951092847e-50	1.85022636156653e-17	0.788797362699826	FALSE	2329	220	original_panel	basement_membrane	1.03354676960997e-49
NID2	expr	TRUE	Pericytes - AT2_AGTR2det	2.20899740613544	0.150625050870421	2191.19730269624	-14.665537992321	3.3489766346966e-46	1.85022636156653e-17	0.788797362699826	FALSE	2329	220	original_panel	basement_membrane	8.00770155722008e-46
NID2	expr	TRUE	Pericytes - AT2_AGTR2undet	2.10080546952944	0.134329829930206	2245.47017183583	-15.6391582615787	7.24583419705718e-52	1.85022636156653e-17	0.788797362699826	FALSE	2329	220	original_panel	basement_membrane	1.9884874529424e-51
NID2	expr	TRUE	Pericytes - Adventitial fibroblasts	0.791741610540915	0.141139262364256	2238.58052923807	-5.60964821041482	2.65740530096464e-08	1.85022636156653e-17	0.788797362699826	FALSE	2329	220	original_panel	basement_membrane	3.7203674213505e-08
NID2	expr	TRUE	Pericytes - Alveolar fibroblasts	0.35492615417407	0.138796332590931	2206.28952017616	-2.55717242342513	0.0117368418866338	1.85022636156653e-17	0.788797362699826	FALSE	2329	220	original_panel	basement_membrane	0.0135944715377557
NID2	expr	TRUE	Pericytes - Alveolar macrophages	2.04727379204224	0.132511605911738	2220.51790835054	-15.4497696858784	9.53786922361427e-51	1.85022636156653e-17	0.788797362699826	FALSE	2329	220	original_panel	basement_membrane	2.54518830663298e-50
NID2	expr	TRUE	Pericytes - Classical monocytes	2.07946519135203	0.129192860067254	2210.72806282601	-16.0958213191466	3.47396948685716e-54	1.85022636156653e-17	0.788797362699826	FALSE	2329	220	original_panel	basement_membrane	1.01079955551326e-53
NID2	expr	TRUE	Pericytes - DC2	2.03834754252402	0.128707259096305	2213.20010456818	-15.8370829806796	7.10657893770195e-53	1.85022636156653e-17	0.788797362699826	FALSE	2329	220	original_panel	basement_membrane	2.00729685784213e-52
NID2	expr	TRUE	Pericytes - EC aerocyte capillary	1.51148485149449	0.14465498769802	2184.62486064163	-10.4488955102595	7.46457517487967e-25	1.85022636156653e-17	0.788797362699826	FALSE	2329	220	original_panel	basement_membrane	1.2739893319671e-24
NID2	expr	TRUE	Pericytes - EC general capillary	1.47091500233389	0.135022743211645	2201.03093196371	-10.8938314194096	8.89783726151467e-27	1.85022636156653e-17	0.788797362699826	FALSE	2329	220	original_panel	basement_membrane	1.55712152076507e-26
NID2	expr	TRUE	Pericytes - EC venous pulmonary	2.06557063586745	0.140013429991395	2223.56460011216	-14.7526607697161	1.07500450291616e-46	1.85022636156653e-17	0.788797362699826	FALSE	2329	220	original_panel	basement_membrane	2.5832197756642e-46
NID2	expr	TRUE	Pericytes - EC venous systemic	1.84819093219459	0.143156099749374	2207.78786356092	-12.9103191231827	1.42901454361838e-36	1.85022636156653e-17	0.788797362699826	FALSE	2329	220	original_panel	basement_membrane	2.98793950029299e-36
NID2	expr	TRUE	Pericytes - Interstitial macrophages	2.09406644354205	0.130576221646578	2246.65380881845	-16.0371192942764	4.87165813663144e-54	1.85022636156653e-17	0.788797362699826	FALSE	2329	220	original_panel	basement_membrane	1.408988550894e-53
NID2	expr	TRUE	Pericytes - Lymphatic EC	1.59184553159248	0.136194543000109	2216.90962519237	-11.6880272625255	1.84461461159777e-30	1.85022636156653e-17	0.788797362699826	FALSE	2329	220	original_panel	basement_membrane	3.49391708784989e-30
NID2	expr	TRUE	Pericytes - Mast cells	1.93649187898075	0.133748300273503	2221.28084256947	-14.4786279528099	3.4716932439262e-45	1.85022636156653e-17	0.788797362699826	FALSE	2329	220	original_panel	basement_membrane	8.06167229238632e-45
NID2	expr	TRUE	Pericytes - Myofibroblasts	1.59304292812859	0.17863272637234	2200.49577338839	-8.91797914346373	1.20441074316635e-18	1.85022636156653e-17	0.788797362699826	FALSE	2329	220	original_panel	basement_membrane	1.92625956605744e-18
NID2	expr	TRUE	Pericytes - (Non-classical monocytes)	2.16611986349562	0.132857418339131	2234.52699326277	-16.3040941979348	3.12658160796021e-55	1.85022636156653e-17	0.788797362699826	FALSE	2329	220	original_panel	basement_membrane	9.26465593033607e-55
NID2	expr	TRUE	Pericytes - Peribronchial fibroblasts	0.307630103533226	0.15535551168172	2211.47684725468	-1.98016858367712	0.0501987703143172	1.85022636156653e-17	0.788797362699826	FALSE	2329	220	original_panel	basement_membrane	0.0557379449696902
NID2	expr	TRUE	Pericytes - Subpleural fibroblasts	-0.101504863243086	0.30487596636503	2281.88342385974	0.332938225512842	0.739211499130478	1.85022636156653e-17	0.788797362699826	FALSE	2329	220	original_panel	basement_membrane	0.761277514029895
NID2	expr	TRUE	Pericytes - (Transitional Club-AT2)	2.18481643681318	0.138602785913696	2229.63010183728	-15.7631495096614	1.55931776869767e-52	1.85022636156653e-17	0.788797362699826	FALSE	2329	220	original_panel	basement_membrane	4.37878187372659e-52
NID2	expr	TRUE	Pericytes - Vascular smooth muscle	1.54742816015483	0.14323018309213	2205.41898443524	-10.8037853945873	2.1092982825537e-26	1.85022636156653e-17	0.788797362699826	FALSE	2329	220	original_panel	basement_membrane	3.67794610279219e-26
HSPG2	expr	TRUE	Pericytes - AT1	-0.819411682486371	0.0973856420239545	2179.79039641607	8.41409129165895	1.64775303241239e-16	2.69662213855161e-17	0.567713419908211	FALSE	2329	220	original_panel	basement_membrane	2.56730553114576e-16
HSPG2	expr	TRUE	Pericytes - AT2_AGTR2det	0.380180913546827	0.109971075155065	2161.09263115176	-3.45709917822255	0.000834874047011673	2.69662213855161e-17	0.567713419908211	FALSE	2329	220	original_panel	basement_membrane	0.0010081104117666
HSPG2	expr	TRUE	Pericytes - AT2_AGTR2undet	0.124866906384706	0.0977546468414164	2221.61928507873	-1.27735008431131	0.211692758287528	2.69662213855161e-17	0.567713419908211	FALSE	2329	220	original_panel	basement_membrane	0.228231255028741
HSPG2	expr	TRUE	Pericytes - Adventitial fibroblasts	-0.361884979840365	0.102370763963815	2211.17701124007	3.53504228969398	0.000728153474876421	2.69662213855161e-17	0.567713419908211	FALSE	2329	220	original_panel	basement_membrane	0.000888126586781089
HSPG2	expr	TRUE	Pericytes - Alveolar fibroblasts	-0.207723680691718	0.100284954023836	2165.85541004515	2.07133445603759	0.0424926280130083	2.69662213855161e-17	0.567713419908211	FALSE	2329	220	original_panel	basement_membrane	0.0472901827886705
HSPG2	expr	TRUE	Pericytes - Alveolar macrophages	1.06597084876979	0.0969085250898381	2211.18228420379	-10.9997634138131	6.80131263668735e-27	2.69662213855161e-17	0.567713419908211	FALSE	2329	220	original_panel	basement_membrane	1.19455781946181e-26
HSPG2	expr	TRUE	Pericytes - Classical monocytes	1.08984456257005	0.0935832588369117	2185.42303598393	-11.6457214261937	9.84848675550927e-30	2.69662213855161e-17	0.567713419908211	FALSE	2329	220	original_panel	basement_membrane	1.85090237467353e-29
HSPG2	expr	TRUE	Pericytes - DC2	0.967193378490804	0.0937397705377549	2195.09489513827	-10.3178551957438	6.27639472912653e-24	2.69662213855161e-17	0.567713419908211	FALSE	2329	220	original_panel	basement_membrane	1.0636837383046e-23
HSPG2	expr	TRUE	Pericytes - EC aerocyte capillary	1.02657786165602	0.104392286234472	2150.77695344341	-9.83384787023681	6.20494200299743e-22	2.69662213855161e-17	0.567713419908211	FALSE	2329	220	original_panel	basement_membrane	1.01938332906386e-21
HSPG2	expr	TRUE	Pericytes - EC general capillary	0.260312141750968	0.0975634704763434	2163.87978487993	-2.66813122247519	0.0100857204843567	2.69662213855161e-17	0.567713419908211	FALSE	2329	220	original_panel	basement_membrane	0.0117383204673356
HSPG2	expr	TRUE	Pericytes - EC venous pulmonary	-1.65902293017725	0.101299315475476	2183.33950686798	16.3774347574825	1.25676784753643e-55	2.69662213855161e-17	0.567713419908211	FALSE	2329	220	original_panel	basement_membrane	3.81772874440313e-55
HSPG2	expr	TRUE	Pericytes - EC venous systemic	-1.56840366430379	0.103800062377801	2186.32945777447	15.109852811025	4.0594249176513e-48	2.69662213855161e-17	0.567713419908211	FALSE	2329	220	original_panel	basement_membrane	1.00548832575671e-47
HSPG2	expr	TRUE	Pericytes - Interstitial macrophages	1.09960685719181	0.0949978975629064	2227.71754839001	-11.5750651898761	1.65423725926635e-29	2.69662213855161e-17	0.567713419908211	FALSE	2329	220	original_panel	basement_membrane	3.09688603188234e-29
HSPG2	expr	TRUE	Pericytes - Lymphatic EC	-0.242231753504848	0.0985385401220618	2183.02865868846	2.45824378161875	0.0173422971720426	2.69662213855161e-17	0.567713419908211	FALSE	2329	220	original_panel	basement_membrane	0.019943641747849
HSPG2	expr	TRUE	Pericytes - Mast cells	0.325441276173735	0.0968855848043697	2188.16106076918	-3.35902680291255	0.00111382149044993	2.69662213855161e-17	0.567713419908211	FALSE	2329	220	original_panel	basement_membrane	0.00134158548600328
HSPG2	expr	TRUE	Pericytes - Myofibroblasts	0.480083211370269	0.128988355532316	2157.30644364101	-3.72191124841491	0.00038712702881974	2.69662213855161e-17	0.567713419908211	FALSE	2329	220	original_panel	basement_membrane	0.000476995803367179
HSPG2	expr	TRUE	Pericytes - (Non-classical monocytes)	1.1698290507185	0.09639272297575	2206.88511257748	-12.1360722532218	5.17219160287952e-32	2.69662213855161e-17	0.567713419908211	FALSE	2329	220	original_panel	basement_membrane	9.99267417676323e-32
HSPG2	expr	TRUE	Pericytes - Peribronchial fibroblasts	-0.391961432638346	0.112655508330542	2185.84247136042	3.47929221080156	0.000828021595728864	2.69662213855161e-17	0.567713419908211	FALSE	2329	220	original_panel	basement_membrane	0.00100234193167178
HSPG2	expr	TRUE	Pericytes - Subpleural fibroblasts	-0.199511991755935	0.221540005857521	2225.0003300183	0.900568685026788	0.367915152505163	2.69662213855161e-17	0.567713419908211	FALSE	2329	220	original_panel	basement_membrane	0.389699602324548
HSPG2	expr	TRUE	Pericytes - (Transitional Club-AT2)	0.662591786123189	0.101143536431552	2201.51831545362	-6.55100473544933	1.48957790220512e-10	2.69662213855161e-17	0.567713419908211	FALSE	2329	220	original_panel	basement_membrane	2.18020038413658e-10
HSPG2	expr	TRUE	Pericytes - Vascular smooth muscle	-0.217038954177867	0.103550630963448	2169.95680291873	2.09596940316548	0.0422338893139358	2.69662213855161e-17	0.567713419908211	FALSE	2329	220	original_panel	basement_membrane	0.0471107818444134
AGRN	expr	TRUE	Pericytes - AT1	-2.14113569984851	0.120027865651946	2188.50622647684	17.8386551174486	3.05581564349253e-65	2.34895997563751e-17	0.700414211360536	FALSE	2329	220	original_panel	basement_membrane	1.00405371143326e-64
AGRN	expr	TRUE	Pericytes - AT2_AGTR2det	-0.0765716814246395	0.135222109575544	2167.51747535892	0.566265987603614	0.57127160066813	2.34895997563751e-17	0.700414211360536	FALSE	2329	220	original_panel	basement_membrane	0.599835180701536
AGRN	expr	TRUE	Pericytes - AT2_AGTR2undet	-0.248345271472121	0.120297848577104	2227.16129995452	2.06441989120817	0.0513101728176248	2.34895997563751e-17	0.700414211360536	FALSE	2329	220	original_panel	basement_membrane	0.0568413153002587
AGRN	expr	TRUE	Pericytes - Adventitial fibroblasts	0.710800794790117	0.126080676481841	2217.26095549768	-5.63766641030429	8.16132461069814e-08	2.34895997563751e-17	0.700414211360536	FALSE	2329	220	original_panel	basement_membrane	1.13273557096759e-07
AGRN	expr	TRUE	Pericytes - Alveolar fibroblasts	0.558137278471293	0.12362957936804	2174.33663243096	-4.51459336288562	1.55931361780943e-05	2.34895997563751e-17	0.700414211360536	FALSE	2329	220	original_panel	basement_membrane	2.00839593973855e-05
AGRN	expr	TRUE	Pericytes - Alveolar macrophages	0.239654428822573	0.119120375251386	2214.04214024652	-2.01186764495005	0.0547912549671313	2.34895997563751e-17	0.700414211360536	FALSE	2329	220	original_panel	basement_membrane	0.0605587554899872
AGRN	expr	TRUE	Pericytes - Classical monocytes	0.718510598985113	0.115304347099482	2191.95462026583	-6.2314268027137	2.90123582651863e-09	2.34895997563751e-17	0.700414211360536	FALSE	2329	220	original_panel	basement_membrane	4.09735936903069e-09
AGRN	expr	TRUE	Pericytes - DC2	0.609264196823971	0.115341647858758	2199.89125424739	-5.28225674016765	4.90599243627861e-07	2.34895997563751e-17	0.700414211360536	FALSE	2329	220	original_panel	basement_membrane	6.67491365273963e-07
AGRN	expr	TRUE	Pericytes - EC aerocyte capillary	0.306466263398675	0.128724019455277	2157.84492290472	-2.38080091575413	0.0243059137514917	2.34895997563751e-17	0.700414211360536	FALSE	2329	220	original_panel	basement_membrane	0.0276229560987541
AGRN	expr	TRUE	Pericytes - EC general capillary	0.181094598402345	0.120275770336262	2172.11576348524	-1.50566151350391	0.154349401715372	2.34895997563751e-17	0.700414211360536	FALSE	2329	220	original_panel	basement_membrane	0.167907119433614
AGRN	expr	TRUE	Pericytes - EC venous pulmonary	-0.378762574423248	0.124844923926923	2192.41870214652	3.03386443364692	0.00366415471218353	2.34895997563751e-17	0.700414211360536	FALSE	2329	220	original_panel	basement_membrane	0.00434837033411461
AGRN	expr	TRUE	Pericytes - EC venous systemic	-0.0975474933128415	0.127857853585025	2191.46093480884	0.76293704749214	0.467862208869919	2.34895997563751e-17	0.700414211360536	FALSE	2329	220	original_panel	basement_membrane	0.493400539048408
AGRN	expr	TRUE	Pericytes - Interstitial macrophages	0.467504854069597	0.116919542360788	2232.64133212632	-3.99851765265195	0.000125640847783572	2.34895997563751e-17	0.700414211360536	FALSE	2329	220	original_panel	basement_membrane	0.000155601357639654
AGRN	expr	TRUE	Pericytes - Lymphatic EC	0.127072471307475	0.12143926945939	2190.72067820036	-1.04638698728312	0.326602869872924	2.34895997563751e-17	0.700414211360536	FALSE	2329	220	original_panel	basement_membrane	0.34670150801895
AGRN	expr	TRUE	Pericytes - Mast cells	0.589165142213488	0.119372171404973	2195.95475638967	-4.93553175148948	2.57826353529381e-06	2.34895997563751e-17	0.700414211360536	FALSE	2329	220	original_panel	basement_membrane	3.40603320635649e-06
AGRN	expr	TRUE	Pericytes - Myofibroblasts	0.721715622375508	0.159038103384287	2165.93098409349	-4.53800445941946	1.55931361780943e-05	2.34895997563751e-17	0.700414211360536	FALSE	2329	220	original_panel	basement_membrane	2.00839593973855e-05
AGRN	expr	TRUE	Pericytes - (Non-classical monocytes)	0.784513749506963	0.118716191804408	2213.48970034763	-6.60831296542511	3.39837077037174e-10	2.34895997563751e-17	0.700414211360536	FALSE	2329	220	original_panel	basement_membrane	4.9589519096361e-10
AGRN	expr	TRUE	Pericytes - Peribronchial fibroblasts	0.585360708570518	0.138761248529685	2191.32597265385	-4.2184739239017	5.3754502141323e-05	2.34895997563751e-17	0.700414211360536	FALSE	2329	220	original_panel	basement_membrane	6.74374663227506e-05
AGRN	expr	TRUE	Pericytes - Subpleural fibroblasts	0.878096773903931	0.272805619977845	2237.89514282654	-3.21876350632089	0.00210946875640319	2.34895997563751e-17	0.700414211360536	FALSE	2329	220	original_panel	basement_membrane	0.00252196388451173
AGRN	expr	TRUE	Pericytes - (Transitional Club-AT2)	-0.902599455174066	0.124386684034579	2208.12387628114	7.2563993660539	5.75218825815334e-12	2.34895997563751e-17	0.700414211360536	FALSE	2329	220	original_panel	basement_membrane	8.57502138483971e-12
AGRN	expr	TRUE	Pericytes - Vascular smooth muscle	0.449901110496807	0.127638312127116	2177.74933169392	-3.52481244070938	0.000756926496369933	2.34895997563751e-17	0.700414211360536	FALSE	2329	220	original_panel	basement_membrane	0.000920895460319087
COL1A1	expr	TRUE	Pericytes - AT1	0.291819476654972	0.0710161052581144	2134.33299404641	-4.10920136487812	5.08977459261064e-05	1.08853553602945e-17	0.411871725598919	FALSE	2329	220	original_panel	fibrillar_core	6.40198210476808e-05
COL1A1	expr	TRUE	Pericytes - AT2_AGTR2det	0.257353152105292	0.0816057381652277	2145.64830926822	-3.1536158840231	0.00171666592910689	1.08853553602945e-17	0.411871725598919	FALSE	2329	220	original_panel	fibrillar_core	0.00206256130288216
COL1A1	expr	TRUE	Pericytes - AT2_AGTR2undet	0.159576940392417	0.0721218440871903	2192.03389541767	-2.21260205437204	0.027027804081697	1.08853553602945e-17	0.411871725598919	FALSE	2329	220	original_panel	fibrillar_core	0.0306442004024874
COL1A1	expr	TRUE	Pericytes - Adventitial fibroblasts	-2.31070483926434	0.0750861309414453	2176.89461470497	30.7740565440282	1.18778477897782e-171	1.08853553602945e-17	0.411871725598919	FALSE	2329	220	original_panel	fibrillar_core	6.59425342811823e-171
COL1A1	expr	TRUE	Pericytes - Alveolar fibroblasts	-2.09666829230893	0.0730344324503748	2124.41835898741	28.7079425685079	1.35621550811278e-152	1.08853553602945e-17	0.411871725598919	FALSE	2329	220	original_panel	fibrillar_core	6.61668778200479e-152
COL1A1	expr	TRUE	Pericytes - Alveolar macrophages	0.345519094243033	0.0720103046309672	2196.21117510651	-4.79818959263847	2.58096926195958e-06	1.08853553602945e-17	0.411871725598919	FALSE	2329	220	original_panel	fibrillar_core	3.40603320635649e-06
COL1A1	expr	TRUE	Pericytes - Classical monocytes	0.327964595975857	0.0683674131880553	2144.65412239984	-4.7970894419208	2.58096926195958e-06	1.08853553602945e-17	0.411871725598919	FALSE	2329	220	original_panel	fibrillar_core	3.40603320635649e-06
COL1A1	expr	TRUE	Pericytes - DC2	0.364816339087876	0.0691608912881434	2169.44333008179	-5.27489354594854	3.40745495462757e-07	1.08853553602945e-17	0.411871725598919	FALSE	2329	220	original_panel	fibrillar_core	4.64915464148338e-07
COL1A1	expr	TRUE	Pericytes - EC aerocyte capillary	0.337199317852536	0.0759321632930312	2115.67404058968	-4.44079693279967	1.31940186245097e-05	1.08853553602945e-17	0.411871725598919	FALSE	2329	220	original_panel	fibrillar_core	1.71309435366618e-05
COL1A1	expr	TRUE	Pericytes - EC general capillary	0.288435088327896	0.0710290588199939	2121.27314493814	-4.06080403034575	5.91268740551353e-05	1.08853553602945e-17	0.411871725598919	FALSE	2329	220	original_panel	fibrillar_core	7.39851817840164e-05
COL1A1	expr	TRUE	Pericytes - EC venous pulmonary	0.354798475214427	0.0738852904966663	2135.90712055608	-4.80201773356275	2.58096926195958e-06	1.08853553602945e-17	0.411871725598919	FALSE	2329	220	original_panel	fibrillar_core	3.40603320635649e-06
COL1A1	expr	TRUE	Pericytes - EC venous systemic	0.373214755180816	0.0760101711333377	2157.05998713417	-4.91006334568198	1.86856215462399e-06	1.08853553602945e-17	0.411871725598919	FALSE	2329	220	original_panel	fibrillar_core	2.50004299358279e-06
COL1A1	expr	TRUE	Pericytes - Interstitial macrophages	0.357307483864062	0.0699617680474993	2194.32675857174	-5.10718202006378	7.45919252568036e-07	1.08853553602945e-17	0.411871725598919	FALSE	2329	220	original_panel	fibrillar_core	1.01201966008528e-06
COL1A1	expr	TRUE	Pericytes - Lymphatic EC	0.379611542107583	0.0719072909028633	2141.46807491658	-5.27918014072293	3.40745495462757e-07	1.08853553602945e-17	0.411871725598919	FALSE	2329	220	original_panel	fibrillar_core	4.64915464148338e-07
COL1A1	expr	TRUE	Pericytes - Mast cells	0.2957695687176	0.0707732492237076	2142.95816441756	-4.17911530079255	3.99521177207037e-05	1.08853553602945e-17	0.411871725598919	FALSE	2329	220	original_panel	fibrillar_core	5.05153739767012e-05
COL1A1	expr	TRUE	Pericytes - Myofibroblasts	-1.99489361566733	0.0938551089115346	2118.00541726527	21.2550349022307	2.5822695857631e-90	1.08853553602945e-17	0.411871725598919	FALSE	2329	220	original_panel	fibrillar_core	9.30773290987745e-90
COL1A1	expr	TRUE	Pericytes - (Non-classical monocytes)	0.409250239290212	0.070656913132434	2168.194759762	-5.79207640338243	2.38956298491621e-08	1.08853553602945e-17	0.411871725598919	FALSE	2329	220	original_panel	fibrillar_core	3.35511314451898e-08
COL1A1	expr	TRUE	Pericytes - Peribronchial fibroblasts	-2.51971034216295	0.0825031444003074	2154.98487353139	30.540779511836	1.65081604210983e-169	1.08853553602945e-17	0.411871725598919	FALSE	2329	220	original_panel	fibrillar_core	9.06072895839825e-169
COL1A1	expr	TRUE	Pericytes - Subpleural fibroblasts	-2.85004739806414	0.162230412257305	2159.95093876349	17.5678983885206	4.62898463220653e-64	1.08853553602945e-17	0.411871725598919	FALSE	2329	220	original_panel	fibrillar_core	1.48066197175878e-63
COL1A1	expr	TRUE	Pericytes - (Transitional Club-AT2)	0.258258334753739	0.0749390246960599	2173.72209455022	-3.44624627557126	0.000640203657973031	1.08853553602945e-17	0.411871725598919	FALSE	2329	220	original_panel	fibrillar_core	0.000784818189850188
COL1A1	expr	TRUE	Pericytes - Vascular smooth muscle	-1.29626915890761	0.075461884254349	2127.94451254052	17.1778000472193	1.70983034819459e-61	1.08853553602945e-17	0.411871725598919	FALSE	2329	220	original_panel	fibrillar_core	5.36264972842849e-61
COL1A2	expr	TRUE	Pericytes - AT1	2.00330356447953	0.0497375909316542	2128.04619629895	-40.2774546767319	1.98277763616883e-263	5.75631698271167e-18	0.288252980445345	FALSE	2329	220	original_panel	fibrillar_core	5.04042946457655e-262
COL1A2	expr	TRUE	Pericytes - AT2_AGTR2det	2.02667385326483	0.057354209276848	2149.08420418434	-35.3360961439134	6.84321294721757e-216	5.75631698271167e-18	0.288252980445345	FALSE	2329	220	original_panel	fibrillar_core	5.24646325953347e-215
COL1A2	expr	TRUE	Pericytes - AT2_AGTR2undet	1.984185052935	0.0506328871397263	2188.03989205853	-39.187673565986	1.44434562303007e-254	5.75631698271167e-18	0.288252980445345	FALSE	2329	220	original_panel	fibrillar_core	2.40558253766733e-253
COL1A2	expr	TRUE	Pericytes - Adventitial fibroblasts	-0.715029426484218	0.0526531692881862	2171.16867950078	13.5799883682339	2.75957666171095e-40	5.75631698271167e-18	0.288252980445345	FALSE	2329	220	original_panel	fibrillar_core	6.00394381804681e-40
COL1A2	expr	TRUE	Pericytes - Alveolar fibroblasts	-0.708715354276442	0.051140768328044	2119.07592812812	13.8581287971734	9.44133381935027e-42	5.75631698271167e-18	0.288252980445345	FALSE	2329	220	original_panel	fibrillar_core	2.11118714571582e-41
COL1A2	expr	TRUE	Pericytes - Alveolar macrophages	1.98727650321717	0.0506156800585132	2194.88625879339	-39.2620725617006	1.94081603258906e-255	5.75631698271167e-18	0.288252980445345	FALSE	2329	220	original_panel	fibrillar_core	3.34790765621613e-254
COL1A2	expr	TRUE	Pericytes - Classical monocytes	1.96817995242307	0.0478963089457707	2138.1641249736	-41.0925183118283	1.01392772438329e-271	5.75631698271167e-18	0.288252980445345	FALSE	2329	220	original_panel	fibrillar_core	3.06079431798205e-270
COL1A2	expr	TRUE	Pericytes - DC2	2.01519437747275	0.0485465724751927	2166.65018297505	-41.5105387409691	2.63757134356804e-276	5.75631698271167e-18	0.288252980445345	FALSE	2329	220	original_panel	fibrillar_core	1.27394695894336e-274
COL1A2	expr	TRUE	Pericytes - EC aerocyte capillary	1.97410053444202	0.053159972751082	2111.09535871761	-37.135093046146	1.4385429415668e-232	5.75631698271167e-18	0.288252980445345	FALSE	2329	220	original_panel	fibrillar_core	1.54403609061503e-231
COL1A2	expr	TRUE	Pericytes - EC general capillary	1.93958408270828	0.0497315825371328	2115.68032688453	-39.0010529276855	7.54627287183321e-251	5.75631698271167e-18	0.288252980445345	FALSE	2329	220	original_panel	fibrillar_core	1.17575799906305e-249
COL1A2	expr	TRUE	Pericytes - EC venous pulmonary	1.97960495780128	0.0517484621648639	2129.47918959736	-38.254372690236	6.30753720819691e-244	5.75631698271167e-18	0.288252980445345	FALSE	2329	220	original_panel	fibrillar_core	8.70440134731174e-243
COL1A2	expr	TRUE	Pericytes - EC venous systemic	1.98924027915279	0.0532790583154482	2152.38651643042	-37.3362507155276	1.80808071977518e-235	5.75631698271167e-18	0.288252980445345	FALSE	2329	220	original_panel	fibrillar_core	2.18325746912853e-234
COL1A2	expr	TRUE	Pericytes - Interstitial macrophages	1.96812492436479	0.0490908793511446	2187.97649440965	-40.0914579322747	2.26704940724863e-263	5.75631698271167e-18	0.288252980445345	FALSE	2329	220	original_panel	fibrillar_core	5.47492431850543e-262
COL1A2	expr	TRUE	Pericytes - Lymphatic EC	2.02250475038361	0.0503703419954719	2135.47196094301	-40.1526904575202	1.39936842381022e-262	5.75631698271167e-18	0.288252980445345	FALSE	2329	220	original_panel	fibrillar_core	3.21854737476352e-261
COL1A2	expr	TRUE	Pericytes - Mast cells	1.96850852033674	0.0495788873649878	2136.05456460602	-39.7045723484083	3.27054435508215e-258	5.75631698271167e-18	0.288252980445345	FALSE	2329	220	original_panel	fibrillar_core	5.85064045742473e-257
COL1A2	expr	TRUE	Pericytes - Myofibroblasts	-0.116300853281062	0.0657106898665445	2113.26292818569	1.76989244089909	0.0768892321345491	5.75631698271167e-18	0.288252980445345	FALSE	2329	220	original_panel	fibrillar_core	0.0840214912239529
COL1A2	expr	TRUE	Pericytes - (Non-classical monocytes)	2.03719620066926	0.0495356034800603	2161.95274691946	-41.1258984962059	1.33207929654832e-272	5.75631698271167e-18	0.288252980445345	FALSE	2329	220	original_panel	fibrillar_core	4.2892953348856e-271
COL1A2	expr	TRUE	Pericytes - Peribronchial fibroblasts	-0.656767589012157	0.0578283978011065	2149.83324630516	11.3571811425768	5.27387319641006e-29	5.75631698271167e-18	0.288252980445345	FALSE	2329	220	original_panel	fibrillar_core	9.64879073434113e-29
COL1A2	expr	TRUE	Pericytes - Subpleural fibroblasts	-0.525638522405324	0.113687312571747	2151.36821079297	4.6235460273863	4.19587806939847e-06	5.75631698271167e-18	0.288252980445345	FALSE	2329	220	original_panel	fibrillar_core	5.50708996608549e-06
COL1A2	expr	TRUE	Pericytes - (Transitional Club-AT2)	2.04409345674245	0.0526488434095415	2172.65321413017	-38.8250401028183	1.22778167277227e-250	5.75631698271167e-18	0.288252980445345	FALSE	2329	220	original_panel	fibrillar_core	1.85318296234064e-249
COL1A2	expr	TRUE	Pericytes - Vascular smooth muscle	0.325829157276405	0.0528441990262221	2122.00550227925	-6.16584532040544	9.24963568050194e-10	5.75631698271167e-18	0.288252980445345	FALSE	2329	220	original_panel	fibrillar_core	1.32568962423811e-09
COL3A1	expr	TRUE	Pericytes - AT1	0.949451793636973	0.063915997750543	2141.10853120054	-14.8546815672436	2.66522180937425e-47	8.33032350304749e-18	0.370980203342557	FALSE	2329	220	original_panel	fibrillar_core	6.43651066963882e-47
COL3A1	expr	TRUE	Pericytes - AT2_AGTR2det	0.981905570509667	0.0731984860657899	2144.12495559543	-13.4142879625563	2.1654023996799e-39	8.33032350304749e-18	0.370980203342557	FALSE	2329	220	original_panel	fibrillar_core	4.60744211033213e-39
COL3A1	expr	TRUE	Pericytes - AT2_AGTR2undet	0.942758293196938	0.064762039154213	2196.34260854416	-14.5572669654829	1.17498801367777e-45	8.33032350304749e-18	0.370980203342557	FALSE	2329	220	original_panel	fibrillar_core	2.75494762430273e-45
COL3A1	expr	TRUE	Pericytes - Adventitial fibroblasts	-1.70014066966322	0.0674995296046225	2182.5886324309	25.1874447069744	2.94760102096022e-122	8.33032350304749e-18	0.370980203342557	FALSE	2329	220	original_panel	fibrillar_core	1.19637923791915e-121
COL3A1	expr	TRUE	Pericytes - Alveolar fibroblasts	-1.6845782079125	0.065746506594161	2130.2893410967	25.6223226932959	4.04493746347176e-125	8.33032350304749e-18	0.370980203342557	FALSE	2329	220	original_panel	fibrillar_core	1.71377613583935e-124
COL3A1	expr	TRUE	Pericytes - Alveolar macrophages	0.908562220054451	0.0645823381163203	2197.89513431584	-14.0682769709889	6.72413815763505e-43	8.33032350304749e-18	0.370980203342557	FALSE	2329	220	original_panel	fibrillar_core	1.5319616651593e-42
COL3A1	expr	TRUE	Pericytes - Classical monocytes	0.916989337856348	0.0615138071796104	2151.40119113592	-14.9070490008672	1.56387583049293e-47	8.33032350304749e-18	0.370980203342557	FALSE	2329	220	original_panel	fibrillar_core	3.83427424430499e-47
COL3A1	expr	TRUE	Pericytes - DC2	0.939605741599089	0.0621099071808125	2172.78697112701	-15.12811376233	9.32574178901523e-49	8.33032350304749e-18	0.370980203342557	FALSE	2329	220	original_panel	fibrillar_core	2.34600691879914e-48
COL3A1	expr	TRUE	Pericytes - EC aerocyte capillary	0.913194425143022	0.0683682082583645	2120.71174543551	-13.3570039117019	4.33755554554732e-39	8.33032350304749e-18	0.370980203342557	FALSE	2329	220	original_panel	fibrillar_core	9.18876898464629e-39
COL3A1	expr	TRUE	Pericytes - EC general capillary	0.891760446249893	0.0639469102822017	2127.44767929853	-13.945324994038	3.47744363792601e-42	8.33032350304749e-18	0.370980203342557	FALSE	2329	220	original_panel	fibrillar_core	7.88547078459279e-42
COL3A1	expr	TRUE	Pericytes - EC venous pulmonary	0.591084955770324	0.0664964830346854	2142.88454585241	-8.88896568352354	1.34248327931741e-18	8.33032350304749e-18	0.370980203342557	FALSE	2329	220	original_panel	fibrillar_core	2.13999809871389e-18
COL3A1	expr	TRUE	Pericytes - EC venous systemic	0.919155191972878	0.0683562957437925	2161.78652998377	-13.4465330804054	1.49158834819985e-39	8.33032350304749e-18	0.370980203342557	FALSE	2329	220	original_panel	fibrillar_core	3.18777509814393e-39
COL3A1	expr	TRUE	Pericytes - Interstitial macrophages	0.954162226211077	0.0628512129055752	2200.45295613127	-15.1812858034191	5.86814758132716e-49	8.33032350304749e-18	0.370980203342557	FALSE	2329	220	original_panel	fibrillar_core	1.50761451158565e-48
COL3A1	expr	TRUE	Pericytes - Lymphatic EC	0.965516304405371	0.0647079827466973	2147.82254046799	-14.9211312642048	1.46557403666714e-47	8.33032350304749e-18	0.370980203342557	FALSE	2329	220	original_panel	fibrillar_core	3.61159316178689e-47
COL3A1	expr	TRUE	Pericytes - Mast cells	0.871657191745437	0.0636812751585184	2150.20533403288	-13.6878099500311	8.30759018597833e-41	8.33032350304749e-18	0.370980203342557	FALSE	2329	220	original_panel	fibrillar_core	1.81564075105318e-40
COL3A1	expr	TRUE	Pericytes - Myofibroblasts	-1.33999580909918	0.0845018968318349	2123.30340672624	15.8575826027417	6.89863760478962e-53	8.33032350304749e-18	0.370980203342557	FALSE	2329	220	original_panel	fibrillar_core	1.96002468418434e-52
COL3A1	expr	TRUE	Pericytes - (Non-classical monocytes)	0.961447332050868	0.0635305432082555	2174.54809676502	-15.1336236634906	9.32574178901523e-49	8.33032350304749e-18	0.370980203342557	FALSE	2329	220	original_panel	fibrillar_core	2.34600691879914e-48
COL3A1	expr	TRUE	Pericytes - Peribronchial fibroblasts	-1.88422321454447	0.0741963959179305	2160.13316815488	25.39507736506	1.07422738810981e-123	8.33032350304749e-18	0.370980203342557	FALSE	2329	220	original_panel	fibrillar_core	4.47286059014686e-123
COL3A1	expr	TRUE	Pericytes - Subpleural fibroblasts	-1.97274780466583	0.145921205956669	2169.28609642508	13.519267413755	6.30545577902204e-40	8.33032350304749e-18	0.370980203342557	FALSE	2329	220	original_panel	fibrillar_core	1.35357117389673e-39
COL3A1	expr	TRUE	Pericytes - (Transitional Club-AT2)	0.999054379145416	0.0672419081465249	2175.9882404097	-14.8576149410931	2.59895416714877e-47	8.33032350304749e-18	0.370980203342557	FALSE	2329	220	original_panel	fibrillar_core	6.30801438559224e-47
COL3A1	expr	TRUE	Pericytes - Vascular smooth muscle	-0.525352947318377	0.0679260308212814	2134.3405917798	7.73419175191645	1.59198628433164e-14	8.33032350304749e-18	0.370980203342557	FALSE	2329	220	original_panel	fibrillar_core	2.40290429791307e-14
COL5A1	expr	TRUE	Pericytes - AT1	1.00276020571748	0.0912644280110839	2185.05155845077	-10.9874156620551	3.15578695979346e-27	1.49223491896716e-17	0.53235250967357	FALSE	2329	220	original_panel	fibrillar_minor	5.58331539040382e-27
COL5A1	expr	TRUE	Pericytes - AT2_AGTR2det	1.13932112976273	0.102910490843266	2164.9336522585	-11.0709911149674	1.53297338324218e-27	1.49223491896716e-17	0.53235250967357	FALSE	2329	220	original_panel	fibrillar_minor	2.73219979374899e-27
COL5A1	expr	TRUE	Pericytes - AT2_AGTR2undet	1.04116626280875	0.0915238066518201	2224.98068919461	-11.3759064542585	7.28909404354044e-29	1.49223491896716e-17	0.53235250967357	FALSE	2329	220	original_panel	fibrillar_minor	1.32854053699246e-28
COL5A1	expr	TRUE	Pericytes - Adventitial fibroblasts	-1.34737802209038	0.0958933602420618	2214.85654459786	14.0507957869994	3.54484265627903e-42	1.49223491896716e-17	0.53235250967357	FALSE	2329	220	original_panel	fibrillar_minor	8.00074300459239e-42
COL5A1	expr	TRUE	Pericytes - Alveolar fibroblasts	-1.43355491452837	0.0939945439132562	2170.95355368318	15.251469445411	5.98362391523111e-49	1.49223491896716e-17	0.53235250967357	FALSE	2329	220	original_panel	fibrillar_minor	1.5291483338924e-48
COL5A1	expr	TRUE	Pericytes - Alveolar macrophages	1.06598366313361	0.0906684958166014	2212.94468623828	-11.7569355654671	1.39837425454294e-30	1.49223491896716e-17	0.53235250967357	FALSE	2329	220	original_panel	fibrillar_minor	2.65911324781197e-30
COL5A1	expr	TRUE	Pericytes - Classical monocytes	1.03888960209125	0.087684012852515	2189.42231932114	-11.8481074062915	5.89599437751543e-31	1.49223491896716e-17	0.53235250967357	FALSE	2329	220	original_panel	fibrillar_minor	1.13006558902379e-30
COL5A1	expr	TRUE	Pericytes - DC2	1.05885375565662	0.0877580302582005	2198.02809565459	-12.0656053074719	5.83683703582293e-32	1.49223491896716e-17	0.53235250967357	FALSE	2329	220	original_panel	fibrillar_minor	1.12318417860656e-31
COL5A1	expr	TRUE	Pericytes - EC aerocyte capillary	1.08392993833008	0.0978583726758951	2155.02742379906	-11.0765171000752	1.53297338324218e-27	1.49223491896716e-17	0.53235250967357	FALSE	2329	220	original_panel	fibrillar_minor	2.73219979374899e-27
COL5A1	expr	TRUE	Pericytes - EC general capillary	1.02208234525939	0.0914444532845559	2168.85589836228	-11.1770841045863	5.86223367297975e-28	1.49223491896716e-17	0.53235250967357	FALSE	2329	220	original_panel	fibrillar_minor	1.05258693830826e-27
COL5A1	expr	TRUE	Pericytes - EC venous pulmonary	0.851040978864029	0.094929171412514	2188.82985134819	-8.96501008278938	7.57234945043802e-19	1.49223491896716e-17	0.53235250967357	FALSE	2329	220	original_panel	fibrillar_minor	1.21914826152052e-18
COL5A1	expr	TRUE	Pericytes - EC venous systemic	0.961987939390176	0.0972404263156343	2189.44809799427	-9.89288072707172	1.63228117375897e-22	1.49223491896716e-17	0.53235250967357	FALSE	2329	220	original_panel	fibrillar_minor	2.70925019562056e-22
COL5A1	expr	TRUE	Pericytes - Interstitial macrophages	1.09406627107222	0.0889497505176435	2230.73697394405	-12.2998239422292	4.58598589448915e-33	1.49223491896716e-17	0.53235250967357	FALSE	2329	220	original_panel	fibrillar_minor	9.00419181722871e-33
COL5A1	expr	TRUE	Pericytes - Lymphatic EC	1.01612467453632	0.0923403861123484	2187.68575557189	-11.0041198365796	2.83164998493024e-27	1.49223491896716e-17	0.53235250967357	FALSE	2329	220	original_panel	fibrillar_minor	5.02826081882833e-27
COL5A1	expr	TRUE	Pericytes - Mast cells	0.962298543292401	0.0907777323722608	2192.89943352239	-10.6006012503839	1.60303227718559e-25	1.49223491896716e-17	0.53235250967357	FALSE	2329	220	original_panel	fibrillar_minor	2.76523067814514e-25
COL5A1	expr	TRUE	Pericytes - Myofibroblasts	-0.830949077008653	0.120908375750802	2162.46506748976	6.87255181329439	9.08437954711271e-12	1.49223491896716e-17	0.53235250967357	FALSE	2329	220	original_panel	fibrillar_minor	1.34593721510903e-11
COL5A1	expr	TRUE	Pericytes - (Non-classical monocytes)	1.12687582800395	0.0902930450460607	2210.90230854242	-12.4802062819911	7.14798795256765e-34	1.49223491896716e-17	0.53235250967357	FALSE	2329	220	original_panel	fibrillar_minor	1.42664387648354e-33
COL5A1	expr	TRUE	Pericytes - Peribronchial fibroblasts	-1.72242335663161	0.105534141169129	2189.1529845043	16.3210060512195	2.81480139096323e-55	1.49223491896716e-17	0.53235250967357	FALSE	2329	220	original_panel	fibrillar_minor	8.39227822120519e-55
COL5A1	expr	TRUE	Pericytes - Subpleural fibroblasts	-1.26817035848033	0.207504931034254	2232.78593789383	6.11151914395223	1.2192797868758e-09	1.49223491896716e-17	0.53235250967357	FALSE	2329	220	original_panel	fibrillar_minor	1.73720394413277e-09
COL5A1	expr	TRUE	Pericytes - (Transitional Club-AT2)	1.09052214467701	0.094658810763307	2205.51722179553	-11.5205561519661	1.70325229782882e-29	1.49223491896716e-17	0.53235250967357	FALSE	2329	220	original_panel	fibrillar_minor	3.17633536622132e-29
COL5A1	expr	TRUE	Pericytes - Vascular smooth muscle	0.258424639901392	0.0970475087399402	2174.6682366413	-2.66286732402268	0.00780491288147611	1.49223491896716e-17	0.53235250967357	FALSE	2329	220	original_panel	fibrillar_minor	0.00910573169505547
FN1	expr	TRUE	Pericytes - AT1	-0.0234280248865915	0.0854842024506687	2149.35479402205	0.274062624613143	0.784062831046865	2.78560468665742e-17	0.496628137532193	FALSE	2329	220	original_panel	fibrillar_other	0.805749675309863
FN1	expr	TRUE	Pericytes - AT2_AGTR2det	0.603852391433065	0.0975406909465382	2144.825683528	-6.19077418432513	1.00142520135342e-09	2.78560468665742e-17	0.496628137532193	FALSE	2329	220	original_panel	fibrillar_other	1.43103068714113e-09
FN1	expr	TRUE	Pericytes - AT2_AGTR2undet	0.507206564436947	0.0864020538410947	2201.67955238649	-5.87030680277312	6.57458233633472e-09	2.78560468665742e-17	0.496628137532193	FALSE	2329	220	original_panel	fibrillar_other	9.25808533075705e-09
FN1	expr	TRUE	Pericytes - Adventitial fibroblasts	-1.04267428523718	0.0901642291760745	2189.08569041871	11.5641679052235	1.92780996062504e-29	2.78560468665742e-17	0.496628137532193	FALSE	2329	220	original_panel	fibrillar_other	3.57089304835954e-29
FN1	expr	TRUE	Pericytes - Alveolar fibroblasts	-2.14492098830557	0.0879543589833459	2137.58561789222	24.386750277058	8.93621994837402e-115	2.78560468665742e-17	0.496628137532193	FALSE	2329	220	original_panel	fibrillar_other	3.53786412710217e-114
FN1	expr	TRUE	Pericytes - Alveolar macrophages	-1.10297913268068	0.0860411593807947	2200.36769620148	12.819203513974	1.2962017513346e-35	2.78560468665742e-17	0.496628137532193	FALSE	2329	220	original_panel	fibrillar_other	2.65281968599411e-35
FN1	expr	TRUE	Pericytes - Classical monocytes	0.516502848704078	0.0822429332049998	2159.29225909827	-6.28020947911277	6.11400974853901e-10	2.78560468665742e-17	0.496628137532193	FALSE	2329	220	original_panel	fibrillar_other	8.81512450311743e-10
FN1	expr	TRUE	Pericytes - DC2	0.577305608191084	0.0828689116530491	2177.26904995592	-6.96649197720992	8.18678822236462e-12	2.78560468665742e-17	0.496628137532193	FALSE	2329	220	original_panel	fibrillar_other	1.21668268043142e-11
FN1	expr	TRUE	Pericytes - EC aerocyte capillary	0.582301967606863	0.0914822721925747	2126.95242585461	-6.36518916343801	3.84786339763786e-10	2.78560468665742e-17	0.496628137532193	FALSE	2329	220	original_panel	fibrillar_other	5.58113519837563e-10
FN1	expr	TRUE	Pericytes - EC general capillary	0.546160027964703	0.0855541816815833	2135.10340464213	-6.38379115117258	3.69769006222013e-10	2.78560468665742e-17	0.496628137532193	FALSE	2329	220	original_panel	fibrillar_other	5.37947078329013e-10
FN1	expr	TRUE	Pericytes - EC venous pulmonary	0.172956155454325	0.0889324737643873	2151.44306625426	-1.94480315382371	0.057395009265899	2.78560468665742e-17	0.496628137532193	FALSE	2329	220	original_panel	fibrillar_other	0.0631475842264902
FN1	expr	TRUE	Pericytes - EC venous systemic	0.365054073965948	0.0913438755376762	2167.28200569894	-3.99648111947446	8.20728009842407e-05	2.78560468665742e-17	0.496628137532193	FALSE	2329	220	original_panel	fibrillar_other	0.000102167945555124
FN1	expr	TRUE	Pericytes - Interstitial macrophages	-0.201839606889259	0.0838897922356374	2207.18791820359	2.40600914020998	0.0189112107501051	2.78560468665742e-17	0.496628137532193	FALSE	2329	220	original_panel	fibrillar_other	0.0216448217827032
FN1	expr	TRUE	Pericytes - Lymphatic EC	-0.696597715675098	0.0865297740836445	2155.4587136443	8.05038176803429	3.15086558780017e-15	2.78560468665742e-17	0.496628137532193	FALSE	2329	220	original_panel	fibrillar_other	4.81603822439077e-15
FN1	expr	TRUE	Pericytes - Mast cells	0.669897505248236	0.085143648949019	2158.76986225783	-7.86785055041917	1.18763744461015e-14	2.78560468665742e-17	0.496628137532193	FALSE	2329	220	original_panel	fibrillar_other	1.79820967318716e-14
FN1	expr	TRUE	Pericytes - Myofibroblasts	-1.66469468301057	0.113064198517545	2130.01007306978	14.7234465448606	5.87832658892806e-46	2.78560468665742e-17	0.496628137532193	FALSE	2329	220	original_panel	fibrillar_other	1.38499109387915e-45
FN1	expr	TRUE	Pericytes - (Non-classical monocytes)	0.779955317940568	0.0848779168803396	2181.91467072256	-9.18914302574301	2.68475154286648e-19	2.78560468665742e-17	0.496628137532193	FALSE	2329	220	original_panel	fibrillar_other	4.33690633847661e-19
FN1	expr	TRUE	Pericytes - Peribronchial fibroblasts	-1.78053716427955	0.0991473038149001	2166.00677789066	17.9585031137475	2.59271122753266e-66	2.78560468665742e-17	0.496628137532193	FALSE	2329	220	original_panel	fibrillar_other	8.57725700615257e-66
FN1	expr	TRUE	Pericytes - Subpleural fibroblasts	-0.352220430402537	0.195017369761545	2180.82039431003	1.8060977380282	0.0745929353492893	2.78560468665742e-17	0.496628137532193	FALSE	2329	220	original_panel	fibrillar_other	0.0816970244301741
FN1	expr	TRUE	Pericytes - (Transitional Club-AT2)	0.727660323830164	0.0896348546334179	2180.07695751106	-8.11805102832036	2.0564651345157e-15	2.78560468665742e-17	0.496628137532193	FALSE	2329	220	original_panel	fibrillar_other	3.16328872602256e-15
FN1	expr	TRUE	Pericytes - Vascular smooth muscle	-0.934873295637454	0.0908599387716037	2142.08093338939	10.2891693333347	1.00310979804002e-23	2.78560468665742e-17	0.496628137532193	FALSE	2329	220	original_panel	fibrillar_other	1.69406305053612e-23
POSTN	expr	TRUE	Pericytes - AT1	0.226667045955925	0.0976783252299122	2158.12846128034	-2.32054599034538	0.030606235797939	1.39386725100188e-17	0.568029419524861	FALSE	2329	220	original_panel	fibrillar_other	0.0342988674951381
POSTN	expr	TRUE	Pericytes - AT2_AGTR2det	0.326826887416908	0.111071966477001	2147.86805779415	-2.94247862699523	0.0115179499594545	1.39386725100188e-17	0.568029419524861	FALSE	2329	220	original_panel	fibrillar_other	0.0133730044000397
POSTN	expr	TRUE	Pericytes - AT2_AGTR2undet	0.252894722490492	0.0985004551168572	2207.44352861114	-2.56744724875095	0.0240574875761641	1.39386725100188e-17	0.568029419524861	FALSE	2329	220	original_panel	fibrillar_other	0.0274698971614356
POSTN	expr	TRUE	Pericytes - Adventitial fibroblasts	-0.000520573826009356	0.102907959174402	2195.66859681969	0.00505863521330861	0.995964269823163	1.39386725100188e-17	0.568029419524861	FALSE	2329	220	original_panel	fibrillar_other	0.995964269823163
POSTN	expr	TRUE	Pericytes - Alveolar fibroblasts	-0.053376469680209	0.100526521851921	2145.52223662798	0.530969028838325	0.625269958903413	1.39386725100188e-17	0.568029419524861	FALSE	2329	220	original_panel	fibrillar_other	0.650873685668854
POSTN	expr	TRUE	Pericytes - Alveolar macrophages	0.229759882214509	0.0979518645384778	2203.37551891179	-2.34564072156334	0.030606235797939	1.39386725100188e-17	0.568029419524861	FALSE	2329	220	original_panel	fibrillar_other	0.0342988674951381
POSTN	expr	TRUE	Pericytes - Classical monocytes	0.192945479821152	0.0939416386577748	2167.31540247903	-2.05388667451335	0.0561489364605039	1.39386725100188e-17	0.568029419524861	FALSE	2329	220	original_panel	fibrillar_other	0.0619176628091858
POSTN	expr	TRUE	Pericytes - DC2	0.219283918233757	0.0944728545041718	2182.35840736896	-2.32113149734534	0.030606235797939	1.39386725100188e-17	0.568029419524861	FALSE	2329	220	original_panel	fibrillar_other	0.0342988674951381
POSTN	expr	TRUE	Pericytes - EC aerocyte capillary	-0.159001701906756	0.104583247648229	2133.69803506621	1.5203362439228	0.168754233097297	1.39386725100188e-17	0.568029419524861	FALSE	2329	220	original_panel	fibrillar_other	0.183164706934819
POSTN	expr	TRUE	Pericytes - EC general capillary	-1.67711457420762	0.0977898782274077	2143.35398838594	17.1501857309561	7.32168557821302e-61	1.39386725100188e-17	0.568029419524861	FALSE	2329	220	original_panel	fibrillar_other	2.28153169953348e-60
POSTN	expr	TRUE	Pericytes - EC venous pulmonary	-1.54641438908871	0.101614699244069	2160.6127225827	15.2184123024797	6.46573225703711e-49	1.39386725100188e-17	0.568029419524861	FALSE	2329	220	original_panel	fibrillar_other	1.64365720007838e-48
POSTN	expr	TRUE	Pericytes - EC venous systemic	-2.89113746789278	0.104288645235338	2172.94031047885	27.7224568539426	9.05302620347099e-144	1.39386725100188e-17	0.568029419524861	FALSE	2329	220	original_panel	fibrillar_other	4.32931847156088e-143
POSTN	expr	TRUE	Pericytes - Interstitial macrophages	0.227797996523547	0.0956707406707438	2213.7079023253	-2.38106232821512	0.030606235797939	1.39386725100188e-17	0.568029419524861	FALSE	2329	220	original_panel	fibrillar_other	0.0342988674951381
POSTN	expr	TRUE	Pericytes - Lymphatic EC	0.237422352474981	0.0988594457173049	2163.50080098884	-2.40161525034143	0.030606235797939	1.39386725100188e-17	0.568029419524861	FALSE	2329	220	original_panel	fibrillar_other	0.0342988674951381
POSTN	expr	TRUE	Pericytes - Mast cells	0.0984060776436267	0.0972566905245888	2167.5915188134	-1.01181807763392	0.38508808570643	1.39386725100188e-17	0.568029419524861	FALSE	2329	220	original_panel	fibrillar_other	0.406996817059531
POSTN	expr	TRUE	Pericytes - Myofibroblasts	-0.599398523834573	0.129247912079521	2137.45926300938	4.6375876731052	1.56994394320626e-05	1.39386725100188e-17	0.568029419524861	FALSE	2329	220	original_panel	fibrillar_other	2.01670990576761e-05
POSTN	expr	TRUE	Pericytes - (Non-classical monocytes)	0.262878601645927	0.0968871366876932	2189.42879751124	-2.71324564470609	0.0176267500485215	1.39386725100188e-17	0.568029419524861	FALSE	2329	220	original_panel	fibrillar_other	0.0202226134760948
POSTN	expr	TRUE	Pericytes - Peribronchial fibroblasts	-1.47302275676858	0.113195286671168	2171.93722508008	13.0131103519152	1.29601014232456e-36	1.39386725100188e-17	0.568029419524861	FALSE	2329	220	original_panel	fibrillar_other	2.72162129888158e-36
POSTN	expr	TRUE	Pericytes - Subpleural fibroblasts	0.134359591494073	0.222660075814005	2193.3206006911	-0.603429200330947	0.6037893446375	1.39386725100188e-17	0.568029419524861	FALSE	2329	220	original_panel	fibrillar_other	0.631234314848296
POSTN	expr	TRUE	Pericytes - (Transitional Club-AT2)	0.294491896680595	0.102100782039062	2185.57940721536	-2.88432557321576	0.0118827774715841	1.39386725100188e-17	0.568029419524861	FALSE	2329	220	original_panel	fibrillar_other	0.0137305777961127
POSTN	expr	TRUE	Pericytes - Vascular smooth muscle	0.0827787862767849	0.103834270418822	2150.2348740729	-0.797220281347297	0.496312985240024	1.39386725100188e-17	0.568029419524861	FALSE	2329	220	original_panel	fibrillar_other	0.522263991004208
LUM	expr	TRUE	Pericytes - AT1	0.881011241681009	0.0568716382293932	2143.53007904185	-15.4912232021069	3.81602726057008e-51	7.80905443182273e-18	0.330184029033349	FALSE	2329	220	original_panel	fibrillar_other	1.02968780271249e-50
LUM	expr	TRUE	Pericytes - AT2_AGTR2det	0.882722094455824	0.0650578203327047	2144.06882105978	-13.5682703469252	3.15826993751009e-40	7.80905443182273e-18	0.330184029033349	FALSE	2329	220	original_panel	fibrillar_other	6.84055775702858e-40
LUM	expr	TRUE	Pericytes - AT2_AGTR2undet	0.839766909541036	0.0575806432523046	2197.89884048777	-14.5841877080355	5.77151886192357e-46	7.80905443182273e-18	0.330184029033349	FALSE	2329	220	original_panel	fibrillar_other	1.36649196583779e-45
LUM	expr	TRUE	Pericytes - Adventitial fibroblasts	-1.77952079994682	0.0600370112194306	2184.53710776256	29.64039621231	1.50899438887196e-161	7.80905443182273e-18	0.330184029033349	FALSE	2329	220	original_panel	fibrillar_other	7.83703537446406e-161
LUM	expr	TRUE	Pericytes - Alveolar fibroblasts	-2.17663665960044	0.0585047484916206	2132.41507874979	37.2044443522766	1.34525511706633e-232	7.80905443182273e-18	0.330184029033349	FALSE	2329	220	original_panel	fibrillar_other	1.47672323077963e-231
LUM	expr	TRUE	Pericytes - Alveolar macrophages	0.863522594172186	0.0573965785802593	2198.5758229029	-15.0448444059204	1.20254181143543e-48	7.80905443182273e-18	0.330184029033349	FALSE	2329	220	original_panel	fibrillar_other	2.99395719032637e-48
LUM	expr	TRUE	Pericytes - Classical monocytes	0.887399920168183	0.054728542074632	2153.75410451427	-16.214572625707	2.47396181775753e-55	7.80905443182273e-18	0.330184029033349	FALSE	2329	220	original_panel	fibrillar_other	7.4218854532726e-55
LUM	expr	TRUE	Pericytes - DC2	0.895918832729592	0.0552240050792401	2174.06185169469	-16.2233585094752	2.44920710015664e-55	7.80905443182273e-18	0.330184029033349	FALSE	2329	220	original_panel	fibrillar_other	7.39354393359785e-55
LUM	expr	TRUE	Pericytes - EC aerocyte capillary	0.954968167836346	0.0608417580529535	2122.53314991287	-15.6959331616485	3.04001485653766e-52	7.80905443182273e-18	0.330184029033349	FALSE	2329	220	original_panel	fibrillar_other	8.48744032200976e-52
LUM	expr	TRUE	Pericytes - EC general capillary	0.877035288898781	0.0569049318776634	2129.68247123212	-15.4122895847458	1.10080487952982e-50	7.80905443182273e-18	0.330184029033349	FALSE	2329	220	original_panel	fibrillar_other	2.92136679567529e-50
LUM	expr	TRUE	Pericytes - EC venous pulmonary	0.939580973025602	0.0591671401774708	2145.39063621035	-15.8801147090656	2.674815133927e-53	7.80905443182273e-18	0.330184029033349	FALSE	2329	220	original_panel	fibrillar_other	7.69009351004013e-53
LUM	expr	TRUE	Pericytes - EC venous systemic	0.944093130525154	0.0608064523447808	2163.42353308128	-15.5261998376754	2.41564169729584e-51	7.80905443182273e-18	0.330184029033349	FALSE	2329	220	original_panel	fibrillar_other	6.55480303254994e-51
LUM	expr	TRUE	Pericytes - Interstitial macrophages	0.884434776618089	0.055889633292061	2202.50249689427	-15.82466594469	4.37186770788417e-53	7.80905443182273e-18	0.330184029033349	FALSE	2329	220	original_panel	fibrillar_other	1.24947461710536e-52
LUM	expr	TRUE	Pericytes - Lymphatic EC	0.902518138339621	0.0575734747182734	2150.07423652717	-15.6759365794048	3.35116951022823e-52	7.80905443182273e-18	0.330184029033349	FALSE	2329	220	original_panel	fibrillar_other	9.3023843301163e-52
LUM	expr	TRUE	Pericytes - Mast cells	0.870074449530071	0.0566576002544506	2152.74875244688	-15.3567119966703	2.08197443919765e-50	7.80905443182273e-18	0.330184029033349	FALSE	2329	220	original_panel	fibrillar_other	5.49504729034133e-50
LUM	expr	TRUE	Pericytes - Myofibroblasts	-0.651110586684546	0.0751981182381943	2125.24342452218	8.65860212913993	1.02463081953616e-17	7.80905443182273e-18	0.330184029033349	FALSE	2329	220	original_panel	fibrillar_other	1.61204132194126e-17
LUM	expr	TRUE	Pericytes - (Non-classical monocytes)	0.923355744404526	0.0565101981652292	2176.74739987396	-16.3396302682348	5.57960229931728e-56	7.80905443182273e-18	0.330184029033349	FALSE	2329	220	original_panel	fibrillar_other	1.70566323453813e-55
LUM	expr	TRUE	Pericytes - Peribronchial fibroblasts	-1.92200539404495	0.0660015345161682	2161.89591103424	29.1206167876919	1.00520970099821e-156	7.80905443182273e-18	0.330184029033349	FALSE	2329	220	original_panel	fibrillar_other	5.05746130814724e-156
LUM	expr	TRUE	Pericytes - Subpleural fibroblasts	-0.552482768734563	0.129810562645757	2172.65203422871	4.25606944052964	2.16893876040811e-05	7.80905443182273e-18	0.330184029033349	FALSE	2329	220	original_panel	fibrillar_other	2.7568353191503e-05
LUM	expr	TRUE	Pericytes - (Transitional Club-AT2)	0.900145454167731	0.0597703182011114	2177.05331806001	-15.0600746534254	1.09567134384552e-48	7.80905443182273e-18	0.330184029033349	FALSE	2329	220	original_panel	fibrillar_other	2.74201688641133e-48
LUM	expr	TRUE	Pericytes - Vascular smooth muscle	0.462820351463969	0.0604422806736595	2136.6199653499	-7.6572284550749	3.00133946247621e-14	7.80905443182273e-18	0.330184029033349	FALSE	2329	220	original_panel	fibrillar_other	4.51603414447355e-14
DCN	expr	TRUE	Pericytes - AT1	1.88045888870322	0.0504975967086996	2133.23411511201	-37.2385818586741	1.19136991963978e-233	9.64088752378778e-18	0.292833606281738	FALSE	2329	220	original_panel	fibrillar_other	1.33821318880469e-232
DCN	expr	TRUE	Pericytes - AT2_AGTR2det	1.86885072519323	0.0580615503400219	2146.10275721696	-32.1874065409691	1.15094476093133e-185	9.64088752378778e-18	0.292833606281738	FALSE	2329	220	original_panel	fibrillar_other	6.54007434740982e-185
DCN	expr	TRUE	Pericytes - AT2_AGTR2undet	1.78489643306141	0.0513043251735895	2191.33886554556	-34.7903695647914	2.75014554785163e-211	9.64088752378778e-18	0.292833606281738	FALSE	2329	220	original_panel	fibrillar_other	1.89760042801763e-210
DCN	expr	TRUE	Pericytes - Adventitial fibroblasts	-1.01026947984764	0.0534026589602079	2175.92969145579	18.917962129946	6.71537348633302e-74	9.64088752378778e-18	0.292833606281738	FALSE	2329	220	original_panel	fibrillar_other	2.30037261978642e-73
DCN	expr	TRUE	Pericytes - Alveolar fibroblasts	-0.805894112786917	0.0519309498192029	2123.47711620734	15.5185706325925	1.9423532336642e-51	9.64088752378778e-18	0.292833606281738	FALSE	2329	220	original_panel	fibrillar_other	5.30031984101588e-51
DCN	expr	TRUE	Pericytes - Alveolar macrophages	1.76214997116085	0.051235556744794	2195.96708265926	-34.3931067234845	1.42653345720573e-207	9.64088752378778e-18	0.292833606281738	FALSE	2329	220	original_panel	fibrillar_other	9.31102243014012e-207
DCN	expr	TRUE	Pericytes - Classical monocytes	1.88567711546266	0.0486165906689729	2143.53627710655	-38.7866999622023	1.82271090510663e-248	9.64088752378778e-18	0.292833606281738	FALSE	2329	220	original_panel	fibrillar_other	2.66778596111062e-247
DCN	expr	TRUE	Pericytes - DC2	1.8682176582737	0.0491968993288145	2168.93426333893	-37.9742968309284	2.37612017124649e-241	9.64088752378778e-18	0.292833606281738	FALSE	2329	220	original_panel	fibrillar_other	3.1879612297557e-240
DCN	expr	TRUE	Pericytes - EC aerocyte capillary	1.88261810413043	0.0539896533466262	2114.86631940871	-34.8699794763189	1.18379260261665e-210	9.64088752378778e-18	0.292833606281738	FALSE	2329	220	original_panel	fibrillar_other	7.94127537588672e-210
DCN	expr	TRUE	Pericytes - EC general capillary	1.81863293020548	0.0505042179737504	2120.28481513993	-36.0095256034005	1.43382214812448e-221	9.64088752378778e-18	0.292833606281738	FALSE	2329	220	original_panel	fibrillar_other	1.1737899958375e-220
DCN	expr	TRUE	Pericytes - EC venous pulmonary	1.85367601183653	0.0525380354021166	2134.78042333301	-35.2825528714356	6.50673830608483e-215	9.64088752378778e-18	0.292833606281738	FALSE	2329	220	original_panel	fibrillar_other	4.76174939672572e-214
DCN	expr	TRUE	Pericytes - EC venous systemic	1.94511526962357	0.0540561747129717	2156.26722596277	-35.9832207874822	5.20079016833147e-222	9.64088752378778e-18	0.292833606281738	FALSE	2329	220	original_panel	fibrillar_other	4.33100284707604e-221
DCN	expr	TRUE	Pericytes - Interstitial macrophages	1.85892334677045	0.0497635684917475	2193.26938044136	-37.3551054136869	4.46493063709101e-236	9.64088752378778e-18	0.292833606281738	FALSE	2329	220	original_panel	fibrillar_other	5.52964486593578e-235
DCN	expr	TRUE	Pericytes - Lymphatic EC	1.83066749209644	0.0511327213356291	2140.4281815569	-35.8022699413973	4.99643689648682e-220	9.64088752378778e-18	0.292833606281738	FALSE	2329	220	original_panel	fibrillar_other	3.95619511639858e-219
DCN	expr	TRUE	Pericytes - Mast cells	1.84573042730389	0.0503269529410988	2141.76415152233	-36.6747899373936	2.13082296355246e-228	9.64088752378778e-18	0.292833606281738	FALSE	2329	220	original_panel	fibrillar_other	2.05837498279168e-227
DCN	expr	TRUE	Pericytes - Myofibroblasts	-0.354169512840545	0.0667338170076271	2117.16435112175	5.30719699129553	1.29102571845193e-07	9.64088752378778e-18	0.292833606281738	FALSE	2329	220	original_panel	fibrillar_other	1.78672040691199e-07
DCN	expr	TRUE	Pericytes - (Non-classical monocytes)	1.90564717509357	0.0502506361617967	2167.13139057089	-37.9228467667111	5.66066816424685e-241	9.64088752378778e-18	0.292833606281738	FALSE	2329	220	original_panel	fibrillar_other	7.38946681981413e-240
DCN	expr	TRUE	Pericytes - Peribronchial fibroblasts	-0.734181523694597	0.058673545608668	2154.11410669097	12.5129905833769	1.15621781740152e-34	9.64088752378778e-18	0.292833606281738	FALSE	2329	220	original_panel	fibrillar_other	2.34644204119721e-34
DCN	expr	TRUE	Pericytes - Subpleural fibroblasts	-0.49562676264729	0.115369172423041	2158.44664876862	4.29600691621419	1.81616505838844e-05	9.64088752378778e-18	0.292833606281738	FALSE	2329	220	original_panel	fibrillar_other	2.32065535238523e-05
DCN	expr	TRUE	Pericytes - (Transitional Club-AT2)	1.87078232880355	0.0533149642188272	2173.46211734028	-35.0892541374514	7.92859923020742e-214	9.64088752378778e-18	0.292833606281738	FALSE	2329	220	original_panel	fibrillar_other	5.63163739439733e-213
DCN	expr	TRUE	Pericytes - Vascular smooth muscle	0.500387423374952	0.0536576683357129	2126.90589280074	-9.32555287800141	2.95788578684258e-20	9.64088752378778e-18	0.292833606281738	FALSE	2329	220	original_panel	fibrillar_other	4.84291130523718e-20
FBN1	expr	TRUE	Pericytes - AT1	1.0430059730451	0.0833805750682493	2159.64043849192	-12.50898032535	2.70863598282652e-34	1.61238442437407e-17	0.48496571567377	FALSE	2329	220	original_panel	fibrillar_other	5.45112991543838e-34
FBN1	expr	TRUE	Pericytes - AT2_AGTR2det	1.07436981921518	0.0947614863664163	2148.57375881567	-11.3376210147326	9.77964547249909e-29	1.61238442437407e-17	0.48496571567377	FALSE	2329	220	original_panel	fibrillar_other	1.77577773053273e-28
FBN1	expr	TRUE	Pericytes - AT2_AGTR2undet	1.04680358048482	0.0840515495747102	2208.44071224805	-12.4543043618054	4.316030960402e-34	1.61238442437407e-17	0.48496571567377	FALSE	2329	220	original_panel	fibrillar_other	8.64997076296334e-34
FBN1	expr	TRUE	Pericytes - Adventitial fibroblasts	-2.12970458230793	0.0878288135380375	2196.77905808748	24.2483587847351	5.67814741881879e-114	1.61238442437407e-17	0.48496571567377	FALSE	2329	220	original_panel	fibrillar_other	2.22971154738982e-113
FBN1	expr	TRUE	Pericytes - Alveolar fibroblasts	-1.24861741060473	0.0858155601333176	2146.90755902863	14.5500117771761	5.7490032270718e-45	1.61238442437407e-17	0.48496571567377	FALSE	2329	220	original_panel	fibrillar_other	1.32859739649554e-44
FBN1	expr	TRUE	Pericytes - Alveolar macrophages	0.744662217101861	0.0835640452344063	2203.91806129366	-8.91127535787673	1.54874531189628e-18	1.61238442437407e-17	0.48496571567377	FALSE	2329	220	original_panel	fibrillar_other	2.46067100541415e-18
FBN1	expr	TRUE	Pericytes - Classical monocytes	1.02632391257032	0.0801861016852077	2168.6592468618	-12.7992743256111	1.14332848984195e-35	1.61238442437407e-17	0.48496571567377	FALSE	2329	220	original_panel	fibrillar_other	2.34990493869643e-35
FBN1	expr	TRUE	Pericytes - DC2	1.04809975036509	0.0806143490694779	2183.25356799506	-13.0014043710975	1.47073490069998e-36	1.61238442437407e-17	0.48496571567377	FALSE	2329	220	original_panel	fibrillar_other	3.06191791826762e-36
FBN1	expr	TRUE	Pericytes - EC aerocyte capillary	1.04867976178002	0.0892822116739636	2134.87045893597	-11.745674105941	1.24085605312478e-30	1.61238442437407e-17	0.48496571567377	FALSE	2329	220	original_panel	fibrillar_other	2.36890701051093e-30
FBN1	expr	TRUE	Pericytes - EC general capillary	0.915451954763666	0.0834801922062644	2144.78268063658	-10.9660978319474	4.68941252341103e-27	1.61238442437407e-17	0.48496571567377	FALSE	2329	220	original_panel	fibrillar_other	8.2663731708304e-27
FBN1	expr	TRUE	Pericytes - EC venous pulmonary	0.0942141110528642	0.0867401785819152	2162.19767664886	-1.08616459630517	0.277527252694321	1.61238442437407e-17	0.48496571567377	FALSE	2329	220	original_panel	fibrillar_other	0.295254764430302
FBN1	expr	TRUE	Pericytes - EC venous systemic	0.384190998595581	0.0890115762830587	2173.90067183161	-4.31619138362235	2.04890635749778e-05	1.61238442437407e-17	0.48496571567377	FALSE	2329	220	original_panel	fibrillar_other	2.61113923660007e-05
FBN1	expr	TRUE	Pericytes - Interstitial macrophages	1.04958527512961	0.0816411831986301	2214.77576463234	-12.8560762351522	6.53588252237211e-36	1.61238442437407e-17	0.48496571567377	FALSE	2329	220	original_panel	fibrillar_other	1.34907318731014e-35
FBN1	expr	TRUE	Pericytes - Lymphatic EC	-0.228223246078689	0.0843870266226344	2164.87929583949	2.70448261080779	0.00723937862952898	1.61238442437407e-17	0.48496571567377	FALSE	2329	220	original_panel	fibrillar_other	0.00846639195656779
FBN1	expr	TRUE	Pericytes - Mast cells	1.016850604725	0.0830158780672826	2169.08262055623	-12.2488688718183	4.41986193940603e-33	1.61238442437407e-17	0.48496571567377	FALSE	2329	220	original_panel	fibrillar_other	8.71344210911474e-33
FBN1	expr	TRUE	Pericytes - Myofibroblasts	-0.323335848594698	0.110337090545796	2138.77615955146	2.93043660110374	0.00378081245129531	1.61238442437407e-17	0.48496571567377	FALSE	2329	220	original_panel	fibrillar_other	0.00446487142781329
FBN1	expr	TRUE	Pericytes - (Non-classical monocytes)	1.04698122646422	0.0826916264148614	2190.6955518127	-12.66127263251	4.93792597858964e-35	1.61238442437407e-17	0.48496571567377	FALSE	2329	220	original_panel	fibrillar_other	1.00633681335814e-34
FBN1	expr	TRUE	Pericytes - Peribronchial fibroblasts	-1.71225324344896	0.0966130039812817	2172.9350821771	17.7228030688364	9.94770795486965e-65	1.61238442437407e-17	0.48496571567377	FALSE	2329	220	original_panel	fibrillar_other	3.22465969275305e-64
FBN1	expr	TRUE	Pericytes - Subpleural fibroblasts	-0.858383937346569	0.190041893572646	2195.49771746494	4.51681427294577	8.67619809472141e-06	1.61238442437407e-17	0.48496571567377	FALSE	2329	220	original_panel	fibrillar_other	1.13566495386191e-05
FBN1	expr	TRUE	Pericytes - (Transitional Club-AT2)	0.648484561329004	0.0871117777077892	2186.61239735548	-7.44428111092284	1.95150374169977e-13	1.61238442437407e-17	0.48496571567377	FALSE	2329	220	original_panel	fibrillar_other	2.92725561254965e-13
FBN1	expr	TRUE	Pericytes - Vascular smooth muscle	0.275657634832682	0.088637269036181	2151.6303981021	-3.10995180503769	0.00221164576363488	1.61238442437407e-17	0.48496571567377	FALSE	2329	220	original_panel	fibrillar_other	0.00263759235514975
BGN	expr	TRUE	Pericytes - AT1	3.11233605685726	0.0710958339114301	2145.41094788179	-43.7766305791498	3.2588520516634e-299	1.00985062375785e-17	0.412854247104081	FALSE	2329	220	original_panel	fibrillar_other	2.24860791564774e-297
BGN	expr	TRUE	Pericytes - AT2_AGTR2det	3.24017502209279	0.0812607350531734	2144.18276502995	-39.8738089185702	2.56504979825995e-260	1.00985062375785e-17	0.412854247104081	FALSE	2329	220	original_panel	fibrillar_other	5.38660457634589e-259
BGN	expr	TRUE	Pericytes - AT2_AGTR2undet	3.15545490335134	0.0719411607265778	2199.1141760322	-43.8616067836892	7.64437047738505e-302	1.00985062375785e-17	0.412854247104081	FALSE	2329	220	original_panel	fibrillar_other	7.38446188115395e-300
BGN	expr	TRUE	Pericytes - Adventitial fibroblasts	1.16900440671897	0.0750312384186999	2186.02547658457	-15.5802360637516	6.87987514784012e-52	1.00985062375785e-17	0.412854247104081	FALSE	2329	220	original_panel	fibrillar_other	1.89884554080387e-51
BGN	expr	TRUE	Pericytes - Alveolar fibroblasts	1.32360644828433	0.0731415803618121	2134.0759257012	-18.0964978024374	4.3180429449282e-68	1.00985062375785e-17	0.412854247104081	FALSE	2329	220	original_panel	fibrillar_other	1.43835499475884e-67
BGN	expr	TRUE	Pericytes - Alveolar macrophages	3.14016053397723	0.0716880437264967	2199.13182675485	-43.8031277008692	2.50029065477649e-301	1.00985062375785e-17	0.412854247104081	FALSE	2329	220	original_panel	fibrillar_other	2.01273397709507e-299
BGN	expr	TRUE	Pericytes - Classical monocytes	3.0745494123901	0.0684113039757729	2155.56106172399	-44.9421255510481	5.90427969184983e-311	1.00985062375785e-17	0.412854247104081	FALSE	2329	220	original_panel	fibrillar_other	9.50589030387823e-309
BGN	expr	TRUE	Pericytes - DC2	3.1070642806206	0.0689978529875844	2175.07742204989	-45.0313183104363	3.95215724592483e-312	1.00985062375785e-17	0.412854247104081	FALSE	2329	220	original_panel	fibrillar_other	1.90889194978169e-309
BGN	expr	TRUE	Pericytes - EC aerocyte capillary	2.76499681074904	0.0760671936918033	2123.95454457928	-36.3493994789896	3.15515992043486e-225	1.00985062375785e-17	0.412854247104081	FALSE	2329	220	original_panel	fibrillar_other	2.82211526216673e-224
BGN	expr	TRUE	Pericytes - EC general capillary	2.91826056654324	0.0711429324952702	2131.4265310058	-41.0196833921241	2.60318022484604e-271	1.00985062375785e-17	0.412854247104081	FALSE	2329	220	original_panel	fibrillar_other	7.39609440353315e-270
BGN	expr	TRUE	Pericytes - EC venous pulmonary	2.71903219978071	0.0739648999961484	2147.34141735731	-36.7611150683946	9.80098610005653e-230	1.00985062375785e-17	0.412854247104081	FALSE	2329	220	original_panel	fibrillar_other	9.66097201291287e-229
BGN	expr	TRUE	Pericytes - EC venous systemic	3.01713185959724	0.0759996485433886	2164.68057203708	-39.6992870022912	3.49265103947379e-259	1.00985062375785e-17	0.412854247104081	FALSE	2329	220	original_panel	fibrillar_other	6.74780180826336e-258
BGN	expr	TRUE	Pericytes - Interstitial macrophages	3.13058697581035	0.0698356064300738	2204.05117332921	-44.8279486044844	1.85186606855459e-311	1.00985062375785e-17	0.412854247104081	FALSE	2329	220	original_panel	fibrillar_other	4.47225655555934e-309
BGN	expr	TRUE	Pericytes - Lymphatic EC	2.65992389748638	0.0719705714963595	2151.81750817975	-36.9584934811991	9.68680719245465e-232	1.00985062375785e-17	0.412854247104081	FALSE	2329	220	original_panel	fibrillar_other	1.01711475520774e-230
BGN	expr	TRUE	Pericytes - Mast cells	3.05055483880461	0.0708232141251278	2154.70781528974	-43.0728099040381	1.59124684098697e-292	1.00985062375785e-17	0.412854247104081	FALSE	2329	220	original_panel	fibrillar_other	9.60715280245883e-291
BGN	expr	TRUE	Pericytes - Myofibroblasts	0.854418078935296	0.0940149967409236	2126.76714796997	-9.08810411694007	2.48064522165488e-19	1.00985062375785e-17	0.412854247104081	FALSE	2329	220	original_panel	fibrillar_other	4.02064309415874e-19
BGN	expr	TRUE	Pericytes - (Non-classical monocytes)	3.13806730856383	0.0706266064554569	2178.43386080302	-44.4318007908672	8.70857057323552e-307	1.00985062375785e-17	0.412854247104081	FALSE	2329	220	original_panel	fibrillar_other	1.05155989671819e-304
BGN	expr	TRUE	Pericytes - Peribronchial fibroblasts	0.451288140364891	0.0824926874997952	2163.24189642707	-5.47064417517021	5.00214737997764e-08	1.00985062375785e-17	0.412854247104081	FALSE	2329	220	original_panel	fibrillar_other	6.96264318308127e-08
BGN	expr	TRUE	Pericytes - Subpleural fibroblasts	1.61406374970297	0.162250166041704	2175.27836586352	-9.9479944401912	9.15196680641726e-23	1.00985062375785e-17	0.412854247104081	FALSE	2329	220	original_panel	fibrillar_other	1.52955016176455e-22
BGN	expr	TRUE	Pericytes - (Transitional Club-AT2)	3.17471501910072	0.0746624636772554	2177.96259479881	-42.5208982230229	8.51583482101217e-288	1.00985062375785e-17	0.412854247104081	FALSE	2329	220	original_panel	fibrillar_other	4.57016468727653e-286
BGN	expr	TRUE	Pericytes - Vascular smooth muscle	0.601750948637544	0.0755619359321147	2138.3870037988	-7.96367828873734	2.82144928377273e-15	1.00985062375785e-17	0.412854247104081	FALSE	2329	220	original_panel	fibrillar_other	4.32622223511819e-15
COL5A2	expr	TRUE	Pericytes - AT1	2.37822032105319	0.0798073833949849	2154.5240481831	-29.7995025007002	4.58016323239461e-163	9.87073500094997e-18	0.463917106276389	FALSE	2329	220	fibrillar_expansion	fibrillar_minor	1.92366855760574e-162
COL5A2	expr	TRUE	Pericytes - AT2_AGTR2det	2.41751233845836	0.0908741571097381	2146.38337235175	-26.6028584511547	7.84934429249356e-135	9.87073500094997e-18	0.463917106276389	FALSE	2329	220	fibrillar_expansion	fibrillar_minor	2.27360317437744e-134
COL5A2	expr	TRUE	Pericytes - AT2_AGTR2undet	2.37124290501299	0.0805521569641535	2205.06913648411	-29.4373607657485	1.88711877280278e-160	9.87073500094997e-18	0.463917106276389	FALSE	2329	220	fibrillar_expansion	fibrillar_minor	7.20536258706517e-160
COL5A2	expr	TRUE	Pericytes - Adventitial fibroblasts	0.149373327167633	0.0841180844797514	2192.99567295851	-1.77575759233544	0.0797070995818393	9.87073500094997e-18	0.463917106276389	FALSE	2329	220	fibrillar_expansion	fibrillar_minor	0.145552094888576
COL5A2	expr	TRUE	Pericytes - Alveolar fibroblasts	-0.186069855749401	0.0821259595505079	2142.24049129637	2.26566431330361	0.0260525654935437	9.87073500094997e-18	0.463917106276389	FALSE	2329	220	fibrillar_expansion	fibrillar_minor	0.0497367159422198
COL5A2	expr	TRUE	Pericytes - Alveolar macrophages	2.31587054712489	0.0801486825641669	2202.10573361034	-28.8946801498678	1.45465069300144e-155	9.87073500094997e-18	0.463917106276389	FALSE	2329	220	fibrillar_expansion	fibrillar_minor	5.09127742550506e-155
COL5A2	expr	TRUE	Pericytes - Classical monocytes	2.34118756853501	0.0767653065722446	2164.06563777044	-30.4979902129577	2.11400209169624e-169	9.87073500094997e-18	0.463917106276389	FALSE	2329	220	fibrillar_expansion	fibrillar_minor	9.86534309458244e-169
COL5A2	expr	TRUE	Pericytes - DC2	2.36269374419785	0.0772588912753441	2180.24101040166	-30.5815124343089	3.35131019717132e-170	9.87073500094997e-18	0.463917106276389	FALSE	2329	220	fibrillar_expansion	fibrillar_minor	1.65594150919054e-169
COL5A2	expr	TRUE	Pericytes - EC aerocyte capillary	2.337046425726	0.0854319378613433	2130.91467587939	-27.3556527480279	3.1898797733795e-141	9.87073500094997e-18	0.463917106276389	FALSE	2329	220	fibrillar_expansion	fibrillar_minor	9.92407040606956e-141
COL5A2	expr	TRUE	Pericytes - EC general capillary	2.36458839082446	0.0798882244006286	2139.95506070007	-29.5987100547682	3.86848872038757e-161	9.87073500094997e-18	0.463917106276389	FALSE	2329	220	fibrillar_expansion	fibrillar_minor	1.54739548815503e-160
COL5A2	expr	TRUE	Pericytes - EC venous pulmonary	2.22233373684146	0.0830248644516546	2156.83924637792	-26.767086601334	2.57166070120499e-136	9.87073500094997e-18	0.463917106276389	FALSE	2329	220	fibrillar_expansion	fibrillar_minor	7.71498210361496e-136
COL5A2	expr	TRUE	Pericytes - EC venous systemic	2.33508650724305	0.0852359320546882	2170.63441741153	-27.3955648862364	6.89328626449253e-142	9.87073500094997e-18	0.463917106276389	FALSE	2329	220	fibrillar_expansion	fibrillar_minor	2.22706171622066e-141
COL5A2	expr	TRUE	Pericytes - Interstitial macrophages	2.39507362806521	0.078227476105223	2211.09908867302	-30.6167825847227	1.317130082798e-170	9.87073500094997e-18	0.463917106276389	FALSE	2329	220	fibrillar_expansion	fibrillar_minor	6.91493293468948e-170
COL5A2	expr	TRUE	Pericytes - Lymphatic EC	2.01738860125909	0.0807767087825037	2160.20597882665	-24.9748799086509	5.17473506457302e-121	9.87073500094997e-18	0.463917106276389	FALSE	2329	220	fibrillar_expansion	fibrillar_minor	1.44892581808045e-120
COL5A2	expr	TRUE	Pericytes - Mast cells	2.33817917375162	0.0794738003165818	2164.00261585318	-29.4207545686445	6.56663394751701e-160	9.87073500094997e-18	0.463917106276389	FALSE	2329	220	fibrillar_expansion	fibrillar_minor	2.39824891996273e-159
COL5A2	expr	TRUE	Pericytes - Myofibroblasts	0.0457972371972812	0.105582729565414	2134.35946784066	-0.433756897418602	0.664508821741867	9.87073500094997e-18	0.463917106276389	FALSE	2329	220	fibrillar_expansion	fibrillar_minor	0.829631901582292
COL5A2	expr	TRUE	Pericytes - (Non-classical monocytes)	2.38941652140159	0.0791928980316929	2186.37689071314	-30.1721060952379	8.92754444176281e-167	9.87073500094997e-18	0.463917106276389	FALSE	2329	220	fibrillar_expansion	fibrillar_minor	3.94691438477935e-166
COL5A2	expr	TRUE	Pericytes - Peribronchial fibroblasts	-0.484869028433278	0.0925164267860731	2169.5323484323	5.2408966199532	2.16508747553735e-07	9.87073500094997e-18	0.463917106276389	FALSE	2329	220	fibrillar_expansion	fibrillar_minor	4.43578897427165e-07
COL5A2	expr	TRUE	Pericytes - Subpleural fibroblasts	0.676267301887476	0.181982133888512	2188.15714385054	-3.7161192004803	0.000241943506229314	9.87073500094997e-18	0.463917106276389	FALSE	2329	220	fibrillar_expansion	fibrillar_minor	0.000483887012458629
COL5A2	expr	TRUE	Pericytes - (Transitional Club-AT2)	2.40187621936343	0.083524408574958	2183.20651722681	-28.7565785899327	3.66146832759729e-154	9.87073500094997e-18	0.463917106276389	FALSE	2329	220	fibrillar_expansion	fibrillar_minor	1.23025335807269e-153
COL5A2	expr	TRUE	Pericytes - Vascular smooth muscle	1.1240536549657	0.0848327314733296	2146.89639900332	-13.2502353212462	1.84883631490574e-38	9.87073500094997e-18	0.463917106276389	FALSE	2329	220	fibrillar_expansion	fibrillar_minor	4.31395140144673e-38
COL5A3	expr	TRUE	Pericytes - AT1	3.91343354692902	0.112937731734339	2212.89845485205	-34.6512497358678	4.38188483238842e-210	1.23301303424326e-17	0.661029324881427	FALSE	2329	220	fibrillar_expansion	fibrillar_minor	5.25826179886611e-209
COL5A3	expr	TRUE	Pericytes - AT2_AGTR2det	3.97383118259273	0.126517914049364	2186.15198689077	-31.4092372803604	6.74518100459237e-179	1.23301303424326e-17	0.661029324881427	FALSE	2329	220	fibrillar_expansion	fibrillar_minor	3.77730136257173e-178
COL5A3	expr	TRUE	Pericytes - AT2_AGTR2undet	3.9238201798987	0.112775901251442	2241.76198582235	-34.7930731331533	6.43496951977744e-212	1.23301303424326e-17	0.661029324881427	FALSE	2329	220	fibrillar_expansion	fibrillar_minor	9.00895732768842e-211
COL5A3	expr	TRUE	Pericytes - Adventitial fibroblasts	2.75325537880832	0.118433119630171	2234.02111225013	-23.2473432043828	3.53052870337796e-107	1.23301303424326e-17	0.661029324881427	FALSE	2329	220	fibrillar_expansion	fibrillar_minor	8.98680033587117e-107
COL5A3	expr	TRUE	Pericytes - Alveolar fibroblasts	2.20765960682131	0.11639983000826	2199.11881818822	-18.9661755233203	2.26561353709226e-74	1.23301303424326e-17	0.661029324881427	FALSE	2329	220	fibrillar_expansion	fibrillar_minor	5.59739815046322e-74
COL5A3	expr	TRUE	Pericytes - Alveolar macrophages	3.83953320749958	0.111338211918598	2219.78294196232	-34.4853140834232	1.20862912186242e-208	1.23301303424326e-17	0.661029324881427	FALSE	2329	220	fibrillar_expansion	fibrillar_minor	1.26906057795555e-207
COL5A3	expr	TRUE	Pericytes - Classical monocytes	3.9133887641419	0.108393882039337	2207.37822189731	-36.1034099943178	1.08525352817363e-223	1.23301303424326e-17	0.661029324881427	FALSE	2329	220	fibrillar_expansion	fibrillar_minor	4.55806481832924e-222
COL5A3	expr	TRUE	Pericytes - DC2	3.90208058858111	0.108074442861474	2210.99480334975	-36.1054888210958	1.08525352817363e-223	1.23301303424326e-17	0.661029324881427	FALSE	2329	220	fibrillar_expansion	fibrillar_minor	4.55806481832924e-222
COL5A3	expr	TRUE	Pericytes - EC aerocyte capillary	3.93274649905938	0.121285488200289	2178.55226068509	-32.4255321672524	2.25492021942098e-188	1.23301303424326e-17	0.661029324881427	FALSE	2329	220	fibrillar_expansion	fibrillar_minor	1.35295213165259e-187
COL5A3	expr	TRUE	Pericytes - EC general capillary	3.90197598431651	0.113238072332124	2194.8608436561	-34.4581632657267	5.41361654624341e-208	1.23301303424326e-17	0.661029324881427	FALSE	2329	220	fibrillar_expansion	fibrillar_minor	5.05270877649385e-207
COL5A3	expr	TRUE	Pericytes - EC venous pulmonary	3.94410718629775	0.117448516132928	2217.08389039288	-33.5815837965447	5.42574794245511e-200	1.23301303424326e-17	0.661029324881427	FALSE	2329	220	fibrillar_expansion	fibrillar_minor	3.79802355971858e-199
COL5A3	expr	TRUE	Pericytes - EC venous systemic	3.9355587326518	0.120124324618931	2204.60620980589	-32.7623796856841	6.03943435629116e-192	1.23301303424326e-17	0.661029324881427	FALSE	2329	220	fibrillar_expansion	fibrillar_minor	3.90240373791121e-191
COL5A3	expr	TRUE	Pericytes - Interstitial macrophages	3.87969704611743	0.109624651166435	2244.17009429029	-35.3907356131714	1.5175409727996e-217	1.23301303424326e-17	0.661029324881427	FALSE	2329	220	fibrillar_expansion	fibrillar_minor	4.24911472383888e-216
COL5A3	expr	TRUE	Pericytes - Lymphatic EC	3.92869586661448	0.114243777057231	2211.46117674039	-34.3887077949671	1.18091636094082e-207	1.23301303424326e-17	0.661029324881427	FALSE	2329	220	fibrillar_expansion	fibrillar_minor	9.91969743190286e-207
COL5A3	expr	TRUE	Pericytes - Mast cells	3.91831024714084	0.112215857088531	2216.16745375834	-34.9176163583508	1.33273518848143e-212	1.23301303424326e-17	0.661029324881427	FALSE	2329	220	fibrillar_expansion	fibrillar_minor	2.23899511664879e-211
COL5A3	expr	TRUE	Pericytes - Myofibroblasts	3.53294334359153	0.14979411475562	2192.43398812437	-23.5853280975379	1.04627686008144e-109	1.23301303424326e-17	0.661029324881427	FALSE	2329	220	fibrillar_expansion	fibrillar_minor	2.74647675771378e-109
COL5A3	expr	TRUE	Pericytes - (Non-classical monocytes)	3.90952232358148	0.111493682865415	2230.3940582219	-35.0649671183676	3.29451778776628e-214	1.23301303424326e-17	0.661029324881427	FALSE	2329	220	fibrillar_expansion	fibrillar_minor	6.91848735430918e-213
COL5A3	expr	TRUE	Pericytes - Peribronchial fibroblasts	2.19948754544651	0.130361153750854	2206.95903775523	-16.8722620363591	3.79109959299353e-60	1.23301303424326e-17	0.661029324881427	FALSE	2329	220	fibrillar_expansion	fibrillar_minor	9.09863902318448e-60
COL5A3	expr	TRUE	Pericytes - Subpleural fibroblasts	2.83041966672297	0.25596100711193	2272.96938239849	-11.0580111348181	1.00702748337417e-27	1.23301303424326e-17	0.661029324881427	FALSE	2329	220	fibrillar_expansion	fibrillar_minor	2.28622455684946e-27
COL5A3	expr	TRUE	Pericytes - (Transitional Club-AT2)	3.948027909202	0.116413825464346	2225.39552299367	-33.9137374229763	2.60442054573567e-203	1.23301303424326e-17	0.661029324881427	FALSE	2329	220	fibrillar_expansion	fibrillar_minor	1.98883023492542e-202
COL5A3	expr	TRUE	Pericytes - Vascular smooth muscle	2.84319784223396	0.120129966182364	2199.39572149328	-23.6676820329561	2.1620934359113e-110	1.23301303424326e-17	0.661029324881427	FALSE	2329	220	fibrillar_expansion	fibrillar_minor	5.85857576182416e-110
COL11A1	expr	TRUE	Pericytes - AT1	-0.185066034856906	0.152263544955144	2223.05839493359	1.21543232762264	0.474530394401908	1.1874820819319e-17	0.892445404099494	FALSE	2329	220	fibrillar_expansion	fibrillar_minor	0.687250916030349
COL11A1	expr	TRUE	Pericytes - AT2_AGTR2det	-1.03640522210923	0.170217905888884	2193.71874079803	6.08869681892214	1.40708850834587e-08	1.1874820819319e-17	0.892445404099494	FALSE	2329	220	fibrillar_expansion	fibrillar_minor	3.03065217182186e-08
COL11A1	expr	TRUE	Pericytes - AT2_AGTR2undet	-1.40193647435272	0.151839494188793	2247.28330447045	9.233015967569	1.23846189451297e-18	1.1874820819319e-17	0.892445404099494	FALSE	2329	220	fibrillar_expansion	fibrillar_minor	2.7376526089234e-18
COL11A1	expr	TRUE	Pericytes - Adventitial fibroblasts	-0.271036141336638	0.1595766053696	2240.8846124358	1.698470403659	0.372591441040589	1.1874820819319e-17	0.892445404099494	FALSE	2329	220	fibrillar_expansion	fibrillar_minor	0.63872818464101
COL11A1	expr	TRUE	Pericytes - Alveolar fibroblasts	-0.175550393386041	0.156972755840297	2210.00244603819	1.11834943870543	0.474530394401908	1.1874820819319e-17	0.892445404099494	FALSE	2329	220	fibrillar_expansion	fibrillar_minor	0.687250916030349
COL11A1	expr	TRUE	Pericytes - Alveolar macrophages	-0.241802336286238	0.14972364159422	2220.70292702459	1.61499101752794	0.372591441040589	1.1874820819319e-17	0.892445404099494	FALSE	2329	220	fibrillar_expansion	fibrillar_minor	0.63872818464101
COL11A1	expr	TRUE	Pericytes - Classical monocytes	-0.11903603594657	0.146078057631163	2212.2453923547	0.814879646381441	0.544987955443732	1.1874820819319e-17	0.892445404099494	FALSE	2329	220	fibrillar_expansion	fibrillar_minor	0.775915055208025
COL11A1	expr	TRUE	Pericytes - DC2	-0.211064025403813	0.145470148855606	2214.13100045679	1.45090953067846	0.440840123617978	1.1874820819319e-17	0.892445404099494	FALSE	2329	220	fibrillar_expansion	fibrillar_minor	0.687250916030349
COL11A1	expr	TRUE	Pericytes - EC aerocyte capillary	-0.0661692355979866	0.163618551193838	2187.79585933044	0.404411572619269	0.735162221170321	1.1874820819319e-17	0.892445404099494	FALSE	2329	220	fibrillar_expansion	fibrillar_minor	0.829631901582292
COL11A1	expr	TRUE	Pericytes - EC general capillary	-0.149226584363014	0.152702568352065	2204.14540335923	0.977236898982362	0.474530394401908	1.1874820819319e-17	0.892445404099494	FALSE	2329	220	fibrillar_expansion	fibrillar_minor	0.687250916030349
COL11A1	expr	TRUE	Pericytes - EC venous pulmonary	-0.0535642947919034	0.158329491103318	2226.77853248817	0.338309018860865	0.735162221170321	1.1874820819319e-17	0.892445404099494	FALSE	2329	220	fibrillar_expansion	fibrillar_minor	0.829631901582292
COL11A1	expr	TRUE	Pericytes - EC venous systemic	-0.121085985035921	0.161856730613284	2209.3047676708	0.748105961223361	0.561411370910995	1.1874820819319e-17	0.892445404099494	FALSE	2329	220	fibrillar_expansion	fibrillar_minor	0.785975919275392
COL11A1	expr	TRUE	Pericytes - Interstitial macrophages	-0.145417949666165	0.147595680558803	2247.77002097547	0.985245293870435	0.474530394401908	1.1874820819319e-17	0.892445404099494	FALSE	2329	220	fibrillar_expansion	fibrillar_minor	0.687250916030349
COL11A1	expr	TRUE	Pericytes - Lymphatic EC	-0.147304630226863	0.154012225511622	2219.61940539652	0.956447643929066	0.474530394401908	1.1874820819319e-17	0.892445404099494	FALSE	2329	220	fibrillar_expansion	fibrillar_minor	0.687250916030349
COL11A1	expr	TRUE	Pericytes - Mast cells	-0.149220010980639	0.151229183782018	2223.79104425494	0.986714384412238	0.474530394401908	1.1874820819319e-17	0.892445404099494	FALSE	2329	220	fibrillar_expansion	fibrillar_minor	0.687250916030349
COL11A1	expr	TRUE	Pericytes - Myofibroblasts	-0.521692218911167	0.202035220166704	2204.74437236691	2.58218452446413	0.0518787364047124	1.1874820819319e-17	0.892445404099494	FALSE	2329	220	fibrillar_expansion	fibrillar_minor	0.0968403079554631
COL11A1	expr	TRUE	Pericytes - (Non-classical monocytes)	-0.150677836711681	0.150205058345543	2236.51159557493	1.00314755289433	0.474530394401908	1.1874820819319e-17	0.892445404099494	FALSE	2329	220	fibrillar_expansion	fibrillar_minor	0.687250916030349
COL11A1	expr	TRUE	Pericytes - Peribronchial fibroblasts	-1.03974678120789	0.175650207753963	2213.82963530231	5.91941674594707	2.61439540697782e-08	1.1874820819319e-17	0.892445404099494	FALSE	2329	220	fibrillar_expansion	fibrillar_minor	5.49023035465343e-08
COL11A1	expr	TRUE	Pericytes - Subpleural fibroblasts	-0.123036352908091	0.344598419248647	2286.1670431845	0.357042708368647	0.735162221170321	1.1874820819319e-17	0.892445404099494	FALSE	2329	220	fibrillar_expansion	fibrillar_minor	0.829631901582292
COL11A1	expr	TRUE	Pericytes - (Transitional Club-AT2)	-0.0940832352433176	0.156635228847364	2231.66381362102	0.600651819744834	0.639488394594382	1.1874820819319e-17	0.892445404099494	FALSE	2329	220	fibrillar_expansion	fibrillar_minor	0.826415771475817
COL11A1	expr	TRUE	Pericytes - Vascular smooth muscle	-0.21463956470645	0.161979334666461	2208.50694149126	1.32510461997158	0.474530394401908	1.1874820819319e-17	0.892445404099494	FALSE	2329	220	fibrillar_expansion	fibrillar_minor	0.687250916030349
COL11A2	expr	TRUE	Pericytes - AT1	-0.00233260145600477	0.1641649934113	2246.46059102061	0.0142088846564302	0.988664593486167	1.92615245119256e-17	0.965903285344703	FALSE	2329	220	fibrillar_expansion	fibrillar_minor	0.988664593486167
COL11A2	expr	TRUE	Pericytes - AT2_AGTR2det	0.137721276782075	0.182689740408314	2209.74230097027	-0.753853371701475	0.81975533132536	1.92615245119256e-17	0.965903285344703	FALSE	2329	220	fibrillar_expansion	fibrillar_minor	0.829631901582292
COL11A2	expr	TRUE	Pericytes - AT2_AGTR2undet	0.0814680678458383	0.163220131616234	2257.66582125201	-0.499130021763416	0.81975533132536	1.92615245119256e-17	0.965903285344703	FALSE	2329	220	fibrillar_expansion	fibrillar_minor	0.829631901582292
COL11A2	expr	TRUE	Pericytes - Adventitial fibroblasts	-0.24040094666508	0.17183052318532	2256.270645064	1.39905845718579	0.607085681109054	1.92615245119256e-17	0.965903285344703	FALSE	2329	220	fibrillar_expansion	fibrillar_minor	0.796799956455633
COL11A2	expr	TRUE	Pericytes - Alveolar fibroblasts	0.0591385491013415	0.169354417909967	2237.08387052521	-0.349199919501249	0.81975533132536	1.92615245119256e-17	0.965903285344703	FALSE	2329	220	fibrillar_expansion	fibrillar_minor	0.829631901582292
COL11A2	expr	TRUE	Pericytes - Alveolar macrophages	0.0805636778367603	0.160484940926457	2216.98592929726	-0.502001479837781	0.81975533132536	1.92615245119256e-17	0.965903285344703	FALSE	2329	220	fibrillar_expansion	fibrillar_minor	0.829631901582292
COL11A2	expr	TRUE	Pericytes - Classical monocytes	-0.0438016661974772	0.157324804000047	2218.06515010888	0.278415514170696	0.81975533132536	1.92615245119256e-17	0.965903285344703	FALSE	2329	220	fibrillar_expansion	fibrillar_minor	0.829631901582292
COL11A2	expr	TRUE	Pericytes - DC2	0.0470687837023361	0.156247498228636	2215.50329095879	-0.301245039030709	0.81975533132536	1.92615245119256e-17	0.965903285344703	FALSE	2329	220	fibrillar_expansion	fibrillar_minor	0.829631901582292
COL11A2	expr	TRUE	Pericytes - EC aerocyte capillary	-0.10431666093275	0.176700576030906	2211.87328462979	0.590358352394415	0.81975533132536	1.92615245119256e-17	0.965903285344703	FALSE	2329	220	fibrillar_expansion	fibrillar_minor	0.829631901582292
COL11A2	expr	TRUE	Pericytes - EC general capillary	-0.40439618659794	0.164719568750557	2224.95043338758	2.45505855597726	0.14870310913238	1.92615245119256e-17	0.965903285344703	FALSE	2329	220	fibrillar_expansion	fibrillar_minor	0.265767258874891
COL11A2	expr	TRUE	Pericytes - EC venous pulmonary	-0.270841764279729	0.170653961273571	2246.47643805949	1.587081613919	0.607085681109054	1.92615245119256e-17	0.965903285344703	FALSE	2329	220	fibrillar_expansion	fibrillar_minor	0.796799956455633
COL11A2	expr	TRUE	Pericytes - EC venous systemic	-0.599950255858051	0.174264992787776	2217.02084675561	3.44274685500768	0.0123169808809255	1.92615245119256e-17	0.965903285344703	FALSE	2329	220	fibrillar_expansion	fibrillar_minor	0.0240610789301801
COL11A2	expr	TRUE	Pericytes - Interstitial macrophages	0.0837957891908592	0.15863355763857	2251.54079584824	-0.528234948760207	0.81975533132536	1.92615245119256e-17	0.965903285344703	FALSE	2329	220	fibrillar_expansion	fibrillar_minor	0.829631901582292
COL11A2	expr	TRUE	Pericytes - Lymphatic EC	-0.131942062649811	0.166014861880092	2236.62871928705	0.794760548276149	0.81975533132536	1.92615245119256e-17	0.965903285344703	FALSE	2329	220	fibrillar_expansion	fibrillar_minor	0.829631901582292
COL11A2	expr	TRUE	Pericytes - Mast cells	0.13882372077338	0.162882672445184	2238.92724625954	-0.852292749679066	0.81975533132536	1.92615245119256e-17	0.965903285344703	FALSE	2329	220	fibrillar_expansion	fibrillar_minor	0.829631901582292
COL11A2	expr	TRUE	Pericytes - Myofibroblasts	-0.296872578961414	0.218027995872243	2237.35341395987	1.361625958968	0.607085681109054	1.92615245119256e-17	0.965903285344703	FALSE	2329	220	fibrillar_expansion	fibrillar_minor	0.796799956455633
COL11A2	expr	TRUE	Pericytes - (Non-classical monocytes)	0.104259791978386	0.161658764664934	2246.97788888284	-0.644937453249023	0.81975533132536	1.92615245119256e-17	0.965903285344703	FALSE	2329	220	fibrillar_expansion	fibrillar_minor	0.829631901582292
COL11A2	expr	TRUE	Pericytes - Peribronchial fibroblasts	-0.0616857280224028	0.18913328636927	2231.61164065998	0.326149506554682	0.81975533132536	1.92615245119256e-17	0.965903285344703	FALSE	2329	220	fibrillar_expansion	fibrillar_minor	0.829631901582292
COL11A2	expr	TRUE	Pericytes - Subpleural fibroblasts	0.162863740861382	0.369937730122225	2305.77184913984	-0.440246364726228	0.81975533132536	1.92615245119256e-17	0.965903285344703	FALSE	2329	220	fibrillar_expansion	fibrillar_minor	0.829631901582292
COL11A2	expr	TRUE	Pericytes - (Transitional Club-AT2)	-0.104154741637685	0.168124346959646	2242.56104884759	0.619510163288156	0.81975533132536	1.92615245119256e-17	0.965903285344703	FALSE	2329	220	fibrillar_expansion	fibrillar_minor	0.829631901582292
COL11A2	expr	TRUE	Pericytes - Vascular smooth muscle	-0.244735534558325	0.174700672798491	2230.68230086399	1.40088490008631	0.607085681109054	1.92615245119256e-17	0.965903285344703	FALSE	2329	220	fibrillar_expansion	fibrillar_minor	0.796799956455633
SFTPC	expr	TRUE	Pericytes - AT1	-0.186311920916785	0.0778447271959347	2109.01993192674	2.39337881482762	0.0587332750137297	5.14673732928221e-17	0.450121584158145	FALSE	2329	220	ambient_tracer	ambient_tracer	0.256958078185068
SFTPC	expr	TRUE	Pericytes - AT2_AGTR2det	-2.56791468039538	0.0909335869055382	2167.28337140941	28.2394521956219	1.21901690879789e-148	5.14673732928221e-17	0.450121584158145	FALSE	2329	220	ambient_tracer	ambient_tracer	1.06663979519815e-147
SFTPC	expr	TRUE	Pericytes - AT2_AGTR2undet	-2.59698809313994	0.0799639360738085	2171.87256251636	32.4769917621722	1.28791733558085e-187	5.14673732928221e-17	0.450121584158145	FALSE	2329	220	ambient_tracer	ambient_tracer	2.25385533726648e-186
SFTPC	expr	TRUE	Pericytes - Adventitial fibroblasts	-0.0344421058531761	0.0827989419321046	2148.2163071868	0.415972777543688	0.889181309137888	5.14673732928221e-17	0.450121584158145	FALSE	2329	220	ambient_tracer	ambient_tracer	0.984578029306262
SFTPC	expr	TRUE	Pericytes - Alveolar fibroblasts	-0.0501124498075511	0.0799894267766481	2103.57138126314	0.626488422619636	0.743487647702104	5.14673732928221e-17	0.450121584158145	FALSE	2329	220	ambient_tracer	ambient_tracer	0.984578029306262
SFTPC	expr	TRUE	Pericytes - Alveolar macrophages	-0.131029976883254	0.0802624600787027	2186.45551745597	1.63251882330507	0.239666535546754	5.14673732928221e-17	0.450121584158145	FALSE	2329	220	ambient_tracer	ambient_tracer	0.83429085643391
SFTPC	expr	TRUE	Pericytes - Classical monocytes	-0.0472119759508354	0.0750324672146401	2116.84410606275	0.629220625463099	0.743487647702104	5.14673732928221e-17	0.450121584158145	FALSE	2329	220	ambient_tracer	ambient_tracer	0.984578029306262
SFTPC	expr	TRUE	Pericytes - DC2	-0.0962867803937908	0.0765967250443406	2157.0805259672	1.25706132133002	0.398747090996695	5.14673732928221e-17	0.450121584158145	FALSE	2329	220	ambient_tracer	ambient_tracer	0.984578029306262
SFTPC	expr	TRUE	Pericytes - EC aerocyte capillary	0.00874876941661726	0.0830956442119056	2098.19261590388	-0.105285535717211	0.972427639967386	5.14673732928221e-17	0.450121584158145	FALSE	2329	220	ambient_tracer	ambient_tracer	0.984578029306262
SFTPC	expr	TRUE	Pericytes - EC general capillary	-0.170447734822512	0.0777513332809567	2100.12461189517	2.19221623128434	0.0747424105830148	5.14673732928221e-17	0.450121584158145	FALSE	2329	220	ambient_tracer	ambient_tracer	0.301844350431406
SFTPC	expr	TRUE	Pericytes - EC venous pulmonary	-0.0860784712595993	0.0809990069326631	2110.18139795962	1.06271020496781	0.498791863538217	5.14673732928221e-17	0.450121584158145	FALSE	2329	220	ambient_tracer	ambient_tracer	0.984578029306262
SFTPC	expr	TRUE	Pericytes - EC venous systemic	0.0134285176963671	0.0836440503348113	2134.07145964541	-0.160543608811568	0.972427639967386	5.14673732928221e-17	0.450121584158145	FALSE	2329	220	ambient_tracer	ambient_tracer	0.984578029306262
SFTPC	expr	TRUE	Pericytes - Interstitial macrophages	-0.0126305867376736	0.0773507326872982	2161.10250349719	0.163289813798333	0.972427639967386	5.14673732928221e-17	0.450121584158145	FALSE	2329	220	ambient_tracer	ambient_tracer	0.984578029306262
SFTPC	expr	TRUE	Pericytes - Lymphatic EC	-0.00731599759698104	0.0788900387418202	2116.04514693457	0.0927366460159029	0.972427639967386	5.14673732928221e-17	0.450121584158145	FALSE	2329	220	ambient_tracer	ambient_tracer	0.984578029306262
SFTPC	expr	TRUE	Pericytes - Mast cells	-0.0790447072316066	0.0776440862288158	2114.06934468927	1.01803899138774	0.498791863538217	5.14673732928221e-17	0.450121584158145	FALSE	2329	220	ambient_tracer	ambient_tracer	0.984578029306262
SFTPC	expr	TRUE	Pericytes - Myofibroblasts	0.295794192512759	0.102729056607801	2099.97198812526	-2.87936249275647	0.0211320177273783	5.14673732928221e-17	0.450121584158145	FALSE	2329	220	ambient_tracer	ambient_tracer	0.116782203230249
SFTPC	expr	TRUE	Pericytes - (Non-classical monocytes)	-0.00217352175267895	0.0778130726040655	2138.8598554589	0.0279326041234541	0.977718510124433	5.14673732928221e-17	0.450121584158145	FALSE	2329	220	ambient_tracer	ambient_tracer	0.984578029306262
SFTPC	expr	TRUE	Pericytes - Peribronchial fibroblasts	0.209603471630633	0.0907596469951413	2130.10703547639	-2.3094346283856	0.0630441188298415	5.14673732928221e-17	0.450121584158145	FALSE	2329	220	ambient_tracer	ambient_tracer	0.264785299085334
SFTPC	expr	TRUE	Pericytes - Subpleural fibroblasts	0.44887170420949	0.178261873735344	2124.9539983043	-2.51804659517888	0.0498696155428399	5.14673732928221e-17	0.450121584158145	FALSE	2329	220	ambient_tracer	ambient_tracer	0.238014074181736
SFTPC	expr	TRUE	Pericytes - (Transitional Club-AT2)	-0.384774541720436	0.083343167362252	2171.23558179995	4.61674968564621	2.8879631352264e-05	5.14673732928221e-17	0.450121584158145	FALSE	2329	220	ambient_tracer	ambient_tracer	0.000178374193646337
SFTPC	expr	TRUE	Pericytes - Vascular smooth muscle	-0.108604274289275	0.0826649711638889	2104.43095870189	1.31378832848027	0.397027358450515	5.14673732928221e-17	0.450121584158145	FALSE	2329	220	ambient_tracer	ambient_tracer	0.984578029306262
SFTPB	expr	TRUE	Pericytes - AT1	-1.57791350722642	0.0688159649205183	2127.03136776137	22.9294686058518	1.93417302967081e-103	1.60883769308952e-16	0.398773967703716	FALSE	2329	220	ambient_tracer	ambient_tracer	1.45062977225311e-102
SFTPB	expr	TRUE	Pericytes - AT2_AGTR2det	-2.31972881632102	0.0794016319682883	2149.82925965461	29.2151276846234	1.87623440736427e-157	1.60883769308952e-16	0.398773967703716	FALSE	2329	220	ambient_tracer	ambient_tracer	2.18894014192498e-156
SFTPB	expr	TRUE	Pericytes - AT2_AGTR2undet	-2.40495080530078	0.0700834864019051	2187.38475079672	34.3155132367303	1.60098096496385e-205	1.60883769308952e-16	0.398773967703716	FALSE	2329	220	ambient_tracer	ambient_tracer	4.20257503303011e-204
SFTPB	expr	TRUE	Pericytes - Adventitial fibroblasts	0.039857738175675	0.0728654733826063	2170.1908635196	-0.547004449780867	0.847948809723572	1.60883769308952e-16	0.398773967703716	FALSE	2329	220	ambient_tracer	ambient_tracer	0.984578029306262
SFTPB	expr	TRUE	Pericytes - Alveolar fibroblasts	-0.0292122371241869	0.0707550135957973	2118.22334520233	0.412864553896744	0.847948809723572	1.60883769308952e-16	0.398773967703716	FALSE	2329	220	ambient_tracer	ambient_tracer	0.984578029306262
SFTPB	expr	TRUE	Pericytes - Alveolar macrophages	-0.0244846402911065	0.0700737636472779	2194.68003383509	0.349412376568668	0.847948809723572	1.60883769308952e-16	0.398773967703716	FALSE	2329	220	ambient_tracer	ambient_tracer	0.984578029306262
SFTPB	expr	TRUE	Pericytes - Classical monocytes	0.0248968485006883	0.0662715522266046	2137.09417411176	-0.375679272088839	0.847948809723572	1.60883769308952e-16	0.398773967703716	FALSE	2329	220	ambient_tracer	ambient_tracer	0.984578029306262
SFTPB	expr	TRUE	Pericytes - DC2	0.00586472433288642	0.0671936199511635	2166.22317202151	-0.0872809700853878	0.930456246976112	1.60883769308952e-16	0.398773967703716	FALSE	2329	220	ambient_tracer	ambient_tracer	0.984578029306262
SFTPB	expr	TRUE	Pericytes - EC aerocyte capillary	0.0159137286762054	0.0735463893930244	2110.36686201393	-0.216376749525582	0.915948158925641	1.60883769308952e-16	0.398773967703716	FALSE	2329	220	ambient_tracer	ambient_tracer	0.984578029306262
SFTPB	expr	TRUE	Pericytes - EC general capillary	-0.0394891996466042	0.0688041255009956	2114.79301727217	0.573936509752351	0.847948809723572	1.60883769308952e-16	0.398773967703716	FALSE	2329	220	ambient_tracer	ambient_tracer	0.984578029306262
SFTPB	expr	TRUE	Pericytes - EC venous pulmonary	-0.0279495446517468	0.0715984844284508	2128.44548473188	0.390365031814006	0.847948809723572	1.60883769308952e-16	0.398773967703716	FALSE	2329	220	ambient_tracer	ambient_tracer	0.984578029306262
SFTPB	expr	TRUE	Pericytes - EC venous systemic	0.0719351517080313	0.0737262611400329	2151.59514560443	-0.975705950575744	0.847948809723572	1.60883769308952e-16	0.398773967703716	FALSE	2329	220	ambient_tracer	ambient_tracer	0.984578029306262
SFTPB	expr	TRUE	Pericytes - Interstitial macrophages	0.0104847063520034	0.0679427568343335	2186.87460688433	-0.154316763706962	0.92124293056322	1.60883769308952e-16	0.398773967703716	FALSE	2329	220	ambient_tracer	ambient_tracer	0.984578029306262
SFTPB	expr	TRUE	Pericytes - Lymphatic EC	0.0400399086702619	0.0696935265254516	2134.4917880094	-0.574514028295578	0.847948809723572	1.60883769308952e-16	0.398773967703716	FALSE	2329	220	ambient_tracer	ambient_tracer	0.984578029306262
SFTPB	expr	TRUE	Pericytes - Mast cells	0.0412971272166577	0.0685988781564836	2134.92348525067	-0.602008783911206	0.847948809723572	1.60883769308952e-16	0.398773967703716	FALSE	2329	220	ambient_tracer	ambient_tracer	0.984578029306262
SFTPB	expr	TRUE	Pericytes - Myofibroblasts	0.0915493306747233	0.0909108703335813	2112.51325890613	-1.00702292628813	0.847948809723572	1.60883769308952e-16	0.398773967703716	FALSE	2329	220	ambient_tracer	ambient_tracer	0.984578029306262
SFTPB	expr	TRUE	Pericytes - (Non-classical monocytes)	0.0563068544474689	0.0685482102381418	2160.90433440665	-0.821419760659754	0.847948809723572	1.60883769308952e-16	0.398773967703716	FALSE	2329	220	ambient_tracer	ambient_tracer	0.984578029306262
SFTPB	expr	TRUE	Pericytes - Peribronchial fibroblasts	0.199123900588904	0.0800209179518579	2148.95840382226	-2.48839810496427	0.0542103046498369	1.60883769308952e-16	0.398773967703716	FALSE	2329	220	ambient_tracer	ambient_tracer	0.247481825575342
SFTPB	expr	TRUE	Pericytes - Subpleural fibroblasts	-0.104915707838806	0.157310477503425	2149.98611542849	0.666934011668244	0.847948809723572	1.60883769308952e-16	0.398773967703716	FALSE	2329	220	ambient_tracer	ambient_tracer	0.984578029306262
SFTPB	expr	TRUE	Pericytes - (Transitional Club-AT2)	-2.31250470046363	0.0728826374450846	2172.57267704397	31.7291577463295	7.53020796958964e-181	1.60883769308952e-16	0.398773967703716	FALSE	2329	220	ambient_tracer	ambient_tracer	9.8833979600864e-180
SFTPB	expr	TRUE	Pericytes - Vascular smooth muscle	-0.0485462524531472	0.07311251844864	2121.0485614588	0.663993711107762	0.847948809723572	1.60883769308952e-16	0.398773967703716	FALSE	2329	220	ambient_tracer	ambient_tracer	0.984578029306262
SCGB1A1	expr	TRUE	Pericytes - AT1	-0.1960278065207	0.0890136669368697	2104.6600117497	2.20222144830553	0.116582609052602	4.32895760563014e-17	0.514425541016566	FALSE	2329	220	ambient_tracer	ambient_tracer	0.453376812982339
SCGB1A1	expr	TRUE	Pericytes - AT2_AGTR2det	-0.287354252117279	0.104340612542116	2168.59641605143	2.75400196640874	0.0338237660164287	4.32895760563014e-17	0.514425541016566	FALSE	2329	220	ambient_tracer	ambient_tracer	0.169118830082143
SCGB1A1	expr	TRUE	Pericytes - AT2_AGTR2undet	-0.318056704297665	0.0916621544347537	2164.82944273704	3.46988030402517	0.00557426081152319	4.32895760563014e-17	0.514425541016566	FALSE	2329	220	ambient_tracer	ambient_tracer	0.0325165214005519
SCGB1A1	expr	TRUE	Pericytes - Adventitial fibroblasts	-0.131379344179683	0.0948015552293908	2140.58385782358	1.38583532582124	0.387196945875769	4.32895760563014e-17	0.514425541016566	FALSE	2329	220	ambient_tracer	ambient_tracer	0.984578029306262
SCGB1A1	expr	TRUE	Pericytes - Alveolar fibroblasts	-0.111196000355876	0.0914525956575569	2100.167818062	1.21588676140203	0.470745891994189	4.32895760563014e-17	0.514425541016566	FALSE	2329	220	ambient_tracer	ambient_tracer	0.984578029306262
SCGB1A1	expr	TRUE	Pericytes - Alveolar macrophages	-0.251152325760468	0.0920986061362678	2179.98813144193	2.72699377652759	0.0338237660164287	4.32895760563014e-17	0.514425541016566	FALSE	2329	220	ambient_tracer	ambient_tracer	0.169118830082143
SCGB1A1	expr	TRUE	Pericytes - Classical monocytes	-0.0700730208442314	0.0858162372422574	2111.49327722103	0.816547346936417	0.629612581138173	4.32895760563014e-17	0.514425541016566	FALSE	2329	220	ambient_tracer	ambient_tracer	0.984578029306262
SCGB1A1	expr	TRUE	Pericytes - DC2	-0.136330477684846	0.0877718923944161	2152.44933294304	1.55323616667879	0.316348556119561	4.32895760563014e-17	0.514425541016566	FALSE	2329	220	ambient_tracer	ambient_tracer	0.949045668358682
SCGB1A1	expr	TRUE	Pericytes - EC aerocyte capillary	-0.0256293892773292	0.0949885641490759	2095.55981590846	0.269815524709967	0.826695182133645	4.32895760563014e-17	0.514425541016566	FALSE	2329	220	ambient_tracer	ambient_tracer	0.984578029306262
SCGB1A1	expr	TRUE	Pericytes - EC general capillary	-0.138441092966197	0.0888813740982348	2096.99993755649	1.55759397703716	0.316348556119561	4.32895760563014e-17	0.514425541016566	FALSE	2329	220	ambient_tracer	ambient_tracer	0.949045668358682
SCGB1A1	expr	TRUE	Pericytes - EC venous pulmonary	-0.074748440995312	0.0926219133218114	2105.72838988967	0.807027606259885	0.629612581138173	4.32895760563014e-17	0.514425541016566	FALSE	2329	220	ambient_tracer	ambient_tracer	0.984578029306262
SCGB1A1	expr	TRUE	Pericytes - EC venous systemic	0.110121432630045	0.0957242468648264	2128.05021868772	-1.15040270607247	0.477477572935852	4.32895760563014e-17	0.514425541016566	FALSE	2329	220	ambient_tracer	ambient_tracer	0.984578029306262
SCGB1A1	expr	TRUE	Pericytes - Interstitial macrophages	-0.0337466215732585	0.088604017563382	2151.87119215179	0.380870106133937	0.777372729500265	4.32895760563014e-17	0.514425541016566	FALSE	2329	220	ambient_tracer	ambient_tracer	0.984578029306262
SCGB1A1	expr	TRUE	Pericytes - Lymphatic EC	-0.0455961537946104	0.0902264545226773	2111.07968568947	0.505352382910605	0.749947323978641	4.32895760563014e-17	0.514425541016566	FALSE	2329	220	ambient_tracer	ambient_tracer	0.984578029306262
SCGB1A1	expr	TRUE	Pericytes - Mast cells	-0.159469259860972	0.0887938715118247	2108.81169986592	1.79594894496446	0.254260070532239	4.32895760563014e-17	0.514425541016566	FALSE	2329	220	ambient_tracer	ambient_tracer	0.83429085643391
SCGB1A1	expr	TRUE	Pericytes - Myofibroblasts	0.0544711012657153	0.117435629298214	2097.15907089675	-0.46383794757375	0.749947323978641	4.32895760563014e-17	0.514425541016566	FALSE	2329	220	ambient_tracer	ambient_tracer	0.984578029306262
SCGB1A1	expr	TRUE	Pericytes - (Non-classical monocytes)	-0.0615923394142413	0.0890634630161969	2131.82051871854	0.691555631550507	0.685008431135994	4.32895760563014e-17	0.514425541016566	FALSE	2329	220	ambient_tracer	ambient_tracer	0.984578029306262
SCGB1A1	expr	TRUE	Pericytes - Peribronchial fibroblasts	0.104079576894214	0.103854977414803	2124.04944393381	-1.00216262604838	0.553663612843488	4.32895760563014e-17	0.514425541016566	FALSE	2329	220	ambient_tracer	ambient_tracer	0.984578029306262
SCGB1A1	expr	TRUE	Pericytes - Subpleural fibroblasts	0.104488559980996	0.203927376018873	2118.44960864774	-0.512381231107126	0.749947323978641	4.32895760563014e-17	0.514425541016566	FALSE	2329	220	ambient_tracer	ambient_tracer	0.984578029306262
SCGB1A1	expr	TRUE	Pericytes - (Transitional Club-AT2)	-3.20379932157335	0.0955869524030718	2167.71877909721	33.5171196594232	1.74494585201692e-197	4.32895760563014e-17	0.514425541016566	FALSE	2329	220	ambient_tracer	ambient_tracer	3.66438628923554e-196
SCGB1A1	expr	TRUE	Pericytes - Vascular smooth muscle	-0.0182105895050057	0.0945126384653429	2100.61959994178	0.192678881900894	0.847229088912344	4.32895760563014e-17	0.514425541016566	FALSE	2329	220	ambient_tracer	ambient_tracer	0.984578029306262
SCGB3A2	expr	TRUE	Pericytes - AT1	-0.190675324443601	0.0903810741076402	2122.70879413965	2.10968199179083	0.147010633933739	1.92631788374587e-17	0.523473121285521	FALSE	2329	220	ambient_tracer	ambient_tracer	0.532279881484228
SCGB3A2	expr	TRUE	Pericytes - AT2_AGTR2det	-1.51102300781945	0.10456170235028	2153.55799229957	14.451017665699	2.10860056271307e-44	1.92631788374587e-17	0.523473121285521	FALSE	2329	220	ambient_tracer	ambient_tracer	1.38376911928045e-43
SCGB3A2	expr	TRUE	Pericytes - AT2_AGTR2undet	-1.5590983655193	0.0922149011106451	2184.50409959652	16.9072280807264	2.43320325692032e-59	1.92631788374587e-17	0.523473121285521	FALSE	2329	220	ambient_tracer	ambient_tracer	1.70324227984422e-58
SCGB3A2	expr	TRUE	Pericytes - Adventitial fibroblasts	0.0480499184726799	0.0957912536714665	2165.81051804538	-0.501610706938609	0.80848998527751	1.92631788374587e-17	0.523473121285521	FALSE	2329	220	ambient_tracer	ambient_tracer	0.984578029306262
SCGB3A2	expr	TRUE	Pericytes - Alveolar fibroblasts	0.0155836763374697	0.0929144229698385	2114.62321297363	-0.167720746030231	0.936815487947216	1.92631788374587e-17	0.523473121285521	FALSE	2329	220	ambient_tracer	ambient_tracer	0.984578029306262
SCGB3A2	expr	TRUE	Pericytes - Alveolar macrophages	-0.0908875524962903	0.0922829585709716	2193.74437427598	0.984879049216784	0.727262804888081	1.92631788374587e-17	0.523473121285521	FALSE	2329	220	ambient_tracer	ambient_tracer	0.984578029306262
SCGB3A2	expr	TRUE	Pericytes - Classical monocytes	-0.0443514949646402	0.0870572036102263	2132.46168041252	0.509452327037879	0.80848998527751	1.92631788374587e-17	0.523473121285521	FALSE	2329	220	ambient_tracer	ambient_tracer	0.984578029306262
SCGB3A2	expr	TRUE	Pericytes - DC2	-0.0175867900090032	0.0883988614227553	2164.44137244774	0.198948150756115	0.936815487947216	1.92631788374587e-17	0.523473121285521	FALSE	2329	220	ambient_tracer	ambient_tracer	0.984578029306262
SCGB3A2	expr	TRUE	Pericytes - EC aerocyte capillary	0.0541939958558923	0.0965670817937004	2107.30359413936	-0.561205690896498	0.80848998527751	1.92631788374587e-17	0.523473121285521	FALSE	2329	220	ambient_tracer	ambient_tracer	0.984578029306262
SCGB3A2	expr	TRUE	Pericytes - EC general capillary	-0.101992957575514	0.0903451155202283	2111.07169478636	1.12892608513714	0.711384798625218	1.92631788374587e-17	0.523473121285521	FALSE	2329	220	ambient_tracer	ambient_tracer	0.984578029306262
SCGB3A2	expr	TRUE	Pericytes - EC venous pulmonary	0.0122044647243376	0.0940373805523108	2124.05287104156	-0.129783120846806	0.936815487947216	1.92631788374587e-17	0.523473121285521	FALSE	2329	220	ambient_tracer	ambient_tracer	0.984578029306262
SCGB3A2	expr	TRUE	Pericytes - EC venous systemic	0.091268055917752	0.0968909600693361	2148.06870333577	-0.941966679372769	0.727262804888081	1.92631788374587e-17	0.523473121285521	FALSE	2329	220	ambient_tracer	ambient_tracer	0.984578029306262
SCGB3A2	expr	TRUE	Pericytes - Interstitial macrophages	0.0583031950733464	0.0893595555232024	2181.88142231922	-0.652456189290331	0.80848998527751	1.92631788374587e-17	0.523473121285521	FALSE	2329	220	ambient_tracer	ambient_tracer	0.984578029306262
SCGB3A2	expr	TRUE	Pericytes - Lymphatic EC	0.0652211512454114	0.0915461819253383	2130.26705767092	-0.712439884151623	0.80848998527751	1.92631788374587e-17	0.523473121285521	FALSE	2329	220	ambient_tracer	ambient_tracer	0.984578029306262
SCGB3A2	expr	TRUE	Pericytes - Mast cells	0.0106722272418393	0.0901096228027081	2130.05289443034	-0.118436043897396	0.936815487947216	1.92631788374587e-17	0.523473121285521	FALSE	2329	220	ambient_tracer	ambient_tracer	0.984578029306262
SCGB3A2	expr	TRUE	Pericytes - Myofibroblasts	0.269830095160204	0.119370624071418	2109.37037331386	-2.26043967901826	0.125451493095148	1.92631788374587e-17	0.523473121285521	FALSE	2329	220	ambient_tracer	ambient_tracer	0.470443099106804
SCGB3A2	expr	TRUE	Pericytes - (Non-classical monocytes)	0.0625110727235967	0.0900976889104519	2156.27672213105	-0.693814386135103	0.80848998527751	1.92631788374587e-17	0.523473121285521	FALSE	2329	220	ambient_tracer	ambient_tracer	0.984578029306262
SCGB3A2	expr	TRUE	Pericytes - Peribronchial fibroblasts	0.115784131606965	0.105159087149613	2145.06526671256	-1.10103781561203	0.711384798625218	1.92631788374587e-17	0.523473121285521	FALSE	2329	220	ambient_tracer	ambient_tracer	0.984578029306262
SCGB3A2	expr	TRUE	Pericytes - Subpleural fibroblasts	0.351931725243594	0.206691852373838	2144.09491143811	-1.70268794440462	0.310699981895458	1.92631788374587e-17	0.523473121285521	FALSE	2329	220	ambient_tracer	ambient_tracer	0.949045668358682
SCGB3A2	expr	TRUE	Pericytes - (Transitional Club-AT2)	-3.08078995864205	0.0959479939517368	2172.46579249539	32.1089564435472	3.90653847880148e-184	1.92631788374587e-17	0.523473121285521	FALSE	2329	220	ambient_tracer	ambient_tracer	5.85980771820222e-183
SCGB3A2	expr	TRUE	Pericytes - Vascular smooth muscle	0.00761223261333971	0.0960141389653762	2116.98521661266	-0.0792824129380025	0.936815487947216	1.92631788374587e-17	0.523473121285521	FALSE	2329	220	ambient_tracer	ambient_tracer	0.984578029306262
PTPRC	expr	TRUE	Pericytes - AT1	-0.0111974154089313	0.0577639957608663	2107.30296561422	0.193847659972949	0.935399519010927	1.80663529295557e-17	0.333938054213758	FALSE	2329	220	ambient_tracer	ambient_tracer	0.984578029306262
PTPRC	expr	TRUE	Pericytes - AT2_AGTR2det	0.00494737755289045	0.0675671168155213	2168.22392133908	-0.0732216762541207	0.984578029306262	1.80663529295557e-17	0.333938054213758	FALSE	2329	220	ambient_tracer	ambient_tracer	0.984578029306262
PTPRC	expr	TRUE	Pericytes - AT2_AGTR2undet	-0.0618663181455881	0.0593930960802239	2169.39228259365	1.0416415750077	0.781446626886887	1.80663529295557e-17	0.333938054213758	FALSE	2329	220	ambient_tracer	ambient_tracer	0.984578029306262
PTPRC	expr	TRUE	Pericytes - Adventitial fibroblasts	-0.0524084042482946	0.0614711126860229	2145.37454384546	0.85256963731862	0.919317402936856	1.80663529295557e-17	0.333938054213758	FALSE	2329	220	ambient_tracer	ambient_tracer	0.984578029306262
PTPRC	expr	TRUE	Pericytes - Alveolar fibroblasts	-0.0303899787503434	0.0593519844893165	2102.22410429338	0.512029698953263	0.935399519010927	1.80663529295557e-17	0.333938054213758	FALSE	2329	220	ambient_tracer	ambient_tracer	0.984578029306262
PTPRC	expr	TRUE	Pericytes - Alveolar macrophages	-1.69099503017459	0.0596385815597917	2184.31902751751	28.3540450820288	3.88850672747379e-150	1.80663529295557e-17	0.333938054213758	FALSE	2329	220	ambient_tracer	ambient_tracer	4.08293206384748e-149
PTPRC	expr	TRUE	Pericytes - Classical monocytes	-2.26093632050844	0.0556819017569159	2114.76242108461	40.6045097090748	5.57441451825444e-266	1.80663529295557e-17	0.333938054213758	FALSE	2329	220	ambient_tracer	ambient_tracer	2.92656762208358e-264
PTPRC	expr	TRUE	Pericytes - DC2	-2.01734420129598	0.0568847184098119	2155.50310101486	35.4637283560502	1.46627148856522e-216	1.80663529295557e-17	0.333938054213758	FALSE	2329	220	ambient_tracer	ambient_tracer	5.13195020997826e-215
PTPRC	expr	TRUE	Pericytes - EC aerocyte capillary	-0.0244881874581866	0.0616529243449489	2097.13647499496	0.397194256693727	0.935399519010927	1.80663529295557e-17	0.333938054213758	FALSE	2329	220	ambient_tracer	ambient_tracer	0.984578029306262
PTPRC	expr	TRUE	Pericytes - EC general capillary	-0.0999420369528304	0.0576882961460065	2098.86922195984	1.73244910371216	0.250021596717518	1.80663529295557e-17	0.333938054213758	FALSE	2329	220	ambient_tracer	ambient_tracer	0.83429085643391
PTPRC	expr	TRUE	Pericytes - EC venous pulmonary	-0.0191796921069449	0.060105008498952	2108.43262507305	0.319103059560823	0.935399519010927	1.80663529295557e-17	0.333938054213758	FALSE	2329	220	ambient_tracer	ambient_tracer	0.984578029306262
PTPRC	expr	TRUE	Pericytes - EC venous systemic	0.0406885167970842	0.0620872860980749	2131.82572561521	-0.655343780573875	0.935399519010927	1.80663529295557e-17	0.333938054213758	FALSE	2329	220	ambient_tracer	ambient_tracer	0.984578029306262
PTPRC	expr	TRUE	Pericytes - Interstitial macrophages	-1.62111264652823	0.0574366409621438	2157.6743458841	28.2243637401549	8.24970859676664e-149	1.80663529295557e-17	0.333938054213758	FALSE	2329	220	ambient_tracer	ambient_tracer	7.87472184236815e-148
PTPRC	expr	TRUE	Pericytes - Lymphatic EC	-0.0133017166625321	0.0585440846566989	2114.1235329504	0.227208551308523	0.935399519010927	1.80663529295557e-17	0.333938054213758	FALSE	2329	220	ambient_tracer	ambient_tracer	0.984578029306262
PTPRC	expr	TRUE	Pericytes - Mast cells	-1.38474302135029	0.0576176982903277	2112.00775318807	24.0332929367077	1.75208121721523e-112	1.80663529295557e-17	0.333938054213758	FALSE	2329	220	ambient_tracer	ambient_tracer	1.41514252159692e-111
PTPRC	expr	TRUE	Pericytes - Myofibroblasts	0.00147350946336553	0.0762209440941113	2098.85403114109	-0.0193320809769315	0.984578029306262	1.80663529295557e-17	0.333938054213758	FALSE	2329	220	ambient_tracer	ambient_tracer	0.984578029306262
PTPRC	expr	TRUE	Pericytes - (Non-classical monocytes)	-2.41295332309082	0.0577622265237806	2136.20779194659	41.7738973773355	5.51181545111677e-278	1.80663529295557e-17	0.333938054213758	FALSE	2329	220	ambient_tracer	ambient_tracer	5.78740622367261e-276
PTPRC	expr	TRUE	Pericytes - Peribronchial fibroblasts	0.0348264319248011	0.0673660249706436	2127.81973241466	-0.516973235989174	0.935399519010927	1.80663529295557e-17	0.333938054213758	FALSE	2329	220	ambient_tracer	ambient_tracer	0.984578029306262
PTPRC	expr	TRUE	Pericytes - Subpleural fibroblasts	-0.0365400412955418	0.132300426482816	2122.42981455172	0.276189897999216	0.935399519010927	1.80663529295557e-17	0.333938054213758	FALSE	2329	220	ambient_tracer	ambient_tracer	0.984578029306262
PTPRC	expr	TRUE	Pericytes - (Transitional Club-AT2)	0.0212955679818224	0.0619161907400103	2170.21459792204	-0.343941830518026	0.935399519010927	1.80663529295557e-17	0.333938054213758	FALSE	2329	220	ambient_tracer	ambient_tracer	0.984578029306262
PTPRC	expr	TRUE	Pericytes - Vascular smooth muscle	-0.0259428966398847	0.061337562925344	2102.91508285581	0.422952843292138	0.935399519010927	1.80663529295557e-17	0.333938054213758	FALSE	2329	220	ambient_tracer	ambient_tracer	0.984578029306262
