grp	var1	var2	vcov	sdcor
donor_id	(Intercept)	NA	0.00904088978332249	0.0950835936601183
study	(Intercept)	NA	0.0169259926344136	0.130099933260604
Residual	NA	NA	0.0599255771147844	0.244797012062616
