donor_id	ccc_group	role	study	n_cells	COL1A1	COL1A2	COL1A1_detect	COL1A2_detect	stoich	stoich_detect
homosapiens_None_2023_None_sikkemalisa_002_d10_1101_2022_03_10_483747Donor_02	Alveolar macrophages	Ambient reference	Misharin_Budinger_2018	300	0.010947639521712	0	0.00666666666666667	0	0.010947639521712	0.00666666666666667
homosapiens_None_2023_None_sikkemalisa_002_d10_1101_2022_03_10_483747D062	Alveolar fibroblasts	Fibroblasts	Sun_2020	300	1.96411178514275	2.19150046197128	0.836666666666667	0.946666666666667	-0.227388676828522	-0.11
homosapiens_None_2023_None_sikkemalisa_002_d10_1101_2022_03_10_483747A44	Adventitial fibroblasts	Fibroblasts	Meyer_2021	300	1.63363749685809	2.20657338415797	0.666666666666667	0.89	-0.57293588729988	-0.223333333333333
homosapiens_None_2023_None_sikkemalisa_002_d10_1101_2022_03_10_483747A26	Pericytes	Pericytes	Meyer_2021	300	0.113471851091676	1.92977871712045	0.0133333333333333	0.486666666666667	-1.81630686602877	-0.473333333333333
homosapiens_None_2023_None_sikkemalisa_002_d10_1101_2022_03_10_483747A37	Alveolar fibroblasts	Fibroblasts	Meyer_2021	156	1.38742125000465	1.6376519890991	0.435897435897436	0.58974358974359	-0.250230739094452	-0.153846153846154
homosapiens_None_2023_None_sikkemalisa_002_d10_1101_2022_03_10_483747muc5103	Classical monocytes	Other	Schiller_2020	300	0.252878490639289	0.68170117068403	0.0133333333333333	0.0333333333333333	-0.428822680044741	-0.02
homosapiens_None_2023_None_sikkemalisa_002_d10_1101_2022_03_10_483747VUHD84	Lymphatic EC	Other	Banovich_Kropski_2020	161	0.0494144705070549	0.227999391104226	0.0062111801242236	0.0186335403726708	-0.178584920597171	-0.0124223602484472
homosapiens_None_2023_None_sikkemalisa_002_d10_1101_2022_03_10_483747donor 3	Adventitial fibroblasts	Fibroblasts	Krasnow_2020	137	2.31960118743477	2.60881564317467	0.941605839416058	0.985401459854015	-0.289214455739898	-0.0437956204379563
homosapiens_None_2023_None_sikkemalisa_002_d10_1101_2022_03_10_483747A26	Lymphatic EC	Other	Meyer_2021	300	0.0279243447281563	0.104691703653043	0.00666666666666667	0.0233333333333333	-0.0767673589248867	-0.0166666666666667
homosapiens_None_2023_None_sikkemalisa_002_d10_1101_2022_03_10_483747Donor_06	Alveolar macrophages	Ambient reference	Misharin_Budinger_2018	300	0.0102177079010115	0.0336016357242778	0.00333333333333333	0.01	-0.0233839278232663	-0.00666666666666667
homosapiens_None_2023_None_sikkemalisa_002_d10_1101_2022_03_10_483747098C	Adventitial fibroblasts	Fibroblasts	Kaminski_2020	158	1.12530014097252	1.89394787289357	0.39873417721519	0.810126582278481	-0.768647731921051	-0.411392405063291
homosapiens_None_2023_None_sikkemalisa_002_d10_1101_2022_03_10_483747THD0009	AT2_AGTR2undet	Other	Banovich_Kropski_2020	297	0.0805357879877058	0.0213775393509675	0.0404040404040404	0.00673400673400673	0.0591582486367384	0.0336700336700337
homosapiens_None_2023_None_sikkemalisa_002_d10_1101_2022_03_10_483747D062	AT2_AGTR2undet	Other	Sun_2020	299	0.716739486257403	0.726124047089718	0.167224080267559	0.177257525083612	-0.00938456083231531	-0.0100334448160535
homosapiens_None_2023_None_sikkemalisa_002_d10_1101_2022_03_10_483747NML3	AT2_AGTR2undet	Other	Sheppard_2020	282	0.178912386417879	0.0586391782423307	0.0460992907801418	0.0141843971631206	0.120273208175548	0.0319148936170213
homosapiens_None_2023_None_sikkemalisa_002_d10_1101_2022_03_10_483747THD0012	AT2_AGTR2undet	Other	Banovich_Kropski_2020	176	0.0852898798620378	0	0.0284090909090909	0	0.0852898798620378	0.0284090909090909
homosapiens_None_2023_None_sikkemalisa_002_d10_1101_2022_03_10_483747VUHD071	Interstitial macrophages	Ambient reference	Banovich_Kropski_2020	169	0.100306484241749	0.18276300490685	0.0118343195266272	0.0177514792899408	-0.0824565206651003	-0.00591715976331361
homosapiens_None_2023_None_sikkemalisa_002_d10_1101_2022_03_10_483747RU675	AT2_AGTR2undet	Other	Peer_Massague_2020	102	0.52315499065491	0.472451055059979	0.333333333333333	0.333333333333333	0.0507039355949316	0
homosapiens_None_2023_None_sikkemalisa_002_d10_1101_2022_03_10_483747donor 1	AT2_AGTR2undet	Other	Krasnow_2020	253	0.16422049422973	0.0279678764497246	0.0632411067193676	0.00790513833992095	0.136252617780005	0.0553359683794466
homosapiens_None_2023_None_sikkemalisa_002_d10_1101_2022_03_10_483747VUHD103	AT1	Other	Banovich_Kropski_2020	300	0.109380989547794	0.0316896498259523	0.01	0.00333333333333333	0.0776913397218417	0.00666666666666667
homosapiens_None_2023_None_sikkemalisa_002_d10_1101_2022_03_10_483747D139	AT2_AGTR2undet	Other	Sun_2020	300	0.126009410545407	0.108306632025965	0.0333333333333333	0.0166666666666667	0.0177027785194413	0.0166666666666667
homosapiens_None_2023_None_sikkemalisa_002_d10_1101_2022_03_10_483747D239	Myofibroblasts	Fibroblasts	Duong_lungMAP_unpubl	65	0.962450081812095	1.44246668736538	0.292307692307692	0.492307692307692	-0.480016605553288	-0.2
homosapiens_None_2023_None_sikkemalisa_002_d10_1101_2022_03_10_483747D046	Alveolar macrophages	Ambient reference	Sun_2020	300	0.437211059663094	0.343336947346766	0.14	0.12	0.0938741123163285	0.02
homosapiens_None_2023_None_sikkemalisa_002_d10_1101_2022_03_10_483747001C	Alveolar macrophages	Ambient reference	Kaminski_2020	300	0.00390165060803513	0	0.00333333333333333	0	0.00390165060803513	0.00333333333333333
homosapiens_None_2023_None_sikkemalisa_002_d10_1101_2022_03_10_483747A47	Alveolar macrophages	Ambient reference	Meyer_2021	300	0	0.025864757136165	0	0.00333333333333333	-0.025864757136165	-0.00333333333333333
homosapiens_None_2023_None_sikkemalisa_002_d10_1101_2022_03_10_483747VUHD94	Adventitial fibroblasts	Fibroblasts	Banovich_Kropski_2020	300	2.14684310423414	2.5758728531644	0.763333333333333	0.946666666666667	-0.429029748930256	-0.183333333333333
homosapiens_None_2023_None_sikkemalisa_002_d10_1101_2022_03_10_483747DD047Q	Classical monocytes	Other	Tata_unpubl	300	0.0151939773245503	0.0355856709363719	0.00666666666666667	0.01	-0.0203916936118217	-0.00333333333333333
homosapiens_None_2023_None_sikkemalisa_002_d10_1101_2022_03_10_483747296C	Alveolar macrophages	Ambient reference	Kaminski_2020	300	0.0820238531622952	0.0836823808108108	0.0133333333333333	0.02	-0.00165852764851555	-0.00666666666666667
homosapiens_None_2023_None_sikkemalisa_002_d10_1101_2022_03_10_483747D175	AT2_AGTR2undet	Other	Sun_2020	300	0.106030980190648	0.0475149231031482	0.02	0.00666666666666667	0.0585160570874994	0.0133333333333333
homosapiens_None_2023_None_sikkemalisa_002_d10_1101_2022_03_10_483747lafy_donor_4	Alveolar macrophages	Ambient reference	Lafyatis_Rojas_2019	300	0.00760735959424075	0.00726379872400244	0.00333333333333333	0.00666666666666667	0.000343560870238313	-0.00333333333333333
homosapiens_None_2023_None_sikkemalisa_002_d10_1101_2022_03_10_483747NML2	Vascular smooth muscle	Other	Sheppard_2020	300	1.03419922335827	1.25140632933719	0.256666666666667	0.343333333333333	-0.217207105978914	-0.0866666666666667
homosapiens_None_2023_None_sikkemalisa_002_d10_1101_2022_03_10_483747VUHD103	Transitional Club-AT2	Other	Banovich_Kropski_2020	300	0.0769749944125369	0	0.01	0	0.0769749944125369	0.01
homosapiens_None_2023_None_sikkemalisa_002_d10_1101_2022_03_10_483747VUHD66	AT2_AGTR2undet	Other	Banovich_Kropski_2020	264	0.602954225248999	0.107508536143791	0.208333333333333	0.0151515151515152	0.495445689105208	0.193181818181818
homosapiens_None_2023_None_sikkemalisa_002_d10_1101_2022_03_10_483747VUHD104	Interstitial macrophages	Ambient reference	Banovich_Kropski_2020	300	0.0208929924178269	0.0622750738495117	0.00333333333333333	0.00666666666666667	-0.0413820814316848	-0.00333333333333333
homosapiens_None_2023_None_sikkemalisa_002_d10_1101_2022_03_10_483747A26	Transitional Club-AT2	Other	Meyer_2021	155	0.149921790157428	0.162098455088662	0.032258064516129	0.032258064516129	-0.0121766649312345	0
homosapiens_None_2023_None_sikkemalisa_002_d10_1101_2022_03_10_483747390C	Alveolar fibroblasts	Fibroblasts	Meyer_2019	300	2.15641292665186	2.21059213557255	0.88	0.896666666666667	-0.0541792089206847	-0.0166666666666666
homosapiens_None_2023_None_sikkemalisa_002_d10_1101_2022_03_10_483747NU_CZI01	Alveolar fibroblasts	Fibroblasts	Misharin_2021	300	1.95144535089236	2.25164065162893	0.786666666666667	0.92	-0.300195300736567	-0.133333333333333
homosapiens_None_2023_None_sikkemalisa_002_d10_1101_2022_03_10_483747VUHD104	EC venous pulmonary	Ambient reference	Banovich_Kropski_2020	300	0	0.0587979854080881	0	0.00666666666666667	-0.0587979854080881	-0.00666666666666667
homosapiens_None_2023_None_sikkemalisa_002_d10_1101_2022_03_10_483747290B	Classical monocytes	Other	Teichmann_Meyer_2019	300	0.232509422848109	0.392973842279336	0.06	0.106666666666667	-0.160464419431226	-0.0466666666666667
homosapiens_None_2023_None_sikkemalisa_002_d10_1101_2022_03_10_483747NU_CZI01	Pericytes	Pericytes	Misharin_2021	300	0.372972669299231	1.88125329627374	0.0633333333333333	0.613333333333333	-1.50828062697451	-0.55
homosapiens_None_2023_None_sikkemalisa_002_d10_1101_2022_03_10_483747298C	Vascular smooth muscle	Other	Teichmann_Meyer_2019	42	1.18177860557938	1.30672854504393	0.452380952380952	0.523809523809524	-0.124949939464545	-0.0714285714285715
homosapiens_None_2023_None_sikkemalisa_002_d10_1101_2022_03_10_483747lafy_donor_6	Myofibroblasts	Fibroblasts	Lafyatis_Rojas_2019	33	1.64587048237867	1.58492192156239	0.393939393939394	0.393939393939394	0.0609485608162759	0
homosapiens_None_2023_None_sikkemalisa_002_d10_1101_2022_03_10_483747Patient_1	Adventitial fibroblasts	Fibroblasts	Schiller_2021	141	2.22072101301358	2.67011405711946	0.794326241134752	0.943262411347518	-0.449393044105884	-0.148936170212766
homosapiens_None_2023_None_sikkemalisa_002_d10_1101_2022_03_10_483747muc9833	AT2_AGTR2undet	Other	Schiller_2020	296	0.46282783677494	0.158315582674198	0.0202702702702703	0.0101351351351351	0.304512254100743	0.0101351351351351
homosapiens_None_2023_None_sikkemalisa_002_d10_1101_2022_03_10_483747A26	Classical monocytes	Other	Meyer_2021	300	0.103596213619395	0.0284131630113842	0.0166666666666667	0.00333333333333333	0.0751830506080113	0.0133333333333333
homosapiens_None_2023_None_sikkemalisa_002_d10_1101_2022_03_10_483747302C	AT2_AGTR2det	Other	Teichmann_Meyer_2019	58	0.271245644739971	0.177043290551461	0.172413793103448	0.0862068965517241	0.0942023541885098	0.0862068965517241
homosapiens_None_2023_None_sikkemalisa_002_d10_1101_2022_03_10_483747368C	Alveolar macrophages	Ambient reference	Meyer_2019	300	0.557913230110234	0.698327974175566	0.266666666666667	0.39	-0.140414744065332	-0.123333333333333
homosapiens_None_2023_None_sikkemalisa_002_d10_1101_2022_03_10_4837471372C	Classical monocytes	Other	Kaminski_2020	300	0	0.0204926561484521	0	0.00333333333333333	-0.0204926561484521	-0.00333333333333333
homosapiens_None_2023_None_sikkemalisa_002_d10_1101_2022_03_10_483747donor 3	Pericytes	Pericytes	Krasnow_2020	300	0.449564751387341	2.20275566931237	0.08	0.81	-1.75319091792503	-0.73
homosapiens_None_2023_None_sikkemalisa_002_d10_1101_2022_03_10_483747lafy_donor_6	Classical monocytes	Other	Lafyatis_Rojas_2019	300	0.0233956773645824	0.0107592568300011	0.00333333333333333	0.00333333333333333	0.0126364205345814	0
homosapiens_None_2023_None_sikkemalisa_002_d10_1101_2022_03_10_483747NML2	DC2	Other	Sheppard_2020	29	0	0.0809318349262824	0	0.0344827586206897	-0.0809318349262824	-0.0344827586206897
homosapiens_None_2023_None_sikkemalisa_002_d10_1101_2022_03_10_483747ODGS1Mng	AT1	Other	Eils_2020	99	0.0624041611289087	0	0.0202020202020202	0	0.0624041611289087	0.0202020202020202
homosapiens_None_2023_None_sikkemalisa_002_d10_1101_2022_03_10_483747222C	Classical monocytes	Other	Kaminski_2020	300	0	0.0145942831411046	0	0.00333333333333333	-0.0145942831411046	-0.00333333333333333
homosapiens_None_2023_None_sikkemalisa_002_d10_1101_2022_03_10_483747THD0015	Interstitial macrophages	Ambient reference	Banovich_Kropski_2020	300	0	0.00820441455304156	0	0.00333333333333333	-0.00820441455304156	-0.00333333333333333
homosapiens_None_2023_None_sikkemalisa_002_d10_1101_2022_03_10_483747muc10380	AT1	Other	Schiller_2020	159	0.334266571485526	0.954204310121969	0.0188679245283019	0.050314465408805	-0.619937738636443	-0.0314465408805032
homosapiens_None_2023_None_sikkemalisa_002_d10_1101_2022_03_10_483747302C	Alveolar macrophages	Ambient reference	Teichmann_Meyer_2019	300	0.236034315286293	0.211584637246888	0.143333333333333	0.13	0.0244496780394051	0.0133333333333333
homosapiens_None_2023_None_sikkemalisa_002_d10_1101_2022_03_10_483747A9LCTZng	AT1	Other	Eils_2020	300	0.0629605252861805	0.0340890557388045	0.0133333333333333	0.01	0.028871469547376	0.00333333333333333
homosapiens_None_2023_None_sikkemalisa_002_d10_1101_2022_03_10_483747NML1	Vascular smooth muscle	Other	Sheppard_2020	300	0.873723491348877	0.821815443751254	0.146666666666667	0.12	0.0519080475976236	0.0266666666666667
homosapiens_None_2023_None_sikkemalisa_002_d10_1101_2022_03_10_483747VUHD67	AT2_AGTR2undet	Other	Banovich_Kropski_2020	270	0.0623104904069728	0.00388043173612429	0.0259259259259259	0.0037037037037037	0.0584300586708485	0.0222222222222222
homosapiens_None_2023_None_sikkemalisa_002_d10_1101_2022_03_10_483747Donor_05	Non-classical monocytes	Other	Misharin_Budinger_2018	19	0	0.287912383372289	0	0.0526315789473684	-0.287912383372289	-0.0526315789473684
homosapiens_None_2023_None_sikkemalisa_002_d10_1101_2022_03_10_483747NU_CZI01	Transitional Club-AT2	Other	Misharin_2021	300	0.335149714768103	0	0.0833333333333333	0	0.335149714768103	0.0833333333333333
homosapiens_None_2023_None_sikkemalisa_002_d10_1101_2022_03_10_483747donor 1	Myofibroblasts	Fibroblasts	Krasnow_2020	21	2.03165676886103	2.23008993534392	0.857142857142857	0.857142857142857	-0.198433166482889	0
homosapiens_None_2023_None_sikkemalisa_002_d10_1101_2022_03_10_483747NML1	Pericytes	Pericytes	Sheppard_2020	300	0.0780663537645176	1.05820392387877	0.00666666666666667	0.156666666666667	-0.980137570114255	-0.15
homosapiens_None_2023_None_sikkemalisa_002_d10_1101_2022_03_10_483747VUHD92	AT2_AGTR2undet	Other	Banovich_Kropski_2020	194	0.0869731484820385	0	0.0154639175257732	0	0.0869731484820385	0.0154639175257732
homosapiens_None_2023_None_sikkemalisa_002_d10_1101_2022_03_10_483747222C	Alveolar macrophages	Ambient reference	Kaminski_2020	300	0.00951426184405932	0.0125940369580794	0.00333333333333333	0.01	-0.00307977511402007	-0.00666666666666667
homosapiens_None_2023_None_sikkemalisa_002_d10_1101_2022_03_10_483747NU_CZI01	Vascular smooth muscle	Other	Misharin_2021	300	1.5082875778366	1.59902409398549	0.616666666666667	0.64	-0.0907365161488927	-0.0233333333333333
homosapiens_None_2023_None_sikkemalisa_002_d10_1101_2022_03_10_483747donor 2	Alveolar fibroblasts	Fibroblasts	Krasnow_2020	300	1.48721485641316	2.05403650261987	0.463333333333333	0.713333333333333	-0.566821646206715	-0.25
homosapiens_None_2023_None_sikkemalisa_002_d10_1101_2022_03_10_483747A40	DC2	Other	Meyer_2021	267	0	0.00859875618736039	0	0.00374531835205993	-0.00859875618736039	-0.00374531835205993
homosapiens_None_2023_None_sikkemalisa_002_d10_1101_2022_03_10_483747NML2	Classical monocytes	Other	Sheppard_2020	300	0	0.0774499843170477	0	0.01	-0.0774499843170477	-0.01
homosapiens_None_2023_None_sikkemalisa_002_d10_1101_2022_03_10_483747D150	Lymphatic EC	Other	Sun_2020	48	1.50438733538908	1.24176539809034	0.645833333333333	0.5625	0.262621937298738	0.0833333333333334
homosapiens_None_2023_None_sikkemalisa_002_d10_1101_2022_03_10_483747donor 2	EC venous pulmonary	Ambient reference	Krasnow_2020	300	0.0192686562106344	0.0495303902364725	0.00333333333333333	0.00666666666666667	-0.0302617340258382	-0.00333333333333333
homosapiens_None_2023_None_sikkemalisa_002_d10_1101_2022_03_10_483747donor 3	Interstitial macrophages	Ambient reference	Krasnow_2020	300	0.0674911294226175	0.0468678041175391	0.0366666666666667	0.0166666666666667	0.0206233253050785	0.02
homosapiens_None_2023_None_sikkemalisa_002_d10_1101_2022_03_10_483747D231	Alveolar fibroblasts	Fibroblasts	Sun_2020	125	1.49535030307816	2.4962234393242	0.4	0.904	-1.00087313624604	-0.504
homosapiens_None_2023_None_sikkemalisa_002_d10_1101_2022_03_10_483747donor 3	Alveolar fibroblasts	Fibroblasts	Krasnow_2020	300	1.9897660089512	2.49885851423896	0.713333333333333	0.936666666666667	-0.509092505287754	-0.223333333333333
homosapiens_None_2023_None_sikkemalisa_002_d10_1101_2022_03_10_483747donor 3	Myofibroblasts	Fibroblasts	Krasnow_2020	235	2.02171574464031	2.35182193863379	0.787234042553192	0.91063829787234	-0.33010619399349	-0.123404255319149
homosapiens_None_2023_None_sikkemalisa_002_d10_1101_2022_03_10_483747lafy_donor_6	AT2_AGTR2undet	Other	Lafyatis_Rojas_2019	286	0.174708240742694	0.0754739482316629	0.0629370629370629	0.0174825174825175	0.0992342925110307	0.0454545454545455
homosapiens_None_2023_None_sikkemalisa_002_d10_1101_2022_03_10_483747NML2	EC general capillary	Ambient reference	Sheppard_2020	300	0	0.0250409764284695	0	0.00333333333333333	-0.0250409764284695	-0.00333333333333333
homosapiens_None_2023_None_sikkemalisa_002_d10_1101_2022_03_10_483747S4ECX8ng	EC general capillary	Ambient reference	Eils_2020	144	0.0784729632303114	0.187462433890375	0.00694444444444444	0.0208333333333333	-0.108989470660064	-0.0138888888888889
homosapiens_None_2023_None_sikkemalisa_002_d10_1101_2022_03_10_483747VUHD101	Classical monocytes	Other	Banovich_Kropski_2020	275	0	0.0114288385594958	0	0.00363636363636364	-0.0114288385594958	-0.00363636363636364
homosapiens_None_2023_None_sikkemalisa_002_d10_1101_2022_03_10_483747VUHD94	Lymphatic EC	Other	Banovich_Kropski_2020	300	0.080406482922918	0.0818771757175712	0.01	0.01	-0.00147069279465317	0
homosapiens_None_2023_None_sikkemalisa_002_d10_1101_2022_03_10_483747donor 2	Transitional Club-AT2	Other	Krasnow_2020	300	0.081960805181984	0	0.0533333333333333	0	0.081960805181984	0.0533333333333333
homosapiens_None_2023_None_sikkemalisa_002_d10_1101_2022_03_10_483747donor 2	Non-classical monocytes	Other	Krasnow_2020	300	0	0.0191247886392786	0	0.00666666666666667	-0.0191247886392786	-0.00666666666666667
homosapiens_None_2023_None_sikkemalisa_002_d10_1101_2022_03_10_483747003C	Alveolar macrophages	Ambient reference	Kaminski_2020	300	0	0.011026562332454	0	0.00666666666666667	-0.011026562332454	-0.00666666666666667
homosapiens_None_2023_None_sikkemalisa_002_d10_1101_2022_03_10_483747ZM3KACng	AT2_AGTR2undet	Other	Eils_2020	292	0.157286641342278	0.0788553799930008	0.0376712328767123	0.0205479452054795	0.0784312613492772	0.0171232876712329
homosapiens_None_2023_None_sikkemalisa_002_d10_1101_2022_03_10_483747GRO-10	EC venous systemic	Ambient reference	Nawijn_2021	300	0.012914800873389	0.0329168657062287	0.00333333333333333	0.00666666666666667	-0.0200020648328397	-0.00333333333333333
homosapiens_None_2023_None_sikkemalisa_002_d10_1101_2022_03_10_483747A37	Mast cells	Other	Meyer_2021	300	0.0221525660981551	0.0144968919627085	0.00333333333333333	0.00333333333333333	0.00765567413544655	0
homosapiens_None_2023_None_sikkemalisa_002_d10_1101_2022_03_10_48374716E0F2ng	AT2_AGTR2undet	Other	Eils_2020	295	0.357491926261971	0.0757451049879194	0.0610169491525424	0.0135593220338983	0.281746821274052	0.0474576271186441
homosapiens_None_2023_None_sikkemalisa_002_d10_1101_2022_03_10_483747Donor_01	AT2_AGTR2undet	Other	Misharin_Budinger_2018	255	0.138669277157644	0.014047218095601	0.0549019607843137	0.00392156862745098	0.124622059062043	0.0509803921568627
homosapiens_None_2023_None_sikkemalisa_002_d10_1101_2022_03_10_483747NML1	Adventitial fibroblasts	Fibroblasts	Sheppard_2020	300	1.28231601869303	1.62148863928769	0.346666666666667	0.483333333333333	-0.339172620594662	-0.136666666666667
homosapiens_None_2023_None_sikkemalisa_002_d10_1101_2022_03_10_483747356C	DC2	Other	Meyer_2019	300	0.0740220159505761	0.064643655223941	0.0266666666666667	0.02	0.00937836072663509	0.00666666666666667
homosapiens_None_2023_None_sikkemalisa_002_d10_1101_2022_03_10_483747muc10380	Mast cells	Other	Schiller_2020	300	0.24593567450015	0.519304109790626	0.01	0.0233333333333333	-0.273368435290476	-0.0133333333333333
homosapiens_None_2023_None_sikkemalisa_002_d10_1101_2022_03_10_483747390C	AT2_AGTR2undet	Other	Meyer_2019	188	0.136154629321122	0.134378989082499	0.0638297872340425	0.0531914893617021	0.00177564023862328	0.0106382978723404
homosapiens_None_2023_None_sikkemalisa_002_d10_1101_2022_03_10_483747292B	AT2_AGTR2undet	Other	Teichmann_Meyer_2019	117	0.431448430125007	0.299128645809793	0.273504273504274	0.153846153846154	0.132319784315214	0.11965811965812
homosapiens_None_2023_None_sikkemalisa_002_d10_1101_2022_03_10_483747368C	Adventitial fibroblasts	Fibroblasts	Meyer_2019	300	2.37485916102716	2.53721095322003	0.893333333333333	0.903333333333333	-0.162351792192869	-0.01
homosapiens_None_2023_None_sikkemalisa_002_d10_1101_2022_03_10_483747VUHD104	Alveolar fibroblasts	Fibroblasts	Banovich_Kropski_2020	232	1.69299799489245	2.68899638619746	0.375	0.84051724137931	-0.995998391305011	-0.46551724137931
homosapiens_None_2023_None_sikkemalisa_002_d10_1101_2022_03_10_483747D046	AT1	Other	Sun_2020	300	0.569328944101186	0.600724392554442	0.136666666666667	0.156666666666667	-0.031395448453256	-0.02
homosapiens_None_2023_None_sikkemalisa_002_d10_1101_2022_03_10_483747QZY9VQng	EC general capillary	Ambient reference	Eils_2020	134	0.0567198477291029	0	0.00746268656716418	0	0.0567198477291029	0.00746268656716418
homosapiens_None_2023_None_sikkemalisa_002_d10_1101_2022_03_10_483747A44	Mast cells	Other	Meyer_2021	300	0.076539581345416	0.125709554212149	0.00333333333333333	0.0166666666666667	-0.049169972866733	-0.0133333333333333
homosapiens_None_2023_None_sikkemalisa_002_d10_1101_2022_03_10_483747NU_CZI01	Adventitial fibroblasts	Fibroblasts	Misharin_2021	300	1.91126934052554	2.22596765611115	0.9	0.976666666666667	-0.314698315585606	-0.0766666666666667
homosapiens_None_2023_None_sikkemalisa_002_d10_1101_2022_03_10_483747donor 3	AT1	Other	Krasnow_2020	300	0.0402533995206248	0	0.01	0	0.0402533995206248	0.01
homosapiens_None_2023_None_sikkemalisa_002_d10_1101_2022_03_10_483747THD0005	Alveolar macrophages	Ambient reference	Banovich_Kropski_2020	300	0.0168439680898431	0.0276178004570281	0.00333333333333333	0.00333333333333333	-0.010773832367185	0
homosapiens_None_2023_None_sikkemalisa_002_d10_1101_2022_03_10_483747muc5103	AT2_AGTR2undet	Other	Schiller_2020	264	0.770728987227107	0.740196947055328	0.0492424242424242	0.0378787878787879	0.0305320401717797	0.0113636363636364
homosapiens_None_2023_None_sikkemalisa_002_d10_1101_2022_03_10_483747NML2	Pericytes	Pericytes	Sheppard_2020	300	0.142027753498361	1.2038320335196	0.0233333333333333	0.273333333333333	-1.06180428002124	-0.25
homosapiens_None_2023_None_sikkemalisa_002_d10_1101_2022_03_10_483747NML3	EC general capillary	Ambient reference	Sheppard_2020	141	0.0578219228115321	0	0.00709219858156028	0	0.0578219228115321	0.00709219858156028
homosapiens_None_2023_None_sikkemalisa_002_d10_1101_2022_03_10_48374716E0F2ng	AT1	Other	Eils_2020	300	0.0858970206891407	0.062530352353358	0.0166666666666667	0.01	0.0233666683357827	0.00666666666666667
homosapiens_None_2023_None_sikkemalisa_002_d10_1101_2022_03_10_483747JVV9L8ng	AT1	Other	Eils_2020	300	0.155945594911834	0.170734881537436	0.0333333333333333	0.04	-0.0147892866256018	-0.00666666666666667
homosapiens_None_2023_None_sikkemalisa_002_d10_1101_2022_03_10_483747NML3	Vascular smooth muscle	Other	Sheppard_2020	300	1.37772927223144	1.92776007419645	0.343333333333333	0.57	-0.550030801965018	-0.226666666666667
homosapiens_None_2023_None_sikkemalisa_002_d10_1101_2022_03_10_483747VUHD95	Interstitial macrophages	Ambient reference	Banovich_Kropski_2020	300	0.0153695480029533	0	0.00333333333333333	0	0.0153695480029533	0.00333333333333333
homosapiens_None_2023_None_sikkemalisa_002_d10_1101_2022_03_10_483747D344	Vascular smooth muscle	Other	Barbry_Leroy_2020	81	0.863264525338233	1.07743850134172	0.0864197530864197	0.123456790123457	-0.214173976003482	-0.037037037037037
homosapiens_None_2023_None_sikkemalisa_002_d10_1101_2022_03_10_483747D239	Alveolar macrophages	Ambient reference	Duong_lungMAP_unpubl	300	0.0356686977144912	0.0823803820212028	0.01	0.0266666666666667	-0.0467116843067115	-0.0166666666666667
homosapiens_None_2023_None_sikkemalisa_002_d10_1101_2022_03_10_483747A44	EC venous systemic	Ambient reference	Meyer_2021	300	0.00844971905660397	0.0712675254244707	0.00666666666666667	0.0133333333333333	-0.0628178063678667	-0.00666666666666667
homosapiens_None_2023_None_sikkemalisa_002_d10_1101_2022_03_10_483747VUHD101	AT2_AGTR2undet	Other	Banovich_Kropski_2020	177	0.292485603974255	0	0.107344632768362	0	0.292485603974255	0.107344632768362
homosapiens_None_2023_None_sikkemalisa_002_d10_1101_2022_03_10_483747donor 2	Vascular smooth muscle	Other	Krasnow_2020	300	1.3315578621182	1.57702253889735	0.45	0.553333333333333	-0.245464676779149	-0.103333333333333
homosapiens_None_2023_None_sikkemalisa_002_d10_1101_2022_03_10_483747GRO-10	Vascular smooth muscle	Other	Nawijn_2021	193	1.01274789377061	1.51890057257191	0.124352331606218	0.248704663212435	-0.506152678801305	-0.124352331606218
homosapiens_None_2023_None_sikkemalisa_002_d10_1101_2022_03_10_483747396C	AT2_AGTR2undet	Other	Kaminski_2020	129	0.0601570651270611	0	0.0155038759689922	0	0.0601570651270611	0.0155038759689922
homosapiens_None_2023_None_sikkemalisa_002_d10_1101_2022_03_10_483747302C	Classical monocytes	Other	Teichmann_Meyer_2019	178	0.267971092888396	0.19798619172491	0.0730337078651685	0.050561797752809	0.0699849011634864	0.0224719101123595
homosapiens_None_2023_None_sikkemalisa_002_d10_1101_2022_03_10_483747S4ECX8ng	AT1	Other	Eils_2020	300	0.0493856245778784	0.128586908902244	0.01	0.0266666666666667	-0.0792012843243659	-0.0166666666666667
homosapiens_None_2023_None_sikkemalisa_002_d10_1101_2022_03_10_483747muc4659	Alveolar macrophages	Ambient reference	Schiller_2020	141	0	0.180056083466194	0	0.00709219858156028	-0.180056083466194	-0.00709219858156028
homosapiens_None_2023_None_sikkemalisa_002_d10_1101_2022_03_10_483747VUHD66	Lymphatic EC	Other	Banovich_Kropski_2020	193	0.0731001431443205	0.0885435404528163	0.0103626943005181	0.0155440414507772	-0.0154433973084959	-0.00518134715025907
homosapiens_None_2023_None_sikkemalisa_002_d10_1101_2022_03_10_483747222C	Interstitial macrophages	Ambient reference	Kaminski_2020	300	0.0104544173714281	0.0048410777254215	0.00333333333333333	0.00333333333333333	0.00561333964600657	0
homosapiens_None_2023_None_sikkemalisa_002_d10_1101_2022_03_10_483747NU_CZI02	Lymphatic EC	Other	Misharin_2021	300	0	0.0259997447307625	0	0.00333333333333333	-0.0259997447307625	-0.00333333333333333
homosapiens_None_2023_None_sikkemalisa_002_d10_1101_2022_03_10_483747098C	Classical monocytes	Other	Kaminski_2020	300	0	0.0198175088680003	0	0.00333333333333333	-0.0198175088680003	-0.00333333333333333
homosapiens_None_2023_None_sikkemalisa_002_d10_1101_2022_03_10_483747THD0014	Alveolar macrophages	Ambient reference	Banovich_Kropski_2020	300	0.0217873307027323	0.19203813969871	0.00666666666666667	0.0233333333333333	-0.170250808995978	-0.0166666666666667
homosapiens_None_2023_None_sikkemalisa_002_d10_1101_2022_03_10_483747VUHD101	Transitional Club-AT2	Other	Banovich_Kropski_2020	89	0.250099128116459	0	0.0786516853932584	0	0.250099128116459	0.0786516853932584
homosapiens_None_2023_None_sikkemalisa_002_d10_1101_2022_03_10_4837471A1DFBng	AT1	Other	Eils_2020	300	0.057138971145634	0.0441196815092474	0.0133333333333333	0.01	0.0130192896363866	0.00333333333333333
homosapiens_None_2023_None_sikkemalisa_002_d10_1101_2022_03_10_483747RU684	DC2	Other	Peer_Massague_2020	254	0.0410848633459222	0.00967175368948887	0.0118110236220472	0.00393700787401575	0.0314131096564333	0.0078740157480315
homosapiens_None_2023_None_sikkemalisa_002_d10_1101_2022_03_10_483747VUHD95	Alveolar fibroblasts	Fibroblasts	Banovich_Kropski_2020	77	1.28040342921267	2.17072748313041	0.220779220779221	0.519480519480519	-0.890324053917745	-0.298701298701299
homosapiens_None_2023_None_sikkemalisa_002_d10_1101_2022_03_10_483747368C	EC aerocyte capillary	Ambient reference	Meyer_2019	34	0.43240769428241	0.250029227854285	0.0294117647058824	0.0294117647058824	0.182378466428126	0
homosapiens_None_2023_None_sikkemalisa_002_d10_1101_2022_03_10_483747A43	EC aerocyte capillary	Ambient reference	Meyer_2021	300	0.132164919496953	0.198244120914915	0.0166666666666667	0.02	-0.0660792014179619	-0.00333333333333333
homosapiens_None_2023_None_sikkemalisa_002_d10_1101_2022_03_10_483747muc9832	AT2_AGTR2undet	Other	Schiller_2020	299	0.174537347331003	0.057637716102957	0.00668896321070234	0.00334448160535117	0.116899631228046	0.00334448160535117
homosapiens_None_2023_None_sikkemalisa_002_d10_1101_2022_03_10_483747218C	Interstitial macrophages	Ambient reference	Kaminski_2020	300	0.0683937487622969	0.0250399052743597	0.0133333333333333	0.01	0.0433538434879372	0.00333333333333333
homosapiens_None_2023_None_sikkemalisa_002_d10_1101_2022_03_10_483747VUHD106	Classical monocytes	Other	Banovich_Kropski_2020	88	0	0.166725902662883	0	0.0113636363636364	-0.166725902662883	-0.0113636363636364
homosapiens_None_2023_None_sikkemalisa_002_d10_1101_2022_03_10_483747D122	AT2_AGTR2undet	Other	Sun_2020	300	0.0944988461234758	0.127492500291738	0.0233333333333333	0.0166666666666667	-0.0329936541682625	0.00666666666666667
homosapiens_None_2023_None_sikkemalisa_002_d10_1101_2022_03_10_483747NU_CZI02	EC general capillary	Ambient reference	Misharin_2021	300	0.031196083510423	0	0.00333333333333333	0	0.031196083510423	0.00333333333333333
homosapiens_None_2023_None_sikkemalisa_002_d10_1101_2022_03_10_4837471A1DFBng	Alveolar macrophages	Ambient reference	Eils_2020	238	0.0429217443963877	0.0232990226063043	0.00840336134453781	0.00840336134453781	0.0196227217900834	0
homosapiens_None_2023_None_sikkemalisa_002_d10_1101_2022_03_10_483747lafy_donor_5	Alveolar macrophages	Ambient reference	Lafyatis_Rojas_2019	300	0	0.0273027009001205	0	0.01	-0.0273027009001205	-0.01
homosapiens_None_2023_None_sikkemalisa_002_d10_1101_2022_03_10_483747ZM3KACng	AT1	Other	Eils_2020	279	0.105900042077448	0.115167566631591	0.025089605734767	0.028673835125448	-0.00926752455414269	-0.003584229390681
homosapiens_None_2023_None_sikkemalisa_002_d10_1101_2022_03_10_483747A44	Alveolar macrophages	Ambient reference	Meyer_2021	300	0.0176187744198547	0.101718913460256	0.01	0.00666666666666667	-0.0841001390404015	0.00333333333333333
homosapiens_None_2023_None_sikkemalisa_002_d10_1101_2022_03_10_483747222C	Adventitial fibroblasts	Fibroblasts	Kaminski_2020	77	1.60133137906771	2.04443076794349	0.714285714285714	0.909090909090909	-0.443099388875783	-0.194805194805195
homosapiens_None_2023_None_sikkemalisa_002_d10_1101_2022_03_10_483747donor 2	AT2_AGTR2undet	Other	Krasnow_2020	290	0.0888134082266359	0.034041274672173	0.0344827586206897	0.0137931034482759	0.0547721335544629	0.0206896551724138
homosapiens_None_2023_None_sikkemalisa_002_d10_1101_2022_03_10_483747GRO-03	DC2	Other	Nawijn_2021	240	0.0439057472840778	0.00854042562948212	0.00416666666666667	0.00416666666666667	0.0353653216545957	0
homosapiens_None_2023_None_sikkemalisa_002_d10_1101_2022_03_10_483747S4ECX8ng	AT2_AGTR2undet	Other	Eils_2020	272	0.168648506103836	0.0607332176449196	0.0367647058823529	0.0110294117647059	0.107915288458917	0.0257352941176471
homosapiens_None_2023_None_sikkemalisa_002_d10_1101_2022_03_10_483747VUHD103	EC venous pulmonary	Ambient reference	Banovich_Kropski_2020	300	0	0.0537353864380465	0	0.00666666666666667	-0.0537353864380465	-0.00666666666666667
homosapiens_None_2023_None_sikkemalisa_002_d10_1101_2022_03_10_483747A26	Vascular smooth muscle	Other	Meyer_2021	300	0.936582886891956	1.44197515855525	0.15	0.296666666666667	-0.505392271663292	-0.146666666666667
homosapiens_None_2023_None_sikkemalisa_002_d10_1101_2022_03_10_483747muc10380	AT2_AGTR2undet	Other	Schiller_2020	296	0.479547723188634	0.762764558356112	0.0168918918918919	0.027027027027027	-0.283216835167479	-0.0101351351351351
homosapiens_None_2023_None_sikkemalisa_002_d10_1101_2022_03_10_483747DD046Q	Pericytes	Pericytes	Tata_unpubl	9	0	1.99559581959818	0	0.888888888888889	-1.99559581959818	-0.888888888888889
homosapiens_None_2023_None_sikkemalisa_002_d10_1101_2022_03_10_483747296C	AT2_AGTR2undet	Other	Teichmann_Meyer_2019	224	0.119510456419395	0.157915617116523	0.0669642857142857	0.0803571428571429	-0.0384051606971273	-0.0133928571428572
homosapiens_None_2023_None_sikkemalisa_002_d10_1101_2022_03_10_483747D150	Alveolar fibroblasts	Fibroblasts	Sun_2020	300	2.06563456624741	2.29203789929422	0.91	0.97	-0.22640333304681	-0.0599999999999999
homosapiens_None_2023_None_sikkemalisa_002_d10_1101_2022_03_10_483747298C	Alveolar macrophages	Ambient reference	Teichmann_Meyer_2019	300	0.1172066224529	0.125137336614762	0.0466666666666667	0.0533333333333333	-0.00793071416186182	-0.00666666666666667
homosapiens_None_2023_None_sikkemalisa_002_d10_1101_2022_03_10_483747208C	Interstitial macrophages	Ambient reference	Kaminski_2020	300	0	0.00968331518438317	0	0.00333333333333333	-0.00968331518438317	-0.00333333333333333
homosapiens_None_2023_None_sikkemalisa_002_d10_1101_2022_03_10_483747137C	Alveolar macrophages	Ambient reference	Kaminski_2020	201	0	0.0126676104441861	0	0.00995024875621891	-0.0126676104441861	-0.00995024875621891
homosapiens_None_2023_None_sikkemalisa_002_d10_1101_2022_03_10_483747A43	Classical monocytes	Other	Meyer_2021	300	0.114739536294379	0.173210113388183	0.00666666666666667	0.0166666666666667	-0.0584705770938039	-0.01
homosapiens_None_2023_None_sikkemalisa_002_d10_1101_2022_03_10_483747donor 2	Mast cells	Other	Krasnow_2020	300	0	0.0112218857157675	0	0.00333333333333333	-0.0112218857157675	-0.00333333333333333
homosapiens_None_2023_None_sikkemalisa_002_d10_1101_2022_03_10_483747NU_CZI01	Lymphatic EC	Other	Misharin_2021	300	0.369213837299884	0.441271303546508	0.0533333333333333	0.06	-0.0720574662466238	-0.00666666666666666
homosapiens_None_2023_None_sikkemalisa_002_d10_1101_2022_03_10_483747098C	AT2_AGTR2undet	Other	Kaminski_2020	98	0.0160625178898828	0	0.0102040816326531	0	0.0160625178898828	0.0102040816326531
homosapiens_None_2023_None_sikkemalisa_002_d10_1101_2022_03_10_483747390C	Adventitial fibroblasts	Fibroblasts	Meyer_2019	271	2.06845630547992	2.25599999370571	0.712177121771218	0.767527675276753	-0.187543688225794	-0.0553505535055351
homosapiens_None_2023_None_sikkemalisa_002_d10_1101_2022_03_10_483747DD073R	Peribronchial fibroblasts	Fibroblasts	Tata_unpubl	274	2.0637660368753	2.35983329080028	0.95985401459854	0.996350364963504	-0.296067253924975	-0.0364963503649635
homosapiens_None_2023_None_sikkemalisa_002_d10_1101_2022_03_10_483747A44	EC venous pulmonary	Ambient reference	Meyer_2021	109	0.144818169288441	0.132308208805768	0.0275229357798165	0.0275229357798165	0.0125099604826729	0
homosapiens_None_2023_None_sikkemalisa_002_d10_1101_2022_03_10_483747DD046Q	Vascular smooth muscle	Other	Tata_unpubl	18	1.64029746967923	2.05717268020404	0.888888888888889	0.944444444444444	-0.416875210524811	-0.0555555555555556
homosapiens_None_2023_None_sikkemalisa_002_d10_1101_2022_03_10_483747DD073R	EC aerocyte capillary	Ambient reference	Tata_unpubl	109	0	0.136179302382956	0	0.018348623853211	-0.136179302382956	-0.018348623853211
homosapiens_None_2023_None_sikkemalisa_002_d10_1101_2022_03_10_483747THD0009	Interstitial macrophages	Ambient reference	Banovich_Kropski_2020	300	0.023470222933358	0.0129282672543837	0.00666666666666667	0.00333333333333333	0.0105419556789743	0.00333333333333333
homosapiens_None_2023_None_sikkemalisa_002_d10_1101_2022_03_10_483747VUHD66	Transitional Club-AT2	Other	Banovich_Kropski_2020	236	0.207193047301134	0	0.0550847457627119	0	0.207193047301134	0.0550847457627119
homosapiens_None_2023_None_sikkemalisa_002_d10_1101_2022_03_10_483747192C	Adventitial fibroblasts	Fibroblasts	Kaminski_2020	88	1.16158153426217	1.93763421117244	0.534090909090909	0.920454545454545	-0.776052676910271	-0.386363636363636
homosapiens_None_2023_None_sikkemalisa_002_d10_1101_2022_03_10_483747THD0008	Vascular smooth muscle	Other	Banovich_Kropski_2020	71	1.10990498234335	1.61705773110212	0.323943661971831	0.52112676056338	-0.507152748758766	-0.197183098591549
homosapiens_None_2023_None_sikkemalisa_002_d10_1101_2022_03_10_483747muc9833	Alveolar macrophages	Ambient reference	Schiller_2020	250	0.0855634323526263	0.581603581793116	0.008	0.048	-0.49604014944049	-0.04
homosapiens_None_2023_None_sikkemalisa_002_d10_1101_2022_03_10_483747A44	Non-classical monocytes	Other	Meyer_2021	300	0.0191613858670316	0.00955837258951979	0.00333333333333333	0.00333333333333333	0.00960301327751182	0
homosapiens_None_2023_None_sikkemalisa_002_d10_1101_2022_03_10_483747DD073R	Vascular smooth muscle	Other	Tata_unpubl	155	1.39648506329141	2.08762233819614	0.561290322580645	0.87741935483871	-0.691137274904728	-0.316129032258065
homosapiens_None_2023_None_sikkemalisa_002_d10_1101_2022_03_10_483747D239	EC venous pulmonary	Ambient reference	Duong_lungMAP_unpubl	300	0.00673382728002253	0.0976884286519598	0.00333333333333333	0.0233333333333333	-0.0909546013719373	-0.02
homosapiens_None_2023_None_sikkemalisa_002_d10_1101_2022_03_10_483747356C	Interstitial macrophages	Ambient reference	Meyer_2019	300	0.0723514230174517	0.0611512150443582	0.03	0.0233333333333333	0.0112002079730935	0.00666666666666666
homosapiens_None_2023_None_sikkemalisa_002_d10_1101_2022_03_10_483747D239	EC general capillary	Ambient reference	Duong_lungMAP_unpubl	300	0.021562875136536	0.280294706889201	0.00333333333333333	0.03	-0.258731831752665	-0.0266666666666667
homosapiens_None_2023_None_sikkemalisa_002_d10_1101_2022_03_10_483747THD0008	Interstitial macrophages	Ambient reference	Banovich_Kropski_2020	300	0	0.0164525825540502	0	0.00666666666666667	-0.0164525825540502	-0.00666666666666667
homosapiens_None_2023_None_sikkemalisa_002_d10_1101_2022_03_10_483747THD0014	Adventitial fibroblasts	Fibroblasts	Banovich_Kropski_2020	78	2.27626237403971	2.63904887663658	0.91025641025641	0.974358974358974	-0.362786502596868	-0.0641025641025641
homosapiens_None_2023_None_sikkemalisa_002_d10_1101_2022_03_10_483747A44	Pericytes	Pericytes	Meyer_2021	130	0.682082441842804	2.39332622432067	0.146153846153846	0.869230769230769	-1.71124378247787	-0.723076923076923
homosapiens_None_2023_None_sikkemalisa_002_d10_1101_2022_03_10_483747D032	EC aerocyte capillary	Ambient reference	Sun_2020	95	0	0.212510762040474	0	0.0210526315789474	-0.212510762040474	-0.0210526315789474
homosapiens_None_2023_None_sikkemalisa_002_d10_1101_2022_03_10_483747465C	Alveolar macrophages	Ambient reference	Kaminski_2020	300	0.00522885841889933	0.0187847886947578	0.00333333333333333	0.0133333333333333	-0.0135559302758585	-0.01
homosapiens_None_2023_None_sikkemalisa_002_d10_1101_2022_03_10_483747NML1	AT2_AGTR2undet	Other	Sheppard_2020	293	0.232695127043549	0.0505945240244782	0.0546075085324232	0.0136518771331058	0.18210060301907	0.0409556313993174
homosapiens_None_2023_None_sikkemalisa_002_d10_1101_2022_03_10_483747226C	Classical monocytes	Other	Kaminski_2020	300	0.015267176154549	0	0.00333333333333333	0	0.015267176154549	0.00333333333333333
homosapiens_None_2023_None_sikkemalisa_002_d10_1101_2022_03_10_483747A43	EC venous pulmonary	Ambient reference	Meyer_2021	300	0.0510522320981857	0.192950751179544	0.01	0.0233333333333333	-0.141898519081358	-0.0133333333333333
homosapiens_None_2023_None_sikkemalisa_002_d10_1101_2022_03_10_483747VUHD94	Interstitial macrophages	Ambient reference	Banovich_Kropski_2020	148	0	0.0363747560843489	0	0.00675675675675676	-0.0363747560843489	-0.00675675675675676
homosapiens_None_2023_None_sikkemalisa_002_d10_1101_2022_03_10_483747A44	Alveolar fibroblasts	Fibroblasts	Meyer_2021	300	1.78277753661196	2.3472578816066	0.566666666666667	0.77	-0.564480344994632	-0.203333333333333
homosapiens_None_2023_None_sikkemalisa_002_d10_1101_2022_03_10_483747A44	Lymphatic EC	Other	Meyer_2021	191	0.0231611901709121	0.0272984270031282	0.00523560209424084	0.00523560209424084	-0.00413723683221609	0
homosapiens_None_2023_None_sikkemalisa_002_d10_1101_2022_03_10_483747D239	Interstitial macrophages	Ambient reference	Duong_lungMAP_unpubl	300	0.0140668058420598	0.0547853927884076	0.00333333333333333	0.01	-0.0407185869463478	-0.00666666666666667
homosapiens_None_2023_None_sikkemalisa_002_d10_1101_2022_03_10_483747lafy_donor_4	Alveolar fibroblasts	Fibroblasts	Lafyatis_Rojas_2019	62	1.09326402583967	1.94337291926896	0.274193548387097	0.580645161290323	-0.850108893429296	-0.306451612903226
homosapiens_None_2023_None_sikkemalisa_002_d10_1101_2022_03_10_483747lafy_donor_6	EC venous systemic	Ambient reference	Lafyatis_Rojas_2019	230	0	0.0714670297895524	0	0.00869565217391304	-0.0714670297895524	-0.00869565217391304
homosapiens_None_2023_None_sikkemalisa_002_d10_1101_2022_03_10_483747D046	Interstitial macrophages	Ambient reference	Sun_2020	215	0.459141712142198	0.336061232600975	0.0837209302325581	0.0744186046511628	0.123080479541223	0.00930232558139535
homosapiens_None_2023_None_sikkemalisa_002_d10_1101_2022_03_10_483747VUHD85	AT1	Other	Banovich_Kropski_2020	60	0.120103957108847	0	0.0166666666666667	0	0.120103957108847	0.0166666666666667
homosapiens_None_2023_None_sikkemalisa_002_d10_1101_2022_03_10_483747THD0007	Alveolar macrophages	Ambient reference	Banovich_Kropski_2020	147	0.0749902307879088	0.121168207821656	0.0204081632653061	0.0136054421768707	-0.0461779770337474	0.00680272108843537
homosapiens_None_2023_None_sikkemalisa_002_d10_1101_2022_03_10_483747GRO-08	EC venous systemic	Ambient reference	Nawijn_2021	69	0	0.0459318431102235	0	0.0144927536231884	-0.0459318431102235	-0.0144927536231884
homosapiens_None_2023_None_sikkemalisa_002_d10_1101_2022_03_10_483747VUHD078	AT2_AGTR2undet	Other	Banovich_Kropski_2020	46	0.170010413857222	0	0.0652173913043478	0	0.170010413857222	0.0652173913043478
homosapiens_None_2023_None_sikkemalisa_002_d10_1101_2022_03_10_483747D231	AT1	Other	Sun_2020	300	0.256865295459757	0.144272464621953	0.0333333333333333	0.02	0.112592830837804	0.0133333333333333
homosapiens_None_2023_None_sikkemalisa_002_d10_1101_2022_03_10_483747THD0001	AT2_AGTR2undet	Other	Banovich_Kropski_2020	291	0.107788194346615	0.00565830815426734	0.0652920962199313	0.00343642611683849	0.102129886192347	0.0618556701030928
homosapiens_None_2023_None_sikkemalisa_002_d10_1101_2022_03_10_483747muc10380	EC general capillary	Ambient reference	Schiller_2020	202	0.329974208010914	0.867111914094814	0.0099009900990099	0.0346534653465347	-0.537137706083901	-0.0247524752475248
homosapiens_None_2023_None_sikkemalisa_002_d10_1101_2022_03_10_483747D032	AT2_AGTR2undet	Other	Sun_2020	300	0.100069650544254	0.0517336337077077	0.0166666666666667	0.00666666666666667	0.0483360168365466	0.01
homosapiens_None_2023_None_sikkemalisa_002_d10_1101_2022_03_10_483747D239	Pericytes	Pericytes	Duong_lungMAP_unpubl	300	0.0463452629564211	0.787722737529488	0.00666666666666667	0.226666666666667	-0.741377474573067	-0.22
homosapiens_None_2023_None_sikkemalisa_002_d10_1101_2022_03_10_483747GRO-07	EC venous systemic	Ambient reference	Nawijn_2021	114	0.0227243501556736	0.0141066193513636	0.0175438596491228	0.0087719298245614	0.00861773080430998	0.0087719298245614
homosapiens_None_2023_None_sikkemalisa_002_d10_1101_2022_03_10_483747VUHD071	Classical monocytes	Other	Banovich_Kropski_2020	205	0.0444831340196084	0.432311651091104	0.0048780487804878	0.0390243902439024	-0.387828517071496	-0.0341463414634146
homosapiens_None_2023_None_sikkemalisa_002_d10_1101_2022_03_10_483747NU_CZI02	EC venous systemic	Ambient reference	Misharin_2021	201	0	0.0560252177352814	0	0.00995024875621891	-0.0560252177352814	-0.00995024875621891
homosapiens_None_2023_None_sikkemalisa_002_d10_1101_2022_03_10_483747muc10380	Non-classical monocytes	Other	Schiller_2020	84	0.254358140794659	0	0.0238095238095238	0	0.254358140794659	0.0238095238095238
homosapiens_None_2023_None_sikkemalisa_002_d10_1101_2022_03_10_483747NU_CZI02	EC venous pulmonary	Ambient reference	Misharin_2021	300	0.118602112635247	0.0580850360078248	0.01	0.00666666666666667	0.060517076627422	0.00333333333333333
homosapiens_None_2023_None_sikkemalisa_002_d10_1101_2022_03_10_4837471372C	DC2	Other	Kaminski_2020	64	0.0714454932416957	0.0909086147237913	0.015625	0.015625	-0.0194631214820956	0
homosapiens_None_2023_None_sikkemalisa_002_d10_1101_2022_03_10_483747101CV0ng	AT1	Other	Eils_2020	300	0.0648481632815278	0.173438094792497	0.0133333333333333	0.04	-0.108589931510969	-0.0266666666666667
homosapiens_None_2023_None_sikkemalisa_002_d10_1101_2022_03_10_483747SHMI57ng	AT2_AGTR2undet	Other	Eils_2020	283	0.103744010190889	0.101917353122562	0.0353356890459364	0.0247349823321555	0.00182665706832733	0.0106007067137809
homosapiens_None_2023_None_sikkemalisa_002_d10_1101_2022_03_10_483747VUHD84	AT1	Other	Banovich_Kropski_2020	300	0.14740819304802	0	0.01	0	0.14740819304802	0.01
homosapiens_None_2023_None_sikkemalisa_002_d10_1101_2022_03_10_483747GRO-04	DC2	Other	Nawijn_2021	231	0.0196382257006225	0	0.00432900432900433	0	0.0196382257006225	0.00432900432900433
homosapiens_None_2023_None_sikkemalisa_002_d10_1101_2022_03_10_483747DD073R	EC venous systemic	Ambient reference	Tata_unpubl	300	0.0543272705025102	0.0681629670906426	0.03	0.0333333333333333	-0.0138356965881324	-0.00333333333333333
homosapiens_None_2023_None_sikkemalisa_002_d10_1101_2022_03_10_483747QZY9VQng	Alveolar macrophages	Ambient reference	Eils_2020	146	0.146094654676971	0.0607666423470828	0.0205479452054795	0.0136986301369863	0.0853280123298878	0.00684931506849315
homosapiens_None_2023_None_sikkemalisa_002_d10_1101_2022_03_10_483747222C	AT1	Other	Kaminski_2020	74	0.0856866135951595	0	0.0135135135135135	0	0.0856866135951595	0.0135135135135135
homosapiens_None_2023_None_sikkemalisa_002_d10_1101_2022_03_10_483747DD046Q	EC general capillary	Ambient reference	Tata_unpubl	300	0.125687073557117	0.245980748925577	0.0266666666666667	0.0633333333333333	-0.12029367536846	-0.0366666666666667
homosapiens_None_2023_None_sikkemalisa_002_d10_1101_2022_03_10_483747296C	Classical monocytes	Other	Kaminski_2020	300	0	0.00870689686937325	0	0.00333333333333333	-0.00870689686937325	-0.00333333333333333
homosapiens_None_2023_None_sikkemalisa_002_d10_1101_2022_03_10_483747D150	AT2_AGTR2undet	Other	Sun_2020	300	1.52503418931921	1.48059559539385	0.543333333333333	0.546666666666667	0.0444385939253602	-0.0033333333333333
homosapiens_None_2023_None_sikkemalisa_002_d10_1101_2022_03_10_483747296C	Lymphatic EC	Other	Teichmann_Meyer_2019	115	0	0.0784433761908001	0	0.0434782608695652	-0.0784433761908001	-0.0434782608695652
homosapiens_None_2023_None_sikkemalisa_002_d10_1101_2022_03_10_483747GRO-09	Mast cells	Other	Nawijn_2021	192	0.0985580706302572	0.0449846994264004	0.0104166666666667	0.00520833333333333	0.0535733712038568	0.00520833333333333
homosapiens_None_2023_None_sikkemalisa_002_d10_1101_2022_03_10_483747A43	Alveolar fibroblasts	Fibroblasts	Meyer_2021	300	2.09617714998221	2.57569375177033	0.61	0.82	-0.479516601788121	-0.21
homosapiens_None_2023_None_sikkemalisa_002_d10_1101_2022_03_10_483747lafy_donor_6	EC aerocyte capillary	Ambient reference	Lafyatis_Rojas_2019	43	0	0.159555780226549	0	0.0232558139534884	-0.159555780226549	-0.0232558139534884
homosapiens_None_2023_None_sikkemalisa_002_d10_1101_2022_03_10_483747D088	Pericytes	Pericytes	Sun_2020	300	1.58075660428355	2.17584364330922	0.476666666666667	0.78	-0.595087039025669	-0.303333333333333
homosapiens_None_2023_None_sikkemalisa_002_d10_1101_2022_03_10_483747VUHD67	Transitional Club-AT2	Other	Banovich_Kropski_2020	172	0.0381852682689187	0	0.0174418604651163	0	0.0381852682689187	0.0174418604651163
homosapiens_None_2023_None_sikkemalisa_002_d10_1101_2022_03_10_483747VUHD68	EC general capillary	Ambient reference	Banovich_Kropski_2020	300	0.0161041511275808	0.0597349319655252	0.00333333333333333	0.00666666666666667	-0.0436307808379444	-0.00333333333333333
homosapiens_None_2023_None_sikkemalisa_002_d10_1101_2022_03_10_483747VUHD68	Pericytes	Pericytes	Banovich_Kropski_2020	105	0	1.48032587450693	0	0.352380952380952	-1.48032587450693	-0.352380952380952
homosapiens_None_2023_None_sikkemalisa_002_d10_1101_2022_03_10_483747302C	DC2	Other	Teichmann_Meyer_2019	66	0.27502880814094	0.154176091209304	0.0757575757575758	0.0454545454545455	0.120852716931635	0.0303030303030303
homosapiens_None_2023_None_sikkemalisa_002_d10_1101_2022_03_10_483747D353	Vascular smooth muscle	Other	Barbry_Leroy_2020	50	0.383597496194157	1.09261765432519	0.04	0.1	-0.709020158131029	-0.06
homosapiens_None_2023_None_sikkemalisa_002_d10_1101_2022_03_10_483747GRO-09	Classical monocytes	Other	Nawijn_2021	300	0.0831417993795419	0.0156920038080545	0.01	0.00333333333333333	0.0674497955714874	0.00666666666666667
homosapiens_None_2023_None_sikkemalisa_002_d10_1101_2022_03_10_483747VUHD104	AT1	Other	Banovich_Kropski_2020	300	0.0260586851574897	0.0825239074627858	0.00333333333333333	0.00666666666666667	-0.056465222305296	-0.00333333333333333
homosapiens_None_2023_None_sikkemalisa_002_d10_1101_2022_03_10_483747VUHD103	Non-classical monocytes	Other	Banovich_Kropski_2020	188	0	0.0446851177966798	0	0.00531914893617021	-0.0446851177966798	-0.00531914893617021
homosapiens_None_2023_None_sikkemalisa_002_d10_1101_2022_03_10_483747DD073R	Interstitial macrophages	Ambient reference	Tata_unpubl	300	0.0990403757024833	0.182013574889504	0.0533333333333333	0.08	-0.0829731991870207	-0.0266666666666667
homosapiens_None_2023_None_sikkemalisa_002_d10_1101_2022_03_10_483747D032	Adventitial fibroblasts	Fibroblasts	Sun_2020	61	1.96902803813055	2.18831585587869	0.540983606557377	0.622950819672131	-0.219287817748134	-0.0819672131147541
homosapiens_None_2023_None_sikkemalisa_002_d10_1101_2022_03_10_483747DD047Q	Non-classical monocytes	Other	Tata_unpubl	300	0	0.00389682479622881	0	0.00333333333333333	-0.00389682479622881	-0.00333333333333333
homosapiens_None_2023_None_sikkemalisa_002_d10_1101_2022_03_10_483747VUHD94	EC general capillary	Ambient reference	Banovich_Kropski_2020	300	0.0430830350732657	0.0259755790808374	0.00333333333333333	0.00333333333333333	0.0171074559924283	0
homosapiens_None_2023_None_sikkemalisa_002_d10_1101_2022_03_10_483747192C	Interstitial macrophages	Ambient reference	Kaminski_2020	300	0.00691600147476345	0.0042733395243691	0.00333333333333333	0.00333333333333333	0.00264266195039435	0
homosapiens_None_2023_None_sikkemalisa_002_d10_1101_2022_03_10_483747Donor_07	Alveolar macrophages	Ambient reference	Misharin_Budinger_2018	300	0	0.0119704845385091	0	0.00333333333333333	-0.0119704845385091	-0.00333333333333333
homosapiens_None_2023_None_sikkemalisa_002_d10_1101_2022_03_10_483747donor 2	EC general capillary	Ambient reference	Krasnow_2020	300	0	0.0216529032531096	0	0.00333333333333333	-0.0216529032531096	-0.00333333333333333
homosapiens_None_2023_None_sikkemalisa_002_d10_1101_2022_03_10_483747A43	Non-classical monocytes	Other	Meyer_2021	250	0.0275770805631543	0.25124278050739	0.004	0.036	-0.223665699944236	-0.032
homosapiens_None_2023_None_sikkemalisa_002_d10_1101_2022_03_10_483747SHMI57ng	AT1	Other	Eils_2020	300	0.0574134698516413	0.0230015789712178	0.0133333333333333	0.00666666666666667	0.0344118908804235	0.00666666666666667
homosapiens_None_2023_None_sikkemalisa_002_d10_1101_2022_03_10_483747A40	Adventitial fibroblasts	Fibroblasts	Meyer_2021	91	2.16118192570423	2.45475670682554	0.879120879120879	0.934065934065934	-0.293574781121305	-0.054945054945055
homosapiens_None_2023_None_sikkemalisa_002_d10_1101_2022_03_10_483747Donor_01	AT2_AGTR2det	Other	Misharin_Budinger_2018	45	0.156018066444966	0	0.0888888888888889	0	0.156018066444966	0.0888888888888889
homosapiens_None_2023_None_sikkemalisa_002_d10_1101_2022_03_10_483747A44	AT2_AGTR2undet	Other	Meyer_2021	285	0.418126895789169	0	0.210526315789474	0	0.418126895789169	0.210526315789474
homosapiens_None_2023_None_sikkemalisa_002_d10_1101_2022_03_10_483747muc5212	AT2_AGTR2undet	Other	Schiller_2020	267	1.03256198619792	0.396694761606716	0.048689138576779	0.0112359550561798	0.635867224591202	0.0374531835205993
homosapiens_None_2023_None_sikkemalisa_002_d10_1101_2022_03_10_483747NML3	Pericytes	Pericytes	Sheppard_2020	133	0.104863126652279	2.19309194293477	0.0225563909774436	0.766917293233083	-2.08822881628249	-0.744360902255639
homosapiens_None_2023_None_sikkemalisa_002_d10_1101_2022_03_10_4837471372C	Alveolar macrophages	Ambient reference	Kaminski_2020	300	0.0100438416441054	0.0201953241423884	0.00666666666666667	0.0133333333333333	-0.010151482498283	-0.00666666666666667
homosapiens_None_2023_None_sikkemalisa_002_d10_1101_2022_03_10_483747298C	Interstitial macrophages	Ambient reference	Teichmann_Meyer_2019	300	0.00956576328700869	0.109812285335745	0.00333333333333333	0.03	-0.100246522048736	-0.0266666666666667
homosapiens_None_2023_None_sikkemalisa_002_d10_1101_2022_03_10_483747muc5213	Lymphatic EC	Other	Schiller_2020	44	0	0.230558140101195	0	0.0227272727272727	-0.230558140101195	-0.0227272727272727
homosapiens_None_2023_None_sikkemalisa_002_d10_1101_2022_03_10_483747302C	Non-classical monocytes	Other	Teichmann_Meyer_2019	138	0.334253307190091	0.198282506761404	0.101449275362319	0.0507246376811594	0.135970800428687	0.0507246376811594
homosapiens_None_2023_None_sikkemalisa_002_d10_1101_2022_03_10_483747muc9833	DC2	Other	Schiller_2020	245	0.079765597699086	0.429730259200941	0.0122448979591837	0.036734693877551	-0.349964661501855	-0.0244897959183673
homosapiens_None_2023_None_sikkemalisa_002_d10_1101_2022_03_10_483747RU682	Alveolar macrophages	Ambient reference	Peer_Massague_2020	300	0.0118424133908972	0	0.00666666666666667	0	0.0118424133908972	0.00666666666666667
homosapiens_None_2023_None_sikkemalisa_002_d10_1101_2022_03_10_483747muc4658	Alveolar macrophages	Ambient reference	Schiller_2020	300	0.0684387527408609	0.0646067422868656	0.00333333333333333	0.00666666666666667	0.00383201045399534	-0.00333333333333333
homosapiens_None_2023_None_sikkemalisa_002_d10_1101_2022_03_10_483747D122	Alveolar fibroblasts	Fibroblasts	Sun_2020	179	0.837859908255715	2.24723847783932	0.134078212290503	0.709497206703911	-1.4093785695836	-0.575418994413408
homosapiens_None_2023_None_sikkemalisa_002_d10_1101_2022_03_10_483747302C	Subpleural fibroblasts	Fibroblasts	Teichmann_Meyer_2019	91	2.69102249698254	2.57449273245616	1	1	0.116529764526375	0
homosapiens_None_2023_None_sikkemalisa_002_d10_1101_2022_03_10_483747donor 1	EC aerocyte capillary	Ambient reference	Krasnow_2020	300	0	0.0276608044408775	0	0.00333333333333333	-0.0276608044408775	-0.00333333333333333
homosapiens_None_2023_None_sikkemalisa_002_d10_1101_2022_03_10_483747298C	DC2	Other	Teichmann_Meyer_2019	161	0.0383909591787061	0.114354986945999	0.0124223602484472	0.0372670807453416	-0.0759640277672926	-0.0248447204968944
homosapiens_None_2023_None_sikkemalisa_002_d10_1101_2022_03_10_483747Donor_07	Interstitial macrophages	Ambient reference	Misharin_Budinger_2018	300	0	0.0395294710339452	0	0.00666666666666667	-0.0395294710339452	-0.00666666666666667
homosapiens_None_2023_None_sikkemalisa_002_d10_1101_2022_03_10_483747DD046Q	Transitional Club-AT2	Other	Tata_unpubl	300	0.268707658856057	0.129490407589626	0.156666666666667	0.0733333333333333	0.139217251266431	0.0833333333333333
homosapiens_None_2023_None_sikkemalisa_002_d10_1101_2022_03_10_483747D353	Alveolar macrophages	Ambient reference	Barbry_Leroy_2020	290	0.00985503246575665	0	0.00344827586206897	0	0.00985503246575665	0.00344827586206897
homosapiens_None_2023_None_sikkemalisa_002_d10_1101_2022_03_10_483747A9LCTZng	Alveolar macrophages	Ambient reference	Eils_2020	72	0.0868097297379438	0.158718407854688	0.0416666666666667	0.0555555555555556	-0.071908678116744	-0.0138888888888889
homosapiens_None_2023_None_sikkemalisa_002_d10_1101_2022_03_10_483747D239	Transitional Club-AT2	Other	Duong_lungMAP_unpubl	300	0.0628723597414005	0.165670257798011	0.0166666666666667	0.03	-0.102797898056611	-0.0133333333333333
homosapiens_None_2023_None_sikkemalisa_002_d10_1101_2022_03_10_483747lafy_donor_4	Classical monocytes	Other	Lafyatis_Rojas_2019	300	0	0.0628229310389379	0	0.00666666666666667	-0.0628229310389379	-0.00666666666666667
homosapiens_None_2023_None_sikkemalisa_002_d10_1101_2022_03_10_483747NU_CZI02	Alveolar macrophages	Ambient reference	Misharin_2021	300	0.017472667664354	0.0397327891857099	0.00333333333333333	0.00666666666666667	-0.0222601215213559	-0.00333333333333333
homosapiens_None_2023_None_sikkemalisa_002_d10_1101_2022_03_10_483747NML1	Interstitial macrophages	Ambient reference	Sheppard_2020	172	0	0.0433446292904483	0	0.00581395348837209	-0.0433446292904483	-0.00581395348837209
homosapiens_None_2023_None_sikkemalisa_002_d10_1101_2022_03_10_483747DD073R	Mast cells	Other	Tata_unpubl	300	0.106704134001602	0.250474259061555	0.0233333333333333	0.0566666666666667	-0.143770125059954	-0.0333333333333333
homosapiens_None_2023_None_sikkemalisa_002_d10_1101_2022_03_10_483747D326	EC venous systemic	Ambient reference	Barbry_Leroy_2020	231	0.0189232992238765	0.0128880430216888	0.00432900432900433	0.00432900432900433	0.00603525620218763	0
homosapiens_None_2023_None_sikkemalisa_002_d10_1101_2022_03_10_483747D231	AT2_AGTR2undet	Other	Sun_2020	290	0.173025087659423	0.207189547197253	0.0551724137931034	0.0448275862068966	-0.0341644595378302	0.0103448275862069
homosapiens_None_2023_None_sikkemalisa_002_d10_1101_2022_03_10_483747A44	AT1	Other	Meyer_2021	300	0.145397625935441	0	0.0366666666666667	0	0.145397625935441	0.0366666666666667
homosapiens_None_2023_None_sikkemalisa_002_d10_1101_2022_03_10_483747A43	Pericytes	Pericytes	Meyer_2021	300	0.939233752749394	2.52222412324127	0.163333333333333	0.793333333333333	-1.58299037049188	-0.63
homosapiens_None_2023_None_sikkemalisa_002_d10_1101_2022_03_10_483747A37	Lymphatic EC	Other	Meyer_2021	300	0.0768066875957115	0.0731975442664864	0.0366666666666667	0.0433333333333333	0.00360914332922502	-0.00666666666666667
homosapiens_None_2023_None_sikkemalisa_002_d10_1101_2022_03_10_483747KJYDM1ng	AT1	Other	Eils_2020	202	0.0873532076538623	0.0510640445229025	0.0346534653465347	0.0198019801980198	0.0362891631309598	0.0148514851485149
homosapiens_None_2023_None_sikkemalisa_002_d10_1101_2022_03_10_483747356C	Alveolar macrophages	Ambient reference	Meyer_2019	300	0.0944425841472915	0.137329194350276	0.0333333333333333	0.0566666666666667	-0.0428866102029845	-0.0233333333333333
homosapiens_None_2023_None_sikkemalisa_002_d10_1101_2022_03_10_483747VUHD94	Pericytes	Pericytes	Banovich_Kropski_2020	55	0.223247375048096	2.07507070887545	0.0181818181818182	0.545454545454545	-1.85182333382735	-0.527272727272727
homosapiens_None_2023_None_sikkemalisa_002_d10_1101_2022_03_10_483747muc3843	AT2_AGTR2undet	Other	Schiller_2020	285	0.347129191979411	0.13117009298362	0.0245614035087719	0.00701754385964912	0.215959098995791	0.0175438596491228
homosapiens_None_2023_None_sikkemalisa_002_d10_1101_2022_03_10_483747muc10380	Classical monocytes	Other	Schiller_2020	58	1.0049538518145	1.21441175222129	0.0689655172413793	0.0862068965517241	-0.209457900406792	-0.0172413793103448
homosapiens_None_2023_None_sikkemalisa_002_d10_1101_2022_03_10_483747A40	Interstitial macrophages	Ambient reference	Meyer_2021	300	0.0209307538772524	0	0.00666666666666667	0	0.0209307538772524	0.00666666666666667
homosapiens_None_2023_None_sikkemalisa_002_d10_1101_2022_03_10_483747D122	Alveolar macrophages	Ambient reference	Sun_2020	234	0.0464210796739744	0.0341715799545237	0.0128205128205128	0.0128205128205128	0.0122494997194507	0
homosapiens_None_2023_None_sikkemalisa_002_d10_1101_2022_03_10_483747Donor_03	AT2_AGTR2undet	Other	Misharin_Budinger_2018	297	0.0200532763558794	0	0.00336700336700337	0	0.0200532763558794	0.00336700336700337
homosapiens_None_2023_None_sikkemalisa_002_d10_1101_2022_03_10_483747THD0017	AT2_AGTR2undet	Other	Banovich_Kropski_2020	300	0.0932134144992727	0.0494337205091075	0.02	0.00333333333333333	0.0437796939901652	0.0166666666666667
homosapiens_None_2023_None_sikkemalisa_002_d10_1101_2022_03_10_483747A43	Lymphatic EC	Other	Meyer_2021	300	0.132472247874381	0.119888511293631	0.0133333333333333	0.02	0.0125837365807499	-0.00666666666666667
homosapiens_None_2023_None_sikkemalisa_002_d10_1101_2022_03_10_483747Donor_02	AT2_AGTR2undet	Other	Misharin_Budinger_2018	255	0.244329420179047	0.0299266384588513	0.0666666666666667	0.00784313725490196	0.214402781720196	0.0588235294117647
homosapiens_None_2023_None_sikkemalisa_002_d10_1101_2022_03_10_483747Donor_02	Alveolar fibroblasts	Fibroblasts	Misharin_Budinger_2018	25	0.669778220487504	2.19634345195455	0.2	0.88	-1.52656523146705	-0.68
homosapiens_None_2023_None_sikkemalisa_002_d10_1101_2022_03_10_483747Patient_3	Myofibroblasts	Fibroblasts	Schiller_2021	32	2.44299523307611	2.64328717148643	0.90625	0.96875	-0.200291938410325	-0.0625
homosapiens_None_2023_None_sikkemalisa_002_d10_1101_2022_03_10_483747Donor_05	AT1	Other	Misharin_Budinger_2018	56	0.100966448671604	0	0.0357142857142857	0	0.100966448671604	0.0357142857142857
homosapiens_None_2023_None_sikkemalisa_002_d10_1101_2022_03_10_483747390C	Mast cells	Other	Meyer_2019	300	0.03495420229889	0.280139403523334	0.00333333333333333	0.0233333333333333	-0.245185201224444	-0.02
homosapiens_None_2023_None_sikkemalisa_002_d10_1101_2022_03_10_483747368C	EC venous systemic	Ambient reference	Meyer_2019	193	0.453550594191048	0.439616870018224	0.119170984455959	0.129533678756477	0.0139337241728235	-0.0103626943005181
homosapiens_None_2023_None_sikkemalisa_002_d10_1101_2022_03_10_483747A26	Myofibroblasts	Fibroblasts	Meyer_2021	179	1.71799372944483	2.07526929786637	0.452513966480447	0.631284916201117	-0.357275568421537	-0.17877094972067
homosapiens_None_2023_None_sikkemalisa_002_d10_1101_2022_03_10_483747VUHD84	Transitional Club-AT2	Other	Banovich_Kropski_2020	110	0.136000146818575	0	0.0181818181818182	0	0.136000146818575	0.0181818181818182
homosapiens_None_2023_None_sikkemalisa_002_d10_1101_2022_03_10_483747D122	Lymphatic EC	Other	Sun_2020	23	0	0.56298481032351	0	0.0434782608695652	-0.56298481032351	-0.0434782608695652
homosapiens_None_2023_None_sikkemalisa_002_d10_1101_2022_03_10_483747D239	Classical monocytes	Other	Duong_lungMAP_unpubl	300	0.0581697150776503	0.168803071307702	0.00666666666666667	0.0166666666666667	-0.110633356230052	-0.01
homosapiens_None_2023_None_sikkemalisa_002_d10_1101_2022_03_10_483747lafy_donor_3	Alveolar macrophages	Ambient reference	Lafyatis_Rojas_2019	196	0.0104231963555191	0.0226409984472668	0.00510204081632653	0.0102040816326531	-0.0122178020917476	-0.00510204081632653
homosapiens_None_2023_None_sikkemalisa_002_d10_1101_2022_03_10_483747lafy_donor_3	Adventitial fibroblasts	Fibroblasts	Lafyatis_Rojas_2019	31	2.23426927818301	2.78751830142741	0.709677419354839	0.903225806451613	-0.553249023244392	-0.193548387096774
homosapiens_None_2023_None_sikkemalisa_002_d10_1101_2022_03_10_483747VUHD84	Alveolar macrophages	Ambient reference	Banovich_Kropski_2020	300	0	0.0771809389636948	0	0.01	-0.0771809389636948	-0.01
homosapiens_None_2023_None_sikkemalisa_002_d10_1101_2022_03_10_483747DD047Q	AT1	Other	Tata_unpubl	151	0.0266497503786183	0.0727556868345276	0.0132450331125828	0.0132450331125828	-0.0461059364559093	0
homosapiens_None_2023_None_sikkemalisa_002_d10_1101_2022_03_10_483747098C	Interstitial macrophages	Ambient reference	Kaminski_2020	300	0.00525798547803384	0	0.00333333333333333	0	0.00525798547803384	0.00333333333333333
homosapiens_None_2023_None_sikkemalisa_002_d10_1101_2022_03_10_483747VUHD103	Adventitial fibroblasts	Fibroblasts	Banovich_Kropski_2020	300	1.06571275369005	1.84557136054475	0.14	0.38	-0.7798586068547	-0.24
homosapiens_None_2023_None_sikkemalisa_002_d10_1101_2022_03_10_483747VUHD101	Lymphatic EC	Other	Banovich_Kropski_2020	30	0.0600119171871	0	0.0333333333333333	0	0.0600119171871	0.0333333333333333
homosapiens_None_2023_None_sikkemalisa_002_d10_1101_2022_03_10_483747VUHD104	Lymphatic EC	Other	Banovich_Kropski_2020	201	0.0462348515917888	0.0840812872286128	0.00497512437810945	0.00995024875621891	-0.037846435636824	-0.00497512437810945
homosapiens_None_2023_None_sikkemalisa_002_d10_1101_2022_03_10_483747D088	Adventitial fibroblasts	Fibroblasts	Sun_2020	105	2.9769650865642	2.95483636606967	0.990476190476191	0.971428571428571	0.0221287204945364	0.0190476190476191
homosapiens_None_2023_None_sikkemalisa_002_d10_1101_2022_03_10_483747VUHD103	Classical monocytes	Other	Banovich_Kropski_2020	124	0.116800480488839	0.128200070182133	0.00806451612903226	0.00806451612903226	-0.0113995896932936	0
homosapiens_None_2023_None_sikkemalisa_002_d10_1101_2022_03_10_483747muc9833	Interstitial macrophages	Ambient reference	Schiller_2020	10	0	1.03430140275249	0	0.1	-1.03430140275249	-0.1
homosapiens_None_2023_None_sikkemalisa_002_d10_1101_2022_03_10_483747DD047Q	Transitional Club-AT2	Other	Tata_unpubl	300	0.257196129545389	0.0629210550353283	0.14	0.03	0.194275074510061	0.11
homosapiens_None_2023_None_sikkemalisa_002_d10_1101_2022_03_10_483747390C	Alveolar macrophages	Ambient reference	Meyer_2019	95	0.0708704522170041	0.0947658270049362	0.0421052631578947	0.0842105263157895	-0.0238953747879321	-0.0421052631578947
homosapiens_None_2023_None_sikkemalisa_002_d10_1101_2022_03_10_483747226C	DC2	Other	Kaminski_2020	143	0.0192772844837409	0.040748028005964	0.00699300699300699	0.013986013986014	-0.0214707435222232	-0.00699300699300699
homosapiens_None_2023_None_sikkemalisa_002_d10_1101_2022_03_10_483747D046	EC general capillary	Ambient reference	Sun_2020	139	0.992174480405551	1.16321327416568	0.143884892086331	0.172661870503597	-0.171038793760131	-0.0287769784172662
homosapiens_None_2023_None_sikkemalisa_002_d10_1101_2022_03_10_483747VUHD67	DC2	Other	Banovich_Kropski_2020	143	0.0413115628151721	0	0.013986013986014	0	0.0413115628151721	0.013986013986014
homosapiens_None_2023_None_sikkemalisa_002_d10_1101_2022_03_10_483747292B	Alveolar macrophages	Ambient reference	Teichmann_Meyer_2019	9	0.441093228034078	0	0.222222222222222	0	0.441093228034078	0.222222222222222
homosapiens_None_2023_None_sikkemalisa_002_d10_1101_2022_03_10_483747donor 3	EC venous pulmonary	Ambient reference	Krasnow_2020	196	0	0.00805011884995005	0	0.00510204081632653	-0.00805011884995005	-0.00510204081632653
homosapiens_None_2023_None_sikkemalisa_002_d10_1101_2022_03_10_483747A43	Vascular smooth muscle	Other	Meyer_2021	300	2.0796361446243	2.04774125213747	0.513333333333333	0.543333333333333	0.0318948924868323	-0.03
homosapiens_None_2023_None_sikkemalisa_002_d10_1101_2022_03_10_483747D354	Vascular smooth muscle	Other	Barbry_Leroy_2020	20	1.05653266356535	1.38537570589074	0.15	0.3	-0.328843042325388	-0.15
homosapiens_None_2023_None_sikkemalisa_002_d10_1101_2022_03_10_483747DD046Q	Non-classical monocytes	Other	Tata_unpubl	164	0.0214744233461155	0.12166688394935	0.00609756097560976	0.0548780487804878	-0.100192460603235	-0.0487804878048781
homosapiens_None_2023_None_sikkemalisa_002_d10_1101_2022_03_10_483747donor 3	DC2	Other	Krasnow_2020	182	0.0460958494787779	0.0373925788098177	0.010989010989011	0.010989010989011	0.00870327066896018	0
homosapiens_None_2023_None_sikkemalisa_002_d10_1101_2022_03_10_483747NML3	Alveolar fibroblasts	Fibroblasts	Sheppard_2020	300	1.85258014913325	2.29337604362259	0.66	0.86	-0.440795894489342	-0.2
homosapiens_None_2023_None_sikkemalisa_002_d10_1101_2022_03_10_483747302C	Interstitial macrophages	Ambient reference	Teichmann_Meyer_2019	300	0.213985425977928	0.177152774498735	0.0833333333333333	0.0633333333333333	0.0368326514791934	0.02
homosapiens_None_2023_None_sikkemalisa_002_d10_1101_2022_03_10_483747muc5105	Alveolar macrophages	Ambient reference	Schiller_2020	300	0.234843041967835	0.41099961700342	0.0166666666666667	0.03	-0.176156575035584	-0.0133333333333333
homosapiens_None_2023_None_sikkemalisa_002_d10_1101_2022_03_10_483747JVV9L8ng	AT2_AGTR2undet	Other	Eils_2020	295	0.180920350993636	0.262342065803907	0.0508474576271186	0.0745762711864407	-0.081421714810271	-0.023728813559322
homosapiens_None_2023_None_sikkemalisa_002_d10_1101_2022_03_10_483747ODGS1Mng	AT2_AGTR2undet	Other	Eils_2020	291	0.15324475408133	0.100981208814063	0.0309278350515464	0.0240549828178694	0.0522635452672671	0.00687285223367698
homosapiens_None_2023_None_sikkemalisa_002_d10_1101_2022_03_10_483747A47	AT2_AGTR2undet	Other	Meyer_2021	298	0.14300067295154	0	0.00671140939597315	0	0.14300067295154	0.00671140939597315
homosapiens_None_2023_None_sikkemalisa_002_d10_1101_2022_03_10_483747THD0008	Classical monocytes	Other	Banovich_Kropski_2020	300	0.213543551442306	0.208497782189669	0.0166666666666667	0.02	0.00504576925263753	-0.00333333333333333
homosapiens_None_2023_None_sikkemalisa_002_d10_1101_2022_03_10_483747D239	EC aerocyte capillary	Ambient reference	Duong_lungMAP_unpubl	300	0	0.150960835678563	0	0.0333333333333333	-0.150960835678563	-0.0333333333333333
homosapiens_None_2023_None_sikkemalisa_002_d10_1101_2022_03_10_483747A43	Adventitial fibroblasts	Fibroblasts	Meyer_2021	300	2.22552069233903	2.63602592975606	0.59	0.836666666666667	-0.410505237417026	-0.246666666666667
homosapiens_None_2023_None_sikkemalisa_002_d10_1101_2022_03_10_483747298C	AT2_AGTR2undet	Other	Teichmann_Meyer_2019	288	0.177229806193503	0.072215973786979	0.0868055555555556	0.03125	0.105013832406524	0.0555555555555556
homosapiens_None_2023_None_sikkemalisa_002_d10_1101_2022_03_10_483747D231	Alveolar macrophages	Ambient reference	Sun_2020	89	0.0224416562851364	0.273181813877896	0.0112359550561798	0.0674157303370786	-0.25074015759276	-0.0561797752808989
homosapiens_None_2023_None_sikkemalisa_002_d10_1101_2022_03_10_483747D372	Peribronchial fibroblasts	Fibroblasts	Barbry_Leroy_2020	175	2.60607373284352	2.91190785764498	0.828571428571429	0.937142857142857	-0.305834124801464	-0.108571428571429
homosapiens_None_2023_None_sikkemalisa_002_d10_1101_2022_03_10_483747226C	Alveolar macrophages	Ambient reference	Kaminski_2020	300	0.0114893960018014	0.0334916857195375	0.00333333333333333	0.01	-0.0220022897177361	-0.00666666666666667
homosapiens_None_2023_None_sikkemalisa_002_d10_1101_2022_03_10_483747VUHD106	AT1	Other	Banovich_Kropski_2020	300	0.0874069469560655	0	0.00666666666666667	0	0.0874069469560655	0.00666666666666667
homosapiens_None_2023_None_sikkemalisa_002_d10_1101_2022_03_10_483747VUHD67	Pericytes	Pericytes	Banovich_Kropski_2020	43	0	0.956885554710337	0	0.13953488372093	-0.956885554710337	-0.13953488372093
homosapiens_None_2023_None_sikkemalisa_002_d10_1101_2022_03_10_483747GRO-09	DC2	Other	Nawijn_2021	300	0	0.0704666363581571	0	0.01	-0.0704666363581571	-0.01
homosapiens_None_2023_None_sikkemalisa_002_d10_1101_2022_03_10_483747218C	Classical monocytes	Other	Kaminski_2020	300	0.00996638896305543	0.0086308375742009	0.00333333333333333	0.00333333333333333	0.00133555138885453	0
homosapiens_None_2023_None_sikkemalisa_002_d10_1101_2022_03_10_483747donor 3	Vascular smooth muscle	Other	Krasnow_2020	300	1.48335008209204	1.80165244394892	0.55	0.676666666666667	-0.318302361856879	-0.126666666666667
homosapiens_None_2023_None_sikkemalisa_002_d10_1101_2022_03_10_483747lafy_donor_6	Interstitial macrophages	Ambient reference	Lafyatis_Rojas_2019	300	0.059592511459367	0.0400249835709819	0.0166666666666667	0.0133333333333333	0.0195675278883851	0.00333333333333333
homosapiens_None_2023_None_sikkemalisa_002_d10_1101_2022_03_10_483747DD073R	Pericytes	Pericytes	Tata_unpubl	52	0.425446547615173	2.33717282643047	0.115384615384615	0.961538461538462	-1.9117262788153	-0.846153846153846
homosapiens_None_2023_None_sikkemalisa_002_d10_1101_2022_03_10_483747VUHD104	Transitional Club-AT2	Other	Banovich_Kropski_2020	152	0.0545368718487421	0.040007127364798	0.0197368421052632	0.00657894736842105	0.0145297444839441	0.0131578947368421
homosapiens_None_2023_None_sikkemalisa_002_d10_1101_2022_03_10_483747donor 3	EC aerocyte capillary	Ambient reference	Krasnow_2020	300	0	0.0331198012149843	0	0.00666666666666667	-0.0331198012149843	-0.00666666666666667
homosapiens_None_2023_None_sikkemalisa_002_d10_1101_2022_03_10_483747DD073R	Alveolar fibroblasts	Fibroblasts	Tata_unpubl	300	2.25716081931012	2.55372499559375	0.96	1	-0.296564176283625	-0.04
homosapiens_None_2023_None_sikkemalisa_002_d10_1101_2022_03_10_483747VUHD94	AT2_AGTR2undet	Other	Banovich_Kropski_2020	279	0.22753818528109	0.0769399001508325	0.046594982078853	0.014336917562724	0.150598285130258	0.032258064516129
homosapiens_None_2023_None_sikkemalisa_002_d10_1101_2022_03_10_483747lafy_donor_3	Interstitial macrophages	Ambient reference	Lafyatis_Rojas_2019	300	0.0105795484607514	0.0152122894710144	0.00333333333333333	0.00333333333333333	-0.00463274101026294	0
homosapiens_None_2023_None_sikkemalisa_002_d10_1101_2022_03_10_483747D088	AT2_AGTR2undet	Other	Sun_2020	300	1.21140426754255	1.31145931774931	0.34	0.38	-0.100055050206757	-0.04
homosapiens_None_2023_None_sikkemalisa_002_d10_1101_2022_03_10_483747101CV0ng	Alveolar fibroblasts	Fibroblasts	Eils_2020	79	1.22789409400723	1.76004246142294	0.40506329113924	0.734177215189873	-0.532148367415707	-0.329113924050633
homosapiens_None_2023_None_sikkemalisa_002_d10_1101_2022_03_10_483747NU_CZI01	Interstitial macrophages	Ambient reference	Misharin_2021	300	0	0.00535296132493899	0	0.00333333333333333	-0.00535296132493899	-0.00333333333333333
homosapiens_None_2023_None_sikkemalisa_002_d10_1101_2022_03_10_483747A26	Adventitial fibroblasts	Fibroblasts	Meyer_2021	300	1.63699479756853	2.23425053178996	0.536666666666667	0.816666666666667	-0.597255734221438	-0.28
homosapiens_None_2023_None_sikkemalisa_002_d10_1101_2022_03_10_483747muc4658	Lymphatic EC	Other	Schiller_2020	73	0	0.278288252295106	0	0.0136986301369863	-0.278288252295106	-0.0136986301369863
homosapiens_None_2023_None_sikkemalisa_002_d10_1101_2022_03_10_483747lafy_donor_4	AT2_AGTR2undet	Other	Lafyatis_Rojas_2019	280	0.122852970390452	0.0718433968817758	0.05	0.0142857142857143	0.0510095735086764	0.0357142857142857
homosapiens_None_2023_None_sikkemalisa_002_d10_1101_2022_03_10_483747GRO-10	Peribronchial fibroblasts	Fibroblasts	Nawijn_2021	300	1.74917866435607	2.50231519343853	0.4	0.773333333333333	-0.753136529082459	-0.373333333333333
homosapiens_None_2023_None_sikkemalisa_002_d10_1101_2022_03_10_483747226C	Interstitial macrophages	Ambient reference	Kaminski_2020	300	0.0339788781625859	0.0459604363465283	0.00666666666666667	0.00666666666666667	-0.0119815581839424	0
homosapiens_None_2023_None_sikkemalisa_002_d10_1101_2022_03_10_483747VUHD67	AT1	Other	Banovich_Kropski_2020	300	0.0399352581019095	0.0157271684845401	0.01	0.00333333333333333	0.0242080896173695	0.00666666666666667
homosapiens_None_2023_None_sikkemalisa_002_d10_1101_2022_03_10_483747GRO-09	EC venous systemic	Ambient reference	Nawijn_2021	300	0.0162664519649836	0.112875901859298	0.00666666666666667	0.0133333333333333	-0.0966094498943139	-0.00666666666666667
homosapiens_None_2023_None_sikkemalisa_002_d10_1101_2022_03_10_483747donor 2	AT1	Other	Krasnow_2020	288	0.0808531971684576	0.0694592254760457	0.0173611111111111	0.0173611111111111	0.0113939716924119	0
homosapiens_None_2023_None_sikkemalisa_002_d10_1101_2022_03_10_483747296C	DC2	Other	Teichmann_Meyer_2019	157	0.112783869840754	0.124161700722042	0.0318471337579618	0.0318471337579618	-0.0113778308812881	0
homosapiens_None_2023_None_sikkemalisa_002_d10_1101_2022_03_10_483747A26	AT2_AGTR2undet	Other	Meyer_2021	280	0.216596257652513	0.26564159822856	0.0428571428571429	0.0392857142857143	-0.0490453405760475	0.00357142857142857
homosapiens_None_2023_None_sikkemalisa_002_d10_1101_2022_03_10_483747160C	Mast cells	Other	Kaminski_2020	14	0	0.490943463681134	0	0.0714285714285714	-0.490943463681134	-0.0714285714285714
homosapiens_None_2023_None_sikkemalisa_002_d10_1101_2022_03_10_483747A26	Alveolar macrophages	Ambient reference	Meyer_2021	300	0.0459580560281615	0.0794863781591895	0.0133333333333333	0.02	-0.033528322131028	-0.00666666666666667
homosapiens_None_2023_None_sikkemalisa_002_d10_1101_2022_03_10_483747muc4658	AT2_AGTR2undet	Other	Schiller_2020	297	0.13978686994675	0.165986763989134	0.0134680134680135	0.0134680134680135	-0.0261998940423847	0
homosapiens_None_2023_None_sikkemalisa_002_d10_1101_2022_03_10_483747donor 3	Transitional Club-AT2	Other	Krasnow_2020	300	0.103907213579012	0	0.0533333333333333	0	0.103907213579012	0.0533333333333333
homosapiens_None_2023_None_sikkemalisa_002_d10_1101_2022_03_10_483747VUHD104	AT2_AGTR2undet	Other	Banovich_Kropski_2020	294	0.200925775782308	0.141996253280291	0.0476190476190476	0.0204081632653061	0.0589295225020167	0.0272108843537415
homosapiens_None_2023_None_sikkemalisa_002_d10_1101_2022_03_10_483747VUHD94	Alveolar fibroblasts	Fibroblasts	Banovich_Kropski_2020	42	2.39436536479789	2.95993767405297	0.714285714285714	0.928571428571429	-0.565572309255075	-0.214285714285714
homosapiens_None_2023_None_sikkemalisa_002_d10_1101_2022_03_10_483747NU_CZI01	Myofibroblasts	Fibroblasts	Misharin_2021	153	1.98976355767115	2.15853718631361	0.69281045751634	0.803921568627451	-0.16877362864246	-0.111111111111111
homosapiens_None_2023_None_sikkemalisa_002_d10_1101_2022_03_10_483747483C	Alveolar macrophages	Ambient reference	Kaminski_2020	300	0.0307088879724853	0.00579934624783048	0.0133333333333333	0.00333333333333333	0.0249095417246548	0.01
homosapiens_None_2023_None_sikkemalisa_002_d10_1101_2022_03_10_483747A37	EC venous systemic	Ambient reference	Meyer_2021	214	0.0794705128691224	0.044997741648265	0.0327102803738318	0.0233644859813084	0.0344727712208574	0.00934579439252336
homosapiens_None_2023_None_sikkemalisa_002_d10_1101_2022_03_10_483747VUHD68	Alveolar fibroblasts	Fibroblasts	Banovich_Kropski_2020	60	1.6382634484271	2.37166798113894	0.45	0.816666666666667	-0.733404532711843	-0.366666666666667
homosapiens_None_2023_None_sikkemalisa_002_d10_1101_2022_03_10_483747VUHD106	Transitional Club-AT2	Other	Banovich_Kropski_2020	300	0.139867773200882	0.176529795696941	0.0166666666666667	0.0166666666666667	-0.0366620224960589	0
homosapiens_None_2023_None_sikkemalisa_002_d10_1101_2022_03_10_483747A26	EC aerocyte capillary	Ambient reference	Meyer_2021	300	0.0270335058096015	0.0347843219806021	0.00333333333333333	0.00333333333333333	-0.00775081617100064	0
homosapiens_None_2023_None_sikkemalisa_002_d10_1101_2022_03_10_483747VUHD95	AT1	Other	Banovich_Kropski_2020	300	0.086046993488379	0	0.0133333333333333	0	0.086046993488379	0.0133333333333333
homosapiens_None_2023_None_sikkemalisa_002_d10_1101_2022_03_10_483747A9LCTZng	AT2_AGTR2undet	Other	Eils_2020	298	0.194022086378338	0.0903804671767816	0.0536912751677852	0.023489932885906	0.103641619201557	0.0302013422818792
homosapiens_None_2023_None_sikkemalisa_002_d10_1101_2022_03_10_483747THD0007	AT2_AGTR2undet	Other	Banovich_Kropski_2020	271	0.205995591876012	0.0487668648183599	0.0664206642066421	0.003690036900369	0.157228727057652	0.0627306273062731
homosapiens_None_2023_None_sikkemalisa_002_d10_1101_2022_03_10_483747QZY9VQng	AT2_AGTR2undet	Other	Eils_2020	288	0.184196550579587	0.0287949960454113	0.0277777777777778	0.00694444444444444	0.155401554534176	0.0208333333333333
homosapiens_None_2023_None_sikkemalisa_002_d10_1101_2022_03_10_483747donor 2	DC2	Other	Krasnow_2020	159	0	0.0129742930368947	0	0.00628930817610063	-0.0129742930368947	-0.00628930817610063
homosapiens_None_2023_None_sikkemalisa_002_d10_1101_2022_03_10_483747muc9833	Mast cells	Other	Schiller_2020	300	0.137243896885717	0.50453843324065	0.01	0.03	-0.367294536354932	-0.02
homosapiens_None_2023_None_sikkemalisa_002_d10_1101_2022_03_10_4837471372C	Adventitial fibroblasts	Fibroblasts	Kaminski_2020	172	1.2878982068359	1.88612280374268	0.534883720930233	0.779069767441861	-0.598224596906773	-0.244186046511628
homosapiens_None_2023_None_sikkemalisa_002_d10_1101_2022_03_10_483747D046	AT2_AGTR2undet	Other	Sun_2020	300	0.613616463613262	0.612562591731034	0.146666666666667	0.143333333333333	0.00105387188222805	0.00333333333333333
homosapiens_None_2023_None_sikkemalisa_002_d10_1101_2022_03_10_483747VUHD66	Interstitial macrophages	Ambient reference	Banovich_Kropski_2020	169	0.0353977334083662	0	0.0177514792899408	0	0.0353977334083662	0.0177514792899408
homosapiens_None_2023_None_sikkemalisa_002_d10_1101_2022_03_10_483747A26	AT1	Other	Meyer_2021	300	0.20211967944922	0.146940817179872	0.0233333333333333	0.0266666666666667	0.0551788622693485	-0.00333333333333333
homosapiens_None_2023_None_sikkemalisa_002_d10_1101_2022_03_10_483747VUHD94	Transitional Club-AT2	Other	Banovich_Kropski_2020	222	0.0206329951907916	0.0777562320644643	0.0045045045045045	0.0135135135135135	-0.0571232368736727	-0.00900900900900901
homosapiens_None_2023_None_sikkemalisa_002_d10_1101_2022_03_10_4837479JQK55ng	AT2_AGTR2undet	Other	Eils_2020	272	0.122143924381056	0.0772693591399962	0.0294117647058824	0.0147058823529412	0.0448745652410598	0.0147058823529412
homosapiens_None_2023_None_sikkemalisa_002_d10_1101_2022_03_10_483747lafy_donor_4	EC general capillary	Ambient reference	Lafyatis_Rojas_2019	300	0	0.102031589967278	0	0.00333333333333333	-0.102031589967278	-0.00333333333333333
homosapiens_None_2023_None_sikkemalisa_002_d10_1101_2022_03_10_483747VUHD67	Classical monocytes	Other	Banovich_Kropski_2020	300	0.0173873281765998	0.0619729005927169	0.00333333333333333	0.00333333333333333	-0.0445855724161171	0
homosapiens_None_2023_None_sikkemalisa_002_d10_1101_2022_03_10_483747A40	Alveolar macrophages	Ambient reference	Meyer_2021	300	0.0335121724316059	0	0.01	0	0.0335121724316059	0.01
homosapiens_None_2023_None_sikkemalisa_002_d10_1101_2022_03_10_483747VUHD071	Non-classical monocytes	Other	Banovich_Kropski_2020	300	0.0293205497210178	0.0832236021227285	0.00333333333333333	0.01	-0.0539030524017107	-0.00666666666666667
homosapiens_None_2023_None_sikkemalisa_002_d10_1101_2022_03_10_483747DD046Q	AT1	Other	Tata_unpubl	73	0.080565455872166	0.252484137080666	0.0547945205479452	0.0684931506849315	-0.1719186812085	-0.0136986301369863
homosapiens_None_2023_None_sikkemalisa_002_d10_1101_2022_03_10_483747160C	Alveolar macrophages	Ambient reference	Kaminski_2020	300	0.00721507112087618	0.0174749504171174	0.00333333333333333	0.00666666666666667	-0.0102598792962412	-0.00333333333333333
homosapiens_None_2023_None_sikkemalisa_002_d10_1101_2022_03_10_483747356C	Classical monocytes	Other	Meyer_2019	300	0.0671366756472165	0.0491624365684256	0.01	0.00666666666666667	0.0179742390787909	0.00333333333333333
homosapiens_None_2023_None_sikkemalisa_002_d10_1101_2022_03_10_483747muc5103	DC2	Other	Schiller_2020	63	1.06299713346625	0.168086154115575	0.0793650793650794	0.0158730158730159	0.894910979350672	0.0634920634920635
homosapiens_None_2023_None_sikkemalisa_002_d10_1101_2022_03_10_483747D032	Alveolar macrophages	Ambient reference	Sun_2020	300	0	0.0158953860491234	0	0.00666666666666667	-0.0158953860491234	-0.00666666666666667
homosapiens_None_2023_None_sikkemalisa_002_d10_1101_2022_03_10_483747A37	Non-classical monocytes	Other	Meyer_2021	233	0	0.0107115385139097	0	0.00429184549356223	-0.0107115385139097	-0.00429184549356223
homosapiens_None_2023_None_sikkemalisa_002_d10_1101_2022_03_10_483747439C	Alveolar macrophages	Ambient reference	Kaminski_2020	300	0.00665400678622279	0	0.00333333333333333	0	0.00665400678622279	0.00333333333333333
homosapiens_None_2023_None_sikkemalisa_002_d10_1101_2022_03_10_48374716E0F2ng	Pericytes	Pericytes	Eils_2020	12	0	1.78555150259448	0	0.583333333333333	-1.78555150259448	-0.583333333333333
homosapiens_None_2023_None_sikkemalisa_002_d10_1101_2022_03_10_483747VUHD84	Interstitial macrophages	Ambient reference	Banovich_Kropski_2020	300	0.0517812199123529	0	0.00333333333333333	0	0.0517812199123529	0.00333333333333333
homosapiens_None_2023_None_sikkemalisa_002_d10_1101_2022_03_10_483747Donor_03	Alveolar macrophages	Ambient reference	Misharin_Budinger_2018	300	0	0.0166996480692083	0	0.00333333333333333	-0.0166996480692083	-0.00333333333333333
homosapiens_None_2023_None_sikkemalisa_002_d10_1101_2022_03_10_483747DD046Q	Mast cells	Other	Tata_unpubl	151	0.0558804792123182	0.20458277268125	0.0198675496688742	0.0529801324503311	-0.148702293468932	-0.033112582781457
homosapiens_None_2023_None_sikkemalisa_002_d10_1101_2022_03_10_483747A32	AT1	Other	Meyer_2021	55	0.241468262002131	0	0.0181818181818182	0	0.241468262002131	0.0181818181818182
homosapiens_None_2023_None_sikkemalisa_002_d10_1101_2022_03_10_483747NML1	Alveolar macrophages	Ambient reference	Sheppard_2020	300	0.0710960011176295	0.0451443823869283	0.0166666666666667	0.0166666666666667	0.0259516187307012	0
homosapiens_None_2023_None_sikkemalisa_002_d10_1101_2022_03_10_483747Donor_02	AT2_AGTR2det	Other	Misharin_Budinger_2018	45	0.329324340502085	0	0.111111111111111	0	0.329324340502085	0.111111111111111
homosapiens_None_2023_None_sikkemalisa_002_d10_1101_2022_03_10_4837479JQK55ng	Alveolar macrophages	Ambient reference	Eils_2020	300	0.0109636721920623	0	0.00333333333333333	0	0.0109636721920623	0.00333333333333333
homosapiens_None_2023_None_sikkemalisa_002_d10_1101_2022_03_10_483747lafy_donor_6	Adventitial fibroblasts	Fibroblasts	Lafyatis_Rojas_2019	174	1.68266295637021	1.92823643672355	0.436781609195402	0.597701149425287	-0.245573480353335	-0.160919540229885
homosapiens_None_2023_None_sikkemalisa_002_d10_1101_2022_03_10_483747VUHD92	AT1	Other	Banovich_Kropski_2020	300	0.0523080794736378	0	0.01	0	0.0523080794736378	0.01
homosapiens_None_2023_None_sikkemalisa_002_d10_1101_2022_03_10_483747lafy_donor_2	AT2_AGTR2undet	Other	Lafyatis_Rojas_2019	204	0.0412936541749938	0	0.0245098039215686	0	0.0412936541749938	0.0245098039215686
homosapiens_None_2023_None_sikkemalisa_002_d10_1101_2022_03_10_483747A43	Mast cells	Other	Meyer_2021	300	0.195103585316524	0.285537277914481	0.01	0.0166666666666667	-0.090433692597957	-0.00666666666666667
homosapiens_None_2023_None_sikkemalisa_002_d10_1101_2022_03_10_483747DD046Q	Classical monocytes	Other	Tata_unpubl	300	0.059836326756877	0.156742727233751	0.02	0.0533333333333333	-0.0969064004768739	-0.0333333333333333
homosapiens_None_2023_None_sikkemalisa_002_d10_1101_2022_03_10_483747A44	EC general capillary	Ambient reference	Meyer_2021	300	0.128212345303851	0.0721539313640425	0.01	0.0166666666666667	0.0560584139398086	-0.00666666666666667
homosapiens_None_2023_None_sikkemalisa_002_d10_1101_2022_03_10_483747muc9833	Alveolar fibroblasts	Fibroblasts	Schiller_2020	32	1.36166940198314	3.1228862328591	0.15625	0.78125	-1.76121683087596	-0.625
homosapiens_None_2023_None_sikkemalisa_002_d10_1101_2022_03_10_483747NML2	AT2_AGTR2det	Other	Sheppard_2020	44	0.263569844608061	0.129948947118572	0.0681818181818182	0.0227272727272727	0.133620897489488	0.0454545454545454
homosapiens_None_2023_None_sikkemalisa_002_d10_1101_2022_03_10_483747VUHD104	EC aerocyte capillary	Ambient reference	Banovich_Kropski_2020	300	0	0.080013592306404	0	0.00666666666666667	-0.080013592306404	-0.00666666666666667
homosapiens_None_2023_None_sikkemalisa_002_d10_1101_2022_03_10_483747Patient_6	Alveolar fibroblasts	Fibroblasts	Schiller_2021	36	1.85773165983635	2.58826420063946	0.583333333333333	0.972222222222222	-0.730532540803114	-0.388888888888889
homosapiens_None_2023_None_sikkemalisa_002_d10_1101_2022_03_10_483747lafy_donor_6	EC general capillary	Ambient reference	Lafyatis_Rojas_2019	273	0.222679333259629	0.318176270263786	0.010989010989011	0.021978021978022	-0.0954969370041573	-0.010989010989011
homosapiens_None_2023_None_sikkemalisa_002_d10_1101_2022_03_10_483747D122	Interstitial macrophages	Ambient reference	Sun_2020	300	0.0569183013914463	0.179797744562727	0.00333333333333333	0.0233333333333333	-0.12287944317128	-0.02
homosapiens_None_2023_None_sikkemalisa_002_d10_1101_2022_03_10_483747D150	AT1	Other	Sun_2020	300	1.21820404931569	1.32010012399858	0.466666666666667	0.566666666666667	-0.101896074682889	-0.1
homosapiens_None_2023_None_sikkemalisa_002_d10_1101_2022_03_10_483747D062	Pericytes	Pericytes	Sun_2020	114	1.35286643400948	2.18313268484104	0.456140350877193	0.87719298245614	-0.830266250831556	-0.421052631578947
homosapiens_None_2023_None_sikkemalisa_002_d10_1101_2022_03_10_483747Donor_05	Transitional Club-AT2	Other	Misharin_Budinger_2018	70	0.0973245862686284	0	0.0857142857142857	0	0.0973245862686284	0.0857142857142857
homosapiens_None_2023_None_sikkemalisa_002_d10_1101_2022_03_10_4837479JQK55ng	AT1	Other	Eils_2020	300	0.0504028297489492	0.025042080134543	0.01	0.00666666666666667	0.0253607496144062	0.00333333333333333
homosapiens_None_2023_None_sikkemalisa_002_d10_1101_2022_03_10_483747D239	AT2_AGTR2undet	Other	Duong_lungMAP_unpubl	296	0.14899686503323	0.184383096335644	0.0506756756756757	0.0337837837837838	-0.0353862313024134	0.0168918918918919
homosapiens_None_2023_None_sikkemalisa_002_d10_1101_2022_03_10_483747donor 2	Pericytes	Pericytes	Krasnow_2020	300	0.0925770409570133	1.76655539198575	0.0133333333333333	0.573333333333333	-1.67397835102874	-0.56
homosapiens_None_2023_None_sikkemalisa_002_d10_1101_2022_03_10_483747VUHD103	Alveolar macrophages	Ambient reference	Banovich_Kropski_2020	300	0.0340136253334471	0.0504448725410776	0.00666666666666667	0.01	-0.0164312472076305	-0.00333333333333333
homosapiens_None_2023_None_sikkemalisa_002_d10_1101_2022_03_10_483747A43	EC venous systemic	Ambient reference	Meyer_2021	300	0	0.0622555768584901	0	0.0166666666666667	-0.0622555768584901	-0.0166666666666667
homosapiens_None_2023_None_sikkemalisa_002_d10_1101_2022_03_10_483747Donor_03	Transitional Club-AT2	Other	Misharin_Budinger_2018	162	0.0525720610204176	0	0.0185185185185185	0	0.0525720610204176	0.0185185185185185
homosapiens_None_2023_None_sikkemalisa_002_d10_1101_2022_03_10_483747NML3	Interstitial macrophages	Ambient reference	Sheppard_2020	300	0	0.0250471754584463	0	0.00333333333333333	-0.0250471754584463	-0.00333333333333333
homosapiens_None_2023_None_sikkemalisa_002_d10_1101_2022_03_10_483747D139	AT1	Other	Sun_2020	300	0.0755001361022756	0.0515940753006019	0.0133333333333333	0.01	0.0239060608016738	0.00333333333333333
homosapiens_None_2023_None_sikkemalisa_002_d10_1101_2022_03_10_483747VUHD106	Adventitial fibroblasts	Fibroblasts	Banovich_Kropski_2020	202	1.74753174250077	2.42384740089627	0.316831683168317	0.618811881188119	-0.676315658395505	-0.301980198019802
homosapiens_None_2023_None_sikkemalisa_002_d10_1101_2022_03_10_483747VUHD107	Alveolar macrophages	Ambient reference	Banovich_Kropski_2020	5	1.51983562422487	1.51983562422487	0.2	0.2	0	0
homosapiens_None_2023_None_sikkemalisa_002_d10_1101_2022_03_10_483747VUHD98	Alveolar macrophages	Ambient reference	Banovich_Kropski_2020	236	0.00416543111109383	0.00463101040049556	0.00423728813559322	0.00423728813559322	-0.000465579289401721	0
homosapiens_None_2023_None_sikkemalisa_002_d10_1101_2022_03_10_483747VUHD70	Alveolar macrophages	Ambient reference	Banovich_Kropski_2020	300	0.0123468277710819	0.00905677089902181	0.01	0.00333333333333333	0.00329005687206004	0.00666666666666667
homosapiens_None_2023_None_sikkemalisa_002_d10_1101_2022_03_10_483747VUHD67	Non-classical monocytes	Other	Banovich_Kropski_2020	300	0.00930971451422449	0.0148559364783091	0.00333333333333333	0.00333333333333333	-0.00554622196408456	0
homosapiens_None_2023_None_sikkemalisa_002_d10_1101_2022_03_10_48374716E0F2ng	Alveolar macrophages	Ambient reference	Eils_2020	186	0.132209420707733	0.0989223986333345	0.021505376344086	0.0161290322580645	0.033287022074398	0.00537634408602151
homosapiens_None_2023_None_sikkemalisa_002_d10_1101_2022_03_10_483747D062	AT1	Other	Sun_2020	300	0.609533421297699	0.57318628012277	0.19	0.173333333333333	0.036347141174929	0.0166666666666667
homosapiens_None_2023_None_sikkemalisa_002_d10_1101_2022_03_10_483747THD0005	Interstitial macrophages	Ambient reference	Banovich_Kropski_2020	191	0	0.011344729638376	0	0.00523560209424084	-0.011344729638376	-0.00523560209424084
homosapiens_None_2023_None_sikkemalisa_002_d10_1101_2022_03_10_483747muc5103	Non-classical monocytes	Other	Schiller_2020	58	0.427421024148607	0.569494330020775	0.0344827586206897	0.0344827586206897	-0.142073305872167	0
homosapiens_None_2023_None_sikkemalisa_002_d10_1101_2022_03_10_483747donor 2	Alveolar macrophages	Ambient reference	Krasnow_2020	300	0.00875468998105109	0.00351046144546163	0.00666666666666667	0.00333333333333333	0.00524422853558946	0.00333333333333333
homosapiens_None_2023_None_sikkemalisa_002_d10_1101_2022_03_10_483747donor 1	Subpleural fibroblasts	Fibroblasts	Krasnow_2020	34	2.76981936883437	2.73135162188403	1	1	0.0384677469503374	0
homosapiens_None_2023_None_sikkemalisa_002_d10_1101_2022_03_10_483747NU_CZI01	DC2	Other	Misharin_2021	300	0	0.0101388880077398	0	0.00666666666666667	-0.0101388880077398	-0.00666666666666667
homosapiens_None_2023_None_sikkemalisa_002_d10_1101_2022_03_10_483747A26	AT2_AGTR2det	Other	Meyer_2021	20	0.16324470189462	0	0.05	0	0.16324470189462	0.05
homosapiens_None_2023_None_sikkemalisa_002_d10_1101_2022_03_10_483747390C	EC venous systemic	Ambient reference	Meyer_2019	108	0.0225145143139866	0.0190641950452261	0.0277777777777778	0.0185185185185185	0.00345031926876048	0.00925925925925926
homosapiens_None_2023_None_sikkemalisa_002_d10_1101_2022_03_10_483747356C	AT1	Other	Meyer_2019	87	0.0732518063693522	0	0.0114942528735632	0	0.0732518063693522	0.0114942528735632
homosapiens_None_2023_None_sikkemalisa_002_d10_1101_2022_03_10_483747THD0005	Mast cells	Other	Banovich_Kropski_2020	300	0.0532275631791515	0	0.00333333333333333	0	0.0532275631791515	0.00333333333333333
homosapiens_None_2023_None_sikkemalisa_002_d10_1101_2022_03_10_483747A44	Classical monocytes	Other	Meyer_2021	297	0.112831648173498	0.0722080322072007	0.00673400673400673	0.00336700336700337	0.0406236159662973	0.00336700336700337
homosapiens_None_2023_None_sikkemalisa_002_d10_1101_2022_03_10_483747A37	Interstitial macrophages	Ambient reference	Meyer_2021	300	0.0363463715152154	0.0128362364392059	0.01	0.00666666666666667	0.0235101350760095	0.00333333333333333
homosapiens_None_2023_None_sikkemalisa_002_d10_1101_2022_03_10_483747390C	Classical monocytes	Other	Meyer_2019	300	0.184827361232973	0.360912010761023	0.0533333333333333	0.113333333333333	-0.176084649528049	-0.06
homosapiens_None_2023_None_sikkemalisa_002_d10_1101_2022_03_10_483747HC3	Alveolar macrophages	Ambient reference	Zhang_2021	300	0.00919912702982405	0	0.00666666666666667	0	0.00919912702982405	0.00666666666666667
homosapiens_None_2023_None_sikkemalisa_002_d10_1101_2022_03_10_483747222C	Alveolar fibroblasts	Fibroblasts	Kaminski_2020	38	0.741739362421442	1.89389869294124	0.157894736842105	0.578947368421053	-1.1521593305198	-0.421052631578947
homosapiens_None_2023_None_sikkemalisa_002_d10_1101_2022_03_10_483747084C	Alveolar macrophages	Ambient reference	Kaminski_2020	166	0	0.0451010094691619	0	0.00602409638554217	-0.0451010094691619	-0.00602409638554217
homosapiens_None_2023_None_sikkemalisa_002_d10_1101_2022_03_10_483747NML1	Alveolar fibroblasts	Fibroblasts	Sheppard_2020	300	0.855724714547814	1.55598383482394	0.163333333333333	0.41	-0.700259120276127	-0.246666666666667
homosapiens_None_2023_None_sikkemalisa_002_d10_1101_2022_03_10_483747lafy_donor_3	AT2_AGTR2undet	Other	Lafyatis_Rojas_2019	178	0.173618058487653	0.0570676546921954	0.0786516853932584	0.0112359550561798	0.116550403795458	0.0674157303370786
homosapiens_None_2023_None_sikkemalisa_002_d10_1101_2022_03_10_483747Donor_05	Interstitial macrophages	Ambient reference	Misharin_Budinger_2018	161	0.0305419491693257	0.0565264370353661	0.0062111801242236	0.0124223602484472	-0.0259844878660404	-0.0062111801242236
homosapiens_None_2023_None_sikkemalisa_002_d10_1101_2022_03_10_483747298C	Adventitial fibroblasts	Fibroblasts	Teichmann_Meyer_2019	124	1.89732116906612	2.20434318128209	0.838709677419355	0.975806451612903	-0.307022012215966	-0.137096774193548
homosapiens_None_2023_None_sikkemalisa_002_d10_1101_2022_03_10_483747A26	Mast cells	Other	Meyer_2021	300	0.0479040883274334	0.256420808087845	0.00666666666666667	0.0133333333333333	-0.208516719760412	-0.00666666666666667
homosapiens_None_2023_None_sikkemalisa_002_d10_1101_2022_03_10_483747A26	Alveolar fibroblasts	Fibroblasts	Meyer_2021	300	1.22692193457059	2.10536515136836	0.273333333333333	0.613333333333333	-0.878443216797773	-0.34
homosapiens_None_2023_None_sikkemalisa_002_d10_1101_2022_03_10_483747lafy_donor_6	Lymphatic EC	Other	Lafyatis_Rojas_2019	239	0	0.090559274450274	0	0.00836820083682008	-0.090559274450274	-0.00836820083682008
homosapiens_None_2023_None_sikkemalisa_002_d10_1101_2022_03_10_483747VUHD103	AT2_AGTR2undet	Other	Banovich_Kropski_2020	283	0.0381021180915994	0.109170172925395	0.00706713780918728	0.0176678445229682	-0.0710680548337951	-0.0106007067137809
homosapiens_None_2023_None_sikkemalisa_002_d10_1101_2022_03_10_483747D062	Interstitial macrophages	Ambient reference	Sun_2020	300	0.611005072120189	0.554617892059652	0.183333333333333	0.183333333333333	0.0563871800605376	0
homosapiens_None_2023_None_sikkemalisa_002_d10_1101_2022_03_10_483747137C	Classical monocytes	Other	Kaminski_2020	217	0	0.0106983204340878	0	0.00460829493087558	-0.0106983204340878	-0.00460829493087558
homosapiens_None_2023_None_sikkemalisa_002_d10_1101_2022_03_10_483747VUHD67	EC general capillary	Ambient reference	Banovich_Kropski_2020	224	0.0212006183310846	0.0323349779825164	0.00446428571428571	0.00446428571428571	-0.0111343596514319	0
homosapiens_None_2023_None_sikkemalisa_002_d10_1101_2022_03_10_483747Donor_08	Alveolar macrophages	Ambient reference	Misharin_Budinger_2018	300	0.0142769182002898	0	0.00333333333333333	0	0.0142769182002898	0.00333333333333333
homosapiens_None_2023_None_sikkemalisa_002_d10_1101_2022_03_10_483747390C	DC2	Other	Meyer_2019	219	0.106932311960946	0.188646727924099	0.0365296803652968	0.0547945205479452	-0.0817144159631528	-0.0182648401826484
homosapiens_None_2023_None_sikkemalisa_002_d10_1101_2022_03_10_483747368C	Mast cells	Other	Meyer_2019	98	0.738815206060177	0.710070033734983	0.0918367346938776	0.0612244897959184	0.0287451723251939	0.0306122448979592
homosapiens_None_2023_None_sikkemalisa_002_d10_1101_2022_03_10_483747GRO-10	Non-classical monocytes	Other	Nawijn_2021	32	0.190044042758584	0	0.03125	0	0.190044042758584	0.03125
homosapiens_None_2023_None_sikkemalisa_002_d10_1101_2022_03_10_483747VUHD101	AT2_AGTR2det	Other	Banovich_Kropski_2020	71	0.15966974585302	0	0.112676056338028	0	0.15966974585302	0.112676056338028
homosapiens_None_2023_None_sikkemalisa_002_d10_1101_2022_03_10_483747VUHD104	Classical monocytes	Other	Banovich_Kropski_2020	93	0	0.0940327943130263	0	0.010752688172043	-0.0940327943130263	-0.010752688172043
homosapiens_None_2023_None_sikkemalisa_002_d10_1101_2022_03_10_483747356C	Adventitial fibroblasts	Fibroblasts	Meyer_2019	199	2.41200948647459	2.53708364402418	0.969849246231156	0.979899497487437	-0.12507415754959	-0.0100502512562815
homosapiens_None_2023_None_sikkemalisa_002_d10_1101_2022_03_10_483747484C	Alveolar macrophages	Ambient reference	Kaminski_2020	202	0	0.0180524522692578	0	0.0099009900990099	-0.0180524522692578	-0.0099009900990099
homosapiens_None_2023_None_sikkemalisa_002_d10_1101_2022_03_10_483747VUHD103	Alveolar fibroblasts	Fibroblasts	Banovich_Kropski_2020	81	1.7000267281381	2.59747097953568	0.296296296296296	0.703703703703704	-0.897444251397573	-0.407407407407407
homosapiens_None_2023_None_sikkemalisa_002_d10_1101_2022_03_10_483747VUHD98	AT2_AGTR2undet	Other	Banovich_Kropski_2020	276	0.216041211245256	0	0.0833333333333333	0	0.216041211245256	0.0833333333333333
homosapiens_None_2023_None_sikkemalisa_002_d10_1101_2022_03_10_483747A9LCTZng	Alveolar fibroblasts	Fibroblasts	Eils_2020	128	1.47972944696277	1.80108768484676	0.53125	0.6796875	-0.321358237883991	-0.1484375
homosapiens_None_2023_None_sikkemalisa_002_d10_1101_2022_03_10_483747donor 1	EC general capillary	Ambient reference	Krasnow_2020	300	0.0141791999290518	0.0224536408960405	0.00333333333333333	0.00333333333333333	-0.00827444096698864	0
homosapiens_None_2023_None_sikkemalisa_002_d10_1101_2022_03_10_483747lafy_donor_6	EC venous pulmonary	Ambient reference	Lafyatis_Rojas_2019	259	0.151152728289399	0.0250154047939265	0.00386100386100386	0.00386100386100386	0.126137323495473	0
homosapiens_None_2023_None_sikkemalisa_002_d10_1101_2022_03_10_483747THD0019	Interstitial macrophages	Ambient reference	Banovich_Kropski_2020	300	0.00781841311949503	0	0.00333333333333333	0	0.00781841311949503	0.00333333333333333
homosapiens_None_2023_None_sikkemalisa_002_d10_1101_2022_03_10_483747D122	Vascular smooth muscle	Other	Sun_2020	7	0.626121583674305	1.95342483265308	0.142857142857143	0.428571428571429	-1.32730324897877	-0.285714285714286
homosapiens_None_2023_None_sikkemalisa_002_d10_1101_2022_03_10_483747DD046Q	EC aerocyte capillary	Ambient reference	Tata_unpubl	226	0.146535664776242	0.283431869590093	0.0309734513274336	0.0619469026548673	-0.136896204813852	-0.0309734513274336
homosapiens_None_2023_None_sikkemalisa_002_d10_1101_2022_03_10_483747muc3843	Alveolar macrophages	Ambient reference	Schiller_2020	300	0.0258293833403252	0.107010510840704	0.00333333333333333	0.01	-0.0811811275003792	-0.00666666666666667
homosapiens_None_2023_None_sikkemalisa_002_d10_1101_2022_03_10_483747Donor_06	AT1	Other	Misharin_Budinger_2018	286	0.00989448388086917	0	0.0034965034965035	0	0.00989448388086917	0.0034965034965035
homosapiens_None_2023_None_sikkemalisa_002_d10_1101_2022_03_10_483747DD046Q	Interstitial macrophages	Ambient reference	Tata_unpubl	66	0.0985931243605115	0.214547193014294	0.0606060606060606	0.151515151515152	-0.115954068653782	-0.0909090909090909
homosapiens_None_2023_None_sikkemalisa_002_d10_1101_2022_03_10_483747GRO-04	Mast cells	Other	Nawijn_2021	100	0.0850761996830383	0.279104349520477	0.01	0.02	-0.194028149837438	-0.01
homosapiens_None_2023_None_sikkemalisa_002_d10_1101_2022_03_10_483747THD0014	AT2_AGTR2undet	Other	Banovich_Kropski_2020	260	0.118032392028452	0.040790213478885	0.0307692307692308	0.00769230769230769	0.0772421785495668	0.0230769230769231
homosapiens_None_2023_None_sikkemalisa_002_d10_1101_2022_03_10_483747368C	Interstitial macrophages	Ambient reference	Meyer_2019	300	0.498571925019187	0.605191370147154	0.11	0.17	-0.106619445127967	-0.06
homosapiens_None_2023_None_sikkemalisa_002_d10_1101_2022_03_10_483747VUHD071	Alveolar macrophages	Ambient reference	Banovich_Kropski_2020	300	0.0590102964467665	0.278026431697543	0.00666666666666667	0.0333333333333333	-0.219016135250776	-0.0266666666666667
homosapiens_None_2023_None_sikkemalisa_002_d10_1101_2022_03_10_483747lafy_donor_4	Vascular smooth muscle	Other	Lafyatis_Rojas_2019	54	1.07031171266644	1.26646608999629	0.166666666666667	0.259259259259259	-0.196154377329849	-0.0925925925925926
homosapiens_None_2023_None_sikkemalisa_002_d10_1101_2022_03_10_483747368C	AT2_AGTR2undet	Other	Meyer_2019	291	0.479891423016116	0.542421131380016	0.219931271477663	0.22680412371134	-0.0625297083639004	-0.00687285223367698
homosapiens_None_2023_None_sikkemalisa_002_d10_1101_2022_03_10_483747D032	AT1	Other	Sun_2020	300	0.129882571150005	0.0298725705014011	0.02	0.00333333333333333	0.100010000648604	0.0166666666666667
homosapiens_None_2023_None_sikkemalisa_002_d10_1101_2022_03_10_483747A37	Adventitial fibroblasts	Fibroblasts	Meyer_2021	300	2.40288406409213	2.55780010607054	0.976666666666667	0.996666666666667	-0.154916041978401	-0.02
homosapiens_None_2023_None_sikkemalisa_002_d10_1101_2022_03_10_483747A26	EC general capillary	Ambient reference	Meyer_2021	300	0	0.0610502761109698	0	0.01	-0.0610502761109698	-0.01
homosapiens_None_2023_None_sikkemalisa_002_d10_1101_2022_03_10_483747lafy_donor_6	AT1	Other	Lafyatis_Rojas_2019	300	0.0377442436912813	0.162195051854674	0.00666666666666667	0.00666666666666667	-0.124450808163393	0
homosapiens_None_2023_None_sikkemalisa_002_d10_1101_2022_03_10_483747D046	Pericytes	Pericytes	Sun_2020	96	0.980604744612184	1.62632413364799	0.177083333333333	0.385416666666667	-0.645719389035807	-0.208333333333333
homosapiens_None_2023_None_sikkemalisa_002_d10_1101_2022_03_10_483747D322	EC venous systemic	Ambient reference	Barbry_Leroy_2020	233	0.0792354046619753	0	0.00858369098712446	0	0.0792354046619753	0.00858369098712446
homosapiens_None_2023_None_sikkemalisa_002_d10_1101_2022_03_10_483747133C	AT2_AGTR2undet	Other	Kaminski_2020	294	0.114497770603552	0.00911255642982867	0.0510204081632653	0.00340136054421769	0.105385214173723	0.0476190476190476
homosapiens_None_2023_None_sikkemalisa_002_d10_1101_2022_03_10_483747Donor_08	AT2_AGTR2undet	Other	Misharin_Budinger_2018	289	0.0812731517781124	0.0122866903430455	0.0207612456747405	0.00346020761245675	0.068986461435067	0.0173010380622837
homosapiens_None_2023_None_sikkemalisa_002_d10_1101_2022_03_10_483747NU_CZI02	AT1	Other	Misharin_2021	300	0.00985000510538659	0.0212239113974837	0.00333333333333333	0.00333333333333333	-0.0113739062920972	0
homosapiens_None_2023_None_sikkemalisa_002_d10_1101_2022_03_10_483747A26	Interstitial macrophages	Ambient reference	Meyer_2021	300	0.00728216435646105	0.0884264788355169	0.00333333333333333	0.01	-0.0811443144790558	-0.00666666666666667
homosapiens_None_2023_None_sikkemalisa_002_d10_1101_2022_03_10_483747JVV9L8ng	Alveolar macrophages	Ambient reference	Eils_2020	136	0.120503946973732	0.0705017748222706	0.0294117647058824	0.0147058823529412	0.0500021721514611	0.0147058823529412
homosapiens_None_2023_None_sikkemalisa_002_d10_1101_2022_03_10_483747THD0014	Classical monocytes	Other	Banovich_Kropski_2020	101	0.12297627444171	0.136413830992364	0.0198019801980198	0.0198019801980198	-0.0134375565506547	0
homosapiens_None_2023_None_sikkemalisa_002_d10_1101_2022_03_10_483747D372	Vascular smooth muscle	Other	Barbry_Leroy_2020	161	0.933654623292799	1.54579670264243	0.124223602484472	0.298136645962733	-0.61214207934963	-0.173913043478261
homosapiens_None_2023_None_sikkemalisa_002_d10_1101_2022_03_10_483747VUHD84	Adventitial fibroblasts	Fibroblasts	Banovich_Kropski_2020	168	1.56381515593264	2.30723737574145	0.303571428571429	0.613095238095238	-0.743422219808817	-0.30952380952381
homosapiens_None_2023_None_sikkemalisa_002_d10_1101_2022_03_10_483747Donor_05	AT2_AGTR2undet	Other	Misharin_Budinger_2018	280	0.138444591054359	0.049241215562026	0.0571428571428571	0.0178571428571429	0.0892033754923327	0.0392857142857143
homosapiens_None_2023_None_sikkemalisa_002_d10_1101_2022_03_10_483747VUHD94	Non-classical monocytes	Other	Banovich_Kropski_2020	300	0.0252196229894734	0.0113670439721186	0.00333333333333333	0.00333333333333333	0.0138525790173549	0
homosapiens_None_2023_None_sikkemalisa_002_d10_1101_2022_03_10_483747368C	Myofibroblasts	Fibroblasts	Meyer_2019	15	2.0492666681431	2.66902206956937	0.733333333333333	1	-0.619755401426268	-0.266666666666667
homosapiens_None_2023_None_sikkemalisa_002_d10_1101_2022_03_10_483747253C	Classical monocytes	Other	Kaminski_2020	239	0.0192882528919382	0	0.00836820083682008	0	0.0192882528919382	0.00836820083682008
homosapiens_None_2023_None_sikkemalisa_002_d10_1101_2022_03_10_483747D239	Mast cells	Other	Duong_lungMAP_unpubl	300	0	0.182912623068701	0	0.0233333333333333	-0.182912623068701	-0.0233333333333333
homosapiens_None_2023_None_sikkemalisa_002_d10_1101_2022_03_10_483747VUHD66	AT2_AGTR2det	Other	Banovich_Kropski_2020	36	0.626821148673327	0.238496484424773	0.194444444444444	0.0277777777777778	0.388324664248554	0.166666666666667
homosapiens_None_2023_None_sikkemalisa_002_d10_1101_2022_03_10_483747NML2	EC aerocyte capillary	Ambient reference	Sheppard_2020	234	0.0376629871070194	0.0119346079975618	0.00427350427350427	0.00427350427350427	0.0257283791094576	0
homosapiens_None_2023_None_sikkemalisa_002_d10_1101_2022_03_10_483747VUHD67	Adventitial fibroblasts	Fibroblasts	Banovich_Kropski_2020	37	2.35452233896287	2.60945720826735	0.72972972972973	0.918918918918919	-0.254934869304476	-0.189189189189189
homosapiens_None_2023_None_sikkemalisa_002_d10_1101_2022_03_10_483747DD073R	AT2_AGTR2undet	Other	Tata_unpubl	162	0.34523322553783	0.109848018756109	0.246913580246914	0.0617283950617284	0.235385206781722	0.185185185185185
homosapiens_None_2023_None_sikkemalisa_002_d10_1101_2022_03_10_483747101CV0ng	AT2_AGTR2undet	Other	Eils_2020	299	0.206229580086153	0.144742078804635	0.0434782608695652	0.0367892976588629	0.0614875012815178	0.00668896321070234
homosapiens_None_2023_None_sikkemalisa_002_d10_1101_2022_03_10_483747VUHD107	Interstitial macrophages	Ambient reference	Banovich_Kropski_2020	92	0	0.129390090678986	0	0.0108695652173913	-0.129390090678986	-0.0108695652173913
homosapiens_None_2023_None_sikkemalisa_002_d10_1101_2022_03_10_483747muc5103	Mast cells	Other	Schiller_2020	144	0.246875236022866	0.534661900585851	0.0138888888888889	0.0277777777777778	-0.287786664562985	-0.0138888888888889
homosapiens_None_2023_None_sikkemalisa_002_d10_1101_2022_03_10_483747D175	Adventitial fibroblasts	Fibroblasts	Sun_2020	115	1.30139382872303	2.21724228244095	0.443478260869565	0.895652173913044	-0.915848453717923	-0.452173913043478
homosapiens_None_2023_None_sikkemalisa_002_d10_1101_2022_03_10_483747D139	Alveolar fibroblasts	Fibroblasts	Sun_2020	300	0.998087965422126	1.70399137985728	0.176666666666667	0.483333333333333	-0.705903414435153	-0.306666666666667
homosapiens_None_2023_None_sikkemalisa_002_d10_1101_2022_03_10_483747356C	AT2_AGTR2undet	Other	Meyer_2019	250	0.21582795019611	0.108675760197066	0.064	0.024	0.107152189999044	0.04
homosapiens_None_2023_None_sikkemalisa_002_d10_1101_2022_03_10_483747donor 1	Pericytes	Pericytes	Krasnow_2020	63	0.595132396758776	2.05834746570684	0.111111111111111	0.714285714285714	-1.46321506894806	-0.603174603174603
homosapiens_None_2023_None_sikkemalisa_002_d10_1101_2022_03_10_483747D046	Alveolar fibroblasts	Fibroblasts	Sun_2020	300	1.4818531654205	2.16878650026276	0.39	0.746666666666667	-0.68693333484226	-0.356666666666667
homosapiens_None_2023_None_sikkemalisa_002_d10_1101_2022_03_10_483747D139	EC aerocyte capillary	Ambient reference	Sun_2020	80	0.20129252965374	0.125826105460496	0.0125	0.0125	0.0754664241932444	0
homosapiens_None_2023_None_sikkemalisa_002_d10_1101_2022_03_10_483747356C	AT2_AGTR2det	Other	Meyer_2019	50	0.391702589755778	0.212168143628778	0.14	0.06	0.179534446126999	0.08
homosapiens_None_2023_None_sikkemalisa_002_d10_1101_2022_03_10_483747VUHD66	Adventitial fibroblasts	Fibroblasts	Banovich_Kropski_2020	75	2.10783594325642	2.53301385443316	0.813333333333333	0.946666666666667	-0.425177911176734	-0.133333333333333
homosapiens_None_2023_None_sikkemalisa_002_d10_1101_2022_03_10_483747Donor_06	AT2_AGTR2undet	Other	Misharin_Budinger_2018	274	0.12891443440602	0.0169839750074652	0.0510948905109489	0.0072992700729927	0.111930459398555	0.0437956204379562
homosapiens_None_2023_None_sikkemalisa_002_d10_1101_2022_03_10_483747296C	Adventitial fibroblasts	Fibroblasts	Teichmann_Meyer_2019	211	2.26304472486821	2.47484980790566	0.943127962085308	0.995260663507109	-0.211805083037451	-0.0521327014218009
homosapiens_None_2023_None_sikkemalisa_002_d10_1101_2022_03_10_483747356C	Subpleural fibroblasts	Fibroblasts	Meyer_2019	79	2.44102091420082	2.42224487737177	1	0.987341772151899	0.018776036829053	0.0126582278481012
homosapiens_None_2023_None_sikkemalisa_002_d10_1101_2022_03_10_483747muc5213	Alveolar macrophages	Ambient reference	Schiller_2020	64	0.110081108828348	0.304789976875189	0.015625	0.015625	-0.194708868046841	0
homosapiens_None_2023_None_sikkemalisa_002_d10_1101_2022_03_10_483747390C	EC venous pulmonary	Ambient reference	Meyer_2019	94	0	0.0783854084305052	0	0.0212765957446809	-0.0783854084305052	-0.0212765957446809
homosapiens_None_2023_None_sikkemalisa_002_d10_1101_2022_03_10_483747D239	Vascular smooth muscle	Other	Duong_lungMAP_unpubl	300	0.798004808248013	1.10912510370226	0.176666666666667	0.29	-0.311120295454246	-0.113333333333333
homosapiens_None_2023_None_sikkemalisa_002_d10_1101_2022_03_10_483747D032	Transitional Club-AT2	Other	Sun_2020	55	0.0667897736047657	0	0.0181818181818182	0	0.0667897736047657	0.0181818181818182
homosapiens_None_2023_None_sikkemalisa_002_d10_1101_2022_03_10_483747390C	Lymphatic EC	Other	Meyer_2019	95	0.019564591039479	0.162749579710099	0.0210526315789474	0.0736842105263158	-0.14318498867062	-0.0526315789473684
homosapiens_None_2023_None_sikkemalisa_002_d10_1101_2022_03_10_483747101CV0ng	Alveolar macrophages	Ambient reference	Eils_2020	222	0.0228706542268162	0.031036592461595	0.0045045045045045	0.00900900900900901	-0.00816593823477877	-0.0045045045045045
homosapiens_None_2023_None_sikkemalisa_002_d10_1101_2022_03_10_483747D088	EC venous pulmonary	Ambient reference	Sun_2020	5	1.56039284059536	2.6099413610286	0.4	1	-1.04954852043324	-0.6
homosapiens_None_2023_None_sikkemalisa_002_d10_1101_2022_03_10_483747D122	AT1	Other	Sun_2020	300	0.0539711106244936	0.0661796862192194	0.0133333333333333	0.0166666666666667	-0.0122085755947257	-0.00333333333333333
homosapiens_None_2023_None_sikkemalisa_002_d10_1101_2022_03_10_483747NML1	EC general capillary	Ambient reference	Sheppard_2020	239	0	0.0633482910547451	0	0.00836820083682008	-0.0633482910547451	-0.00836820083682008
homosapiens_None_2023_None_sikkemalisa_002_d10_1101_2022_03_10_483747Patient_1	Alveolar fibroblasts	Fibroblasts	Schiller_2021	300	1.48419715958918	2.26846253321175	0.423333333333333	0.773333333333333	-0.784265373622569	-0.35
homosapiens_None_2023_None_sikkemalisa_002_d10_1101_2022_03_10_483747Patient_1	EC general capillary	Ambient reference	Schiller_2021	300	0.0889378649520003	0	0.00333333333333333	0	0.0889378649520003	0.00333333333333333
homosapiens_None_2023_None_sikkemalisa_002_d10_1101_2022_03_10_483747THD0010	Adventitial fibroblasts	Fibroblasts	Banovich_Kropski_2020	8	2.42390316248474	2.73582157762048	0.75	1	-0.311918415135745	-0.25
homosapiens_None_2023_None_sikkemalisa_002_d10_1101_2022_03_10_483747GRO-08	Peribronchial fibroblasts	Fibroblasts	Nawijn_2021	62	1.82879184512905	2.389192324852	0.741935483870968	0.983870967741935	-0.560400479722948	-0.241935483870968
homosapiens_None_2023_None_sikkemalisa_002_d10_1101_2022_03_10_483747NU_CZI01	Alveolar macrophages	Ambient reference	Misharin_2021	300	0.0125513865030944	0.0179489277156805	0.00666666666666667	0.00333333333333333	-0.00539754121258606	0.00333333333333333
homosapiens_None_2023_None_sikkemalisa_002_d10_1101_2022_03_10_483747D139	Interstitial macrophages	Ambient reference	Sun_2020	282	0.0288133742072393	0.014339648543125	0.00354609929078014	0.00354609929078014	0.0144737256641143	0
homosapiens_None_2023_None_sikkemalisa_002_d10_1101_2022_03_10_483747A43	Transitional Club-AT2	Other	Meyer_2021	75	0.55810000690417	0.425136028255914	0.08	0.0533333333333333	0.132963978648256	0.0266666666666667
homosapiens_None_2023_None_sikkemalisa_002_d10_1101_2022_03_10_483747DD073R	Classical monocytes	Other	Tata_unpubl	115	0.0866734071588943	0.179455140754246	0.0260869565217391	0.0434782608695652	-0.0927817335953521	-0.0173913043478261
homosapiens_None_2023_None_sikkemalisa_002_d10_1101_2022_03_10_483747lafy_donor_6	Vascular smooth muscle	Other	Lafyatis_Rojas_2019	102	1.06070253536912	0.816370861141031	0.0980392156862745	0.117647058823529	0.244331674228091	-0.0196078431372549
homosapiens_None_2023_None_sikkemalisa_002_d10_1101_2022_03_10_483747208C	Alveolar macrophages	Ambient reference	Kaminski_2020	300	0.0153367084760899	0.00389591362081507	0.00666666666666667	0.00333333333333333	0.0114407948552749	0.00333333333333333
homosapiens_None_2023_None_sikkemalisa_002_d10_1101_2022_03_10_483747A40	AT2_AGTR2undet	Other	Meyer_2021	256	0.327026590540793	0.068096047516424	0.16015625	0.01171875	0.258930543024369	0.1484375
homosapiens_None_2023_None_sikkemalisa_002_d10_1101_2022_03_10_483747A32	AT2_AGTR2undet	Other	Meyer_2021	154	0.227396366698481	0.476189083116032	0.025974025974026	0.051948051948052	-0.24879271641755	-0.025974025974026
homosapiens_None_2023_None_sikkemalisa_002_d10_1101_2022_03_10_483747A43	EC general capillary	Ambient reference	Meyer_2021	300	0.210126045148103	0.314544331053839	0.0233333333333333	0.0366666666666667	-0.104418285905736	-0.0133333333333333
homosapiens_None_2023_None_sikkemalisa_002_d10_1101_2022_03_10_483747VUHD103	Lymphatic EC	Other	Banovich_Kropski_2020	300	0.0254478792708996	0.172361552616463	0.00333333333333333	0.0166666666666667	-0.146913673345563	-0.0133333333333333
homosapiens_None_2023_None_sikkemalisa_002_d10_1101_2022_03_10_4837471A1DFBng	AT2_AGTR2undet	Other	Eils_2020	278	0.193077320541719	0.0544189562640455	0.0539568345323741	0.0143884892086331	0.138658364277674	0.039568345323741
homosapiens_None_2023_None_sikkemalisa_002_d10_1101_2022_03_10_483747JVV9L8ng	EC general capillary	Ambient reference	Eils_2020	224	0.159797410990889	0.195782184064177	0.0267857142857143	0.03125	-0.0359847730732879	-0.00446428571428572
homosapiens_None_2023_None_sikkemalisa_002_d10_1101_2022_03_10_483747D239	Lymphatic EC	Other	Duong_lungMAP_unpubl	300	0.00403455670907906	0.231385140860671	0.00333333333333333	0.04	-0.227350584151592	-0.0366666666666667
homosapiens_None_2023_None_sikkemalisa_002_d10_1101_2022_03_10_483747VUHD67	Interstitial macrophages	Ambient reference	Banovich_Kropski_2020	300	0	0.0241260300457535	0	0.00666666666666667	-0.0241260300457535	-0.00666666666666667
homosapiens_None_2023_None_sikkemalisa_002_d10_1101_2022_03_10_483747RU682	Classical monocytes	Other	Peer_Massague_2020	116	0.044728011866807	0	0.00862068965517241	0	0.044728011866807	0.00862068965517241
homosapiens_None_2023_None_sikkemalisa_002_d10_1101_2022_03_10_483747THD0007	Adventitial fibroblasts	Fibroblasts	Banovich_Kropski_2020	32	2.38134182557201	2.62286868691897	0.96875	1	-0.241526861346954	-0.03125
homosapiens_None_2023_None_sikkemalisa_002_d10_1101_2022_03_10_483747VUHD94	Alveolar macrophages	Ambient reference	Banovich_Kropski_2020	26	0	0.29926528950587	0	0.0384615384615385	-0.29926528950587	-0.0384615384615385
homosapiens_None_2023_None_sikkemalisa_002_d10_1101_2022_03_10_483747RU682	DC2	Other	Peer_Massague_2020	55	0.289878415548321	0.154287876282418	0.181818181818182	0.0909090909090909	0.135590539265902	0.0909090909090909
homosapiens_None_2023_None_sikkemalisa_002_d10_1101_2022_03_10_483747muc10380	Alveolar fibroblasts	Fibroblasts	Schiller_2020	300	1.18987225453975	3.17286177290822	0.12	0.76	-1.98298951836847	-0.64
homosapiens_None_2023_None_sikkemalisa_002_d10_1101_2022_03_10_483747NU_CZI02	Classical monocytes	Other	Misharin_2021	300	0.0200976633802389	0.012229845097518	0.00333333333333333	0.00333333333333333	0.00786781828272092	0
homosapiens_None_2023_None_sikkemalisa_002_d10_1101_2022_03_10_483747KJYDM1ng	AT2_AGTR2undet	Other	Eils_2020	276	0.138865522451832	0.123079625895115	0.0652173913043478	0.0615942028985507	0.0157858965567171	0.0036231884057971
homosapiens_None_2023_None_sikkemalisa_002_d10_1101_2022_03_10_483747A9LCTZng	EC venous systemic	Ambient reference	Eils_2020	51	0	0.0548949572590453	0	0.0196078431372549	-0.0548949572590453	-0.0196078431372549
homosapiens_None_2023_None_sikkemalisa_002_d10_1101_2022_03_10_483747VUHD95	Transitional Club-AT2	Other	Banovich_Kropski_2020	109	0.182267537121804	0	0.0275229357798165	0	0.182267537121804	0.0275229357798165
homosapiens_None_2023_None_sikkemalisa_002_d10_1101_2022_03_10_483747VUHD106	EC venous pulmonary	Ambient reference	Banovich_Kropski_2020	108	0	0.141068488424491	0	0.00925925925925926	-0.141068488424491	-0.00925925925925926
homosapiens_None_2023_None_sikkemalisa_002_d10_1101_2022_03_10_483747lafy_donor_5	Alveolar fibroblasts	Fibroblasts	Lafyatis_Rojas_2019	27	0.82811877094524	2.50312627976791	0.222222222222222	0.888888888888889	-1.67500750882267	-0.666666666666667
homosapiens_None_2023_None_sikkemalisa_002_d10_1101_2022_03_10_483747296C	Interstitial macrophages	Ambient reference	Teichmann_Meyer_2019	300	0.106393694846689	0.114853219158911	0.03	0.0333333333333333	-0.00845952431222231	-0.00333333333333333
homosapiens_None_2023_None_sikkemalisa_002_d10_1101_2022_03_10_483747302C	Adventitial fibroblasts	Fibroblasts	Teichmann_Meyer_2019	48	1.8801116854565	2.24351886306932	0.958333333333333	1	-0.363407177612819	-0.0416666666666666
homosapiens_None_2023_None_sikkemalisa_002_d10_1101_2022_03_10_483747VUHD68	Alveolar macrophages	Ambient reference	Banovich_Kropski_2020	300	0	0.00648709235212451	0	0.00333333333333333	-0.00648709235212451	-0.00333333333333333
homosapiens_None_2023_None_sikkemalisa_002_d10_1101_2022_03_10_483747VUHD92	Transitional Club-AT2	Other	Banovich_Kropski_2020	106	0.0712811671832548	0	0.0188679245283019	0	0.0712811671832548	0.0188679245283019
homosapiens_None_2023_None_sikkemalisa_002_d10_1101_2022_03_10_483747VUHD106	Alveolar macrophages	Ambient reference	Banovich_Kropski_2020	300	0.032697927465803	0.20536648135941	0.00333333333333333	0.0166666666666667	-0.172668553893607	-0.0133333333333333
homosapiens_None_2023_None_sikkemalisa_002_d10_1101_2022_03_10_483747A47	Adventitial fibroblasts	Fibroblasts	Meyer_2021	300	2.28094358748631	2.93345909670834	0.376666666666667	0.663333333333333	-0.652515509222027	-0.286666666666667
homosapiens_None_2023_None_sikkemalisa_002_d10_1101_2022_03_10_483747NU_CZI02	AT2_AGTR2undet	Other	Misharin_2021	281	0.16426808406148	0.0148332364263447	0.0676156583629893	0.00355871886120996	0.149434847635136	0.0640569395017794
homosapiens_None_2023_None_sikkemalisa_002_d10_1101_2022_03_10_483747VUHD104	Non-classical monocytes	Other	Banovich_Kropski_2020	124	0	0.0493065480083048	0	0.00806451612903226	-0.0493065480083048	-0.00806451612903226
homosapiens_None_2023_None_sikkemalisa_002_d10_1101_2022_03_10_483747290B	Non-classical monocytes	Other	Teichmann_Meyer_2019	220	0.157757704930192	0.167059934154197	0.0318181818181818	0.0454545454545455	-0.00930222922400462	-0.0136363636363636
homosapiens_None_2023_None_sikkemalisa_002_d10_1101_2022_03_10_483747GRO-10	Mast cells	Other	Nawijn_2021	93	0.0112459262560832	0	0.010752688172043	0	0.0112459262560832	0.010752688172043
homosapiens_None_2023_None_sikkemalisa_002_d10_1101_2022_03_10_483747donor 3	Alveolar macrophages	Ambient reference	Krasnow_2020	300	0.0162060680563144	0.00853519369080953	0.0166666666666667	0.01	0.00767087436550485	0.00666666666666667
homosapiens_None_2023_None_sikkemalisa_002_d10_1101_2022_03_10_483747133C	AT1	Other	Kaminski_2020	108	0.1286999999203	0	0.0185185185185185	0	0.1286999999203	0.0185185185185185
homosapiens_None_2023_None_sikkemalisa_002_d10_1101_2022_03_10_483747VUHD95	Non-classical monocytes	Other	Banovich_Kropski_2020	78	0	0.0386695460912106	0	0.0128205128205128	-0.0386695460912106	-0.0128205128205128
homosapiens_None_2023_None_sikkemalisa_002_d10_1101_2022_03_10_483747034C	Alveolar macrophages	Ambient reference	Kaminski_2020	125	0.100125194470463	0.0223647355527883	0.008	0.016	0.0777604589176743	-0.008
homosapiens_None_2023_None_sikkemalisa_002_d10_1101_2022_03_10_483747VUHD106	AT2_AGTR2undet	Other	Banovich_Kropski_2020	296	0.0281813295620406	0.015175061208352	0.00337837837837838	0.00337837837837838	0.0130062683536885	0
homosapiens_None_2023_None_sikkemalisa_002_d10_1101_2022_03_10_483747VUHD071	AT2_AGTR2undet	Other	Banovich_Kropski_2020	152	0.118785689459545	0.0739631866962838	0.0197368421052632	0.0131578947368421	0.044822502763261	0.00657894736842105
homosapiens_None_2023_None_sikkemalisa_002_d10_1101_2022_03_10_483747D231	Classical monocytes	Other	Sun_2020	28	0	0.185437932806121	0	0.0357142857142857	-0.185437932806121	-0.0357142857142857
homosapiens_None_2023_None_sikkemalisa_002_d10_1101_2022_03_10_483747D062	DC2	Other	Sun_2020	28	0.331632819866926	0.673316392141924	0.107142857142857	0.25	-0.341683572274998	-0.142857142857143
homosapiens_None_2023_None_sikkemalisa_002_d10_1101_2022_03_10_483747VUHD94	AT1	Other	Banovich_Kropski_2020	300	0.0813982098158334	0.125003530014763	0.00666666666666667	0.01	-0.0436053201989301	-0.00333333333333333
homosapiens_None_2023_None_sikkemalisa_002_d10_1101_2022_03_10_483747D088	EC general capillary	Ambient reference	Sun_2020	84	1.48435059290972	1.72303568988436	0.357142857142857	0.428571428571429	-0.238685096974635	-0.0714285714285714
homosapiens_None_2023_None_sikkemalisa_002_d10_1101_2022_03_10_483747065C	Alveolar macrophages	Ambient reference	Kaminski_2020	300	0.0551629378941834	0.0384761513082575	0.0166666666666667	0.00333333333333333	0.0166867865859259	0.0133333333333333
homosapiens_None_2023_None_sikkemalisa_002_d10_1101_2022_03_10_483747Donor_02	AT1	Other	Misharin_Budinger_2018	118	0.0612805041819519	0	0.0169491525423729	0	0.0612805041819519	0.0169491525423729
homosapiens_None_2023_None_sikkemalisa_002_d10_1101_2022_03_10_483747Donor_05	Alveolar macrophages	Ambient reference	Misharin_Budinger_2018	300	0.0177966262635871	0.0546030469223256	0.00666666666666667	0.0133333333333333	-0.0368064206587385	-0.00666666666666667
homosapiens_None_2023_None_sikkemalisa_002_d10_1101_2022_03_10_483747368C	DC2	Other	Meyer_2019	300	0.427509194528169	0.6858260832278	0.173333333333333	0.246666666666667	-0.258316888699631	-0.0733333333333333
homosapiens_None_2023_None_sikkemalisa_002_d10_1101_2022_03_10_483747VUHD67	AT2_AGTR2det	Other	Banovich_Kropski_2020	30	0.0270703774710006	0	0.0333333333333333	0	0.0270703774710006	0.0333333333333333
homosapiens_None_2023_None_sikkemalisa_002_d10_1101_2022_03_10_483747VUHD103	DC2	Other	Banovich_Kropski_2020	61	0	0.124957799562727	0	0.0163934426229508	-0.124957799562727	-0.0163934426229508
homosapiens_None_2023_None_sikkemalisa_002_d10_1101_2022_03_10_483747Donor_07	Alveolar fibroblasts	Fibroblasts	Misharin_Budinger_2018	35	1.61170558011482	2.02816130645024	0.514285714285714	0.771428571428571	-0.416455726335415	-0.257142857142857
homosapiens_None_2023_None_sikkemalisa_002_d10_1101_2022_03_10_483747A40	Vascular smooth muscle	Other	Meyer_2021	43	1.22808372632557	1.49983609479082	0.511627906976744	0.744186046511628	-0.271752368465251	-0.232558139534884
homosapiens_None_2023_None_sikkemalisa_002_d10_1101_2022_03_10_483747226C	AT2_AGTR2det	Other	Kaminski_2020	17	0.23038756369754	0	0.176470588235294	0	0.23038756369754	0.176470588235294
homosapiens_None_2023_None_sikkemalisa_002_d10_1101_2022_03_10_483747160C	Adventitial fibroblasts	Fibroblasts	Kaminski_2020	31	2.03215831038666	2.32508694996917	0.967741935483871	1	-0.292928639582508	-0.032258064516129
homosapiens_None_2023_None_sikkemalisa_002_d10_1101_2022_03_10_483747donor 3	Lymphatic EC	Other	Krasnow_2020	176	0	0.00925602565850995	0	0.00568181818181818	-0.00925602565850995	-0.00568181818181818
homosapiens_None_2023_None_sikkemalisa_002_d10_1101_2022_03_10_483747D344	Transitional Club-AT2	Other	Barbry_Leroy_2020	52	0.198436983987037	0	0.0384615384615385	0	0.198436983987037	0.0384615384615385
homosapiens_None_2023_None_sikkemalisa_002_d10_1101_2022_03_10_483747D150	Adventitial fibroblasts	Fibroblasts	Sun_2020	29	3.03192720407806	3.05344382215223	0.96551724137931	1	-0.0215166180741759	-0.0344827586206896
homosapiens_None_2023_None_sikkemalisa_002_d10_1101_2022_03_10_483747muc5213	AT1	Other	Schiller_2020	45	0	0.627500370439092	0	0.0222222222222222	-0.627500370439092	-0.0222222222222222
homosapiens_None_2023_None_sikkemalisa_002_d10_1101_2022_03_10_483747D122	EC general capillary	Ambient reference	Sun_2020	122	0.0418833914783754	0.439115557428211	0.00819672131147541	0.0491803278688525	-0.397232165949835	-0.040983606557377
homosapiens_None_2023_None_sikkemalisa_002_d10_1101_2022_03_10_483747160C	AT2_AGTR2undet	Other	Kaminski_2020	49	0.115346795282039	0.110318105014116	0.0204081632653061	0.0204081632653061	0.00502869026792359	0
homosapiens_None_2023_None_sikkemalisa_002_d10_1101_2022_03_10_4837471372C	Lymphatic EC	Other	Kaminski_2020	114	0.0221272005353991	0.100707405857244	0.0087719298245614	0.0087719298245614	-0.0785802053218445	0
homosapiens_None_2023_None_sikkemalisa_002_d10_1101_2022_03_10_483747S4ECX8ng	AT2_AGTR2det	Other	Eils_2020	28	0.156318409643644	0	0.0357142857142857	0	0.156318409643644	0.0357142857142857
homosapiens_None_2023_None_sikkemalisa_002_d10_1101_2022_03_10_483747VUHD84	AT2_AGTR2undet	Other	Banovich_Kropski_2020	262	0.123172434108935	0	0.0229007633587786	0	0.123172434108935	0.0229007633587786
homosapiens_None_2023_None_sikkemalisa_002_d10_1101_2022_03_10_483747THD0012	Interstitial macrophages	Ambient reference	Banovich_Kropski_2020	271	0	0.00769285951178609	0	0.003690036900369	-0.00769285951178609	-0.003690036900369
homosapiens_None_2023_None_sikkemalisa_002_d10_1101_2022_03_10_483747368C	Vascular smooth muscle	Other	Meyer_2019	104	1.48400248399586	2.03327948117289	0.490384615384615	0.692307692307692	-0.549276997177027	-0.201923076923077
homosapiens_None_2023_None_sikkemalisa_002_d10_1101_2022_03_10_483747302C	AT2_AGTR2undet	Other	Teichmann_Meyer_2019	242	0.277856011233557	0.165365958755468	0.152892561983471	0.0785123966942149	0.112490052478089	0.0743801652892562
homosapiens_None_2023_None_sikkemalisa_002_d10_1101_2022_03_10_483747NU_CZI02	Alveolar fibroblasts	Fibroblasts	Misharin_2021	229	1.734706586021	2.41743451591675	0.493449781659389	0.820960698689956	-0.682727929895741	-0.327510917030568
homosapiens_None_2023_None_sikkemalisa_002_d10_1101_2022_03_10_483747DD073R	Lymphatic EC	Other	Tata_unpubl	44	0.0558386346133151	0.0496874291315369	0.0227272727272727	0.0227272727272727	0.00615120548177821	0
homosapiens_None_2023_None_sikkemalisa_002_d10_1101_2022_03_10_483747DD047Q	AT2_AGTR2undet	Other	Tata_unpubl	122	0.23639905979974	0.076106361234419	0.131147540983607	0.0245901639344262	0.160292698565321	0.10655737704918
homosapiens_None_2023_None_sikkemalisa_002_d10_1101_2022_03_10_483747VUHD85	Pericytes	Pericytes	Banovich_Kropski_2020	22	0	2.08361873629088	0	0.727272727272727	-2.08361873629088	-0.727272727272727
homosapiens_None_2023_None_sikkemalisa_002_d10_1101_2022_03_10_483747Patient_4	Alveolar fibroblasts	Fibroblasts	Schiller_2021	64	2.19955899989825	2.76754119354381	0.6875	0.921875	-0.567982193645558	-0.234375
homosapiens_None_2023_None_sikkemalisa_002_d10_1101_2022_03_10_483747D032	Alveolar fibroblasts	Fibroblasts	Sun_2020	300	0.91474090365721	1.6764871202511	0.136666666666667	0.356666666666667	-0.761746216593886	-0.22
homosapiens_None_2023_None_sikkemalisa_002_d10_1101_2022_03_10_483747Donor_06	Non-classical monocytes	Other	Misharin_Budinger_2018	93	0	0.0551673018435625	0	0.010752688172043	-0.0551673018435625	-0.010752688172043
homosapiens_None_2023_None_sikkemalisa_002_d10_1101_2022_03_10_483747192C	Alveolar macrophages	Ambient reference	Kaminski_2020	205	0.0125456969239104	0.0565013282331814	0.0048780487804878	0.0292682926829268	-0.043955631309271	-0.024390243902439
homosapiens_None_2023_None_sikkemalisa_002_d10_1101_2022_03_10_483747Donor_03	AT1	Other	Misharin_Budinger_2018	73	0.203617003725782	0	0.0273972602739726	0	0.203617003725782	0.0273972602739726
homosapiens_None_2023_None_sikkemalisa_002_d10_1101_2022_03_10_483747NU_CZI02	Interstitial macrophages	Ambient reference	Misharin_2021	300	0	0.0132404756211281	0	0.00333333333333333	-0.0132404756211281	-0.00333333333333333
homosapiens_None_2023_None_sikkemalisa_002_d10_1101_2022_03_10_483747THD0008	Mast cells	Other	Banovich_Kropski_2020	113	0.139782863547161	0	0.00884955752212389	0	0.139782863547161	0.00884955752212389
homosapiens_None_2023_None_sikkemalisa_002_d10_1101_2022_03_10_483747NU_CZI01	AT1	Other	Misharin_2021	300	0.265722420814875	0.0661460248286311	0.0366666666666667	0.01	0.199576395986243	0.0266666666666667
homosapiens_None_2023_None_sikkemalisa_002_d10_1101_2022_03_10_483747muc10380	DC2	Other	Schiller_2020	110	0.426178030067256	0.438331915494401	0.0454545454545455	0.0181818181818182	-0.0121538854271454	0.0272727272727273
homosapiens_None_2023_None_sikkemalisa_002_d10_1101_2022_03_10_483747Patient_1	Myofibroblasts	Fibroblasts	Schiller_2021	17	1.69793386935819	1.98462539913882	0.588235294117647	0.647058823529412	-0.28669152978063	-0.0588235294117647
homosapiens_None_2023_None_sikkemalisa_002_d10_1101_2022_03_10_483747lafy_donor_6	Alveolar macrophages	Ambient reference	Lafyatis_Rojas_2019	300	0	0.0432259310561782	0	0.0166666666666667	-0.0432259310561782	-0.0166666666666667
homosapiens_None_2023_None_sikkemalisa_002_d10_1101_2022_03_10_483747Patient_1	Peribronchial fibroblasts	Fibroblasts	Schiller_2021	40	2.22905676424093	2.68348384570925	0.875	1	-0.45442708146832	-0.125
homosapiens_None_2023_None_sikkemalisa_002_d10_1101_2022_03_10_483747muc10380	Lymphatic EC	Other	Schiller_2020	80	0.450080785566389	0.539591126605176	0.025	0.025	-0.089510341038787	0
homosapiens_None_2023_None_sikkemalisa_002_d10_1101_2022_03_10_483747098C	Alveolar macrophages	Ambient reference	Kaminski_2020	300	0.00405497239989174	0	0.00333333333333333	0	0.00405497239989174	0.00333333333333333
homosapiens_None_2023_None_sikkemalisa_002_d10_1101_2022_03_10_483747NP19	DC2	Other	Meyer_Nikolic_2022	13	0.40680952054964	0	0.0769230769230769	0	0.40680952054964	0.0769230769230769
homosapiens_None_2023_None_sikkemalisa_002_d10_1101_2022_03_10_483747A37	AT2_AGTR2undet	Other	Meyer_2021	174	0.227032141583966	0.0335329278587031	0.149425287356322	0.028735632183908	0.193499213725263	0.120689655172414
homosapiens_None_2023_None_sikkemalisa_002_d10_1101_2022_03_10_483747Donor_03	Alveolar fibroblasts	Fibroblasts	Misharin_Budinger_2018	9	2.12724337501102	2.69849224098045	0.555555555555556	0.888888888888889	-0.571248865969422	-0.333333333333333
homosapiens_None_2023_None_sikkemalisa_002_d10_1101_2022_03_10_483747DD046Q	DC2	Other	Tata_unpubl	100	0.02650605086704	0.170688256711506	0.02	0.1	-0.144182205844466	-0.08
homosapiens_None_2023_None_sikkemalisa_002_d10_1101_2022_03_10_483747296C	EC venous systemic	Ambient reference	Teichmann_Meyer_2019	30	0.174150355022395	0.0389381028851233	0.0666666666666667	0.0333333333333333	0.135212252137272	0.0333333333333333
homosapiens_None_2023_None_sikkemalisa_002_d10_1101_2022_03_10_483747NML1	EC venous pulmonary	Ambient reference	Sheppard_2020	76	0	0.0947241589223522	0	0.0131578947368421	-0.0947241589223522	-0.0131578947368421
homosapiens_None_2023_None_sikkemalisa_002_d10_1101_2022_03_10_483747NU_CZI02	Non-classical monocytes	Other	Misharin_2021	116	0	0.0561860928084778	0	0.00862068965517241	-0.0561860928084778	-0.00862068965517241
homosapiens_None_2023_None_sikkemalisa_002_d10_1101_2022_03_10_483747A26	EC venous pulmonary	Ambient reference	Meyer_2021	170	0	0.162916750699368	0	0.0176470588235294	-0.162916750699368	-0.0176470588235294
homosapiens_None_2023_None_sikkemalisa_002_d10_1101_2022_03_10_483747A43	AT2_AGTR2undet	Other	Meyer_2021	265	0.327483694416566	0.18530715085334	0.0754716981132075	0.0264150943396226	0.142176543563226	0.0490566037735849
homosapiens_None_2023_None_sikkemalisa_002_d10_1101_2022_03_10_483747SAMN15153961	Alveolar macrophages	Ambient reference	Janssen_2020	300	0.00299209346340703	0	0.00333333333333333	0	0.00299209346340703	0.00333333333333333
homosapiens_None_2023_None_sikkemalisa_002_d10_1101_2022_03_10_483747VUHD95	AT2_AGTR2undet	Other	Banovich_Kropski_2020	297	0.204253940782814	0	0.0505050505050505	0	0.204253940782814	0.0505050505050505
homosapiens_None_2023_None_sikkemalisa_002_d10_1101_2022_03_10_4837471372C	Non-classical monocytes	Other	Kaminski_2020	85	0	0.0153636300926896	0	0.0117647058823529	-0.0153636300926896	-0.0117647058823529
homosapiens_None_2023_None_sikkemalisa_002_d10_1101_2022_03_10_483747NML2	AT2_AGTR2undet	Other	Sheppard_2020	256	0.241727159261916	0.164373504660356	0.0546875	0.0390625	0.07735365460156	0.015625
homosapiens_None_2023_None_sikkemalisa_002_d10_1101_2022_03_10_483747VUHD98	AT2_AGTR2det	Other	Banovich_Kropski_2020	24	0.101246059835265	0	0.0416666666666667	0	0.101246059835265	0.0416666666666667
homosapiens_None_2023_None_sikkemalisa_002_d10_1101_2022_03_10_483747NU_CZI01	AT2_AGTR2undet	Other	Misharin_2021	287	0.203142960378209	0	0.121951219512195	0	0.203142960378209	0.121951219512195
homosapiens_None_2023_None_sikkemalisa_002_d10_1101_2022_03_10_483747VUHD94	Classical monocytes	Other	Banovich_Kropski_2020	300	0	0.0234779439169703	0	0.00333333333333333	-0.0234779439169703	-0.00333333333333333
homosapiens_None_2023_None_sikkemalisa_002_d10_1101_2022_03_10_483747Donor_07	AT2_AGTR2undet	Other	Misharin_Budinger_2018	280	0.113892667172229	0.0115125295322225	0.0321428571428571	0.00357142857142857	0.102380137640007	0.0285714285714286
homosapiens_None_2023_None_sikkemalisa_002_d10_1101_2022_03_10_483747A37	Classical monocytes	Other	Meyer_2021	300	0	0.0313078905888062	0	0.00666666666666667	-0.0313078905888062	-0.00666666666666667
homosapiens_None_2023_None_sikkemalisa_002_d10_1101_2022_03_10_483747098C	EC general capillary	Ambient reference	Kaminski_2020	47	0.191235939512406	0	0.0212765957446809	0	0.191235939512406	0.0212765957446809
homosapiens_None_2023_None_sikkemalisa_002_d10_1101_2022_03_10_483747VUHD98	Vascular smooth muscle	Other	Banovich_Kropski_2020	28	1.46431797458994	1.81791008363171	0.392857142857143	0.607142857142857	-0.353592109041777	-0.214285714285714
homosapiens_None_2023_None_sikkemalisa_002_d10_1101_2022_03_10_483747D239	DC2	Other	Duong_lungMAP_unpubl	74	0.0617559460399253	0	0.0135135135135135	0	0.0617559460399253	0.0135135135135135
homosapiens_None_2023_None_sikkemalisa_002_d10_1101_2022_03_10_483747D088	Alveolar fibroblasts	Fibroblasts	Sun_2020	300	1.98385535671814	2.34753802759696	0.65	0.85	-0.36368267087882	-0.2
homosapiens_None_2023_None_sikkemalisa_002_d10_1101_2022_03_10_483747390C	Vascular smooth muscle	Other	Meyer_2019	219	1.42757852193919	1.7496143186555	0.584474885844749	0.762557077625571	-0.322035796716302	-0.178082191780822
homosapiens_None_2023_None_sikkemalisa_002_d10_1101_2022_03_10_483747D239	AT1	Other	Duong_lungMAP_unpubl	300	0.0337097199141762	0.172923732653328	0.00666666666666667	0.04	-0.139214012739151	-0.0333333333333333
homosapiens_None_2023_None_sikkemalisa_002_d10_1101_2022_03_10_483747298C	Classical monocytes	Other	Teichmann_Meyer_2019	300	0.0850793390311619	0.10824590960157	0.02	0.0266666666666667	-0.0231665705704086	-0.00666666666666667
homosapiens_None_2023_None_sikkemalisa_002_d10_1101_2022_03_10_483747160C	Interstitial macrophages	Ambient reference	Kaminski_2020	190	0.0133438888690237	0	0.00526315789473684	0	0.0133438888690237	0.00526315789473684
homosapiens_None_2023_None_sikkemalisa_002_d10_1101_2022_03_10_483747A40	Classical monocytes	Other	Meyer_2021	300	0	0.0119075838417693	0	0.00333333333333333	-0.0119075838417693	-0.00333333333333333
homosapiens_None_2023_None_sikkemalisa_002_d10_1101_2022_03_10_483747D062	EC general capillary	Ambient reference	Sun_2020	94	0.935505267347765	0.870030831715636	0.25531914893617	0.24468085106383	0.065474435632129	0.0106382978723404
homosapiens_None_2023_None_sikkemalisa_002_d10_1101_2022_03_10_483747DD047Q	EC general capillary	Ambient reference	Tata_unpubl	274	0.0199593649739352	0.074870397136549	0.00364963503649635	0.0145985401459854	-0.0549110321626138	-0.0109489051094891
homosapiens_None_2023_None_sikkemalisa_002_d10_1101_2022_03_10_483747Donor_04	AT2_AGTR2undet	Other	Misharin_Budinger_2018	298	0.0643344852004909	0	0.0167785234899329	0	0.0643344852004909	0.0167785234899329
homosapiens_None_2023_None_sikkemalisa_002_d10_1101_2022_03_10_483747ZM3KACng	Alveolar macrophages	Ambient reference	Eils_2020	114	0	0.0503517157555199	0	0.0263157894736842	-0.0503517157555199	-0.0263157894736842
homosapiens_None_2023_None_sikkemalisa_002_d10_1101_2022_03_10_483747NU_CZI02	Pericytes	Pericytes	Misharin_2021	93	0.19621525285144	1.2781919699313	0.021505376344086	0.225806451612903	-1.08197671707986	-0.204301075268817
homosapiens_None_2023_None_sikkemalisa_002_d10_1101_2022_03_10_483747VUHD94	Peribronchial fibroblasts	Fibroblasts	Banovich_Kropski_2020	22	2.32935114103997	2.73826012253967	0.863636363636364	1	-0.408908981499698	-0.136363636363636
homosapiens_None_2023_None_sikkemalisa_002_d10_1101_2022_03_10_483747muc5103	Alveolar macrophages	Ambient reference	Schiller_2020	79	0.495146106492465	0.618928075493976	0.0379746835443038	0.0506329113924051	-0.123781969001511	-0.0126582278481013
homosapiens_None_2023_None_sikkemalisa_002_d10_1101_2022_03_10_483747DD073R	EC venous pulmonary	Ambient reference	Tata_unpubl	183	0.204048982052865	0.110409137128369	0.0655737704918033	0.0437158469945355	0.0936398449244965	0.0218579234972678
homosapiens_None_2023_None_sikkemalisa_002_d10_1101_2022_03_10_483747253C	Alveolar macrophages	Ambient reference	Kaminski_2020	119	0.00571598657410967	0.0070884132031833	0.00840336134453781	0.00840336134453781	-0.00137242662907363	0
homosapiens_None_2023_None_sikkemalisa_002_d10_1101_2022_03_10_483747GRO-06	EC venous systemic	Ambient reference	Nawijn_2021	56	0.195118479936458	0.151336215531107	0.0357142857142857	0.0178571428571429	0.0437822644053508	0.0178571428571429
homosapiens_None_2023_None_sikkemalisa_002_d10_1101_2022_03_10_483747Donor_03	Vascular smooth muscle	Other	Misharin_Budinger_2018	10	1.28066150787326	2.15060495428864	0.3	0.8	-0.86994344641538	-0.5
homosapiens_None_2023_None_sikkemalisa_002_d10_1101_2022_03_10_483747D231	Interstitial macrophages	Ambient reference	Sun_2020	226	0.079294985141722	0.115335409673552	0.00884955752212389	0.0221238938053097	-0.0360404245318297	-0.0132743362831858
homosapiens_None_2023_None_sikkemalisa_002_d10_1101_2022_03_10_483747donor 3	AT2_AGTR2undet	Other	Krasnow_2020	275	0.123831683408956	0.0400637759040336	0.0436363636363636	0.0145454545454545	0.0837679075049222	0.0290909090909091
homosapiens_None_2023_None_sikkemalisa_002_d10_1101_2022_03_10_483747muc10380	Pericytes	Pericytes	Schiller_2020	36	0.104502919987064	2.89456984706461	0.0277777777777778	0.5	-2.79006692707754	-0.472222222222222
homosapiens_None_2023_None_sikkemalisa_002_d10_1101_2022_03_10_483747GRO-03	Peribronchial fibroblasts	Fibroblasts	Nawijn_2021	234	1.72526386478405	2.48021930450712	0.405982905982906	0.756410256410256	-0.754955439723075	-0.35042735042735
homosapiens_None_2023_None_sikkemalisa_002_d10_1101_2022_03_10_483747D139	Adventitial fibroblasts	Fibroblasts	Sun_2020	33	1.41335538811953	1.72307469441861	0.333333333333333	0.484848484848485	-0.309719306299082	-0.151515151515152
homosapiens_None_2023_None_sikkemalisa_002_d10_1101_2022_03_10_483747muc5213	AT2_AGTR2undet	Other	Schiller_2020	155	0.214779189752621	0.473243613159542	0.0129032258064516	0.032258064516129	-0.258464423406921	-0.0193548387096774
homosapiens_None_2023_None_sikkemalisa_002_d10_1101_2022_03_10_483747VUHD98	Transitional Club-AT2	Other	Banovich_Kropski_2020	77	0.16727047981826	0	0.0779220779220779	0	0.16727047981826	0.0779220779220779
homosapiens_None_2023_None_sikkemalisa_002_d10_1101_2022_03_10_483747133C	Transitional Club-AT2	Other	Kaminski_2020	15	0.216885876552368	0	0.133333333333333	0	0.216885876552368	0.133333333333333
homosapiens_None_2023_None_sikkemalisa_002_d10_1101_2022_03_10_483747GRO-11	EC venous systemic	Ambient reference	Nawijn_2021	203	0.0203088821348966	0	0.00985221674876847	0	0.0203088821348966	0.00985221674876847
homosapiens_None_2023_None_sikkemalisa_002_d10_1101_2022_03_10_483747VUHD104	Vascular smooth muscle	Other	Banovich_Kropski_2020	40	1.83177639504699	2.26580102006456	0.375	0.6	-0.434024625017571	-0.225
homosapiens_None_2023_None_sikkemalisa_002_d10_1101_2022_03_10_483747368C	Lymphatic EC	Other	Meyer_2019	35	0.122833044310725	0.596045865240726	0.0285714285714286	0.2	-0.473212820930001	-0.171428571428571
homosapiens_None_2023_None_sikkemalisa_002_d10_1101_2022_03_10_483747218C	Alveolar macrophages	Ambient reference	Kaminski_2020	194	0.0631266423696754	0.0539576321747023	0.0206185567010309	0.0257731958762887	0.00916901019497311	-0.00515463917525773
homosapiens_None_2023_None_sikkemalisa_002_d10_1101_2022_03_10_483747A44	AT2_AGTR2det	Other	Meyer_2021	15	0.365856899657835	0	0.2	0	0.365856899657835	0.2
homosapiens_None_2023_None_sikkemalisa_002_d10_1101_2022_03_10_483747D046	Adventitial fibroblasts	Fibroblasts	Sun_2020	72	2.88884029873654	2.89181279755459	0.986111111111111	0.944444444444444	-0.00297249881804662	0.0416666666666667
homosapiens_None_2023_None_sikkemalisa_002_d10_1101_2022_03_10_483747THD0007	Interstitial macrophages	Ambient reference	Banovich_Kropski_2020	300	0.0249265610746987	0	0.00666666666666667	0	0.0249265610746987	0.00666666666666667
homosapiens_None_2023_None_sikkemalisa_002_d10_1101_2022_03_10_483747D046	Lymphatic EC	Other	Sun_2020	126	0.633995933115033	0.594549849781816	0.103174603174603	0.111111111111111	0.0394460833332172	-0.00793650793650794
homosapiens_None_2023_None_sikkemalisa_002_d10_1101_2022_03_10_483747donor 1	Adventitial fibroblasts	Fibroblasts	Krasnow_2020	137	2.21663036906572	2.56252773077524	0.802919708029197	0.948905109489051	-0.345897361709516	-0.145985401459854
homosapiens_None_2023_None_sikkemalisa_002_d10_1101_2022_03_10_483747muc5212	Classical monocytes	Other	Schiller_2020	92	0.836685844532309	0.353677107580399	0.0326086956521739	0.0108695652173913	0.48300873695191	0.0217391304347826
homosapiens_None_2023_None_sikkemalisa_002_d10_1101_2022_03_10_483747donor 1	EC venous systemic	Ambient reference	Krasnow_2020	97	0	0.0335535442827534	0	0.0103092783505155	-0.0335535442827534	-0.0103092783505155
homosapiens_None_2023_None_sikkemalisa_002_d10_1101_2022_03_10_483747A37	EC general capillary	Ambient reference	Meyer_2021	171	0.0776550482041395	0.162885921214358	0.0233918128654971	0.0526315789473684	-0.0852308730102184	-0.0292397660818713
homosapiens_None_2023_None_sikkemalisa_002_d10_1101_2022_03_10_483747muc5213	Classical monocytes	Other	Schiller_2020	61	0.128942789007732	0.205404080351367	0.0163934426229508	0.0163934426229508	-0.0764612913436345	0
homosapiens_None_2023_None_sikkemalisa_002_d10_1101_2022_03_10_483747RU675	Classical monocytes	Other	Peer_Massague_2020	81	0.301710497742986	0.133712091693543	0.0617283950617284	0.0246913580246914	0.167998406049443	0.037037037037037
homosapiens_None_2023_None_sikkemalisa_002_d10_1101_2022_03_10_483747QZY9VQng	AT1	Other	Eils_2020	215	0.18520807897825	0.0408088818116459	0.0232558139534884	0.00465116279069767	0.144399197166604	0.0186046511627907
homosapiens_None_2023_None_sikkemalisa_002_d10_1101_2022_03_10_483747133C	Non-classical monocytes	Other	Kaminski_2020	97	0.0175664577970055	0	0.0103092783505155	0	0.0175664577970055	0.0103092783505155
homosapiens_None_2023_None_sikkemalisa_002_d10_1101_2022_03_10_483747VUHD101	AT1	Other	Banovich_Kropski_2020	183	0.102669792931883	0	0.0163934426229508	0	0.102669792931883	0.0163934426229508
homosapiens_None_2023_None_sikkemalisa_002_d10_1101_2022_03_10_483747donor 1	Vascular smooth muscle	Other	Krasnow_2020	115	1.20684990421251	1.07983259481934	0.356521739130435	0.295652173913043	0.127017309393177	0.0608695652173913
homosapiens_None_2023_None_sikkemalisa_002_d10_1101_2022_03_10_483747Donor_07	Classical monocytes	Other	Misharin_Budinger_2018	300	0.0222440536654248	0.0729608127177861	0.00333333333333333	0.01	-0.0507167590523612	-0.00666666666666667
homosapiens_None_2023_None_sikkemalisa_002_d10_1101_2022_03_10_483747donor 1	Alveolar macrophages	Ambient reference	Krasnow_2020	300	0.0208103615353363	0.0169226297046794	0.0133333333333333	0.01	0.0038877318306569	0.00333333333333333
homosapiens_None_2023_None_sikkemalisa_002_d10_1101_2022_03_10_483747SAMN15153958	Alveolar macrophages	Ambient reference	Janssen_2020	300	0.00376364623777984	0	0.00333333333333333	0	0.00376364623777984	0.00333333333333333
homosapiens_None_2023_None_sikkemalisa_002_d10_1101_2022_03_10_483747NU_CZI02	Adventitial fibroblasts	Fibroblasts	Misharin_2021	300	2.16046775987636	2.52618782193587	0.92	0.973333333333333	-0.365720062059506	-0.0533333333333333
homosapiens_None_2023_None_sikkemalisa_002_d10_1101_2022_03_10_483747GRO-06	Vascular smooth muscle	Other	Nawijn_2021	17	0.887453765209298	1.53822801113932	0.176470588235294	0.411764705882353	-0.650774245930023	-0.235294117647059
homosapiens_None_2023_None_sikkemalisa_002_d10_1101_2022_03_10_483747Patient_5	Alveolar fibroblasts	Fibroblasts	Schiller_2021	48	2.24906058592694	2.74557740225661	0.854166666666667	1	-0.496516816329672	-0.145833333333333
homosapiens_None_2023_None_sikkemalisa_002_d10_1101_2022_03_10_483747VUHD106	Lymphatic EC	Other	Banovich_Kropski_2020	217	0.125318201503728	0.034305278798756	0.00921658986175115	0.00460829493087558	0.0910129227049718	0.00460829493087558
homosapiens_None_2023_None_sikkemalisa_002_d10_1101_2022_03_10_483747lafy_donor_4	Interstitial macrophages	Ambient reference	Lafyatis_Rojas_2019	231	0	0.0246406081459866	0	0.00865800865800866	-0.0246406081459866	-0.00865800865800866
homosapiens_None_2023_None_sikkemalisa_002_d10_1101_2022_03_10_483747D150	EC aerocyte capillary	Ambient reference	Sun_2020	94	1.51551352086361	1.46370985642064	0.553191489361702	0.521276595744681	0.0518036644429678	0.0319148936170213
homosapiens_None_2023_None_sikkemalisa_002_d10_1101_2022_03_10_483747388C	Interstitial macrophages	Ambient reference	Kaminski_2020	129	0	0.0168598472610076	0	0.00775193798449612	-0.0168598472610076	-0.00775193798449612
homosapiens_None_2023_None_sikkemalisa_002_d10_1101_2022_03_10_483747DD073R	EC general capillary	Ambient reference	Tata_unpubl	200	0.0172139479562653	0.246664247255315	0.005	0.06	-0.22945029929905	-0.055
homosapiens_None_2023_None_sikkemalisa_002_d10_1101_2022_03_10_483747muc3843	AT1	Other	Schiller_2020	157	0.197051813599108	0	0.00636942675159236	0	0.197051813599108	0.00636942675159236
homosapiens_None_2023_None_sikkemalisa_002_d10_1101_2022_03_10_483747A40	Lymphatic EC	Other	Meyer_2021	98	0.0411251811757093	0	0.0102040816326531	0	0.0411251811757093	0.0102040816326531
homosapiens_None_2023_None_sikkemalisa_002_d10_1101_2022_03_10_483747388C	Alveolar macrophages	Ambient reference	Kaminski_2020	300	0	0.0384896124001946	0	0.01	-0.0384896124001946	-0.01
homosapiens_None_2023_None_sikkemalisa_002_d10_1101_2022_03_10_483747D150	Interstitial macrophages	Ambient reference	Sun_2020	118	1.17098663937985	1.19269713337359	0.491525423728814	0.508474576271186	-0.0217104939937376	-0.0169491525423728
homosapiens_None_2023_None_sikkemalisa_002_d10_1101_2022_03_10_483747A43	AT1	Other	Meyer_2021	147	0.129696552361278	0.242152339406621	0.0204081632653061	0.0204081632653061	-0.112455787045343	0
homosapiens_None_2023_None_sikkemalisa_002_d10_1101_2022_03_10_483747Donor_06	Classical monocytes	Other	Misharin_Budinger_2018	212	0.0300201558131192	0	0.00471698113207547	0	0.0300201558131192	0.00471698113207547
homosapiens_None_2023_None_sikkemalisa_002_d10_1101_2022_03_10_483747GRO-09	Peribronchial fibroblasts	Fibroblasts	Nawijn_2021	123	2.3679909711917	2.57614378552973	0.910569105691057	0.959349593495935	-0.208152814338029	-0.0487804878048781
homosapiens_None_2023_None_sikkemalisa_002_d10_1101_2022_03_10_483747NU_CZI01	Peribronchial fibroblasts	Fibroblasts	Misharin_2021	61	2.06363165035199	2.31566084734794	0.901639344262295	0.950819672131147	-0.252029196995956	-0.0491803278688524
homosapiens_None_2023_None_sikkemalisa_002_d10_1101_2022_03_10_483747292B	DC2	Other	Teichmann_Meyer_2019	79	0.547830988003404	0.227771685156993	0.240506329113924	0.113924050632911	0.320059302846411	0.126582278481013
homosapiens_None_2023_None_sikkemalisa_002_d10_1101_2022_03_10_483747lafy_donor_6	Non-classical monocytes	Other	Lafyatis_Rojas_2019	259	0	0.0291635562462313	0	0.00772200772200772	-0.0291635562462313	-0.00772200772200772
homosapiens_None_2023_None_sikkemalisa_002_d10_1101_2022_03_10_483747A37	DC2	Other	Meyer_2021	216	0.0253295619718573	0.0134947225170723	0.0185185185185185	0.00925925925925926	0.011834839454785	0.00925925925925926
homosapiens_None_2023_None_sikkemalisa_002_d10_1101_2022_03_10_483747A43	Interstitial macrophages	Ambient reference	Meyer_2021	300	0.250973163223442	0.296570008973741	0.0266666666666667	0.0333333333333333	-0.0455968457502991	-0.00666666666666666
homosapiens_None_2023_None_sikkemalisa_002_d10_1101_2022_03_10_483747390C	Interstitial macrophages	Ambient reference	Meyer_2019	282	0.0805004040466467	0.113451983410298	0.0106382978723404	0.024822695035461	-0.0329515793636512	-0.0141843971631206
homosapiens_None_2023_None_sikkemalisa_002_d10_1101_2022_03_10_483747RU675	Mast cells	Other	Peer_Massague_2020	290	0.532314707206317	0.389034480363333	0.120689655172414	0.0862068965517241	0.143280226842984	0.0344827586206897
homosapiens_None_2023_None_sikkemalisa_002_d10_1101_2022_03_10_483747290B	DC2	Other	Teichmann_Meyer_2019	205	0.157213637118867	0.296833683636649	0.0536585365853659	0.107317073170732	-0.139620046517783	-0.0536585365853659
homosapiens_None_2023_None_sikkemalisa_002_d10_1101_2022_03_10_483747298C	Lymphatic EC	Other	Teichmann_Meyer_2019	69	0	0.0529375224853659	0	0.0289855072463768	-0.0529375224853659	-0.0289855072463768
homosapiens_None_2023_None_sikkemalisa_002_d10_1101_2022_03_10_483747NML3	Adventitial fibroblasts	Fibroblasts	Sheppard_2020	138	1.73851324241048	2.21901544425706	0.659420289855073	0.891304347826087	-0.480502201846573	-0.231884057971014
homosapiens_None_2023_None_sikkemalisa_002_d10_1101_2022_03_10_483747S4ECX8ng	Alveolar macrophages	Ambient reference	Eils_2020	70	0	0.099096409776925	0	0.0142857142857143	-0.099096409776925	-0.0142857142857143
homosapiens_None_2023_None_sikkemalisa_002_d10_1101_2022_03_10_483747NU_CZI02	Mast cells	Other	Misharin_2021	66	0	0.140778032749833	0	0.0151515151515152	-0.140778032749833	-0.0151515151515152
homosapiens_None_2023_None_sikkemalisa_002_d10_1101_2022_03_10_483747298C	Non-classical monocytes	Other	Teichmann_Meyer_2019	106	0.0869129532566175	0.0663068345790256	0.0188679245283019	0.0188679245283019	0.0206061186775919	0
homosapiens_None_2023_None_sikkemalisa_002_d10_1101_2022_03_10_483747D239	Alveolar fibroblasts	Fibroblasts	Duong_lungMAP_unpubl	300	0.591637271413717	1.54180024907402	0.186666666666667	0.606666666666667	-0.950162977660299	-0.42
homosapiens_None_2023_None_sikkemalisa_002_d10_1101_2022_03_10_483747JVV9L8ng	EC aerocyte capillary	Ambient reference	Eils_2020	115	0.106304810961195	0.250975173664681	0.0173913043478261	0.0434782608695652	-0.144670362703486	-0.0260869565217391
homosapiens_None_2023_None_sikkemalisa_002_d10_1101_2022_03_10_483747Donor_02	Classical monocytes	Other	Misharin_Budinger_2018	89	0	0.114522613165882	0	0.0224719101123595	-0.114522613165882	-0.0224719101123595
homosapiens_None_2023_None_sikkemalisa_002_d10_1101_2022_03_10_483747RU682	AT2_AGTR2undet	Other	Peer_Massague_2020	24	0.676423814374896	0.0892444632729562	0.166666666666667	0.0416666666666667	0.58717935110194	0.125
homosapiens_None_2023_None_sikkemalisa_002_d10_1101_2022_03_10_483747NML2	Alveolar fibroblasts	Fibroblasts	Sheppard_2020	300	1.34552977809084	2.08404931516812	0.493333333333333	0.843333333333333	-0.738519537077275	-0.35
homosapiens_None_2023_None_sikkemalisa_002_d10_1101_2022_03_10_483747D046	Classical monocytes	Other	Sun_2020	65	0.749688628293005	0.649235063854737	0.138461538461538	0.138461538461538	0.100453564438268	0
homosapiens_None_2023_None_sikkemalisa_002_d10_1101_2022_03_10_483747D239	Adventitial fibroblasts	Fibroblasts	Duong_lungMAP_unpubl	300	1.1670411460461	1.86141557974179	0.276666666666667	0.59	-0.694374433695693	-0.313333333333333
homosapiens_None_2023_None_sikkemalisa_002_d10_1101_2022_03_10_483747THD0005	Alveolar fibroblasts	Fibroblasts	Banovich_Kropski_2020	11	1.550656353264	2.70032633144334	0.545454545454545	1	-1.14966997817935	-0.454545454545455
homosapiens_None_2023_None_sikkemalisa_002_d10_1101_2022_03_10_483747donor 1	EC venous pulmonary	Ambient reference	Krasnow_2020	185	0.0670892919637318	0	0.00540540540540541	0	0.0670892919637318	0.00540540540540541
homosapiens_None_2023_None_sikkemalisa_002_d10_1101_2022_03_10_483747A44	Peribronchial fibroblasts	Fibroblasts	Meyer_2021	68	2.686805504737	2.72440582912195	0.970588235294118	1	-0.0376003243849499	-0.0294117647058824
homosapiens_None_2023_None_sikkemalisa_002_d10_1101_2022_03_10_483747THD0001	Interstitial macrophages	Ambient reference	Banovich_Kropski_2020	231	0	0.0112312873955956	0	0.00432900432900433	-0.0112312873955956	-0.00432900432900433
homosapiens_None_2023_None_sikkemalisa_002_d10_1101_2022_03_10_483747VUHD67	Alveolar fibroblasts	Fibroblasts	Banovich_Kropski_2020	105	1.040883701973	1.91373593064866	0.152380952380952	0.447619047619048	-0.872852228675657	-0.295238095238095
homosapiens_None_2023_None_sikkemalisa_002_d10_1101_2022_03_10_483747D046	Transitional Club-AT2	Other	Sun_2020	63	0.402116523637244	0.417585719355091	0.0952380952380952	0.0952380952380952	-0.0154691957178468	0
homosapiens_None_2023_None_sikkemalisa_002_d10_1101_2022_03_10_483747A40	AT1	Other	Meyer_2021	38	0.123168379914786	0	0.0263157894736842	0	0.123168379914786	0.0263157894736842
homosapiens_None_2023_None_sikkemalisa_002_d10_1101_2022_03_10_483747Donor_06	Alveolar fibroblasts	Fibroblasts	Misharin_Budinger_2018	28	1.41812818102315	2.46158784941728	0.428571428571429	0.928571428571429	-1.04345966839413	-0.5
homosapiens_None_2023_None_sikkemalisa_002_d10_1101_2022_03_10_483747muc5212	Mast cells	Other	Schiller_2020	91	1.02926248616425	0.370398526632036	0.0549450549450549	0.010989010989011	0.658863959532211	0.043956043956044
homosapiens_None_2023_None_sikkemalisa_002_d10_1101_2022_03_10_4837471372C	AT2_AGTR2undet	Other	Kaminski_2020	84	0.182665724555647	0.0969917111559246	0.130952380952381	0.0238095238095238	0.0856740133997226	0.107142857142857
homosapiens_None_2023_None_sikkemalisa_002_d10_1101_2022_03_10_483747VUHD104	Adventitial fibroblasts	Fibroblasts	Banovich_Kropski_2020	124	1.28328496905099	2.21043342913363	0.314516129032258	0.733870967741935	-0.927148460082633	-0.419354838709677
homosapiens_None_2023_None_sikkemalisa_002_d10_1101_2022_03_10_483747VUHD98	Alveolar fibroblasts	Fibroblasts	Banovich_Kropski_2020	5	2.34605780709082	2.72542059640879	0.8	1	-0.379362789317967	-0.2
homosapiens_None_2023_None_sikkemalisa_002_d10_1101_2022_03_10_483747D139	Pericytes	Pericytes	Sun_2020	52	0.0898594797811676	0.671519052586216	0.0192307692307692	0.134615384615385	-0.581659572805048	-0.115384615384615
homosapiens_None_2023_None_sikkemalisa_002_d10_1101_2022_03_10_4837471372C	Interstitial macrophages	Ambient reference	Kaminski_2020	300	0.0109387120207512	0.0106650769428404	0.00333333333333333	0.00666666666666667	0.000273635077910827	-0.00333333333333333
homosapiens_None_2023_None_sikkemalisa_002_d10_1101_2022_03_10_483747muc5213	EC general capillary	Ambient reference	Schiller_2020	58	0.090958865629479	1.13566255175278	0.0172413793103448	0.0517241379310345	-1.0447036861233	-0.0344827586206897
homosapiens_None_2023_None_sikkemalisa_002_d10_1101_2022_03_10_483747muc5105	AT1	Other	Schiller_2020	34	0.29997189201957	0.830251731772836	0.0294117647058824	0.0588235294117647	-0.530279839753266	-0.0294117647058824
homosapiens_None_2023_None_sikkemalisa_002_d10_1101_2022_03_10_483747VUHD076	AT2_AGTR2undet	Other	Banovich_Kropski_2020	23	0.529005698854359	0	0.0434782608695652	0	0.529005698854359	0.0434782608695652
homosapiens_None_2023_None_sikkemalisa_002_d10_1101_2022_03_10_483747lafy_donor_6	Transitional Club-AT2	Other	Lafyatis_Rojas_2019	81	0.083442999191193	0.106947293338893	0.0123456790123457	0.0123456790123457	-0.0235042941477	0
homosapiens_None_2023_None_sikkemalisa_002_d10_1101_2022_03_10_483747GRO-07	Vascular smooth muscle	Other	Nawijn_2021	9	0.826828369960591	1.54899351087553	0.333333333333333	0.222222222222222	-0.722165140914943	0.111111111111111
homosapiens_None_2023_None_sikkemalisa_002_d10_1101_2022_03_10_483747D062	Vascular smooth muscle	Other	Sun_2020	11	2.50411827177005	2.59415714388386	0.727272727272727	0.727272727272727	-0.0900388721138077	0
homosapiens_None_2023_None_sikkemalisa_002_d10_1101_2022_03_10_483747D326	Peribronchial fibroblasts	Fibroblasts	Barbry_Leroy_2020	17	2.13094731737365	2.85094046449767	0.588235294117647	1	-0.719993147124018	-0.411764705882353
homosapiens_None_2023_None_sikkemalisa_002_d10_1101_2022_03_10_483747SAMN15153960	Alveolar macrophages	Ambient reference	Janssen_2020	300	0	0.00145865855644344	0	0.00333333333333333	-0.00145865855644344	-0.00333333333333333
homosapiens_None_2023_None_sikkemalisa_002_d10_1101_2022_03_10_483747Patient_1	Vascular smooth muscle	Other	Schiller_2021	98	1.34400871833046	1.49229208378234	0.448979591836735	0.448979591836735	-0.14828336545188	0
homosapiens_None_2023_None_sikkemalisa_002_d10_1101_2022_03_10_483747356C	Alveolar fibroblasts	Fibroblasts	Meyer_2019	16	2.00808245588305	2.51372078341912	0.6875	0.8125	-0.505638327536068	-0.125
homosapiens_None_2023_None_sikkemalisa_002_d10_1101_2022_03_10_483747DD046Q	Lymphatic EC	Other	Tata_unpubl	57	0.0653164288872631	0.210978717427715	0.0350877192982456	0.0701754385964912	-0.145662288540452	-0.0350877192982456
homosapiens_None_2023_None_sikkemalisa_002_d10_1101_2022_03_10_483747NML2	Mast cells	Other	Sheppard_2020	52	0	0.0934599382264984	0	0.0192307692307692	-0.0934599382264984	-0.0192307692307692
homosapiens_None_2023_None_sikkemalisa_002_d10_1101_2022_03_10_483747003C	Non-classical monocytes	Other	Kaminski_2020	99	0.0374697643422635	0	0.0101010101010101	0	0.0374697643422635	0.0101010101010101
homosapiens_None_2023_None_sikkemalisa_002_d10_1101_2022_03_10_483747muc9833	Vascular smooth muscle	Other	Schiller_2020	28	0.376721574566573	2.45049181798136	0.0357142857142857	0.5	-2.07377024341479	-0.464285714285714
homosapiens_None_2023_None_sikkemalisa_002_d10_1101_2022_03_10_483747VUHD103	EC general capillary	Ambient reference	Banovich_Kropski_2020	126	0	0.168759490945169	0	0.0158730158730159	-0.168759490945169	-0.0158730158730159
homosapiens_None_2023_None_sikkemalisa_002_d10_1101_2022_03_10_483747THD0015	Transitional Club-AT2	Other	Banovich_Kropski_2020	18	0.19941061831231	0	0.111111111111111	0	0.19941061831231	0.111111111111111
homosapiens_None_2023_None_sikkemalisa_002_d10_1101_2022_03_10_483747284C	AT2_AGTR2undet	Other	Teichmann_Meyer_2019	26	0.116284710259036	0	0.0384615384615385	0	0.116284710259036	0.0384615384615385
homosapiens_None_2023_None_sikkemalisa_002_d10_1101_2022_03_10_483747003C	Adventitial fibroblasts	Fibroblasts	Kaminski_2020	21	1.19000457646355	2.31420570053137	0.523809523809524	0.952380952380952	-1.12420112406781	-0.428571428571428
homosapiens_None_2023_None_sikkemalisa_002_d10_1101_2022_03_10_483747A44	DC2	Other	Meyer_2021	165	0.192890727326872	0.104316220849195	0.0181818181818182	0.00606060606060606	0.0885745064776772	0.0121212121212121
homosapiens_None_2023_None_sikkemalisa_002_d10_1101_2022_03_10_483747A40	Pericytes	Pericytes	Meyer_2021	14	0	2.32803262760754	0	0.785714285714286	-2.32803262760754	-0.785714285714286
homosapiens_None_2023_None_sikkemalisa_002_d10_1101_2022_03_10_4837479JQK55ng	AT2_AGTR2det	Other	Eils_2020	28	0	0.0708741624756968	0	0.0357142857142857	-0.0708741624756968	-0.0357142857142857
homosapiens_None_2023_None_sikkemalisa_002_d10_1101_2022_03_10_483747THD0008	AT2_AGTR2undet	Other	Banovich_Kropski_2020	128	0.125786121559431	0	0.046875	0	0.125786121559431	0.046875
homosapiens_None_2023_None_sikkemalisa_002_d10_1101_2022_03_10_483747A37	Peribronchial fibroblasts	Fibroblasts	Meyer_2021	8	2.37944941098239	2.60346113108358	0.875	1	-0.224011720101194	-0.125
homosapiens_None_2023_None_sikkemalisa_002_d10_1101_2022_03_10_483747D231	Vascular smooth muscle	Other	Sun_2020	7	0	1.76249180271533	0	0.285714285714286	-1.76249180271533	-0.285714285714286
homosapiens_None_2023_None_sikkemalisa_002_d10_1101_2022_03_10_48374716E0F2ng	EC venous systemic	Ambient reference	Eils_2020	27	0	0.191457680047027	0	0.037037037037037	-0.191457680047027	-0.037037037037037
homosapiens_None_2023_None_sikkemalisa_002_d10_1101_2022_03_10_483747VUHD66	Peribronchial fibroblasts	Fibroblasts	Banovich_Kropski_2020	38	2.84594811409453	2.88443747082194	0.921052631578947	0.973684210526316	-0.0384893567274123	-0.0526315789473685
homosapiens_None_2023_None_sikkemalisa_002_d10_1101_2022_03_10_483747D150	Peribronchial fibroblasts	Fibroblasts	Sun_2020	90	2.94841799423768	2.97980583792852	0.977777777777778	1	-0.0313878436908399	-0.0222222222222223
homosapiens_None_2023_None_sikkemalisa_002_d10_1101_2022_03_10_483747GRO-09	Adventitial fibroblasts	Fibroblasts	Nawijn_2021	32	1.76006473921982	2.37724737241682	0.5	0.71875	-0.617182633197001	-0.21875
homosapiens_None_2023_None_sikkemalisa_002_d10_1101_2022_03_10_483747RU682	Transitional Club-AT2	Other	Peer_Massague_2020	45	0.209942995875439	0	0.0888888888888889	0	0.209942995875439	0.0888888888888889
homosapiens_None_2023_None_sikkemalisa_002_d10_1101_2022_03_10_483747VUHD103	Subpleural fibroblasts	Fibroblasts	Banovich_Kropski_2020	39	2.46570463508283	2.46463505501087	0.641025641025641	0.692307692307692	0.00106958007196178	-0.0512820512820512
homosapiens_None_2023_None_sikkemalisa_002_d10_1101_2022_03_10_483747THD0014	Interstitial macrophages	Ambient reference	Banovich_Kropski_2020	175	0	0.0328107511406841	0	0.0114285714285714	-0.0328107511406841	-0.0114285714285714
homosapiens_None_2023_None_sikkemalisa_002_d10_1101_2022_03_10_483747A37	EC aerocyte capillary	Ambient reference	Meyer_2021	122	0	0.0607908783991489	0	0.0163934426229508	-0.0607908783991489	-0.0163934426229508
homosapiens_None_2023_None_sikkemalisa_002_d10_1101_2022_03_10_483747ZM3KACng	Transitional Club-AT2	Other	Eils_2020	68	0.167633193722484	0.199123060765568	0.0588235294117647	0.0441176470588235	-0.0314898670430837	0.0147058823529412
homosapiens_None_2023_None_sikkemalisa_002_d10_1101_2022_03_10_483747D326	Vascular smooth muscle	Other	Barbry_Leroy_2020	47	1.65666799702869	2.14072209833498	0.468085106382979	0.702127659574468	-0.48405410130629	-0.234042553191489
homosapiens_None_2023_None_sikkemalisa_002_d10_1101_2022_03_10_483747GRO-10	Alveolar fibroblasts	Fibroblasts	Nawijn_2021	14	1.35448701670742	2.15734514575649	0.142857142857143	0.357142857142857	-0.802858129049066	-0.214285714285714
homosapiens_None_2023_None_sikkemalisa_002_d10_1101_2022_03_10_483747VUHD84	DC2	Other	Banovich_Kropski_2020	87	0.160350439806061	0	0.0114942528735632	0	0.160350439806061	0.0114942528735632
homosapiens_None_2023_None_sikkemalisa_002_d10_1101_2022_03_10_483747THD0008	Alveolar macrophages	Ambient reference	Banovich_Kropski_2020	59	0.0353420172208659	0	0.0169491525423729	0	0.0353420172208659	0.0169491525423729
homosapiens_None_2023_None_sikkemalisa_002_d10_1101_2022_03_10_483747483C	AT2_AGTR2undet	Other	Kaminski_2020	29	0.0900473829362011	0	0.0344827586206897	0	0.0900473829362011	0.0344827586206897
homosapiens_None_2023_None_sikkemalisa_002_d10_1101_2022_03_10_483747253C	Alveolar fibroblasts	Fibroblasts	Kaminski_2020	12	1.31024529971951	1.96869057206646	0.5	1	-0.658445272346949	-0.5
homosapiens_None_2023_None_sikkemalisa_002_d10_1101_2022_03_10_483747298C	EC venous pulmonary	Ambient reference	Teichmann_Meyer_2019	55	0.0352715859757477	0.0530005208645773	0.0181818181818182	0.0181818181818182	-0.0177289348888296	0
homosapiens_None_2023_None_sikkemalisa_002_d10_1101_2022_03_10_483747A40	AT2_AGTR2det	Other	Meyer_2021	44	0.0590467244520557	0	0.0454545454545455	0	0.0590467244520557	0.0454545454545455
homosapiens_None_2023_None_sikkemalisa_002_d10_1101_2022_03_10_483747VUHD68	AT2_AGTR2undet	Other	Banovich_Kropski_2020	42	0.0616328977390388	0	0.0238095238095238	0	0.0616328977390388	0.0238095238095238
homosapiens_None_2023_None_sikkemalisa_002_d10_1101_2022_03_10_483747muc10380	Interstitial macrophages	Ambient reference	Schiller_2020	33	0	0.524783050874927	0	0.0303030303030303	-0.524783050874927	-0.0303030303030303
homosapiens_None_2023_None_sikkemalisa_002_d10_1101_2022_03_10_483747Patient_3	Pericytes	Pericytes	Schiller_2021	55	1.04661090435965	2.36257796789274	0.272727272727273	0.872727272727273	-1.3159670635331	-0.6
homosapiens_None_2023_None_sikkemalisa_002_d10_1101_2022_03_10_483747GRO-03	EC venous systemic	Ambient reference	Nawijn_2021	133	0	0.103974035559288	0	0.0225563909774436	-0.103974035559288	-0.0225563909774436
homosapiens_None_2023_None_sikkemalisa_002_d10_1101_2022_03_10_483747VUHD104	Alveolar macrophages	Ambient reference	Banovich_Kropski_2020	206	0.0604239891364999	0.193873624408834	0.00485436893203883	0.0436893203883495	-0.133449635272334	-0.0388349514563107
homosapiens_None_2023_None_sikkemalisa_002_d10_1101_2022_03_10_483747A9LCTZng	Interstitial macrophages	Ambient reference	Eils_2020	193	0.0860414533807205	0.0299279510834509	0.0155440414507772	0.00518134715025907	0.0561135022972696	0.0103626943005181
homosapiens_None_2023_None_sikkemalisa_002_d10_1101_2022_03_10_483747D032	EC general capillary	Ambient reference	Sun_2020	169	0.0479289380300379	0.0713446906912237	0.00591715976331361	0.00591715976331361	-0.0234157526611857	0
homosapiens_None_2023_None_sikkemalisa_002_d10_1101_2022_03_10_483747muc10380	EC aerocyte capillary	Ambient reference	Schiller_2020	258	0.224914727859372	0.94016690406578	0.0116279069767442	0.0465116279069767	-0.715252176206408	-0.0348837209302326
homosapiens_None_2023_None_sikkemalisa_002_d10_1101_2022_03_10_483747Donor_08	Alveolar fibroblasts	Fibroblasts	Misharin_Budinger_2018	10	2.12676255341906	2.61243936715312	0.7	1	-0.485676813734053	-0.3
homosapiens_None_2023_None_sikkemalisa_002_d10_1101_2022_03_10_483747THD0010	Interstitial macrophages	Ambient reference	Banovich_Kropski_2020	169	0	0.0348644087027534	0	0.00591715976331361	-0.0348644087027534	-0.00591715976331361
homosapiens_None_2023_None_sikkemalisa_002_d10_1101_2022_03_10_483747JVV9L8ng	Pericytes	Pericytes	Eils_2020	24	0.228803423825442	1.71925273597101	0.0416666666666667	0.583333333333333	-1.49044931214557	-0.541666666666667
homosapiens_None_2023_None_sikkemalisa_002_d10_1101_2022_03_10_483747DD046Q	AT2_AGTR2det	Other	Tata_unpubl	98	0.312063274711609	0.339865480833492	0.153061224489796	0.13265306122449	-0.0278022061218828	0.0204081632653061
homosapiens_None_2023_None_sikkemalisa_002_d10_1101_2022_03_10_483747A9LCTZng	Transitional Club-AT2	Other	Eils_2020	27	0.295425072873932	0	0.0740740740740741	0	0.295425072873932	0.0740740740740741
homosapiens_None_2023_None_sikkemalisa_002_d10_1101_2022_03_10_483747D088	Myofibroblasts	Fibroblasts	Sun_2020	17	2.22220478513292	2.29202387371702	0.941176470588235	1	-0.0698190885840964	-0.0588235294117647
homosapiens_None_2023_None_sikkemalisa_002_d10_1101_2022_03_10_483747A43	DC2	Other	Meyer_2021	192	0.0683501588754761	0.0153651617236163	0.015625	0.00520833333333333	0.0529849971518597	0.0104166666666667
homosapiens_None_2023_None_sikkemalisa_002_d10_1101_2022_03_10_483747Donor_01	DC2	Other	Misharin_Budinger_2018	42	0	0.139309539773546	0	0.0238095238095238	-0.139309539773546	-0.0238095238095238
homosapiens_None_2023_None_sikkemalisa_002_d10_1101_2022_03_10_483747muc10380	Alveolar macrophages	Ambient reference	Schiller_2020	163	0.617229359206867	0.578711760322861	0.0368098159509202	0.0245398773006135	0.0385175988840063	0.0122699386503068
homosapiens_None_2023_None_sikkemalisa_002_d10_1101_2022_03_10_483747368C	EC venous pulmonary	Ambient reference	Meyer_2019	39	1.12912339950861	0.854235773351884	0.179487179487179	0.307692307692308	0.274887626156729	-0.128205128205128
homosapiens_None_2023_None_sikkemalisa_002_d10_1101_2022_03_10_483747QZY9VQng	Alveolar fibroblasts	Fibroblasts	Eils_2020	35	0.783648885888422	1.36768886155372	0.142857142857143	0.314285714285714	-0.584039975665295	-0.171428571428571
homosapiens_None_2023_None_sikkemalisa_002_d10_1101_2022_03_10_483747lafy_donor_1	Vascular smooth muscle	Other	Lafyatis_Rojas_2019	9	0	1.23580283185782	0	0.111111111111111	-1.23580283185782	-0.111111111111111
homosapiens_None_2023_None_sikkemalisa_002_d10_1101_2022_03_10_483747NML2	Transitional Club-AT2	Other	Sheppard_2020	34	0.224824335351415	0	0.0588235294117647	0	0.224824335351415	0.0588235294117647
homosapiens_None_2023_None_sikkemalisa_002_d10_1101_2022_03_10_483747muc5105	AT2_AGTR2undet	Other	Schiller_2020	233	0.261682897034858	0.0756033789761404	0.0214592274678112	0.00429184549356223	0.186079518058718	0.0171673819742489
homosapiens_None_2023_None_sikkemalisa_002_d10_1101_2022_03_10_483747NML1	AT1	Other	Sheppard_2020	151	0.134355240538942	0.0794319947668955	0.0132450331125828	0.0132450331125828	0.054923245772046	0
homosapiens_None_2023_None_sikkemalisa_002_d10_1101_2022_03_10_483747D062	Non-classical monocytes	Other	Sun_2020	52	0.574551102276842	0.520715035817979	0.134615384615385	0.115384615384615	0.0538360664588634	0.0192307692307692
homosapiens_None_2023_None_sikkemalisa_002_d10_1101_2022_03_10_483747NML3	Peribronchial fibroblasts	Fibroblasts	Sheppard_2020	29	1.9122316929978	2.17693102380898	0.758620689655172	0.896551724137931	-0.264699330811176	-0.137931034482759
homosapiens_None_2023_None_sikkemalisa_002_d10_1101_2022_03_10_483747THD0019	AT2_AGTR2undet	Other	Banovich_Kropski_2020	129	0.0837026433909897	0.0101443715375171	0.0465116279069767	0.00775193798449612	0.0735582718534726	0.0387596899224806
homosapiens_None_2023_None_sikkemalisa_002_d10_1101_2022_03_10_483747GRO-10	Classical monocytes	Other	Nawijn_2021	180	0.0667455312224157	0	0.0111111111111111	0	0.0667455312224157	0.0111111111111111
homosapiens_None_2023_None_sikkemalisa_002_d10_1101_2022_03_10_483747Donor_05	Alveolar fibroblasts	Fibroblasts	Misharin_Budinger_2018	10	1.87210611806313	2.37040859321241	0.8	1	-0.498302475149279	-0.2
homosapiens_None_2023_None_sikkemalisa_002_d10_1101_2022_03_10_483747VUHD84	AT2_AGTR2det	Other	Banovich_Kropski_2020	38	0.29058257820598	0	0.0263157894736842	0	0.29058257820598	0.0263157894736842
homosapiens_None_2023_None_sikkemalisa_002_d10_1101_2022_03_10_483747218C	Non-classical monocytes	Other	Kaminski_2020	69	0.0740413766160617	0.0855503427997913	0.0144927536231884	0.0289855072463768	-0.0115089661837296	-0.0144927536231884
homosapiens_None_2023_None_sikkemalisa_002_d10_1101_2022_03_10_483747222C	DC2	Other	Kaminski_2020	67	0.0232195257476776	0	0.0149253731343284	0	0.0232195257476776	0.0149253731343284
homosapiens_None_2023_None_sikkemalisa_002_d10_1101_2022_03_10_483747VUHD67	Vascular smooth muscle	Other	Banovich_Kropski_2020	62	0.977673969126431	1.37079197401769	0.193548387096774	0.306451612903226	-0.39311800489126	-0.112903225806452
homosapiens_None_2023_None_sikkemalisa_002_d10_1101_2022_03_10_483747DD073R	Non-classical monocytes	Other	Tata_unpubl	17	0.136541536057772	0.136541536057772	0.0588235294117647	0.0588235294117647	0	0
homosapiens_None_2023_None_sikkemalisa_002_d10_1101_2022_03_10_483747ZM3KACng	Alveolar fibroblasts	Fibroblasts	Eils_2020	10	0.836142340375822	1.63695423941298	0.2	0.6	-0.800811899037162	-0.4
homosapiens_None_2023_None_sikkemalisa_002_d10_1101_2022_03_10_483747356C	Non-classical monocytes	Other	Meyer_2019	217	0.0283821202189433	0.144534414383677	0.00921658986175115	0.0276497695852535	-0.116152294164733	-0.0184331797235023
homosapiens_None_2023_None_sikkemalisa_002_d10_1101_2022_03_10_4837472020-3173-NC007	Peribronchial fibroblasts	Fibroblasts	Jain_Misharin_2021	15	3.66569136206922	3.44180684139146	1	1	0.223884520677764	0
homosapiens_None_2023_None_sikkemalisa_002_d10_1101_2022_03_10_483747NML3	Myofibroblasts	Fibroblasts	Sheppard_2020	85	1.39445113449636	1.67294562163206	0.541176470588235	0.658823529411765	-0.278494487135699	-0.117647058823529
homosapiens_None_2023_None_sikkemalisa_002_d10_1101_2022_03_10_483747VUHD95	Adventitial fibroblasts	Fibroblasts	Banovich_Kropski_2020	50	1.41832324001825	1.75358191144497	0.38	0.48	-0.33525867142672	-0.1
homosapiens_None_2023_None_sikkemalisa_002_d10_1101_2022_03_10_483747GRO-08	Vascular smooth muscle	Other	Nawijn_2021	14	1.3073530783516	1.31609563420683	0.428571428571429	0.357142857142857	-0.00874255585523298	0.0714285714285714
homosapiens_None_2023_None_sikkemalisa_002_d10_1101_2022_03_10_483747ODGS1Mng	Transitional Club-AT2	Other	Eils_2020	98	0.0555172080515634	0	0.0102040816326531	0	0.0555172080515634	0.0102040816326531
homosapiens_None_2023_None_sikkemalisa_002_d10_1101_2022_03_10_483747VUHD92	Pericytes	Pericytes	Banovich_Kropski_2020	75	0	1.39947761751028	0	0.28	-1.39947761751028	-0.28
homosapiens_None_2023_None_sikkemalisa_002_d10_1101_2022_03_10_483747Patient_5	AT1	Other	Schiller_2021	20	0.147103584348381	0	0.05	0	0.147103584348381	0.05
homosapiens_None_2023_None_sikkemalisa_002_d10_1101_2022_03_10_483747DD046Q	EC venous systemic	Ambient reference	Tata_unpubl	38	0	0.120941069208132	0	0.0526315789473684	-0.120941069208132	-0.0526315789473684
homosapiens_None_2023_None_sikkemalisa_002_d10_1101_2022_03_10_483747D239	EC venous systemic	Ambient reference	Duong_lungMAP_unpubl	129	0.0923359467495953	0.106874047912991	0.0155038759689922	0.0310077519379845	-0.0145381011633955	-0.0155038759689922
homosapiens_None_2023_None_sikkemalisa_002_d10_1101_2022_03_10_483747D032	Classical monocytes	Other	Sun_2020	31	0	0.392648138307359	0	0.032258064516129	-0.392648138307359	-0.032258064516129
homosapiens_None_2023_None_sikkemalisa_002_d10_1101_2022_03_10_483747368C	Alveolar fibroblasts	Fibroblasts	Meyer_2019	176	1.8844606939344	2.57599452998259	0.698863636363636	0.931818181818182	-0.691533836048198	-0.232954545454545
homosapiens_None_2023_None_sikkemalisa_002_d10_1101_2022_03_10_483747lafy_donor_6	DC2	Other	Lafyatis_Rojas_2019	195	0.0244906148248112	0	0.0102564102564103	0	0.0244906148248112	0.0102564102564103
homosapiens_None_2023_None_sikkemalisa_002_d10_1101_2022_03_10_483747A37	AT1	Other	Meyer_2021	48	0.173465147916534	0	0.0416666666666667	0	0.173465147916534	0.0416666666666667
homosapiens_None_2023_None_sikkemalisa_002_d10_1101_2022_03_10_483747296C	Vascular smooth muscle	Other	Kaminski_2020	13	1.75768273538316	1.66722523888486	0.538461538461538	0.461538461538462	0.0904574964982947	0.0769230769230769
homosapiens_None_2023_None_sikkemalisa_002_d10_1101_2022_03_10_483747D175	Interstitial macrophages	Ambient reference	Sun_2020	144	0.0403280345497636	0	0.00694444444444444	0	0.0403280345497636	0.00694444444444444
homosapiens_None_2023_None_sikkemalisa_002_d10_1101_2022_03_10_483747D344	Peribronchial fibroblasts	Fibroblasts	Barbry_Leroy_2020	32	2.56262205649517	2.99539822015714	0.59375	0.90625	-0.432776163661969	-0.3125
homosapiens_None_2023_None_sikkemalisa_002_d10_1101_2022_03_10_483747THD0008	AT2_AGTR2det	Other	Banovich_Kropski_2020	43	0.0806628821744282	0	0.0465116279069767	0	0.0806628821744282	0.0465116279069767
homosapiens_None_2023_None_sikkemalisa_002_d10_1101_2022_03_10_483747368C	Non-classical monocytes	Other	Meyer_2019	13	0.445795120428357	0.853439668077802	0.153846153846154	0.230769230769231	-0.407644547649445	-0.0769230769230769
homosapiens_None_2023_None_sikkemalisa_002_d10_1101_2022_03_10_483747226C	AT2_AGTR2undet	Other	Kaminski_2020	82	0.0662448837402341	0.0213908295842948	0.024390243902439	0.0121951219512195	0.0448540541559394	0.0121951219512195
homosapiens_None_2023_None_sikkemalisa_002_d10_1101_2022_03_10_483747THD0007	Alveolar fibroblasts	Fibroblasts	Banovich_Kropski_2020	17	2.20848536659212	2.58950432288309	1	1	-0.381018956290974	0
homosapiens_None_2023_None_sikkemalisa_002_d10_1101_2022_03_10_483747THD0005	EC venous systemic	Ambient reference	Banovich_Kropski_2020	64	0	0.096299609516304	0	0.015625	-0.096299609516304	-0.015625
homosapiens_None_2023_None_sikkemalisa_002_d10_1101_2022_03_10_483747muc5213	Non-classical monocytes	Other	Schiller_2020	36	0.374021757715413	0.2869659245589	0.0277777777777778	0.0277777777777778	0.0870558331565127	0
homosapiens_None_2023_None_sikkemalisa_002_d10_1101_2022_03_10_483747THD0008	Adventitial fibroblasts	Fibroblasts	Banovich_Kropski_2020	8	2.65403887086995	2.79454148671612	1	1	-0.140502615846165	0
homosapiens_None_2023_None_sikkemalisa_002_d10_1101_2022_03_10_483747296C	EC venous pulmonary	Ambient reference	Teichmann_Meyer_2019	24	0.0651084826938318	0.252830685501881	0.0416666666666667	0.0833333333333333	-0.187722202808049	-0.0416666666666667
homosapiens_None_2023_None_sikkemalisa_002_d10_1101_2022_03_10_483747D150	Transitional Club-AT2	Other	Sun_2020	58	1.3286413292472	1.08734713644273	0.603448275862069	0.379310344827586	0.241294192804475	0.224137931034483
homosapiens_None_2023_None_sikkemalisa_002_d10_1101_2022_03_10_483747298C	Mast cells	Other	Teichmann_Meyer_2019	14	0.225579658154796	0	0.0714285714285714	0	0.225579658154796	0.0714285714285714
homosapiens_None_2023_None_sikkemalisa_002_d10_1101_2022_03_10_483747D062	Classical monocytes	Other	Sun_2020	81	0.693653905033348	1.07812726712146	0.123456790123457	0.222222222222222	-0.384473362088116	-0.0987654320987654
homosapiens_None_2023_None_sikkemalisa_002_d10_1101_2022_03_10_483747296C	AT2_AGTR2det	Other	Teichmann_Meyer_2019	76	0.184952984671243	0.187261518224505	0.0657894736842105	0.0789473684210526	-0.00230853355326266	-0.0131578947368421
homosapiens_None_2023_None_sikkemalisa_002_d10_1101_2022_03_10_483747VUHD98	AT1	Other	Banovich_Kropski_2020	87	0.408501721954823	0	0.0689655172413793	0	0.408501721954823	0.0689655172413793
homosapiens_None_2023_None_sikkemalisa_002_d10_1101_2022_03_10_483747A44	Interstitial macrophages	Ambient reference	Meyer_2021	175	0.0594754570895427	0.064392942375037	0.0171428571428571	0.0171428571428571	-0.00491748528549427	0
homosapiens_None_2023_None_sikkemalisa_002_d10_1101_2022_03_10_483747DD047Q	DC2	Other	Tata_unpubl	60	0.0189973120024733	0.0457572182722843	0.0166666666666667	0.0166666666666667	-0.026759906269811	0
homosapiens_None_2023_None_sikkemalisa_002_d10_1101_2022_03_10_483747388C	AT1	Other	Kaminski_2020	10	0.477206300126694	0	0.1	0	0.477206300126694	0.1
homosapiens_None_2023_None_sikkemalisa_002_d10_1101_2022_03_10_483747muc5212	Alveolar fibroblasts	Fibroblasts	Schiller_2020	21	2.41156004745501	2.91724406946356	0.380952380952381	0.619047619047619	-0.505684022008552	-0.238095238095238
homosapiens_None_2023_None_sikkemalisa_002_d10_1101_2022_03_10_483747QZY9VQng	AT2_AGTR2det	Other	Eils_2020	12	0.568385831259348	0	0.166666666666667	0	0.568385831259348	0.166666666666667
homosapiens_None_2023_None_sikkemalisa_002_d10_1101_2022_03_10_483747390C	Peribronchial fibroblasts	Fibroblasts	Meyer_2019	10	2.62215506101792	2.63992595391295	1	1	-0.0177708928950318	0
homosapiens_None_2023_None_sikkemalisa_002_d10_1101_2022_03_10_483747D363	Vascular smooth muscle	Other	Barbry_Leroy_2020	30	0	2.05926915442053	0	0.533333333333333	-2.05926915442053	-0.533333333333333
homosapiens_None_2023_None_sikkemalisa_002_d10_1101_2022_03_10_483747D046	EC aerocyte capillary	Ambient reference	Sun_2020	75	0.543763989711809	0.652615077566114	0.08	0.0933333333333333	-0.108851087854305	-0.0133333333333333
homosapiens_None_2023_None_sikkemalisa_002_d10_1101_2022_03_10_483747218C	AT2_AGTR2undet	Other	Kaminski_2020	39	0.0654469794739794	0.0156084088666448	0.0256410256410256	0.0256410256410256	0.0498385706073346	0
homosapiens_None_2023_None_sikkemalisa_002_d10_1101_2022_03_10_483747Donor_05	AT2_AGTR2det	Other	Misharin_Budinger_2018	20	0.218573981742105	0	0.1	0	0.218573981742105	0.1
homosapiens_None_2023_None_sikkemalisa_002_d10_1101_2022_03_10_483747454C	AT1	Other	Kaminski_2020	50	0.0681394164757709	0	0.02	0	0.0681394164757709	0.02
homosapiens_None_2023_None_sikkemalisa_002_d10_1101_2022_03_10_483747D088	Interstitial macrophages	Ambient reference	Sun_2020	59	0.890954133718195	1.19026686183271	0.203389830508475	0.271186440677966	-0.299312728114516	-0.0677966101694915
homosapiens_None_2023_None_sikkemalisa_002_d10_1101_2022_03_10_483747lafy_donor_6	Alveolar fibroblasts	Fibroblasts	Lafyatis_Rojas_2019	242	1.73431800436613	2.00579476245239	0.359504132231405	0.487603305785124	-0.271476758086256	-0.128099173553719
homosapiens_None_2023_None_sikkemalisa_002_d10_1101_2022_03_10_483747DD047Q	Alveolar fibroblasts	Fibroblasts	Tata_unpubl	74	1.42058627751702	2.32907071233687	0.554054054054054	0.945945945945946	-0.908484434819847	-0.391891891891892
homosapiens_None_2023_None_sikkemalisa_002_d10_1101_2022_03_10_483747VUHD66	Alveolar fibroblasts	Fibroblasts	Banovich_Kropski_2020	61	2.25879042509586	2.58253615339154	0.60655737704918	0.754098360655738	-0.323745728295676	-0.147540983606557
homosapiens_None_2023_None_sikkemalisa_002_d10_1101_2022_03_10_483747THD0009	Transitional Club-AT2	Other	Banovich_Kropski_2020	40	0.160522669700218	0	0.075	0	0.160522669700218	0.075
homosapiens_None_2023_None_sikkemalisa_002_d10_1101_2022_03_10_483747GRO-06	Classical monocytes	Other	Nawijn_2021	120	0	0.0382598695594551	0	0.00833333333333333	-0.0382598695594551	-0.00833333333333333
homosapiens_None_2023_None_sikkemalisa_002_d10_1101_2022_03_10_483747VUHD92	Alveolar fibroblasts	Fibroblasts	Banovich_Kropski_2020	7	1.17552549020332	2.38024294901219	0.285714285714286	0.714285714285714	-1.20471745880888	-0.428571428571429
homosapiens_None_2023_None_sikkemalisa_002_d10_1101_2022_03_10_483747JVV9L8ng	Alveolar fibroblasts	Fibroblasts	Eils_2020	103	0.983761821290742	1.59274682633982	0.271844660194175	0.533980582524272	-0.608985005049077	-0.262135922330097
homosapiens_None_2023_None_sikkemalisa_002_d10_1101_2022_03_10_483747lafy_donor_2	Transitional Club-AT2	Other	Lafyatis_Rojas_2019	22	0	0.115039533143863	0	0.0454545454545455	-0.115039533143863	-0.0454545454545455
homosapiens_None_2023_None_sikkemalisa_002_d10_1101_2022_03_10_483747SAMN15153961	Interstitial macrophages	Ambient reference	Janssen_2020	157	0.00552563379159976	0.0104676259729269	0.00636942675159236	0.00636942675159236	-0.0049419921813271	0
homosapiens_None_2023_None_sikkemalisa_002_d10_1101_2022_03_10_483747KJYDM1ng	AT2_AGTR2det	Other	Eils_2020	24	0.171246917776887	0.164780650990309	0.0833333333333333	0.0833333333333333	0.00646626678657788	0
homosapiens_None_2023_None_sikkemalisa_002_d10_1101_2022_03_10_483747A40	Alveolar fibroblasts	Fibroblasts	Meyer_2021	19	2.44333087407495	2.92840362212257	0.684210526315789	0.894736842105263	-0.485072748047625	-0.210526315789474
homosapiens_None_2023_None_sikkemalisa_002_d10_1101_2022_03_10_483747222C	Vascular smooth muscle	Other	Kaminski_2020	10	0.654091303101825	1.23450020237292	0.2	0.5	-0.580408899271096	-0.3
homosapiens_None_2023_None_sikkemalisa_002_d10_1101_2022_03_10_483747donor 2	EC venous systemic	Ambient reference	Krasnow_2020	36	0	0.0356527407054761	0	0.0277777777777778	-0.0356527407054761	-0.0277777777777778
homosapiens_None_2023_None_sikkemalisa_002_d10_1101_2022_03_10_483747A44	Transitional Club-AT2	Other	Meyer_2021	50	0.304386734359133	0	0.12	0	0.304386734359133	0.12
homosapiens_None_2023_None_sikkemalisa_002_d10_1101_2022_03_10_483747D088	AT1	Other	Sun_2020	72	1.15389557500354	0.926783307199916	0.291666666666667	0.222222222222222	0.227112267803627	0.0694444444444445
homosapiens_None_2023_None_sikkemalisa_002_d10_1101_2022_03_10_483747DD046Q	Alveolar fibroblasts	Fibroblasts	Tata_unpubl	103	2.20011884958327	2.53102374319136	0.961165048543689	0.990291262135922	-0.33090489360809	-0.029126213592233
homosapiens_None_2023_None_sikkemalisa_002_d10_1101_2022_03_10_483747A47	Peribronchial fibroblasts	Fibroblasts	Meyer_2021	15	2.73842721531012	3.23283800782301	0.6	0.733333333333333	-0.494410792512888	-0.133333333333333
homosapiens_None_2023_None_sikkemalisa_002_d10_1101_2022_03_10_483747VUHD95	Vascular smooth muscle	Other	Banovich_Kropski_2020	88	0.898416778762753	1.22267759153483	0.147727272727273	0.204545454545455	-0.32426081277208	-0.0568181818181818
homosapiens_None_2023_None_sikkemalisa_002_d10_1101_2022_03_10_483747D150	Pericytes	Pericytes	Sun_2020	89	1.83550680525467	2.33211542171677	0.764044943820225	0.955056179775281	-0.496608616462105	-0.191011235955056
homosapiens_None_2023_None_sikkemalisa_002_d10_1101_2022_03_10_483747DD047Q	Mast cells	Other	Tata_unpubl	22	0	0.199178059048428	0	0.0454545454545455	-0.199178059048428	-0.0454545454545455
homosapiens_None_2023_None_sikkemalisa_002_d10_1101_2022_03_10_483747DD073R	Transitional Club-AT2	Other	Tata_unpubl	48	0.11274765712794	0.207893083143614	0.104166666666667	0.166666666666667	-0.0951454260156746	-0.0625
homosapiens_None_2023_None_sikkemalisa_002_d10_1101_2022_03_10_483747muc5212	AT2_AGTR2det	Other	Schiller_2020	33	0.617939317368268	0.55484633216915	0.0606060606060606	0.0303030303030303	0.0630929851991178	0.0303030303030303
homosapiens_None_2023_None_sikkemalisa_002_d10_1101_2022_03_10_483747VUHD66	AT1	Other	Banovich_Kropski_2020	72	0.157919616365609	0	0.0416666666666667	0	0.157919616365609	0.0416666666666667
homosapiens_None_2023_None_sikkemalisa_002_d10_1101_2022_03_10_483747390C	AT2_AGTR2det	Other	Meyer_2019	112	0.197461317453008	0.125632818855741	0.0982142857142857	0.0892857142857143	0.0718284985972668	0.00892857142857142
homosapiens_None_2023_None_sikkemalisa_002_d10_1101_2022_03_10_483747THD0014	Transitional Club-AT2	Other	Banovich_Kropski_2020	97	0.291794709649622	0.0353202201986737	0.0618556701030928	0.0103092783505155	0.256474489450948	0.0515463917525773
homosapiens_None_2023_None_sikkemalisa_002_d10_1101_2022_03_10_483747VUHD68	Adventitial fibroblasts	Fibroblasts	Banovich_Kropski_2020	8	1.82410609869431	2.02418933825458	0.75	0.875	-0.200083239560267	-0.125
homosapiens_None_2023_None_sikkemalisa_002_d10_1101_2022_03_10_483747D032	Pericytes	Pericytes	Sun_2020	70	0	0.831194546797856	0	0.1	-0.831194546797856	-0.1
homosapiens_None_2023_None_sikkemalisa_002_d10_1101_2022_03_10_483747A9LCTZng	Pericytes	Pericytes	Eils_2020	16	0.842720817373934	1.71286800349883	0.125	0.625	-0.870147186124892	-0.5
homosapiens_None_2023_None_sikkemalisa_002_d10_1101_2022_03_10_483747356C	Vascular smooth muscle	Other	Meyer_2019	66	1.57032801859207	1.89957952093541	0.606060606060606	0.681818181818182	-0.329251502343337	-0.0757575757575757
homosapiens_None_2023_None_sikkemalisa_002_d10_1101_2022_03_10_483747NML2	AT1	Other	Sheppard_2020	122	0.0316176707824886	0.192114418346593	0.00819672131147541	0.0245901639344262	-0.160496747564104	-0.0163934426229508
homosapiens_None_2023_None_sikkemalisa_002_d10_1101_2022_03_10_483747D088	Classical monocytes	Other	Sun_2020	18	1.79189574706588	0.964044780162956	0.444444444444444	0.111111111111111	0.827850966902921	0.333333333333333
homosapiens_None_2023_None_sikkemalisa_002_d10_1101_2022_03_10_4837471372C	AT1	Other	Kaminski_2020	48	0.0446752683989022	0	0.0208333333333333	0	0.0446752683989022	0.0208333333333333
homosapiens_None_2023_None_sikkemalisa_002_d10_1101_2022_03_10_483747muc5103	AT1	Other	Schiller_2020	77	0.532087208460194	0	0.038961038961039	0	0.532087208460194	0.038961038961039
homosapiens_None_2023_None_sikkemalisa_002_d10_1101_2022_03_10_483747donor 3	Peribronchial fibroblasts	Fibroblasts	Krasnow_2020	23	2.43058784809234	2.60751199490108	1	0.956521739130435	-0.176924146808736	0.0434782608695652
homosapiens_None_2023_None_sikkemalisa_002_d10_1101_2022_03_10_483747290B	Transitional Club-AT2	Other	Teichmann_Meyer_2019	35	0.248832342945082	0.198675788348444	0.0857142857142857	0.0571428571428571	0.050156554596638	0.0285714285714286
homosapiens_None_2023_None_sikkemalisa_002_d10_1101_2022_03_10_483747390C	Myofibroblasts	Fibroblasts	Meyer_2019	53	2.09556684593295	2.38229296312958	0.905660377358491	0.981132075471698	-0.286726117196636	-0.0754716981132075
homosapiens_None_2023_None_sikkemalisa_002_d10_1101_2022_03_10_483747VUHD104	Peribronchial fibroblasts	Fibroblasts	Banovich_Kropski_2020	17	1.79462043480081	2.52329525262525	0.411764705882353	0.882352941176471	-0.728674817824448	-0.470588235294118
homosapiens_None_2023_None_sikkemalisa_002_d10_1101_2022_03_10_483747222C	AT2_AGTR2undet	Other	Kaminski_2020	94	0.0978202628656742	0	0.0425531914893617	0	0.0978202628656742	0.0425531914893617
homosapiens_None_2023_None_sikkemalisa_002_d10_1101_2022_03_10_483747A44	EC aerocyte capillary	Ambient reference	Meyer_2021	122	0	0.203452390513689	0	0.00819672131147541	-0.203452390513689	-0.00819672131147541
homosapiens_None_2023_None_sikkemalisa_002_d10_1101_2022_03_10_483747VUHD70	AT2_AGTR2undet	Other	Banovich_Kropski_2020	10	0.293221541193788	0	0.2	0	0.293221541193788	0.2
homosapiens_None_2023_None_sikkemalisa_002_d10_1101_2022_03_10_483747292B	Interstitial macrophages	Ambient reference	Teichmann_Meyer_2019	27	0.450050684295145	0.448495102248396	0.222222222222222	0.148148148148148	0.00155558204674988	0.0740740740740741
homosapiens_None_2023_None_sikkemalisa_002_d10_1101_2022_03_10_483747THD0010	Transitional Club-AT2	Other	Banovich_Kropski_2020	28	0.159362334959834	0	0.0357142857142857	0	0.159362334959834	0.0357142857142857
homosapiens_None_2023_None_sikkemalisa_002_d10_1101_2022_03_10_483747VUHD94	Vascular smooth muscle	Other	Banovich_Kropski_2020	44	1.50083407420057	2.22597173648037	0.295454545454545	0.659090909090909	-0.7251376622798	-0.363636363636364
homosapiens_None_2023_None_sikkemalisa_002_d10_1101_2022_03_10_483747D231	EC general capillary	Ambient reference	Sun_2020	59	0.391238215291558	1.03255729695156	0.0338983050847458	0.169491525423729	-0.641319081659997	-0.135593220338983
homosapiens_None_2023_None_sikkemalisa_002_d10_1101_2022_03_10_483747NU_CZI01	AT2_AGTR2det	Other	Misharin_2021	13	0.159886576840169	0	0.153846153846154	0	0.159886576840169	0.153846153846154
homosapiens_None_2023_None_sikkemalisa_002_d10_1101_2022_03_10_483747A26	Non-classical monocytes	Other	Meyer_2021	70	0	0.322661621964165	0	0.0285714285714286	-0.322661621964165	-0.0285714285714286
homosapiens_None_2023_None_sikkemalisa_002_d10_1101_2022_03_10_483747GRO-10	DC2	Other	Nawijn_2021	149	0	0.04905869182181	0	0.00671140939597315	-0.04905869182181	-0.00671140939597315
homosapiens_None_2023_None_sikkemalisa_002_d10_1101_2022_03_10_483747NU_CZI02	Peribronchial fibroblasts	Fibroblasts	Misharin_2021	24	2.25497497929347	2.53690080113233	0.75	0.916666666666667	-0.281925821838862	-0.166666666666667
homosapiens_None_2023_None_sikkemalisa_002_d10_1101_2022_03_10_483747390C	Non-classical monocytes	Other	Meyer_2019	59	0.0645867628621286	0.0936909603632945	0.0169491525423729	0.0169491525423729	-0.0291041975011659	0
homosapiens_None_2023_None_sikkemalisa_002_d10_1101_2022_03_10_483747donor 1	Transitional Club-AT2	Other	Krasnow_2020	168	0.053735690549476	0	0.0178571428571429	0	0.053735690549476	0.0178571428571429
homosapiens_None_2023_None_sikkemalisa_002_d10_1101_2022_03_10_483747A40	Mast cells	Other	Meyer_2021	203	0	0.0408806256379708	0	0.00492610837438424	-0.0408806256379708	-0.00492610837438424
homosapiens_None_2023_None_sikkemalisa_002_d10_1101_2022_03_10_483747VUHD66	Alveolar macrophages	Ambient reference	Banovich_Kropski_2020	43	0.0200396700013644	0.0925939601739422	0.0232558139534884	0.0232558139534884	-0.0725542901725778	0
homosapiens_None_2023_None_sikkemalisa_002_d10_1101_2022_03_10_483747Patient_1	Lymphatic EC	Other	Schiller_2021	154	0	0.0726303587411532	0	0.00649350649350649	-0.0726303587411532	-0.00649350649350649
homosapiens_None_2023_None_sikkemalisa_002_d10_1101_2022_03_10_483747222C	Mast cells	Other	Kaminski_2020	40	0.223721539764278	0	0.025	0	0.223721539764278	0.025
homosapiens_None_2023_None_sikkemalisa_002_d10_1101_2022_03_10_483747GRO-07	Non-classical monocytes	Other	Nawijn_2021	29	0.112239471334886	0	0.0344827586206897	0	0.112239471334886	0.0344827586206897
homosapiens_None_2023_None_sikkemalisa_002_d10_1101_2022_03_10_483747THD0014	Alveolar fibroblasts	Fibroblasts	Banovich_Kropski_2020	15	2.25672285871041	2.74039449520797	0.866666666666667	1	-0.483671636497557	-0.133333333333333
homosapiens_None_2023_None_sikkemalisa_002_d10_1101_2022_03_10_483747D122	Pericytes	Pericytes	Sun_2020	32	0	0.6545011425565	0	0.09375	-0.6545011425565	-0.09375
homosapiens_None_2023_None_sikkemalisa_002_d10_1101_2022_03_10_483747NML1	Mast cells	Other	Sheppard_2020	47	0.249068760699896	0	0.0425531914893617	0	0.249068760699896	0.0425531914893617
homosapiens_None_2023_None_sikkemalisa_002_d10_1101_2022_03_10_483747DD073R	DC2	Other	Tata_unpubl	65	0.176014463415895	0.0906084853450602	0.0615384615384615	0.0615384615384615	0.085405978070835	0
homosapiens_None_2023_None_sikkemalisa_002_d10_1101_2022_03_10_483747DD047Q	Adventitial fibroblasts	Fibroblasts	Tata_unpubl	5	1.57780632585101	2.23590943262267	0.6	1	-0.658103106771655	-0.4
homosapiens_None_2023_None_sikkemalisa_002_d10_1101_2022_03_10_483747VUHD84	EC venous pulmonary	Ambient reference	Banovich_Kropski_2020	190	0.0489481604635732	0	0.00526315789473684	0	0.0489481604635732	0.00526315789473684
homosapiens_None_2023_None_sikkemalisa_002_d10_1101_2022_03_10_483747A26	EC venous systemic	Ambient reference	Meyer_2021	152	0	0.0225218224830953	0	0.0131578947368421	-0.0225218224830953	-0.0131578947368421
homosapiens_None_2023_None_sikkemalisa_002_d10_1101_2022_03_10_483747muc9832	Classical monocytes	Other	Schiller_2020	100	0.405056610479453	0.297712433206489	0.02	0.01	0.107344177272963	0.01
homosapiens_None_2023_None_sikkemalisa_002_d10_1101_2022_03_10_483747D231	Lymphatic EC	Other	Sun_2020	24	0.114924642432334	0	0.0416666666666667	0	0.114924642432334	0.0416666666666667
homosapiens_None_2023_None_sikkemalisa_002_d10_1101_2022_03_10_483747290B	Mast cells	Other	Teichmann_Meyer_2019	60	0	0.0897039905848957	0	0.0166666666666667	-0.0897039905848957	-0.0166666666666667
homosapiens_None_2023_None_sikkemalisa_002_d10_1101_2022_03_10_483747D353	Peribronchial fibroblasts	Fibroblasts	Barbry_Leroy_2020	26	2.64328758540871	3.01818000800485	0.576923076923077	0.807692307692308	-0.374892422596134	-0.230769230769231
homosapiens_None_2023_None_sikkemalisa_002_d10_1101_2022_03_10_483747donor 2	Adventitial fibroblasts	Fibroblasts	Krasnow_2020	69	1.05093029019798	2.08714760171014	0.289855072463768	0.811594202898551	-1.03621731151217	-0.521739130434783
homosapiens_None_2023_None_sikkemalisa_002_d10_1101_2022_03_10_483747THD0007	AT1	Other	Banovich_Kropski_2020	80	0.210644073035989	0	0.025	0	0.210644073035989	0.025
homosapiens_None_2023_None_sikkemalisa_002_d10_1101_2022_03_10_483747VUHD68	Vascular smooth muscle	Other	Banovich_Kropski_2020	77	0.919624308844356	1.58437477673769	0.194805194805195	0.415584415584416	-0.664750467893331	-0.220779220779221
homosapiens_None_2023_None_sikkemalisa_002_d10_1101_2022_03_10_483747ODGS1Mng	Alveolar macrophages	Ambient reference	Eils_2020	22	0.246512069851257	0	0.0454545454545455	0	0.246512069851257	0.0454545454545455
homosapiens_None_2023_None_sikkemalisa_002_d10_1101_2022_03_10_483747218C	Mast cells	Other	Kaminski_2020	8	0.956798819098443	0	0.125	0	0.956798819098443	0.125
homosapiens_None_2023_None_sikkemalisa_002_d10_1101_2022_03_10_483747D150	Myofibroblasts	Fibroblasts	Sun_2020	37	2.21310712787617	2.44535141954669	0.783783783783784	0.918918918918919	-0.232244291670526	-0.135135135135135
homosapiens_None_2023_None_sikkemalisa_002_d10_1101_2022_03_10_483747RU675	Non-classical monocytes	Other	Peer_Massague_2020	59	0.0934677687422937	0.0738053316213175	0.0169491525423729	0.0169491525423729	0.0196624371209761	0
homosapiens_None_2023_None_sikkemalisa_002_d10_1101_2022_03_10_483747A40	Peribronchial fibroblasts	Fibroblasts	Meyer_2021	7	2.74388376962443	2.75206833287863	1	1	-0.00818456325419881	0
homosapiens_None_2023_None_sikkemalisa_002_d10_1101_2022_03_10_483747muc5213	Mast cells	Other	Schiller_2020	30	0.480130427782581	1.05407800770829	0.0333333333333333	0.0666666666666667	-0.573947579925707	-0.0333333333333333
homosapiens_None_2023_None_sikkemalisa_002_d10_1101_2022_03_10_483747NU_CZI02	Vascular smooth muscle	Other	Misharin_2021	64	1.11355130139341	1.693730373672	0.234375	0.40625	-0.580179072278585	-0.171875
homosapiens_None_2023_None_sikkemalisa_002_d10_1101_2022_03_10_483747D088	Lymphatic EC	Other	Sun_2020	59	1.03846214000735	0.896090781994415	0.305084745762712	0.288135593220339	0.142371358012933	0.0169491525423729
homosapiens_None_2023_None_sikkemalisa_002_d10_1101_2022_03_10_483747A37	AT2_AGTR2det	Other	Meyer_2021	73	0.144295989078818	0.0407069319282263	0.123287671232877	0.0410958904109589	0.103589057150592	0.0821917808219178
homosapiens_None_2023_None_sikkemalisa_002_d10_1101_2022_03_10_483747356C	EC venous systemic	Ambient reference	Meyer_2019	68	0	0.0302335600053777	0	0.0147058823529412	-0.0302335600053777	-0.0147058823529412
homosapiens_None_2023_None_sikkemalisa_002_d10_1101_2022_03_10_483747VUHD107	AT2_AGTR2undet	Other	Banovich_Kropski_2020	96	0.267236450963018	0	0.03125	0	0.267236450963018	0.03125
homosapiens_None_2023_None_sikkemalisa_002_d10_1101_2022_03_10_483747NU_CZI02	Myofibroblasts	Fibroblasts	Misharin_2021	12	1.26310051865854	1.82790162702371	0.25	0.5	-0.564801108365174	-0.25
homosapiens_None_2023_None_sikkemalisa_002_d10_1101_2022_03_10_483747lafy_donor_3	Transitional Club-AT2	Other	Lafyatis_Rojas_2019	22	0.14236564095051	0	0.0909090909090909	0	0.14236564095051	0.0909090909090909
homosapiens_None_2023_None_sikkemalisa_002_d10_1101_2022_03_10_4837479JQK55ng	Alveolar fibroblasts	Fibroblasts	Eils_2020	25	0.947361828570634	1.83060297279103	0.28	0.76	-0.883241144220401	-0.48
homosapiens_None_2023_None_sikkemalisa_002_d10_1101_2022_03_10_483747D062	Peribronchial fibroblasts	Fibroblasts	Sun_2020	72	2.89902021788589	2.85319680236855	1	1	0.0458234155173405	0
homosapiens_None_2023_None_sikkemalisa_002_d10_1101_2022_03_10_483747GRO-04	Peribronchial fibroblasts	Fibroblasts	Nawijn_2021	15	2.01518312419965	2.6596564732341	0.333333333333333	0.933333333333333	-0.644473349034446	-0.6
homosapiens_None_2023_None_sikkemalisa_002_d10_1101_2022_03_10_483747D339	Peribronchial fibroblasts	Fibroblasts	Barbry_Leroy_2020	14	2.37068606574874	2.90769957087027	0.714285714285714	1	-0.537013505121533	-0.285714285714286
homosapiens_None_2023_None_sikkemalisa_002_d10_1101_2022_03_10_483747muc9833	Classical monocytes	Other	Schiller_2020	25	0	0.947455468460319	0	0.08	-0.947455468460319	-0.08
homosapiens_None_2023_None_sikkemalisa_002_d10_1101_2022_03_10_4837471372C	Alveolar fibroblasts	Fibroblasts	Kaminski_2020	6	1.50421777131481	1.78542400586712	0.5	1	-0.281206234552313	-0.5
homosapiens_None_2023_None_sikkemalisa_002_d10_1101_2022_03_10_483747160C	Lymphatic EC	Other	Kaminski_2020	16	0.118176282752742	0	0.0625	0	0.118176282752742	0.0625
homosapiens_None_2023_None_sikkemalisa_002_d10_1101_2022_03_10_483747388C	AT2_AGTR2undet	Other	Kaminski_2020	6	0.552117204058509	0	0.166666666666667	0	0.552117204058509	0.166666666666667
homosapiens_None_2023_None_sikkemalisa_002_d10_1101_2022_03_10_483747296C	Alveolar fibroblasts	Fibroblasts	Kaminski_2020	12	1.55268250325378	2.22291246829815	0.583333333333333	1	-0.670229965044371	-0.416666666666667
homosapiens_None_2023_None_sikkemalisa_002_d10_1101_2022_03_10_483747NML2	Alveolar macrophages	Ambient reference	Sheppard_2020	49	0	0.0459116201600868	0	0.0204081632653061	-0.0459116201600868	-0.0204081632653061
homosapiens_None_2023_None_sikkemalisa_002_d10_1101_2022_03_10_483747muc9832	Adventitial fibroblasts	Fibroblasts	Schiller_2020	11	2.49380913320219	3.31045181088544	0.454545454545455	0.818181818181818	-0.816642677683255	-0.363636363636364
homosapiens_None_2023_None_sikkemalisa_002_d10_1101_2022_03_10_483747A32	Adventitial fibroblasts	Fibroblasts	Meyer_2021	51	2.25551066809164	2.65949651758156	0.647058823529412	0.803921568627451	-0.403985849489921	-0.156862745098039
homosapiens_None_2023_None_sikkemalisa_002_d10_1101_2022_03_10_483747A37	EC venous pulmonary	Ambient reference	Meyer_2021	28	0.0655838248558592	0	0.0357142857142857	0	0.0655838248558592	0.0357142857142857
homosapiens_None_2023_None_sikkemalisa_002_d10_1101_2022_03_10_483747DD046Q	Peribronchial fibroblasts	Fibroblasts	Tata_unpubl	39	2.23923273842939	2.52143894085501	0.974358974358974	1	-0.282206202425618	-0.0256410256410257
homosapiens_None_2023_None_sikkemalisa_002_d10_1101_2022_03_10_483747001C	Non-classical monocytes	Other	Kaminski_2020	108	0	0.0183983622235154	0	0.00925925925925926	-0.0183983622235154	-0.00925925925925926
homosapiens_None_2023_None_sikkemalisa_002_d10_1101_2022_03_10_483747lafy_donor_5	AT2_AGTR2undet	Other	Lafyatis_Rojas_2019	82	0.0904826504979625	0.0533166858488257	0.0731707317073171	0.024390243902439	0.0371659646491368	0.048780487804878
homosapiens_None_2023_None_sikkemalisa_002_d10_1101_2022_03_10_483747S4ECX8ng	Alveolar fibroblasts	Fibroblasts	Eils_2020	58	1.16244876446843	1.85918288991761	0.293103448275862	0.620689655172414	-0.696734125449181	-0.327586206896552
homosapiens_None_2023_None_sikkemalisa_002_d10_1101_2022_03_10_483747390C	Transitional Club-AT2	Other	Meyer_2019	42	0.264951489119564	0.102636003242616	0.19047619047619	0.0714285714285714	0.162315485876948	0.119047619047619
homosapiens_None_2023_None_sikkemalisa_002_d10_1101_2022_03_10_483747donor 2	Peribronchial fibroblasts	Fibroblasts	Krasnow_2020	10	1.60499827368008	2.45705850407189	0.3	0.9	-0.852060230391809	-0.6
homosapiens_None_2023_None_sikkemalisa_002_d10_1101_2022_03_10_483747A44	Vascular smooth muscle	Other	Meyer_2021	112	2.01145629233491	2.07123704921321	0.785714285714286	0.8125	-0.0597807568783018	-0.0267857142857143
homosapiens_None_2023_None_sikkemalisa_002_d10_1101_2022_03_10_483747DD073R	AT2_AGTR2det	Other	Tata_unpubl	40	0.239089374041643	0.0929575013051024	0.275	0.075	0.14613187273654	0.2
homosapiens_None_2023_None_sikkemalisa_002_d10_1101_2022_03_10_483747THD0005	AT2_AGTR2undet	Other	Banovich_Kropski_2020	32	0.344923559608669	0	0.125	0	0.344923559608669	0.125
homosapiens_None_2023_None_sikkemalisa_002_d10_1101_2022_03_10_483747THD0014	DC2	Other	Banovich_Kropski_2020	55	0.288652576196118	0	0.0363636363636364	0	0.288652576196118	0.0363636363636364
homosapiens_None_2023_None_sikkemalisa_002_d10_1101_2022_03_10_483747A43	Alveolar macrophages	Ambient reference	Meyer_2021	173	0.0254987832817071	0.0760133679304527	0.00578034682080925	0.0115606936416185	-0.0505145846487457	-0.00578034682080925
homosapiens_None_2023_None_sikkemalisa_002_d10_1101_2022_03_10_483747THD0005	Vascular smooth muscle	Other	Banovich_Kropski_2020	25	1.05379878142502	1.73995200552912	0.24	0.56	-0.686153224104105	-0.32
homosapiens_None_2023_None_sikkemalisa_002_d10_1101_2022_03_10_483747muc3843	Lymphatic EC	Other	Schiller_2020	27	0.406499133346701	0	0.037037037037037	0	0.406499133346701	0.037037037037037
homosapiens_None_2023_None_sikkemalisa_002_d10_1101_2022_03_10_483747NML2	Adventitial fibroblasts	Fibroblasts	Sheppard_2020	54	1.65472891503775	2.046854179018	0.62962962962963	0.833333333333333	-0.392125263980259	-0.203703703703704
homosapiens_None_2023_None_sikkemalisa_002_d10_1101_2022_03_10_483747D088	Vascular smooth muscle	Other	Sun_2020	42	2.06160778483911	2.34943632229893	0.428571428571429	0.619047619047619	-0.287828537459816	-0.190476190476191
homosapiens_None_2023_None_sikkemalisa_002_d10_1101_2022_03_10_483747donor 2	Myofibroblasts	Fibroblasts	Krasnow_2020	49	1.54009052649552	2.08890386213048	0.571428571428571	0.816326530612245	-0.548813335634962	-0.244897959183674
homosapiens_None_2023_None_sikkemalisa_002_d10_1101_2022_03_10_483747SHMI57ng	EC general capillary	Ambient reference	Eils_2020	11	0.531976869473005	0	0.181818181818182	0	0.531976869473005	0.181818181818182
homosapiens_None_2023_None_sikkemalisa_002_d10_1101_2022_03_10_483747DD047Q	Interstitial macrophages	Ambient reference	Tata_unpubl	130	0	0.106428170968125	0	0.0538461538461538	-0.106428170968125	-0.0538461538461538
homosapiens_None_2023_None_sikkemalisa_002_d10_1101_2022_03_10_483747A37	Pericytes	Pericytes	Meyer_2021	13	0	2.04332006393804	0	0.923076923076923	-2.04332006393804	-0.923076923076923
homosapiens_None_2023_None_sikkemalisa_002_d10_1101_2022_03_10_4837479JQK55ng	EC general capillary	Ambient reference	Eils_2020	33	0	0.226416609199679	0	0.0303030303030303	-0.226416609199679	-0.0303030303030303
homosapiens_None_2023_None_sikkemalisa_002_d10_1101_2022_03_10_483747THD0019	Alveolar macrophages	Ambient reference	Banovich_Kropski_2020	55	0.033447181237778	0	0.0181818181818182	0	0.033447181237778	0.0181818181818182
homosapiens_None_2023_None_sikkemalisa_002_d10_1101_2022_03_10_483747VUHD85	AT2_AGTR2undet	Other	Banovich_Kropski_2020	58	0.33481296258421	0	0.0517241379310345	0	0.33481296258421	0.0517241379310345
homosapiens_None_2023_None_sikkemalisa_002_d10_1101_2022_03_10_483747RU682	Interstitial macrophages	Ambient reference	Peer_Massague_2020	99	0.401630440539404	0.3181143559528	0.212121212121212	0.202020202020202	0.0835160845866048	0.0101010101010101
homosapiens_None_2023_None_sikkemalisa_002_d10_1101_2022_03_10_483747Donor_07	Adventitial fibroblasts	Fibroblasts	Misharin_Budinger_2018	7	1.44922958873022	1.88986540715755	0.428571428571429	0.714285714285714	-0.440635818427331	-0.285714285714286
homosapiens_None_2023_None_sikkemalisa_002_d10_1101_2022_03_10_483747D175	Pericytes	Pericytes	Sun_2020	11	0	1.83255015499737	0	0.454545454545455	-1.83255015499737	-0.454545454545455
homosapiens_None_2023_None_sikkemalisa_002_d10_1101_2022_03_10_483747donor 1	Interstitial macrophages	Ambient reference	Krasnow_2020	124	0.0732616471151239	0.157069047501856	0.0161290322580645	0.0241935483870968	-0.083807400386732	-0.00806451612903226
homosapiens_None_2023_None_sikkemalisa_002_d10_1101_2022_03_10_483747001C	Alveolar fibroblasts	Fibroblasts	Kaminski_2020	6	1.84069651368426	1.88493232579936	0.5	0.5	-0.0442358121151001	0
homosapiens_None_2023_None_sikkemalisa_002_d10_1101_2022_03_10_483747GRO-03	Vascular smooth muscle	Other	Nawijn_2021	41	0.23953764429878	0.922794433504691	0.024390243902439	0.121951219512195	-0.68325678920591	-0.0975609756097561
homosapiens_None_2023_None_sikkemalisa_002_d10_1101_2022_03_10_483747lafy_donor_5	EC venous pulmonary	Ambient reference	Lafyatis_Rojas_2019	52	0.0899717570989516	0.0208303233894779	0.0192307692307692	0.0192307692307692	0.0691414337094737	0
homosapiens_None_2023_None_sikkemalisa_002_d10_1101_2022_03_10_483747VUHD66	EC aerocyte capillary	Ambient reference	Banovich_Kropski_2020	21	0.236270436571598	0	0.0476190476190476	0	0.236270436571598	0.0476190476190476
homosapiens_None_2023_None_sikkemalisa_002_d10_1101_2022_03_10_483747donor 1	Mast cells	Other	Krasnow_2020	116	0	0.0629155610622304	0	0.00862068965517241	-0.0629155610622304	-0.00862068965517241
homosapiens_None_2023_None_sikkemalisa_002_d10_1101_2022_03_10_483747THD0015	AT2_AGTR2undet	Other	Banovich_Kropski_2020	15	0.0622085566979409	0	0.0666666666666667	0	0.0622085566979409	0.0666666666666667
homosapiens_None_2023_None_sikkemalisa_002_d10_1101_2022_03_10_483747368C	Classical monocytes	Other	Meyer_2019	65	0.0709614193876897	0.632343869374602	0.0153846153846154	0.138461538461538	-0.561382449986913	-0.123076923076923
homosapiens_None_2023_None_sikkemalisa_002_d10_1101_2022_03_10_483747muc9833	EC aerocyte capillary	Ambient reference	Schiller_2020	20	0	0.391152435959346	0	0.05	-0.391152435959346	-0.05
homosapiens_None_2023_None_sikkemalisa_002_d10_1101_2022_03_10_483747lafy_donor_1	Classical monocytes	Other	Lafyatis_Rojas_2019	58	0.0616981727991826	0	0.0172413793103448	0	0.0616981727991826	0.0172413793103448
homosapiens_None_2023_None_sikkemalisa_002_d10_1101_2022_03_10_483747GRO-09	Vascular smooth muscle	Other	Nawijn_2021	100	1.48221302836621	1.50890009772724	0.36	0.36	-0.0266870693610384	0
homosapiens_None_2023_None_sikkemalisa_002_d10_1101_2022_03_10_483747Donor_04	Transitional Club-AT2	Other	Misharin_Budinger_2018	96	0.0668906075302015	0	0.0104166666666667	0	0.0668906075302015	0.0104166666666667
homosapiens_None_2023_None_sikkemalisa_002_d10_1101_2022_03_10_483747VUHD071	Transitional Club-AT2	Other	Banovich_Kropski_2020	60	0.116139444398606	0	0.0166666666666667	0	0.116139444398606	0.0166666666666667
homosapiens_None_2023_None_sikkemalisa_002_d10_1101_2022_03_10_483747muc5103	Pericytes	Pericytes	Schiller_2020	9	0	1.94756843912092	0	0.222222222222222	-1.94756843912092	-0.222222222222222
homosapiens_None_2023_None_sikkemalisa_002_d10_1101_2022_03_10_483747VUHD103	Peribronchial fibroblasts	Fibroblasts	Banovich_Kropski_2020	14	1.59847334063303	1.85868686052045	0.285714285714286	0.357142857142857	-0.260213519887411	-0.0714285714285715
homosapiens_None_2023_None_sikkemalisa_002_d10_1101_2022_03_10_483747D046	Non-classical monocytes	Other	Sun_2020	23	0.322459332457138	0.501468322446545	0.0434782608695652	0.130434782608696	-0.179008989989407	-0.0869565217391304
homosapiens_None_2023_None_sikkemalisa_002_d10_1101_2022_03_10_483747NU_CZI02	AT2_AGTR2det	Other	Misharin_2021	19	0.309449326424666	0	0.157894736842105	0	0.309449326424666	0.157894736842105
homosapiens_None_2023_None_sikkemalisa_002_d10_1101_2022_03_10_483747GRO-06	Mast cells	Other	Nawijn_2021	65	0.0639462332285133	0	0.0153846153846154	0	0.0639462332285133	0.0153846153846154
homosapiens_None_2023_None_sikkemalisa_002_d10_1101_2022_03_10_483747VUHD104	Pericytes	Pericytes	Banovich_Kropski_2020	17	0	2.04170165169664	0	0.470588235294118	-2.04170165169664	-0.470588235294118
homosapiens_None_2023_None_sikkemalisa_002_d10_1101_2022_03_10_483747192C	Classical monocytes	Other	Kaminski_2020	25	0	0.098763585483641	0	0.04	-0.098763585483641	-0.04
homosapiens_None_2023_None_sikkemalisa_002_d10_1101_2022_03_10_483747lafy_donor_5	Adventitial fibroblasts	Fibroblasts	Lafyatis_Rojas_2019	35	1.44229311424279	2.40652065158918	0.485714285714286	0.742857142857143	-0.96422753734639	-0.257142857142857
homosapiens_None_2023_None_sikkemalisa_002_d10_1101_2022_03_10_483747NML2	Myofibroblasts	Fibroblasts	Sheppard_2020	38	1.47375411259463	1.72667140040114	0.5	0.631578947368421	-0.252917287806514	-0.131578947368421
homosapiens_None_2023_None_sikkemalisa_002_d10_1101_2022_03_10_483747D046	DC2	Other	Sun_2020	56	0.41099333492899	0.152675993460946	0.125	0.0357142857142857	0.258317341468043	0.0892857142857143
homosapiens_None_2023_None_sikkemalisa_002_d10_1101_2022_03_10_483747DD073R	Adventitial fibroblasts	Fibroblasts	Tata_unpubl	14	1.92257839374841	2.42312576708095	0.857142857142857	1	-0.500547373332542	-0.142857142857143
homosapiens_None_2023_None_sikkemalisa_002_d10_1101_2022_03_10_483747muc9833	Non-classical monocytes	Other	Schiller_2020	38	0	0.370381191196251	0	0.0526315789473684	-0.370381191196251	-0.0526315789473684
homosapiens_None_2023_None_sikkemalisa_002_d10_1101_2022_03_10_483747VUHD105	Adventitial fibroblasts	Fibroblasts	Banovich_Kropski_2020	5	1.94397285981618	2.32355867010727	0.4	0.6	-0.379585810291091	-0.2
homosapiens_None_2023_None_sikkemalisa_002_d10_1101_2022_03_10_483747Donor_05	Classical monocytes	Other	Misharin_Budinger_2018	51	0.133682253456285	0.215640846260181	0.0392156862745098	0.0392156862745098	-0.0819585928038952	0
homosapiens_None_2023_None_sikkemalisa_002_d10_1101_2022_03_10_483747D354	EC venous systemic	Ambient reference	Barbry_Leroy_2020	100	0.108122416555857	0	0.01	0	0.108122416555857	0.01
homosapiens_None_2023_None_sikkemalisa_002_d10_1101_2022_03_10_483747VUHD92	Vascular smooth muscle	Other	Banovich_Kropski_2020	24	0.707750575575034	1.15184869025053	0.125	0.333333333333333	-0.444098114675493	-0.208333333333333
homosapiens_None_2023_None_sikkemalisa_002_d10_1101_2022_03_10_483747NML1	Subpleural fibroblasts	Fibroblasts	Sheppard_2020	22	1.64103585666538	1.33927622179658	0.5	0.409090909090909	0.301759634868805	0.0909090909090909
homosapiens_None_2023_None_sikkemalisa_002_d10_1101_2022_03_10_483747A9LCTZng	Lymphatic EC	Other	Eils_2020	22	0	0.224790732728613	0	0.0454545454545455	-0.224790732728613	-0.0454545454545455
homosapiens_None_2023_None_sikkemalisa_002_d10_1101_2022_03_10_483747A26	DC2	Other	Meyer_2021	75	0.0404476019343309	0.0512260882896514	0.0133333333333333	0.0133333333333333	-0.0107784863553205	0
homosapiens_None_2023_None_sikkemalisa_002_d10_1101_2022_03_10_483747VUHD70	Transitional Club-AT2	Other	Banovich_Kropski_2020	56	0.110830671084741	0	0.0714285714285714	0	0.110830671084741	0.0714285714285714
homosapiens_None_2023_None_sikkemalisa_002_d10_1101_2022_03_10_483747192C	AT2_AGTR2undet	Other	Kaminski_2020	49	0.0261488641224433	0	0.0408163265306122	0	0.0261488641224433	0.0408163265306122
homosapiens_None_2023_None_sikkemalisa_002_d10_1101_2022_03_10_483747D322	Peribronchial fibroblasts	Fibroblasts	Barbry_Leroy_2020	20	1.97884683133347	2.62525256441368	0.35	0.65	-0.64640573308021	-0.3
homosapiens_None_2023_None_sikkemalisa_002_d10_1101_2022_03_10_483747D175	EC general capillary	Ambient reference	Sun_2020	36	0.144869293244545	0	0.0277777777777778	0	0.144869293244545	0.0277777777777778
homosapiens_None_2023_None_sikkemalisa_002_d10_1101_2022_03_10_483747DD073R	Alveolar macrophages	Ambient reference	Tata_unpubl	27	0.216255632944402	0.525114456799579	0.037037037037037	0.185185185185185	-0.308858823855177	-0.148148148148148
homosapiens_None_2023_None_sikkemalisa_002_d10_1101_2022_03_10_483747483C	Classical monocytes	Other	Kaminski_2020	70	0.0526091304909645	0	0.0142857142857143	0	0.0526091304909645	0.0142857142857143
homosapiens_None_2023_None_sikkemalisa_002_d10_1101_2022_03_10_483747VUHD92	EC general capillary	Ambient reference	Banovich_Kropski_2020	10	0.467580030868768	0	0.1	0	0.467580030868768	0.1
homosapiens_None_2023_None_sikkemalisa_002_d10_1101_2022_03_10_483747D122	Adventitial fibroblasts	Fibroblasts	Sun_2020	28	1.77951949068496	2.54883823437695	0.642857142857143	0.892857142857143	-0.769318743691993	-0.25
homosapiens_None_2023_None_sikkemalisa_002_d10_1101_2022_03_10_483747D150	Mast cells	Other	Sun_2020	6	1.23592150576814	1.82069697290006	0.5	0.666666666666667	-0.584775467131925	-0.166666666666667
homosapiens_None_2023_None_sikkemalisa_002_d10_1101_2022_03_10_483747VUHD66	Myofibroblasts	Fibroblasts	Banovich_Kropski_2020	5	2.36751383813901	2.47588104640537	1	0.8	-0.108367208266363	0.2
homosapiens_None_2023_None_sikkemalisa_002_d10_1101_2022_03_10_483747D062	Lymphatic EC	Other	Sun_2020	38	0.411488661778956	0.385242221053615	0.157894736842105	0.157894736842105	0.0262464407253415	0
homosapiens_None_2023_None_sikkemalisa_002_d10_1101_2022_03_10_483747cc01p	AT2_AGTR2undet	Other	Gomperts_2021	10	0.210123229080842	0	0.1	0	0.210123229080842	0.1
homosapiens_None_2023_None_sikkemalisa_002_d10_1101_2022_03_10_483747GRO-09	Alveolar macrophages	Ambient reference	Nawijn_2021	55	0	0.0344277070729257	0	0.0181818181818182	-0.0344277070729257	-0.0181818181818182
homosapiens_None_2023_None_sikkemalisa_002_d10_1101_2022_03_10_483747Patient_5	Peribronchial fibroblasts	Fibroblasts	Schiller_2021	18	3.13351615091469	3.14567823596109	1	1	-0.0121620850464019	0
homosapiens_None_2023_None_sikkemalisa_002_d10_1101_2022_03_10_483747208C	Classical monocytes	Other	Kaminski_2020	94	0	0.044528596126542	0	0.0106382978723404	-0.044528596126542	-0.0106382978723404
homosapiens_None_2023_None_sikkemalisa_002_d10_1101_2022_03_10_483747VUHD69	Transitional Club-AT2	Other	Banovich_Kropski_2020	8	0.336077878404517	0	0.125	0	0.336077878404517	0.125
homosapiens_None_2023_None_sikkemalisa_002_d10_1101_2022_03_10_483747D122	EC venous pulmonary	Ambient reference	Sun_2020	9	0	1.13440490628889	0	0.111111111111111	-1.13440490628889	-0.111111111111111
homosapiens_None_2023_None_sikkemalisa_002_d10_1101_2022_03_10_483747muc4658	Adventitial fibroblasts	Fibroblasts	Schiller_2020	6	1.13551670738988	3.10093490311794	0.166666666666667	1	-1.96541819572806	-0.833333333333333
homosapiens_None_2023_None_sikkemalisa_002_d10_1101_2022_03_10_483747290B	AT2_AGTR2undet	Other	Teichmann_Meyer_2019	89	0.3633347497297	0.383233908382553	0.123595505617978	0.112359550561798	-0.0198991586528529	0.0112359550561798
homosapiens_None_2023_None_sikkemalisa_002_d10_1101_2022_03_10_483747Donor_04	Interstitial macrophages	Ambient reference	Misharin_Budinger_2018	31	0	0.183217962542075	0	0.032258064516129	-0.183217962542075	-0.032258064516129
homosapiens_None_2023_None_sikkemalisa_002_d10_1101_2022_03_10_483747081C	Alveolar macrophages	Ambient reference	Kaminski_2020	17	0.131412911858254	0	0.0588235294117647	0	0.131412911858254	0.0588235294117647
homosapiens_None_2023_None_sikkemalisa_002_d10_1101_2022_03_10_483747368C	EC general capillary	Ambient reference	Meyer_2019	67	0.655698845055844	0.966023928637858	0.0746268656716418	0.134328358208955	-0.310325083582015	-0.0597014925373134
homosapiens_None_2023_None_sikkemalisa_002_d10_1101_2022_03_10_483747290B	Adventitial fibroblasts	Fibroblasts	Teichmann_Meyer_2019	47	2.42348108545499	2.56676169093003	0.978723404255319	1	-0.143280605475042	-0.0212765957446809
homosapiens_None_2023_None_sikkemalisa_002_d10_1101_2022_03_10_483747VUHD107	Adventitial fibroblasts	Fibroblasts	Banovich_Kropski_2020	47	2.62484166539766	2.85347227597201	0.723404255319149	0.914893617021277	-0.228630610574359	-0.191489361702128
homosapiens_None_2023_None_sikkemalisa_002_d10_1101_2022_03_10_483747Patient_4	AT1	Other	Schiller_2021	43	0.165300200806911	0	0.0232558139534884	0	0.165300200806911	0.0232558139534884
homosapiens_None_2023_None_sikkemalisa_002_d10_1101_2022_03_10_483747D088	Non-classical monocytes	Other	Sun_2020	10	0.623085405633624	0.731261625032977	0.2	0.2	-0.108176219399353	0
homosapiens_None_2023_None_sikkemalisa_002_d10_1101_2022_03_10_483747VUHD94	AT2_AGTR2det	Other	Banovich_Kropski_2020	21	0.40889883688904	0	0.0952380952380952	0	0.40889883688904	0.0952380952380952
homosapiens_None_2023_None_sikkemalisa_002_d10_1101_2022_03_10_483747GRO-11	Vascular smooth muscle	Other	Nawijn_2021	37	1.37190134678608	1.43439782570956	0.351351351351351	0.432432432432432	-0.0624964789234881	-0.0810810810810811
homosapiens_None_2023_None_sikkemalisa_002_d10_1101_2022_03_10_483747THD0007	Peribronchial fibroblasts	Fibroblasts	Banovich_Kropski_2020	5	2.402840501503	2.54640910430508	1	1	-0.143568602802077	0
homosapiens_None_2023_None_sikkemalisa_002_d10_1101_2022_03_10_483747Patient_6	Vascular smooth muscle	Other	Schiller_2021	5	2.60747934288948	1.90857635476314	1	0.8	0.698902988126332	0.2
homosapiens_None_2023_None_sikkemalisa_002_d10_1101_2022_03_10_483747VUHD103	Vascular smooth muscle	Other	Banovich_Kropski_2020	46	1.27652742720478	1.81855094825334	0.173913043478261	0.391304347826087	-0.54202352104856	-0.217391304347826
homosapiens_None_2023_None_sikkemalisa_002_d10_1101_2022_03_10_483747muc9833	EC venous systemic	Ambient reference	Schiller_2020	29	0	0.659044978812335	0	0.0344827586206897	-0.659044978812335	-0.0344827586206897
homosapiens_None_2023_None_sikkemalisa_002_d10_1101_2022_03_10_483747A40	Transitional Club-AT2	Other	Meyer_2021	36	0.079723004505615	0	0.0555555555555556	0	0.079723004505615	0.0555555555555556
homosapiens_None_2023_None_sikkemalisa_002_d10_1101_2022_03_10_4837472020-3173-NC008	Peribronchial fibroblasts	Fibroblasts	Jain_Misharin_2021	13	3.24767176711187	3.09008241290571	1	1	0.157589354206159	0
homosapiens_None_2023_None_sikkemalisa_002_d10_1101_2022_03_10_483747465C	Interstitial macrophages	Ambient reference	Kaminski_2020	32	0	0.11692406525029	0	0.09375	-0.11692406525029	-0.09375
homosapiens_None_2023_None_sikkemalisa_002_d10_1101_2022_03_10_483747290B	Interstitial macrophages	Ambient reference	Teichmann_Meyer_2019	34	0.306491216949712	0.479541641573293	0.0588235294117647	0.147058823529412	-0.173050424623581	-0.0882352941176471
homosapiens_None_2023_None_sikkemalisa_002_d10_1101_2022_03_10_483747D150	Vascular smooth muscle	Other	Sun_2020	32	2.44696748042868	2.34339286860599	0.78125	0.75	0.103574611822688	0.03125
homosapiens_None_2023_None_sikkemalisa_002_d10_1101_2022_03_10_483747D354	Peribronchial fibroblasts	Fibroblasts	Barbry_Leroy_2020	5	2.25320155880757	2.82758415797063	0.6	1	-0.574382599163068	-0.4
homosapiens_None_2023_None_sikkemalisa_002_d10_1101_2022_03_10_483747donor 1	Alveolar fibroblasts	Fibroblasts	Krasnow_2020	54	1.98268026374855	2.32319606135411	0.722222222222222	0.87037037037037	-0.340515797605553	-0.148148148148148
homosapiens_None_2023_None_sikkemalisa_002_d10_1101_2022_03_10_483747NU_CZI02	Transitional Club-AT2	Other	Misharin_2021	129	0.0619191637515149	0	0.0232558139534884	0	0.0619191637515149	0.0232558139534884
homosapiens_None_2023_None_sikkemalisa_002_d10_1101_2022_03_10_483747NML1	Peribronchial fibroblasts	Fibroblasts	Sheppard_2020	21	1.20613406803368	1.89924310168299	0.19047619047619	0.571428571428571	-0.693109033649309	-0.380952380952381
homosapiens_None_2023_None_sikkemalisa_002_d10_1101_2022_03_10_483747DD073R	AT1	Other	Tata_unpubl	116	0.083295580670727	0.0909715009145147	0.0603448275862069	0.0431034482758621	-0.00767592024378771	0.0172413793103448
homosapiens_None_2023_None_sikkemalisa_002_d10_1101_2022_03_10_4837471A1DFBng	AT2_AGTR2det	Other	Eils_2020	22	0.08946996440975	0	0.0454545454545455	0	0.08946996440975	0.0454545454545455
homosapiens_None_2023_None_sikkemalisa_002_d10_1101_2022_03_10_48374716E0F2ng	Alveolar fibroblasts	Fibroblasts	Eils_2020	18	1.53787210659435	1.71884862370235	0.611111111111111	0.611111111111111	-0.180976517108	0
homosapiens_None_2023_None_sikkemalisa_002_d10_1101_2022_03_10_483747Donor_02	Transitional Club-AT2	Other	Misharin_Budinger_2018	31	0.458227797960984	0	0.0967741935483871	0	0.458227797960984	0.0967741935483871
homosapiens_None_2023_None_sikkemalisa_002_d10_1101_2022_03_10_483747THD0010	AT2_AGTR2undet	Other	Banovich_Kropski_2020	130	0.19729020305436	0	0.0230769230769231	0	0.19729020305436	0.0230769230769231
homosapiens_None_2023_None_sikkemalisa_002_d10_1101_2022_03_10_483747DD046Q	AT2_AGTR2undet	Other	Tata_unpubl	29	0.125663858237159	0.0232340647696857	0.137931034482759	0.0344827586206897	0.102429793467473	0.103448275862069
homosapiens_None_2023_None_sikkemalisa_002_d10_1101_2022_03_10_483747VUHD94	Myofibroblasts	Fibroblasts	Banovich_Kropski_2020	15	1.73413373555374	2.62795572346782	0.466666666666667	0.866666666666667	-0.89382198791408	-0.4
homosapiens_None_2023_None_sikkemalisa_002_d10_1101_2022_03_10_483747lafy_donor_4	Adventitial fibroblasts	Fibroblasts	Lafyatis_Rojas_2019	12	0.987860462692877	1.97423567818183	0.333333333333333	0.5	-0.986375215488956	-0.166666666666667
homosapiens_None_2023_None_sikkemalisa_002_d10_1101_2022_03_10_483747454C	AT2_AGTR2undet	Other	Kaminski_2020	64	0.131442145250649	0	0.0625	0	0.131442145250649	0.0625
homosapiens_None_2023_None_sikkemalisa_002_d10_1101_2022_03_10_483747003C	Alveolar fibroblasts	Fibroblasts	Kaminski_2020	7	1.85216249348936	2.25727210511756	0.571428571428571	0.857142857142857	-0.405109611628193	-0.285714285714286
homosapiens_None_2023_None_sikkemalisa_002_d10_1101_2022_03_10_483747Patient_3	Alveolar fibroblasts	Fibroblasts	Schiller_2021	51	2.44030236550402	2.81706193930538	0.843137254901961	0.941176470588235	-0.376759573801364	-0.0980392156862745
homosapiens_None_2023_None_sikkemalisa_002_d10_1101_2022_03_10_483747RU684	AT2_AGTR2det	Other	Peer_Massague_2020	44	0.0491742459485615	0.028257623775859	0.0454545454545455	0.0227272727272727	0.0209166221727025	0.0227272727272727
homosapiens_None_2023_None_sikkemalisa_002_d10_1101_2022_03_10_483747Patient_4	Adventitial fibroblasts	Fibroblasts	Schiller_2021	23	2.07666601788806	2.73531647060491	0.739130434782609	1	-0.65865045271685	-0.260869565217391
homosapiens_None_2023_None_sikkemalisa_002_d10_1101_2022_03_10_483747Patient_3	Vascular smooth muscle	Other	Schiller_2021	32	1.97145548747702	2.16196491842071	0.6875	0.78125	-0.190509430943693	-0.09375
homosapiens_None_2023_None_sikkemalisa_002_d10_1101_2022_03_10_483747GRO-11	Peribronchial fibroblasts	Fibroblasts	Nawijn_2021	42	1.6500203509695	2.29983195321697	0.666666666666667	0.928571428571429	-0.649811602247471	-0.261904761904762
homosapiens_None_2023_None_sikkemalisa_002_d10_1101_2022_03_10_483747D367	Peribronchial fibroblasts	Fibroblasts	Barbry_Leroy_2020	15	2.02162834231802	2.75698723445907	0.533333333333333	0.933333333333333	-0.735358892141053	-0.4
homosapiens_None_2023_None_sikkemalisa_002_d10_1101_2022_03_10_483747QZY9VQng	Classical monocytes	Other	Eils_2020	12	0	0.713924570572885	0	0.0833333333333333	-0.713924570572885	-0.0833333333333333
homosapiens_None_2023_None_sikkemalisa_002_d10_1101_2022_03_10_483747368C	Pericytes	Pericytes	Meyer_2019	16	0.56410747075851	1.50048237856904	0.0625	0.1875	-0.936374907810531	-0.125
homosapiens_None_2023_None_sikkemalisa_002_d10_1101_2022_03_10_483747388C	Lymphatic EC	Other	Kaminski_2020	20	0.249215202589675	0	0.05	0	0.249215202589675	0.05
homosapiens_None_2023_None_sikkemalisa_002_d10_1101_2022_03_10_483747NML3	AT2_AGTR2det	Other	Sheppard_2020	18	0.737291135385974	0	0.222222222222222	0	0.737291135385974	0.222222222222222
homosapiens_None_2023_None_sikkemalisa_002_d10_1101_2022_03_10_483747muc5212	Vascular smooth muscle	Other	Schiller_2020	15	2.4908837019703	2.31622541420466	0.4	0.333333333333333	0.174658287765647	0.0666666666666667
homosapiens_None_2023_None_sikkemalisa_002_d10_1101_2022_03_10_483747muc5213	Adventitial fibroblasts	Fibroblasts	Schiller_2020	10	2.54389687977363	2.86372853514407	0.7	0.8	-0.319831655370431	-0.1
homosapiens_None_2023_None_sikkemalisa_002_d10_1101_2022_03_10_483747DD046Q	Adventitial fibroblasts	Fibroblasts	Tata_unpubl	17	2.1529480110073	2.37874343432297	0.882352941176471	1	-0.225795423315671	-0.117647058823529
homosapiens_None_2023_None_sikkemalisa_002_d10_1101_2022_03_10_483747NML1	Transitional Club-AT2	Other	Sheppard_2020	12	0.512947204324175	0	0.0833333333333333	0	0.512947204324175	0.0833333333333333
homosapiens_None_2023_None_sikkemalisa_002_d10_1101_2022_03_10_483747465C	Adventitial fibroblasts	Fibroblasts	Kaminski_2020	18	1.67722574621868	2.30699216842529	0.666666666666667	1	-0.629766422206603	-0.333333333333333
homosapiens_None_2023_None_sikkemalisa_002_d10_1101_2022_03_10_483747VUHD107	Subpleural fibroblasts	Fibroblasts	Banovich_Kropski_2020	6	2.82414407583083	2.83464459790063	1	1	-0.0105005220698007	0
homosapiens_None_2023_None_sikkemalisa_002_d10_1101_2022_03_10_483747D322	Vascular smooth muscle	Other	Barbry_Leroy_2020	43	0.474544978508134	0.8349126713284	0.0465116279069767	0.0930232558139535	-0.360367692820266	-0.0465116279069767
homosapiens_None_2023_None_sikkemalisa_002_d10_1101_2022_03_10_483747D175	AT1	Other	Sun_2020	75	0	0.109379030484806	0	0.0133333333333333	-0.109379030484806	-0.0133333333333333
homosapiens_None_2023_None_sikkemalisa_002_d10_1101_2022_03_10_483747SHMI57ng	Alveolar macrophages	Ambient reference	Eils_2020	51	0	0.0361031243463062	0	0.0196078431372549	-0.0361031243463062	-0.0196078431372549
homosapiens_None_2023_None_sikkemalisa_002_d10_1101_2022_03_10_483747D175	Alveolar fibroblasts	Fibroblasts	Sun_2020	40	0.983963694273115	1.79263394982668	0.225	0.45	-0.808670255553564	-0.225
homosapiens_None_2023_None_sikkemalisa_002_d10_1101_2022_03_10_483747A37	Vascular smooth muscle	Other	Meyer_2021	32	1.78985476324113	2.04486500761669	0.78125	0.90625	-0.255010244375567	-0.125
homosapiens_None_2023_None_sikkemalisa_002_d10_1101_2022_03_10_483747muc10380	Vascular smooth muscle	Other	Schiller_2020	12	1.98887655811098	2.24817299276709	0.25	0.25	-0.259296434656114	0
homosapiens_None_2023_None_sikkemalisa_002_d10_1101_2022_03_10_483747VUHD95	Pericytes	Pericytes	Banovich_Kropski_2020	115	0	1.32583745691967	0	0.208695652173913	-1.32583745691967	-0.208695652173913
homosapiens_None_2023_None_sikkemalisa_002_d10_1101_2022_03_10_483747GRO-11	Lymphatic EC	Other	Nawijn_2021	5	0.648072993012805	0	0.2	0	0.648072993012805	0.2
homosapiens_None_2023_None_sikkemalisa_002_d10_1101_2022_03_10_483747298C	Myofibroblasts	Fibroblasts	Teichmann_Meyer_2019	6	2.01479128075706	2.12707284258233	0.666666666666667	0.833333333333333	-0.112281561825271	-0.166666666666667
homosapiens_None_2023_None_sikkemalisa_002_d10_1101_2022_03_10_483747D088	EC venous systemic	Ambient reference	Sun_2020	7	1.8365701240837	0.613388894182869	0.571428571428571	0.142857142857143	1.22318122990083	0.428571428571429
homosapiens_None_2023_None_sikkemalisa_002_d10_1101_2022_03_10_483747GRO-02	Adventitial fibroblasts	Fibroblasts	Nawijn_2021	7	1.04593129859395	2.49713917039498	0.142857142857143	0.571428571428571	-1.45120787180104	-0.428571428571429
homosapiens_None_2023_None_sikkemalisa_002_d10_1101_2022_03_10_483747D062	EC aerocyte capillary	Ambient reference	Sun_2020	29	0.650226933590634	0.556944377718058	0.206896551724138	0.137931034482759	0.0932825558725759	0.0689655172413793
homosapiens_None_2023_None_sikkemalisa_002_d10_1101_2022_03_10_483747Patient_2	Adventitial fibroblasts	Fibroblasts	Schiller_2021	6	1.69492597814488	3.04573578171049	0.333333333333333	1	-1.35080980356561	-0.666666666666667
homosapiens_None_2023_None_sikkemalisa_002_d10_1101_2022_03_10_483747VUHD106	Non-classical monocytes	Other	Banovich_Kropski_2020	61	0	0.132247149400285	0	0.0163934426229508	-0.132247149400285	-0.0163934426229508
homosapiens_None_2023_None_sikkemalisa_002_d10_1101_2022_03_10_483747S4ECX8ng	Transitional Club-AT2	Other	Eils_2020	62	0.0634220828588148	0.259799589725966	0.0161290322580645	0.0645161290322581	-0.196377506867151	-0.0483870967741935
homosapiens_None_2023_None_sikkemalisa_002_d10_1101_2022_03_10_483747JVV9L8ng	EC venous pulmonary	Ambient reference	Eils_2020	10	0.477174225746321	0.629966024325396	0.1	0.1	-0.152791798579075	0
homosapiens_None_2023_None_sikkemalisa_002_d10_1101_2022_03_10_483747RU684	Transitional Club-AT2	Other	Peer_Massague_2020	19	0.131357562204172	0.0370659442196023	0.0526315789473684	0.0526315789473684	0.0942916179845702	0
homosapiens_None_2023_None_sikkemalisa_002_d10_1101_2022_03_10_483747VUHD84	Vascular smooth muscle	Other	Banovich_Kropski_2020	17	1.47555989289201	2.04069159999985	0.176470588235294	0.411764705882353	-0.565131707107835	-0.235294117647059
homosapiens_None_2023_None_sikkemalisa_002_d10_1101_2022_03_10_483747VUHD67	EC venous systemic	Ambient reference	Banovich_Kropski_2020	37	0	0.263823142325634	0	0.027027027027027	-0.263823142325634	-0.027027027027027
homosapiens_None_2023_None_sikkemalisa_002_d10_1101_2022_03_10_483747GRO-04	Vascular smooth muscle	Other	Nawijn_2021	16	0.295385831100338	0.399844179053596	0.0625	0.0625	-0.104458347953257	0
homosapiens_None_2023_None_sikkemalisa_002_d10_1101_2022_03_10_483747lafy_donor_6	AT2_AGTR2det	Other	Lafyatis_Rojas_2019	6	0.756584081864141	0	0.333333333333333	0	0.756584081864141	0.333333333333333
homosapiens_None_2023_None_sikkemalisa_002_d10_1101_2022_03_10_483747292B	Adventitial fibroblasts	Fibroblasts	Teichmann_Meyer_2019	22	2.54460064415627	2.60080813445065	1	1	-0.0562074902943861	0
homosapiens_None_2023_None_sikkemalisa_002_d10_1101_2022_03_10_483747GRO-10	Transitional Club-AT2	Other	Nawijn_2021	5	0.236303966469573	0	0.2	0	0.236303966469573	0.2
homosapiens_None_2023_None_sikkemalisa_002_d10_1101_2022_03_10_483747VUHD92	Adventitial fibroblasts	Fibroblasts	Banovich_Kropski_2020	8	2.21688106920781	2.40598031185451	0.875	1	-0.189099242646698	-0.125
homosapiens_None_2023_None_sikkemalisa_002_d10_1101_2022_03_10_483747Patient_6	Adventitial fibroblasts	Fibroblasts	Schiller_2021	13	2.20092995457526	2.65759805396094	0.846153846153846	0.923076923076923	-0.456668099385675	-0.076923076923077
homosapiens_None_2023_None_sikkemalisa_002_d10_1101_2022_03_10_483747Patient_1	Pericytes	Pericytes	Schiller_2021	56	0.358374317723492	1.77367170867736	0.0714285714285714	0.535714285714286	-1.41529739095387	-0.464285714285714
homosapiens_None_2023_None_sikkemalisa_002_d10_1101_2022_03_10_483747D231	Adventitial fibroblasts	Fibroblasts	Sun_2020	35	1.44520671748292	2.48022609331163	0.4	0.885714285714286	-1.03501937582871	-0.485714285714286
homosapiens_None_2023_None_sikkemalisa_002_d10_1101_2022_03_10_483747302C	EC venous systemic	Ambient reference	Teichmann_Meyer_2019	6	0	0.507986896852542	0	0.166666666666667	-0.507986896852542	-0.166666666666667
homosapiens_None_2023_None_sikkemalisa_002_d10_1101_2022_03_10_483747GRO-09	Lymphatic EC	Other	Nawijn_2021	15	0.0534295996874316	0	0.0666666666666667	0	0.0534295996874316	0.0666666666666667
homosapiens_None_2023_None_sikkemalisa_002_d10_1101_2022_03_10_483747VUHD101	Pericytes	Pericytes	Banovich_Kropski_2020	15	0	2.54644908033341	0	0.866666666666667	-2.54644908033341	-0.866666666666667
homosapiens_None_2023_None_sikkemalisa_002_d10_1101_2022_03_10_483747Donor_03	Adventitial fibroblasts	Fibroblasts	Misharin_Budinger_2018	6	0.925619287836996	2.24577963903912	0.166666666666667	0.666666666666667	-1.32016035120212	-0.5
homosapiens_None_2023_None_sikkemalisa_002_d10_1101_2022_03_10_483747muc5103	Adventitial fibroblasts	Fibroblasts	Schiller_2020	17	3.3198539531835	3.63982263917387	0.764705882352941	0.941176470588235	-0.319968685990363	-0.176470588235294
homosapiens_None_2023_None_sikkemalisa_002_d10_1101_2022_03_10_483747VUHD69	Alveolar fibroblasts	Fibroblasts	Banovich_Kropski_2020	8	2.06896501164814	2.3223819865407	0.5	0.75	-0.253416974892565	-0.25
homosapiens_None_2023_None_sikkemalisa_002_d10_1101_2022_03_10_483747GRO-10	Adventitial fibroblasts	Fibroblasts	Nawijn_2021	23	1.15352802147017	2.35550740006412	0.217391304347826	0.565217391304348	-1.20197937859395	-0.347826086956522
homosapiens_None_2023_None_sikkemalisa_002_d10_1101_2022_03_10_483747D231	Pericytes	Pericytes	Sun_2020	11	0.641274559740044	2.05221375860035	0.0909090909090909	0.636363636363636	-1.4109391988603	-0.545454545454545
homosapiens_None_2023_None_sikkemalisa_002_d10_1101_2022_03_10_483747Donor_04	Adventitial fibroblasts	Fibroblasts	Misharin_Budinger_2018	8	1.57664787503437	2.22158937462072	0.5	0.75	-0.644941499586355	-0.25
homosapiens_None_2023_None_sikkemalisa_002_d10_1101_2022_03_10_483747D046	Mast cells	Other	Sun_2020	33	1.13525610726772	0.270402128494945	0.151515151515152	0.0303030303030303	0.864853978772778	0.121212121212121
homosapiens_None_2023_None_sikkemalisa_002_d10_1101_2022_03_10_483747GRO-02	EC venous systemic	Ambient reference	Nawijn_2021	13	0	1.01983806366338	0	0.0769230769230769	-1.01983806366338	-0.0769230769230769
homosapiens_None_2023_None_sikkemalisa_002_d10_1101_2022_03_10_483747RU685	Transitional Club-AT2	Other	Peer_Massague_2020	32	0.159622801002413	0	0.09375	0	0.159622801002413	0.09375
homosapiens_None_2023_None_sikkemalisa_002_d10_1101_2022_03_10_483747GRO-07	Transitional Club-AT2	Other	Nawijn_2021	8	0.0892259959033973	0	0.125	0	0.0892259959033973	0.125
homosapiens_None_2023_None_sikkemalisa_002_d10_1101_2022_03_10_483747lafy_donor_3	DC2	Other	Lafyatis_Rojas_2019	30	0	0.15157766978074	0	0.0333333333333333	-0.15157766978074	-0.0333333333333333
homosapiens_None_2023_None_sikkemalisa_002_d10_1101_2022_03_10_483747D363	Peribronchial fibroblasts	Fibroblasts	Barbry_Leroy_2020	22	2.76331988840438	3.13856869192773	0.727272727272727	1	-0.375248803523355	-0.272727272727273
homosapiens_None_2023_None_sikkemalisa_002_d10_1101_2022_03_10_483747D062	Alveolar macrophages	Ambient reference	Sun_2020	23	0.127395364108912	0.860527171771535	0.0434782608695652	0.173913043478261	-0.733131807662623	-0.130434782608696
homosapiens_None_2023_None_sikkemalisa_002_d10_1101_2022_03_10_483747356C	Peribronchial fibroblasts	Fibroblasts	Meyer_2019	15	2.57226261955696	2.60315329444453	1	1	-0.0308906748875719	0
homosapiens_None_2023_None_sikkemalisa_002_d10_1101_2022_03_10_483747A32	Interstitial macrophages	Ambient reference	Meyer_2021	14	0.679433989877478	0	0.0714285714285714	0	0.679433989877478	0.0714285714285714
homosapiens_None_2023_None_sikkemalisa_002_d10_1101_2022_03_10_483747SHMI57ng	AT2_AGTR2det	Other	Eils_2020	17	0	0.162606836524418	0	0.117647058823529	-0.162606836524418	-0.117647058823529
homosapiens_None_2023_None_sikkemalisa_002_d10_1101_2022_03_10_483747D367	Vascular smooth muscle	Other	Barbry_Leroy_2020	5	1.41517439608966	0	0.4	0	1.41517439608966	0.4
homosapiens_None_2023_None_sikkemalisa_002_d10_1101_2022_03_10_483747D139	Alveolar macrophages	Ambient reference	Sun_2020	13	0.539822273951404	0	0.0769230769230769	0	0.539822273951404	0.0769230769230769
homosapiens_None_2023_None_sikkemalisa_002_d10_1101_2022_03_10_483747VUHD103	Myofibroblasts	Fibroblasts	Banovich_Kropski_2020	7	1.39755505836549	2.25339294345634	0.142857142857143	0.714285714285714	-0.855837885090849	-0.571428571428571
homosapiens_None_2023_None_sikkemalisa_002_d10_1101_2022_03_10_483747D150	EC general capillary	Ambient reference	Sun_2020	15	1.287156147991	1.55578751148669	0.4	0.466666666666667	-0.268631363495686	-0.0666666666666667
homosapiens_None_2023_None_sikkemalisa_002_d10_1101_2022_03_10_483747muc5213	Alveolar fibroblasts	Fibroblasts	Schiller_2020	11	1.74253414416671	2.8187693278867	0.181818181818182	0.454545454545455	-1.07623518371999	-0.272727272727273
homosapiens_None_2023_None_sikkemalisa_002_d10_1101_2022_03_10_483747THD0019	AT2_AGTR2det	Other	Banovich_Kropski_2020	10	0	0.270125586500015	0	0.1	-0.270125586500015	-0.1
homosapiens_None_2023_None_sikkemalisa_002_d10_1101_2022_03_10_483747muc5212	Pericytes	Pericytes	Schiller_2020	21	0	2.90064099027071	0	0.571428571428571	-2.90064099027071	-0.571428571428571
homosapiens_None_2023_None_sikkemalisa_002_d10_1101_2022_03_10_483747081C	Non-classical monocytes	Other	Kaminski_2020	22	0	0.0960178670008668	0	0.0454545454545455	-0.0960178670008668	-0.0454545454545455
homosapiens_None_2023_None_sikkemalisa_002_d10_1101_2022_03_10_483747296C	Non-classical monocytes	Other	Teichmann_Meyer_2019	62	0.141171893695755	0.137144045947644	0.0483870967741935	0.0483870967741935	0.00402784774811085	0
homosapiens_None_2023_None_sikkemalisa_002_d10_1101_2022_03_10_483747356C	Transitional Club-AT2	Other	Meyer_2019	15	0.49592184973839	0	0.2	0	0.49592184973839	0.2
homosapiens_None_2023_None_sikkemalisa_002_d10_1101_2022_03_10_483747292B	Mast cells	Other	Teichmann_Meyer_2019	6	0	0.433387898904831	0	0.166666666666667	-0.433387898904831	-0.166666666666667
homosapiens_None_2023_None_sikkemalisa_002_d10_1101_2022_03_10_483747388C	Adventitial fibroblasts	Fibroblasts	Kaminski_2020	19	1.45643841590725	1.71602322501046	0.473684210526316	0.473684210526316	-0.259584809103202	0
homosapiens_None_2023_None_sikkemalisa_002_d10_1101_2022_03_10_483747D032	Lymphatic EC	Other	Sun_2020	77	0.0989001813761591	0	0.012987012987013	0	0.0989001813761591	0.012987012987013
homosapiens_None_2023_None_sikkemalisa_002_d10_1101_2022_03_10_483747439C	AT2_AGTR2undet	Other	Kaminski_2020	20	0.310729576051291	0	0.05	0	0.310729576051291	0.05
homosapiens_None_2023_None_sikkemalisa_002_d10_1101_2022_03_10_483747Patient_2	Vascular smooth muscle	Other	Schiller_2021	13	1.92397889580598	2.08457616541414	0.384615384615385	0.461538461538462	-0.160597269608166	-0.0769230769230769
homosapiens_None_2023_None_sikkemalisa_002_d10_1101_2022_03_10_483747GRO-07	Peribronchial fibroblasts	Fibroblasts	Nawijn_2021	27	1.96856171064511	2.38893139423145	0.740740740740741	0.888888888888889	-0.420369683586335	-0.148148148148148
homosapiens_None_2023_None_sikkemalisa_002_d10_1101_2022_03_10_483747Donor_02	EC general capillary	Ambient reference	Misharin_Budinger_2018	8	0.62938128211688	0	0.125	0	0.62938128211688	0.125
homosapiens_None_2023_None_sikkemalisa_002_d10_1101_2022_03_10_483747THD0007	AT2_AGTR2det	Other	Banovich_Kropski_2020	29	0.154473572116941	0	0.0689655172413793	0	0.154473572116941	0.0689655172413793
homosapiens_None_2023_None_sikkemalisa_002_d10_1101_2022_03_10_483747muc9833	Pericytes	Pericytes	Schiller_2020	25	1.16348125103831	2.84992768253684	0.08	0.64	-1.68644643149852	-0.56
homosapiens_None_2023_None_sikkemalisa_002_d10_1101_2022_03_10_483747A43	AT2_AGTR2det	Other	Meyer_2021	35	0.131214877144382	0.0745793308675091	0.0571428571428571	0.0285714285714286	0.0566355462768733	0.0285714285714286
homosapiens_None_2023_None_sikkemalisa_002_d10_1101_2022_03_10_483747VUHD101	Alveolar fibroblasts	Fibroblasts	Banovich_Kropski_2020	20	1.68191648779364	2.52500060950353	0.4	0.9	-0.843084121709896	-0.5
homosapiens_None_2023_None_sikkemalisa_002_d10_1101_2022_03_10_483747292B	Non-classical monocytes	Other	Teichmann_Meyer_2019	8	0.400419882836491	0.176736421639988	0.125	0.125	0.223683461196503	0
homosapiens_None_2023_None_sikkemalisa_002_d10_1101_2022_03_10_483747DD046Q	EC venous pulmonary	Ambient reference	Tata_unpubl	71	0.0730079039806684	0.243155249781518	0.028169014084507	0.0845070422535211	-0.170147345800849	-0.0563380281690141
homosapiens_None_2023_None_sikkemalisa_002_d10_1101_2022_03_10_483747D046	Vascular smooth muscle	Other	Sun_2020	18	1.68635111467016	2.25413339333749	0.333333333333333	0.611111111111111	-0.56778227866733	-0.277777777777778
homosapiens_None_2023_None_sikkemalisa_002_d10_1101_2022_03_10_483747368C	Peribronchial fibroblasts	Fibroblasts	Meyer_2019	6	2.38634095081084	2.29256137778594	0.833333333333333	0.833333333333333	0.0937795730248974	0
homosapiens_None_2023_None_sikkemalisa_002_d10_1101_2022_03_10_483747VUHD68	Transitional Club-AT2	Other	Banovich_Kropski_2020	29	0.130261176042742	0	0.0344827586206897	0	0.130261176042742	0.0344827586206897
homosapiens_None_2023_None_sikkemalisa_002_d10_1101_2022_03_10_483747THD0001	Transitional Club-AT2	Other	Banovich_Kropski_2020	9	0.156589654316177	0.164945338899513	0.111111111111111	0.111111111111111	-0.0083556845833351	0
homosapiens_None_2023_None_sikkemalisa_002_d10_1101_2022_03_10_483747GRO-03	Lymphatic EC	Other	Nawijn_2021	27	0	0.298230621921932	0	0.037037037037037	-0.298230621921932	-0.037037037037037
homosapiens_None_2023_None_sikkemalisa_002_d10_1101_2022_03_10_483747GRO-06	Peribronchial fibroblasts	Fibroblasts	Nawijn_2021	28	1.88253991636197	2.39659611159226	0.821428571428571	0.964285714285714	-0.514056195230283	-0.142857142857143
homosapiens_None_2023_None_sikkemalisa_002_d10_1101_2022_03_10_483747lafy_donor_3	AT2_AGTR2det	Other	Lafyatis_Rojas_2019	8	0.227707301196821	0	0.125	0	0.227707301196821	0.125
homosapiens_None_2023_None_sikkemalisa_002_d10_1101_2022_03_10_483747THD0015	Adventitial fibroblasts	Fibroblasts	Banovich_Kropski_2020	6	2.67067914465309	2.79568690105294	0.833333333333333	1	-0.125007756399845	-0.166666666666667
homosapiens_None_2023_None_sikkemalisa_002_d10_1101_2022_03_10_483747NML3	Transitional Club-AT2	Other	Sheppard_2020	18	0.323367415185372	0	0.0555555555555556	0	0.323367415185372	0.0555555555555556
homosapiens_None_2023_None_sikkemalisa_002_d10_1101_2022_03_10_483747292B	AT2_AGTR2det	Other	Teichmann_Meyer_2019	15	0.521296100592144	0.54630952973744	0.266666666666667	0.333333333333333	-0.025013429145296	-0.0666666666666667
homosapiens_None_2023_None_sikkemalisa_002_d10_1101_2022_03_10_483747VUHD84	Peribronchial fibroblasts	Fibroblasts	Banovich_Kropski_2020	9	2.28263979919519	2.52078720540269	0.555555555555556	0.555555555555556	-0.238147406207498	0
homosapiens_None_2023_None_sikkemalisa_002_d10_1101_2022_03_10_483747218C	Adventitial fibroblasts	Fibroblasts	Kaminski_2020	31	1.9763686850454	2.16907713675108	0.806451612903226	0.903225806451613	-0.19270845170568	-0.0967741935483871
homosapiens_None_2023_None_sikkemalisa_002_d10_1101_2022_03_10_483747D150	DC2	Other	Sun_2020	12	1.00573335831367	1.36075588360262	0.333333333333333	0.666666666666667	-0.355022525288955	-0.333333333333333
homosapiens_None_2023_None_sikkemalisa_002_d10_1101_2022_03_10_483747VUHD68	Myofibroblasts	Fibroblasts	Banovich_Kropski_2020	10	1.59360799754571	1.71860905811423	0.4	0.5	-0.125001060568523	-0.1
homosapiens_None_2023_None_sikkemalisa_002_d10_1101_2022_03_10_483747VUHD104	Myofibroblasts	Fibroblasts	Banovich_Kropski_2020	23	1.66147323152825	1.95882569854626	0.391304347826087	0.478260869565217	-0.297352467018009	-0.0869565217391304
homosapiens_None_2023_None_sikkemalisa_002_d10_1101_2022_03_10_483747296C	Peribronchial fibroblasts	Fibroblasts	Teichmann_Meyer_2019	9	2.7985933034375	2.76202302758369	1	1	0.036570275853804	0
homosapiens_None_2023_None_sikkemalisa_002_d10_1101_2022_03_10_483747VUHD107	Alveolar fibroblasts	Fibroblasts	Banovich_Kropski_2020	6	2.81621777601154	2.93307894399791	0.833333333333333	0.833333333333333	-0.116861167986366	0
homosapiens_None_2023_None_sikkemalisa_002_d10_1101_2022_03_10_483747muc9833	Adventitial fibroblasts	Fibroblasts	Schiller_2020	13	1.34259444642904	2.84301900058303	0.153846153846154	0.692307692307692	-1.50042455415398	-0.538461538461538
homosapiens_None_2023_None_sikkemalisa_002_d10_1101_2022_03_10_483747THD0014	Peribronchial fibroblasts	Fibroblasts	Banovich_Kropski_2020	5	2.34879890975789	2.49552435195295	1	1	-0.146725442195061	0
homosapiens_None_2023_None_sikkemalisa_002_d10_1101_2022_03_10_483747101CV0ng	Non-classical monocytes	Other	Eils_2020	8	0.610600418870562	0	0.125	0	0.610600418870562	0.125
homosapiens_None_2023_None_sikkemalisa_002_d10_1101_2022_03_10_483747GRO-06	Alveolar fibroblasts	Fibroblasts	Nawijn_2021	5	2.19003351044962	2.39767878263577	1	1	-0.207645272186157	0
homosapiens_None_2023_None_sikkemalisa_002_d10_1101_2022_03_10_483747NP18	Transitional Club-AT2	Other	Meyer_Nikolic_2022	7	0.151170394930479	0	0.142857142857143	0	0.151170394930479	0.142857142857143
homosapiens_None_2023_None_sikkemalisa_002_d10_1101_2022_03_10_483747GRO-08	Transitional Club-AT2	Other	Nawijn_2021	7	0.62348446734517	0	0.571428571428571	0	0.62348446734517	0.571428571428571
homosapiens_None_2023_None_sikkemalisa_002_d10_1101_2022_03_10_483747298C	Alveolar fibroblasts	Fibroblasts	Teichmann_Meyer_2019	26	1.79667348405296	2.21915470692936	0.769230769230769	0.884615384615385	-0.4224812228764	-0.115384615384615
homosapiens_None_2023_None_sikkemalisa_002_d10_1101_2022_03_10_483747THD0008	Alveolar fibroblasts	Fibroblasts	Banovich_Kropski_2020	21	2.53193809960982	2.84055309415849	0.857142857142857	0.952380952380952	-0.308614994548665	-0.0952380952380952
homosapiens_None_2023_None_sikkemalisa_002_d10_1101_2022_03_10_483747VUHD107	Peribronchial fibroblasts	Fibroblasts	Banovich_Kropski_2020	5	3.03385411715653	2.92434943001818	1	1	0.109504687138346	0
homosapiens_None_2023_None_sikkemalisa_002_d10_1101_2022_03_10_483747lafy_donor_5	Vascular smooth muscle	Other	Lafyatis_Rojas_2019	7	0.784451507749001	1.21590480351257	0.142857142857143	0.285714285714286	-0.431453295763569	-0.142857142857143
homosapiens_None_2023_None_sikkemalisa_002_d10_1101_2022_03_10_483747D032	Vascular smooth muscle	Other	Sun_2020	7	0.97803689946713	0	0.142857142857143	0	0.97803689946713	0.142857142857143
homosapiens_None_2023_None_sikkemalisa_002_d10_1101_2022_03_10_483747THD0005	AT2_AGTR2det	Other	Banovich_Kropski_2020	10	0.173058935793333	0	0.1	0	0.173058935793333	0.1
homosapiens_None_2023_None_sikkemalisa_002_d10_1101_2022_03_10_483747284C	Interstitial macrophages	Ambient reference	Teichmann_Meyer_2019	17	0.182297088203562	0	0.0588235294117647	0	0.182297088203562	0.0588235294117647
homosapiens_None_2023_None_sikkemalisa_002_d10_1101_2022_03_10_483747RU675	EC general capillary	Ambient reference	Peer_Massague_2020	7	0	1.01365052242124	0	0.142857142857143	-1.01365052242124	-0.142857142857143
homosapiens_None_2023_None_sikkemalisa_002_d10_1101_2022_03_10_483747VUHD66	EC general capillary	Ambient reference	Banovich_Kropski_2020	24	0.278602379164905	0	0.0416666666666667	0	0.278602379164905	0.0416666666666667
homosapiens_None_2023_None_sikkemalisa_002_d10_1101_2022_03_10_4837471A1DFBng	Alveolar fibroblasts	Fibroblasts	Eils_2020	5	0	1.89063194580428	0	0.8	-1.89063194580428	-0.8
homosapiens_None_2023_None_sikkemalisa_002_d10_1101_2022_03_10_483747388C	Vascular smooth muscle	Other	Kaminski_2020	5	0.739307698235661	1.21878349436405	0.2	0.4	-0.479475796128387	-0.2
homosapiens_None_2023_None_sikkemalisa_002_d10_1101_2022_03_10_483747D239	Peribronchial fibroblasts	Fibroblasts	Duong_lungMAP_unpubl	27	1.64819379221055	1.62112285468523	0.592592592592593	0.518518518518518	0.0270709375253233	0.0740740740740741
homosapiens_None_2023_None_sikkemalisa_002_d10_1101_2022_03_10_483747A43	Peribronchial fibroblasts	Fibroblasts	Meyer_2021	24	3.07713978444043	3.06204487039578	1	1	0.0150949140446555	0
homosapiens_None_2023_None_sikkemalisa_002_d10_1101_2022_03_10_483747NML1	Myofibroblasts	Fibroblasts	Sheppard_2020	16	1.84295833360316	1.84271330672847	0.5	0.5	0.000245026874684084	0
homosapiens_None_2023_None_sikkemalisa_002_d10_1101_2022_03_10_483747VUHD95	Myofibroblasts	Fibroblasts	Banovich_Kropski_2020	21	1.22816395757779	1.05910009985695	0.19047619047619	0.142857142857143	0.169063857720838	0.0476190476190476
homosapiens_None_2023_None_sikkemalisa_002_d10_1101_2022_03_10_483747098C	Alveolar fibroblasts	Fibroblasts	Kaminski_2020	17	1.34485880161673	1.96578824027161	0.294117647058824	0.588235294117647	-0.620929438654878	-0.294117647058824
homosapiens_None_2023_None_sikkemalisa_002_d10_1101_2022_03_10_483747Patient_4	Vascular smooth muscle	Other	Schiller_2021	11	0.391177650179114	2.06819819775252	0.0909090909090909	0.818181818181818	-1.67702054757341	-0.727272727272727
homosapiens_None_2023_None_sikkemalisa_002_d10_1101_2022_03_10_483747484C	DC2	Other	Kaminski_2020	48	0.032022640833972	0	0.0208333333333333	0	0.032022640833972	0.0208333333333333
homosapiens_None_2023_None_sikkemalisa_002_d10_1101_2022_03_10_483747VUHD103	AT2_AGTR2det	Other	Banovich_Kropski_2020	17	0.196701116090398	0	0.0588235294117647	0	0.196701116090398	0.0588235294117647
homosapiens_None_2023_None_sikkemalisa_002_d10_1101_2022_03_10_483747Patient_6	Pericytes	Pericytes	Schiller_2021	7	0	2.32392070611427	0	1	-2.32392070611427	-1
homosapiens_None_2023_None_sikkemalisa_002_d10_1101_2022_03_10_483747muc5105	Interstitial macrophages	Ambient reference	Schiller_2020	7	0.923550658968972	0	0.142857142857143	0	0.923550658968972	0.142857142857143
homosapiens_None_2023_None_sikkemalisa_002_d10_1101_2022_03_10_483747DD046Q	Alveolar macrophages	Ambient reference	Tata_unpubl	9	0.349682535186339	0.479725623718843	0.111111111111111	0.111111111111111	-0.130043088532505	0
homosapiens_None_2023_None_sikkemalisa_002_d10_1101_2022_03_10_483747465C	AT2_AGTR2undet	Other	Kaminski_2020	22	0.106424755788081	0	0.0909090909090909	0	0.106424755788081	0.0909090909090909
homosapiens_None_2023_None_sikkemalisa_002_d10_1101_2022_03_10_483747lafy_donor_3	Alveolar fibroblasts	Fibroblasts	Lafyatis_Rojas_2019	13	1.28006909632346	2.473703491196	0.307692307692308	0.615384615384615	-1.19363439487255	-0.307692307692308
homosapiens_None_2023_None_sikkemalisa_002_d10_1101_2022_03_10_483747THD0017	Adventitial fibroblasts	Fibroblasts	Banovich_Kropski_2020	18	2.10929648551328	2.20370618110295	0.666666666666667	0.722222222222222	-0.0944096955896718	-0.0555555555555556
homosapiens_None_2023_None_sikkemalisa_002_d10_1101_2022_03_10_483747lafy_donor_2	Alveolar fibroblasts	Fibroblasts	Lafyatis_Rojas_2019	7	1.6201321670021	2.75850160444995	0.428571428571429	0.714285714285714	-1.13836943744786	-0.285714285714286
homosapiens_None_2023_None_sikkemalisa_002_d10_1101_2022_03_10_483747290B	AT1	Other	Teichmann_Meyer_2019	14	0.404508819573117	0.626397925633586	0.0714285714285714	0.142857142857143	-0.221889106060469	-0.0714285714285714
homosapiens_None_2023_None_sikkemalisa_002_d10_1101_2022_03_10_483747Patient_6	Myofibroblasts	Fibroblasts	Schiller_2021	7	2.1935355159029	2.25246229707119	1	0.714285714285714	-0.0589267811682914	0.285714285714286
homosapiens_None_2023_None_sikkemalisa_002_d10_1101_2022_03_10_483747302C	Transitional Club-AT2	Other	Teichmann_Meyer_2019	6	0.801805886324589	0	0.333333333333333	0	0.801805886324589	0.333333333333333
homosapiens_None_2023_None_sikkemalisa_002_d10_1101_2022_03_10_483747lafy_donor_4	Pericytes	Pericytes	Lafyatis_Rojas_2019	9	0.399795295171854	1.39567850765411	0.111111111111111	0.222222222222222	-0.995883212482255	-0.111111111111111
homosapiens_None_2023_None_sikkemalisa_002_d10_1101_2022_03_10_483747137C	Adventitial fibroblasts	Fibroblasts	Kaminski_2020	8	1.6342988285624	2.09942480688774	0.75	1	-0.465125978325344	-0.25
homosapiens_None_2023_None_sikkemalisa_002_d10_1101_2022_03_10_483747VUHD072	Transitional Club-AT2	Other	Banovich_Kropski_2020	11	0.307451576547676	0	0.181818181818182	0	0.307451576547676	0.181818181818182
homosapiens_None_2023_None_sikkemalisa_002_d10_1101_2022_03_10_483747THD0007	Vascular smooth muscle	Other	Banovich_Kropski_2020	6	1.87703360447167	2.00908731478419	0.666666666666667	0.666666666666667	-0.132053710312516	0
homosapiens_None_2023_None_sikkemalisa_002_d10_1101_2022_03_10_483747244C	Alveolar macrophages	Ambient reference	Kaminski_2020	7	0	0.152616179679147	0	0.142857142857143	-0.152616179679147	-0.142857142857143
homosapiens_None_2023_None_sikkemalisa_002_d10_1101_2022_03_10_483747292B	Classical monocytes	Other	Teichmann_Meyer_2019	9	0.295466854592846	0	0.111111111111111	0	0.295466854592846	0.111111111111111
homosapiens_None_2023_None_sikkemalisa_002_d10_1101_2022_03_10_483747D046	Peribronchial fibroblasts	Fibroblasts	Sun_2020	8	2.58306838605748	2.6615923555313	1	1	-0.0785239694738205	0
homosapiens_None_2023_None_sikkemalisa_002_d10_1101_2022_03_10_483747465C	EC venous pulmonary	Ambient reference	Kaminski_2020	6	0	0.646769840697129	0	0.333333333333333	-0.646769840697129	-0.333333333333333
homosapiens_None_2023_None_sikkemalisa_002_d10_1101_2022_03_10_483747D088	DC2	Other	Sun_2020	12	0.544560779206339	0.953543559312953	0.166666666666667	0.333333333333333	-0.408982780106615	-0.166666666666667
homosapiens_None_2023_None_sikkemalisa_002_d10_1101_2022_03_10_483747RU684	AT1	Other	Peer_Massague_2020	26	0.403681229023437	0	0.0769230769230769	0	0.403681229023437	0.0769230769230769
homosapiens_None_2023_None_sikkemalisa_002_d10_1101_2022_03_10_483747A26	Subpleural fibroblasts	Fibroblasts	Meyer_2021	6	2.81955315022984	2.79488545779073	1	1	0.0246676924391149	0
homosapiens_None_2023_None_sikkemalisa_002_d10_1101_2022_03_10_483747388C	Alveolar fibroblasts	Fibroblasts	Kaminski_2020	11	1.1016454473523	2.09511194450279	0.272727272727273	0.727272727272727	-0.993466497150497	-0.454545454545455
homosapiens_None_2023_None_sikkemalisa_002_d10_1101_2022_03_10_483747Patient_2	Alveolar fibroblasts	Fibroblasts	Schiller_2021	28	1.80194228636143	3.14117601396499	0.321428571428571	0.892857142857143	-1.33923372760357	-0.571428571428571
homosapiens_None_2023_None_sikkemalisa_002_d10_1101_2022_03_10_483747A43	Myofibroblasts	Fibroblasts	Meyer_2021	8	1.90107405116833	1.90850424479823	0.375	0.375	-0.00743019362989172	0
homosapiens_None_2023_None_sikkemalisa_002_d10_1101_2022_03_10_483747D339	Vascular smooth muscle	Other	Barbry_Leroy_2020	15	0.522836222335966	1.41909578178586	0.0666666666666667	0.266666666666667	-0.896259559449895	-0.2
homosapiens_None_2023_None_sikkemalisa_002_d10_1101_2022_03_10_483747muc5105	Transitional Club-AT2	Other	Schiller_2020	8	0.906722713660939	0	0.125	0	0.906722713660939	0.125
homosapiens_None_2023_None_sikkemalisa_002_d10_1101_2022_03_10_483747QZY9VQng	Pericytes	Pericytes	Eils_2020	6	0	1.2147380435145	0	0.166666666666667	-1.2147380435145	-0.166666666666667
homosapiens_None_2023_None_sikkemalisa_002_d10_1101_2022_03_10_483747483C	Adventitial fibroblasts	Fibroblasts	Kaminski_2020	5	0.997797832639643	1.81819186826539	0.4	0.8	-0.820394035625742	-0.4
homosapiens_None_2023_None_sikkemalisa_002_d10_1101_2022_03_10_483747GRO-07	Alveolar fibroblasts	Fibroblasts	Nawijn_2021	6	2.1743855049084	2.35001320968298	1	0.833333333333333	-0.175627704774577	0.166666666666667
homosapiens_None_2023_None_sikkemalisa_002_d10_1101_2022_03_10_483747290B	Alveolar macrophages	Ambient reference	Teichmann_Meyer_2019	10	0	0.33488651827705	0	0.1	-0.33488651827705	-0.1
homosapiens_None_2023_None_sikkemalisa_002_d10_1101_2022_03_10_483747VUHD101	Adventitial fibroblasts	Fibroblasts	Banovich_Kropski_2020	7	1.76963736234703	2.19121882110361	0.714285714285714	0.714285714285714	-0.421581458756583	0
homosapiens_None_2023_None_sikkemalisa_002_d10_1101_2022_03_10_483747NML2	Peribronchial fibroblasts	Fibroblasts	Sheppard_2020	11	2.01755734456629	2.12109954515107	0.818181818181818	0.909090909090909	-0.103542200584782	-0.0909090909090908
homosapiens_None_2023_None_sikkemalisa_002_d10_1101_2022_03_10_483747296C	Transitional Club-AT2	Other	Teichmann_Meyer_2019	11	0.206762483291394	0.173504375470542	0.0909090909090909	0.0909090909090909	0.0332581078208523	0
homosapiens_None_2023_None_sikkemalisa_002_d10_1101_2022_03_10_483747GRO-09	Alveolar fibroblasts	Fibroblasts	Nawijn_2021	6	1.44767494216055	2.68248835313459	0.333333333333333	0.833333333333333	-1.23481341097404	-0.5
homosapiens_None_2023_None_sikkemalisa_002_d10_1101_2022_03_10_483747muc5213	EC aerocyte capillary	Ambient reference	Schiller_2020	13	0	1.2866478331766	0	0.0769230769230769	-1.2866478331766	-0.0769230769230769
homosapiens_None_2023_None_sikkemalisa_002_d10_1101_2022_03_10_483747Patient_4	Peribronchial fibroblasts	Fibroblasts	Schiller_2021	12	3.00374724902033	3.05048055021734	1	1	-0.0467333011970075	0
homosapiens_None_2023_None_sikkemalisa_002_d10_1101_2022_03_10_483747S4ECX8ng	Vascular smooth muscle	Other	Eils_2020	8	0.862569247838811	1.11074274545025	0.125	0.25	-0.248173497611443	-0.125
homosapiens_None_2023_None_sikkemalisa_002_d10_1101_2022_03_10_483747VUHD66	Pericytes	Pericytes	Banovich_Kropski_2020	6	0.679578050515274	3.00003166285058	0.166666666666667	0.833333333333333	-2.32045361233531	-0.666666666666667
homosapiens_None_2023_None_sikkemalisa_002_d10_1101_2022_03_10_4837472020-3173-NC007	Adventitial fibroblasts	Fibroblasts	Jain_Misharin_2021	9	3.19996881638492	2.70765355641133	1	0.777777777777778	0.492315259973592	0.222222222222222
homosapiens_None_2023_None_sikkemalisa_002_d10_1101_2022_03_10_483747D062	Adventitial fibroblasts	Fibroblasts	Sun_2020	5	3.09518617160053	3.05349224895202	1	1	0.041693922648518	0
homosapiens_None_2023_None_sikkemalisa_002_d10_1101_2022_03_10_483747439C	Alveolar fibroblasts	Fibroblasts	Kaminski_2020	10	1.35247343483562	1.34806006925211	0.5	0.4	0.00441336558350658	0.1
homosapiens_None_2023_None_sikkemalisa_002_d10_1101_2022_03_10_483747D150	Classical monocytes	Other	Sun_2020	7	1.27854043234397	1.7124826348176	0.285714285714286	0.571428571428571	-0.43394220247363	-0.285714285714286
homosapiens_None_2023_None_sikkemalisa_002_d10_1101_2022_03_10_483747SHMI57ng	Alveolar fibroblasts	Fibroblasts	Eils_2020	7	1.34023504245114	1.62483060634102	0.571428571428571	0.714285714285714	-0.28459556388988	-0.142857142857143
homosapiens_None_2023_None_sikkemalisa_002_d10_1101_2022_03_10_4837471A1DFBng	EC general capillary	Ambient reference	Eils_2020	11	0	0.207358308350585	0	0.0909090909090909	-0.207358308350585	-0.0909090909090909
homosapiens_None_2023_None_sikkemalisa_002_d10_1101_2022_03_10_483747356C	Myofibroblasts	Fibroblasts	Meyer_2019	5	2.29675642892914	1.8158556326802	1	0.6	0.480900796248934	0.4
homosapiens_None_2023_None_sikkemalisa_002_d10_1101_2022_03_10_483747D139	Myofibroblasts	Fibroblasts	Sun_2020	7	1.44549483078257	0.575971957327192	0.428571428571429	0.142857142857143	0.869522873455383	0.285714285714286
homosapiens_None_2023_None_sikkemalisa_002_d10_1101_2022_03_10_483747098C	Vascular smooth muscle	Other	Kaminski_2020	6	0	1.0550448653605	0	0.166666666666667	-1.0550448653605	-0.166666666666667
homosapiens_None_2023_None_sikkemalisa_002_d10_1101_2022_03_10_483747Patient_4	Myofibroblasts	Fibroblasts	Schiller_2021	8	2.1713488881794	2.72726160231391	0.625	1	-0.55591271413451	-0.375
homosapiens_None_2023_None_sikkemalisa_002_d10_1101_2022_03_10_483747RU675	Pericytes	Pericytes	Peer_Massague_2020	11	0.521539498660331	1.82385939937401	0.0909090909090909	0.545454545454545	-1.30231990071368	-0.454545454545454
homosapiens_None_2023_None_sikkemalisa_002_d10_1101_2022_03_10_483747NML1	AT2_AGTR2det	Other	Sheppard_2020	7	1.05772123032098	0	0.428571428571429	0	1.05772123032098	0.428571428571429
homosapiens_None_2023_None_sikkemalisa_002_d10_1101_2022_03_10_483747A37	Transitional Club-AT2	Other	Meyer_2021	10	0.240412583964706	0.252269458392045	0.2	0.1	-0.0118568744273383	0.1
homosapiens_None_2023_None_sikkemalisa_002_d10_1101_2022_03_10_483747244C	DC2	Other	Kaminski_2020	5	0.166807897265553	0	0.2	0	0.166807897265553	0.2
homosapiens_None_2023_None_sikkemalisa_002_d10_1101_2022_03_10_483747VUHD106	Vascular smooth muscle	Other	Banovich_Kropski_2020	11	1.38117291238547	1.35477811976919	0.181818181818182	0.181818181818182	0.0263947926162851	0
homosapiens_None_2023_None_sikkemalisa_002_d10_1101_2022_03_10_483747253C	Adventitial fibroblasts	Fibroblasts	Kaminski_2020	11	0.877733435945645	1.77003827246677	0.363636363636364	0.727272727272727	-0.892304836521127	-0.363636363636364
homosapiens_None_2023_None_sikkemalisa_002_d10_1101_2022_03_10_483747A32	Alveolar fibroblasts	Fibroblasts	Meyer_2021	7	2.25813349081388	2.79189655667895	0.571428571428571	0.714285714285714	-0.533763065865066	-0.142857142857143
homosapiens_None_2023_None_sikkemalisa_002_d10_1101_2022_03_10_483747THD0005	Transitional Club-AT2	Other	Banovich_Kropski_2020	7	0.63733584159003	0	0.142857142857143	0	0.63733584159003	0.142857142857143
homosapiens_None_2023_None_sikkemalisa_002_d10_1101_2022_03_10_483747muc5103	EC general capillary	Ambient reference	Schiller_2020	44	0.304842242338653	0	0.0227272727272727	0	0.304842242338653	0.0227272727272727
homosapiens_None_2023_None_sikkemalisa_002_d10_1101_2022_03_10_48374716E0F2ng	Transitional Club-AT2	Other	Eils_2020	52	0	0.149667014627728	0	0.0192307692307692	-0.149667014627728	-0.0192307692307692
homosapiens_None_2023_None_sikkemalisa_002_d10_1101_2022_03_10_483747D150	Non-classical monocytes	Other	Sun_2020	11	1.10990387874528	1.29766801456524	0.363636363636364	0.636363636363636	-0.187764135819959	-0.272727272727273
homosapiens_None_2023_None_sikkemalisa_002_d10_1101_2022_03_10_483747VUHD70	Adventitial fibroblasts	Fibroblasts	Banovich_Kropski_2020	5	2.15608321207986	2.41914469379154	0.8	1	-0.263061481711673	-0.2
homosapiens_None_2023_None_sikkemalisa_002_d10_1101_2022_03_10_483747VUHD95	Peribronchial fibroblasts	Fibroblasts	Banovich_Kropski_2020	7	2.2217435093859	2.56481999522551	0.571428571428571	0.857142857142857	-0.343076485839614	-0.285714285714286
homosapiens_None_2023_None_sikkemalisa_002_d10_1101_2022_03_10_483747T90	Transitional Club-AT2	Other	Seibold_2020	5	0.360732156316545	0	0.4	0	0.360732156316545	0.4
homosapiens_None_2023_None_sikkemalisa_002_d10_1101_2022_03_10_483747ZM3KACng	Vascular smooth muscle	Other	Eils_2020	5	1.03514922187263	1.2046487404567	0.4	0.6	-0.169499518584078	-0.2
homosapiens_None_2023_None_sikkemalisa_002_d10_1101_2022_03_10_483747GRO-03	Adventitial fibroblasts	Fibroblasts	Nawijn_2021	6	1.62059660828645	2.76768130150976	0.333333333333333	0.833333333333333	-1.14708469322331	-0.5
homosapiens_None_2023_None_sikkemalisa_002_d10_1101_2022_03_10_483747THD0017	Alveolar fibroblasts	Fibroblasts	Banovich_Kropski_2020	13	1.62158917175603	2.18517701372644	0.461538461538462	0.769230769230769	-0.56358784197041	-0.307692307692308
homosapiens_None_2023_None_sikkemalisa_002_d10_1101_2022_03_10_483747298C	AT2_AGTR2det	Other	Teichmann_Meyer_2019	12	0.597874784419543	0	0.25	0	0.597874784419543	0.25
homosapiens_None_2023_None_sikkemalisa_002_d10_1101_2022_03_10_483747VUHD98	Adventitial fibroblasts	Fibroblasts	Banovich_Kropski_2020	5	1.95862338476679	2.37254676003114	1	1	-0.413923375264344	0
homosapiens_None_2023_None_sikkemalisa_002_d10_1101_2022_03_10_483747Donor_01	Vascular smooth muscle	Other	Misharin_Budinger_2018	5	2.2207270511145	2.04533820175771	1	0.6	0.175388849356788	0.4
homosapiens_None_2023_None_sikkemalisa_002_d10_1101_2022_03_10_483747101CV0ng	EC aerocyte capillary	Ambient reference	Eils_2020	18	0.181229529060275	0.362556010043239	0.0555555555555556	0.111111111111111	-0.181326480982964	-0.0555555555555556
homosapiens_None_2023_None_sikkemalisa_002_d10_1101_2022_03_10_483747VUHD106	Myofibroblasts	Fibroblasts	Banovich_Kropski_2020	5	1.58768570527745	2.68322835029746	0.2	0.8	-1.09554264502	-0.6
homosapiens_None_2023_None_sikkemalisa_002_d10_1101_2022_03_10_483747dd49p	AT2_AGTR2undet	Other	Gomperts_2021	5	0.43502389800441	0	0.2	0	0.43502389800441	0.2
homosapiens_None_2023_None_sikkemalisa_002_d10_1101_2022_03_10_483747065C	Adventitial fibroblasts	Fibroblasts	Kaminski_2020	10	1.59840694027739	2.12105027307396	0.9	1	-0.522643332796571	-0.1
homosapiens_None_2023_None_sikkemalisa_002_d10_1101_2022_03_10_483747VUHD98	Myofibroblasts	Fibroblasts	Banovich_Kropski_2020	5	2.04954339935629	2.05794995503903	0.8	0.6	-0.00840655568273485	0.2
homosapiens_None_2023_None_sikkemalisa_002_d10_1101_2022_03_10_483747A26	Peribronchial fibroblasts	Fibroblasts	Meyer_2021	24	2.21549752969652	2.10118083688076	0.708333333333333	0.583333333333333	0.114316692815764	0.125
homosapiens_None_2023_None_sikkemalisa_002_d10_1101_2022_03_10_483747226C	Adventitial fibroblasts	Fibroblasts	Kaminski_2020	21	1.77672580546437	2.17885648299657	0.666666666666667	1	-0.4021306775322	-0.333333333333333
homosapiens_None_2023_None_sikkemalisa_002_d10_1101_2022_03_10_483747muc5105	EC venous systemic	Ambient reference	Schiller_2020	5	0	1.30653721825839	0	0.2	-1.30653721825839	-0.2
homosapiens_None_2023_None_sikkemalisa_002_d10_1101_2022_03_10_483747muc5212	EC venous systemic	Ambient reference	Schiller_2020	9	1.22127087867906	0	0.111111111111111	0	1.22127087867906	0.111111111111111
homosapiens_None_2023_None_sikkemalisa_002_d10_1101_2022_03_10_483747VUHD84	Alveolar fibroblasts	Fibroblasts	Banovich_Kropski_2020	15	2.01215980008823	2.61337131926454	0.333333333333333	0.733333333333333	-0.601211519176309	-0.4
homosapiens_None_2023_None_sikkemalisa_002_d10_1101_2022_03_10_483747D088	Peribronchial fibroblasts	Fibroblasts	Sun_2020	9	3.00073130548293	2.94633734710401	1	1	0.0543939583789195	0
homosapiens_None_2023_None_sikkemalisa_002_d10_1101_2022_03_10_483747D175	EC aerocyte capillary	Ambient reference	Sun_2020	6	0.483388340938913	0	0.166666666666667	0	0.483388340938913	0.166666666666667
homosapiens_None_2023_None_sikkemalisa_002_d10_1101_2022_03_10_483747lafy_donor_6	Pericytes	Pericytes	Lafyatis_Rojas_2019	5	0	2.02103714778888	0	0.4	-2.02103714778888	-0.4
homosapiens_None_2023_None_sikkemalisa_002_d10_1101_2022_03_10_483747160C	Alveolar fibroblasts	Fibroblasts	Kaminski_2020	13	1.69615126458794	2.08893425075807	0.615384615384615	0.923076923076923	-0.392782986170131	-0.307692307692308
homosapiens_None_2023_None_sikkemalisa_002_d10_1101_2022_03_10_483747Patient_5	Vascular smooth muscle	Other	Schiller_2021	13	0.751409183172176	1.2419992890244	0.230769230769231	0.230769230769231	-0.490590105852222	0
homosapiens_None_2023_None_sikkemalisa_002_d10_1101_2022_03_10_483747muc5103	Alveolar fibroblasts	Fibroblasts	Schiller_2020	12	1.52151822510629	3.0570034121563	0.166666666666667	0.583333333333333	-1.53548518705002	-0.416666666666667
homosapiens_None_2023_None_sikkemalisa_002_d10_1101_2022_03_10_483747muc10380	Peribronchial fibroblasts	Fibroblasts	Schiller_2020	13	2.29689305800182	3.16029813095318	0.538461538461538	0.846153846153846	-0.863405072951364	-0.307692307692308
homosapiens_None_2023_None_sikkemalisa_002_d10_1101_2022_03_10_483747Donor_07	Vascular smooth muscle	Other	Misharin_Budinger_2018	10	0.588050427026131	0.628858719707429	0.1	0.1	-0.0408082926812986	0
homosapiens_None_2023_None_sikkemalisa_002_d10_1101_2022_03_10_483747THD0008	AT1	Other	Banovich_Kropski_2020	9	0	0.47520960685014	0	0.111111111111111	-0.47520960685014	-0.111111111111111
homosapiens_None_2023_None_sikkemalisa_002_d10_1101_2022_03_10_483747A47	Subpleural fibroblasts	Fibroblasts	Meyer_2021	5	2.97830638804949	1.87896461671316	0.8	0.4	1.09934177133633	0.4
homosapiens_None_2023_None_sikkemalisa_002_d10_1101_2022_03_10_483747VUHD67	Myofibroblasts	Fibroblasts	Banovich_Kropski_2020	5	1.81099329556844	1.05066236854747	0.4	0.2	0.760330927020975	0.2
homosapiens_None_2023_None_sikkemalisa_002_d10_1101_2022_03_10_483747VUHD85	Vascular smooth muscle	Other	Banovich_Kropski_2020	8	1.8579515138391	2.02958487026016	0.5	0.625	-0.171633356421052	-0.125
homosapiens_None_2023_None_sikkemalisa_002_d10_1101_2022_03_10_483747THD0015	AT1	Other	Banovich_Kropski_2020	14	0.22848612469822	0	0.0714285714285714	0	0.22848612469822	0.0714285714285714
homosapiens_None_2023_None_sikkemalisa_002_d10_1101_2022_03_10_483747THD0010	Alveolar fibroblasts	Fibroblasts	Banovich_Kropski_2020	5	0	2.43106678335258	0	0.6	-2.43106678335258	-0.6
homosapiens_None_2023_None_sikkemalisa_002_d10_1101_2022_03_10_483747muc10380	Myofibroblasts	Fibroblasts	Schiller_2020	5	2.55701268943832	3.03570343014007	0.4	0.6	-0.478690740701744	-0.2
homosapiens_None_2023_None_sikkemalisa_002_d10_1101_2022_03_10_483747439C	Adventitial fibroblasts	Fibroblasts	Kaminski_2020	16	1.02438767373825	1.60254992337806	0.625	0.8125	-0.578162249639809	-0.1875
homosapiens_None_2023_None_sikkemalisa_002_d10_1101_2022_03_10_483747ZM3KACng	AT2_AGTR2det	Other	Eils_2020	8	0	0.604933440545632	0	0.125	-0.604933440545632	-0.125
homosapiens_None_2023_None_sikkemalisa_002_d10_1101_2022_03_10_483747NU_CZI01	EC aerocyte capillary	Ambient reference	Misharin_2021	9	0.442516303089807	0	0.111111111111111	0	0.442516303089807	0.111111111111111
homosapiens_None_2023_None_sikkemalisa_002_d10_1101_2022_03_10_483747390C	EC aerocyte capillary	Ambient reference	Meyer_2019	8	0.770739650516036	0	0.125	0	0.770739650516036	0.125
homosapiens_None_2023_None_sikkemalisa_002_d10_1101_2022_03_10_483747244C	EC aerocyte capillary	Ambient reference	Kaminski_2020	5	0	1.00686789633614	0	0.2	-1.00686789633614	-0.2
homosapiens_None_2023_None_sikkemalisa_002_d10_1101_2022_03_10_483747368C	AT1	Other	Meyer_2019	5	0	0.707098930718739	0	0.2	-0.707098930718739	-0.2
homosapiens_None_2023_None_sikkemalisa_002_d10_1101_2022_03_10_483747lafy_donor_2	AT2_AGTR2det	Other	Lafyatis_Rojas_2019	7	0.154985540710613	0	0.142857142857143	0	0.154985540710613	0.142857142857143
homosapiens_None_2023_None_sikkemalisa_002_d10_1101_2022_03_10_483747001C	Adventitial fibroblasts	Fibroblasts	Kaminski_2020	8	1.05542309251959	1.29151893188332	0.375	0.375	-0.236095839363728	0
homosapiens_None_2023_None_sikkemalisa_002_d10_1101_2022_03_10_483747muc5213	EC venous systemic	Ambient reference	Schiller_2020	7	0	1.66777027001904	0	0.142857142857143	-1.66777027001904	-0.142857142857143
homosapiens_None_2023_None_sikkemalisa_002_d10_1101_2022_03_10_483747muc3843	Alveolar fibroblasts	Fibroblasts	Schiller_2020	9	1.50563827295776	2.61820224954695	0.111111111111111	0.555555555555556	-1.11256397658919	-0.444444444444444
homosapiens_None_2023_None_sikkemalisa_002_d10_1101_2022_03_10_483747VUHD106	Alveolar fibroblasts	Fibroblasts	Banovich_Kropski_2020	9	1.0521063610752	2.42673889825706	0.111111111111111	0.555555555555556	-1.37463253718186	-0.444444444444444
homosapiens_None_2023_None_sikkemalisa_002_d10_1101_2022_03_10_483747VUHD101	Peribronchial fibroblasts	Fibroblasts	Banovich_Kropski_2020	5	1.4508928129319	2.33088599500016	0.6	1	-0.879993182068257	-0.4
homosapiens_None_2023_None_sikkemalisa_002_d10_1101_2022_03_10_483747NU_CZI01	EC general capillary	Ambient reference	Misharin_2021	5	1.30020789778517	1.8790163872065	0.2	0.4	-0.578808489421337	-0.2
homosapiens_None_2023_None_sikkemalisa_002_d10_1101_2022_03_10_483747VUHD101	Vascular smooth muscle	Other	Banovich_Kropski_2020	5	2.38248474515693	1.63731654088981	1	0.4	0.745168204267121	0.6
