term	estimate	SE	df	t_ratio	p_value	outcome	converged	max_grad	panel	arm
null_smad_0001_z	0.0304579157218257	0.0670102608653244	197.220301613189	0.454526147615502	0.649950047820723	basement_membrane_score_z	TRUE		null_smad_0001	smad
null_smad_0001_z	0.00164365122196754	0.0666933997313932	190.874800351617	0.0246448858295922	0.980363962080224	bm_minus_fibrillar_z	TRUE		null_smad_0001	smad
null_smad_0002_z	0.0475287549756729	0.0663339624269095	181.316707210285	0.716507098879292	0.47460015287521	basement_membrane_score_z	TRUE		null_smad_0002	smad
null_smad_0002_z	-0.0686312150171446	0.0660375593566358	177.532675624944	-1.03927546211243	0.300089989376832	bm_minus_fibrillar_z	TRUE		null_smad_0002	smad
null_smad_0003_z	0.0869829286808602	0.0669189307724728	193.465197933517	1.29982544067546	0.195207376168443	basement_membrane_score_z	TRUE		null_smad_0003	smad
null_smad_0003_z	0.140193863142514	0.0659206944589641	188.0331704013	2.12670488824697	0.0347485258203318	bm_minus_fibrillar_z	TRUE		null_smad_0003	smad
null_smad_0004_z	0.0913973456145441	0.0676122257145982	195.135737326325	1.35178726404225	0.178008194911959	basement_membrane_score_z	TRUE		null_smad_0004	smad
null_smad_0004_z	0.214735511604329	0.0669551027663809	187.066068526671	3.20715677718519	0.00157699037868169	bm_minus_fibrillar_z	TRUE		null_smad_0004	smad
null_smad_0005_z	0.0559774886730438	0.0662878187572257	176.193639614209	0.844461165301837	0.399556904342965	basement_membrane_score_z	TRUE		null_smad_0005	smad
null_smad_0005_z	-0.101024686368531	0.0659078025495804	173.050140743549	-1.53281830770391	0.127146764380966	bm_minus_fibrillar_z	TRUE		null_smad_0005	smad
null_smad_0006_z	0.129395159177133	0.0671225387064968	180.75944702736	1.92774530985683	0.0554542776791322	basement_membrane_score_z	TRUE		null_smad_0006	smad
null_smad_0006_z	0.191054974411065	0.0652616166076392	181.687278139716	2.92752439094039	0.00385374287244736	bm_minus_fibrillar_z	TRUE		null_smad_0006	smad
null_smad_0007_z	0.17152856178612	0.0680479986924147	204.12125624432	2.52069958091568	0.0124771721945391	basement_membrane_score_z	TRUE		null_smad_0007	smad
null_smad_0007_z	0.227707697171974	0.0670848311703011	197.012613681415	3.39432466624112	0.000831805420325446	bm_minus_fibrillar_z	TRUE		null_smad_0007	smad
null_smad_0008_z	0.165597474760067	0.067889289554572	208.475177567247	2.43922827660398	0.0155550040119965	basement_membrane_score_z	TRUE		null_smad_0008	smad
null_smad_0008_z	0.173282359823032	0.0680481593924736	201.734879612662	2.54646652268155	0.0116281807688765	bm_minus_fibrillar_z	TRUE		null_smad_0008	smad
null_smad_0009_z	0.0701752815942042	0.0679642396680545	191.084562690059	1.03253243083346	0.303127815639885	basement_membrane_score_z	TRUE		null_smad_0009	smad
null_smad_0009_z	0.144573255138588	0.0671029038845324	185.824702636166	2.15450072603957	0.0324881710275207	bm_minus_fibrillar_z	TRUE		null_smad_0009	smad
null_smad_0010_z	0.103569674109046	0.0685984842999474	200.795218510811	1.50979537180715	0.132667622177522	basement_membrane_score_z	TRUE		null_smad_0010	smad
null_smad_0010_z	0.0941006957439297	0.0685961981814638	192.460723527769	1.37180628429285	0.171720735428258	bm_minus_fibrillar_z	TRUE		null_smad_0010	smad
null_smad_0011_z	0.0329941622403745	0.0665236418147568	190.076104634751	0.495976488061956	0.620484004878662	basement_membrane_score_z	TRUE		null_smad_0011	smad
null_smad_0011_z	-0.0449978271618001	0.0662185838732856	184.988752648678	-0.679534724691591	0.497648521097622	bm_minus_fibrillar_z	TRUE		null_smad_0011	smad
null_smad_0012_z	-0.0293712375485183	0.0670800156165938	187.439477180131	-0.437853767303726	0.661996428874696	basement_membrane_score_z	TRUE		null_smad_0012	smad
null_smad_0012_z	-0.0688487206062734	0.0664122294210057	182.696713855396	-1.03668738734582	0.301251744605805	bm_minus_fibrillar_z	TRUE		null_smad_0012	smad
null_smad_0013_z	0.135968127327157	0.0690801885489173	206.067387417051	1.96826514494636	0.0503785515163954	basement_membrane_score_z	TRUE		null_smad_0013	smad
null_smad_0013_z	0.230549651909903	0.067781881544282	198.763423972894	3.40134629870497	0.000810573901608093	bm_minus_fibrillar_z	TRUE		null_smad_0013	smad
null_smad_0014_z	0.0214893325545239	0.066968532279443	201.055093314515	0.32088701697768	0.748629306406408	basement_membrane_score_z	TRUE		null_smad_0014	smad
null_smad_0014_z	-0.00807673152320824	0.0668388289093096	195.064173509693	-0.120838914370675	0.903943006951595	bm_minus_fibrillar_z	TRUE		null_smad_0014	smad
null_smad_0015_z	0.210236467308394	0.067162984063473	201.49323529595	3.13024309803907	0.00200602760637428	basement_membrane_score_z	TRUE		null_smad_0015	smad
null_smad_0015_z	0.229452718382158	0.0674397047943491	197.7531282548	3.40233871251145	0.000808554387139128	bm_minus_fibrillar_z	TRUE		null_smad_0015	smad
null_smad_0016_z	0.0483954395497254	0.0667691708135764	200.953137581331	0.724817141804089	0.469407327364922	basement_membrane_score_z	TRUE		null_smad_0016	smad
null_smad_0016_z	-0.12392187079076	0.0667837355501123	194.831351864541	-1.85556961990803	0.0650253927813126	bm_minus_fibrillar_z	TRUE		null_smad_0016	smad
null_smad_0017_z	-0.0248892236411505	0.0677752061869408	192.513334249063	-0.367231987055855	0.713849349399616	basement_membrane_score_z	TRUE		null_smad_0017	smad
null_smad_0017_z	-0.0254314888934313	0.0673961434752702	184.69711374251	-0.377343384681395	0.706351665703289	bm_minus_fibrillar_z	TRUE		null_smad_0017	smad
null_smad_0018_z	0.0155767602571777	0.0677113445825991	198.212962421595	0.230046535823492	0.818292845391344	basement_membrane_score_z	TRUE		null_smad_0018	smad
null_smad_0018_z	0.0190338941736004	0.0673381741759104	190.626070479285	0.282661275072254	0.777743189149657	bm_minus_fibrillar_z	TRUE		null_smad_0018	smad
null_smad_0019_z	0.110635386320115	0.0683834887875368	200.728645643435	1.61786694831924	0.107261566983874	basement_membrane_score_z	TRUE		null_smad_0019	smad
null_smad_0019_z	0.164959592728563	0.0683114224308929	195.320911565539	2.41481712513663	0.0166648154105128	bm_minus_fibrillar_z	TRUE		null_smad_0019	smad
null_smad_0020_z	-0.00155445529297385	0.0684828375176201	187.987155042686	-0.0226984650362057	0.981914875412201	basement_membrane_score_z	TRUE		null_smad_0020	smad
null_smad_0020_z	0.0586014821533293	0.0678702408041428	181.521361436592	0.863434127520471	0.389038237785991	bm_minus_fibrillar_z	TRUE		null_smad_0020	smad
null_smad_0021_z	0.0187248638466763	0.0682855021683892	205.277280802073	0.274214339092089	0.784195653512334	basement_membrane_score_z	TRUE		null_smad_0021	smad
null_smad_0021_z	0.130341790683772	0.0679312206763898	197.317186829881	1.91873176112488	0.0564614763277064	bm_minus_fibrillar_z	TRUE		null_smad_0021	smad
null_smad_0022_z	0.13743530693932	0.0677064711227556	201.607941324553	2.02986959237829	0.0436837352745033	basement_membrane_score_z	TRUE		null_smad_0022	smad
null_smad_0022_z	0.175270764975984	0.0676297803176291	199.334046011327	2.59162108989279	0.010259230537607	bm_minus_fibrillar_z	TRUE		null_smad_0022	smad
null_smad_0023_z	0.079747794869183	0.0662741782037484	185.382319340654	1.20330115032151	0.230394208277265	basement_membrane_score_z	TRUE		null_smad_0023	smad
null_smad_0023_z	-0.111524807610803	0.0662045008310524	183.538100134809	-1.68455023768555	0.0937750864187944	bm_minus_fibrillar_z	TRUE		null_smad_0023	smad
null_smad_0024_z	-0.0408560267844834	0.0672857700402502	207.716018753604	-0.607201593443063	0.544380309497813	basement_membrane_score_z	TRUE		null_smad_0024	smad
null_smad_0024_z	-0.046568084841037	0.0674685405952076	199.605414896024	-0.690219240407651	0.490858078755633	bm_minus_fibrillar_z	TRUE		null_smad_0024	smad
null_smad_0025_z	-0.00753348158581107	0.0664207035343848	185.739435868151	-0.113420683385432	0.909819540578814	basement_membrane_score_z	TRUE		null_smad_0025	smad
null_smad_0025_z	-0.0946061007234624	0.0659105356916896	181.54133344242	-1.43537144298147	0.152901945560269	bm_minus_fibrillar_z	TRUE		null_smad_0025	smad
null_smad_0026_z	0.0406378461426546	0.0663622350170085	182.981118783832	0.612364037049674	0.541057157011327	basement_membrane_score_z	TRUE		null_smad_0026	smad
null_smad_0026_z	-0.0721086991954219	0.0661622119787429	176.474963746608	-1.08987739434391	0.277253115340382	bm_minus_fibrillar_z	TRUE		null_smad_0026	smad
null_smad_0027_z	0.0975103435838064	0.0664905798767312	174.208669171168	1.46652869872069	0.14430711667772	basement_membrane_score_z	TRUE		null_smad_0027	smad
null_smad_0027_z	-0.0130596730549345	0.0662459053267664	179.830051941057	-0.197139324921533	0.843941147711957	bm_minus_fibrillar_z	TRUE		null_smad_0027	smad
null_smad_0028_z	0.0885795590720071	0.0662256800821636	185.075718044145	1.33754095030976	0.182687491755399	basement_membrane_score_z	TRUE		null_smad_0028	smad
null_smad_0028_z	-0.0828638462384439	0.0661729340331185	183.734913657013	-1.25223170846515	0.212077082215277	bm_minus_fibrillar_z	TRUE		null_smad_0028	smad
null_smad_0029_z	-0.0202458305010798	0.0675210655711378	195.007716605855	-0.299844653365986	0.764615020604931	basement_membrane_score_z	TRUE		null_smad_0029	smad
null_smad_0029_z	0.0360063670060544	0.0672296590234261	188.194206140001	0.535572655418468	0.592886283960643	bm_minus_fibrillar_z	TRUE		null_smad_0029	smad
null_smad_0030_z	0.183213860639524	0.0672917509251058	193.34437663977	2.72267934956006	0.00706772891561155	basement_membrane_score_z	TRUE		null_smad_0030	smad
null_smad_0030_z	0.107872952468939	0.0678724063324573	189.795786680668	1.58934916703186	0.113645960904124	bm_minus_fibrillar_z	TRUE		null_smad_0030	smad
null_smad_0031_z	0.116551796820376	0.0669938782954738	185.982069214477	1.7397380146635	0.083559345476203	basement_membrane_score_z	TRUE		null_smad_0031	smad
null_smad_0031_z	0.056805197747923	0.0666283991603881	188.823091612386	0.852567350615485	0.394979377107008	bm_minus_fibrillar_z	TRUE		null_smad_0031	smad
null_smad_0032_z	0.0192118882194651	0.067330354941897	190.010246853313	0.285337694061528	0.775696229182528	basement_membrane_score_z	TRUE		null_smad_0032	smad
null_smad_0032_z	-0.00108809521076954	0.0668529612075527	183.345560526722	-0.0162759463622176	0.987031944654966	bm_minus_fibrillar_z	TRUE		null_smad_0032	smad
null_smad_0033_z	0.0513228931814231	0.0681316775960904	200.300909215743	0.753289732357451	0.45216032471557	basement_membrane_score_z	TRUE		null_smad_0033	smad
null_smad_0033_z	0.118617293085301	0.0676193443629028	195.684278814654	1.7541917065729	0.0809630211361067	bm_minus_fibrillar_z	TRUE		null_smad_0033	smad
null_smad_0034_z	0.104663040352912	0.0679359452979972	202.30905276719	1.54061358672222	0.124973511209112	basement_membrane_score_z	TRUE		null_smad_0034	smad
null_smad_0034_z	0.209841552748797	0.0675174369472971	194.117155108003	3.10796087998121	0.00216674928155444	bm_minus_fibrillar_z	TRUE		null_smad_0034	smad
null_smad_0035_z	0.107649656123027	0.065950004878907	168.282051722653	1.63229185988213	0.104487838622696	basement_membrane_score_z	TRUE		null_smad_0035	smad
null_smad_0035_z	-0.0757033955718352	0.0660743573835443	173.409442160083	-1.14573033427169	0.253485411452303	bm_minus_fibrillar_z	TRUE		null_smad_0035	smad
null_smad_0036_z	0.00424148495480846	0.0670031547187962	207.742778271061	0.0633027649609849	0.949586280771313	basement_membrane_score_z	TRUE		null_smad_0036	smad
null_smad_0036_z	-0.138214749902625	0.066921071581651	202.741009190264	-2.06533975974948	0.0401627910637039	bm_minus_fibrillar_z	TRUE		null_smad_0036	smad
null_smad_0037_z	0.0982876796489149	0.0663130899153058	185.908821775801	1.48217614010215	0.139986501181854	basement_membrane_score_z	TRUE		null_smad_0037	smad
null_smad_0037_z	-0.044222324667864	0.0664797902201794	188.804448260909	-0.665199521860716	0.50673464235916	bm_minus_fibrillar_z	TRUE		null_smad_0037	smad
null_smad_0038_z	0.0526823595463639	0.066451004145335	186.502477569516	0.79280005206757	0.428901684098147	basement_membrane_score_z	TRUE		null_smad_0038	smad
null_smad_0038_z	-0.121298389023998	0.0664422691189602	182.017708990215	-1.8256208078448	0.069546205437891	bm_minus_fibrillar_z	TRUE		null_smad_0038	smad
null_smad_0039_z	-0.0981690252994745	0.0665354982003174	193.692849336326	-1.47543834426427	0.141718433948484	basement_membrane_score_z	TRUE		null_smad_0039	smad
null_smad_0039_z	-0.00955083211413532	0.0663429062885576	182.479244600078	-0.143961617728866	0.885689639636568	bm_minus_fibrillar_z	TRUE		null_smad_0039	smad
null_smad_0040_z	-0.0986159639778574	0.0662370213369916	189.378428548114	-1.48883452165116	0.138194325328621	basement_membrane_score_z	TRUE		null_smad_0040	smad
null_smad_0040_z	-0.0493355930752226	0.0660284101267999	178.595959121084	-0.747187354359727	0.455933058859487	bm_minus_fibrillar_z	TRUE		null_smad_0040	smad
null_smad_0041_z	0.0475175785835047	0.0670262619035754	187.60837151027	0.708939708615466	0.479241922477453	basement_membrane_score_z	TRUE		null_smad_0041	smad
null_smad_0041_z	-0.0528573135894467	0.0668207111643722	186.936629893737	-0.791031892184192	0.429927840987573	bm_minus_fibrillar_z	TRUE		null_smad_0041	smad
null_smad_0042_z	0.156203163099228	0.0673892973951802	184.945683471789	2.31792241701573	0.0215477492074804	basement_membrane_score_z	TRUE		null_smad_0042	smad
null_smad_0042_z	0.1558774268845	0.067408257272402	185.529330035516	2.31243816695316	0.0218510856643158	bm_minus_fibrillar_z	TRUE		null_smad_0042	smad
null_smad_0043_z	0.0303132886069886	0.0664606479047586	181.230065003059	0.456108833763237	0.648857809137005	basement_membrane_score_z	TRUE		null_smad_0043	smad
null_smad_0043_z	-0.12068210814745	0.0663464991753633	173.342607780267	-1.81896723485695	0.0706421361479661	bm_minus_fibrillar_z	TRUE		null_smad_0043	smad
null_smad_0044_z	0.176899205658026	0.0659042382245608	175.21202813097	2.68418557627907	0.00796821118805477	basement_membrane_score_z	TRUE		null_smad_0044	smad
null_smad_0044_z	0.00839656455347216	0.0664182955719125	181.246183915595	0.126419452368829	0.899540036386341	bm_minus_fibrillar_z	TRUE		null_smad_0044	smad
null_smad_0045_z	0.101686845259619	0.0682606787464906	196.531512945058	1.48968406302064	0.137910375668629	basement_membrane_score_z	TRUE		null_smad_0045	smad
null_smad_0045_z	0.20687070695641	0.0672162040651612	188.714008870875	3.07769100968368	0.00239676793166696	bm_minus_fibrillar_z	TRUE		null_smad_0045	smad
null_smad_0046_z	0.124063001471485	0.0683459896035541	195.725026032925	1.8152199154789	0.0710207433567357	basement_membrane_score_z	TRUE		null_smad_0046	smad
null_smad_0046_z	0.071224621525789	0.0684841616546876	192.672051860108	1.04001596580709	0.299635810496894	bm_minus_fibrillar_z	TRUE		null_smad_0046	smad
null_smad_0047_z	0.161924389728929	0.0682675837907364	200.383215048271	2.37190743743448	0.0186438072030929	basement_membrane_score_z	TRUE		null_smad_0047	smad
null_smad_0047_z	0.160940161929659	0.0683649857055274	197.56949327115	2.35413143539423	0.019547632767327	bm_minus_fibrillar_z	TRUE		null_smad_0047	smad
null_smad_0048_z	0.00913679854490583	0.0665946561892412	186.266550504461	0.137200175926157	0.891020760231161	basement_membrane_score_z	TRUE		null_smad_0048	smad
null_smad_0048_z	-0.0875442116175727	0.0662373486003961	181.816631713016	-1.32167445508302	0.18793717070698	bm_minus_fibrillar_z	TRUE		null_smad_0048	smad
null_smad_0049_z	0.0681910517432957	0.0670261609358686	184.428987989115	1.0173796438758	0.310305629659627	basement_membrane_score_z	TRUE		null_smad_0049	smad
null_smad_0049_z	0.00296185176308986	0.066622256241518	182.885345276351	0.0444573920215581	0.964588318232126	bm_minus_fibrillar_z	TRUE		null_smad_0049	smad
null_smad_0050_z	0.0120462436441832	0.0669544378331799	202.52576262909	0.179917030655935	0.857397592946353	basement_membrane_score_z	TRUE		null_smad_0050	smad
null_smad_0050_z	-0.168065012000609	0.0667554143156208	192.337529744893	-2.51762368226785	0.0126309336176454	bm_minus_fibrillar_z	TRUE		null_smad_0050	smad
null_smad_0051_z	0.0306504315208065	0.0672657303742271	190.878756124216	0.455661915068571	0.649151044101513	basement_membrane_score_z	TRUE		null_smad_0051	smad
null_smad_0051_z	-0.00502803264173926	0.0668835593292411	185.447581046418	-0.0751759130668907	0.940155781711972	bm_minus_fibrillar_z	TRUE		null_smad_0051	smad
null_smad_0052_z	0.0705210101503323	0.0684284958679408	205.193933335987	1.03057957442802	0.303951224889159	basement_membrane_score_z	TRUE		null_smad_0052	smad
null_smad_0052_z	0.142048751841072	0.067897963860256	196.302097908423	2.09209148205724	0.0377162175780107	bm_minus_fibrillar_z	TRUE		null_smad_0052	smad
null_smad_0053_z	0.00196746864155706	0.0666558625992095	194.918587176047	0.0295168131479615	0.976482609678867	basement_membrane_score_z	TRUE		null_smad_0053	smad
null_smad_0053_z	-0.150426946807514	0.0666356004832288	182.856960620473	-2.25745616032041	0.0251621163843125	bm_minus_fibrillar_z	TRUE		null_smad_0053	smad
null_smad_0054_z	0.000143535765340227	0.0664706380873286	184.251726490951	0.00215938600065267	0.998279396750857	basement_membrane_score_z	TRUE		null_smad_0054	smad
null_smad_0054_z	-0.0408871922031182	0.0660326390301028	177.549664158581	-0.619196700354178	0.536580483667104	bm_minus_fibrillar_z	TRUE		null_smad_0054	smad
null_smad_0055_z	-0.00651701108296469	0.0673556370750208	204.056595708637	-0.0967552437475431	0.923015729110153	basement_membrane_score_z	TRUE		null_smad_0055	smad
null_smad_0055_z	-0.0136512356694356	0.0673656921150499	199.155921830152	-0.202643738093292	0.839620371413929	bm_minus_fibrillar_z	TRUE		null_smad_0055	smad
null_smad_0056_z	0.0463273548516585	0.0673038305785522	181.957527037744	0.688331621743112	0.492120597473533	basement_membrane_score_z	TRUE		null_smad_0056	smad
null_smad_0056_z	-0.0569034360064045	0.0670655410199099	178.012130615317	-0.848475016245846	0.397312966950077	bm_minus_fibrillar_z	TRUE		null_smad_0056	smad
null_smad_0057_z	0.168671897955835	0.0694024641043244	197.724890505666	2.43034451489058	0.0159769648404967	basement_membrane_score_z	TRUE		null_smad_0057	smad
null_smad_0057_z	0.259232402366139	0.068070660872069	192.993167896503	3.80828390741404	0.000187939885004668	bm_minus_fibrillar_z	TRUE		null_smad_0057	smad
null_smad_0058_z	0.0712977030470266	0.0672642166999721	179.245389982175	1.05996481554295	0.290586812060793	basement_membrane_score_z	TRUE		null_smad_0058	smad
null_smad_0058_z	0.0350084427034934	0.0665857418871167	179.514552259721	0.525764851623091	0.599700468408032	bm_minus_fibrillar_z	TRUE		null_smad_0058	smad
null_smad_0059_z	-0.0230513027528529	0.0671845030394029	195.822987994317	-0.343104461743708	0.731887925071062	basement_membrane_score_z	TRUE		null_smad_0059	smad
null_smad_0059_z	-0.0703893775300034	0.0666757337889128	190.07758688247	-1.05569708093274	0.292446599039608	bm_minus_fibrillar_z	TRUE		null_smad_0059	smad
null_smad_0060_z	0.00909807409787619	0.0665669657043617	191.712518808255	0.136675511668696	0.891430707816177	basement_membrane_score_z	TRUE		null_smad_0060	smad
null_smad_0060_z	-0.124782411397448	0.0664291696075199	183.538135208881	-1.87842798780556	0.0619082897098247	bm_minus_fibrillar_z	TRUE		null_smad_0060	smad
null_smad_0061_z	0.022578790594285	0.0683157030598988	190.761261558528	0.330506597794771	0.741379919835634	basement_membrane_score_z	TRUE		null_smad_0061	smad
null_smad_0061_z	0.0439864905832635	0.0679220442554467	190.797287597169	0.64760257241133	0.518020498264636	bm_minus_fibrillar_z	TRUE		null_smad_0061	smad
null_smad_0062_z	-0.035173015303685	0.0668241377983502	190.922595190359	-0.526351950994471	0.599254612507394	basement_membrane_score_z	TRUE		null_smad_0062	smad
null_smad_0062_z	-0.0037463966876982	0.0663670992327178	184.762265803728	-0.0564496072754569	0.955044637785899	bm_minus_fibrillar_z	TRUE		null_smad_0062	smad
null_smad_0063_z	0.105525927805973	0.0687725184187751	190.003158695746	1.53442000136445	0.126589813618112	basement_membrane_score_z	TRUE		null_smad_0063	smad
null_smad_0063_z	0.0695488740239083	0.0686254129260806	189.522516105617	1.01345654704945	0.312134219822858	bm_minus_fibrillar_z	TRUE		null_smad_0063	smad
null_smad_0064_z	0.0158039432256606	0.0670199274381415	204.828902536167	0.235809614091979	0.813816020844205	basement_membrane_score_z	TRUE		null_smad_0064	smad
null_smad_0064_z	-0.124921226467482	0.0671566238200509	199.180683939336	-1.8601475083413	0.0643388952696734	bm_minus_fibrillar_z	TRUE		null_smad_0064	smad
null_smad_0065_z	0.140604047550005	0.0683571505310776	196.506839986742	2.05690328601514	0.0410165659928842	basement_membrane_score_z	TRUE		null_smad_0065	smad
null_smad_0065_z	0.222470102761795	0.0671041001706475	193.815315348525	3.31529820377663	0.0010927432866189	bm_minus_fibrillar_z	TRUE		null_smad_0065	smad
null_smad_0066_z	0.0905201863755354	0.0663229044167522	186.66775475074	1.36484050527605	0.173946036577704	basement_membrane_score_z	TRUE		null_smad_0066	smad
null_smad_0066_z	-0.0910234193471272	0.0665214931407248	187.542078370704	-1.36833097168413	0.172845528622346	bm_minus_fibrillar_z	TRUE		null_smad_0066	smad
null_smad_0067_z	0.0440747113866231	0.067796515049597	193.100478073381	0.650102905059057	0.516398420113776	basement_membrane_score_z	TRUE		null_smad_0067	smad
null_smad_0067_z	0.0359805246159413	0.0675507850073607	187.320145321826	0.532644063455675	0.594911272841393	bm_minus_fibrillar_z	TRUE		null_smad_0067	smad
null_smad_0068_z	-0.0707958850660205	0.0668911751085813	196.939200234961	-1.05837406729813	0.291181354450246	basement_membrane_score_z	TRUE		null_smad_0068	smad
null_smad_0068_z	-0.0786032256545715	0.0666755264625394	187.279517305559	-1.17889171371948	0.239936880497231	bm_minus_fibrillar_z	TRUE		null_smad_0068	smad
null_smad_0069_z	0.00785745683609119	0.0670776914158902	188.928863176211	0.117139643154592	0.906873827460916	basement_membrane_score_z	TRUE		null_smad_0069	smad
null_smad_0069_z	-0.00984792329691836	0.0666694316916268	185.4989961363	-0.147712723013285	0.882729923123156	bm_minus_fibrillar_z	TRUE		null_smad_0069	smad
null_smad_0070_z	0.0467839074376224	0.0688116534440849	190.687845045513	0.679883494961187	0.49740277418613	basement_membrane_score_z	TRUE		null_smad_0070	smad
null_smad_0070_z	0.107066601649955	0.0684501853832455	188.953857448846	1.56415356730592	0.119454732928311	bm_minus_fibrillar_z	TRUE		null_smad_0070	smad
null_smad_0071_z	0.0344032572212681	0.0677178284616391	205.218345859504	0.50803839997257	0.611972044723208	basement_membrane_score_z	TRUE		null_smad_0071	smad
null_smad_0071_z	-0.0268073424534806	0.0678845197463137	201.462166274466	-0.394896252542706	0.693337224348426	bm_minus_fibrillar_z	TRUE		null_smad_0071	smad
null_smad_0072_z	0.0407748043428998	0.067047651785403	194.926770539238	0.608146642829584	0.543798152976758	basement_membrane_score_z	TRUE		null_smad_0072	smad
null_smad_0072_z	6.35422187369307e-05	0.066830948922994	190.384340663445	0.000950790311389223	0.999242374716699	bm_minus_fibrillar_z	TRUE		null_smad_0072	smad
null_smad_0073_z	0.0451156085084895	0.0677979728311574	184.521485746764	0.665441850611734	0.506598857798961	basement_membrane_score_z	TRUE		null_smad_0073	smad
null_smad_0073_z	0.113401224874221	0.066824979779497	179.640962000675	1.69698854004015	0.091430714377799	bm_minus_fibrillar_z	TRUE		null_smad_0073	smad
null_smad_0074_z	0.0996599824032295	0.0667817262132779	184.73946587452	1.49232414395743	0.137319933012452	basement_membrane_score_z	TRUE		null_smad_0074	smad
null_smad_0074_z	0.0808957904585316	0.0666494477663964	186.966146975029	1.21375034857105	0.226374085732148	bm_minus_fibrillar_z	TRUE		null_smad_0074	smad
null_smad_0075_z	-0.0119316151528271	0.0668679738370129	196.132697762391	-0.178435422342986	0.858565205007758	basement_membrane_score_z	TRUE		null_smad_0075	smad
null_smad_0075_z	-0.00610000780133821	0.0665677677143446	189.108797208168	-0.0916360576715527	0.927084197730971	bm_minus_fibrillar_z	TRUE		null_smad_0075	smad
null_smad_0076_z	0.103957126755083	0.0674195138658203	192.226488869084	1.54194417601379	0.124731751878088	basement_membrane_score_z	TRUE		null_smad_0076	smad
null_smad_0076_z	0.148242110231889	0.0668082103205008	184.384902448405	2.21892054166281	0.0277121050752151	bm_minus_fibrillar_z	TRUE		null_smad_0076	smad
null_smad_0077_z	0.0230232220927021	0.0664234111790632	179.070259401415	0.346613064340169	0.729288988491505	basement_membrane_score_z	TRUE		null_smad_0077	smad
null_smad_0077_z	-0.127857495519349	0.0661722789860845	170.515157818156	-1.93219120571979	0.0549934088388214	bm_minus_fibrillar_z	TRUE		null_smad_0077	smad
null_smad_0078_z	0.0961256430164526	0.0668986742846106	176.80716884678	1.43688412430268	0.152518135639471	basement_membrane_score_z	TRUE		null_smad_0078	smad
null_smad_0078_z	0.078725398530464	0.0666699695775716	176.804412783561	1.18082247568548	0.23925931139103	bm_minus_fibrillar_z	TRUE		null_smad_0078	smad
null_smad_0079_z	-0.00762850644894627	0.0671197445127895	190.682880696067	-0.113655177091633	0.909630719898705	basement_membrane_score_z	TRUE		null_smad_0079	smad
null_smad_0079_z	-0.0161214264324354	0.0667210760762204	186.927215918103	-0.24162419703811	0.809336225775861	bm_minus_fibrillar_z	TRUE		null_smad_0079	smad
null_smad_0080_z	-0.0222367650813033	0.0666568464011792	187.49609182271	-0.333600616918923	0.739053737095058	basement_membrane_score_z	TRUE		null_smad_0080	smad
null_smad_0080_z	-0.0312517174746494	0.0661648960799814	181.459946116809	-0.472330787565536	0.63725824062336	bm_minus_fibrillar_z	TRUE		null_smad_0080	smad
null_smad_0081_z	-0.0060781304847375	0.0672521769373014	194.252024110602	-0.0903781968337484	0.92807980467551	basement_membrane_score_z	TRUE		null_smad_0081	smad
null_smad_0081_z	0.040115540136733	0.0668626058317398	188.709455414666	0.599969738506513	0.549246157055131	bm_minus_fibrillar_z	TRUE		null_smad_0081	smad
null_smad_0082_z	-0.0417958146197645	0.0672007862167177	200.243133998003	-0.621954250430583	0.53467944865655	basement_membrane_score_z	TRUE		null_smad_0082	smad
null_smad_0082_z	-0.0169819743911188	0.067065060110841	192.243636864663	-0.25321641944482	0.800371554688628	bm_minus_fibrillar_z	TRUE		null_smad_0082	smad
null_smad_0083_z	-0.0247590910718708	0.067169597475865	203.220636928777	-0.36860561924265	0.712805413348683	basement_membrane_score_z	TRUE		null_smad_0083	smad
null_smad_0083_z	-0.0418257327745442	0.0670526044058274	196.232572683772	-0.623774917397679	0.533499832989795	bm_minus_fibrillar_z	TRUE		null_smad_0083	smad
null_smad_0084_z	0.0434522563645842	0.0663134598311695	181.426915519543	0.65525545605992	0.513133264112772	basement_membrane_score_z	TRUE		null_smad_0084	smad
null_smad_0084_z	-0.0920052222378902	0.0657451146357512	178.18083561228	-1.39942294948649	0.163424694267487	bm_minus_fibrillar_z	TRUE		null_smad_0084	smad
null_smad_0085_z	-0.00419482197678195	0.0674916526968895	200.02991235303	-0.0621531968645254	0.950502893671649	basement_membrane_score_z	TRUE		null_smad_0085	smad
null_smad_0085_z	0.0413192614291367	0.0673199844047881	193.499473636574	0.613774079041496	0.540085504740388	bm_minus_fibrillar_z	TRUE		null_smad_0085	smad
null_smad_0086_z	0.0675846968115594	0.067561980516977	197.658542829678	1.00033622896204	0.318370866607142	basement_membrane_score_z	TRUE		null_smad_0086	smad
null_smad_0086_z	0.163032364493321	0.0675413255872794	185.483806561074	2.4138164757019	0.0167587331699923	bm_minus_fibrillar_z	TRUE		null_smad_0086	smad
null_smad_0087_z	-0.0741866223278749	0.0680196202945846	204.738911783173	-1.09066504644663	0.276702215284495	basement_membrane_score_z	TRUE		null_smad_0087	smad
null_smad_0087_z	-0.00232864068881014	0.0681016456828364	195.262892610323	-0.0341936037736167	0.972757695411359	bm_minus_fibrillar_z	TRUE		null_smad_0087	smad
null_smad_0088_z	-0.0516796420704338	0.067810052090527	197.706739624418	-0.76212361555837	0.446894463889453	basement_membrane_score_z	TRUE		null_smad_0088	smad
null_smad_0088_z	0.0234281559993112	0.0676219609512849	189.612855701547	0.346457802609257	0.729382851165226	bm_minus_fibrillar_z	TRUE		null_smad_0088	smad
null_smad_0089_z	0.104342453963621	0.0662526097650239	181.85588157421	1.57491839693092	0.117013339733279	basement_membrane_score_z	TRUE		null_smad_0089	smad
null_smad_0089_z	-0.0179628783033666	0.0662724855563723	185.370376934531	-0.271045791516105	0.786657395983725	bm_minus_fibrillar_z	TRUE		null_smad_0089	smad
null_smad_0090_z	-0.062476353613509	0.0669947509965632	198.449035012532	-0.932555949296894	0.352182477375658	basement_membrane_score_z	TRUE		null_smad_0090	smad
null_smad_0090_z	-0.0359075775246295	0.066900296720007	188.845390666366	-0.536732709496206	0.592084014221114	bm_minus_fibrillar_z	TRUE		null_smad_0090	smad
null_smad_0091_z	-0.00460519358227334	0.0663598092210615	180.014813036201	-0.069397330045544	0.944750382465028	basement_membrane_score_z	TRUE		null_smad_0091	smad
null_smad_0091_z	-0.154441435831954	0.0657965818933134	169.761048336494	-2.3472562158681	0.0200654740278536	bm_minus_fibrillar_z	TRUE		null_smad_0091	smad
null_smad_0092_z	0.140001247467773	0.0669711778742496	209.648417098967	2.0904701382235	0.0377809460042778	basement_membrane_score_z	TRUE		null_smad_0092	smad
null_smad_0092_z	0.00270937871145624	0.0680473913981212	206.846013152365	0.0398160554841055	0.968278179425368	bm_minus_fibrillar_z	TRUE		null_smad_0092	smad
null_smad_0093_z	0.142032352927908	0.0660324163585448	177.99280160898	2.15094889389927	0.0328287316879762	basement_membrane_score_z	TRUE		null_smad_0093	smad
null_smad_0093_z	-0.0429602494510339	0.0663434737929931	180.267338327994	-0.647542960820529	0.51810440285096	bm_minus_fibrillar_z	TRUE		null_smad_0093	smad
null_smad_0094_z	0.0987254407449328	0.0676727530836877	188.833197366808	1.45886544061306	0.14626351764181	basement_membrane_score_z	TRUE		null_smad_0094	smad
null_smad_0094_z	0.147284717492523	0.0664226462790106	185.577889704807	2.21738707720028	0.0278105952260626	bm_minus_fibrillar_z	TRUE		null_smad_0094	smad
null_smad_0095_z	0.0744571301273041	0.0680304250945252	197.600478624845	1.09446810046901	0.275082037471812	basement_membrane_score_z	TRUE		null_smad_0095	smad
null_smad_0095_z	0.114075743196612	0.0677114855649548	191.800099366917	1.68473254197297	0.0936666367707415	bm_minus_fibrillar_z	TRUE		null_smad_0095	smad
null_smad_0096_z	-0.0438253395671586	0.0666298554743211	194.405161432197	-0.657743278222309	0.511481165517299	basement_membrane_score_z	TRUE		null_smad_0096	smad
null_smad_0096_z	-0.0825113626785919	0.0664157863835368	186.048972413658	-1.24234564056965	0.215672704426868	bm_minus_fibrillar_z	TRUE		null_smad_0096	smad
null_smad_0097_z	0.0984432531292491	0.0690586296604802	189.879431305476	1.4255025564978	0.15565377813169	basement_membrane_score_z	TRUE		null_smad_0097	smad
null_smad_0097_z	0.152762897440216	0.068105297427853	187.183427514971	2.24303986928542	0.0260667659962479	bm_minus_fibrillar_z	TRUE		null_smad_0097	smad
null_smad_0098_z	0.0814350774326905	0.0697466464853412	200.337739725182	1.16758412821763	0.244362290352305	basement_membrane_score_z	TRUE		null_smad_0098	smad
null_smad_0098_z	0.170650490950179	0.068495903988042	191.90311838936	2.49139701813368	0.0135723352073623	bm_minus_fibrillar_z	TRUE		null_smad_0098	smad
null_smad_0099_z	-0.0383633625289184	0.0674139530782779	200.081220674184	-0.5690715464256	0.569945843497248	basement_membrane_score_z	TRUE		null_smad_0099	smad
null_smad_0099_z	-0.0399778515521695	0.0673267696009692	190.775836869861	-0.593788351782053	0.553357081348974	bm_minus_fibrillar_z	TRUE		null_smad_0099	smad
null_smad_0100_z	0.142996904851541	0.0678048058069089	197.891815709177	2.1089494048366	0.0362066678677508	basement_membrane_score_z	TRUE		null_smad_0100	smad
null_smad_0100_z	0.156835143416559	0.067486778116418	190.42350446979	2.32393881874181	0.0211839971669341	bm_minus_fibrillar_z	TRUE		null_smad_0100	smad
null_smad_0101_z	0.0135575885910019	0.0682638991211418	186.252439636271	0.198605540637848	0.842787941665858	basement_membrane_score_z	TRUE		null_smad_0101	smad
null_smad_0101_z	-0.00802118957350094	0.0677291512105921	181.584546035447	-0.118430386770394	0.905857557276678	bm_minus_fibrillar_z	TRUE		null_smad_0101	smad
null_smad_0102_z	0.225595852309494	0.066681465855061	202.259779675756	3.38318675836925	0.00086028166557102	basement_membrane_score_z	TRUE		null_smad_0102	smad
null_smad_0102_z	0.211504871139924	0.0674643189948499	198.943650740911	3.1350627159828	0.0019783029993967	bm_minus_fibrillar_z	TRUE		null_smad_0102	smad
null_smad_0103_z	0.0261325395495594	0.0675259988750636	196.29457385194	0.386999673976089	0.699175683778632	basement_membrane_score_z	TRUE		null_smad_0103	smad
null_smad_0103_z	-0.052466385818277	0.0672561571945234	190.018357512301	-0.780097882585377	0.436303886439385	bm_minus_fibrillar_z	TRUE		null_smad_0103	smad
null_smad_0104_z	-0.0708584967249038	0.0670962952190748	189.045755545749	-1.05607167271375	0.292283191297437	basement_membrane_score_z	TRUE		null_smad_0104	smad
null_smad_0104_z	0.0252121257220805	0.0665920435458364	179.355131925252	0.37860567688881	0.70542848249685	bm_minus_fibrillar_z	TRUE		null_smad_0104	smad
null_smad_0105_z	0.188578500669847	0.0670531622800733	191.711527579803	2.81237296284665	0.00542952538943107	basement_membrane_score_z	TRUE		null_smad_0105	smad
null_smad_0105_z	0.150600125892364	0.066953626426501	190.059804907656	2.24931992380856	0.0256393138352544	bm_minus_fibrillar_z	TRUE		null_smad_0105	smad
null_smad_0106_z	0.140197626866765	0.0670307089199021	181.185177313457	2.0915432512327	0.0378735997514664	basement_membrane_score_z	TRUE		null_smad_0106	smad
null_smad_0106_z	0.134593619765551	0.0668514042634884	181.59229052247	2.01332524347676	0.0455570604321783	bm_minus_fibrillar_z	TRUE		null_smad_0106	smad
null_smad_0107_z	0.131911372331604	0.0669829886334895	210.765309892472	1.96932646665534	0.0502257871629614	basement_membrane_score_z	TRUE		null_smad_0107	smad
null_smad_0107_z	-0.0416426074878079	0.0681363245405068	209.449951679403	-0.611166037625811	0.54175237940417	bm_minus_fibrillar_z	TRUE		null_smad_0107	smad
null_smad_0108_z	0.126009845810758	0.0677919615335995	196.356182542674	1.85877267688005	0.0645558129304472	basement_membrane_score_z	TRUE		null_smad_0108	smad
null_smad_0108_z	0.165736400365172	0.0670067352457085	191.356347795977	2.47342897333275	0.0142539475828594	bm_minus_fibrillar_z	TRUE		null_smad_0108	smad
null_smad_0109_z	0.075243812563742	0.0663523863301045	187.301956983065	1.13400311165001	0.258242545063055	basement_membrane_score_z	TRUE		null_smad_0109	smad
null_smad_0109_z	-0.062307513555102	0.0663169176412925	184.03003962608	-0.939541760552303	0.348684200003399	bm_minus_fibrillar_z	TRUE		null_smad_0109	smad
null_smad_0110_z	0.0606519029211672	0.0689002153735326	189.029768116592	0.880286115106487	0.379822114310986	basement_membrane_score_z	TRUE		null_smad_0110	smad
null_smad_0110_z	0.140931853076303	0.067781736192288	183.835042809419	2.07920099120061	0.0389867348859256	bm_minus_fibrillar_z	TRUE		null_smad_0110	smad
null_smad_0111_z	0.212121196955314	0.0664977738316357	196.637488739441	3.18989922117361	0.00165653115139556	basement_membrane_score_z	TRUE		null_smad_0111	smad
null_smad_0111_z	0.16636159856047	0.067152724440581	192.589625817599	2.47736186351861	0.0140971445334051	bm_minus_fibrillar_z	TRUE		null_smad_0111	smad
null_smad_0112_z	-0.0918302228770553	0.0668783742093065	205.251677108593	-1.37309293120162	0.1712216390536	basement_membrane_score_z	TRUE		null_smad_0112	smad
null_smad_0112_z	-0.100826615511393	0.0672274961569632	194.080116730059	-1.49978239968929	0.135295713604731	bm_minus_fibrillar_z	TRUE		null_smad_0112	smad
null_smad_0113_z	0.16254401993423	0.0677112383807792	194.035115080035	2.40054714433299	0.0173152678999946	basement_membrane_score_z	TRUE		null_smad_0113	smad
null_smad_0113_z	0.181683819576358	0.0674143949410284	192.482923820872	2.69503004121432	0.00766095518378338	bm_minus_fibrillar_z	TRUE		null_smad_0113	smad
null_smad_0114_z	0.123895435569019	0.0667530026343115	205.042154885325	1.85602790405919	0.0648844534942799	basement_membrane_score_z	TRUE		null_smad_0114	smad
null_smad_0114_z	-0.0244943375621635	0.0675206237373346	203.524677969704	-0.362768235931146	0.717154474838616	bm_minus_fibrillar_z	TRUE		null_smad_0114	smad
null_smad_0115_z	0.0121316424633425	0.06825273711845	205.854063665047	0.177745874752078	0.859097338127162	basement_membrane_score_z	TRUE		null_smad_0115	smad
null_smad_0115_z	-0.0274965412406429	0.0683207316977493	198.919509915228	-0.402462628214925	0.687775741782198	bm_minus_fibrillar_z	TRUE		null_smad_0115	smad
null_smad_0116_z	-0.0377667265446706	0.0672351522316385	190.344553035429	-0.561711028995021	0.574973703036744	basement_membrane_score_z	TRUE		null_smad_0116	smad
null_smad_0116_z	-0.0652497339551455	0.0666142396182206	183.701832259846	-0.979516306560048	0.328613145999706	bm_minus_fibrillar_z	TRUE		null_smad_0116	smad
null_smad_0117_z	0.044391610346768	0.0674108210269948	199.889173122105	0.658523508102524	0.510959578372285	basement_membrane_score_z	TRUE		null_smad_0117	smad
null_smad_0117_z	0.130886955487808	0.0666137913484864	191.136660804659	1.96486272344236	0.0508792517170282	bm_minus_fibrillar_z	TRUE		null_smad_0117	smad
null_smad_0118_z	0.180995614895037	0.0676893837834083	198.465581043467	2.67391435375131	0.00812178958312541	basement_membrane_score_z	TRUE		null_smad_0118	smad
null_smad_0118_z	0.178345095572996	0.0678662466936944	196.578842256064	2.62789095112235	0.0092698337716048	bm_minus_fibrillar_z	TRUE		null_smad_0118	smad
null_smad_0119_z	0.144133225454813	0.0683825824844739	205.392894338518	2.10774761961554	0.036265677912129	basement_membrane_score_z	TRUE		null_smad_0119	smad
null_smad_0119_z	0.220980233611719	0.0675677146278258	200.211768151489	3.2705003392362	0.001264006494292	bm_minus_fibrillar_z	TRUE		null_smad_0119	smad
null_smad_0120_z	0.236663166655739	0.0674002963556664	200.737635059632	3.51130750830656	0.000550639005744476	basement_membrane_score_z	TRUE		null_smad_0120	smad
null_smad_0120_z	0.229134624989876	0.0682391871717823	197.751102366395	3.35781586045365	0.000942291344502517	bm_minus_fibrillar_z	TRUE		null_smad_0120	smad
null_smad_0121_z	0.0539148719785221	0.0676935493379928	192.768277840628	0.796455090710725	0.426747350732726	basement_membrane_score_z	TRUE		null_smad_0121	smad
null_smad_0121_z	-0.0662509239768972	0.0675488131113161	187.976898492391	-0.980785907632752	0.327958942768395	bm_minus_fibrillar_z	TRUE		null_smad_0121	smad
null_smad_0122_z	0.026054060682229	0.0669834511037838	197.70479096471	0.388962650518872	0.697722368094885	basement_membrane_score_z	TRUE		null_smad_0122	smad
null_smad_0122_z	-0.0582396994683698	0.0669232075242694	190.917809054551	-0.870246684563788	0.385258466473176	bm_minus_fibrillar_z	TRUE		null_smad_0122	smad
null_smad_0123_z	-0.0162827556367976	0.0670375961012088	197.838363019415	-0.242889909301268	0.808342319489017	basement_membrane_score_z	TRUE		null_smad_0123	smad
null_smad_0123_z	-0.0917799249931751	0.0670034122327141	189.992340506031	-1.36977986545533	0.172372311429927	bm_minus_fibrillar_z	TRUE		null_smad_0123	smad
null_smad_0124_z	0.0203248565825553	0.0667798687122854	199.042669261907	0.304356042838644	0.761174618712746	basement_membrane_score_z	TRUE		null_smad_0124	smad
null_smad_0124_z	-0.113768818178231	0.0667110369909573	192.722261778302	-1.70539723724655	0.0897315526246227	bm_minus_fibrillar_z	TRUE		null_smad_0124	smad
null_smad_0125_z	-0.0133841058172492	0.0674826061173132	193.65159710804	-0.198334157308359	0.842991684994268	basement_membrane_score_z	TRUE		null_smad_0125	smad
null_smad_0125_z	0.0283444870110128	0.0670306553035748	187.137550967611	0.422858569450702	0.672883954940448	bm_minus_fibrillar_z	TRUE		null_smad_0125	smad
null_smad_0126_z	0.081887244138746	0.0663138608294245	172.069297931946	1.23484356233428	0.218572294188941	basement_membrane_score_z	TRUE		null_smad_0126	smad
null_smad_0126_z	-0.0324426416378125	0.0659724232571657	175.342783033455	-0.491760648405297	0.623503611914073	bm_minus_fibrillar_z	TRUE		null_smad_0126	smad
null_smad_0127_z	0.110486929391713	0.0661849632305771	182.797305224458	1.66936603117532	0.096756521386697	basement_membrane_score_z	TRUE		null_smad_0127	smad
null_smad_0127_z	-0.0177837539775143	0.066217802131111	185.199561579736	-0.268564546166944	0.788563722641464	bm_minus_fibrillar_z	TRUE		null_smad_0127	smad
null_smad_0128_z	0.000649308585659145	0.0673182960817861	204.383900180272	0.00964535086969951	0.992313650935159	basement_membrane_score_z	TRUE		null_smad_0128	smad
null_smad_0128_z	-0.0113939870099601	0.0673000161072886	196.931693139017	-0.169301400935714	0.86573335055812	bm_minus_fibrillar_z	TRUE		null_smad_0128	smad
null_smad_0129_z	0.0516306533873723	0.0663981094989114	183.819019920385	0.777592220275772	0.437809072602937	basement_membrane_score_z	TRUE		null_smad_0129	smad
null_smad_0129_z	-0.0645570861576241	0.0663104525983051	181.798979642311	-0.973558219376023	0.331569526547902	bm_minus_fibrillar_z	TRUE		null_smad_0129	smad
null_smad_0130_z	0.00286295601075578	0.0676439291514875	194.80628489004	0.0423239165238944	0.966283827865895	basement_membrane_score_z	TRUE		null_smad_0130	smad
null_smad_0130_z	0.0378512933080509	0.0673079054033614	189.530423703072	0.562360291576694	0.574535080641651	bm_minus_fibrillar_z	TRUE		null_smad_0130	smad
null_smad_0131_z	0.0864324294071174	0.0685941667763578	200.725137493358	1.26005509606843	0.209112462454274	basement_membrane_score_z	TRUE		null_smad_0131	smad
null_smad_0131_z	0.18151983416397	0.0673509205387063	193.757419856412	2.6951351624014	0.00765445643918928	bm_minus_fibrillar_z	TRUE		null_smad_0131	smad
null_smad_0132_z	0.0506353717517826	0.0667227239070239	200.12663421935	0.758892455025389	0.44880976872556	basement_membrane_score_z	TRUE		null_smad_0132	smad
null_smad_0132_z	-0.143458176392329	0.0667145387338906	194.268001603178	-2.15032853580165	0.0327649520766937	bm_minus_fibrillar_z	TRUE		null_smad_0132	smad
null_smad_0133_z	0.0267799549293768	0.066585237826485	191.76259565868	0.402190572618557	0.687991713070372	basement_membrane_score_z	TRUE		null_smad_0133	smad
null_smad_0133_z	-0.0447540145331256	0.066301520238265	187.222675454979	-0.675007365929092	0.500503832261652	bm_minus_fibrillar_z	TRUE		null_smad_0133	smad
null_smad_0134_z	0.0987773958419094	0.0680692550249088	194.362085381543	1.45113084910013	0.148355495739122	basement_membrane_score_z	TRUE		null_smad_0134	smad
null_smad_0134_z	0.151827014648712	0.0675029519468548	190.977272466808	2.24919074306921	0.0256421358683338	bm_minus_fibrillar_z	TRUE		null_smad_0134	smad
null_smad_0135_z	-0.0652495301336878	0.0668207358921731	189.068221471088	-0.976486254790418	0.330071299969999	basement_membrane_score_z	TRUE		null_smad_0135	smad
null_smad_0135_z	0.0244153011575668	0.0663139089485651	181.937564436827	0.368177680138023	0.713168761199337	bm_minus_fibrillar_z	TRUE		null_smad_0135	smad
null_smad_0136_z	-0.0353057684008385	0.0673347316665448	191.90502934159	-0.524332206084667	0.600652598537894	basement_membrane_score_z	TRUE		null_smad_0136	smad
null_smad_0136_z	-0.0016989838202244	0.0669410763386068	186.308831507	-0.02538028835435	0.979778797388404	bm_minus_fibrillar_z	TRUE		null_smad_0136	smad
null_smad_0137_z	0.0413124891449817	0.06722823605125	190.552995719108	0.614510978891192	0.539610761702311	basement_membrane_score_z	TRUE		null_smad_0137	smad
null_smad_0137_z	-0.00513553987242888	0.0668593271292757	185.335229766345	-0.0768111210945793	0.938856659469572	bm_minus_fibrillar_z	TRUE		null_smad_0137	smad
null_smad_0138_z	0.0988824405624226	0.0680640188118087	194.350659706193	1.4527858079586	0.147895858292379	basement_membrane_score_z	TRUE		null_smad_0138	smad
null_smad_0138_z	0.17857415029471	0.0664013186556757	189.89371795649	2.68931632548905	0.00779713638121246	bm_minus_fibrillar_z	TRUE		null_smad_0138	smad
null_smad_0139_z	0.0521831207338094	0.0662657457814497	178.678017711253	0.787482584228569	0.4320427787678	basement_membrane_score_z	TRUE		null_smad_0139	smad
null_smad_0139_z	-0.0717421155793264	0.0658539845509609	175.695637118146	-1.08941191741874	0.277464247184853	bm_minus_fibrillar_z	TRUE		null_smad_0139	smad
null_smad_0140_z	-0.0249948345623659	0.0672286489411519	206.851605285341	-0.371788440732238	0.710430941465708	basement_membrane_score_z	TRUE		null_smad_0140	smad
null_smad_0140_z	-0.0956113921931784	0.067418901900766	198.276771980623	-1.41816893330462	0.157711210223132	bm_minus_fibrillar_z	TRUE		null_smad_0140	smad
null_smad_0141_z	-0.0153775080356525	0.0669460193134866	187.647999324068	-0.229700110527029	0.818574997765558	basement_membrane_score_z	TRUE		null_smad_0141	smad
null_smad_0141_z	-0.0754396029045826	0.0664325159140387	180.781003501531	-1.13558250604566	0.257634587969019	bm_minus_fibrillar_z	TRUE		null_smad_0141	smad
null_smad_0142_z	0.171326352660909	0.0685554663292442	203.924709792141	2.49909105479784	0.0132404143238401	basement_membrane_score_z	TRUE		null_smad_0142	smad
null_smad_0142_z	0.229569194705079	0.0678279099143015	197.10656791856	3.38458305725671	0.000860115671434518	bm_minus_fibrillar_z	TRUE		null_smad_0142	smad
null_smad_0143_z	0.131503039824731	0.0665437980622702	180.612733407529	1.97618776886876	0.0496561112404905	basement_membrane_score_z	TRUE		null_smad_0143	smad
null_smad_0143_z	-0.0206901506947078	0.0667141829123395	183.444733657244	-0.31013121635461	0.756813218103733	bm_minus_fibrillar_z	TRUE		null_smad_0143	smad
null_smad_0144_z	0.0132332958634107	0.0679907477033832	192.028299122559	0.194633774600366	0.84588542121756	basement_membrane_score_z	TRUE		null_smad_0144	smad
null_smad_0144_z	0.0656518240970412	0.0673541596159165	187.799400113848	0.974725606724472	0.330950234364786	bm_minus_fibrillar_z	TRUE		null_smad_0144	smad
null_smad_0145_z	0.150794354050297	0.0678731092869648	205.689581939556	2.2217098293338	0.0273928090364644	basement_membrane_score_z	TRUE		null_smad_0145	smad
null_smad_0145_z	0.142053891973003	0.0684779947437855	200.380805323441	2.07444584942222	0.0393156550374078	bm_minus_fibrillar_z	TRUE		null_smad_0145	smad
null_smad_0146_z	0.110628799316925	0.0679650482649742	197.631431346848	1.62773075486709	0.105175161527114	basement_membrane_score_z	TRUE		null_smad_0146	smad
null_smad_0146_z	-0.0141381771018438	0.0683809916797044	195.514066266914	-0.206755953000314	0.836415620744145	bm_minus_fibrillar_z	TRUE		null_smad_0146	smad
null_smad_0147_z	0.131958313874649	0.0677777372773741	200.679147733601	1.94692710579319	0.0529390762225653	basement_membrane_score_z	TRUE		null_smad_0147	smad
null_smad_0147_z	0.211889249191282	0.0670252955543345	196.437641978952	3.16133256017517	0.00181934384721534	bm_minus_fibrillar_z	TRUE		null_smad_0147	smad
null_smad_0148_z	0.0512213476913897	0.0667124289252638	186.018264920202	0.767793176122722	0.443583588906898	basement_membrane_score_z	TRUE		null_smad_0148	smad
null_smad_0148_z	-0.0375653191699546	0.0664707502177905	181.954635239245	-0.565140592619647	0.572674280299315	bm_minus_fibrillar_z	TRUE		null_smad_0148	smad
null_smad_0149_z	0.0557906175142442	0.0665542216166801	194.327350152483	0.838273157720497	0.402907198343811	basement_membrane_score_z	TRUE		null_smad_0149	smad
null_smad_0149_z	-0.114556125935333	0.0664715366430139	189.439951984793	-1.72338615474707	0.0864503277937986	bm_minus_fibrillar_z	TRUE		null_smad_0149	smad
null_smad_0150_z	0.0486674102707658	0.066663300688749	193.980987273473	0.730048013943893	0.466241547836279	basement_membrane_score_z	TRUE		null_smad_0150	smad
null_smad_0150_z	-0.0765365513664589	0.0665359033477073	189.867208920414	-1.1503045350792	0.25146519331223	bm_minus_fibrillar_z	TRUE		null_smad_0150	smad
null_smad_0151_z	-0.0436035458802215	0.0675438285585887	191.737719343013	-0.645559288105782	0.519336599852606	basement_membrane_score_z	TRUE		null_smad_0151	smad
null_smad_0151_z	0.0776002992877236	0.0671616204113343	182.828644135697	1.15542625107103	0.249423689927474	bm_minus_fibrillar_z	TRUE		null_smad_0151	smad
null_smad_0152_z	0.0125613920017248	0.0675168796686804	192.155136069724	0.186048171410856	0.852603241898177	basement_membrane_score_z	TRUE		null_smad_0152	smad
null_smad_0152_z	0.025572626217294	0.0671827233987511	187.810259227459	0.380642893344949	0.703898431269315	bm_minus_fibrillar_z	TRUE		null_smad_0152	smad
null_smad_0153_z	0.122869803006423	0.0678156954779551	203.807307566547	1.81181955210302	0.0714860207866097	basement_membrane_score_z	TRUE		null_smad_0153	smad
null_smad_0153_z	0.13325781156363	0.0679789507334858	196.186353357357	1.96028050044597	0.0513788667006131	bm_minus_fibrillar_z	TRUE		null_smad_0153	smad
null_smad_0154_z	-0.0340912067246631	0.0670533720706905	204.066656165458	-0.50841897539057	0.611708729723603	basement_membrane_score_z	TRUE		null_smad_0154	smad
null_smad_0154_z	-0.0794756116555286	0.0671572017655857	195.509419506983	-1.18342649136783	0.238077116959729	bm_minus_fibrillar_z	TRUE		null_smad_0154	smad
null_smad_0155_z	0.1392446569081	0.0679203500188875	202.950228244625	2.05011689235079	0.0416386656885534	basement_membrane_score_z	TRUE		null_smad_0155	smad
null_smad_0155_z	0.183524150639651	0.0676743266112288	199.955516823101	2.71187257900546	0.00727309412720565	bm_minus_fibrillar_z	TRUE		null_smad_0155	smad
null_smad_0156_z	0.00257205619189359	0.0670804278499099	202.407400160382	0.038342871003275	0.969452100652536	basement_membrane_score_z	TRUE		null_smad_0156	smad
null_smad_0156_z	-0.0745175553333058	0.0671485675668527	194.838327171146	-1.10974154823357	0.268478194324365	bm_minus_fibrillar_z	TRUE		null_smad_0156	smad
null_smad_0157_z	-0.000725929915803016	0.0673746429206959	199.294681513625	-0.0107745270970487	0.991414115397115	basement_membrane_score_z	TRUE		null_smad_0157	smad
null_smad_0157_z	-0.0172435445735681	0.0671791557850368	190.386944394299	-0.256679983129661	0.797702989243011	bm_minus_fibrillar_z	TRUE		null_smad_0157	smad
null_smad_0158_z	0.060488156101916	0.0682882549711291	191.509301593364	0.88577686056686	0.37684864975456	basement_membrane_score_z	TRUE		null_smad_0158	smad
null_smad_0158_z	0.116329376121981	0.0679041042426267	186.398158637267	1.71314204670644	0.0883490767647101	bm_minus_fibrillar_z	TRUE		null_smad_0158	smad
null_smad_0159_z	0.163431572146057	0.0688906687620644	198.332911519001	2.3723324955738	0.0186328443472814	basement_membrane_score_z	TRUE		null_smad_0159	smad
null_smad_0159_z	0.203877273216107	0.0682520686294439	194.217691143047	2.98712225592756	0.00317921962742523	bm_minus_fibrillar_z	TRUE		null_smad_0159	smad
null_smad_0160_z	0.199492434032304	0.0673512541004125	202.603046602882	2.96197059278043	0.00342210470268148	basement_membrane_score_z	TRUE		null_smad_0160	smad
null_smad_0160_z	0.185798074716503	0.0672005681912456	195.452261927993	2.7648289250731	0.00624060068403936	bm_minus_fibrillar_z	TRUE		null_smad_0160	smad
null_smad_0161_z	0.068685780957687	0.0695085034151626	205.435802485822	0.98816371498374	0.324234888006745	basement_membrane_score_z	TRUE		null_smad_0161	smad
null_smad_0161_z	0.0915405199779293	0.0695512972755373	196.729825558478	1.31615834015689	0.189652371826138	bm_minus_fibrillar_z	TRUE		null_smad_0161	smad
null_smad_0162_z	-0.0348903084053363	0.0674431638727154	196.24720440775	-0.517329057562963	0.605509074357513	basement_membrane_score_z	TRUE		null_smad_0162	smad
null_smad_0162_z	0.0158203917866094	0.0670489232882798	186.55483592334	0.235952958089855	0.813728015221659	bm_minus_fibrillar_z	TRUE		null_smad_0162	smad
null_smad_0163_z	0.14546502360964	0.0678429247947239	198.344788530279	2.14414434592526	0.0332382843160172	basement_membrane_score_z	TRUE		null_smad_0163	smad
null_smad_0163_z	0.105292520297514	0.068244038738257	195.04508691552	1.54288231242223	0.124480214437699	bm_minus_fibrillar_z	TRUE		null_smad_0163	smad
null_smad_0164_z	0.0404081018747261	0.0665869772452899	192.748004835684	0.60684691731647	0.54466664819966	basement_membrane_score_z	TRUE		null_smad_0164	smad
null_smad_0164_z	-0.0771011881452677	0.0665012779507288	189.274943103144	-1.15939408265797	0.247756108202532	bm_minus_fibrillar_z	TRUE		null_smad_0164	smad
null_smad_0165_z	0.0774702089598439	0.0673514858597035	189.420593656012	1.15023756300222	0.251496106074492	basement_membrane_score_z	TRUE		null_smad_0165	smad
null_smad_0165_z	0.168094239103351	0.0659226739550425	184.269923019355	2.54986985537005	0.0115902572267971	bm_minus_fibrillar_z	TRUE		null_smad_0165	smad
null_smad_0166_z	0.0232512180878798	0.066494072776928	188.415007794202	0.349673544074855	0.726974241047902	basement_membrane_score_z	TRUE		null_smad_0166	smad
null_smad_0166_z	-0.127819158988791	0.0659516966615586	183.397549814631	-1.93807233868015	0.0541499211945749	bm_minus_fibrillar_z	TRUE		null_smad_0166	smad
null_smad_0167_z	0.195957531365704	0.0691882300683927	207.986620825222	2.83223795683166	0.00507669948684089	basement_membrane_score_z	TRUE		null_smad_0167	smad
null_smad_0167_z	0.238221491588794	0.0688439385469161	203.405750356531	3.46031178077428	0.000657340373086046	bm_minus_fibrillar_z	TRUE		null_smad_0167	smad
null_smad_0168_z	0.108220274296575	0.0673769205467422	194.388160828746	1.6061920523883	0.109854932399165	basement_membrane_score_z	TRUE		null_smad_0168	smad
null_smad_0168_z	0.15339706401161	0.0665631060026765	191.070500107473	2.30453584911501	0.022267552809345	bm_minus_fibrillar_z	TRUE		null_smad_0168	smad
null_smad_0169_z	0.0616187141101455	0.0681937891336263	187.951811881966	0.903582494725482	0.367373466317113	basement_membrane_score_z	TRUE		null_smad_0169	smad
null_smad_0169_z	0.0881943038574235	0.0676689126687349	190.175187159616	1.303320836396	0.194040927865303	bm_minus_fibrillar_z	TRUE		null_smad_0169	smad
null_smad_0170_z	0.113482608361795	0.0686685346329768	204.587893553193	1.65261438835622	0.099943158277876	basement_membrane_score_z	TRUE		null_smad_0170	smad
null_smad_0170_z	0.169330566781854	0.0685030010270163	198.195708540823	2.47187078293217	0.0142837684641289	bm_minus_fibrillar_z	TRUE		null_smad_0170	smad
null_smad_0171_z	0.0682662750509766	0.0674418853275925	182.278244869275	1.01222370518528	0.312772851183466	basement_membrane_score_z	TRUE		null_smad_0171	smad
null_smad_0171_z	-0.0332520737334797	0.0672467314405442	184.516173366323	-0.494478661210163	0.621556383344657	bm_minus_fibrillar_z	TRUE		null_smad_0171	smad
null_smad_0172_z	0.0663822157427343	0.0668330035971947	204.830351995728	0.993255011293862	0.321757597015063	basement_membrane_score_z	TRUE		null_smad_0172	smad
null_smad_0172_z	-0.114426384654147	0.0670619938795774	200.622274514452	-1.70627769970009	0.089503815442699	bm_minus_fibrillar_z	TRUE		null_smad_0172	smad
null_smad_0173_z	-0.0670886692867656	0.0678357182012899	201.711385247278	-0.988987381068074	0.323854161645397	basement_membrane_score_z	TRUE		null_smad_0173	smad
null_smad_0173_z	0.0655664915984625	0.067602412443334	191.796536250772	0.969883902492711	0.333325859945771	bm_minus_fibrillar_z	TRUE		null_smad_0173	smad
null_smad_0174_z	0.119331181029591	0.0682099026675552	186.509322031182	1.74947003826105	0.0818546034444648	basement_membrane_score_z	TRUE		null_smad_0174	smad
null_smad_0174_z	0.120643421890348	0.0677964384393559	186.335667445138	1.77949498037813	0.0767886173621182	bm_minus_fibrillar_z	TRUE		null_smad_0174	smad
null_smad_0175_z	-0.0146390160883405	0.0677424513747822	199.952989454486	-0.216098115601852	0.829131562048185	basement_membrane_score_z	TRUE		null_smad_0175	smad
null_smad_0175_z	-0.0242048064054572	0.0675548880155918	192.731371728321	-0.358298372130684	0.720512171797804	bm_minus_fibrillar_z	TRUE		null_smad_0175	smad
null_smad_0176_z	-0.0262243661642672	0.0667658738818372	192.927152584241	-0.392780991838425	0.694914881237326	basement_membrane_score_z	TRUE		null_smad_0176	smad
null_smad_0176_z	-0.0926328521836966	0.0663071554314149	184.543813512607	-1.39702648350692	0.164083183037611	bm_minus_fibrillar_z	TRUE		null_smad_0176	smad
null_smad_0177_z	0.00334690927025622	0.0677409437314477	202.18713302777	0.0494074792274037	0.960643340644992	basement_membrane_score_z	TRUE		null_smad_0177	smad
null_smad_0177_z	0.0046604583633138	0.0676417966399432	196.743043370462	0.0688990919049858	0.945139916127749	bm_minus_fibrillar_z	TRUE		null_smad_0177	smad
null_smad_0178_z	0.0974867719629865	0.0691627259439028	196.163424864421	1.40952761234508	0.160262605992501	basement_membrane_score_z	TRUE		null_smad_0178	smad
null_smad_0178_z	0.050499428411484	0.0690339772566913	196.369208235231	0.731515558254891	0.465336347612085	bm_minus_fibrillar_z	TRUE		null_smad_0178	smad
null_smad_0179_z	-0.0840733060854628	0.0677707647943755	194.585642880232	-1.24055418793858	0.21626417314008	basement_membrane_score_z	TRUE		null_smad_0179	smad
null_smad_0179_z	0.00262819476124126	0.0675581270322458	184.63700855355	0.038902717951118	0.969009980916067	bm_minus_fibrillar_z	TRUE		null_smad_0179	smad
null_smad_0180_z	0.019371278522824	0.0680543795369752	185.02616172574	0.284644113349078	0.776235139897051	basement_membrane_score_z	TRUE		null_smad_0180	smad
null_smad_0180_z	0.051970618560603	0.0667786405384351	177.711832691441	0.778252119862949	0.437455339964066	bm_minus_fibrillar_z	TRUE		null_smad_0180	smad
null_smad_0181_z	0.0437158877931425	0.0665650312173417	193.258297783802	0.656739537166378	0.512129680033481	basement_membrane_score_z	TRUE		null_smad_0181	smad
null_smad_0181_z	-0.101750227998409	0.0665782348295239	185.594453085168	-1.52828064995932	0.128145377872491	bm_minus_fibrillar_z	TRUE		null_smad_0181	smad
null_smad_0182_z	0.0964371883903651	0.0685786493874873	200.497216517955	1.40622758324489	0.161204494186183	basement_membrane_score_z	TRUE		null_smad_0182	smad
null_smad_0182_z	0.159133029520978	0.0675156880818204	191.002765194371	2.35697856368033	0.0194365044256129	bm_minus_fibrillar_z	TRUE		null_smad_0182	smad
null_smad_0183_z	-0.161051824250723	0.0660375315722847	201.883024469988	-2.43879231122435	0.0156008471726157	basement_membrane_score_z	TRUE		null_smad_0183	smad
null_smad_0183_z	-0.0627298335981455	0.0666521087957021	191.587185744627	-0.941153021735906	0.347811605533453	bm_minus_fibrillar_z	TRUE		null_smad_0183	smad
null_smad_0184_z	0.0495789080246664	0.0683586599964005	197.887383671761	0.72527618340203	0.469139402336779	basement_membrane_score_z	TRUE		null_smad_0184	smad
null_smad_0184_z	0.124192558192251	0.0677322566019594	192.38801445121	1.83358069585796	0.0682613376694399	bm_minus_fibrillar_z	TRUE		null_smad_0184	smad
null_smad_0185_z	-0.0315371200804685	0.0674251965078815	192.59948018911	-0.46773493758794	0.640502965307694	basement_membrane_score_z	TRUE		null_smad_0185	smad
null_smad_0185_z	0.00360352128987318	0.0670201936193792	184.499428346196	0.0537676944107069	0.957178423280385	bm_minus_fibrillar_z	TRUE		null_smad_0185	smad
null_smad_0186_z	0.120475373021003	0.0680474138970558	204.42719652267	1.77046218395988	0.0781405591517117	basement_membrane_score_z	TRUE		null_smad_0186	smad
null_smad_0186_z	0.198140579790409	0.0676569755013574	200.60090736253	2.92860534072253	0.00379871750753782	bm_minus_fibrillar_z	TRUE		null_smad_0186	smad
null_smad_0187_z	0.06801575389085	0.0666417926930594	190.433507606209	1.02061711040876	0.308730703870356	basement_membrane_score_z	TRUE		null_smad_0187	smad
null_smad_0187_z	-0.0818171976585797	0.0664293253144491	186.244804920049	-1.23164276125477	0.219635401220377	bm_minus_fibrillar_z	TRUE		null_smad_0187	smad
null_smad_0188_z	0.0612349949440073	0.0672739392636629	198.637949101787	0.910233526001986	0.363802552175948	basement_membrane_score_z	TRUE		null_smad_0188	smad
null_smad_0188_z	0.0137911670395731	0.0672688380827516	197.531502624331	0.205015686797024	0.837770974545459	bm_minus_fibrillar_z	TRUE		null_smad_0188	smad
null_smad_0189_z	-0.0170341844832534	0.0671519885233683	187.679748333036	-0.253666121552389	0.800031179927451	basement_membrane_score_z	TRUE		null_smad_0189	smad
null_smad_0189_z	-0.0631096630072165	0.0666891647330144	180.413400294485	-0.946325587670378	0.345248275751911	bm_minus_fibrillar_z	TRUE		null_smad_0189	smad
null_smad_0190_z	0.0693195472667207	0.0684204735261383	204.487147057883	1.01314041973473	0.312190365344554	basement_membrane_score_z	TRUE		null_smad_0190	smad
null_smad_0190_z	0.17642271413267	0.0681767113111992	197.267750145826	2.58772696335221	0.0103795841272251	bm_minus_fibrillar_z	TRUE		null_smad_0190	smad
null_smad_0191_z	0.113115156242394	0.0678776512420074	191.736410896746	1.66645654604487	0.0972552669422785	basement_membrane_score_z	TRUE		null_smad_0191	smad
null_smad_0191_z	0.192506078092094	0.0665009121465564	189.394335186329	2.89478853564962	0.00423975115481645	bm_minus_fibrillar_z	TRUE		null_smad_0191	smad
null_smad_0192_z	-0.0594337283429809	0.0679847422202064	190.56326694495	-0.874221573871263	0.383098002767039	basement_membrane_score_z	TRUE		null_smad_0192	smad
null_smad_0192_z	-0.0348050060084998	0.0676735333099009	179.235106010403	-0.514307504074236	0.607670569331329	bm_minus_fibrillar_z	TRUE		null_smad_0192	smad
null_smad_0193_z	0.00559162625966549	0.0670437449276346	205.002059180606	0.0834026539791439	0.933612761351263	basement_membrane_score_z	TRUE		null_smad_0193	smad
null_smad_0193_z	-0.180098944979887	0.0667325229428684	195.909309710286	-2.69881816298291	0.00756647438280658	bm_minus_fibrillar_z	TRUE		null_smad_0193	smad
null_smad_0194_z	0.16606375726352	0.0691667867326736	208.36259445465	2.40091762402305	0.0172327618615254	basement_membrane_score_z	TRUE		null_smad_0194	smad
null_smad_0194_z	0.218570999432882	0.0690229748570457	202.163361234305	3.16664125076566	0.00178080820199832	bm_minus_fibrillar_z	TRUE		null_smad_0194	smad
null_smad_0195_z	-0.00953568913476913	0.0680218014758302	194.589197309673	-0.140185777616569	0.888658207834497	basement_membrane_score_z	TRUE		null_smad_0195	smad
null_smad_0195_z	0.00119950008972034	0.0676197084600718	187.921577316756	0.0177389124714819	0.985865957348242	bm_minus_fibrillar_z	TRUE		null_smad_0195	smad
null_smad_0196_z	0.0975949887571848	0.0673655146367495	187.047982300263	1.44873811598471	0.14908505252682	basement_membrane_score_z	TRUE		null_smad_0196	smad
null_smad_0196_z	0.077775253979003	0.0672411685419836	189.348463133494	1.1566612488366	0.248867973322873	bm_minus_fibrillar_z	TRUE		null_smad_0196	smad
null_smad_0197_z	-0.0715456393119517	0.0673865545749741	193.805653555857	-1.06171980097825	0.289684145979264	basement_membrane_score_z	TRUE		null_smad_0197	smad
null_smad_0197_z	0.0299894524850524	0.0669437684559371	183.948425927342	0.447979747432231	0.654694972968428	bm_minus_fibrillar_z	TRUE		null_smad_0197	smad
null_smad_0198_z	-0.0130415081185656	0.0672144656307217	197.334248587147	-0.194028294299266	0.846353314560193	basement_membrane_score_z	TRUE		null_smad_0198	smad
null_smad_0198_z	-0.0690375931180792	0.0670583783024601	187.372396833775	-1.02951480285867	0.304564939598476	bm_minus_fibrillar_z	TRUE		null_smad_0198	smad
null_smad_0199_z	0.117642914100156	0.0682474825304313	206.959667623015	1.72376928405674	0.0862428489120853	basement_membrane_score_z	TRUE		null_smad_0199	smad
null_smad_0199_z	0.158212800182956	0.0680860837407314	199.779405583237	2.32371714586233	0.0211463497116784	bm_minus_fibrillar_z	TRUE		null_smad_0199	smad
null_smad_0200_z	0.103507549873649	0.0662717919334462	190.892663012453	1.56186435969013	0.119976235067207	basement_membrane_score_z	TRUE		null_smad_0200	smad
null_smad_0200_z	-0.0713673918895928	0.0667217184602169	189.781761132652	-1.06962760457295	0.286145493201939	bm_minus_fibrillar_z	TRUE		null_smad_0200	smad
null_smad_0201_z	-0.0625336324424828	0.067187315310597	197.376705352372	-0.930735692494916	0.353127283732928	basement_membrane_score_z	TRUE		null_smad_0201	smad
null_smad_0201_z	-0.162936180901907	0.066618302642255	184.499911038675	-2.44581705686627	0.0153905548873387	bm_minus_fibrillar_z	TRUE		null_smad_0201	smad
null_smad_0202_z	0.00520670106677697	0.0676227887023255	189.464655580921	0.0769962488488429	0.938707776878665	basement_membrane_score_z	TRUE		null_smad_0202	smad
null_smad_0202_z	-0.0301701428868345	0.0670980688260432	185.911188188709	-0.449642492171463	0.65349203785648	bm_minus_fibrillar_z	TRUE		null_smad_0202	smad
null_smad_0203_z	0.0569544723581882	0.0692607301318723	200.359415009514	0.822319837659045	0.411872430309401	basement_membrane_score_z	TRUE		null_smad_0203	smad
null_smad_0203_z	0.146836776060573	0.0688494515268039	193.288395270197	2.13272252435311	0.0342091530560642	bm_minus_fibrillar_z	TRUE		null_smad_0203	smad
null_smad_0204_z	0.108734534689403	0.069674164295605	209.231326569526	1.56061483892477	0.120125905217537	basement_membrane_score_z	TRUE		null_smad_0204	smad
null_smad_0204_z	0.208358032165706	0.0685066983183738	200.952690847966	3.04142568946173	0.00266852685528254	bm_minus_fibrillar_z	TRUE		null_smad_0204	smad
null_smad_0205_z	0.0456300906882077	0.0690046780051313	202.975715711159	0.66126083053115	0.50919495814092	basement_membrane_score_z	TRUE		null_smad_0205	smad
null_smad_0205_z	0.0809824443681	0.0687350972089104	194.181173158789	1.17818185550776	0.24016594247431	bm_minus_fibrillar_z	TRUE		null_smad_0205	smad
null_smad_0206_z	-0.017824967246748	0.066746436848221	194.549518274882	-0.267054963357539	0.789709712249116	basement_membrane_score_z	TRUE		null_smad_0206	smad
null_smad_0206_z	-0.0446730184159044	0.0664996240306714	188.079776553101	-0.671778511037897	0.502549030209647	bm_minus_fibrillar_z	TRUE		null_smad_0206	smad
null_smad_0207_z	0.15563942244164	0.0673657871527181	197.083423537444	2.31036300501924	0.0219032061567848	basement_membrane_score_z	TRUE		null_smad_0207	smad
null_smad_0207_z	0.160094308904018	0.0672885483788788	192.158243025022	2.37922072568102	0.0183287330766408	bm_minus_fibrillar_z	TRUE		null_smad_0207	smad
null_smad_0208_z	0.00233910545130394	0.0669709545062986	188.7511666026	0.0349271631044761	0.97217472947458	basement_membrane_score_z	TRUE		null_smad_0208	smad
null_smad_0208_z	-0.0262039193003363	0.0665811835708566	184.242109309535	-0.393563434817131	0.694358450079145	bm_minus_fibrillar_z	TRUE		null_smad_0208	smad
null_smad_0209_z	0.113435053018335	0.0671250850702494	182.344397751506	1.68990553828901	0.0927549218030479	basement_membrane_score_z	TRUE		null_smad_0209	smad
null_smad_0209_z	0.0946927460306541	0.0666522702729026	184.870940813963	1.42069798437385	0.157088997980699	bm_minus_fibrillar_z	TRUE		null_smad_0209	smad
null_smad_0210_z	0.0339740783974242	0.0676031137642923	177.514638538985	0.502551975873176	0.615902176449759	basement_membrane_score_z	TRUE		null_smad_0210	smad
null_smad_0210_z	0.00277232813300011	0.0668860578590191	174.697407581199	0.0414485203903564	0.966985665067097	bm_minus_fibrillar_z	TRUE		null_smad_0210	smad
null_smad_0211_z	0.0307465223882918	0.066653133150041	187.950398178047	0.461291479262935	0.645122886057789	basement_membrane_score_z	TRUE		null_smad_0211	smad
null_smad_0211_z	-0.104184490100721	0.0665797481531642	183.146620380891	-1.56480751265458	0.119354266025896	bm_minus_fibrillar_z	TRUE		null_smad_0211	smad
null_smad_0212_z	0.0268771456302264	0.0685044705909927	203.035672571223	0.392341483677714	0.695217465148694	basement_membrane_score_z	TRUE		null_smad_0212	smad
null_smad_0212_z	-0.0444220703445215	0.0685781823120683	197.008897943589	-0.647758060171043	0.517895600253683	bm_minus_fibrillar_z	TRUE		null_smad_0212	smad
null_smad_0213_z	0.0115272765916423	0.0680177369043194	209.91110537316	0.169474568197671	0.865586583878703	basement_membrane_score_z	TRUE		null_smad_0213	smad
null_smad_0213_z	-0.0281155424985811	0.0683802446455209	206.261376334003	-0.411164695948813	0.681378647092075	bm_minus_fibrillar_z	TRUE		null_smad_0213	smad
null_smad_0214_z	0.102954608496533	0.067698059332094	182.919142282731	1.52079113511197	0.130038969971214	basement_membrane_score_z	TRUE		null_smad_0214	smad
null_smad_0214_z	-0.0391153552492223	0.0676798732591391	182.0746156918	-0.57794663857383	0.564014231417216	bm_minus_fibrillar_z	TRUE		null_smad_0214	smad
null_smad_0215_z	0.193583955512645	0.0693028054161281	208.561889859663	2.79330619230018	0.00570289925149626	basement_membrane_score_z	TRUE		null_smad_0215	smad
null_smad_0215_z	0.200776364983416	0.0695834777422957	203.968325436689	2.88540284989775	0.00432943034269396	bm_minus_fibrillar_z	TRUE		null_smad_0215	smad
null_smad_0216_z	-0.0409742076315773	0.0673150643034433	195.122097264949	-0.608692988049057	0.543435924418648	basement_membrane_score_z	TRUE		null_smad_0216	smad
null_smad_0216_z	0.0171495311755882	0.0669346120569808	188.804608587995	0.256213200443874	0.798065164146282	bm_minus_fibrillar_z	TRUE		null_smad_0216	smad
null_smad_0217_z	0.0628518887586543	0.0673581920483409	208.226246201587	0.933099402572258	0.351849357678716	basement_membrane_score_z	TRUE		null_smad_0217	smad
null_smad_0217_z	-0.102005899621531	0.0677354728048939	205.161506325142	-1.5059450447087	0.13361936536396	bm_minus_fibrillar_z	TRUE		null_smad_0217	smad
null_smad_0218_z	-0.00809335005524848	0.0679682653900148	190.424114655062	-0.119075424520654	0.90534112440195	basement_membrane_score_z	TRUE		null_smad_0218	smad
null_smad_0218_z	0.00320249842084443	0.067526150899539	185.264645480547	0.0474260472155284	0.962224755030536	bm_minus_fibrillar_z	TRUE		null_smad_0218	smad
null_smad_0219_z	0.0868892438497872	0.0663041523706952	187.494144508518	1.31046458997024	0.191641743876147	basement_membrane_score_z	TRUE		null_smad_0219	smad
null_smad_0219_z	-0.0673633036761367	0.0662694939408743	188.044675847146	-1.01650547891973	0.310694813178308	bm_minus_fibrillar_z	TRUE		null_smad_0219	smad
null_smad_0220_z	-0.0889317165605254	0.0668822034935399	204.450311184076	-1.32967683352591	0.185106390487381	basement_membrane_score_z	TRUE		null_smad_0220	smad
null_smad_0220_z	-0.0826641197086628	0.0671226834512958	193.62621128993	-1.23153776723846	0.219615438825116	bm_minus_fibrillar_z	TRUE		null_smad_0220	smad
null_smad_0221_z	0.0287550089640626	0.0674441329249249	196.778063334554	0.426353008290153	0.67031666709171	basement_membrane_score_z	TRUE		null_smad_0221	smad
null_smad_0221_z	0.100944778705288	0.066763109191716	188.117349311999	1.511984386698	0.132215914212481	bm_minus_fibrillar_z	TRUE		null_smad_0221	smad
null_smad_0222_z	0.224724496722685	0.0681749344923592	200.989194291089	3.29629208148152	0.00115821496286984	basement_membrane_score_z	TRUE		null_smad_0222	smad
null_smad_0222_z	0.238503283206324	0.068727316365267	197.239272060258	3.47028366332164	0.000638555975434249	bm_minus_fibrillar_z	TRUE		null_smad_0222	smad
null_smad_0223_z	0.123865075231933	0.0680279271981053	197.493539753737	1.82079743325448	0.0701510516844104	basement_membrane_score_z	TRUE		null_smad_0223	smad
null_smad_0223_z	0.0387073617116419	0.0684103807262948	194.555938143187	0.56581123070353	0.57217410062698	bm_minus_fibrillar_z	TRUE		null_smad_0223	smad
null_smad_0224_z	0.0352762062587773	0.0665581047997958	190.96021577086	0.530006170771941	0.596723359334936	basement_membrane_score_z	TRUE		null_smad_0224	smad
null_smad_0224_z	-0.0388514504906072	0.0662271189460551	185.862523694056	-0.586639598836444	0.558157619372494	bm_minus_fibrillar_z	TRUE		null_smad_0224	smad
null_smad_0225_z	0.052993836313673	0.0664910071626026	188.996290170131	0.797007574032944	0.426446738432866	basement_membrane_score_z	TRUE		null_smad_0225	smad
null_smad_0225_z	-0.110979610535706	0.0662136599966725	183.926212569979	-1.67608331183148	0.0954208802339557	bm_minus_fibrillar_z	TRUE		null_smad_0225	smad
null_smad_0226_z	0.0228349956556092	0.0677144190384112	188.051535875892	0.33722501026932	0.736323371188655	basement_membrane_score_z	TRUE		null_smad_0226	smad
null_smad_0226_z	0.0260158196162779	0.0672174312104061	185.492155446449	0.387039777447644	0.699170441721512	bm_minus_fibrillar_z	TRUE		null_smad_0226	smad
null_smad_0227_z	-0.0881324409189673	0.0676442732048658	201.644301121715	-1.30288103845911	0.194101269822816	basement_membrane_score_z	TRUE		null_smad_0227	smad
null_smad_0227_z	-0.0442046589397379	0.0677796426814982	191.543694541752	-0.652181941227679	0.515065667008753	bm_minus_fibrillar_z	TRUE		null_smad_0227	smad
null_smad_0228_z	-0.0469532936412096	0.0681631028990025	204.638693820401	-0.688837386273046	0.491705828184695	basement_membrane_score_z	TRUE		null_smad_0228	smad
null_smad_0228_z	0.0114811533344438	0.0681504241830034	195.985354633093	0.16846781912338	0.866388990609719	bm_minus_fibrillar_z	TRUE		null_smad_0228	smad
null_smad_0229_z	0.00836895125026895	0.0671702593764009	189.37465957795	0.124593106055643	0.900977840219071	basement_membrane_score_z	TRUE		null_smad_0229	smad
null_smad_0229_z	0.0160799718264404	0.0667116040138154	186.187268647913	0.241037103876417	0.809791586513201	bm_minus_fibrillar_z	TRUE		null_smad_0229	smad
null_smad_0230_z	-0.0388080409884197	0.06703533170272	205.305759654994	-0.578919205778244	0.563278283474847	basement_membrane_score_z	TRUE		null_smad_0230	smad
null_smad_0230_z	-0.0515180874152664	0.0671696660948683	196.747319544268	-0.766984420355818	0.444010148916085	bm_minus_fibrillar_z	TRUE		null_smad_0230	smad
null_smad_0231_z	0.0203480856102046	0.0674920601224252	183.009507426263	0.301488583594793	0.763384250826514	basement_membrane_score_z	TRUE		null_smad_0231	smad
null_smad_0231_z	-0.00371304477373301	0.0669224897828541	181.009304071695	-0.0554827649984462	0.95581505322745	bm_minus_fibrillar_z	TRUE		null_smad_0231	smad
null_smad_0232_z	0.164198992300889	0.0688864556190444	201.695942821857	2.38361795254704	0.0180711151258634	basement_membrane_score_z	TRUE		null_smad_0232	smad
null_smad_0232_z	0.198573499109735	0.0690931813597359	198.19891713301	2.87399559843475	0.00449530923063682	bm_minus_fibrillar_z	TRUE		null_smad_0232	smad
null_smad_0233_z	0.109372337100044	0.0671853156904374	192.459085153489	1.62792026763686	0.105177721044511	basement_membrane_score_z	TRUE		null_smad_0233	smad
null_smad_0233_z	0.156038575858021	0.0662884453982555	187.722363816511	2.35393325217621	0.0196097142367732	bm_minus_fibrillar_z	TRUE		null_smad_0233	smad
null_smad_0234_z	0.0211328593181242	0.0673943337785488	199.586899813307	0.313570268200361	0.754174911075127	basement_membrane_score_z	TRUE		null_smad_0234	smad
null_smad_0234_z	-0.0692157380357756	0.0672310198897686	194.114403251318	-1.02952086922467	0.304516064994428	bm_minus_fibrillar_z	TRUE		null_smad_0234	smad
null_smad_0235_z	-0.0283424885751586	0.0674192568136741	203.587388848361	-0.420391590098485	0.674642787912341	basement_membrane_score_z	TRUE		null_smad_0235	smad
null_smad_0235_z	-0.0348436670361575	0.0674309198600557	195.870092577321	-0.51673130232349	0.605926685266428	bm_minus_fibrillar_z	TRUE		null_smad_0235	smad
null_smad_0236_z	0.0357968761416019	0.0663897836155004	180.572424572031	0.539192541263897	0.590418190923625	basement_membrane_score_z	TRUE		null_smad_0236	smad
null_smad_0236_z	-0.039186755453539	0.0659878301842904	178.896528642778	-0.593848219347393	0.553363786965524	bm_minus_fibrillar_z	TRUE		null_smad_0236	smad
null_smad_0237_z	0.134658618803027	0.0663744352890066	195.925748733369	2.02877234611034	0.0438347157465208	basement_membrane_score_z	TRUE		null_smad_0237	smad
null_smad_0237_z	-0.0295957403367047	0.0668865620911668	195.797584339769	-0.442476626267104	0.658632738677275	bm_minus_fibrillar_z	TRUE		null_smad_0237	smad
null_smad_0238_z	-0.131511870302054	0.067118987049832	204.35206612356	-1.95938401460699	0.051427773015063	basement_membrane_score_z	TRUE		null_smad_0238	smad
null_smad_0238_z	-0.00881314355376411	0.0674831724204348	191.593932513853	-0.130597647349124	0.896230624638476	bm_minus_fibrillar_z	TRUE		null_smad_0238	smad
null_smad_0239_z	-0.0328968595795362	0.0667061566627267	194.288321857245	-0.493160769940115	0.62245593471982	basement_membrane_score_z	TRUE		null_smad_0239	smad
null_smad_0239_z	0.0338118626122148	0.0663492886045434	186.791699033185	0.509603996114277	0.610930463380373	bm_minus_fibrillar_z	TRUE		null_smad_0239	smad
null_smad_0240_z	0.0964454567876056	0.0687139467096998	197.335089443749	1.40357906081374	0.162015891435341	basement_membrane_score_z	TRUE		null_smad_0240	smad
null_smad_0240_z	0.038425670461495	0.068696435356755	194.663883859208	0.559354648635588	0.576562688160911	bm_minus_fibrillar_z	TRUE		null_smad_0240	smad
null_smad_0241_z	0.0319653151630929	0.0664313251044386	183.58923957055	0.481178346402684	0.630962738536057	basement_membrane_score_z	TRUE		null_smad_0241	smad
null_smad_0241_z	-0.0914783070584178	0.0659366309958811	179.825641099346	-1.38736701703992	0.167046835599177	bm_minus_fibrillar_z	TRUE		null_smad_0241	smad
null_smad_0242_z	0.078616501254388	0.0674077212858334	192.188295399032	1.16628332414658	0.244945135219285	basement_membrane_score_z	TRUE		null_smad_0242	smad
null_smad_0242_z	0.159548794739283	0.0665241552536712	186.732701681891	2.3983588236617	0.0174533998613961	bm_minus_fibrillar_z	TRUE		null_smad_0242	smad
null_smad_0243_z	0.177314455878445	0.068334457061994	197.814637027821	2.59480302474025	0.0101733618932784	basement_membrane_score_z	TRUE		null_smad_0243	smad
null_smad_0243_z	0.182404414257603	0.068611511993208	194.491203893401	2.65851034263259	0.00850219325319234	bm_minus_fibrillar_z	TRUE		null_smad_0243	smad
null_smad_0244_z	-0.00675446965795996	0.0672661895567308	202.231959810291	-0.100414037162955	0.920115102491157	basement_membrane_score_z	TRUE		null_smad_0244	smad
null_smad_0244_z	-0.0213123760893716	0.0671811068766977	194.528527859109	-0.317237644334854	0.751403515453987	bm_minus_fibrillar_z	TRUE		null_smad_0244	smad
null_smad_0245_z	0.112310482997876	0.0684098863250625	183.879314442615	1.64172883527698	0.102355401900853	basement_membrane_score_z	TRUE		null_smad_0245	smad
null_smad_0245_z	-0.004705129805812	0.068560085037619	184.207490201383	-0.0686278291987282	0.945360304335345	bm_minus_fibrillar_z	TRUE		null_smad_0245	smad
null_smad_0246_z	0.114408695496561	0.0674541858724534	186.523902315653	1.69609482372069	0.0915362558690799	basement_membrane_score_z	TRUE		null_smad_0246	smad
null_smad_0246_z	0.143789346667024	0.0669408373545275	187.769944304271	2.14800639414617	0.0329946044800039	bm_minus_fibrillar_z	TRUE		null_smad_0246	smad
null_smad_0247_z	0.0133934218150983	0.0676746906061088	191.806391896381	0.19790887398441	0.843325950705826	basement_membrane_score_z	TRUE		null_smad_0247	smad
null_smad_0247_z	0.0234267750551549	0.06713677485414	186.735519787728	0.348941025333008	0.727526721112775	bm_minus_fibrillar_z	TRUE		null_smad_0247	smad
null_smad_0248_z	0.0300546396385353	0.0674242467542292	197.538607680403	0.445754177248559	0.656262982893326	basement_membrane_score_z	TRUE		null_smad_0248	smad
null_smad_0248_z	0.0622022703778119	0.0672420113919152	192.23612646601	0.92505070996866	0.356099297927599	bm_minus_fibrillar_z	TRUE		null_smad_0248	smad
null_smad_0249_z	0.0398824110368016	0.0678565653740875	197.808573568411	0.587745796105849	0.557373289434824	basement_membrane_score_z	TRUE		null_smad_0249	smad
null_smad_0249_z	0.0719107777460616	0.0672852832436138	194.020667080673	1.06874452004164	0.286512679852436	bm_minus_fibrillar_z	TRUE		null_smad_0249	smad
null_smad_0250_z	0.0158484364639666	0.0679837918219097	201.166042036338	0.233120807757871	0.815904629095417	basement_membrane_score_z	TRUE		null_smad_0250	smad
null_smad_0250_z	0.097010937499907	0.0675283693233325	193.204420861782	1.4365952927933	0.152450337677612	bm_minus_fibrillar_z	TRUE		null_smad_0250	smad
null_smad_0251_z	0.00614452366022569	0.0676331782203272	192.172908425271	0.0908507306903248	0.927705824871192	basement_membrane_score_z	TRUE		null_smad_0251	smad
null_smad_0251_z	0.00106065649260088	0.0672582645734104	187.698789033624	0.0157699057406276	0.987434707020588	bm_minus_fibrillar_z	TRUE		null_smad_0251	smad
null_smad_0252_z	-0.000519139822627678	0.0673388320773474	203.245038834747	-0.00770936778397609	0.993856437164119	basement_membrane_score_z	TRUE		null_smad_0252	smad
null_smad_0252_z	-0.0211901910604807	0.0673210182837311	198.040727225606	-0.314763377035869	0.753272699693016	bm_minus_fibrillar_z	TRUE		null_smad_0252	smad
null_smad_0253_z	-0.00370498293852025	0.066711050257776	198.144535608326	-0.0555377695929527	0.955766000593413	basement_membrane_score_z	TRUE		null_smad_0253	smad
null_smad_0253_z	-0.132131907476224	0.0666728677539268	187.707043673609	-1.98179427295508	0.0489618150344316	bm_minus_fibrillar_z	TRUE		null_smad_0253	smad
null_smad_0254_z	0.019068567045764	0.066978436000816	196.894164747623	0.284697108268274	0.776175420146779	basement_membrane_score_z	TRUE		null_smad_0254	smad
null_smad_0254_z	-0.0435346732895011	0.0668847550269703	193.546895286954	-0.650890823655501	0.515888946251938	bm_minus_fibrillar_z	TRUE		null_smad_0254	smad
null_smad_0255_z	-0.00303058374104616	0.0671253598627108	189.573173952233	-0.0451481190900802	0.96403676913673	basement_membrane_score_z	TRUE		null_smad_0255	smad
null_smad_0255_z	-0.00874407213658252	0.0666637953609602	184.648858771504	-0.131166731345501	0.895786213659702	bm_minus_fibrillar_z	TRUE		null_smad_0255	smad
null_smad_0256_z	-0.00577302334241681	0.0675289523467571	196.736514907895	-0.0854896032263713	0.931959097653045	basement_membrane_score_z	TRUE		null_smad_0256	smad
null_smad_0256_z	-0.0267989437877913	0.0673081161590175	189.487559433514	-0.398153229017404	0.690965472913702	bm_minus_fibrillar_z	TRUE		null_smad_0256	smad
null_smad_0257_z	0.0340335416893891	0.0676347358029699	194.953185167632	0.503196194756107	0.615394380585895	basement_membrane_score_z	TRUE		null_smad_0257	smad
null_smad_0257_z	-0.0539653156995978	0.0675341713796285	191.328603838213	-0.799081629302055	0.425233941388447	bm_minus_fibrillar_z	TRUE		null_smad_0257	smad
null_smad_0258_z	-0.00623301674830015	0.0674889633873814	197.814016420514	-0.0923560895805011	0.926508590311036	basement_membrane_score_z	TRUE		null_smad_0258	smad
null_smad_0258_z	0.0381984963541003	0.0672655969607835	192.671055753361	0.567875676125649	0.570780550057952	bm_minus_fibrillar_z	TRUE		null_smad_0258	smad
null_smad_0259_z	0.0288563266370706	0.067397051194648	199.297086427702	0.428154142140896	0.669001233451617	basement_membrane_score_z	TRUE		null_smad_0259	smad
null_smad_0259_z	0.0358478539821538	0.0672949035925233	195.326354300156	0.532697902343627	0.59484821412618	bm_minus_fibrillar_z	TRUE		null_smad_0259	smad
null_smad_0260_z	-0.00252366643601437	0.0681311425169554	183.573352210867	-0.0370413050887311	0.970492320722068	basement_membrane_score_z	TRUE		null_smad_0260	smad
null_smad_0260_z	0.0657664679587078	0.0671385368061375	181.853896553416	0.979563617071495	0.32860291868612	bm_minus_fibrillar_z	TRUE		null_smad_0260	smad
null_smad_0261_z	0.00837179437104098	0.0683923678010064	189.743395861503	0.122408313094225	0.90270520551033	basement_membrane_score_z	TRUE		null_smad_0261	smad
null_smad_0261_z	0.0799114682129558	0.0671870480545066	183.558612468172	1.18938799258045	0.23582326232254	bm_minus_fibrillar_z	TRUE		null_smad_0261	smad
null_smad_0262_z	-0.0720099213559173	0.0666953580938647	201.389578703986	-1.07968415514874	0.28157420454854	basement_membrane_score_z	TRUE		null_smad_0262	smad
null_smad_0262_z	-0.0601888873670513	0.0667499677190299	191.640783662246	-0.90170661385791	0.368344592026533	bm_minus_fibrillar_z	TRUE		null_smad_0262	smad
null_smad_0263_z	0.0908626407515377	0.0680061508845701	207.320219611415	1.33609444983532	0.182983091382424	basement_membrane_score_z	TRUE		null_smad_0263	smad
null_smad_0263_z	0.0298018489862958	0.0684650644146226	204.968950084363	0.4352854881698	0.66381321727555	bm_minus_fibrillar_z	TRUE		null_smad_0263	smad
null_smad_0264_z	-0.0926491864648182	0.0668424131670197	205.293345286708	-1.38608380629998	0.167224981081806	basement_membrane_score_z	TRUE		null_smad_0264	smad
null_smad_0264_z	-0.107823502876699	0.0669730279426529	194.939388029844	-1.60995412913128	0.109025978788344	bm_minus_fibrillar_z	TRUE		null_smad_0264	smad
null_smad_0265_z	0.017757659430468	0.0666371923431275	194.860377981197	0.266482707420062	0.790149251791728	basement_membrane_score_z	TRUE		null_smad_0265	smad
null_smad_0265_z	-0.072559103915891	0.0665297788000003	188.527581895324	-1.09062596065464	0.276829452999866	bm_minus_fibrillar_z	TRUE		null_smad_0265	smad
null_smad_0266_z	0.0471497370435487	0.0677167265393982	196.002992881933	0.696279035521845	0.487078952298393	basement_membrane_score_z	TRUE		null_smad_0266	smad
null_smad_0266_z	0.0590101445201235	0.0672119773537694	190.347940146517	0.877970665994906	0.381066482567107	bm_minus_fibrillar_z	TRUE		null_smad_0266	smad
null_smad_0267_z	0.008671229696283	0.0681595815199113	190.265074676148	0.127219526630308	0.89890100243488	basement_membrane_score_z	TRUE		null_smad_0267	smad
null_smad_0267_z	0.01297556325363	0.0677433629002387	186.265479399236	0.191539992969323	0.848311185698342	bm_minus_fibrillar_z	TRUE		null_smad_0267	smad
null_smad_0268_z	-0.0239982648078842	0.0681209394048224	206.09025986732	-0.352289105487369	0.724981445465019	basement_membrane_score_z	TRUE		null_smad_0268	smad
null_smad_0268_z	-0.0404916999751134	0.068175954983529	198.181105013097	-0.593929340408889	0.553236701616638	bm_minus_fibrillar_z	TRUE		null_smad_0268	smad
null_smad_0269_z	-0.0358554906984971	0.0670617541319833	187.206545792067	-0.534663776135806	0.593516810614223	basement_membrane_score_z	TRUE		null_smad_0269	smad
null_smad_0269_z	0.0349196532976979	0.066492429190619	181.15414208424	0.525167356987229	0.600109012609465	bm_minus_fibrillar_z	TRUE		null_smad_0269	smad
null_smad_0270_z	0.0331119809522301	0.0678317416872354	191.125403318131	0.488148765292003	0.6260040267504	basement_membrane_score_z	TRUE		null_smad_0270	smad
null_smad_0270_z	0.0848147764238162	0.0673045465453549	187.199453865672	1.26016414606793	0.209178768699445	bm_minus_fibrillar_z	TRUE		null_smad_0270	smad
null_smad_0271_z	0.0470928047343776	0.0671136251341297	198.070745259528	0.70168769218263	0.483697605329388	basement_membrane_score_z	TRUE		null_smad_0271	smad
null_smad_0271_z	0.0358039069192468	0.0668691114718506	194.152971643461	0.535432670349133	0.592963479395184	bm_minus_fibrillar_z	TRUE		null_smad_0271	smad
null_smad_0272_z	0.16133866529857	0.0688670868343849	198.314233103362	2.34275432161906	0.0201330607843399	basement_membrane_score_z	TRUE		null_smad_0272	smad
null_smad_0272_z	0.189121017255921	0.0690409922059875	195.466136795698	2.73925694305882	0.00672743090111703	bm_minus_fibrillar_z	TRUE		null_smad_0272	smad
null_smad_0273_z	0.0996599824032295	0.0667817262132779	184.73946587452	1.49232414395743	0.137319933012452	basement_membrane_score_z	TRUE		null_smad_0273	smad
null_smad_0273_z	0.0808957904585316	0.0666494477663964	186.966146975029	1.21375034857105	0.226374085732148	bm_minus_fibrillar_z	TRUE		null_smad_0273	smad
null_smad_0274_z	-0.0324804944158822	0.0672641314222717	197.29558506109	-0.482879860768226	0.629716414676321	basement_membrane_score_z	TRUE		null_smad_0274	smad
null_smad_0274_z	0.0144437495638075	0.0670077089092019	189.729581993865	0.215553550463564	0.829567311746633	bm_minus_fibrillar_z	TRUE		null_smad_0274	smad
null_smad_0275_z	0.0513406575322542	0.066623076783306	194.728543961808	0.77061372742123	0.441869874926904	basement_membrane_score_z	TRUE		null_smad_0275	smad
null_smad_0275_z	-0.0547836632355502	0.0666384438078302	189.782205331503	-0.822102979978548	0.412049942884849	bm_minus_fibrillar_z	TRUE		null_smad_0275	smad
null_smad_0276_z	-0.0656260466896692	0.0670788571311865	193.826540653199	-0.978341753219258	0.329124838622992	basement_membrane_score_z	TRUE		null_smad_0276	smad
null_smad_0276_z	0.0134629427530692	0.0667578996673985	184.873083804639	0.20166815942599	0.840397884458591	bm_minus_fibrillar_z	TRUE		null_smad_0276	smad
null_smad_0277_z	-0.0188272239485058	0.0689151484153551	200.789746123926	-0.273194274138875	0.784984667963204	basement_membrane_score_z	TRUE		null_smad_0277	smad
null_smad_0277_z	0.0890154391659052	0.0682820185217936	192.189711162894	1.30364393280925	0.193914414775643	bm_minus_fibrillar_z	TRUE		null_smad_0277	smad
null_smad_0278_z	0.0550648432563494	0.0688621033939244	189.755793146244	0.799639286958052	0.424919677158166	basement_membrane_score_z	TRUE		null_smad_0278	smad
null_smad_0278_z	-0.0444005162174658	0.0686104776232389	184.32825206823	-0.647139004938614	0.518347066679997	bm_minus_fibrillar_z	TRUE		null_smad_0278	smad
null_smad_0279_z	0.028759211689406	0.0666631181624176	196.788091766656	0.431411138304951	0.666641691125094	basement_membrane_score_z	TRUE		null_smad_0279	smad
null_smad_0279_z	-0.0567076580541184	0.0665374131020963	190.932408282063	-0.852267249511265	0.395133543923834	bm_minus_fibrillar_z	TRUE		null_smad_0279	smad
null_smad_0280_z	0.0382392008468051	0.0666882137861184	186.506314258817	0.573402685059843	0.567062819134149	basement_membrane_score_z	TRUE		null_smad_0280	smad
null_smad_0280_z	-0.127793626550145	0.0662493361540428	181.635683005797	-1.92897972974401	0.0552921498418287	bm_minus_fibrillar_z	TRUE		null_smad_0280	smad
null_smad_0281_z	0.157258462800063	0.0678419502833248	200.399133299097	2.31801211703544	0.0214577719746679	basement_membrane_score_z	TRUE		null_smad_0281	smad
null_smad_0281_z	0.163152770052738	0.0680381558513401	196.937511742526	2.39795990957219	0.0174203114505117	bm_minus_fibrillar_z	TRUE		null_smad_0281	smad
null_smad_0282_z	0.110152205730573	0.0672771976625759	198.662401250511	1.63728885205704	0.10315315152162	basement_membrane_score_z	TRUE		null_smad_0282	smad
null_smad_0282_z	0.134280229087038	0.0671140456039923	191.393765483445	2.00077685495761	0.0468295900183789	bm_minus_fibrillar_z	TRUE		null_smad_0282	smad
null_smad_0283_z	-0.0557960783313555	0.0671493652694734	180.662237543636	-0.830924880785445	0.407112858561126	basement_membrane_score_z	TRUE		null_smad_0283	smad
null_smad_0283_z	-0.0188479138782079	0.0665494011335404	174.746591026922	-0.283216881852731	0.777345822980814	bm_minus_fibrillar_z	TRUE		null_smad_0283	smad
null_smad_0284_z	0.0432740611748413	0.0665078745405964	188.271351567065	0.650660714595935	0.51605879135144	basement_membrane_score_z	TRUE		null_smad_0284	smad
null_smad_0284_z	-0.0680814357154694	0.0663654327189841	184.746490144095	-1.02585687949556	0.306300359129297	bm_minus_fibrillar_z	TRUE		null_smad_0284	smad
null_smad_0285_z	0.0354953463395716	0.0666607456934028	188.454177130994	0.532477486868024	0.595022586558245	basement_membrane_score_z	TRUE		null_smad_0285	smad
null_smad_0285_z	-0.0100930649249725	0.0662828436178355	184.752714140145	-0.152272660225106	0.879138048959369	bm_minus_fibrillar_z	TRUE		null_smad_0285	smad
null_smad_0286_z	0.0782531890729066	0.0677137504122272	202.201019069014	1.15564694905418	0.249189315143983	basement_membrane_score_z	TRUE		null_smad_0286	smad
null_smad_0286_z	0.10750241458099	0.0676859004691731	195.068706371025	1.58825418345363	0.113848388898451	bm_minus_fibrillar_z	TRUE		null_smad_0286	smad
null_smad_0287_z	0.089100434642646	0.068192657296875	193.596198476348	1.30659865995175	0.192899095082733	basement_membrane_score_z	TRUE		null_smad_0287	smad
null_smad_0287_z	0.0167083824194163	0.0682222977976752	192.6099587446	0.244910871647388	0.806786170842054	bm_minus_fibrillar_z	TRUE		null_smad_0287	smad
null_smad_0288_z	0.0521083412261326	0.0691981282350382	188.397912623959	0.753031079816805	0.452371184699237	basement_membrane_score_z	TRUE		null_smad_0288	smad
null_smad_0288_z	0.0914225179125114	0.0685532082238628	189.664926897433	1.33359940812643	0.183934525191859	bm_minus_fibrillar_z	TRUE		null_smad_0288	smad
null_smad_0289_z	0.0510636133551435	0.0667763755893308	184.480476751883	0.764695791056114	0.445429778792511	basement_membrane_score_z	TRUE		null_smad_0289	smad
null_smad_0289_z	0.0829319029866798	0.066118873701761	182.917214395382	1.25428487122688	0.211338930733233	bm_minus_fibrillar_z	TRUE		null_smad_0289	smad
null_smad_0290_z	0.14026061454516	0.0687474832521713	196.990996793166	2.04022908054208	0.0426620725054179	basement_membrane_score_z	TRUE		null_smad_0290	smad
null_smad_0290_z	0.0803297565906781	0.0688540302371979	194.471934288585	1.16666746033525	0.244773335655176	bm_minus_fibrillar_z	TRUE		null_smad_0290	smad
null_smad_0291_z	0.0850765956104884	0.068592589387185	200.272252603759	1.24031759655924	0.216309093011765	basement_membrane_score_z	TRUE		null_smad_0291	smad
null_smad_0291_z	-0.0350901692823181	0.0688540593499399	197.686616124961	-0.509631089489987	0.610878387640391	bm_minus_fibrillar_z	TRUE		null_smad_0291	smad
null_smad_0292_z	0.00670753377292431	0.0665980116131838	193.465979498005	0.100716727278333	0.919879629767975	basement_membrane_score_z	TRUE		null_smad_0292	smad
null_smad_0292_z	-0.0613271989962605	0.0663917505959751	188.324533436387	-0.923717155305413	0.356815604673036	bm_minus_fibrillar_z	TRUE		null_smad_0292	smad
null_smad_0293_z	0.00717519067850466	0.0676654523955308	199.254537723831	0.106039203529785	0.915657925975358	basement_membrane_score_z	TRUE		null_smad_0293	smad
null_smad_0293_z	0.0498512377555018	0.0673523140911482	193.996822676868	0.740156272701157	0.460099981952104	bm_minus_fibrillar_z	TRUE		null_smad_0293	smad
null_smad_0294_z	0.0987899890704515	0.0662168394744468	173.803447531058	1.49191640456617	0.137533927734573	basement_membrane_score_z	TRUE		null_smad_0294	smad
null_smad_0294_z	-0.0378619157155389	0.0660910246621232	178.172927962397	-0.572875302041393	0.567451376528588	bm_minus_fibrillar_z	TRUE		null_smad_0294	smad
null_smad_0295_z	0.0570293780360095	0.0662171145239257	176.256185539602	0.861248310894059	0.390271414446065	basement_membrane_score_z	TRUE		null_smad_0295	smad
null_smad_0295_z	-0.0866610942768432	0.0659074857536658	172.894365726772	-1.31489000507083	0.190288248743789	bm_minus_fibrillar_z	TRUE		null_smad_0295	smad
null_smad_0296_z	0.0692267860277703	0.0662554883409926	178.817571864056	1.04484606122719	0.297504505216966	basement_membrane_score_z	TRUE		null_smad_0296	smad
null_smad_0296_z	-0.0455579876878957	0.0660072494185893	181.535447452889	-0.690196729740799	0.490951922478896	bm_minus_fibrillar_z	TRUE		null_smad_0296	smad
null_smad_0297_z	-0.0838011185719183	0.0668219048212546	193.677007572043	-1.25409652412757	0.211318435449998	basement_membrane_score_z	TRUE		null_smad_0297	smad
null_smad_0297_z	-0.00455866999506227	0.0665801465968338	183.039216069273	-0.0684689089476871	0.945487107290748	bm_minus_fibrillar_z	TRUE		null_smad_0297	smad
null_smad_0298_z	0.0455711397871892	0.0668454244918397	199.977523559393	0.681739103814839	0.496192720083303	basement_membrane_score_z	TRUE		null_smad_0298	smad
null_smad_0298_z	-0.0535719822140273	0.0667793094409415	194.942954357787	-0.802224261713959	0.423400112428261	bm_minus_fibrillar_z	TRUE		null_smad_0298	smad
null_smad_0299_z	0.0433591801753309	0.0662340028578764	173.644890327749	0.654636263919761	0.5135681368743	basement_membrane_score_z	TRUE		null_smad_0299	smad
null_smad_0299_z	-0.0996954247752477	0.0658548436383872	170.305827262534	-1.51386624380556	0.131913397772534	bm_minus_fibrillar_z	TRUE		null_smad_0299	smad
null_smad_0300_z	0.12353207200545	0.0675610610376852	200.428522482603	1.82845073934739	0.0689683031016728	basement_membrane_score_z	TRUE		null_smad_0300	smad
null_smad_0300_z	0.150623223756312	0.0675379517152692	193.367728604223	2.23020124138971	0.0268839133848109	bm_minus_fibrillar_z	TRUE		null_smad_0300	smad
null_smad_0301_z	0.162837975513022	0.067628012613788	187.308410386533	2.40784800882678	0.0170168918873268	basement_membrane_score_z	TRUE		null_smad_0301	smad
null_smad_0301_z	0.154391185527743	0.0674729656645254	185.340494449556	2.28819326388252	0.0232549562799981	bm_minus_fibrillar_z	TRUE		null_smad_0301	smad
null_smad_0302_z	0.0552982110971603	0.0673343608501335	191.663668676262	0.821248028480404	0.412525341365545	basement_membrane_score_z	TRUE		null_smad_0302	smad
null_smad_0302_z	-0.0263459664089015	0.0672310681442042	190.971832943664	-0.391871899943519	0.695589811216366	bm_minus_fibrillar_z	TRUE		null_smad_0302	smad
null_smad_0303_z	0.0233320406929485	0.0675311739454146	193.741709135069	0.345500297563431	0.730093128804022	basement_membrane_score_z	TRUE		null_smad_0303	smad
null_smad_0303_z	0.0139978019813714	0.0671666107709693	187.483824814185	0.208404173155355	0.835139630658709	bm_minus_fibrillar_z	TRUE		null_smad_0303	smad
null_smad_0304_z	0.0445798555803319	0.0674944856289506	199.957009733078	0.660496263730472	0.509695597720986	basement_membrane_score_z	TRUE		null_smad_0304	smad
null_smad_0304_z	-0.0450731233226994	0.0674953440984633	195.32907612106	-0.667796037263637	0.50505204834087	bm_minus_fibrillar_z	TRUE		null_smad_0304	smad
null_smad_0305_z	-0.00553369776181775	0.0664595873133779	187.814250259934	-0.0832641005687354	0.933730221938023	basement_membrane_score_z	TRUE		null_smad_0305	smad
null_smad_0305_z	-0.120850122352901	0.06574764267725	183.179811456996	-1.83809057529476	0.0676686300413552	bm_minus_fibrillar_z	TRUE		null_smad_0305	smad
null_smad_0306_z	0.0637808193320932	0.0677876653361714	187.640925078215	0.940891222846996	0.347970302979946	basement_membrane_score_z	TRUE		null_smad_0306	smad
null_smad_0306_z	0.0722012840704747	0.0673878442478245	188.718409099708	1.07142890348218	0.285344914731841	bm_minus_fibrillar_z	TRUE		null_smad_0306	smad
null_smad_0307_z	0.0971742228663816	0.0674801613831241	192.31041865181	1.4400413525194	0.151481625005693	basement_membrane_score_z	TRUE		null_smad_0307	smad
null_smad_0307_z	0.172398199977658	0.0666515765996737	187.405998886549	2.58655846977372	0.0104521120999339	bm_minus_fibrillar_z	TRUE		null_smad_0307	smad
null_smad_0308_z	0.0696125387289549	0.0677832647114438	193.094910747581	1.02698710404845	0.3057113044123	basement_membrane_score_z	TRUE		null_smad_0308	smad
null_smad_0308_z	0.0870659040250122	0.0674959747832256	189.929131766966	1.28994216773131	0.198639142648774	bm_minus_fibrillar_z	TRUE		null_smad_0308	smad
null_smad_0309_z	-0.0531130135637175	0.066733588595174	194.354286873811	-0.795896259766831	0.427063352837766	basement_membrane_score_z	TRUE		null_smad_0309	smad
null_smad_0309_z	-0.107396699295012	0.0658688992214494	186.550737167314	-1.6304614251097	0.104691209855038	bm_minus_fibrillar_z	TRUE		null_smad_0309	smad
null_smad_0310_z	-0.00498621465768807	0.0676085030327168	209.707033910495	-0.07375129508895	0.941278581449524	basement_membrane_score_z	TRUE		null_smad_0310	smad
null_smad_0310_z	-0.0810815149660761	0.0678712046437723	205.443437236266	-1.19463792327894	0.233605891372281	bm_minus_fibrillar_z	TRUE		null_smad_0310	smad
null_smad_0311_z	0.0626694793589098	0.0679853051458611	192.792273066454	0.921809194272993	0.357780214197849	basement_membrane_score_z	TRUE		null_smad_0311	smad
null_smad_0311_z	0.0235578853200112	0.0676071089636063	189.70649481051	0.348452783755221	0.727886558571831	bm_minus_fibrillar_z	TRUE		null_smad_0311	smad
null_smad_0312_z	0.132669379043537	0.0664906923714457	198.044270455816	1.99530752819339	0.0473800596366939	basement_membrane_score_z	TRUE		null_smad_0312	smad
null_smad_0312_z	0.0152923098865523	0.0670111118212771	195.594419704315	0.228205583684955	0.819724816854174	bm_minus_fibrillar_z	TRUE		null_smad_0312	smad
null_smad_0313_z	0.0921038421253916	0.0681641805216368	196.540079947712	1.35120588879017	0.178182825138938	basement_membrane_score_z	TRUE		null_smad_0313	smad
null_smad_0313_z	0.109115116067966	0.0678879920387756	194.284259519261	1.60728153523296	0.109616556983324	bm_minus_fibrillar_z	TRUE		null_smad_0313	smad
null_smad_0314_z	0.0184025537638323	0.0674981751615893	196.238276288617	0.272637796796387	0.785418326674676	basement_membrane_score_z	TRUE		null_smad_0314	smad
null_smad_0314_z	-0.00584689276343643	0.0672643003504847	190.874663328942	-0.086924159367909	0.930822915623033	bm_minus_fibrillar_z	TRUE		null_smad_0314	smad
null_smad_0315_z	0.0688320067882157	0.0683201697631976	197.384307451736	1.00749174111821	0.314931986929765	basement_membrane_score_z	TRUE		null_smad_0315	smad
null_smad_0315_z	0.146702606805233	0.0678120189888136	192.234387130647	2.1633717590599	0.0317466563209735	bm_minus_fibrillar_z	TRUE		null_smad_0315	smad
null_smad_0316_z	0.0020169247312176	0.0669077035248985	205.514956319222	0.0301448805587392	0.97598076120682	basement_membrane_score_z	TRUE		null_smad_0316	smad
null_smad_0316_z	-0.126919103259032	0.066764666772757	199.907461511473	-1.90099208749172	0.0587415966025206	bm_minus_fibrillar_z	TRUE		null_smad_0316	smad
null_smad_0317_z	0.0409977366117097	0.0672029049046445	191.950095135655	0.610058994769381	0.542544275295255	basement_membrane_score_z	TRUE		null_smad_0317	smad
null_smad_0317_z	0.0254497217335375	0.0667180163402018	187.250496022939	0.381452014456888	0.703300355250266	bm_minus_fibrillar_z	TRUE		null_smad_0317	smad
null_smad_0318_z	0.000986524963863121	0.0670094232469065	195.191762354524	0.0147221825836065	0.988268859015697	basement_membrane_score_z	TRUE		null_smad_0318	smad
null_smad_0318_z	0.138943500839324	0.0662687967460032	186.107504195633	2.09666551471985	0.0373746767594417	bm_minus_fibrillar_z	TRUE		null_smad_0318	smad
null_smad_0319_z	0.0383614220830559	0.0664164077242887	184.671114311087	0.577589535439855	0.564244820506753	basement_membrane_score_z	TRUE		null_smad_0319	smad
null_smad_0319_z	-0.121015038925252	0.0661778494739945	176.00851274494	-1.82863359699844	0.0691471250110924	bm_minus_fibrillar_z	TRUE		null_smad_0319	smad
null_smad_0320_z	-0.0201204582958715	0.0669842974634547	198.470335193679	-0.300375745626784	0.764204959297771	basement_membrane_score_z	TRUE		null_smad_0320	smad
null_smad_0320_z	-0.0145053279835433	0.0667673380963485	190.890846814083	-0.217251853932104	0.828244104923094	bm_minus_fibrillar_z	TRUE		null_smad_0320	smad
null_smad_0321_z	0.0952111012717122	0.0664199665596808	186.750091045303	1.43347108111175	0.153395345716259	basement_membrane_score_z	TRUE		null_smad_0321	smad
null_smad_0321_z	0.00230517023959554	0.0663066560531055	186.290534107629	0.0347652917038874	0.972304119433094	bm_minus_fibrillar_z	TRUE		null_smad_0321	smad
null_smad_0322_z	-0.0327117254617658	0.0668244235293022	191.58988974352	-0.489517510726028	0.625035354638416	basement_membrane_score_z	TRUE		null_smad_0322	smad
null_smad_0322_z	-0.0369534138229487	0.0663509821828804	185.494307896306	-0.556938459796956	0.578240826320526	bm_minus_fibrillar_z	TRUE		null_smad_0322	smad
null_smad_0323_z	0.0127222623334006	0.0690797983462028	196.036811243633	0.184167624080795	0.854072323996942	basement_membrane_score_z	TRUE		null_smad_0323	smad
null_smad_0323_z	0.00412793464495949	0.0687898183972578	190.230501470194	0.0600079305504323	0.952212312478887	bm_minus_fibrillar_z	TRUE		null_smad_0323	smad
null_smad_0324_z	0.233511414931592	0.0693397302230181	209.281798783806	3.36764239175068	0.000902236091427793	basement_membrane_score_z	TRUE		null_smad_0324	smad
null_smad_0324_z	0.319253177050996	0.0679151296536576	206.184741473555	4.70076665801966	4.73639564412115e-06	bm_minus_fibrillar_z	TRUE		null_smad_0324	smad
null_smad_0325_z	0.0205171838433825	0.0678427301555395	196.014668605969	0.302422732639795	0.762650494567966	basement_membrane_score_z	TRUE		null_smad_0325	smad
null_smad_0325_z	0.0528054769891667	0.0675314654802153	191.237088938497	0.781938857888951	0.435217562746906	bm_minus_fibrillar_z	TRUE		null_smad_0325	smad
null_smad_0326_z	-0.0492936120127302	0.0671888079357666	191.378904593956	-0.733658082754729	0.464054953297411	basement_membrane_score_z	TRUE		null_smad_0326	smad
null_smad_0326_z	0.00239533490592238	0.0667696046099534	182.606485695789	0.0358746306783626	0.971421510610801	bm_minus_fibrillar_z	TRUE		null_smad_0326	smad
null_smad_0327_z	0.0213546043926691	0.066764750707434	199.528321252341	0.319848485411799	0.749417855158286	basement_membrane_score_z	TRUE		null_smad_0327	smad
null_smad_0327_z	-0.0632428794537527	0.0667641049022871	195.099159042139	-0.947258703555033	0.344678749916141	bm_minus_fibrillar_z	TRUE		null_smad_0327	smad
null_smad_0328_z	0.0296664130630755	0.0674182769844617	198.797854778694	0.44003517132176	0.660389665882474	basement_membrane_score_z	TRUE		null_smad_0328	smad
null_smad_0328_z	-0.00930764016859132	0.0673143150773979	193.184197428469	-0.138271334379462	0.890170001189708	bm_minus_fibrillar_z	TRUE		null_smad_0328	smad
null_smad_0329_z	-0.0881324409189673	0.0676442732048658	201.644301121715	-1.30288103845911	0.194101269822816	basement_membrane_score_z	TRUE		null_smad_0329	smad
null_smad_0329_z	-0.0442046589397379	0.0677796426814982	191.543694541752	-0.652181941227679	0.515065667008753	bm_minus_fibrillar_z	TRUE		null_smad_0329	smad
null_smad_0330_z	-0.00561527324307685	0.0681978117443581	187.450696121681	-0.0823380266822329	0.934465770389162	basement_membrane_score_z	TRUE		null_smad_0330	smad
null_smad_0330_z	0.0599063646962802	0.0675571270324311	181.727762565433	0.886751218232265	0.376384850157374	bm_minus_fibrillar_z	TRUE		null_smad_0330	smad
null_smad_0331_z	-0.0588522017246676	0.0666750331787467	204.510456546684	-0.882672252549059	0.378449714244564	basement_membrane_score_z	TRUE		null_smad_0331	smad
null_smad_0331_z	-0.0882499889314671	0.0668727207981615	196.578788669376	-1.31967097911012	0.18847971783753	bm_minus_fibrillar_z	TRUE		null_smad_0331	smad
null_smad_0332_z	0.146269586335102	0.0677176440859044	205.692237893297	2.15999224883767	0.0319298264697364	basement_membrane_score_z	TRUE		null_smad_0332	smad
null_smad_0332_z	0.221057711934507	0.0671395086520719	202.051269094142	3.292513102532	0.00117208312109605	bm_minus_fibrillar_z	TRUE		null_smad_0332	smad
null_smad_0333_z	0.0532735554022298	0.0669370492483857	206.766423466337	0.795875468076664	0.427017181007997	basement_membrane_score_z	TRUE		null_smad_0333	smad
null_smad_0333_z	-0.0656906863222396	0.0672159831952344	202.59266233629	-0.977307527161144	0.329582478094003	bm_minus_fibrillar_z	TRUE		null_smad_0333	smad
null_smad_0334_z	0.0686882474469892	0.066288356588756	177.775363980727	1.03620380684834	0.301514488534403	basement_membrane_score_z	TRUE		null_smad_0334	smad
null_smad_0334_z	-0.0465389919606374	0.0660173799754315	180.600746473962	-0.704950605097582	0.481749122441653	bm_minus_fibrillar_z	TRUE		null_smad_0334	smad
null_smad_0335_z	0.0882306537722194	0.0678523525474476	193.480016821874	1.3003330092427	0.195033655691272	basement_membrane_score_z	TRUE		null_smad_0335	smad
null_smad_0335_z	0.0887854926875513	0.0678326416725036	192.257439490815	1.30889038814393	0.192133817713857	bm_minus_fibrillar_z	TRUE		null_smad_0335	smad
null_smad_0336_z	0.0791486723284318	0.0678930308864843	195.704305399973	1.16578493101548	0.245120223561868	basement_membrane_score_z	TRUE		null_smad_0336	smad
null_smad_0336_z	0.081577661599882	0.0678876184448116	195.139900300626	1.20165743722767	0.230952596852068	bm_minus_fibrillar_z	TRUE		null_smad_0336	smad
null_smad_0337_z	0.0987054581575333	0.0666016404175688	180.150580705255	1.48202743263807	0.140080084908653	basement_membrane_score_z	TRUE		null_smad_0337	smad
null_smad_0337_z	-0.030991310915922	0.066462752579158	182.721848487921	-0.466295928369968	0.641559113947028	bm_minus_fibrillar_z	TRUE		null_smad_0337	smad
null_smad_0338_z	0.0705444585273634	0.0693145622573443	188.852668551404	1.01774369237813	0.310101825321131	basement_membrane_score_z	TRUE		null_smad_0338	smad
null_smad_0338_z	0.0331660893748988	0.069047190251033	190.44672110215	0.480339449792493	0.631537314411298	bm_minus_fibrillar_z	TRUE		null_smad_0338	smad
null_smad_0339_z	0.0820550390564923	0.0693254695288563	210.589365118327	1.18362038676619	0.237897721465128	basement_membrane_score_z	TRUE		null_smad_0339	smad
null_smad_0339_z	0.21914103917083	0.0680949547289642	204.870710302259	3.21816851252885	0.00149984200870275	bm_minus_fibrillar_z	TRUE		null_smad_0339	smad
null_smad_0340_z	0.067446778132336	0.0669463380165862	185.195451377849	1.00747524256855	0.315020961484193	basement_membrane_score_z	TRUE		null_smad_0340	smad
null_smad_0340_z	-0.0234132604277352	0.066817045384807	188.85079819421	-0.350408496707622	0.726422678029543	bm_minus_fibrillar_z	TRUE		null_smad_0340	smad
null_smad_0341_z	-0.0592640032673025	0.0675313116050912	192.470498242883	-0.877578146473235	0.381266808095179	basement_membrane_score_z	TRUE		null_smad_0341	smad
null_smad_0341_z	-0.0266912931807309	0.0671272279572377	185.904243960792	-0.39762245504513	0.691364692987503	bm_minus_fibrillar_z	TRUE		null_smad_0341	smad
null_smad_0342_z	0.00578476173374945	0.0679798834555099	198.891251139086	0.0850951993398951	0.932271303029202	basement_membrane_score_z	TRUE		null_smad_0342	smad
null_smad_0342_z	-0.0076329492816134	0.0677615318852435	191.980954171103	-0.112644284585243	0.910430271220055	bm_minus_fibrillar_z	TRUE		null_smad_0342	smad
null_smad_0343_z	0.01196384885301	0.0680592727289186	201.343935656286	0.175785728722995	0.860638948554665	basement_membrane_score_z	TRUE		null_smad_0343	smad
null_smad_0343_z	-0.0415390608442221	0.0680031621809246	193.949961218239	-0.61084013613523	0.542020602587876	bm_minus_fibrillar_z	TRUE		null_smad_0343	smad
null_smad_0344_z	0.116677423050505	0.0685642859141426	200.959079778735	1.70172301067367	0.0903538185710377	basement_membrane_score_z	TRUE		null_smad_0344	smad
null_smad_0344_z	0.104923542880407	0.0687364849424427	193.700529356873	1.52646069941263	0.128526357996769	bm_minus_fibrillar_z	TRUE		null_smad_0344	smad
null_smad_0345_z	0.0328227131901285	0.0668138082207537	202.80232031065	0.491256434323903	0.623776301774507	basement_membrane_score_z	TRUE		null_smad_0345	smad
null_smad_0345_z	-0.0905448981555398	0.0669167365960464	196.806465386388	-1.35309793575453	0.177576593632159	bm_minus_fibrillar_z	TRUE		null_smad_0345	smad
null_smad_0346_z	0.0128311489890912	0.0674726382784996	194.172541221767	0.19016818248798	0.849376005811249	basement_membrane_score_z	TRUE		null_smad_0346	smad
null_smad_0346_z	0.0425309763616168	0.0670074997861851	190.069955241631	0.634719643283652	0.526374549947305	bm_minus_fibrillar_z	TRUE		null_smad_0346	smad
null_smad_0347_z	0.0152220312045175	0.0670575980911264	201.388740329493	0.226999350376849	0.820654507944622	basement_membrane_score_z	TRUE		null_smad_0347	smad
null_smad_0347_z	-0.131668299495762	0.0670854262755827	193.122549620318	-1.96269602513782	0.0511176715043453	bm_minus_fibrillar_z	TRUE		null_smad_0347	smad
null_smad_0348_z	-0.0179232096807005	0.0678086512292266	188.921624019134	-0.264320397999236	0.791821169667768	basement_membrane_score_z	TRUE		null_smad_0348	smad
null_smad_0348_z	-0.0755516725214778	0.0676384675000032	180.82093724292	-1.11699267168456	0.265479458466575	bm_minus_fibrillar_z	TRUE		null_smad_0348	smad
null_smad_0349_z	0.00439392986572835	0.0664662485788983	185.147680327789	0.0661076856250217	0.947363420390183	basement_membrane_score_z	TRUE		null_smad_0349	smad
null_smad_0349_z	-0.0972885991169535	0.0662843773416406	178.645356532593	-1.46774553852278	0.143931761517652	bm_minus_fibrillar_z	TRUE		null_smad_0349	smad
null_smad_0350_z	0.0263871671122728	0.0671948575046597	190.865425409024	0.392696228434489	0.694982068207014	basement_membrane_score_z	TRUE		null_smad_0350	smad
null_smad_0350_z	-0.0259405458190522	0.0668492382191386	185.454224842324	-0.388045496255566	0.698427418476818	bm_minus_fibrillar_z	TRUE		null_smad_0350	smad
null_smad_0351_z	-0.0680359349893969	0.0665764768168391	196.196265630178	-1.0219215290796	0.308076453004557	basement_membrane_score_z	TRUE		null_smad_0351	smad
null_smad_0351_z	-0.0687700739998751	0.0664431047283492	186.814823710911	-1.03502198280829	0.301996585767966	bm_minus_fibrillar_z	TRUE		null_smad_0351	smad
null_smad_0352_z	-0.0243570328217238	0.0689554997076062	189.929151122678	-0.353228283820805	0.724309044295596	basement_membrane_score_z	TRUE		null_smad_0352	smad
null_smad_0352_z	0.00977177955096574	0.0683564004245055	182.724018573838	0.142953395589605	0.886484503584353	bm_minus_fibrillar_z	TRUE		null_smad_0352	smad
null_smad_0353_z	0.0893109969276676	0.067856645865992	195.656685070857	1.31617169973366	0.189656285803727	basement_membrane_score_z	TRUE		null_smad_0353	smad
null_smad_0353_z	0.129014866431296	0.0675236257385315	191.99677327025	1.91066260172216	0.0575379281614795	bm_minus_fibrillar_z	TRUE		null_smad_0353	smad
null_smad_0354_z	-0.0484253992322159	0.0668795442117021	188.801658772228	-0.724068918276849	0.469919664771872	basement_membrane_score_z	TRUE		null_smad_0354	smad
null_smad_0354_z	0.00910929655105169	0.066451786490144	182.598149746357	0.137081289039577	0.891117572057509	bm_minus_fibrillar_z	TRUE		null_smad_0354	smad
null_smad_0355_z	0.14073000845265	0.0672657631138225	189.74515308554	2.09214914003899	0.0377555958715049	basement_membrane_score_z	TRUE		null_smad_0355	smad
null_smad_0355_z	0.082375520483762	0.0673000662395821	186.605359635963	1.22400355729982	0.22249404282258	bm_minus_fibrillar_z	TRUE		null_smad_0355	smad
null_smad_0356_z	-0.0107779324426483	0.0677880624551592	196.031798721237	-0.158994549368891	0.873836851691978	basement_membrane_score_z	TRUE		null_smad_0356	smad
null_smad_0356_z	0.0208780387142109	0.0675234497255564	190.834313099131	0.309196861224774	0.757509102671886	bm_minus_fibrillar_z	TRUE		null_smad_0356	smad
null_smad_0357_z	0.0709313120861685	0.0695726206579701	188.551213367187	1.01952911095412	0.309258208898608	basement_membrane_score_z	TRUE		null_smad_0357	smad
null_smad_0357_z	0.0939871575180631	0.0686034847897147	188.894501570272	1.37000558799827	0.1723113384334	bm_minus_fibrillar_z	TRUE		null_smad_0357	smad
null_smad_0358_z	-0.0125338383978803	0.0675428617974507	189.151713488797	-0.185568660615345	0.852981872077134	basement_membrane_score_z	TRUE		null_smad_0358	smad
null_smad_0358_z	-0.0554155534608974	0.0671936118885294	181.686034555106	-0.824714610561921	0.410615071285495	bm_minus_fibrillar_z	TRUE		null_smad_0358	smad
null_smad_0359_z	0.0145883397975632	0.0682123612839594	193.40760126712	0.213866512212263	0.830876448822691	basement_membrane_score_z	TRUE		null_smad_0359	smad
null_smad_0359_z	0.0309496068241478	0.0678991167783572	189.531133391454	0.45581751711405	0.649043019967958	bm_minus_fibrillar_z	TRUE		null_smad_0359	smad
null_smad_0360_z	0.173393192722558	0.0662189046929234	180.385677939223	2.61848475939965	0.00958308776800609	basement_membrane_score_z	TRUE		null_smad_0360	smad
null_smad_0360_z	0.00810597152334435	0.0668379361216014	188.132726150643	0.121278004584055	0.903600276182504	bm_minus_fibrillar_z	TRUE		null_smad_0360	smad
null_smad_0361_z	-0.0524072372840449	0.0670084520315874	199.277120497676	-0.782098909841111	0.435084744639698	basement_membrane_score_z	TRUE		null_smad_0361	smad
null_smad_0361_z	-0.020231271722528	0.0668844640344584	191.683287487196	-0.302480882736908	0.762613480523295	bm_minus_fibrillar_z	TRUE		null_smad_0361	smad
null_smad_0362_z	0.128276741452686	0.0679782075604404	195.189544540594	1.88702741740628	0.060640962196528	basement_membrane_score_z	TRUE		null_smad_0362	smad
null_smad_0362_z	0.156169365703412	0.0673063608944716	191.432487046372	2.3202764735456	0.021379945550793	bm_minus_fibrillar_z	TRUE		null_smad_0362	smad
null_smad_0363_z	0.107083189112232	0.0667170230050834	201.145622861525	1.60503548103567	0.110054861306744	basement_membrane_score_z	TRUE		null_smad_0363	smad
null_smad_0363_z	-0.0661191140184825	0.0671781020975055	199.452769403053	-0.984236111977591	0.326191853391402	bm_minus_fibrillar_z	TRUE		null_smad_0363	smad
null_smad_0364_z	-0.0293110202365956	0.0671676144373975	199.007501860789	-0.436386203114515	0.663029604259217	basement_membrane_score_z	TRUE		null_smad_0364	smad
null_smad_0364_z	-0.0496991026200039	0.0671062278323036	190.211680907775	-0.740603431684468	0.459847158534313	bm_minus_fibrillar_z	TRUE		null_smad_0364	smad
null_smad_0365_z	0.0572525099871769	0.0663288720157158	182.53481937175	0.863161218445138	0.389181533240487	basement_membrane_score_z	TRUE		null_smad_0365	smad
null_smad_0365_z	-0.0510845702686519	0.0658659300888482	181.405544382603	-0.77558413279434	0.43900447653788	bm_minus_fibrillar_z	TRUE		null_smad_0365	smad
null_smad_0366_z	0.0455403482360215	0.0670706226452148	190.051797114088	0.67899098651458	0.497969601081096	basement_membrane_score_z	TRUE		null_smad_0366	smad
null_smad_0366_z	-0.0433059392992051	0.0668724435982934	186.640800945345	-0.647590202615391	0.518045802772754	bm_minus_fibrillar_z	TRUE		null_smad_0366	smad
null_smad_0367_z	0.118971546704073	0.0663368280954745	192.4313084634	1.79344641761955	0.0744718350393423	basement_membrane_score_z	TRUE		null_smad_0367	smad
null_smad_0367_z	-0.00197992513884759	0.0666162265311673	193.312869710986	-0.0297213643273723	0.976319934918088	bm_minus_fibrillar_z	TRUE		null_smad_0367	smad
null_smad_0368_z	0.0625357186370817	0.0662380247774888	176.616711572548	0.944106030443328	0.346405187727288	basement_membrane_score_z	TRUE		null_smad_0368	smad
null_smad_0368_z	-0.0609155774811903	0.0659717886352177	174.118613995712	-0.92335797984825	0.357098464557392	bm_minus_fibrillar_z	TRUE		null_smad_0368	smad
null_smad_0369_z	-0.00621631594911028	0.0675379146253879	188.515365109605	-0.0920418698680627	0.926762508668861	basement_membrane_score_z	TRUE		null_smad_0369	smad
null_smad_0369_z	-0.109088130306818	0.0674331681309864	179.27814250841	-1.61772215855138	0.107480563119409	bm_minus_fibrillar_z	TRUE		null_smad_0369	smad
null_smad_0370_z	-0.0300498731519762	0.0673658084479279	207.469156399373	-0.4460701035779	0.656011789606864	basement_membrane_score_z	TRUE		null_smad_0370	smad
null_smad_0370_z	0.00155765099055797	0.0674023280998526	199.081756001352	0.0231097505749415	0.981585874422946	bm_minus_fibrillar_z	TRUE		null_smad_0370	smad
null_smad_0371_z	0.00488727859324663	0.0674232775396528	197.406729263089	0.072486517588415	0.942288123914266	basement_membrane_score_z	TRUE		null_smad_0371	smad
null_smad_0371_z	-0.00716336106819866	0.0671186430640893	189.861231101432	-0.106726845793927	0.915118371117716	bm_minus_fibrillar_z	TRUE		null_smad_0371	smad
null_smad_0372_z	-0.0432290984825198	0.0676521743920312	199.210748160905	-0.638990525744459	0.523563115240363	basement_membrane_score_z	TRUE		null_smad_0372	smad
null_smad_0372_z	0.0211483618422286	0.0673459063768279	189.777801356049	0.314025944262964	0.753846255814156	bm_minus_fibrillar_z	TRUE		null_smad_0372	smad
null_smad_0373_z	-0.0379699612682444	0.0668265282870218	193.256772964094	-0.568186949726947	0.570567611286033	basement_membrane_score_z	TRUE		null_smad_0373	smad
null_smad_0373_z	-0.0109724097278959	0.0663963428753673	185.893836698478	-0.16525623630344	0.868921877885701	bm_minus_fibrillar_z	TRUE		null_smad_0373	smad
null_smad_0374_z	0.116006927035188	0.0665657989103661	180.032173935773	1.7427407006922	0.0830863877250662	basement_membrane_score_z	TRUE		null_smad_0374	smad
null_smad_0374_z	-0.0231856889075346	0.0666306199474574	183.772912520108	-0.347973483149609	0.728258354410891	bm_minus_fibrillar_z	TRUE		null_smad_0374	smad
null_smad_0375_z	0.134683746231968	0.0673883636496112	186.624199420452	1.99862022072924	0.0471009614245525	basement_membrane_score_z	TRUE		null_smad_0375	smad
null_smad_0375_z	0.124756341748225	0.0672840773355611	186.648351869628	1.85417333028194	0.0652921514533328	bm_minus_fibrillar_z	TRUE		null_smad_0375	smad
null_smad_0376_z	0.105071558468819	0.0681980822920651	183.616318868313	1.54068200948583	0.125115781410754	basement_membrane_score_z	TRUE		null_smad_0376	smad
null_smad_0376_z	0.14246346999787	0.0679656307851109	184.440025640424	2.09611046571908	0.0374367652203116	bm_minus_fibrillar_z	TRUE		null_smad_0376	smad
null_smad_0377_z	0.0752743954095674	0.0677594139255838	179.873685709782	1.11090682531931	0.268091217788314	basement_membrane_score_z	TRUE		null_smad_0377	smad
null_smad_0377_z	-0.0154094501711763	0.0674720384527088	182.912042764987	-0.22838275713245	0.819603813850928	bm_minus_fibrillar_z	TRUE		null_smad_0377	smad
null_smad_0378_z	-0.00555290026308125	0.0680612315478815	184.370976459168	-0.0815868319863527	0.935063773404078	basement_membrane_score_z	TRUE		null_smad_0378	smad
null_smad_0378_z	-0.00914709445614211	0.0674623747336838	177.451677706524	-0.135588088801371	0.892300606364922	bm_minus_fibrillar_z	TRUE		null_smad_0378	smad
null_smad_0379_z	0.0385454859039397	0.0671401456972527	207.909267027676	0.574104889163458	0.566517405429224	basement_membrane_score_z	TRUE		null_smad_0379	smad
null_smad_0379_z	-0.13418802616786	0.0671844036354697	203.702877259699	-1.99730918050474	0.0471223363944227	bm_minus_fibrillar_z	TRUE		null_smad_0379	smad
null_smad_0380_z	0.0558668670992046	0.0663589541182776	176.778596293261	0.841888903185966	0.400987616577354	basement_membrane_score_z	TRUE		null_smad_0380	smad
null_smad_0380_z	-0.110107782860532	0.0663542068325993	175.269810345515	-1.65939415323456	0.0988246528399674	bm_minus_fibrillar_z	TRUE		null_smad_0380	smad
null_smad_0381_z	0.0413379975860682	0.0673282337874428	201.23604303429	0.613977157288478	0.539923876499588	basement_membrane_score_z	TRUE		null_smad_0381	smad
null_smad_0381_z	-0.0324966577088211	0.0673793978723376	195.825031039218	-0.4822936792993	0.63013597708332	bm_minus_fibrillar_z	TRUE		null_smad_0381	smad
null_smad_0382_z	0.109022501459156	0.067358696897018	204.068242541878	1.61853638032571	0.107091557688303	basement_membrane_score_z	TRUE		null_smad_0382	smad
null_smad_0382_z	0.13921973939571	0.0673647543090186	197.258073819679	2.06665549104617	0.0400726722644368	bm_minus_fibrillar_z	TRUE		null_smad_0382	smad
null_smad_0383_z	0.127301068181034	0.0672297024335258	194.629193213106	1.89352419500748	0.059771726433377	basement_membrane_score_z	TRUE		null_smad_0383	smad
null_smad_0383_z	0.134495349880201	0.0673448555246173	187.66104662444	1.99711394185169	0.0472577570011904	bm_minus_fibrillar_z	TRUE		null_smad_0383	smad
null_smad_0384_z	0.115052959399022	0.0679651429418797	203.466732647343	1.69282303279211	0.0920197172210874	basement_membrane_score_z	TRUE		null_smad_0384	smad
null_smad_0384_z	0.163137370723926	0.0678125366812525	197.248295117963	2.40571107803769	0.0170641858120511	bm_minus_fibrillar_z	TRUE		null_smad_0384	smad
null_smad_0385_z	-0.00817836254925132	0.06691444601448	190.152701831241	-0.122221179974823	0.902852924232361	basement_membrane_score_z	TRUE		null_smad_0385	smad
null_smad_0385_z	-0.0410042730034181	0.066429022882738	184.435552689859	-0.617264430876844	0.537821628080603	bm_minus_fibrillar_z	TRUE		null_smad_0385	smad
null_smad_0386_z	0.21626848548186	0.0679028435775647	197.847522546279	3.18496949593604	0.00168207981762926	basement_membrane_score_z	TRUE		null_smad_0386	smad
null_smad_0386_z	0.18963838279235	0.068570991122956	194.972869440114	2.76557739193686	0.00622821215266522	bm_minus_fibrillar_z	TRUE		null_smad_0386	smad
null_smad_0387_z	-0.00460475954110136	0.0673959294162824	204.459799162181	-0.0683240008852654	0.945594489588642	basement_membrane_score_z	TRUE		null_smad_0387	smad
null_smad_0387_z	-0.0275904984274904	0.0674191470560518	197.986300894602	-0.40923831926488	0.682807146058208	bm_minus_fibrillar_z	TRUE		null_smad_0387	smad
null_smad_0388_z	0.069792259312259	0.0675877906960461	194.674863671514	1.03261637336434	0.303064578825255	basement_membrane_score_z	TRUE		null_smad_0388	smad
null_smad_0388_z	-0.00102407049977535	0.0675230875617345	191.75714300467	-0.0151662273861377	0.98791533299788	bm_minus_fibrillar_z	TRUE		null_smad_0388	smad
null_smad_0389_z	0.0300658253005469	0.0666082625429227	191.3004386101	0.451382818778261	0.65222494889032	basement_membrane_score_z	TRUE		null_smad_0389	smad
null_smad_0389_z	-0.0555470072842084	0.0664407753757852	187.449338713163	-0.836037914519174	0.404198015047263	bm_minus_fibrillar_z	TRUE		null_smad_0389	smad
null_smad_0390_z	0.0726498827317674	0.0684581369765181	201.594063761836	1.06123078921483	0.289854744281642	basement_membrane_score_z	TRUE		null_smad_0390	smad
null_smad_0390_z	0.160086224151016	0.0679280544207881	192.632870424082	2.35670262479981	0.0194418906066612	bm_minus_fibrillar_z	TRUE		null_smad_0390	smad
null_smad_0391_z	0.0113453497966854	0.067097587498582	191.463782121814	0.16908729836114	0.865906479278095	basement_membrane_score_z	TRUE		null_smad_0391	smad
null_smad_0391_z	0.0294185156219111	0.0667441448518698	186.796764924521	0.440765488676225	0.65989245465918	bm_minus_fibrillar_z	TRUE		null_smad_0391	smad
null_smad_0392_z	-0.0833800746703053	0.0665227500013449	196.001099535406	-1.25340691220101	0.211550736090763	basement_membrane_score_z	TRUE		null_smad_0392	smad
null_smad_0392_z	-0.0446327715689749	0.0664866531419548	186.784621331125	-0.671304231146664	0.502856083577427	bm_minus_fibrillar_z	TRUE		null_smad_0392	smad
null_smad_0393_z	0.0273914817096686	0.0674047666401815	192.241500122959	0.406373066401804	0.684920519419864	basement_membrane_score_z	TRUE		null_smad_0393	smad
null_smad_0393_z	-0.0324296842105545	0.0671802517892135	187.380749777983	-0.482726446341801	0.629853455019917	bm_minus_fibrillar_z	TRUE		null_smad_0393	smad
null_smad_0394_z	0.0708567856553758	0.0688176968562679	203.308714982732	1.02963029703489	0.304406937691182	basement_membrane_score_z	TRUE		null_smad_0394	smad
null_smad_0394_z	0.0104459781221989	0.0689360375599027	199.205489369417	0.151531455708079	0.879709846577508	bm_minus_fibrillar_z	TRUE		null_smad_0394	smad
null_smad_0395_z	-0.063025950691683	0.0667253376771811	200.852567613938	-0.944557987800739	0.346019436766248	basement_membrane_score_z	TRUE		null_smad_0395	smad
null_smad_0395_z	-0.0625293505134227	0.0667108331061942	191.683099827151	-0.93731928686732	0.349773824216591	bm_minus_fibrillar_z	TRUE		null_smad_0395	smad
null_smad_0396_z	-0.012799369270931	0.0666652142616338	196.040935201519	-0.19199472187547	0.847945065050834	basement_membrane_score_z	TRUE		null_smad_0396	smad
null_smad_0396_z	-0.0575676723768705	0.0665716545803126	187.702228297292	-0.864747507626093	0.388281184617276	bm_minus_fibrillar_z	TRUE		null_smad_0396	smad
null_smad_0397_z	0.0428265078701861	0.0677077280690994	197.981602027259	0.632520232055037	0.527776816025598	basement_membrane_score_z	TRUE		null_smad_0397	smad
null_smad_0397_z	-0.0676565078475397	0.0676744959830945	195.115206014906	-0.999734196239018	0.318677381930637	bm_minus_fibrillar_z	TRUE		null_smad_0397	smad
null_smad_0398_z	0.0222905041352807	0.0681051443280842	200.818505142763	0.327295454039422	0.743785352367554	basement_membrane_score_z	TRUE		null_smad_0398	smad
null_smad_0398_z	0.0595627745387932	0.0678306541017933	191.79519885671	0.878109983274045	0.380982729742854	bm_minus_fibrillar_z	TRUE		null_smad_0398	smad
null_smad_0399_z	0.186760961669825	0.0690298212986104	201.102072822592	2.70551130158561	0.0074053327362403	basement_membrane_score_z	TRUE		null_smad_0399	smad
null_smad_0399_z	0.257292916161193	0.0675831792687859	194.794678730036	3.80705552690722	0.00018831913923848	bm_minus_fibrillar_z	TRUE		null_smad_0399	smad
null_smad_0400_z	-0.06453083189931	0.0669667084964285	193.368304279826	-0.963625558851404	0.336437209981795	basement_membrane_score_z	TRUE		null_smad_0400	smad
null_smad_0400_z	-0.0147043493067508	0.0666771149510211	186.152638665446	-0.220530677092915	0.825699562532695	bm_minus_fibrillar_z	TRUE		null_smad_0400	smad
null_smad_0401_z	0.0466845235567406	0.0681302919241309	199.665490799696	0.68522418205294	0.49399720476761	basement_membrane_score_z	TRUE		null_smad_0401	smad
null_smad_0401_z	0.126396596744314	0.06785816825079	191.958546850004	1.86265854211062	0.0640382271467084	bm_minus_fibrillar_z	TRUE		null_smad_0401	smad
null_smad_0402_z	0.104243426508989	0.068187345133687	192.303289297903	1.52877966292148	0.127962280747696	basement_membrane_score_z	TRUE		null_smad_0402	smad
null_smad_0402_z	0.205305865445798	0.0676694376635897	183.642915626571	3.03395258678595	0.0027636510903268	bm_minus_fibrillar_z	TRUE		null_smad_0402	smad
null_smad_0403_z	0.00311918665790278	0.0683894839683143	193.966656047264	0.0456091562168819	0.963668692852385	basement_membrane_score_z	TRUE		null_smad_0403	smad
null_smad_0403_z	0.0613120956410401	0.0677282843862061	188.400280589369	0.905265742321494	0.366480833789355	bm_minus_fibrillar_z	TRUE		null_smad_0403	smad
null_smad_0404_z	0.0921491957568721	0.0665789218150168	200.765657437261	1.38405959791449	0.167876847972191	basement_membrane_score_z	TRUE		null_smad_0404	smad
null_smad_0404_z	-0.0735058716084404	0.0669395219051671	197.131752139846	-1.09809376458613	0.273502951816576	bm_minus_fibrillar_z	TRUE		null_smad_0404	smad
null_smad_0405_z	-0.0403884058493335	0.0669770845803179	201.21077405923	-0.603018272628758	0.547175618311582	basement_membrane_score_z	TRUE		null_smad_0405	smad
null_smad_0405_z	-0.0721484161826732	0.066922632577312	192.43788020841	-1.07808694015921	0.282344478634058	bm_minus_fibrillar_z	TRUE		null_smad_0405	smad
null_smad_0406_z	0.107984004419755	0.0660903357923429	181.825734044334	1.6338849413482	0.104013295029922	basement_membrane_score_z	TRUE		null_smad_0406	smad
null_smad_0406_z	-0.0675992737984128	0.0662073650355907	180.395289422576	-1.02102347317513	0.308610623840036	bm_minus_fibrillar_z	TRUE		null_smad_0406	smad
null_smad_0407_z	0.0235822435163356	0.0668678027695992	186.688186444475	0.35266963380853	0.724733970360995	basement_membrane_score_z	TRUE		null_smad_0407	smad
null_smad_0407_z	-0.00578134211243263	0.0663848069506972	183.432329666503	-0.0870883320746316	0.930696294438268	bm_minus_fibrillar_z	TRUE		null_smad_0407	smad
null_smad_0408_z	0.0848177536416661	0.066816565061266	191.563873319858	1.26941206217192	0.205834157961266	basement_membrane_score_z	TRUE		null_smad_0408	smad
null_smad_0408_z	-0.0108309018908079	0.0668009273185448	193.1424006188	-0.162136999074279	0.871367465793336	bm_minus_fibrillar_z	TRUE		null_smad_0408	smad
null_smad_0409_z	0.0305173288726341	0.067514400570703	185.384937946351	0.452012142812044	0.651788655666303	basement_membrane_score_z	TRUE		null_smad_0409	smad
null_smad_0409_z	-0.0106183852656181	0.067060893029915	182.510539181498	-0.158339455170711	0.874364379323202	bm_minus_fibrillar_z	TRUE		null_smad_0409	smad
null_smad_0410_z	0.141332754441879	0.0677742692598418	198.343665006081	2.08534530855684	0.0383176014632271	basement_membrane_score_z	TRUE		null_smad_0410	smad
null_smad_0410_z	0.245113061030123	0.0668670835621433	192.960273534399	3.66567596450241	0.000318806485192913	bm_minus_fibrillar_z	TRUE		null_smad_0410	smad
null_smad_0411_z	-0.0108627422693176	0.067443400301118	193.139820605869	-0.16106457000712	0.87221089357019	basement_membrane_score_z	TRUE		null_smad_0411	smad
null_smad_0411_z	0.0144507020458222	0.0670586720533567	187.846623537759	0.215493412012754	0.829616445075108	bm_minus_fibrillar_z	TRUE		null_smad_0411	smad
null_smad_0412_z	0.119482271084881	0.0669043815300872	182.007347558591	1.7858661623103	0.0757858447890128	basement_membrane_score_z	TRUE		null_smad_0412	smad
null_smad_0412_z	0.152878279360692	0.0659713366878122	183.836114597599	2.31734397143018	0.0215865935967735	bm_minus_fibrillar_z	TRUE		null_smad_0412	smad
null_smad_0413_z	-0.0189249029547407	0.0683694434124769	206.416866817556	-0.276803525232254	0.782207955724075	basement_membrane_score_z	TRUE		null_smad_0413	smad
null_smad_0413_z	0.000878460203619427	0.068338424686098	198.559049573938	0.0128545574126781	0.989756736049561	bm_minus_fibrillar_z	TRUE		null_smad_0413	smad
null_smad_0414_z	0.0879307294562029	0.0664424246888126	173.203464686193	1.32341241109174	0.18744251588701	basement_membrane_score_z	TRUE		null_smad_0414	smad
null_smad_0414_z	-0.0223169620426162	0.0661572547851308	179.043151477191	-0.337332044914778	0.736261736322521	bm_minus_fibrillar_z	TRUE		null_smad_0414	smad
null_smad_0415_z	0.0666307407400487	0.0684262693897689	202.293143341436	0.973759658889301	0.331338828053885	basement_membrane_score_z	TRUE		null_smad_0415	smad
null_smad_0415_z	0.0399456678781709	0.0683329922299487	197.771746841812	0.584573667486255	0.559500678267603	bm_minus_fibrillar_z	TRUE		null_smad_0415	smad
null_smad_0416_z	0.123846874106642	0.0671301703663642	192.358057736763	1.84487650531415	0.0665930268998599	basement_membrane_score_z	TRUE		null_smad_0416	smad
null_smad_0416_z	0.129113995779722	0.0665405744332564	191.343260165906	1.94037993929899	0.053803155373223	bm_minus_fibrillar_z	TRUE		null_smad_0416	smad
null_smad_0417_z	-0.0252512060121861	0.0671695317800351	196.701866187529	-0.375932440542806	0.707372249643593	basement_membrane_score_z	TRUE		null_smad_0417	smad
null_smad_0417_z	-0.0689532388301125	0.0669769903447738	188.633638420201	-1.02950637935753	0.304560024052621	bm_minus_fibrillar_z	TRUE		null_smad_0417	smad
null_smad_0418_z	0.13133214272244	0.0672700373322983	187.808409499414	1.95231261837554	0.0523875994791249	basement_membrane_score_z	TRUE		null_smad_0418	smad
null_smad_0418_z	0.00192012438326759	0.0679709253984561	184.874392390781	0.0282492017287027	0.977493866562924	bm_minus_fibrillar_z	TRUE		null_smad_0418	smad
null_smad_0419_z	0.0941455917299798	0.0673946453595726	194.203222739476	1.39692984847212	0.164028866279266	basement_membrane_score_z	TRUE		null_smad_0419	smad
null_smad_0419_z	0.180480895785507	0.0661851172616551	191.11177769541	2.72691056921448	0.00698811320338524	bm_minus_fibrillar_z	TRUE		null_smad_0419	smad
null_smad_0420_z	0.0895844000006213	0.0686868262378932	187.407643317902	1.30424427662956	0.193749856160706	basement_membrane_score_z	TRUE		null_smad_0420	smad
null_smad_0420_z	0.0720406783468628	0.0684323257279465	187.341135319244	1.05272877372693	0.293821234723351	bm_minus_fibrillar_z	TRUE		null_smad_0420	smad
null_smad_0421_z	-0.0072568862325661	0.0681546635999668	196.01702675241	-0.106476737603172	0.915313002740265	basement_membrane_score_z	TRUE		null_smad_0421	smad
null_smad_0421_z	0.00269000641653553	0.0678459394493723	189.38026095761	0.0396487459436368	0.968414930692805	bm_minus_fibrillar_z	TRUE		null_smad_0421	smad
null_smad_0422_z	0.00964076967521064	0.0671101685969031	194.147306743756	0.143655870291697	0.885921216734383	basement_membrane_score_z	TRUE		null_smad_0422	smad
null_smad_0422_z	-0.0705471530997829	0.0670031647471423	187.234510298601	-1.05289285015141	0.293746991182019	bm_minus_fibrillar_z	TRUE		null_smad_0422	smad
null_smad_0423_z	0.140559972806318	0.0667138727077743	197.506149560251	2.10690771051488	0.0363879379684844	basement_membrane_score_z	TRUE		null_smad_0423	smad
null_smad_0423_z	0.0103416643152414	0.0673315488177781	198.155361916521	0.15359314462273	0.878086846377335	bm_minus_fibrillar_z	TRUE		null_smad_0423	smad
null_smad_0424_z	0.0680853273324952	0.0679773192931724	193.895454152224	1.00158888347534	0.317790503031214	basement_membrane_score_z	TRUE		null_smad_0424	smad
null_smad_0424_z	0.032429502742361	0.067801566149533	193.386447982304	0.47830020136761	0.632976817305322	bm_minus_fibrillar_z	TRUE		null_smad_0424	smad
null_smad_0425_z	-0.00179218296974798	0.0690134669287657	205.369680170218	-0.02596859786218	0.979307601057795	basement_membrane_score_z	TRUE		null_smad_0425	smad
null_smad_0425_z	0.0313423905925467	0.068695956620769	196.253861672313	0.456247967628867	0.648716168550579	bm_minus_fibrillar_z	TRUE		null_smad_0425	smad
null_smad_0426_z	-0.0473544395824065	0.0675169047333846	192.599371379821	-0.70137160122199	0.483917725184569	basement_membrane_score_z	TRUE		null_smad_0426	smad
null_smad_0426_z	0.0455814799964919	0.0668163335366865	184.992129539343	0.682190679790365	0.495971662453591	bm_minus_fibrillar_z	TRUE		null_smad_0426	smad
null_smad_0427_z	0.156707555247579	0.0680910918377091	199.327029127415	2.30143989497307	0.0224004742954435	basement_membrane_score_z	TRUE		null_smad_0427	smad
null_smad_0427_z	0.0964656762966628	0.0685058508395716	194.251881972435	1.40813777384603	0.160688683319045	bm_minus_fibrillar_z	TRUE		null_smad_0427	smad
null_smad_0428_z	0.0305846158074725	0.0688801829943202	199.36342067217	0.44402634368719	0.657505108469182	basement_membrane_score_z	TRUE		null_smad_0428	smad
null_smad_0428_z	0.0768299235095642	0.0683864373982289	193.011237228638	1.12346726094484	0.262634525467692	bm_minus_fibrillar_z	TRUE		null_smad_0428	smad
null_smad_0429_z	0.129137336837958	0.0665603228480097	187.608095742572	1.94015490478979	0.0538600021056847	basement_membrane_score_z	TRUE		null_smad_0429	smad
null_smad_0429_z	0.142557072144144	0.0662010512387975	183.086513416282	2.15339589744457	0.0325954793671688	bm_minus_fibrillar_z	TRUE		null_smad_0429	smad
null_smad_0430_z	0.109229807015896	0.0667943633534334	185.841067046696	1.63531474112451	0.103675695439841	basement_membrane_score_z	TRUE		null_smad_0430	smad
null_smad_0430_z	0.0110352749983547	0.0666988540075216	186.114586765503	0.165449244406962	0.868769972705332	bm_minus_fibrillar_z	TRUE		null_smad_0430	smad
null_smad_0431_z	0.100720537620328	0.0687086808097784	204.217173521872	1.46590702125653	0.144211654206081	basement_membrane_score_z	TRUE		null_smad_0431	smad
null_smad_0431_z	0.195119667874484	0.0681769889596206	194.875757270647	2.8619578372704	0.00467036083953355	bm_minus_fibrillar_z	TRUE		null_smad_0431	smad
null_smad_0432_z	0.102369192658493	0.0685162432935433	195.645408649278	1.49408647844153	0.13676407073933	basement_membrane_score_z	TRUE		null_smad_0432	smad
null_smad_0432_z	0.178036254649941	0.0681503077462492	190.740504035603	2.61240573282283	0.00970692297969393	bm_minus_fibrillar_z	TRUE		null_smad_0432	smad
null_smad_0433_z	0.0478586992406491	0.0678375091408486	183.436187660322	0.705490219891208	0.48140013789126	basement_membrane_score_z	TRUE		null_smad_0433	smad
null_smad_0433_z	-0.0596069737127282	0.0674273135363031	179.362780658633	-0.884018220311204	0.377869801579038	bm_minus_fibrillar_z	TRUE		null_smad_0433	smad
null_smad_0434_z	0.0160702978707296	0.0685696114897332	191.881785773214	0.234364721070875	0.81495172781344	basement_membrane_score_z	TRUE		null_smad_0434	smad
null_smad_0434_z	0.0566110657205485	0.0682143077519012	190.373585244877	0.829900171771085	0.407634688816573	bm_minus_fibrillar_z	TRUE		null_smad_0434	smad
null_smad_0435_z	-0.0669219058088459	0.0664971368173816	190.352416080021	-1.00638777865926	0.315506647737859	basement_membrane_score_z	TRUE		null_smad_0435	smad
null_smad_0435_z	-0.101200855963489	0.0662121921890476	177.672346480398	-1.5284323418041	0.128183580695263	bm_minus_fibrillar_z	TRUE		null_smad_0435	smad
null_smad_0436_z	-0.0332469726776348	0.0678968344177588	193.145730927973	-0.489668965611434	0.624923849844479	basement_membrane_score_z	TRUE		null_smad_0436	smad
null_smad_0436_z	0.0238084593478707	0.0671130355940643	183.423186135515	0.354751638591899	0.723183204642878	bm_minus_fibrillar_z	TRUE		null_smad_0436	smad
null_smad_0437_z	-0.00145636156409557	0.0674589895720614	197.980842151446	-0.021588843434126	0.982797675701953	basement_membrane_score_z	TRUE		null_smad_0437	smad
null_smad_0437_z	-0.0445630628590143	0.0673241231524994	188.047010022526	-0.661918206614769	0.508833961876406	bm_minus_fibrillar_z	TRUE		null_smad_0437	smad
null_smad_0438_z	0.0723916379037172	0.0663899765383234	187.092305808036	1.09040011276295	0.276939286598235	basement_membrane_score_z	TRUE		null_smad_0438	smad
null_smad_0438_z	-0.0617736934007968	0.0661554915145104	182.890726498869	-0.93376516426074	0.351656195685275	bm_minus_fibrillar_z	TRUE		null_smad_0438	smad
null_smad_0439_z	0.0375380827043358	0.0666712132386501	195.757216094904	0.563032842524824	0.574056809380768	basement_membrane_score_z	TRUE		null_smad_0439	smad
null_smad_0439_z	-0.0678524606918921	0.0667092417921169	192.379909182488	-1.01713733913118	0.310365559023915	bm_minus_fibrillar_z	TRUE		null_smad_0439	smad
null_smad_0440_z	-0.067661464000662	0.0669398707118233	197.484121442194	-1.01077972337212	0.313358692447491	basement_membrane_score_z	TRUE		null_smad_0440	smad
null_smad_0440_z	-0.0432152306824683	0.0667617691497561	188.056249465817	-0.647305055465657	0.518223906350349	bm_minus_fibrillar_z	TRUE		null_smad_0440	smad
null_smad_0441_z	0.129772905621857	0.0675876158593139	177.950623287218	1.92006929038574	0.056448432658242	basement_membrane_score_z	TRUE		null_smad_0441	smad
null_smad_0441_z	0.111333293907935	0.066853879215147	182.193566620442	1.66532286854508	0.0975669380412476	bm_minus_fibrillar_z	TRUE		null_smad_0441	smad
null_smad_0442_z	0.0657745280589492	0.066491664660401	190.154774544964	0.989214639081237	0.323815189561075	basement_membrane_score_z	TRUE		null_smad_0442	smad
null_smad_0442_z	-0.069328368960485	0.0665864661917802	189.335382912517	-1.041178079053	0.299120589252768	bm_minus_fibrillar_z	TRUE		null_smad_0442	smad
null_smad_0443_z	0.117508530042518	0.0671160024526778	188.35911291346	1.7508273101541	0.081603620464762	basement_membrane_score_z	TRUE		null_smad_0443	smad
null_smad_0443_z	0.0955928944169891	0.0669375365714798	186.919299902717	1.42809101310308	0.154934360810195	bm_minus_fibrillar_z	TRUE		null_smad_0443	smad
null_smad_0444_z	-0.0875309736461353	0.0673338375034224	196.076281725251	-1.29995522149894	0.195142408078464	basement_membrane_score_z	TRUE		null_smad_0444	smad
null_smad_0444_z	-0.00687368324828946	0.0672057789786999	187.215297456168	-0.102278157514817	0.918645357213361	bm_minus_fibrillar_z	TRUE		null_smad_0444	smad
null_smad_0445_z	0.0300023758278046	0.067276973358142	193.132877253611	0.445953114865766	0.656130651079804	basement_membrane_score_z	TRUE		null_smad_0445	smad
null_smad_0445_z	0.0244409025885492	0.0667844273995759	187.629615757022	0.365967090536204	0.714801920596112	bm_minus_fibrillar_z	TRUE		null_smad_0445	smad
null_smad_0446_z	0.0517482737549877	0.0686180512327886	195.848202364173	0.754149568885749	0.45166519519907	basement_membrane_score_z	TRUE		null_smad_0446	smad
null_smad_0446_z	0.0842605649898623	0.0681661551430187	194.345625353014	1.23610558367384	0.217911215453027	bm_minus_fibrillar_z	TRUE		null_smad_0446	smad
null_smad_0447_z	0.146698200223471	0.0672297549440118	190.331310987421	2.18204276284571	0.0303312513962423	basement_membrane_score_z	TRUE		null_smad_0447	smad
null_smad_0447_z	0.047172181189075	0.0673658959174937	191.953124596924	0.700238311190117	0.484626320798616	bm_minus_fibrillar_z	TRUE		null_smad_0447	smad
null_smad_0448_z	0.175413107191577	0.0678925370556421	198.033793648067	2.58368761573626	0.0104949716797834	basement_membrane_score_z	TRUE		null_smad_0448	smad
null_smad_0448_z	0.177877244760435	0.068142476780208	194.713502253215	2.61037246025228	0.00974788300615478	bm_minus_fibrillar_z	TRUE		null_smad_0448	smad
null_smad_0449_z	-0.00158556636415494	0.067272649877038	192.869758331559	-0.0235692568533135	0.981220561635506	basement_membrane_score_z	TRUE		null_smad_0449	smad
null_smad_0449_z	-0.119356051470428	0.0669007756246312	185.866202382458	-1.78407575033381	0.0760427571197893	bm_minus_fibrillar_z	TRUE		null_smad_0449	smad
null_smad_0450_z	0.0868818759354576	0.0672625603561579	200.543090110268	1.29168255676582	0.197953775979392	basement_membrane_score_z	TRUE		null_smad_0450	smad
null_smad_0450_z	0.164002245996905	0.0664272196164718	195.435979863761	2.46890125680103	0.0144112731322166	bm_minus_fibrillar_z	TRUE		null_smad_0450	smad
null_smad_0451_z	0.128989419801061	0.0670287519784662	187.781905861539	1.92438939997719	0.0558174754771979	basement_membrane_score_z	TRUE		null_smad_0451	smad
null_smad_0451_z	0.160337645478316	0.0652990123513398	183.179671946406	2.4554375281455	0.0150044090442985	bm_minus_fibrillar_z	TRUE		null_smad_0451	smad
null_smad_0452_z	-0.0291324138707269	0.0674453260798705	195.794715784041	-0.431941182050592	0.666259452936253	basement_membrane_score_z	TRUE		null_smad_0452	smad
null_smad_0452_z	0.00408109865186023	0.0671297710647179	189.435736497784	0.0607941690718081	0.951587224163007	bm_minus_fibrillar_z	TRUE		null_smad_0452	smad
null_smad_0453_z	0.136117742302089	0.0665362395747318	182.120041284352	2.04576848905333	0.0422170321368196	basement_membrane_score_z	TRUE		null_smad_0453	smad
null_smad_0453_z	-0.0273861123220246	0.0668321737866867	185.808014636692	-0.409774376177483	0.682443497279209	bm_minus_fibrillar_z	TRUE		null_smad_0453	smad
null_smad_0454_z	0.0310723228641922	0.0678438162144422	194.572016574195	0.457997863297932	0.64746504520518	basement_membrane_score_z	TRUE		null_smad_0454	smad
null_smad_0454_z	0.0501963249091047	0.067602468772846	192.613631744029	0.742522067911034	0.458675649880032	bm_minus_fibrillar_z	TRUE		null_smad_0454	smad
null_smad_0455_z	0.0911835439268059	0.0691612572815403	199.319169507609	1.3184194086527	0.188876274491962	basement_membrane_score_z	TRUE		null_smad_0455	smad
null_smad_0455_z	0.165878148057074	0.0683440213244053	194.281262030789	2.42710547086055	0.0161320942393331	bm_minus_fibrillar_z	TRUE		null_smad_0455	smad
null_smad_0456_z	0.0442704191447288	0.0665995546512845	192.417764344525	0.664725453143476	0.507021973515218	basement_membrane_score_z	TRUE		null_smad_0456	smad
null_smad_0456_z	-0.0749981400889758	0.0666688924646644	189.923308073746	-1.12493454317883	0.26203643519835	bm_minus_fibrillar_z	TRUE		null_smad_0456	smad
null_smad_0457_z	-0.0862325724233259	0.0670100547933604	197.53641582243	-1.28686019865589	0.199648981910199	basement_membrane_score_z	TRUE		null_smad_0457	smad
null_smad_0457_z	-0.0339423249395604	0.0669390143712572	187.055771316628	-0.507063410753398	0.612707569858556	bm_minus_fibrillar_z	TRUE		null_smad_0457	smad
null_smad_0458_z	0.0720955078286453	0.0664704073174042	186.042268604987	1.08462563625314	0.279491028026128	basement_membrane_score_z	TRUE		null_smad_0458	smad
null_smad_0458_z	-0.0969172468803991	0.0665908576442476	187.078669604224	-1.45541370555949	0.147230746212868	bm_minus_fibrillar_z	TRUE		null_smad_0458	smad
null_smad_0459_z	-0.0293224689605494	0.0674188218053375	192.554438733774	-0.434930011758644	0.664100286297116	basement_membrane_score_z	TRUE		null_smad_0459	smad
null_smad_0459_z	-0.0360585143312397	0.0671136801341287	182.475856377182	-0.537275176375005	0.591732103909664	bm_minus_fibrillar_z	TRUE		null_smad_0459	smad
null_smad_0460_z	0.0355190740485893	0.068100522402715	192.787499644951	0.521568305137895	0.602569599079439	basement_membrane_score_z	TRUE		null_smad_0460	smad
null_smad_0460_z	0.0839665991194947	0.0673332968418302	187.401968663322	1.24702937562581	0.213942994120435	bm_minus_fibrillar_z	TRUE		null_smad_0460	smad
null_smad_0461_z	0.0945930367928379	0.0688032365734423	199.318915151037	1.37483411397176	0.17072642199298	basement_membrane_score_z	TRUE		null_smad_0461	smad
null_smad_0461_z	0.122827196875523	0.0686949043806155	192.170394620341	1.78801030415558	0.0753499379013355	bm_minus_fibrillar_z	TRUE		null_smad_0461	smad
null_smad_0462_z	0.112514426288971	0.0669894947214474	190.373743692969	1.67958314593689	0.0946788029536641	basement_membrane_score_z	TRUE		null_smad_0462	smad
null_smad_0462_z	0.155053996672961	0.0654143050442017	182.524650264023	2.37033775056065	0.0188146540821803	bm_minus_fibrillar_z	TRUE		null_smad_0462	smad
null_smad_0463_z	-0.0921486971520549	0.0669108868418486	197.667618007445	-1.37718541034822	0.170012462402807	basement_membrane_score_z	TRUE		null_smad_0463	smad
null_smad_0463_z	-0.0491261904950672	0.0669444920229326	185.70016952854	-0.733834689166637	0.463974981559934	bm_minus_fibrillar_z	TRUE		null_smad_0463	smad
null_smad_0464_z	-0.0168975836066568	0.0674066613625335	187.740321768254	-0.250681212584859	0.802334720542299	basement_membrane_score_z	TRUE		null_smad_0464	smad
null_smad_0464_z	0.0141152192286119	0.0669146091025077	182.697129209962	0.210943759784781	0.833166256037089	bm_minus_fibrillar_z	TRUE		null_smad_0464	smad
null_smad_0465_z	0.129746319649765	0.0686858738660162	197.706177334729	1.888981130281	0.0603582724075525	basement_membrane_score_z	TRUE		null_smad_0465	smad
null_smad_0465_z	0.155751597814424	0.0684584895794996	194.302951894284	2.27512465979187	0.0239901200525043	bm_minus_fibrillar_z	TRUE		null_smad_0465	smad
null_smad_0466_z	0.0536504724183064	0.0663769615995317	184.929789655548	0.808269482746027	0.419973996806683	basement_membrane_score_z	TRUE		null_smad_0466	smad
null_smad_0466_z	-0.0395808801202144	0.0660215799985842	181.00795818115	-0.599514281861524	0.549579671896618	bm_minus_fibrillar_z	TRUE		null_smad_0466	smad
null_smad_0467_z	0.0401505802576128	0.069000698095275	202.779822608351	0.581886580367253	0.561289415128179	basement_membrane_score_z	TRUE		null_smad_0467	smad
null_smad_0467_z	-0.0116409803989633	0.0689848799964182	195.281880676361	-0.168746838431374	0.866170429429828	bm_minus_fibrillar_z	TRUE		null_smad_0467	smad
null_smad_0468_z	0.012850896483097	0.0675752743221347	192.212970312878	0.190171576985927	0.849375373589049	basement_membrane_score_z	TRUE		null_smad_0468	smad
null_smad_0468_z	0.0229661131044226	0.06695252665397	184.170362466192	0.343020857496807	0.731973984597388	bm_minus_fibrillar_z	TRUE		null_smad_0468	smad
null_smad_0469_z	-0.0862325724233259	0.0670100547933604	197.53641582243	-1.28686019865589	0.199648981910199	basement_membrane_score_z	TRUE		null_smad_0469	smad
null_smad_0469_z	-0.0339423249395604	0.0669390143712572	187.055771316628	-0.507063410753398	0.612707569858556	bm_minus_fibrillar_z	TRUE		null_smad_0469	smad
null_smad_0470_z	0.00341136101419583	0.0669656207985968	196.168893284728	0.0509419755019625	0.959423590580638	basement_membrane_score_z	TRUE		null_smad_0470	smad
null_smad_0470_z	-0.017142244134525	0.0666859603314956	187.026785037265	-0.257059267787567	0.797415601933678	bm_minus_fibrillar_z	TRUE		null_smad_0470	smad
null_smad_0471_z	0.118637601198908	0.0682694252486094	198.322624591288	1.73778526429479	0.0838009199920184	basement_membrane_score_z	TRUE		null_smad_0471	smad
null_smad_0471_z	0.131512792755117	0.0683533642350188	194.255648844792	1.92401345898555	0.0558144416696154	bm_minus_fibrillar_z	TRUE		null_smad_0471	smad
null_smad_0472_z	-0.000207300848360136	0.0664496758577946	183.611926857929	-0.00311966681077224	0.997514256871358	basement_membrane_score_z	TRUE		null_smad_0472	smad
null_smad_0472_z	-0.0643709039028526	0.0660059241240501	178.687125079811	-0.975229189759926	0.330764981939278	bm_minus_fibrillar_z	TRUE		null_smad_0472	smad
null_smad_0473_z	-0.0255195642682908	0.0667716629585199	202.862586824735	-0.382191533617249	0.702719383111046	basement_membrane_score_z	TRUE		null_smad_0473	smad
null_smad_0473_z	-0.135425142502054	0.066508878435935	195.969187261541	-2.03619645507182	0.0430761976252947	bm_minus_fibrillar_z	TRUE		null_smad_0473	smad
null_smad_0474_z	-0.0321360642626092	0.067038011984462	198.44971105519	-0.479370782505568	0.632202713359741	basement_membrane_score_z	TRUE		null_smad_0474	smad
null_smad_0474_z	0.00632270976628095	0.0668157860977139	191.085169690425	0.0946289811966649	0.924708684920696	bm_minus_fibrillar_z	TRUE		null_smad_0474	smad
null_smad_0475_z	0.0796955991990399	0.0679945665070798	181.918350527575	1.17208776072926	0.242694495476956	basement_membrane_score_z	TRUE		null_smad_0475	smad
null_smad_0475_z	0.0849911043701462	0.0676086395265061	180.851556872277	1.25710419504633	0.210336966310888	bm_minus_fibrillar_z	TRUE		null_smad_0475	smad
null_smad_0476_z	-0.0608683046613921	0.066747912786291	206.118922704886	-0.911913228751829	0.362879700090266	basement_membrane_score_z	TRUE		null_smad_0476	smad
null_smad_0476_z	-0.0974178194456698	0.0669201683363024	198.572765156842	-1.45573183492462	0.147045928197678	bm_minus_fibrillar_z	TRUE		null_smad_0476	smad
null_smad_0477_z	-0.0103241538115138	0.0676542260681452	189.423320255677	-0.152601757665732	0.878874764138986	basement_membrane_score_z	TRUE		null_smad_0477	smad
null_smad_0477_z	0.0191841981704227	0.0671649235542376	183.556511099141	0.285628229070057	0.775484941832723	bm_minus_fibrillar_z	TRUE		null_smad_0477	smad
null_smad_0478_z	0.0303091855059663	0.0667045109278513	196.775835289587	0.454379847545081	0.650056270950769	basement_membrane_score_z	TRUE		null_smad_0478	smad
null_smad_0478_z	-0.0226487228948105	0.0665320499332307	191.81557449775	-0.340418233280651	0.733914111925501	bm_minus_fibrillar_z	TRUE		null_smad_0478	smad
null_smad_0479_z	0.0155427443310362	0.0665841797519378	189.795261531442	0.233429988759213	0.815679100310483	basement_membrane_score_z	TRUE		null_smad_0479	smad
null_smad_0479_z	-0.0852745913177136	0.0664848488122759	183.30322541489	-1.28261690958329	0.201245861652566	bm_minus_fibrillar_z	TRUE		null_smad_0479	smad
null_smad_0480_z	0.0395339051977892	0.0670246200590536	193.410313088861	0.589841541256884	0.555985333672258	basement_membrane_score_z	TRUE		null_smad_0480	smad
null_smad_0480_z	-0.0221387259623474	0.0667228352980397	187.39438075171	-0.33180133703038	0.740410072037403	bm_minus_fibrillar_z	TRUE		null_smad_0480	smad
null_smad_0481_z	0.230078780428094	0.0676594037157775	203.285850703493	3.400544015945	0.000809524214145064	basement_membrane_score_z	TRUE		null_smad_0481	smad
null_smad_0481_z	0.28420232014156	0.0675410180147946	198.944082769789	4.20784774193523	3.89962048120014e-05	bm_minus_fibrillar_z	TRUE		null_smad_0481	smad
null_smad_0482_z	0.105251908026122	0.0679096563700598	203.184667659269	1.54988132251139	0.122726176531356	basement_membrane_score_z	TRUE		null_smad_0482	smad
null_smad_0482_z	0.155472820489387	0.0678689547400444	195.723210643854	2.29077965153417	0.0230415296597984	bm_minus_fibrillar_z	TRUE		null_smad_0482	smad
null_smad_0483_z	0.0879675153778836	0.0671773150444363	181.332214166704	1.30948245430314	0.192027718353465	basement_membrane_score_z	TRUE		null_smad_0483	smad
null_smad_0483_z	0.133008417139811	0.0665266871286074	179.140171492808	1.99932422431743	0.0470848489561011	bm_minus_fibrillar_z	TRUE		null_smad_0483	smad
null_smad_0484_z	0.0771849722549879	0.0682739373851555	187.67508347991	1.13051883648606	0.259700351762828	basement_membrane_score_z	TRUE		null_smad_0484	smad
null_smad_0484_z	0.105727557280395	0.0680170145346085	184.903241456559	1.5544280795594	0.121792277544639	bm_minus_fibrillar_z	TRUE		null_smad_0484	smad
null_smad_0485_z	0.0395339051977892	0.0670246200590536	193.410313088861	0.589841541256884	0.555985333672258	basement_membrane_score_z	TRUE		null_smad_0485	smad
null_smad_0485_z	-0.0221387259623474	0.0667228352980397	187.39438075171	-0.33180133703038	0.740410072037403	bm_minus_fibrillar_z	TRUE		null_smad_0485	smad
null_smad_0486_z	0.0776488799298407	0.0660873299166675	173.764306530498	1.17494351833781	0.241624849678177	basement_membrane_score_z	TRUE		null_smad_0486	smad
null_smad_0486_z	-0.0409348217447468	0.0655284561131116	173.999757796654	-0.624687718478937	0.532994322129711	bm_minus_fibrillar_z	TRUE		null_smad_0486	smad
null_smad_0487_z	0.159747102850595	0.0660501357396338	204.926738466077	2.41857342247273	0.0164554108163009	basement_membrane_score_z	TRUE		null_smad_0487	smad
null_smad_0487_z	-0.00903766385439309	0.0672733587665224	202.124032313918	-0.13434239080821	0.893265509166006	bm_minus_fibrillar_z	TRUE		null_smad_0487	smad
null_smad_0488_z	0.0334632906882023	0.0676780039110334	198.870556614269	0.494448546860094	0.621535184489626	basement_membrane_score_z	TRUE		null_smad_0488	smad
null_smad_0488_z	-0.0153381280532195	0.0675512007149669	194.25435359898	-0.227059295628791	0.820616412460948	bm_minus_fibrillar_z	TRUE		null_smad_0488	smad
null_smad_0489_z	0.216618081084143	0.0679112202204489	210.465646904111	3.18972447234745	0.00164152581464635	basement_membrane_score_z	TRUE		null_smad_0489	smad
null_smad_0489_z	0.271654672023529	0.0672198103986957	205.039937761667	4.04128887618522	7.51663830872389e-05	bm_minus_fibrillar_z	TRUE		null_smad_0489	smad
null_smad_0490_z	0.0821151493590532	0.0664686750569508	190.070009348316	1.23539621165454	0.218207893587332	basement_membrane_score_z	TRUE		null_smad_0490	smad
null_smad_0490_z	-0.0486922581370697	0.0666016811026103	191.920034653296	-0.731096532864564	0.465611836400345	bm_minus_fibrillar_z	TRUE		null_smad_0490	smad
null_smad_0491_z	0.0796215319794895	0.0677276043950047	186.296610424651	1.17561417815868	0.241249306232107	basement_membrane_score_z	TRUE		null_smad_0491	smad
null_smad_0491_z	0.114724372111695	0.067261608329409	189.021001291048	1.70564419973189	0.0897169793012168	bm_minus_fibrillar_z	TRUE		null_smad_0491	smad
null_smad_0492_z	0.0154397925129808	0.0679442957741971	192.402557426584	0.227241924241775	0.82047690661494	basement_membrane_score_z	TRUE		null_smad_0492	smad
null_smad_0492_z	0.0380972918335826	0.0674827623714711	187.524794506181	0.564548493493333	0.573055563823642	bm_minus_fibrillar_z	TRUE		null_smad_0492	smad
null_smad_0493_z	0.0802190585512331	0.0675453646435394	205.449293649184	1.18763232643094	0.236349526038731	basement_membrane_score_z	TRUE		null_smad_0493	smad
null_smad_0493_z	0.0469313520974935	0.0677073893164457	202.989775675153	0.693149633611617	0.489007961959969	bm_minus_fibrillar_z	TRUE		null_smad_0493	smad
null_smad_0494_z	0.0643826694449244	0.0691248502389691	207.76748808453	0.931396874240586	0.352729306110177	basement_membrane_score_z	TRUE		null_smad_0494	smad
null_smad_0494_z	0.135204804111298	0.0688760793517042	200.480360454828	1.96301539495152	0.0510274647785626	bm_minus_fibrillar_z	TRUE		null_smad_0494	smad
null_smad_0495_z	0.0481189224443099	0.0673053095347359	197.267146338926	0.714935014443043	0.475494436131958	basement_membrane_score_z	TRUE		null_smad_0495	smad
null_smad_0495_z	-0.0531539633900024	0.0673790941497369	195.344233428456	-0.788879162902934	0.431139010538476	bm_minus_fibrillar_z	TRUE		null_smad_0495	smad
null_smad_0496_z	-0.0529386129953583	0.0670614621941869	201.63729239194	-0.789404395061746	0.430802951471608	basement_membrane_score_z	TRUE		null_smad_0496	smad
null_smad_0496_z	0.068324507934497	0.0667393313738399	192.890665749141	1.02375175968992	0.307234725488197	bm_minus_fibrillar_z	TRUE		null_smad_0496	smad
null_smad_0497_z	0.0144412475405778	0.0678309496848928	198.23226956222	0.212900565415409	0.831623301164457	basement_membrane_score_z	TRUE		null_smad_0497	smad
null_smad_0497_z	0.0185455817547979	0.0674905287729902	190.939686607057	0.274787916052302	0.78377627788988	bm_minus_fibrillar_z	TRUE		null_smad_0497	smad
null_smad_0498_z	0.0408959769364058	0.0683787301352859	203.46929537347	0.598080380485188	0.550451430315692	basement_membrane_score_z	TRUE		null_smad_0498	smad
null_smad_0498_z	-0.0358988206716772	0.0684474322764788	197.635651919761	-0.524472861548284	0.600537439922038	bm_minus_fibrillar_z	TRUE		null_smad_0498	smad
null_smad_0499_z	-0.0476149930673168	0.0671656260341679	204.053238683734	-0.708919068856658	0.4791838482141	basement_membrane_score_z	TRUE		null_smad_0499	smad
null_smad_0499_z	-0.0580353844720301	0.0672830406393285	195.369741623168	-0.862555911869819	0.389439229503805	bm_minus_fibrillar_z	TRUE		null_smad_0499	smad
null_smad_0500_z	0.139714957286991	0.0677600555651202	204.315736863559	2.06190736004812	0.0404820387437905	basement_membrane_score_z	TRUE		null_smad_0500	smad
null_smad_0500_z	0.179133050274647	0.0676237466332227	199.651084714726	2.64896666028027	0.0087198350373627	bm_minus_fibrillar_z	TRUE		null_smad_0500	smad
null_smad_0501_z	0.00708539284975596	0.0683578013218614	196.349204491491	0.103651561529818	0.917551660217596	basement_membrane_score_z	TRUE		null_smad_0501	smad
null_smad_0501_z	0.0567087905357411	0.0674973056307464	188.47854619076	0.84016376662462	0.40188106911313	bm_minus_fibrillar_z	TRUE		null_smad_0501	smad
null_smad_0502_z	0.153186077269842	0.0673816562641808	199.884061921886	2.27340920011303	0.0240644832453562	basement_membrane_score_z	TRUE		null_smad_0502	smad
null_smad_0502_z	0.129056308316241	0.0673787660586951	192.948188088114	1.91538545250024	0.0569220721585217	bm_minus_fibrillar_z	TRUE		null_smad_0502	smad
null_smad_0503_z	0.0830749700961211	0.0690585539277247	187.447253884368	1.20296422921143	0.230507376170593	basement_membrane_score_z	TRUE		null_smad_0503	smad
null_smad_0503_z	0.0127065186125175	0.0689326188154554	189.444028455147	0.184332451470255	0.853949826486288	bm_minus_fibrillar_z	TRUE		null_smad_0503	smad
null_smad_0504_z	0.0724598004670447	0.0674429217587702	188.060869413726	1.07438703095069	0.284025803712864	basement_membrane_score_z	TRUE		null_smad_0504	smad
null_smad_0504_z	0.0229425206513146	0.0672189796853419	187.254292163294	0.341310159105517	0.733252782318142	bm_minus_fibrillar_z	TRUE		null_smad_0504	smad
null_smad_0505_z	0.0838891335250022	0.066498917731046	190.437759359534	1.26151126044323	0.208667736553417	basement_membrane_score_z	TRUE		null_smad_0505	smad
null_smad_0505_z	-0.0265032503952669	0.0664560900077521	189.359376758711	-0.398808452200171	0.690483708196574	bm_minus_fibrillar_z	TRUE		null_smad_0505	smad
null_smad_0506_z	0.148141257072747	0.0668937874347043	191.649648540871	2.21457421912834	0.027967866787656	basement_membrane_score_z	TRUE		null_smad_0506	smad
null_smad_0506_z	0.203055538954311	0.0666208205532014	189.285798655528	3.04792911987862	0.00263375166713053	bm_minus_fibrillar_z	TRUE		null_smad_0506	smad
null_smad_0507_z	0.147823699101655	0.0664333425492936	192.246048991984	2.22514318005255	0.0272341422384205	basement_membrane_score_z	TRUE		null_smad_0507	smad
null_smad_0507_z	-0.0204464873275017	0.0670938894712446	192.422702192107	-0.304744403531185	0.760890177110207	bm_minus_fibrillar_z	TRUE		null_smad_0507	smad
null_smad_0508_z	-0.0401307828418938	0.066639743735326	186.042915800909	-0.602204939461979	0.547770968782367	basement_membrane_score_z	TRUE		null_smad_0508	smad
null_smad_0508_z	-0.0246715205880753	0.0660794017176024	180.560733098478	-0.373361742794097	0.709317208617016	bm_minus_fibrillar_z	TRUE		null_smad_0508	smad
null_smad_0509_z	0.103750056584814	0.065961507839202	170.077302505688	1.57288788542753	0.117603206554181	basement_membrane_score_z	TRUE		null_smad_0509	smad
null_smad_0509_z	-0.0736987691492183	0.0654363045494359	173.177344716792	-1.12626728628204	0.261610698400082	bm_minus_fibrillar_z	TRUE		null_smad_0509	smad
null_smad_0510_z	0.0751137618459876	0.069106449891672	186.136029087156	1.08692838314994	0.278473975390368	basement_membrane_score_z	TRUE		null_smad_0510	smad
null_smad_0510_z	0.0454362236821608	0.0687256503032446	187.648189259239	0.66112468171168	0.509343258201736	bm_minus_fibrillar_z	TRUE		null_smad_0510	smad
null_smad_0511_z	-0.0381566480789996	0.0671948734660356	205.606748695012	-0.567850583099711	0.570755995108207	basement_membrane_score_z	TRUE		null_smad_0511	smad
null_smad_0511_z	-0.0883151111936984	0.0671523410618214	195.931308042954	-1.3151456791714	0.189998012753162	bm_minus_fibrillar_z	TRUE		null_smad_0511	smad
null_smad_0512_z	-0.0205236992661728	0.0676445399756281	196.717853741288	-0.303405112571796	0.761901788784778	basement_membrane_score_z	TRUE		null_smad_0512	smad
null_smad_0512_z	0.00211334583857671	0.0673609593755845	190.104143913031	0.0313734521919934	0.975004626499739	bm_minus_fibrillar_z	TRUE		null_smad_0512	smad
null_smad_0513_z	0.149985354945309	0.067185995613358	195.603772638098	2.23239015178765	0.0267232655756819	basement_membrane_score_z	TRUE		null_smad_0513	smad
null_smad_0513_z	0.162098163932461	0.0667992897458219	191.708197514727	2.42664502196447	0.0161643392042527	bm_minus_fibrillar_z	TRUE		null_smad_0513	smad
null_smad_0514_z	0.103606452908441	0.0686005610347167	190.742847671376	1.51028579570958	0.132625311839934	basement_membrane_score_z	TRUE		null_smad_0514	smad
null_smad_0514_z	0.157875709205791	0.0679089997386128	187.150334815138	2.32481276139344	0.0211547272131139	bm_minus_fibrillar_z	TRUE		null_smad_0514	smad
null_smad_0515_z	-0.0448952553065291	0.0671030909778922	200.678461664209	-0.669048990922345	0.504233171116173	basement_membrane_score_z	TRUE		null_smad_0515	smad
null_smad_0515_z	-0.0165170968356628	0.0669659011006746	191.621017928453	-0.246649362797814	0.805443630487099	bm_minus_fibrillar_z	TRUE		null_smad_0515	smad
null_smad_0516_z	-0.0581113896467037	0.066623078391871	187.804547264718	-0.872241136996068	0.384190603573293	basement_membrane_score_z	TRUE		null_smad_0516	smad
null_smad_0516_z	-0.0965305151902112	0.0660236346797206	179.190600596454	-1.46205999803675	0.145476321248918	bm_minus_fibrillar_z	TRUE		null_smad_0516	smad
null_smad_0517_z	0.0587061032310855	0.0674958659680144	191.963043622185	0.869773317063682	0.385510558144193	basement_membrane_score_z	TRUE		null_smad_0517	smad
null_smad_0517_z	0.0671557727159998	0.0672254404337451	190.579657416744	0.99896367034123	0.319078966671282	bm_minus_fibrillar_z	TRUE		null_smad_0517	smad
null_smad_0518_z	0.109041969051633	0.0674978267690797	183.72808125395	1.61548859083541	0.107920829273308	basement_membrane_score_z	TRUE		null_smad_0518	smad
null_smad_0518_z	0.159975698525648	0.0668487621073149	181.68833391467	2.39309889192612	0.0177256562138357	bm_minus_fibrillar_z	TRUE		null_smad_0518	smad
null_smad_0519_z	-0.0436749755376886	0.0670671120757806	198.634382155502	-0.651213004197039	0.515661659592384	basement_membrane_score_z	TRUE		null_smad_0519	smad
null_smad_0519_z	0.00328710226124016	0.0667286676259945	187.976218897153	0.0492607207394569	0.960763823080277	bm_minus_fibrillar_z	TRUE		null_smad_0519	smad
null_smad_0520_z	0.0829576876670603	0.069102781777686	203.832101060499	1.20049707888675	0.231339649695355	basement_membrane_score_z	TRUE		null_smad_0520	smad
null_smad_0520_z	0.200607395578498	0.0679790788656016	196.953830987436	2.9510166793391	0.00355158591131701	bm_minus_fibrillar_z	TRUE		null_smad_0520	smad
null_smad_0521_z	-0.0170432111854816	0.0672184674783356	200.466502368498	-0.253549535192462	0.800103432787545	basement_membrane_score_z	TRUE		null_smad_0521	smad
null_smad_0521_z	-0.128465471877479	0.067112326387444	192.183254183197	-1.91418594455866	0.057082002939727	bm_minus_fibrillar_z	TRUE		null_smad_0521	smad
null_smad_0522_z	0.0567578404330187	0.06856753901832	206.470400077346	0.827765459364876	0.408759070440015	basement_membrane_score_z	TRUE		null_smad_0522	smad
null_smad_0522_z	0.167411389534982	0.0677337608898626	198.298192926933	2.47160924383335	0.0142934602057161	bm_minus_fibrillar_z	TRUE		null_smad_0522	smad
null_smad_0523_z	0.0381898616034886	0.0663835744744797	183.464081950577	0.575290829182002	0.565799508922788	basement_membrane_score_z	TRUE		null_smad_0523	smad
null_smad_0523_z	-0.0710330138410809	0.066185401042268	177.263399175884	-1.07324293156004	0.284620982294421	bm_minus_fibrillar_z	TRUE		null_smad_0523	smad
null_smad_0524_z	0.0784117115806163	0.0677297784926927	204.847497175504	1.1577139823228	0.248328841188719	basement_membrane_score_z	TRUE		null_smad_0524	smad
null_smad_0524_z	0.0988732529709992	0.0676790180035831	197.338427395001	1.46091441465307	0.145629297048267	bm_minus_fibrillar_z	TRUE		null_smad_0524	smad
null_smad_0525_z	0.0229487780529676	0.0663980403531675	181.33475584055	0.345624327629314	0.730025687214735	basement_membrane_score_z	TRUE		null_smad_0525	smad
null_smad_0525_z	-0.112513780568433	0.066388732408847	170.755393017191	-1.69477223748649	0.0919415283428357	bm_minus_fibrillar_z	TRUE		null_smad_0525	smad
null_smad_0526_z	-0.0123940639292895	0.0676922471805386	194.055838017189	-0.183094289900494	0.854915188829871	basement_membrane_score_z	TRUE		null_smad_0526	smad
null_smad_0526_z	0.0355054416765896	0.0671223662009688	185.547737991584	0.528965882553723	0.597461330266928	bm_minus_fibrillar_z	TRUE		null_smad_0526	smad
null_smad_0527_z	0.0227970305687517	0.0676266180172442	206.228147658854	0.337101443738302	0.736383252968189	basement_membrane_score_z	TRUE		null_smad_0527	smad
null_smad_0527_z	-0.0165211675532439	0.0677902284102207	201.958523415509	-0.243710162079244	0.807702685158517	bm_minus_fibrillar_z	TRUE		null_smad_0527	smad
null_smad_0528_z	0.123583149804724	0.0689202459304654	193.251792704615	1.79313274548395	0.0745154804853206	basement_membrane_score_z	TRUE		null_smad_0528	smad
null_smad_0528_z	0.1782514609468	0.0679177039447676	189.569160986871	2.62452130436799	0.00938448114331564	bm_minus_fibrillar_z	TRUE		null_smad_0528	smad
null_smad_0529_z	-0.0371749701487591	0.0677270136950009	207.895261807418	-0.548894276014759	0.583667031399911	basement_membrane_score_z	TRUE		null_smad_0529	smad
null_smad_0529_z	-0.0378216419607177	0.0679229719901389	201.011610511915	-0.556831376080079	0.578262072762642	bm_minus_fibrillar_z	TRUE		null_smad_0529	smad
null_smad_0530_z	0.0852147450420211	0.0686456388640633	204.018446400918	1.24137157803672	0.215893864066661	basement_membrane_score_z	TRUE		null_smad_0530	smad
null_smad_0530_z	0.104076699963039	0.0684158080154102	194.842977608257	1.52123760549019	0.129821406551349	bm_minus_fibrillar_z	TRUE		null_smad_0530	smad
null_smad_0531_z	0.0040431878376776	0.0671319445369789	195.168358807823	0.0602274798616991	0.952036086450642	basement_membrane_score_z	TRUE		null_smad_0531	smad
null_smad_0531_z	-0.0594289950655001	0.0668753435403831	187.962752456927	-0.888653305079675	0.375325253915539	bm_minus_fibrillar_z	TRUE		null_smad_0531	smad
null_smad_0532_z	0.0172355345300364	0.0685345963153104	201.150829587564	0.251486628019812	0.801694636402713	basement_membrane_score_z	TRUE		null_smad_0532	smad
null_smad_0532_z	-0.0158111555192225	0.0684361120548651	194.012870752459	-0.231035268434693	0.817530863204349	bm_minus_fibrillar_z	TRUE		null_smad_0532	smad
null_smad_0533_z	-0.0739041661686265	0.066881137982018	198.226842031613	-1.10500760600839	0.270495705857768	basement_membrane_score_z	TRUE		null_smad_0533	smad
null_smad_0533_z	-0.0129712757726225	0.0667558874129805	189.566323598525	-0.194309090558211	0.846141939504562	bm_minus_fibrillar_z	TRUE		null_smad_0533	smad
null_smad_0534_z	0.136328492300779	0.0662779612851439	201.269502077717	2.05692042509064	0.0409835474582834	basement_membrane_score_z	TRUE		null_smad_0534	smad
null_smad_0534_z	-0.00920762034844926	0.066998182419606	200.083162633788	-0.137430897614243	0.890828408082383	bm_minus_fibrillar_z	TRUE		null_smad_0534	smad
null_smad_0535_z	0.0654109693568764	0.066831422467214	189.631867245583	0.97874572980944	0.328952609024542	basement_membrane_score_z	TRUE		null_smad_0535	smad
null_smad_0535_z	-0.0955616596281399	0.0667958487289194	185.985950705195	-1.43065267447925	0.15420775302281	bm_minus_fibrillar_z	TRUE		null_smad_0535	smad
null_smad_0536_z	0.196941296602907	0.0674202987737723	198.466296447299	2.92109795098565	0.00389199405638937	basement_membrane_score_z	TRUE		null_smad_0536	smad
null_smad_0536_z	0.195430724829066	0.0679160964704953	192.559196315583	2.87753176323918	0.00446046548072459	bm_minus_fibrillar_z	TRUE		null_smad_0536	smad
null_smad_0537_z	-0.0350965634384504	0.0671229190274421	206.521550296467	-0.522870041216499	0.601625187735999	basement_membrane_score_z	TRUE		null_smad_0537	smad
null_smad_0537_z	-0.0902859632086513	0.0673396975459124	196.991353501552	-1.34075391632245	0.181544398254213	bm_minus_fibrillar_z	TRUE		null_smad_0537	smad
null_smad_0538_z	0.0816789773926257	0.0665044010864984	192.274798879107	1.22817401642924	0.220882929632327	basement_membrane_score_z	TRUE		null_smad_0538	smad
null_smad_0538_z	-0.0386128567161856	0.0665956048734809	193.300647828527	-0.579810886762613	0.562717336934305	bm_minus_fibrillar_z	TRUE		null_smad_0538	smad
null_smad_0539_z	0.105519329456269	0.0676452985797939	182.739820120358	1.55989154710876	0.120515656857549	basement_membrane_score_z	TRUE		null_smad_0539	smad
null_smad_0539_z	0.126881331527901	0.0666819448704852	183.322930175455	1.90278390611341	0.0586360900968153	bm_minus_fibrillar_z	TRUE		null_smad_0539	smad
null_smad_0540_z	-0.0164607189585043	0.0674897899505835	196.978191472637	-0.24389939530938	0.807562578097058	basement_membrane_score_z	TRUE		null_smad_0540	smad
null_smad_0540_z	0.0409733058605482	0.0671173115885615	189.665854079898	0.610472989617349	0.542279339135714	bm_minus_fibrillar_z	TRUE		null_smad_0540	smad
null_smad_0541_z	0.0973371715777069	0.0667481951065278	186.694447594462	1.45827421134549	0.146445195430528	basement_membrane_score_z	TRUE		null_smad_0541	smad
null_smad_0541_z	-0.0192944989223531	0.0668565211664604	187.788623659533	-0.28859561618998	0.773209159381072	bm_minus_fibrillar_z	TRUE		null_smad_0541	smad
null_smad_0542_z	-0.0464803122496138	0.0669535049215235	192.31025802835	-0.694217760580175	0.488383426743092	basement_membrane_score_z	TRUE		null_smad_0542	smad
null_smad_0542_z	-0.0555115554057318	0.0666045940257343	185.996820672328	-0.83344934711686	0.405660366651194	bm_minus_fibrillar_z	TRUE		null_smad_0542	smad
null_smad_0543_z	0.0718920536493583	0.0674027826973571	182.191560991348	1.06660364412784	0.287562201105846	basement_membrane_score_z	TRUE		null_smad_0543	smad
null_smad_0543_z	0.0475764798871571	0.0670394725258575	184.825249339511	0.709678613130595	0.478797810936662	bm_minus_fibrillar_z	TRUE		null_smad_0543	smad
null_smad_0544_z	0.130686097067488	0.0658887033917917	175.736762480926	1.98343707403671	0.0488761318071384	basement_membrane_score_z	TRUE		null_smad_0544	smad
null_smad_0544_z	-0.0438809137265181	0.0661435612390994	183.674400419154	-0.663419279283965	0.507893854632423	bm_minus_fibrillar_z	TRUE		null_smad_0544	smad
null_smad_0545_z	0.0927871493601903	0.0668056423824868	192.971573497484	1.38891186509292	0.166460391889695	basement_membrane_score_z	TRUE		null_smad_0545	smad
null_smad_0545_z	0.00929865319545088	0.0668217041701178	191.314430687369	0.139156181527157	0.889473109605028	bm_minus_fibrillar_z	TRUE		null_smad_0545	smad
null_smad_0546_z	0.0739078151819563	0.0674982992321798	185.957695881931	1.09495818446816	0.274951125473369	basement_membrane_score_z	TRUE		null_smad_0546	smad
null_smad_0546_z	0.0353729763258908	0.0669002042235099	182.882713229449	0.528742426670502	0.597625245402356	bm_minus_fibrillar_z	TRUE		null_smad_0546	smad
null_smad_0547_z	0.00897479892729759	0.067509935897973	192.963351368197	0.132940415479895	0.894379034392574	basement_membrane_score_z	TRUE		null_smad_0547	smad
null_smad_0547_z	0.00565179613116189	0.0671129979202722	186.031149900829	0.0842131376380477	0.932977527062807	bm_minus_fibrillar_z	TRUE		null_smad_0547	smad
null_smad_0548_z	0.0747835353272989	0.0664082677802631	173.803570507409	1.12611784386168	0.261668159120459	basement_membrane_score_z	TRUE		null_smad_0548	smad
null_smad_0548_z	-0.0811826374589624	0.0662422305856905	175.197150029535	-1.22554202570134	0.222015999490255	bm_minus_fibrillar_z	TRUE		null_smad_0548	smad
null_smad_0549_z	0.0714846880897299	0.067131979468373	192.106136760645	1.06483807949396	0.28828576155774	basement_membrane_score_z	TRUE		null_smad_0549	smad
null_smad_0549_z	0.157162376272377	0.0666983270290504	186.095626510212	2.35631661651611	0.0194971164590028	bm_minus_fibrillar_z	TRUE		null_smad_0549	smad
null_smad_0550_z	0.0711740756690299	0.0683519724528203	198.691371160737	1.04128780947993	0.299007364888597	basement_membrane_score_z	TRUE		null_smad_0550	smad
null_smad_0550_z	0.0606647701050492	0.0683938540797382	191.825900484297	0.886991542168718	0.376194154313502	bm_minus_fibrillar_z	TRUE		null_smad_0550	smad
null_smad_0551_z	0.174851328867361	0.0676858787927296	206.308399178823	2.58327633453349	0.010477782122593	basement_membrane_score_z	TRUE		null_smad_0551	smad
null_smad_0551_z	0.214887500432237	0.0673380053436964	198.861457638996	3.19117709732328	0.00164687074991572	bm_minus_fibrillar_z	TRUE		null_smad_0551	smad
null_smad_0552_z	0.150783198327246	0.0680316533546313	180.187796148819	2.21636827700265	0.0279180358137292	basement_membrane_score_z	TRUE		null_smad_0552	smad
null_smad_0552_z	0.138617220798386	0.0673330536597861	179.625269934484	2.05868014688266	0.0409685125150949	bm_minus_fibrillar_z	TRUE		null_smad_0552	smad
null_smad_0553_z	0.110522095153242	0.0686361690313272	209.509429455288	1.61026025655362	0.108846658623772	basement_membrane_score_z	TRUE		null_smad_0553	smad
null_smad_0553_z	0.196347834417339	0.0681397352220779	202.470449846801	2.88154677703709	0.00438383969520025	bm_minus_fibrillar_z	TRUE		null_smad_0553	smad
null_smad_0554_z	-0.00374621077897305	0.066814899956934	198.480428265285	-0.0560684934256834	0.955343643923652	basement_membrane_score_z	TRUE		null_smad_0554	smad
null_smad_0554_z	-0.13102335523725	0.0668110780113943	189.207005479705	-1.96110224736839	0.0513345184949411	bm_minus_fibrillar_z	TRUE		null_smad_0554	smad
null_smad_0555_z	0.061305195949972	0.066600727588678	195.802615274296	0.920488381577287	0.35845027681725	basement_membrane_score_z	TRUE		null_smad_0555	smad
null_smad_0555_z	-0.0895313277437616	0.0665630275634716	191.445718317408	-1.34506092978401	0.180196731819155	bm_minus_fibrillar_z	TRUE		null_smad_0555	smad
null_smad_0556_z	0.104595496984187	0.0691241830784857	197.613279570271	1.51315346273859	0.131838337698976	basement_membrane_score_z	TRUE		null_smad_0556	smad
null_smad_0556_z	0.145230713466592	0.0685840266577116	192.394458439469	2.11755886237779	0.0354967904415036	bm_minus_fibrillar_z	TRUE		null_smad_0556	smad
null_smad_0557_z	0.0744158564191523	0.06632788795087	179.17122025321	1.12193918302168	0.263389609570756	basement_membrane_score_z	TRUE		null_smad_0557	smad
null_smad_0557_z	-0.0656872609198374	0.0662865402892424	181.83649585742	-0.990959260103334	0.323022290925171	bm_minus_fibrillar_z	TRUE		null_smad_0557	smad
null_smad_0558_z	0.0506313477459157	0.0667283386437098	196.5876650185	0.758768295075611	0.448899935972877	basement_membrane_score_z	TRUE		null_smad_0558	smad
null_smad_0558_z	-0.119437730674739	0.0667992097354365	190.306627403162	-1.78801113288288	0.0753652396385846	bm_minus_fibrillar_z	TRUE		null_smad_0558	smad
null_smad_0559_z	-0.0231384717922813	0.0684394985833988	192.120416848091	-0.338086518329547	0.735667142472262	basement_membrane_score_z	TRUE		null_smad_0559	smad
null_smad_0559_z	0.000744633132674362	0.0679132212570331	183.97263839543	0.0109644796534703	0.991263666999545	bm_minus_fibrillar_z	TRUE		null_smad_0559	smad
null_smad_0560_z	0.143859074346695	0.0668883067272089	187.741171472615	2.15073577708279	0.0327754627317439	basement_membrane_score_z	TRUE		null_smad_0560	smad
null_smad_0560_z	0.166243006302893	0.066228128737217	185.29241217399	2.51015708087601	0.0129240611735543	bm_minus_fibrillar_z	TRUE		null_smad_0560	smad
null_smad_0561_z	0.00809142443666123	0.0665823054281423	181.888382770436	0.121525146728266	0.903409250248803	basement_membrane_score_z	TRUE		null_smad_0561	smad
null_smad_0561_z	-0.0968480428261708	0.0662933932857321	173.959474508536	-1.46090037070127	0.145846612129717	bm_minus_fibrillar_z	TRUE		null_smad_0561	smad
null_smad_0562_z	0.0358171302596546	0.0673327006550334	186.017050670735	0.531942576359101	0.595400495851294	basement_membrane_score_z	TRUE		null_smad_0562	smad
null_smad_0562_z	0.00196275567720772	0.0668599699587626	182.210077487822	0.0293562153620214	0.976612621617071	bm_minus_fibrillar_z	TRUE		null_smad_0562	smad
null_smad_0563_z	0.0608347828901249	0.068622420717957	201.767502265265	0.886514673391663	0.376395665544936	basement_membrane_score_z	TRUE		null_smad_0563	smad
null_smad_0563_z	0.161163486546375	0.0679454752599382	194.38152348269	2.37195318643093	0.0186710679499737	bm_minus_fibrillar_z	TRUE		null_smad_0563	smad
null_smad_0564_z	0.118128237837158	0.066158612541619	182.050852409481	1.78553076158975	0.0758399861143608	basement_membrane_score_z	TRUE		null_smad_0564	smad
null_smad_0564_z	0.00256324397843173	0.0661653553405633	185.247488852143	0.0387399714735652	0.969139422067211	bm_minus_fibrillar_z	TRUE		null_smad_0564	smad
null_smad_0565_z	0.0819867454382028	0.0677978705786233	192.392873188547	1.20928201340963	0.228038452690112	basement_membrane_score_z	TRUE		null_smad_0565	smad
null_smad_0565_z	0.0147205821745893	0.0677821146689743	193.487770141577	0.217175020969467	0.828300782944052	bm_minus_fibrillar_z	TRUE		null_smad_0565	smad
null_smad_0566_z	0.058911555584412	0.0675069010126102	199.252348094596	0.872674566610714	0.383890903809419	basement_membrane_score_z	TRUE		null_smad_0566	smad
null_smad_0566_z	0.0170809893396418	0.0674750728528393	194.003840340882	0.253145178174092	0.800424071128598	bm_minus_fibrillar_z	TRUE		null_smad_0566	smad
null_smad_0567_z	0.0371307753289622	0.0675278260670033	188.263651279412	0.549858887684609	0.583067885596587	basement_membrane_score_z	TRUE		null_smad_0567	smad
null_smad_0567_z	0.0242185228137324	0.0670566674243547	184.34322825962	0.361165022718327	0.718389661138081	bm_minus_fibrillar_z	TRUE		null_smad_0567	smad
null_smad_0568_z	0.00126494291675115	0.0673777558574337	200.892161764308	0.0187738950437541	0.985040111595065	basement_membrane_score_z	TRUE		null_smad_0568	smad
null_smad_0568_z	0.00246016354832379	0.067192988595358	193.106589767543	0.0366133967211833	0.970831082428744	bm_minus_fibrillar_z	TRUE		null_smad_0568	smad
null_smad_0569_z	0.0870478396454765	0.0672865651707173	195.432046379101	1.29368826339436	0.197299999806856	basement_membrane_score_z	TRUE		null_smad_0569	smad
null_smad_0569_z	0.139290637074766	0.0671526606120191	187.59370346925	2.0742385455065	0.0394225129870599	bm_minus_fibrillar_z	TRUE		null_smad_0569	smad
null_smad_0570_z	0.00644892442641251	0.0672858788268059	188.143993596331	0.0958436530644426	0.923746755494152	basement_membrane_score_z	TRUE		null_smad_0570	smad
null_smad_0570_z	-0.0238255125580624	0.0668627661648932	182.038369022455	-0.356334533024034	0.722002703646583	bm_minus_fibrillar_z	TRUE		null_smad_0570	smad
null_smad_0571_z	0.114568476296608	0.0665717142315373	186.944388118506	1.72097831067017	0.0869092115974456	basement_membrane_score_z	TRUE		null_smad_0571	smad
null_smad_0571_z	0.101742037079017	0.0663118595501939	183.363460435818	1.53429624458057	0.126680410078708	bm_minus_fibrillar_z	TRUE		null_smad_0571	smad
null_smad_0572_z	0.0329634844484846	0.0679429261917573	191.185103517697	0.485164332714355	0.628115243980716	basement_membrane_score_z	TRUE		null_smad_0572	smad
null_smad_0572_z	0.0877032609214782	0.0672937281050647	189.831284637109	1.30329026777278	0.194054189683676	bm_minus_fibrillar_z	TRUE		null_smad_0572	smad
null_smad_0573_z	-0.0553215080123733	0.0668508869889584	192.954464357962	-0.827535886270448	0.408955672833728	basement_membrane_score_z	TRUE		null_smad_0573	smad
null_smad_0573_z	-0.081578728444565	0.0663237377697181	186.277677585335	-1.23000800599951	0.220245252107406	bm_minus_fibrillar_z	TRUE		null_smad_0573	smad
null_smad_0574_z	0.0515382615537654	0.0685271800926799	183.793870585462	0.752084960800404	0.452962035086148	basement_membrane_score_z	TRUE		null_smad_0574	smad
null_smad_0574_z	0.143524689243473	0.0678307737403778	181.340813935987	2.11592292596887	0.0357162342834207	bm_minus_fibrillar_z	TRUE		null_smad_0574	smad
null_smad_0575_z	-0.0403326561348228	0.0670863376246675	196.668742173321	-0.601205216484982	0.548395623505112	basement_membrane_score_z	TRUE		null_smad_0575	smad
null_smad_0575_z	-0.002723394408432	0.0667907518788901	188.689507054517	-0.040775022466737	0.967518363855577	bm_minus_fibrillar_z	TRUE		null_smad_0575	smad
null_smad_0576_z	-0.0823222343397352	0.0666260920660459	192.988463156974	-1.23558551592865	0.218114613157813	basement_membrane_score_z	TRUE		null_smad_0576	smad
null_smad_0576_z	-0.041440670895151	0.0663822717080925	182.390647702061	-0.624273165543069	0.533228275350777	bm_minus_fibrillar_z	TRUE		null_smad_0576	smad
null_smad_0577_z	0.0145219890109837	0.0672240450532623	188.530144492585	0.216023730786772	0.829202797524742	basement_membrane_score_z	TRUE		null_smad_0577	smad
null_smad_0577_z	-0.0677925530982445	0.0669477211412059	182.2066615962	-1.01261927878406	0.312584838353596	bm_minus_fibrillar_z	TRUE		null_smad_0577	smad
null_smad_0578_z	0.00196881693202521	0.0662606050883705	173.481289874128	0.0297132350270487	0.976329911490513	basement_membrane_score_z	TRUE		null_smad_0578	smad
null_smad_0578_z	-0.0936960798213855	0.0653907712285886	170.422512457371	-1.43286396629043	0.153728556417691	bm_minus_fibrillar_z	TRUE		null_smad_0578	smad
null_smad_0579_z	0.0913664798296364	0.0699027726384004	205.701857347393	1.30705087053221	0.192654653905131	basement_membrane_score_z	TRUE		null_smad_0579	smad
null_smad_0579_z	0.199475510241317	0.068738042089076	198.433325759207	2.90196671564811	0.0041273349939268	bm_minus_fibrillar_z	TRUE		null_smad_0579	smad
null_smad_0580_z	0.172314757398374	0.0677409997134167	196.131503101435	2.54372917623542	0.0117384628508943	basement_membrane_score_z	TRUE		null_smad_0580	smad
null_smad_0580_z	0.216009543337226	0.0679788019106092	186.863331169823	3.17760150614709	0.0017378884869912	bm_minus_fibrillar_z	TRUE		null_smad_0580	smad
null_smad_0581_z	-0.0201940300495825	0.0673637238200601	198.087698272177	-0.299776035296448	0.764662324116564	basement_membrane_score_z	TRUE		null_smad_0581	smad
null_smad_0581_z	-0.103727865747197	0.0671171336068582	189.579624384186	-1.54547520391422	0.123899012351485	bm_minus_fibrillar_z	TRUE		null_smad_0581	smad
null_smad_0582_z	0.0462937742013216	0.067594559600947	192.833077496888	0.684874263174769	0.494245646619503	basement_membrane_score_z	TRUE		null_smad_0582	smad
null_smad_0582_z	0.143626413494026	0.0663693790210352	189.430843358249	2.16404636614884	0.0317124213164766	bm_minus_fibrillar_z	TRUE		null_smad_0582	smad
null_smad_0583_z	-0.0390206109989912	0.0672067708318637	195.117943865533	-0.58060535443091	0.562176430718841	basement_membrane_score_z	TRUE		null_smad_0583	smad
null_smad_0583_z	-0.0540792032055912	0.0669305299916614	187.221205097107	-0.807990063911473	0.420121733467648	bm_minus_fibrillar_z	TRUE		null_smad_0583	smad
null_smad_0584_z	-0.0582079067660349	0.0671372032742112	197.937799398906	-0.866999278005281	0.386992204337764	basement_membrane_score_z	TRUE		null_smad_0584	smad
null_smad_0584_z	-0.0742562506180525	0.0670519328741156	188.548907985854	-1.10744384889638	0.2695128626702	bm_minus_fibrillar_z	TRUE		null_smad_0584	smad
null_smad_0585_z	-0.0329307844900592	0.0676872959935545	187.45869571243	-0.48651351788665	0.627171424661273	basement_membrane_score_z	TRUE		null_smad_0585	smad
null_smad_0585_z	0.013406315539044	0.0670868247918555	180.085131695022	0.199835296731342	0.841834869172843	bm_minus_fibrillar_z	TRUE		null_smad_0585	smad
null_smad_0586_z	-0.0146390160883405	0.0677424513747822	199.952989454486	-0.216098115601852	0.829131562048185	basement_membrane_score_z	TRUE		null_smad_0586	smad
null_smad_0586_z	-0.0242048064054572	0.0675548880155918	192.731371728321	-0.358298372130684	0.720512171797804	bm_minus_fibrillar_z	TRUE		null_smad_0586	smad
null_smad_0587_z	0.0791486723284318	0.0678930308864843	195.704305399973	1.16578493101548	0.245120223561868	basement_membrane_score_z	TRUE		null_smad_0587	smad
null_smad_0587_z	0.081577661599882	0.0678876184448116	195.139900300626	1.20165743722767	0.230952596852068	bm_minus_fibrillar_z	TRUE		null_smad_0587	smad
null_smad_0588_z	-0.0706030341407019	0.0668692904700871	208.210383472736	-1.0558364481568	0.292266511486947	basement_membrane_score_z	TRUE		null_smad_0588	smad
null_smad_0588_z	-0.0486058477770845	0.0671803002059524	200.061472000657	-0.723513405389305	0.470209613402782	bm_minus_fibrillar_z	TRUE		null_smad_0588	smad
null_smad_0589_z	0.0963098318104012	0.0679650777784892	198.307239925881	1.41704879856524	0.158037773321664	basement_membrane_score_z	TRUE		null_smad_0589	smad
null_smad_0589_z	0.188097821656929	0.0671918036720427	193.318667830476	2.79941616949321	0.00563872769850481	bm_minus_fibrillar_z	TRUE		null_smad_0589	smad
null_smad_0590_z	0.16348667167897	0.0661164190782308	205.076185482088	2.47270910854274	0.0142227786799538	basement_membrane_score_z	TRUE		null_smad_0590	smad
null_smad_0590_z	0.00971235550134958	0.0673070607293056	202.369519160835	0.144299207187349	0.885407804074548	bm_minus_fibrillar_z	TRUE		null_smad_0590	smad
null_smad_0591_z	-0.00895720183107867	0.0672062759862126	205.582906891174	-0.133279246612567	0.894102909513041	basement_membrane_score_z	TRUE		null_smad_0591	smad
null_smad_0591_z	-0.0318644370673891	0.0672208541140895	198.370497383889	-0.474026066573145	0.63600264539727	bm_minus_fibrillar_z	TRUE		null_smad_0591	smad
null_smad_0592_z	-0.0213838397424612	0.0675101534083261	208.38190962394	-0.316749980008546	0.751750416897336	basement_membrane_score_z	TRUE		null_smad_0592	smad
null_smad_0592_z	-0.014833105654449	0.0676178879442679	199.298876874595	-0.219366592264383	0.826588995752818	bm_minus_fibrillar_z	TRUE		null_smad_0592	smad
null_smad_0593_z	-0.00706951659432204	0.0680298262134702	189.907122037275	-0.10391789877779	0.917344165571018	basement_membrane_score_z	TRUE		null_smad_0593	smad
null_smad_0593_z	-0.0415648516821892	0.0673909988558606	184.526375140737	-0.616771562788234	0.538145630385832	bm_minus_fibrillar_z	TRUE		null_smad_0593	smad
null_smad_0594_z	0.148116680398291	0.0668512900883478	178.807472927353	2.21561439132358	0.0279803356545427	basement_membrane_score_z	TRUE		null_smad_0594	smad
null_smad_0594_z	0.127030873572632	0.0665441873414808	179.635891952142	1.90897024439949	0.0578600764954163	bm_minus_fibrillar_z	TRUE		null_smad_0594	smad
null_smad_0595_z	0.167735189844105	0.0667515965494967	181.206720001254	2.51282663658431	0.0128494422150662	basement_membrane_score_z	TRUE		null_smad_0595	smad
null_smad_0595_z	0.114062129521442	0.0667694615505414	183.955688469159	1.70829787859083	0.0892678541661774	bm_minus_fibrillar_z	TRUE		null_smad_0595	smad
null_smad_0596_z	-0.00430727239207382	0.0674503008307533	197.693268033541	-0.0638584608077828	0.949147450734759	basement_membrane_score_z	TRUE		null_smad_0596	smad
null_smad_0596_z	0.0244099351623066	0.0672296310068867	191.718767068377	0.363082985831146	0.716942893425664	bm_minus_fibrillar_z	TRUE		null_smad_0596	smad
null_smad_0597_z	0.0371771301803673	0.0676227991735619	195.737587887722	0.549772127665815	0.583102420216905	basement_membrane_score_z	TRUE		null_smad_0597	smad
null_smad_0597_z	0.0630644251885484	0.0674395452853572	191.376109862406	0.935125302546208	0.350902175247274	bm_minus_fibrillar_z	TRUE		null_smad_0597	smad
null_smad_0598_z	-0.00409737839097745	0.0676415398353567	197.491746163538	-0.0605748834362834	0.951759031705196	basement_membrane_score_z	TRUE		null_smad_0598	smad
null_smad_0598_z	-0.0148762225548103	0.0674099914408879	190.994095591895	-0.220682753948356	0.825575187322507	bm_minus_fibrillar_z	TRUE		null_smad_0598	smad
null_smad_0599_z	0.0785609290802011	0.0675757011957026	201.10786139433	1.1625618038751	0.246385039914182	basement_membrane_score_z	TRUE		null_smad_0599	smad
null_smad_0599_z	-0.00142163232071409	0.067728971726597	197.757298755426	-0.0209900177792869	0.983274781695089	bm_minus_fibrillar_z	TRUE		null_smad_0599	smad
null_smad_0600_z	-0.0348764849074039	0.0668221293903523	201.163825099335	-0.521930163339562	0.602293170749213	basement_membrane_score_z	TRUE		null_smad_0600	smad
null_smad_0600_z	-0.0691064584364516	0.0668691735527556	192.047878295147	-1.03345764221134	0.302689420521778	bm_minus_fibrillar_z	TRUE		null_smad_0600	smad
null_smad_0601_z	0.19642619732474	0.0690691854440769	202.387769831549	2.84390493476689	0.00491386329661871	basement_membrane_score_z	TRUE		null_smad_0601	smad
null_smad_0601_z	0.242549772669583	0.0684515495965479	198.730757174148	3.54337884385623	0.000492347341452826	bm_minus_fibrillar_z	TRUE		null_smad_0601	smad
null_smad_0602_z	0.0332144167254187	0.0672256061037738	208.950515513117	0.49407389015053	0.621772985782425	basement_membrane_score_z	TRUE		null_smad_0602	smad
null_smad_0602_z	-0.0757138451392583	0.0675305554361335	204.774590350697	-1.12117906702047	0.263524729060199	bm_minus_fibrillar_z	TRUE		null_smad_0602	smad
null_smad_0603_z	0.153204217847411	0.0673059722810358	202.499775396088	2.27623511933989	0.0238778802210214	basement_membrane_score_z	TRUE		null_smad_0603	smad
null_smad_0603_z	0.100582266805558	0.06758007206367	195.579461059384	1.48834210639484	0.138271300313644	bm_minus_fibrillar_z	TRUE		null_smad_0603	smad
null_smad_0604_z	0.0706048671861525	0.0675091186435913	192.92939437594	1.04585674653679	0.296935737301722	basement_membrane_score_z	TRUE		null_smad_0604	smad
null_smad_0604_z	-0.0115179467065958	0.0673743740681169	187.946754687497	-0.170954415026564	0.86444351415497	bm_minus_fibrillar_z	TRUE		null_smad_0604	smad
null_smad_0605_z	0.0314388221675589	0.0666483671600134	195.711802953594	0.471711813915541	0.637657962314367	basement_membrane_score_z	TRUE		null_smad_0605	smad
null_smad_0605_z	-0.0635579039672548	0.0665718703682401	191.082339831663	-0.954726127051655	0.340922448932713	bm_minus_fibrillar_z	TRUE		null_smad_0605	smad
null_smad_0606_z	0.0794099978539816	0.0669221642973253	204.113771084108	1.18660235645062	0.236763785590491	basement_membrane_score_z	TRUE		null_smad_0606	smad
null_smad_0606_z	-0.119599695193053	0.0670821437785233	201.351888702073	-1.78288421413484	0.0761116976175307	bm_minus_fibrillar_z	TRUE		null_smad_0606	smad
null_smad_0607_z	0.0694120515207487	0.0688380919891087	205.137751705664	1.00833781871425	0.314480200498526	basement_membrane_score_z	TRUE		null_smad_0607	smad
null_smad_0607_z	0.140646136241732	0.0685057859492462	198.433331123718	2.05305485212494	0.0413793031564562	bm_minus_fibrillar_z	TRUE		null_smad_0607	smad
null_smad_0608_z	0.129534486348838	0.0679579907853746	194.067992070991	1.90609647006684	0.0581154627941252	basement_membrane_score_z	TRUE		null_smad_0608	smad
null_smad_0608_z	0.0736573327580488	0.0680707736972191	189.853870036725	1.08206986284127	0.280593943729789	bm_minus_fibrillar_z	TRUE		null_smad_0608	smad
null_smad_0609_z	-0.0748785673021681	0.0668045001377	191.105131138932	-1.12086112683765	0.263753510866379	basement_membrane_score_z	TRUE		null_smad_0609	smad
null_smad_0609_z	0.000704462813664089	0.066482111720587	183.850878222432	0.0105962761325156	0.991557042411878	bm_minus_fibrillar_z	TRUE		null_smad_0609	smad
null_smad_0610_z	0.0565774984646181	0.0660836203522046	168.326283289953	0.856150104414348	0.3931318749271	basement_membrane_score_z	TRUE		null_smad_0610	smad
null_smad_0610_z	-0.037683402356378	0.0653506567336701	169.89160126123	-0.576633873932635	0.564950026573787	bm_minus_fibrillar_z	TRUE		null_smad_0610	smad
null_smad_0611_z	0.178416620550985	0.0679355128754006	198.495950681897	2.62626442341307	0.0093060393244697	basement_membrane_score_z	TRUE		null_smad_0611	smad
null_smad_0611_z	0.207934490147643	0.0682164483504771	190.140515721236	3.04815766835784	0.00263031052144599	bm_minus_fibrillar_z	TRUE		null_smad_0611	smad
null_smad_0612_z	0.21240844386855	0.0688604156453385	206.874701500865	3.08462331918743	0.00231643762380236	basement_membrane_score_z	TRUE		null_smad_0612	smad
null_smad_0612_z	0.226303694509226	0.068970444973039	202.778467061657	3.28116912392967	0.00121705112884695	bm_minus_fibrillar_z	TRUE		null_smad_0612	smad
null_smad_0613_z	0.0246326608392871	0.0673472520752088	189.514901775847	0.36575598974371	0.714955092910631	basement_membrane_score_z	TRUE		null_smad_0613	smad
null_smad_0613_z	0.0409956665559198	0.0665763617400387	185.717709650106	0.615769103093917	0.538800832617566	bm_minus_fibrillar_z	TRUE		null_smad_0613	smad
null_smad_0614_z	-0.0443551469799266	0.0665087665256277	188.138025403867	-0.666906774805924	0.50564875924431	basement_membrane_score_z	TRUE		null_smad_0614	smad
null_smad_0614_z	-0.104746793608403	0.0658315555982658	180.50671639065	-1.59113350210978	0.113329318495015	bm_minus_fibrillar_z	TRUE		null_smad_0614	smad
null_smad_0615_z	0.0102422369758833	0.0679673780696306	196.957086960744	0.150693424798444	0.880371780610512	basement_membrane_score_z	TRUE		null_smad_0615	smad
null_smad_0615_z	0.0699291022026965	0.0675132279712488	191.370152997486	1.03578371682178	0.301610115693825	bm_minus_fibrillar_z	TRUE		null_smad_0615	smad
null_smad_0616_z	0.167537924825199	0.0669033976063922	197.017966144284	2.5041766310713	0.0130851235262586	basement_membrane_score_z	TRUE		null_smad_0616	smad
null_smad_0616_z	0.195464932465083	0.0672131223433544	186.859731358323	2.90813647172291	0.00407646997070595	bm_minus_fibrillar_z	TRUE		null_smad_0616	smad
null_smad_0617_z	0.0685754232738205	0.0673059804151641	202.536037295388	1.01886077360178	0.309484566690643	basement_membrane_score_z	TRUE		null_smad_0617	smad
null_smad_0617_z	-0.000763894529069174	0.0674872547525706	200.431409628333	-0.0113190932401955	0.990980121624165	bm_minus_fibrillar_z	TRUE		null_smad_0617	smad
null_smad_0618_z	-0.0906076160723077	0.0669053945059183	199.519853166306	-1.35426473069063	0.17718371073463	basement_membrane_score_z	TRUE		null_smad_0618	smad
null_smad_0618_z	-0.0493908909934102	0.0667531146925546	190.920063310598	-0.739903916407351	0.460267148721894	bm_minus_fibrillar_z	TRUE		null_smad_0618	smad
null_smad_0619_z	0.0785609290802011	0.0675757011957026	201.10786139433	1.1625618038751	0.246385039914182	basement_membrane_score_z	TRUE		null_smad_0619	smad
null_smad_0619_z	-0.00142163232071409	0.067728971726597	197.757298755426	-0.0209900177792869	0.983274781695089	bm_minus_fibrillar_z	TRUE		null_smad_0619	smad
null_smad_0620_z	0.0978892252779437	0.0668856403572932	180.698247987515	1.46353125656021	0.145059419321203	basement_membrane_score_z	TRUE		null_smad_0620	smad
null_smad_0620_z	0.020235688183896	0.0667364584862242	183.968528648998	0.303217890833584	0.762066431069165	bm_minus_fibrillar_z	TRUE		null_smad_0620	smad
null_smad_0621_z	0.0936813776718606	0.066519897778801	191.451911450365	1.40832113097016	0.160657827926308	basement_membrane_score_z	TRUE		null_smad_0621	smad
null_smad_0621_z	-0.0905317335578725	0.0665832108361282	189.218632541518	-1.35967809934377	0.175549810575951	bm_minus_fibrillar_z	TRUE		null_smad_0621	smad
null_smad_0622_z	0.0300939902230814	0.0675751996745078	205.757658413504	0.44534075175562	0.656541702162831	basement_membrane_score_z	TRUE		null_smad_0622	smad
null_smad_0622_z	-0.0736110510062462	0.0677529944341532	200.280716060726	-1.08646195819118	0.278580538146633	bm_minus_fibrillar_z	TRUE		null_smad_0622	smad
null_smad_0623_z	0.098292887634638	0.0682374289000137	190.460774839544	1.4404541498576	0.151380780050899	basement_membrane_score_z	TRUE		null_smad_0623	smad
null_smad_0623_z	0.121099347576739	0.0679446490129488	189.602329607307	1.78232354329567	0.0762967425855947	bm_minus_fibrillar_z	TRUE		null_smad_0623	smad
null_smad_0624_z	-0.00308210602004791	0.0674891587120139	190.302853420181	-0.0456681647670214	0.963622624608791	basement_membrane_score_z	TRUE		null_smad_0624	smad
null_smad_0624_z	-0.0327960472840243	0.0670896388458284	185.211223240109	-0.488839228355207	0.625533867044047	bm_minus_fibrillar_z	TRUE		null_smad_0624	smad
null_smad_0625_z	0.111682471984575	0.0679220652457804	195.243407367556	1.64427379498024	0.101728837986361	basement_membrane_score_z	TRUE		null_smad_0625	smad
null_smad_0625_z	0.093018785945805	0.0677683302042108	189.323400682761	1.37259964448741	0.171500655709441	bm_minus_fibrillar_z	TRUE		null_smad_0625	smad
null_smad_0626_z	-0.0537860735444326	0.0669037384644633	198.56799236198	-0.803932258180187	0.422397476981185	basement_membrane_score_z	TRUE		null_smad_0626	smad
null_smad_0626_z	-0.120176246045282	0.0666274952409566	186.773787731419	-1.80370349524124	0.0728892663843296	bm_minus_fibrillar_z	TRUE		null_smad_0626	smad
null_smad_0627_z	0.0907246328846524	0.0668437990535925	190.180020400978	1.35726326404508	0.17630610939365	basement_membrane_score_z	TRUE		null_smad_0627	smad
null_smad_0627_z	-0.0346856107047623	0.0669224460139031	190.126639753046	-0.518295620837834	0.604854665661115	bm_minus_fibrillar_z	TRUE		null_smad_0627	smad
null_smad_0628_z	-0.0316090155672962	0.0668882530603149	187.741169505081	-0.472564525474952	0.637072776039667	basement_membrane_score_z	TRUE		null_smad_0628	smad
null_smad_0628_z	0.00737197102387964	0.0663575011711665	181.699461650324	0.111094765380992	0.911663820375713	bm_minus_fibrillar_z	TRUE		null_smad_0628	smad
null_smad_0629_z	0.132142849989281	0.0679181192536561	178.687437300295	1.94561998243447	0.0532693409118001	basement_membrane_score_z	TRUE		null_smad_0629	smad
null_smad_0629_z	0.15648430555988	0.0663846997023776	182.136537232306	2.35723451731265	0.0194732028235576	bm_minus_fibrillar_z	TRUE		null_smad_0629	smad
null_smad_0630_z	0.0438827026735843	0.0674303854362626	197.79962241383	0.650785286034937	0.515940354634275	basement_membrane_score_z	TRUE		null_smad_0630	smad
null_smad_0630_z	0.0246109248904189	0.0669353123094004	191.096999483744	0.367682229921597	0.713517097077323	bm_minus_fibrillar_z	TRUE		null_smad_0630	smad
null_smad_0631_z	0.00735738721861205	0.0672787280311633	191.503329344665	0.109356812084856	0.913033993114304	basement_membrane_score_z	TRUE		null_smad_0631	smad
null_smad_0631_z	0.0251621964867528	0.0667367027609949	186.155982242492	0.377036854470718	0.706575668689666	bm_minus_fibrillar_z	TRUE		null_smad_0631	smad
null_smad_0632_z	-0.0553215080123733	0.0668508869889584	192.954464357962	-0.827535886270448	0.408955672833728	basement_membrane_score_z	TRUE		null_smad_0632	smad
null_smad_0632_z	-0.081578728444565	0.0663237377697181	186.277677585335	-1.23000800599951	0.220245252107406	bm_minus_fibrillar_z	TRUE		null_smad_0632	smad
null_smad_0633_z	0.111219732264203	0.0663969162641429	189.405514054251	1.6750737612835	0.0955699547352068	basement_membrane_score_z	TRUE		null_smad_0633	smad
null_smad_0633_z	0.0234009418334824	0.066432268553471	189.838426916185	0.35225263780729	0.725039543044948	bm_minus_fibrillar_z	TRUE		null_smad_0633	smad
null_smad_0634_z	-0.0306189654736606	0.0671697114279784	202.981916514002	-0.455844826823341	0.648988860452568	basement_membrane_score_z	TRUE		null_smad_0634	smad
null_smad_0634_z	-0.071938716769955	0.0669278881971618	195.395393647261	-1.07486906740628	0.283758846150563	bm_minus_fibrillar_z	TRUE		null_smad_0634	smad
null_smad_0635_z	0.0213557750932154	0.0681410441351669	197.589283267477	0.313405457228588	0.75430322635454	basement_membrane_score_z	TRUE		null_smad_0635	smad
null_smad_0635_z	0.0304194578230025	0.0678558048947793	192.368583180922	0.448295586061833	0.654444392196588	bm_minus_fibrillar_z	TRUE		null_smad_0635	smad
null_smad_0636_z	0.117045812445765	0.0676708134133949	201.262010188819	1.72963507517993	0.0852286466875422	basement_membrane_score_z	TRUE		null_smad_0636	smad
null_smad_0636_z	0.208409672535893	0.0662784443873759	193.981219988802	3.14445630796352	0.00192560296791475	bm_minus_fibrillar_z	TRUE		null_smad_0636	smad
null_smad_0637_z	-0.0903107030735821	0.0669442931576576	193.531324850871	-1.34904259666907	0.178899550257973	basement_membrane_score_z	TRUE		null_smad_0637	smad
null_smad_0637_z	-0.0303097870387741	0.0667694944856921	184.325149537484	-0.453946630452161	0.650401279047391	bm_minus_fibrillar_z	TRUE		null_smad_0637	smad
null_smad_0638_z	0.00883939884140967	0.0666672951369368	194.242122066398	0.132589732690568	0.894655103026572	basement_membrane_score_z	TRUE		null_smad_0638	smad
null_smad_0638_z	-0.0837613221401927	0.0665357909765754	187.388428837407	-1.25889120593278	0.209635651237481	bm_minus_fibrillar_z	TRUE		null_smad_0638	smad
null_smad_0639_z	0.0800761282473787	0.0669314477400695	194.144477963275	1.19639020148432	0.233003335957552	basement_membrane_score_z	TRUE		null_smad_0639	smad
null_smad_0639_z	-0.0251017118126111	0.0670522537610069	194.26836829338	-0.374360448823699	0.708544466316433	bm_minus_fibrillar_z	TRUE		null_smad_0639	smad
null_smad_0640_z	0.0159530511326444	0.0679158561099679	193.935414418457	0.234894353784093	0.814538557313172	basement_membrane_score_z	TRUE		null_smad_0640	smad
null_smad_0640_z	0.0360415971614076	0.0675940343833997	189.305715790212	0.533206776162764	0.594515878848037	bm_minus_fibrillar_z	TRUE		null_smad_0640	smad
null_smad_0641_z	0.0899600530425333	0.0689601173467081	192.15419774202	1.30452291126833	0.193615630007159	basement_membrane_score_z	TRUE		null_smad_0641	smad
null_smad_0641_z	0.166533051100507	0.0676076665303005	188.74852423974	2.46322731795321	0.014665201389008	bm_minus_fibrillar_z	TRUE		null_smad_0641	smad
null_smad_0642_z	0.0313812362069075	0.0664967031752822	187.10013224866	0.471921684962155	0.637532592751409	basement_membrane_score_z	TRUE		null_smad_0642	smad
null_smad_0642_z	-0.100660668653348	0.0661407539355198	183.708917463568	-1.52191595444288	0.129749546081861	bm_minus_fibrillar_z	TRUE		null_smad_0642	smad
null_smad_0643_z	0.0378795192686763	0.0664949670432201	186.363262204698	0.569659945000883	0.569594383371716	basement_membrane_score_z	TRUE		null_smad_0643	smad
null_smad_0643_z	-0.0141999079117984	0.0660595409133222	182.606910552079	-0.214956200353108	0.830041343483994	bm_minus_fibrillar_z	TRUE		null_smad_0643	smad
null_smad_0644_z	0.128598808494241	0.0686038647118667	193.232044504512	1.87451259538148	0.0623688005313559	basement_membrane_score_z	TRUE		null_smad_0644	smad
null_smad_0644_z	0.0863229057353319	0.068555155446765	191.083476936739	1.25917453140871	0.209503300693628	bm_minus_fibrillar_z	TRUE		null_smad_0644	smad
null_smad_0645_z	0.126067880518148	0.067123333096237	200.533201299967	1.87815286731069	0.0618115854722937	basement_membrane_score_z	TRUE		null_smad_0645	smad
null_smad_0645_z	0.184781020520626	0.0668354758505642	192.419918581428	2.76471466940361	0.00625148342566016	bm_minus_fibrillar_z	TRUE		null_smad_0645	smad
null_smad_0646_z	0.0190344773179129	0.0665737096489046	187.46451227964	0.285915828009235	0.775258282747665	basement_membrane_score_z	TRUE		null_smad_0646	smad
null_smad_0646_z	-0.151732252009909	0.0665237019161945	174.191609899478	-2.28087505113679	0.0237669427810608	bm_minus_fibrillar_z	TRUE		null_smad_0646	smad
null_smad_0647_z	0.0708092586368882	0.0663766163600916	183.292071560956	1.06678017831987	0.287474211344418	basement_membrane_score_z	TRUE		null_smad_0647	smad
null_smad_0647_z	-0.0493015047401141	0.0663289601439611	185.228713377997	-0.743287768014296	0.458249188287205	bm_minus_fibrillar_z	TRUE		null_smad_0647	smad
null_smad_0648_z	-0.0388700939719237	0.0669303290668767	193.381556438481	-0.580754562450825	0.56208206363035	basement_membrane_score_z	TRUE		null_smad_0648	smad
null_smad_0648_z	-0.030364364440465	0.0665049970143749	186.57166950285	-0.456572675793095	0.648509304490969	bm_minus_fibrillar_z	TRUE		null_smad_0648	smad
null_smad_0649_z	0.0905611991527313	0.0683136278538482	200.452785511473	1.3256681279829	0.186458431737712	basement_membrane_score_z	TRUE		null_smad_0649	smad
null_smad_0649_z	0.152262202978317	0.0677786339769945	196.720339305094	2.24646314102462	0.0257857449763765	bm_minus_fibrillar_z	TRUE		null_smad_0649	smad
null_smad_0650_z	0.0839097380872487	0.0672094266300172	198.456768258028	1.24848168321931	0.213325538476158	basement_membrane_score_z	TRUE		null_smad_0650	smad
null_smad_0650_z	0.102792842294274	0.0671711055437003	192.237216482501	1.53031339088798	0.127583053977776	bm_minus_fibrillar_z	TRUE		null_smad_0650	smad
null_smad_0651_z	-0.017566528389629	0.067631430079741	200.999233245228	-0.259739123790775	0.795330864289887	basement_membrane_score_z	TRUE		null_smad_0651	smad
null_smad_0651_z	0.0332182882467283	0.0674361711531244	193.597590901688	0.492588586788253	0.622861495421995	bm_minus_fibrillar_z	TRUE		null_smad_0651	smad
null_smad_0652_z	0.0689381493249525	0.0666407396658966	195.536866795536	1.03447455221196	0.30219205578318	basement_membrane_score_z	TRUE		null_smad_0652	smad
null_smad_0652_z	-0.0160848237733778	0.0665706150228135	191.459419526492	-0.24162047726111	0.809332838876204	bm_minus_fibrillar_z	TRUE		null_smad_0652	smad
null_smad_0653_z	0.178416620550985	0.0679355128754006	198.495950681897	2.62626442341307	0.0093060393244697	basement_membrane_score_z	TRUE		null_smad_0653	smad
null_smad_0653_z	0.207934490147643	0.0682164483504771	190.140515721236	3.04815766835784	0.00263031052144599	bm_minus_fibrillar_z	TRUE		null_smad_0653	smad
null_smad_0654_z	-0.0181256255069423	0.0671877304320597	198.234919736213	-0.269775826484731	0.787613341060218	basement_membrane_score_z	TRUE		null_smad_0654	smad
null_smad_0654_z	-0.0209475514286653	0.0669783344775143	191.568518596688	-0.312751154415429	0.75480992929648	bm_minus_fibrillar_z	TRUE		null_smad_0654	smad
null_smad_0655_z	0.0999628420886693	0.0683468105841457	186.956055803448	1.46258239754435	0.145260703703229	basement_membrane_score_z	TRUE		null_smad_0655	smad
null_smad_0655_z	0.0843997179852689	0.0679748832076636	187.252966932366	1.24163093781901	0.215925763958045	bm_minus_fibrillar_z	TRUE		null_smad_0655	smad
null_smad_0656_z	-0.0389313099158388	0.0666488123302899	188.838237311404	-0.584126086492101	0.559832613103723	basement_membrane_score_z	TRUE		null_smad_0656	smad
null_smad_0656_z	-0.0483456771311565	0.0661511777045477	183.091486038523	-0.730836227090072	0.465813399057651	bm_minus_fibrillar_z	TRUE		null_smad_0656	smad
null_smad_0657_z	0.065964971861312	0.0664408401283592	190.609665476051	0.992837714482119	0.322047733026055	basement_membrane_score_z	TRUE		null_smad_0657	smad
null_smad_0657_z	-0.0852479721736699	0.0664377280859699	186.811643659964	-1.28312593807181	0.201037501732908	bm_minus_fibrillar_z	TRUE		null_smad_0657	smad
null_smad_0658_z	0.104784086025216	0.0672108494647	194.332203966251	1.55903528760263	0.120615061711982	basement_membrane_score_z	TRUE		null_smad_0658	smad
null_smad_0658_z	-0.0201968566462479	0.0675340494897484	192.754517568697	-0.299061833235896	0.765215058642025	bm_minus_fibrillar_z	TRUE		null_smad_0658	smad
null_smad_0659_z	0.0917789038261061	0.0679042303978922	205.958922980655	1.35159331441234	0.177988036500363	basement_membrane_score_z	TRUE		null_smad_0659	smad
null_smad_0659_z	0.175028955094723	0.0672689619123098	196.658962879684	2.60192739889292	0.00997559271687715	bm_minus_fibrillar_z	TRUE		null_smad_0659	smad
null_smad_0660_z	0.118835674081395	0.0676248821021344	193.207462841363	1.75727735690417	0.0804544103773993	basement_membrane_score_z	TRUE		null_smad_0660	smad
null_smad_0660_z	0.0966993508041216	0.0676096462862638	188.622902393681	1.43025967618127	0.154296907923782	bm_minus_fibrillar_z	TRUE		null_smad_0660	smad
null_smad_0661_z	0.00388023318177557	0.067298990230488	193.632262525813	0.0576566330116753	0.954081593016014	basement_membrane_score_z	TRUE		null_smad_0661	smad
null_smad_0661_z	-0.0214937576670709	0.0669904083562943	186.939948883558	-0.320848285515061	0.748683759479139	bm_minus_fibrillar_z	TRUE		null_smad_0661	smad
null_smad_0662_z	-0.00425405416794827	0.067575810809576	199.056191623948	-0.0629523215035614	0.949867639029467	basement_membrane_score_z	TRUE		null_smad_0662	smad
null_smad_0662_z	-0.00297380755094904	0.0673411551761379	191.95754961037	-0.0441603287494955	0.964822507641105	bm_minus_fibrillar_z	TRUE		null_smad_0662	smad
null_smad_0663_z	-0.0222884127114614	0.0677082407595611	193.549631314704	-0.329183160888936	0.742373183783383	basement_membrane_score_z	TRUE		null_smad_0663	smad
null_smad_0663_z	0.0212382000071193	0.0673427133021792	186.567667760871	0.315374878226536	0.752829520401142	bm_minus_fibrillar_z	TRUE		null_smad_0663	smad
null_smad_0664_z	0.0726498827317674	0.0684581369765181	201.594063761836	1.06123078921483	0.289854744281642	basement_membrane_score_z	TRUE		null_smad_0664	smad
null_smad_0664_z	0.160086224151016	0.0679280544207881	192.632870424082	2.35670262479981	0.0194418906066612	bm_minus_fibrillar_z	TRUE		null_smad_0664	smad
null_smad_0665_z	0.0598154658672066	0.0673117320520467	180.601162558741	0.888633586504001	0.375382064926937	basement_membrane_score_z	TRUE		null_smad_0665	smad
null_smad_0665_z	0.00934476861403384	0.0667813178391264	179.612319307013	0.139930880617616	0.888871392226445	bm_minus_fibrillar_z	TRUE		null_smad_0665	smad
null_smad_0666_z	0.137803660850942	0.0676807564814573	194.061215397451	2.03608334207518	0.0431009329181381	basement_membrane_score_z	TRUE		null_smad_0666	smad
null_smad_0666_z	0.155900318477086	0.0673132681692604	191.033012092971	2.31604143903802	0.0216173456906164	bm_minus_fibrillar_z	TRUE		null_smad_0666	smad
null_smad_0667_z	0.0117007264848858	0.0669875295322204	193.51016669691	0.174670219466115	0.861521383224159	basement_membrane_score_z	TRUE		null_smad_0667	smad
null_smad_0667_z	-0.0427230491207962	0.0666202876286296	189.323691265703	-0.64129187431542	0.522108641981385	bm_minus_fibrillar_z	TRUE		null_smad_0667	smad
null_smad_0668_z	0.0777752099494235	0.0684607388767681	197.758364683872	1.13605566088648	0.257308124651775	basement_membrane_score_z	TRUE		null_smad_0668	smad
null_smad_0668_z	0.112914327785045	0.0683084790727687	193.812136539823	1.65300602967251	0.0999485644107958	bm_minus_fibrillar_z	TRUE		null_smad_0668	smad
null_smad_0669_z	-0.0567653495063865	0.0671397517951245	190.436662865332	-0.845480478980689	0.398903658555129	basement_membrane_score_z	TRUE		null_smad_0669	smad
null_smad_0669_z	-0.00251783760005439	0.0667463549959986	182.401898614655	-0.037722473387578	0.969950210941064	bm_minus_fibrillar_z	TRUE		null_smad_0669	smad
null_smad_0670_z	-0.0558139866686335	0.0671566218834546	207.630196291875	-0.831101760381791	0.406870858860492	basement_membrane_score_z	TRUE		null_smad_0670	smad
null_smad_0670_z	-0.138775637786663	0.0669158816071712	201.357841905516	-2.07388193136785	0.0393623608489968	bm_minus_fibrillar_z	TRUE		null_smad_0670	smad
null_smad_0671_z	0.106433433223735	0.0677724383752186	196.828087232271	1.57045305990722	0.117915897348741	basement_membrane_score_z	TRUE		null_smad_0671	smad
null_smad_0671_z	0.190692029043884	0.0671182251261144	189.382006242931	2.84113634837	0.00498741848515357	bm_minus_fibrillar_z	TRUE		null_smad_0671	smad
null_smad_0672_z	0.00631011359229764	0.0669461001393684	199.452295143834	0.0942566270352007	0.924999924503259	basement_membrane_score_z	TRUE		null_smad_0672	smad
null_smad_0672_z	-0.0200091242989745	0.0667556163122889	190.465246777185	-0.299736942062972	0.764704670341544	bm_minus_fibrillar_z	TRUE		null_smad_0672	smad
null_smad_0673_z	0.232987109395178	0.0672503914829627	206.453784593597	3.46447216525428	0.000645991705604981	basement_membrane_score_z	TRUE		null_smad_0673	smad
null_smad_0673_z	0.23480309153243	0.0675822499606875	201.503148681555	3.47433078462191	0.000626908912586343	bm_minus_fibrillar_z	TRUE		null_smad_0673	smad
null_smad_0674_z	0.105349458647483	0.0684143023502131	204.96357841264	1.53987477805735	0.125133282093623	basement_membrane_score_z	TRUE		null_smad_0674	smad
null_smad_0674_z	0.167342839059316	0.0681562202350248	199.42134905108	2.45528344268892	0.0149338159841194	bm_minus_fibrillar_z	TRUE		null_smad_0674	smad
null_smad_0675_z	0.018721699692166	0.0666476977281051	194.990931622476	0.280905422548018	0.77908077810238	basement_membrane_score_z	TRUE		null_smad_0675	smad
null_smad_0675_z	-0.121483195787157	0.0664745968864861	189.02726760735	-1.82751308736186	0.0691993782611245	bm_minus_fibrillar_z	TRUE		null_smad_0675	smad
null_smad_0676_z	-0.0608683046613921	0.066747912786291	206.118922704886	-0.911913228751829	0.362879700090266	basement_membrane_score_z	TRUE		null_smad_0676	smad
null_smad_0676_z	-0.0974178194456698	0.0669201683363024	198.572765156842	-1.45573183492462	0.147045928197678	bm_minus_fibrillar_z	TRUE		null_smad_0676	smad
null_smad_0677_z	0.112585665038658	0.0676380551353553	205.769130341601	1.66453137680193	0.0975282513592935	basement_membrane_score_z	TRUE		null_smad_0677	smad
null_smad_0677_z	0.136428894114495	0.0675642208456221	199.571082535001	2.01924764922876	0.0447991188374401	bm_minus_fibrillar_z	TRUE		null_smad_0677	smad
null_smad_0678_z	0.172948614525942	0.0684970939567003	205.353057713456	2.52490440886835	0.012328821119089	basement_membrane_score_z	TRUE		null_smad_0678	smad
null_smad_0678_z	0.148453907149649	0.0690307042097426	198.488027159655	2.15054893107547	0.0327209073281818	bm_minus_fibrillar_z	TRUE		null_smad_0678	smad
null_smad_0679_z	0.0742029088245088	0.0674334067190431	194.766620353941	1.10038795954163	0.272521276661987	basement_membrane_score_z	TRUE		null_smad_0679	smad
null_smad_0679_z	-0.018900969011178	0.0674727367541357	192.962314733866	-0.28012749920092	0.779679763936243	bm_minus_fibrillar_z	TRUE		null_smad_0679	smad
null_smad_0680_z	0.0735077007264798	0.0663953830785396	183.133858118222	1.10712066589822	0.26969383177521	basement_membrane_score_z	TRUE		null_smad_0680	smad
null_smad_0680_z	-0.0187100988600794	0.066144313843429	184.491812248435	-0.282867835085088	0.77759527394524	bm_minus_fibrillar_z	TRUE		null_smad_0680	smad
null_smad_0681_z	-0.0405047545494024	0.0673308232456563	201.576982454785	-0.601578186585079	0.54813091259871	basement_membrane_score_z	TRUE		null_smad_0681	smad
null_smad_0681_z	0.0367686281629706	0.067213412009032	193.500175183138	0.547043024062365	0.584979503937466	bm_minus_fibrillar_z	TRUE		null_smad_0681	smad
null_smad_0682_z	0.0501555685400402	0.0665558356739173	188.589346066535	0.753586338931595	0.452037443926933	basement_membrane_score_z	TRUE		null_smad_0682	smad
null_smad_0682_z	-0.0293422463997833	0.0663437323064643	186.322051979865	-0.442276088180289	0.65880238499512	bm_minus_fibrillar_z	TRUE		null_smad_0682	smad
null_smad_0683_z	-0.0761431104442849	0.0667456969031553	207.655940248259	-1.14079429801691	0.255269488359791	basement_membrane_score_z	TRUE		null_smad_0683	smad
null_smad_0683_z	-0.142593265199215	0.0668293206386084	200.240304982925	-2.13369317294596	0.0340845438463123	bm_minus_fibrillar_z	TRUE		null_smad_0683	smad
null_smad_0684_z	0.00585939389461492	0.0676485513131258	189.930096203843	0.0866152161558266	0.931068615419521	basement_membrane_score_z	TRUE		null_smad_0684	smad
null_smad_0684_z	0.0505654953946932	0.0671789071713407	187.056617603178	0.752698987283691	0.452577015648885	bm_minus_fibrillar_z	TRUE		null_smad_0684	smad
null_smad_0685_z	0.0371618618984863	0.0684692308862412	190.950646378628	0.542752728743649	0.587932992937989	basement_membrane_score_z	TRUE		null_smad_0685	smad
null_smad_0685_z	0.0367186738202012	0.0678913958777871	189.474994169413	0.540844290288263	0.589250165366937	bm_minus_fibrillar_z	TRUE		null_smad_0685	smad
null_smad_0686_z	0.101278718160211	0.0678376298551016	195.93683352012	1.49295779313839	0.137056707362688	basement_membrane_score_z	TRUE		null_smad_0686	smad
null_smad_0686_z	0.172070159732005	0.0673988497648157	192.367319614874	2.55301329818586	0.011455213507051	bm_minus_fibrillar_z	TRUE		null_smad_0686	smad
null_smad_0687_z	0.123710229962417	0.0684943757214784	194.738052142247	1.80613705372636	0.0724409781596279	basement_membrane_score_z	TRUE		null_smad_0687	smad
null_smad_0687_z	0.203527334200798	0.0676102504485271	193.276625901416	3.01030291783562	0.00295814092402792	bm_minus_fibrillar_z	TRUE		null_smad_0687	smad
null_smad_0688_z	-0.00733569423711624	0.0669593397979608	188.457119804131	-0.109554458858921	0.91287929801013	basement_membrane_score_z	TRUE		null_smad_0688	smad
null_smad_0688_z	0.00968268186117966	0.0664727092052085	184.137590865902	0.145664017262906	0.88434595916142	bm_minus_fibrillar_z	TRUE		null_smad_0688	smad
null_smad_0689_z	0.00366324690645715	0.0675798376268179	198.686450824661	0.0542062105370235	0.956825338165834	basement_membrane_score_z	TRUE		null_smad_0689	smad
null_smad_0689_z	-0.0235430584320195	0.0673644692446213	191.753568277691	-0.349487774430871	0.727106660251943	bm_minus_fibrillar_z	TRUE		null_smad_0689	smad
null_smad_0690_z	0.131571664172704	0.0681547476250162	197.263469999927	1.93048421067604	0.054980699615394	basement_membrane_score_z	TRUE		null_smad_0690	smad
null_smad_0690_z	0.174582609472464	0.0675034006203474	191.492914446074	2.58627873363524	0.0104438709748429	bm_minus_fibrillar_z	TRUE		null_smad_0690	smad
null_smad_0691_z	-0.0105805235192065	0.0678406674499723	191.500796346072	-0.155961371208632	0.876227752526864	basement_membrane_score_z	TRUE		null_smad_0691	smad
null_smad_0691_z	0.0133289905328871	0.0674173239892065	185.880986002234	0.197708685901284	0.843489032968709	bm_minus_fibrillar_z	TRUE		null_smad_0691	smad
null_smad_0692_z	0.118298854429534	0.065788312632684	167.571300875612	1.79817432147913	0.0739494705758838	basement_membrane_score_z	TRUE		null_smad_0692	smad
null_smad_0692_z	-0.0501436565461565	0.0653895557949585	170.226986703739	-0.766845040259817	0.44423586186925	bm_minus_fibrillar_z	TRUE		null_smad_0692	smad
null_smad_0693_z	0.0150948656345379	0.0673291417489152	201.038623722309	0.224195129218042	0.82283315528356	basement_membrane_score_z	TRUE		null_smad_0693	smad
null_smad_0693_z	-0.0623388882059138	0.0673215594995792	195.248006342337	-0.925986989447317	0.355595871712724	bm_minus_fibrillar_z	TRUE		null_smad_0693	smad
null_smad_0694_z	-0.0178182251704749	0.0676218416920511	202.82433728343	-0.263498075837964	0.792434210187813	basement_membrane_score_z	TRUE		null_smad_0694	smad
null_smad_0694_z	-0.0587328433879167	0.067424832147802	197.274379799352	-0.871086238066836	0.384765878158868	bm_minus_fibrillar_z	TRUE		null_smad_0694	smad
null_smad_0695_z	-0.00229660805707841	0.0688925819892025	192.096253777363	-0.0333360717622452	0.973441201044379	basement_membrane_score_z	TRUE		null_smad_0695	smad
null_smad_0695_z	0.0476728468142433	0.0684030210500307	187.060180030378	0.696940662596976	0.486705134264921	bm_minus_fibrillar_z	TRUE		null_smad_0695	smad
null_smad_0696_z	-0.0175601510266642	0.0669118457224091	194.318469688398	-0.262437104179047	0.793262483282131	basement_membrane_score_z	TRUE		null_smad_0696	smad
null_smad_0696_z	-0.116640053221554	0.0666918351388394	184.880283972384	-1.74894052590894	0.0819608658161772	bm_minus_fibrillar_z	TRUE		null_smad_0696	smad
null_smad_0697_z	0.189311268255149	0.0674514977945575	201.303972369674	2.80662808751482	0.00549814700897506	basement_membrane_score_z	TRUE		null_smad_0697	smad
null_smad_0697_z	0.204331555430864	0.0677722476974039	197.340041290697	3.01497386279976	0.0029076656181244	bm_minus_fibrillar_z	TRUE		null_smad_0697	smad
null_smad_0698_z	-0.00904126540492922	0.0671192856034148	190.714181602022	-0.134704434405798	0.892987622598138	basement_membrane_score_z	TRUE		null_smad_0698	smad
null_smad_0698_z	-0.00909686113726423	0.0666036259489464	183.658023063125	-0.136582070535277	0.891510751697802	bm_minus_fibrillar_z	TRUE		null_smad_0698	smad
null_smad_0699_z	0.0670962002443048	0.0670381670116681	195.328599913871	1.00086567451384	0.318130024179891	basement_membrane_score_z	TRUE		null_smad_0699	smad
null_smad_0699_z	-0.0287238249942519	0.0670696474784816	193.180106994601	-0.428268614405161	0.668932671368438	bm_minus_fibrillar_z	TRUE		null_smad_0699	smad
null_smad_0700_z	0.0623966638177825	0.0666871454218465	196.599805020906	0.935662539205668	0.350594834327992	basement_membrane_score_z	TRUE		null_smad_0700	smad
null_smad_0700_z	-0.0801710014036972	0.0668885646813208	195.284841075959	-1.19857559787175	0.232145487544836	bm_minus_fibrillar_z	TRUE		null_smad_0700	smad
null_smad_0701_z	-0.0298425991840846	0.0672000592662847	204.431798472918	-0.444085905725638	0.657450187418041	basement_membrane_score_z	TRUE		null_smad_0701	smad
null_smad_0701_z	-0.134087044194495	0.0672742612613533	193.551986302777	-1.99314034343062	0.0476507453613322	bm_minus_fibrillar_z	TRUE		null_smad_0701	smad
null_smad_0702_z	-0.0473544395824065	0.0675169047333846	192.599371379821	-0.70137160122199	0.483917725184569	basement_membrane_score_z	TRUE		null_smad_0702	smad
null_smad_0702_z	0.0455814799964919	0.0668163335366865	184.992129539343	0.682190679790365	0.495971662453591	bm_minus_fibrillar_z	TRUE		null_smad_0702	smad
null_smad_0703_z	0.153629196926514	0.0672887809673497	186.745065048339	2.28313241402097	0.0235489146817293	basement_membrane_score_z	TRUE		null_smad_0703	smad
null_smad_0703_z	0.0893397855885461	0.0673955928221353	186.275522641965	1.32560278569437	0.186594716364482	bm_minus_fibrillar_z	TRUE		null_smad_0703	smad
null_smad_0704_z	0.0205097147734052	0.0676048285483034	193.515560633279	0.30337647789094	0.761928877381777	basement_membrane_score_z	TRUE		null_smad_0704	smad
null_smad_0704_z	-0.0247525664422609	0.0672950555912473	185.33367230473	-0.367821472540403	0.713426080933928	bm_minus_fibrillar_z	TRUE		null_smad_0704	smad
null_smad_0705_z	0.0991573079351576	0.0693598939893319	195.064748363111	1.42960581731006	0.154429798796379	basement_membrane_score_z	TRUE		null_smad_0705	smad
null_smad_0705_z	0.0976359223706043	0.0692608865644522	195.874685902068	1.40968340449623	0.160218970396684	bm_minus_fibrillar_z	TRUE		null_smad_0705	smad
null_smad_0706_z	0.0329379877257919	0.0678437880027132	199.875348895697	0.485497474352031	0.627855253245161	basement_membrane_score_z	TRUE		null_smad_0706	smad
null_smad_0706_z	-0.00484549543098781	0.0677337192733094	194.617114542759	-0.0715374186295005	0.943043505951305	bm_minus_fibrillar_z	TRUE		null_smad_0706	smad
null_smad_0707_z	0.0353935037734799	0.0672779782544062	194.441921268268	0.526078587552709	0.599433115710261	basement_membrane_score_z	TRUE		null_smad_0707	smad
null_smad_0707_z	0.0387647886143094	0.0669210307599861	190.582229776986	0.579261678639413	0.563096665980743	bm_minus_fibrillar_z	TRUE		null_smad_0707	smad
null_smad_0708_z	-0.00934643967366586	0.0672085394500295	196.588879936936	-0.139066251850556	0.889540153717177	basement_membrane_score_z	TRUE		null_smad_0708	smad
null_smad_0708_z	-0.0109269741064207	0.0669218805621031	188.978450074562	-0.163279543471294	0.870472818408007	bm_minus_fibrillar_z	TRUE		null_smad_0708	smad
null_smad_0709_z	-0.0410730625412033	0.0684363668683518	193.446473632529	-0.6001642755264	0.549099170050214	basement_membrane_score_z	TRUE		null_smad_0709	smad
null_smad_0709_z	-0.00586519571969252	0.06804490776978	185.032154443349	-0.0861959537007025	0.931403849000862	bm_minus_fibrillar_z	TRUE		null_smad_0709	smad
null_smad_0710_z	0.0647114068167639	0.068149862202293	195.957173079769	0.949545673690102	0.343512759179371	basement_membrane_score_z	TRUE		null_smad_0710	smad
null_smad_0710_z	0.0998815208910245	0.0677063279125223	195.009516986753	1.47521692536735	0.141766934812013	bm_minus_fibrillar_z	TRUE		null_smad_0710	smad
null_smad_0711_z	0.0987510775978685	0.0669285628961619	194.516190637627	1.47546986405608	0.14170310713584	basement_membrane_score_z	TRUE		null_smad_0711	smad
null_smad_0711_z	0.0766269209766183	0.0666845911101869	189.091792948356	1.14909486136015	0.251968273662703	bm_minus_fibrillar_z	TRUE		null_smad_0711	smad
null_smad_0712_z	-0.0269117237527584	0.066596130306846	194.554242255102	-0.404103416050765	0.686580529672242	basement_membrane_score_z	TRUE		null_smad_0712	smad
null_smad_0712_z	-0.106388958771912	0.0664826748229818	185.796591037683	-1.60025087822032	0.111241937917975	bm_minus_fibrillar_z	TRUE		null_smad_0712	smad
null_smad_0713_z	0.0447786649092673	0.0671088568424848	201.222013725442	0.667254175024468	0.505374253825434	basement_membrane_score_z	TRUE		null_smad_0713	smad
null_smad_0713_z	-0.0726996487835116	0.0670716195209237	196.703769833264	-1.08391074053061	0.279731146690877	bm_minus_fibrillar_z	TRUE		null_smad_0713	smad
null_smad_0714_z	0.113975101871542	0.0681474104977062	204.148380902455	1.67247883726086	0.0959617592209668	basement_membrane_score_z	TRUE		null_smad_0714	smad
null_smad_0714_z	0.0133810240304677	0.0687800085704524	200.206772126339	0.194548158812184	0.845943961813447	bm_minus_fibrillar_z	TRUE		null_smad_0714	smad
null_smad_0715_z	0.00125591609651853	0.0672671405335883	185.86195349109	0.0186705735750938	0.985123930637313	basement_membrane_score_z	TRUE		null_smad_0715	smad
null_smad_0715_z	0.0490812104837068	0.0665760217133148	180.436568357762	0.737220537073498	0.461945801114132	bm_minus_fibrillar_z	TRUE		null_smad_0715	smad
null_smad_0716_z	-0.0140864125621068	0.0678126689490431	199.972440660201	-0.207725382003351	0.835654792877557	basement_membrane_score_z	TRUE		null_smad_0716	smad
null_smad_0716_z	-0.0273615549323331	0.0676412939408574	193.506563061937	-0.404509632182035	0.686284755423865	bm_minus_fibrillar_z	TRUE		null_smad_0716	smad
null_smad_0717_z	0.165947380618708	0.0698135232580811	199.622724589826	2.37700910760866	0.0183987070458665	basement_membrane_score_z	TRUE		null_smad_0717	smad
null_smad_0717_z	0.212573259827022	0.0690598656622982	195.183608180731	3.07810126458256	0.00238296438979244	bm_minus_fibrillar_z	TRUE		null_smad_0717	smad
null_smad_0718_z	0.0522959762356199	0.0680223476246347	183.908200242093	0.768805812528009	0.442994769854099	basement_membrane_score_z	TRUE		null_smad_0718	smad
null_smad_0718_z	-0.0117620155341971	0.0676663121388335	183.976999046809	-0.173823800387769	0.862195051575564	bm_minus_fibrillar_z	TRUE		null_smad_0718	smad
null_smad_0719_z	0.0912819001706844	0.0666780247796517	197.080272052814	1.36899526451691	0.172558983126969	basement_membrane_score_z	TRUE		null_smad_0719	smad
null_smad_0719_z	0.0199359889021124	0.0666826284710572	197.155920869998	0.298968252440219	0.765279167110347	bm_minus_fibrillar_z	TRUE		null_smad_0719	smad
null_smad_0720_z	-0.0150912166767871	0.0678038678661238	183.79557090453	-0.222571619462538	0.824116069427009	basement_membrane_score_z	TRUE		null_smad_0720	smad
null_smad_0720_z	-0.063234470724871	0.0674327006151246	176.389712113737	-0.937741928590178	0.349659264794613	bm_minus_fibrillar_z	TRUE		null_smad_0720	smad
null_smad_0721_z	-0.10601738938001	0.0665037443878378	203.826150539538	-1.59415669532434	0.112450395170789	basement_membrane_score_z	TRUE		null_smad_0721	smad
null_smad_0721_z	-0.118263934385149	0.0665617759020568	191.903821874492	-1.7767544928364	0.0771928411780765	bm_minus_fibrillar_z	TRUE		null_smad_0721	smad
null_smad_0722_z	-0.0321946615731853	0.0675133092954644	199.452298675092	-0.476863923708568	0.633981071238641	basement_membrane_score_z	TRUE		null_smad_0722	smad
null_smad_0722_z	0.0523385715086553	0.0671469796956929	191.962636535333	0.779462780691721	0.436667060148796	bm_minus_fibrillar_z	TRUE		null_smad_0722	smad
null_smad_0723_z	-0.00763259336247478	0.0671791604844272	192.171680408307	-0.113615491879272	0.909661212632485	basement_membrane_score_z	TRUE		null_smad_0723	smad
null_smad_0723_z	-0.0582379346318922	0.0667616891135094	187.330419314066	-0.872325661696112	0.384147438325422	bm_minus_fibrillar_z	TRUE		null_smad_0723	smad
null_smad_0724_z	0.0201829607940618	0.0664327248777074	181.353399400726	0.303810521564719	0.76162053402204	basement_membrane_score_z	TRUE		null_smad_0724	smad
null_smad_0724_z	-0.126049511357875	0.0656515858231569	178.083220496506	-1.91997664302291	0.0564590262304638	bm_minus_fibrillar_z	TRUE		null_smad_0724	smad
null_smad_0725_z	-0.0503441698424542	0.0669773331243819	188.547962995711	-0.751659815253637	0.453192885001362	basement_membrane_score_z	TRUE		null_smad_0725	smad
null_smad_0725_z	-0.0266722244267358	0.0664862730784324	182.470528719291	-0.401168890836626	0.688765174060718	bm_minus_fibrillar_z	TRUE		null_smad_0725	smad
null_smad_0726_z	0.150287831964146	0.0659893796248441	187.93905261509	2.27745483922635	0.0238851315307715	basement_membrane_score_z	TRUE		null_smad_0726	smad
null_smad_0726_z	0.00666232122433399	0.0664262994356777	189.830733756679	0.100296438021288	0.920214830609314	bm_minus_fibrillar_z	TRUE		null_smad_0726	smad
null_smad_0727_z	-0.00252366643601437	0.0681311425169554	183.573352210867	-0.0370413050887311	0.970492320722068	basement_membrane_score_z	TRUE		null_smad_0727	smad
null_smad_0727_z	0.0657664679587078	0.0671385368061375	181.853896553416	0.979563617071495	0.32860291868612	bm_minus_fibrillar_z	TRUE		null_smad_0727	smad
null_smad_0728_z	0.131875540528473	0.0677753276090075	199.804324772683	1.94577503614968	0.0530844752898989	basement_membrane_score_z	TRUE		null_smad_0728	smad
null_smad_0728_z	0.119202264218044	0.0680765515308075	193.268514795467	1.75100326819726	0.0815318626843303	bm_minus_fibrillar_z	TRUE		null_smad_0728	smad
null_smad_0729_z	-0.0608683046613921	0.066747912786291	206.118922704886	-0.911913228751829	0.362879700090266	basement_membrane_score_z	TRUE		null_smad_0729	smad
null_smad_0729_z	-0.0974178194456698	0.0669201683363024	198.572765156842	-1.45573183492462	0.147045928197678	bm_minus_fibrillar_z	TRUE		null_smad_0729	smad
null_smad_0730_z	-0.000493234801327982	0.0679176289940942	205.480699429998	-0.00726225000243857	0.994212659506013	basement_membrane_score_z	TRUE		null_smad_0730	smad
null_smad_0730_z	-0.0321750171647863	0.0679429809113091	196.624472933139	-0.473559104019688	0.636339704753348	bm_minus_fibrillar_z	TRUE		null_smad_0730	smad
null_smad_0731_z	-0.0401838549573471	0.0679867095570747	203.780356830994	-0.591054563739592	0.555138871592719	basement_membrane_score_z	TRUE		null_smad_0731	smad
null_smad_0731_z	-0.0625314076156786	0.0680776618892744	195.039059282747	-0.918530482397933	0.359475724525294	bm_minus_fibrillar_z	TRUE		null_smad_0731	smad
null_smad_0732_z	-0.0791214934681324	0.0679818815380351	191.393769922564	-1.16386148306097	0.24592897094042	basement_membrane_score_z	TRUE		null_smad_0732	smad
null_smad_0732_z	-0.0377801432684928	0.0675922948713982	182.595446980109	-0.55894156782772	0.576886451413888	bm_minus_fibrillar_z	TRUE		null_smad_0732	smad
null_smad_0733_z	0.205242994186135	0.0681057737341321	201.337150531404	3.01359169616592	0.00291341228469191	basement_membrane_score_z	TRUE		null_smad_0733	smad
null_smad_0733_z	0.235844480956898	0.0679502764600784	198.080412740152	3.47083916715864	0.000636777396821982	bm_minus_fibrillar_z	TRUE		null_smad_0733	smad
null_smad_0734_z	0.0395601509931925	0.0675638472692331	191.351141682378	0.585522473809854	0.55888636075934	basement_membrane_score_z	TRUE		null_smad_0734	smad
null_smad_0734_z	-0.00742585594178476	0.0671896740941499	183.434856419433	-0.110520791206387	0.9121171883071	bm_minus_fibrillar_z	TRUE		null_smad_0734	smad
null_smad_0735_z	-0.0463368315187832	0.0665214934746794	184.673800758608	-0.696569320657552	0.486948190072133	basement_membrane_score_z	TRUE		null_smad_0735	smad
null_smad_0735_z	-0.0201717669328777	0.0659727822477784	176.961113422163	-0.305758924295738	0.760147592693205	bm_minus_fibrillar_z	TRUE		null_smad_0735	smad
null_smad_0736_z	-0.0187738047383058	0.0677165612931089	191.345889068004	-0.277240964098044	0.781894372522231	basement_membrane_score_z	TRUE		null_smad_0736	smad
null_smad_0736_z	0.019113691714446	0.0672435627409386	185.760254699688	0.284245672527542	0.776538714106264	bm_minus_fibrillar_z	TRUE		null_smad_0736	smad
null_smad_0737_z	0.0578983532667279	0.0663309154286106	172.558278044081	0.872871313362796	0.383946226890687	basement_membrane_score_z	TRUE		null_smad_0737	smad
null_smad_0737_z	-0.0511228793449082	0.0659079196207143	171.334028718352	-0.77567126438081	0.439012446902284	bm_minus_fibrillar_z	TRUE		null_smad_0737	smad
null_smad_0738_z	0.133422304277309	0.066798140984596	192.639895487133	1.99739547105176	0.0471894863747959	basement_membrane_score_z	TRUE		null_smad_0738	smad
null_smad_0738_z	-0.0194423361248727	0.0671794864957073	190.662195385167	-0.289408823125123	0.772583004494536	bm_minus_fibrillar_z	TRUE		null_smad_0738	smad
null_smad_0739_z	0.107774585910225	0.0670985283281432	177.221288149425	1.60621385588603	0.110007259165407	basement_membrane_score_z	TRUE		null_smad_0739	smad
null_smad_0739_z	-0.00898479594988181	0.0670662284198276	178.522819270506	-0.133969005885316	0.893577989959755	bm_minus_fibrillar_z	TRUE		null_smad_0739	smad
null_smad_0740_z	0.0357097177732389	0.0677385504735801	195.876782254616	0.527169795095729	0.598672232151738	basement_membrane_score_z	TRUE		null_smad_0740	smad
null_smad_0740_z	0.0455248432548658	0.0674738908778188	191.700578606629	0.67470309867415	0.500677300628457	bm_minus_fibrillar_z	TRUE		null_smad_0740	smad
null_smad_0741_z	0.0317735734686459	0.0677399308228073	203.607786815126	0.469052345975353	0.639534069600368	basement_membrane_score_z	TRUE		null_smad_0741	smad
null_smad_0741_z	0.000475300463282901	0.0677771858771508	198.617972458411	0.00701269102769189	0.994411766486785	bm_minus_fibrillar_z	TRUE		null_smad_0741	smad
null_smad_0742_z	-0.0227276674175225	0.0667480578562869	188.96097101146	-0.340499306608391	0.733858789038507	basement_membrane_score_z	TRUE		null_smad_0742	smad
null_smad_0742_z	-0.040598712004813	0.0660678743000082	183.705365359734	-0.61450004915336	0.53964526432744	bm_minus_fibrillar_z	TRUE		null_smad_0742	smad
null_smad_0743_z	0.0169931975480401	0.0671851886579996	194.235503403593	0.252930711180146	0.800589240499086	basement_membrane_score_z	TRUE		null_smad_0743	smad
null_smad_0743_z	-0.0139454308265934	0.0668714579682994	189.153714404088	-0.208540852110691	0.835031077922371	bm_minus_fibrillar_z	TRUE		null_smad_0743	smad
null_smad_0744_z	0.146370302721476	0.0687172894938535	204.937924795529	2.1300360331379	0.0343611049834474	basement_membrane_score_z	TRUE		null_smad_0744	smad
null_smad_0744_z	0.222032161216815	0.0678698991039076	199.005871427729	3.27143791501573	0.00126124428353052	bm_minus_fibrillar_z	TRUE		null_smad_0744	smad
null_smad_0745_z	0.0701686587219922	0.0682822096430949	184.806979819544	1.02762724125007	0.305468322767736	basement_membrane_score_z	TRUE		null_smad_0745	smad
null_smad_0745_z	0.0906580348802167	0.067751944017571	187.107538256793	1.33808758102506	0.182491784726451	bm_minus_fibrillar_z	TRUE		null_smad_0745	smad
null_smad_0746_z	0.0836576162754299	0.0670820195536215	186.022177387144	1.24709447974444	0.213930705244713	basement_membrane_score_z	TRUE		null_smad_0746	smad
null_smad_0746_z	-0.0610906228342	0.0671227502645501	187.406791466857	-0.910132892252242	0.36392150645624	bm_minus_fibrillar_z	TRUE		null_smad_0746	smad
null_smad_0747_z	-0.0208479057254771	0.0672847785672101	199.152369257091	-0.309845795281206	0.75700219850483	basement_membrane_score_z	TRUE		null_smad_0747	smad
null_smad_0747_z	0.0149152214932524	0.0669116133233935	192.806970535811	0.222909309048714	0.823842064175697	bm_minus_fibrillar_z	TRUE		null_smad_0747	smad
null_smad_0748_z	0.0176046977288441	0.067771848131486	201.08946384031	0.259764167780828	0.795311452861034	basement_membrane_score_z	TRUE		null_smad_0748	smad
null_smad_0748_z	0.0601872512092229	0.0674077827459454	195.890631547433	0.892882820906065	0.373015492018167	bm_minus_fibrillar_z	TRUE		null_smad_0748	smad
null_smad_0749_z	0.0255397788565231	0.0673013475976001	181.987992926165	0.379483914783214	0.70477098404201	basement_membrane_score_z	TRUE		null_smad_0749	smad
null_smad_0749_z	0.0746816898802746	0.0665560980633625	181.598710501186	1.12208636103001	0.263307159836745	bm_minus_fibrillar_z	TRUE		null_smad_0749	smad
null_smad_0750_z	0.18505728874898	0.0690571977903358	209.123773493913	2.67976828875726	0.00795401673919366	basement_membrane_score_z	TRUE		null_smad_0750	smad
null_smad_0750_z	0.283750219791523	0.0676547507006503	203.532564797396	4.19409157306666	4.08753011159873e-05	bm_minus_fibrillar_z	TRUE		null_smad_0750	smad
null_smad_0751_z	-0.0514262610030312	0.0682561598214671	209.707200170285	-0.753430329768673	0.452036406831453	basement_membrane_score_z	TRUE		null_smad_0751	smad
null_smad_0751_z	-0.018770953258693	0.0684657301257867	200.432114364763	-0.274165677108921	0.784239655679076	bm_minus_fibrillar_z	TRUE		null_smad_0751	smad
null_smad_0752_z	0.0312053277869647	0.0683925689138751	201.698600985552	0.456267812169196	0.648688315990452	basement_membrane_score_z	TRUE		null_smad_0752	smad
null_smad_0752_z	0.181683031139892	0.0677015351908498	193.052881847661	2.68358805494926	0.00791619166640227	bm_minus_fibrillar_z	TRUE		null_smad_0752	smad
null_smad_0753_z	0.105970363493747	0.0661276098954656	171.570293170861	1.60251313575773	0.110881642767549	basement_membrane_score_z	TRUE		null_smad_0753	smad
null_smad_0753_z	-0.0245749256601506	0.0659844836992927	178.277739431828	-0.372434916247045	0.710011428611998	bm_minus_fibrillar_z	TRUE		null_smad_0753	smad
null_smad_0754_z	0.0554565008256113	0.0672900091813092	189.202821372277	0.824141674229629	0.410896770480983	basement_membrane_score_z	TRUE		null_smad_0754	smad
null_smad_0754_z	0.0864599744995123	0.0666180610882545	183.722993494841	1.29784585572029	0.195967359534186	bm_minus_fibrillar_z	TRUE		null_smad_0754	smad
null_smad_0755_z	0.0812603614895105	0.0675718944496105	205.538855522615	1.20257633963641	0.23052382238222	basement_membrane_score_z	TRUE		null_smad_0755	smad
null_smad_0755_z	0.0321505933837628	0.0677622531088708	201.858255363747	0.474461693770834	0.635683571160136	bm_minus_fibrillar_z	TRUE		null_smad_0755	smad
null_smad_0756_z	-0.017223871836469	0.0674471934243186	197.050576046608	-0.255368251249707	0.798705040601851	basement_membrane_score_z	TRUE		null_smad_0756	smad
null_smad_0756_z	0.0573747833913987	0.0670594215577616	189.054643060654	0.855581245089909	0.393312474526948	bm_minus_fibrillar_z	TRUE		null_smad_0756	smad
null_smad_0757_z	0.107188996513401	0.066384793099585	199.290876420822	1.61466190536446	0.107966045023525	basement_membrane_score_z	TRUE		null_smad_0757	smad
null_smad_0757_z	-0.0685006395702861	0.0669728739944332	198.175010191873	-1.02281170696034	0.307643803218099	bm_minus_fibrillar_z	TRUE		null_smad_0757	smad
null_smad_0758_z	-0.0182139609384694	0.0673763439694768	189.568142190639	-0.270331690106558	0.787199170511626	basement_membrane_score_z	TRUE		null_smad_0758	smad
null_smad_0758_z	0.0152395129772024	0.0668999353449395	183.966429694351	0.227795630872088	0.820058100477711	bm_minus_fibrillar_z	TRUE		null_smad_0758	smad
null_smad_0759_z	0.0163317671514991	0.0692301572693476	207.745449626011	0.23590538857161	0.813738493425436	basement_membrane_score_z	TRUE		null_smad_0759	smad
null_smad_0759_z	0.0911134131801716	0.0691717527533556	199.047222091724	1.31720550012739	0.189284058006715	bm_minus_fibrillar_z	TRUE		null_smad_0759	smad
null_smad_0760_z	0.0522071161949752	0.0677186096685053	185.033721072354	0.770941938272778	0.441724661971597	basement_membrane_score_z	TRUE		null_smad_0760	smad
null_smad_0760_z	-0.0686280735843709	0.0675477864381256	183.647077950192	-1.01599293186661	0.310969395269685	bm_minus_fibrillar_z	TRUE		null_smad_0760	smad
null_smad_0761_z	0.066509207169229	0.0664887337544846	189.92527883657	1.00030792306588	0.318434258135349	basement_membrane_score_z	TRUE		null_smad_0761	smad
null_smad_0761_z	-0.060444451185678	0.0665557986568497	190.693792574208	-0.908177084574092	0.364930958790826	bm_minus_fibrillar_z	TRUE		null_smad_0761	smad
null_smad_0762_z	0.0221498863256927	0.0672949306245159	190.412520071093	0.329146432281534	0.742406759619784	basement_membrane_score_z	TRUE		null_smad_0762	smad
null_smad_0762_z	-0.0142969859394948	0.0668960216741489	184.551504425259	-0.213719524445498	0.831001712710772	bm_minus_fibrillar_z	TRUE		null_smad_0762	smad
null_smad_0763_z	0.0413077994213044	0.0665426287639922	191.020431126964	0.620771980136394	0.535489636898938	basement_membrane_score_z	TRUE		null_smad_0763	smad
null_smad_0763_z	-0.108744163352256	0.0664339726753433	186.202156518238	-1.63687581779398	0.10334540660151	bm_minus_fibrillar_z	TRUE		null_smad_0763	smad
null_smad_0764_z	0.0393729329112238	0.0666253311996606	195.723978825227	0.59096040803508	0.555228769641096	basement_membrane_score_z	TRUE		null_smad_0764	smad
null_smad_0764_z	-0.132311719778294	0.0664361970953549	190.031248440388	-1.99156070881645	0.0478515562721977	bm_minus_fibrillar_z	TRUE		null_smad_0764	smad
null_smad_0765_z	0.0364457569234325	0.0681833957434738	193.683780031201	0.534525400590964	0.593591133733647	basement_membrane_score_z	TRUE		null_smad_0765	smad
null_smad_0765_z	0.0818638837413191	0.0679559787419901	188.443669564107	1.20466050606281	0.229845152558442	bm_minus_fibrillar_z	TRUE		null_smad_0765	smad
null_smad_0766_z	-0.0374723070351682	0.066920869558015	199.842905056	-0.559949493822443	0.576140995759937	basement_membrane_score_z	TRUE		null_smad_0766	smad
null_smad_0766_z	-0.120033341237718	0.0664675825503581	190.488258491332	-1.80589298770987	0.0725137178106446	bm_minus_fibrillar_z	TRUE		null_smad_0766	smad
null_smad_0767_z	0.000291063309891893	0.0679947385278694	203.112939272594	0.00428067400792479	0.996588728087438	basement_membrane_score_z	TRUE		null_smad_0767	smad
null_smad_0767_z	-0.0488575910419252	0.0680555018369423	197.477721145354	-0.717908026877615	0.473662423763801	bm_minus_fibrillar_z	TRUE		null_smad_0767	smad
null_smad_0768_z	-0.0102538458549397	0.0667636379228635	201.311597732293	-0.153584288902691	0.878091371278704	basement_membrane_score_z	TRUE		null_smad_0768	smad
null_smad_0768_z	-0.106639627385184	0.0666570525720532	195.058573797061	-1.59982512382935	0.111255814513481	bm_minus_fibrillar_z	TRUE		null_smad_0768	smad
null_smad_0769_z	0.156208953419443	0.0666319900445954	192.295490501098	2.34435371530845	0.0200805244999154	basement_membrane_score_z	TRUE		null_smad_0769	smad
null_smad_0769_z	0.145657701200655	0.0667113384240627	188.860371406398	2.18340247162716	0.0302390547970035	bm_minus_fibrillar_z	TRUE		null_smad_0769	smad
null_smad_0770_z	0.0831683625794451	0.0686202573599051	198.340359791259	1.21200889911031	0.226950818073467	basement_membrane_score_z	TRUE		null_smad_0770	smad
null_smad_0770_z	0.132040452343651	0.0683867769525881	194.147491489658	1.93078922896444	0.0549657413247757	bm_minus_fibrillar_z	TRUE		null_smad_0770	smad
null_smad_0771_z	0.0833265407243821	0.0677316470277469	181.620567973187	1.2302453045361	0.220196332162948	basement_membrane_score_z	TRUE		null_smad_0771	smad
null_smad_0771_z	-0.0172227703779492	0.0677214526702988	181.157786872662	-0.254317792942187	0.799538495691898	bm_minus_fibrillar_z	TRUE		null_smad_0771	smad
null_smad_0772_z	0.108292698626538	0.0673739973819787	189.701180977802	1.60733670013031	0.109643660425931	basement_membrane_score_z	TRUE		null_smad_0772	smad
null_smad_0772_z	0.0128881110737023	0.0673228540921882	188.403209385854	0.19143738404278	0.84838908853235	bm_minus_fibrillar_z	TRUE		null_smad_0772	smad
null_smad_0773_z	0.165471161352157	0.0665670426103298	178.201870037803	2.48578207568559	0.0138479425189038	basement_membrane_score_z	TRUE		null_smad_0773	smad
null_smad_0773_z	0.112946264867329	0.0666733135427841	181.778177957477	1.6940250733879	0.0919731882515593	bm_minus_fibrillar_z	TRUE		null_smad_0773	smad
null_smad_0774_z	-0.059361618042955	0.0671100609465849	198.155977620512	-0.884541262601488	0.377476109865587	basement_membrane_score_z	TRUE		null_smad_0774	smad
null_smad_0774_z	-0.131439794748961	0.0670924802025361	186.900205000291	-1.95908385488472	0.0515904229053925	bm_minus_fibrillar_z	TRUE		null_smad_0774	smad
null_smad_0775_z	0.0578190839960288	0.0670299051511027	207.941646085906	0.862586391338159	0.389358635012935	basement_membrane_score_z	TRUE		null_smad_0775	smad
null_smad_0775_z	-0.118478736081507	0.0671798000404016	204.404682980019	-1.76360656045797	0.0792922375707807	bm_minus_fibrillar_z	TRUE		null_smad_0775	smad
null_smad_0776_z	0.0344420226335604	0.068008918245436	200.436429343716	0.506433913700308	0.613108678809087	basement_membrane_score_z	TRUE		null_smad_0776	smad
null_smad_0776_z	0.152278762438732	0.0676149757887821	191.172239171696	2.25214548496513	0.0254501664532844	bm_minus_fibrillar_z	TRUE		null_smad_0776	smad
null_smad_0777_z	0.12159172144094	0.0682918406150548	204.083244973359	1.78047216689215	0.0764863870527501	basement_membrane_score_z	TRUE		null_smad_0777	smad
null_smad_0777_z	0.177964883601379	0.0680160237898131	198.070802317745	2.61651407543811	0.0095682124058849	bm_minus_fibrillar_z	TRUE		null_smad_0777	smad
null_smad_0778_z	0.0497589946145431	0.0682238645140975	200.492340491722	0.729348813189278	0.466639509093811	basement_membrane_score_z	TRUE		null_smad_0778	smad
null_smad_0778_z	0.174807468542765	0.0675552990083864	193.665620701675	2.58762038076486	0.0103962515797651	bm_minus_fibrillar_z	TRUE		null_smad_0778	smad
null_smad_0779_z	-0.00374621077897305	0.066814899956934	198.480428265285	-0.0560684934256834	0.955343643923652	basement_membrane_score_z	TRUE		null_smad_0779	smad
null_smad_0779_z	-0.13102335523725	0.0668110780113943	189.207005479705	-1.96110224736839	0.0513345184949411	bm_minus_fibrillar_z	TRUE		null_smad_0779	smad
null_smad_0780_z	0.0778465279862642	0.066453297796815	171.909618143799	1.17144717519189	0.2430401504069	basement_membrane_score_z	TRUE		null_smad_0780	smad
null_smad_0780_z	-0.0824174280757839	0.0661581023440018	173.901266348019	-1.24576469329847	0.214526566941389	bm_minus_fibrillar_z	TRUE		null_smad_0780	smad
null_smad_0781_z	-0.0691022946186637	0.0677505174844689	208.621529903041	-1.01995227762658	0.308932417392727	basement_membrane_score_z	TRUE		null_smad_0781	smad
null_smad_0781_z	-0.0991912621650778	0.0680126532661041	201.835320082838	-1.45842365209581	0.146278157311564	bm_minus_fibrillar_z	TRUE		null_smad_0781	smad
null_smad_0782_z	-0.00535114965208393	0.0681111151762257	193.655679356419	-0.0785649983595007	0.937459748657634	basement_membrane_score_z	TRUE		null_smad_0782	smad
null_smad_0782_z	0.0338870806894323	0.0677019672204111	189.496840619649	0.500533176223805	0.61728052941474	bm_minus_fibrillar_z	TRUE		null_smad_0782	smad
null_smad_0783_z	0.0147048888348964	0.0669300914309311	193.670038804595	0.219705195682741	0.826332154749309	basement_membrane_score_z	TRUE		null_smad_0783	smad
null_smad_0783_z	-0.0491791927143178	0.0667909862757928	188.412473523187	-0.736314815164542	0.46245488744426	bm_minus_fibrillar_z	TRUE		null_smad_0783	smad
null_smad_0784_z	0.13955996707083	0.0665682116825233	208.56844630295	2.09649566277097	0.0372438612606606	basement_membrane_score_z	TRUE		null_smad_0784	smad
null_smad_0784_z	0.0143366925840088	0.067574230515102	206.24312562006	0.212162128591383	0.832190079160814	bm_minus_fibrillar_z	TRUE		null_smad_0784	smad
null_smad_0785_z	0.0686050383549256	0.0680771442223558	178.048983244949	1.00775435189886	0.314939979699821	basement_membrane_score_z	TRUE		null_smad_0785	smad
null_smad_0785_z	0.0124192362343755	0.0675309617644787	179.14977965302	0.18390432936064	0.854296499305863	bm_minus_fibrillar_z	TRUE		null_smad_0785	smad
null_smad_0786_z	0.0671911446025022	0.0667896472637233	200.139070822047	1.00601137085204	0.31562483248603	basement_membrane_score_z	TRUE		null_smad_0786	smad
null_smad_0786_z	-0.0726112062777792	0.0670143098093655	197.383359633881	-1.0835179304888	0.279900370545624	bm_minus_fibrillar_z	TRUE		null_smad_0786	smad
null_smad_0787_z	-0.0153735710759278	0.0679440593749116	197.050445513942	-0.226268068428136	0.821227465659208	basement_membrane_score_z	TRUE		null_smad_0787	smad
null_smad_0787_z	0.0183560093043725	0.0673277235770859	188.087160239356	0.272636713810115	0.785431572626381	bm_minus_fibrillar_z	TRUE		null_smad_0787	smad
null_smad_0788_z	-0.030641869854768	0.0668379443233309	191.728460247058	-0.458450213647159	0.647148248217325	basement_membrane_score_z	TRUE		null_smad_0788	smad
null_smad_0788_z	0.0141756321076472	0.0663825002030216	185.44764523303	0.213544715313418	0.831136704171957	bm_minus_fibrillar_z	TRUE		null_smad_0788	smad
null_smad_0789_z	0.0672740717925055	0.0688502253414353	194.047528850377	0.977107503408834	0.329732490720382	basement_membrane_score_z	TRUE		null_smad_0789	smad
null_smad_0789_z	0.129429754104179	0.0684144141687726	190.97738881544	1.89184919109132	0.0600243515815611	bm_minus_fibrillar_z	TRUE		null_smad_0789	smad
null_smad_0790_z	0.125501699661516	0.067238840473936	197.043479604042	1.86650600719631	0.063456260294794	basement_membrane_score_z	TRUE		null_smad_0790	smad
null_smad_0790_z	0.0334544361848885	0.067681181436438	194.161749902236	0.494294506609741	0.621656977882632	bm_minus_fibrillar_z	TRUE		null_smad_0790	smad
null_smad_0791_z	0.0491525840803115	0.0676142674688975	181.042915003551	0.726955802677616	0.468191971382609	basement_membrane_score_z	TRUE		null_smad_0791	smad
null_smad_0791_z	0.0648092345652982	0.0668611466076921	182.993530957816	0.969310845737756	0.333669518909519	bm_minus_fibrillar_z	TRUE		null_smad_0791	smad
null_smad_0792_z	0.0709221771206904	0.0669774973555133	198.034378202762	1.0588955980878	0.290937180462014	basement_membrane_score_z	TRUE		null_smad_0792	smad
null_smad_0792_z	-0.0238587077649849	0.0671048656083144	196.202382052775	-0.35554363381407	0.722564313688441	bm_minus_fibrillar_z	TRUE		null_smad_0792	smad
null_smad_0793_z	-0.0133043607315471	0.0682695781532896	191.630053212946	-0.194879785278211	0.845693517738643	basement_membrane_score_z	TRUE		null_smad_0793	smad
null_smad_0793_z	0.0829525210681723	0.0676337394718585	185.493840912471	1.22649614993841	0.221566624190599	bm_minus_fibrillar_z	TRUE		null_smad_0793	smad
null_smad_0794_z	-0.0267784681387399	0.0681289294605917	187.536038221002	-0.393055759877007	0.694724738073462	basement_membrane_score_z	TRUE		null_smad_0794	smad
null_smad_0794_z	0.0656978071858197	0.0675290709748573	181.61645898349	0.972881845365244	0.331905992014778	bm_minus_fibrillar_z	TRUE		null_smad_0794	smad
null_smad_0795_z	0.0447703351576484	0.0677614705729726	173.068383057125	0.660704892899794	0.509680072596529	basement_membrane_score_z	TRUE		null_smad_0795	smad
null_smad_0795_z	0.0151864454568878	0.0669287878642323	174.654325528525	0.226904534528462	0.820763340135799	bm_minus_fibrillar_z	TRUE		null_smad_0795	smad
null_smad_0796_z	-0.063627013122885	0.0671419661189074	193.587842797018	-0.947648941501095	0.344489629529204	basement_membrane_score_z	TRUE		null_smad_0796	smad
null_smad_0796_z	-0.0289425856703806	0.0668851669121312	185.829959692977	-0.432720541886413	0.665719580217704	bm_minus_fibrillar_z	TRUE		null_smad_0796	smad
null_smad_0797_z	0.127355238867397	0.0693928192300961	202.838785857666	1.83527979235296	0.0679285649299301	basement_membrane_score_z	TRUE		null_smad_0797	smad
null_smad_0797_z	0.163294951428001	0.0690455249689199	197.240196849754	2.36503309231853	0.0189989834078075	bm_minus_fibrillar_z	TRUE		null_smad_0797	smad
null_smad_0798_z	0.0277018486921692	0.0682749590856503	193.547483925751	0.405739513624863	0.685382188750116	basement_membrane_score_z	TRUE		null_smad_0798	smad
null_smad_0798_z	0.0464832990933525	0.0678665665011568	188.498380062028	0.684921920907259	0.494234532079456	bm_minus_fibrillar_z	TRUE		null_smad_0798	smad
null_smad_0799_z	0.0665385241670596	0.06747921811987	185.537012255908	0.98605950129506	0.325388056746315	basement_membrane_score_z	TRUE		null_smad_0799	smad
null_smad_0799_z	0.035878391582408	0.0671594850431154	183.558203903543	0.534226722545216	0.593831105479081	bm_minus_fibrillar_z	TRUE		null_smad_0799	smad
null_smad_0800_z	0.199049609838227	0.0679422977342322	209.925085110721	2.92968616717738	0.00376815574523747	basement_membrane_score_z	TRUE		null_smad_0800	smad
null_smad_0800_z	0.206296462071767	0.0682279690149923	203.870256721174	3.02363480915628	0.00281836056171242	bm_minus_fibrillar_z	TRUE		null_smad_0800	smad
null_smad_0801_z	0.0525219509270102	0.0665295264241779	189.050256263005	0.789453251059411	0.43083614556833	basement_membrane_score_z	TRUE		null_smad_0801	smad
null_smad_0801_z	-0.024234727071586	0.0662774573069498	186.287199808254	-0.365655655124911	0.715036907283934	bm_minus_fibrillar_z	TRUE		null_smad_0801	smad
null_smad_0802_z	0.14632465344983	0.0678648861731639	200.402095645446	2.15611727508786	0.0322659525361077	basement_membrane_score_z	TRUE		null_smad_0802	smad
null_smad_0802_z	0.129483871259422	0.0684254960242016	197.467189059969	1.89233368821505	0.0599096425386724	bm_minus_fibrillar_z	TRUE		null_smad_0802	smad
null_smad_0803_z	0.0416134447698947	0.0663398595523363	179.806856905671	0.627276648619754	0.531273635631587	basement_membrane_score_z	TRUE		null_smad_0803	smad
null_smad_0803_z	-0.0484911798563015	0.0659234054364296	176.061236827941	-0.735568490967321	0.462972117749818	bm_minus_fibrillar_z	TRUE		null_smad_0803	smad
null_smad_0804_z	-0.0406460012050437	0.0682118295946546	196.417000456834	-0.595879064475774	0.551942047637373	basement_membrane_score_z	TRUE		null_smad_0804	smad
null_smad_0804_z	0.0778328064235002	0.0675001388510151	188.950585669764	1.15307624174361	0.250335679502266	bm_minus_fibrillar_z	TRUE		null_smad_0804	smad
null_smad_0805_z	0.163554512171261	0.0690617003880373	192.320478902969	2.36823755065827	0.0188647925184644	basement_membrane_score_z	TRUE		null_smad_0805	smad
null_smad_0805_z	0.216763893994127	0.0683619111066168	191.788122593636	3.17082846990722	0.0017698976423113	bm_minus_fibrillar_z	TRUE		null_smad_0805	smad
null_smad_0806_z	0.0515710621262284	0.0674535501690784	189.743542101437	0.764541851347495	0.445494179161489	basement_membrane_score_z	TRUE		null_smad_0806	smad
null_smad_0806_z	0.0796320784264164	0.0671260939532312	186.928589828063	1.18630585718124	0.237007147916109	bm_minus_fibrillar_z	TRUE		null_smad_0806	smad
null_smad_0807_z	-0.0799585859007388	0.0668542704771978	192.121842019382	-1.19601313917576	0.233165436324166	basement_membrane_score_z	TRUE		null_smad_0807	smad
null_smad_0807_z	0.00296346976793921	0.0666043383637835	184.241327620118	0.0444936447195551	0.964559103965149	bm_minus_fibrillar_z	TRUE		null_smad_0807	smad
null_smad_0808_z	-0.00652103663694592	0.06765745953275	191.731039198045	-0.0963831140273508	0.923316972800591	basement_membrane_score_z	TRUE		null_smad_0808	smad
null_smad_0808_z	0.0171432823209841	0.0672688301594126	186.179907266196	0.254847338363968	0.799122294875875	bm_minus_fibrillar_z	TRUE		null_smad_0808	smad
null_smad_0809_z	0.0170033863015357	0.0670787655799918	190.37286692979	0.253483888001174	0.800167847838356	basement_membrane_score_z	TRUE		null_smad_0809	smad
null_smad_0809_z	-0.049385113418699	0.0667310550330921	183.89194501434	-0.740061930599011	0.460206199048632	bm_minus_fibrillar_z	TRUE		null_smad_0809	smad
null_smad_0810_z	0.121295580458495	0.068761831900052	196.238001264077	1.76399576780913	0.0792886708334045	basement_membrane_score_z	TRUE		null_smad_0810	smad
null_smad_0810_z	0.200086320968566	0.0668019302966454	187.569770665824	2.99521765434094	0.00311279054287551	bm_minus_fibrillar_z	TRUE		null_smad_0810	smad
null_smad_0811_z	0.0142056780757383	0.0671194974350819	197.061179089236	0.211647563205879	0.832600730471978	basement_membrane_score_z	TRUE		null_smad_0811	smad
null_smad_0811_z	-0.0738073662201424	0.0670554351967733	192.655905850978	-1.10069177843013	0.272404174429398	bm_minus_fibrillar_z	TRUE		null_smad_0811	smad
null_smad_0812_z	0.0926536605970613	0.0663551955571668	186.452397547161	1.39632864946103	0.16427566614934	basement_membrane_score_z	TRUE		null_smad_0812	smad
null_smad_0812_z	-0.0490442233508819	0.0664124693694096	188.154249123733	-0.738479141290179	0.461143475858857	bm_minus_fibrillar_z	TRUE		null_smad_0812	smad
null_smad_0813_z	0.0569604762494472	0.0665898570330647	194.996261089038	0.85539267971643	0.393383601828475	basement_membrane_score_z	TRUE		null_smad_0813	smad
null_smad_0813_z	-0.0668322795060495	0.0665322272615218	190.95533603093	-1.00450987824815	0.31640409995046	bm_minus_fibrillar_z	TRUE		null_smad_0813	smad
null_smad_0814_z	0.0185348103184008	0.0668189027035722	183.784328563329	0.277388726370239	0.781793404306313	basement_membrane_score_z	TRUE		null_smad_0814	smad
null_smad_0814_z	-0.0404620464616282	0.0663747724671749	178.542871062282	-0.609599776506027	0.542901953723641	bm_minus_fibrillar_z	TRUE		null_smad_0814	smad
null_smad_0815_z	0.0310708525321558	0.0672152904383776	195.800197791332	0.462258696339953	0.644409058559811	basement_membrane_score_z	TRUE		null_smad_0815	smad
null_smad_0815_z	-0.0713606648603774	0.0669788883430153	191.398739864216	-1.06542026339586	0.288027956372388	bm_minus_fibrillar_z	TRUE		null_smad_0815	smad
null_smad_0816_z	-0.0639705439541716	0.0666219910605034	190.394479540574	-0.960201623155876	0.338171551414077	basement_membrane_score_z	TRUE		null_smad_0816	smad
null_smad_0816_z	-0.0346832942116698	0.0662020188863292	183.81212539452	-0.523900853706924	0.600978616806857	bm_minus_fibrillar_z	TRUE		null_smad_0816	smad
null_smad_0817_z	-0.0312356329278303	0.0675784404546984	194.666950484726	-0.462212988604987	0.644444760291334	basement_membrane_score_z	TRUE		null_smad_0817	smad
null_smad_0817_z	0.0396718247227884	0.0671115301885581	187.831698082638	0.591132769753953	0.555142149841276	bm_minus_fibrillar_z	TRUE		null_smad_0817	smad
null_smad_0818_z	0.0976810994865243	0.0672677800573801	198.150767295981	1.45212313240011	0.148048923199998	basement_membrane_score_z	TRUE		null_smad_0818	smad
null_smad_0818_z	0.0295172189343293	0.0675033706575538	196.851819462974	0.437270296976293	0.66239466165565	bm_minus_fibrillar_z	TRUE		null_smad_0818	smad
null_smad_0819_z	0.146668045140797	0.0687748468822267	204.754960677549	2.13258264888555	0.0341498481805371	basement_membrane_score_z	TRUE		null_smad_0819	smad
null_smad_0819_z	0.195457698599556	0.0685893614800322	199.782239332616	2.84967951854251	0.00483500888832777	bm_minus_fibrillar_z	TRUE		null_smad_0819	smad
null_smad_0820_z	0.075303749716066	0.066638318283847	177.412642461108	1.13003676646383	0.259986195878208	basement_membrane_score_z	TRUE		null_smad_0820	smad
null_smad_0820_z	-0.00815210802094641	0.0663153676029098	180.859860455511	-0.122929395034956	0.902299504476258	bm_minus_fibrillar_z	TRUE		null_smad_0820	smad
null_smad_0821_z	0.0900594265710614	0.0687601276961191	196.419522940485	1.30976235194142	0.19180607641957	basement_membrane_score_z	TRUE		null_smad_0821	smad
null_smad_0821_z	0.0345310546738596	0.0687406082988743	194.704127299513	0.502338508901806	0.615997077023994	bm_minus_fibrillar_z	TRUE		null_smad_0821	smad
null_smad_0822_z	0.0587151746139622	0.0675015933231558	188.829000967547	0.869833906480849	0.385495533343586	basement_membrane_score_z	TRUE		null_smad_0822	smad
null_smad_0822_z	0.0179478243862315	0.0671485897102048	185.971757748119	0.267285202320547	0.789545757495795	bm_minus_fibrillar_z	TRUE		null_smad_0822	smad
null_smad_0823_z	0.103723426077621	0.067609813659954	201.491982643602	1.53414749224575	0.12656204758967	basement_membrane_score_z	TRUE		null_smad_0823	smad
null_smad_0823_z	0.00842592626737723	0.0680240533285649	199.714954299851	0.123866865543559	0.901545262854671	bm_minus_fibrillar_z	TRUE		null_smad_0823	smad
null_smad_0824_z	0.111646158784219	0.0678541144853471	189.770170908797	1.64538524496298	0.101545690126204	basement_membrane_score_z	TRUE		null_smad_0824	smad
null_smad_0824_z	0.180491827155213	0.0678471011313113	180.860583920726	2.66027323416352	0.00850942525802396	bm_minus_fibrillar_z	TRUE		null_smad_0824	smad
null_smad_0825_z	0.0190533543121631	0.066844599771821	192.65443263879	0.285039545112144	0.77592003262231	basement_membrane_score_z	TRUE		null_smad_0825	smad
null_smad_0825_z	-0.0561770667904222	0.0666725839939958	184.918126668636	-0.842581214423627	0.400551168116323	bm_minus_fibrillar_z	TRUE		null_smad_0825	smad
null_smad_0826_z	0.0593170770344792	0.0661873519879336	166.891254344141	0.896199579721713	0.371437044266552	basement_membrane_score_z	TRUE		null_smad_0826	smad
null_smad_0826_z	-0.122983483291125	0.0658820950451939	164.744877222872	-1.86672089293397	0.0637176416681352	bm_minus_fibrillar_z	TRUE		null_smad_0826	smad
null_smad_0827_z	-0.0031771503627835	0.0673381902557662	188.004667420644	-0.0471819980714649	0.962418256680855	basement_membrane_score_z	TRUE		null_smad_0827	smad
null_smad_0827_z	0.013634756067517	0.0668252243396721	183.431097136368	0.204036068748706	0.838551506817469	bm_minus_fibrillar_z	TRUE		null_smad_0827	smad
null_smad_0828_z	-0.00638022151091144	0.067106864012305	193.871343382328	-0.0950755426410857	0.924353020901238	basement_membrane_score_z	TRUE		null_smad_0828	smad
null_smad_0828_z	-0.0479366237898949	0.0669036534955733	186.553769686772	-0.716502332612772	0.474577235571135	bm_minus_fibrillar_z	TRUE		null_smad_0828	smad
null_smad_0829_z	0.0775602815389765	0.0666188324698793	199.875479150883	1.16423958006235	0.245714714965724	basement_membrane_score_z	TRUE		null_smad_0829	smad
null_smad_0829_z	-0.0603406972920733	0.067001036283728	199.75063024815	-0.900593492861061	0.368888997215372	bm_minus_fibrillar_z	TRUE		null_smad_0829	smad
null_smad_0830_z	-0.0567653495063865	0.0671397517951245	190.436662865332	-0.845480478980689	0.398903658555129	basement_membrane_score_z	TRUE		null_smad_0830	smad
null_smad_0830_z	-0.00251783760005439	0.0667463549959986	182.401898614655	-0.037722473387578	0.969950210941064	bm_minus_fibrillar_z	TRUE		null_smad_0830	smad
null_smad_0831_z	0.11395772739019	0.067625838046704	190.026271968346	1.68512111171899	0.0936067038352208	basement_membrane_score_z	TRUE		null_smad_0831	smad
null_smad_0831_z	0.147973958422111	0.0673057361341601	185.459282018724	2.19853413574076	0.0291485433366995	bm_minus_fibrillar_z	TRUE		null_smad_0831	smad
null_smad_0832_z	0.0680621981698637	0.0665043410143631	183.435632222878	1.0234248942511	0.307454756452126	basement_membrane_score_z	TRUE		null_smad_0832	smad
null_smad_0832_z	-0.062085076526702	0.0661899580476249	180.403444678879	-0.937983318890014	0.349507047665577	bm_minus_fibrillar_z	TRUE		null_smad_0832	smad
null_smad_0833_z	0.0712855052040007	0.0683615811743091	205.050311761503	1.04277145114938	0.298282004375745	basement_membrane_score_z	TRUE		null_smad_0833	smad
null_smad_0833_z	0.196164839465999	0.0673653882053105	197.607372919855	2.91195292852978	0.00400471726754612	bm_minus_fibrillar_z	TRUE		null_smad_0833	smad
null_smad_0834_z	0.134082796657902	0.0680252570392622	198.983008240739	1.97107372311012	0.0501017856615404	basement_membrane_score_z	TRUE		null_smad_0834	smad
null_smad_0834_z	0.108987929597122	0.0681695626847114	191.799355396932	1.59877700992741	0.111516194452509	bm_minus_fibrillar_z	TRUE		null_smad_0834	smad
null_smad_0835_z	-0.00640866300690963	0.0667809086634581	201.527031738693	-0.0959654957557711	0.923643337390066	basement_membrane_score_z	TRUE		null_smad_0835	smad
null_smad_0835_z	-0.0671565791846929	0.0667983522018238	195.741399900787	-1.00536281167216	0.315963372745442	bm_minus_fibrillar_z	TRUE		null_smad_0835	smad
null_smad_0836_z	0.0526251377750833	0.0665195525489848	190.75003202166	0.791122846719848	0.429854878431512	basement_membrane_score_z	TRUE		null_smad_0836	smad
null_smad_0836_z	-0.0877728679628139	0.0661955266445963	186.683946930201	-1.32596373821552	0.186471804008462	bm_minus_fibrillar_z	TRUE		null_smad_0836	smad
null_smad_0837_z	0.203366203476096	0.0693500891490882	206.8133233155	2.93245770800527	0.00374178252102454	basement_membrane_score_z	TRUE		null_smad_0837	smad
null_smad_0837_z	0.24224787039469	0.0689548163030682	202.074242045728	3.51313923207292	0.000546341099111501	bm_minus_fibrillar_z	TRUE		null_smad_0837	smad
null_smad_0838_z	0.135613105319356	0.0675469832827191	189.684945622387	2.00768559495463	0.0460958026995578	basement_membrane_score_z	TRUE		null_smad_0838	smad
null_smad_0838_z	0.169082341995857	0.066364198455665	187.10353906151	2.54779453275268	0.0116444778030049	bm_minus_fibrillar_z	TRUE		null_smad_0838	smad
null_smad_0839_z	0.0307895755549663	0.0681553500681028	185.57260344213	0.451755812628069	0.651972452992874	basement_membrane_score_z	TRUE		null_smad_0839	smad
null_smad_0839_z	-0.0281931888783238	0.0678390453998526	183.579139693331	-0.415589410377892	0.678195839354571	bm_minus_fibrillar_z	TRUE		null_smad_0839	smad
null_smad_0840_z	-0.0233190061201915	0.06726343837724	202.335269190504	-0.346681743942515	0.729190702697598	basement_membrane_score_z	TRUE		null_smad_0840	smad
null_smad_0840_z	-0.0278709598715051	0.0671790005770179	192.932920901843	-0.414876071869396	0.678693587179345	bm_minus_fibrillar_z	TRUE		null_smad_0840	smad
null_smad_0841_z	-0.0129672839441442	0.0665135494335103	188.662516499605	-0.194957028373697	0.845636377645264	basement_membrane_score_z	TRUE		null_smad_0841	smad
null_smad_0841_z	-0.106540766979741	0.0665041137615073	177.325772878996	-1.60201769415063	0.110931562710078	bm_minus_fibrillar_z	TRUE		null_smad_0841	smad
null_smad_0842_z	0.133512568105229	0.0688096153453437	184.684929893595	1.94031847780507	0.0538637528014738	basement_membrane_score_z	TRUE		null_smad_0842	smad
null_smad_0842_z	0.176484606673185	0.0678458457811139	186.658806138868	2.60125884851616	0.0100328267200043	bm_minus_fibrillar_z	TRUE		null_smad_0842	smad
null_smad_0843_z	0.0524043585185399	0.0680902535718164	199.116511181506	0.769630832161137	0.442430962286031	basement_membrane_score_z	TRUE		null_smad_0843	smad
null_smad_0843_z	-0.0571076254055635	0.0680718123426363	192.698737287533	-0.838932054844007	0.40254693931698	bm_minus_fibrillar_z	TRUE		null_smad_0843	smad
null_smad_0844_z	0.112647465293817	0.0697676062570436	208.550293494535	1.61460986462387	0.107907126604415	basement_membrane_score_z	TRUE		null_smad_0844	smad
null_smad_0844_z	0.160908406490045	0.0694344216376757	200.852901716343	2.31741552237161	0.0214886039857771	bm_minus_fibrillar_z	TRUE		null_smad_0844	smad
null_smad_0845_z	0.111272900558273	0.0682362905088787	186.776804717816	1.63069973072166	0.104638802089572	basement_membrane_score_z	TRUE		null_smad_0845	smad
null_smad_0845_z	0.0307139958055155	0.0682840511642262	190.276953811705	0.449797504422328	0.65336844302776	bm_minus_fibrillar_z	TRUE		null_smad_0845	smad
null_smad_0846_z	-0.0719405012865084	0.0670832940611098	194.378314551828	-1.07240561593433	0.284867504158639	basement_membrane_score_z	TRUE		null_smad_0846	smad
null_smad_0846_z	-0.0463469961318039	0.0668593111526134	185.923872894703	-0.693201819354853	0.489047944138721	bm_minus_fibrillar_z	TRUE		null_smad_0846	smad
null_smad_0847_z	0.0334071695710155	0.0674100556487155	193.25669361603	0.495581397308223	0.620752847261466	basement_membrane_score_z	TRUE		null_smad_0847	smad
null_smad_0847_z	0.00166890857475304	0.0670780536929495	188.609182431864	0.0248800983760276	0.980176905026582	bm_minus_fibrillar_z	TRUE		null_smad_0847	smad
null_smad_0848_z	-0.00577793334028449	0.0671371126992384	199.123023079752	-0.0860616893992528	0.931503852737543	basement_membrane_score_z	TRUE		null_smad_0848	smad
null_smad_0848_z	-0.040772880264827	0.0668627720127409	191.614704399889	-0.609799430048422	0.542717128103262	bm_minus_fibrillar_z	TRUE		null_smad_0848	smad
null_smad_0849_z	0.13323703227048	0.067523336488212	199.927260511454	1.97319977358849	0.0498506901438206	basement_membrane_score_z	TRUE		null_smad_0849	smad
null_smad_0849_z	0.143576330781971	0.0674011620049534	196.695732945344	2.13017589773036	0.0343995804954544	bm_minus_fibrillar_z	TRUE		null_smad_0849	smad
null_smad_0850_z	-0.00762850644894627	0.0671197445127895	190.682880696067	-0.113655177091633	0.909630719898705	basement_membrane_score_z	TRUE		null_smad_0850	smad
null_smad_0850_z	-0.0161214264324354	0.0667210760762204	186.927215918103	-0.24162419703811	0.809336225775861	bm_minus_fibrillar_z	TRUE		null_smad_0850	smad
null_smad_0851_z	0.142668985225053	0.067708174540175	197.120924610659	2.10711610812073	0.0363721282355659	basement_membrane_score_z	TRUE		null_smad_0851	smad
null_smad_0851_z	0.0773007078773552	0.0680109856745941	193.939731369827	1.13659149489773	0.257111537484331	bm_minus_fibrillar_z	TRUE		null_smad_0851	smad
null_smad_0852_z	0.062677720003139	0.066925333887162	197.012467016785	0.936532047920976	0.350145914121698	basement_membrane_score_z	TRUE		null_smad_0852	smad
null_smad_0852_z	0.0121164490359457	0.0666840198305534	193.252374500941	0.181699439636873	0.856009045166456	bm_minus_fibrillar_z	TRUE		null_smad_0852	smad
null_smad_0853_z	0.00814147155996496	0.0676259677644521	195.310972257041	0.120389723490871	0.904298186544748	basement_membrane_score_z	TRUE		null_smad_0853	smad
null_smad_0853_z	0.0447295472295391	0.0672630553454403	190.08050123553	0.664994282519925	0.50686017071403	bm_minus_fibrillar_z	TRUE		null_smad_0853	smad
null_smad_0854_z	0.051154387403138	0.0662140258664533	172.55572578097	0.772561201856401	0.440838996641429	basement_membrane_score_z	TRUE		null_smad_0854	smad
null_smad_0854_z	-0.110100285085167	0.0659964324904931	166.8949689365	-1.66827631328446	0.0971359385666535	bm_minus_fibrillar_z	TRUE		null_smad_0854	smad
null_smad_0855_z	0.00824511850231679	0.067845228233732	199.846464997657	0.121528347932027	0.903394671001078	basement_membrane_score_z	TRUE		null_smad_0855	smad
null_smad_0855_z	-0.0103554212152239	0.0676798032095297	192.849323304659	-0.153006077502391	0.878553456434194	bm_minus_fibrillar_z	TRUE		null_smad_0855	smad
null_smad_0856_z	0.0329711006643472	0.0675442430467163	205.043032340908	0.488140797455426	0.625971708263409	basement_membrane_score_z	TRUE		null_smad_0856	smad
null_smad_0856_z	0.0231672563799116	0.0674362018534013	198.183654252469	0.343543315655212	0.731553937988678	bm_minus_fibrillar_z	TRUE		null_smad_0856	smad
null_smad_0857_z	0.194237075343786	0.068696223061133	205.687558811033	2.82747823225934	0.00515513696924118	basement_membrane_score_z	TRUE		null_smad_0857	smad
null_smad_0857_z	0.243036698448315	0.0683033459858859	201.279138906623	3.55819608747331	0.000465705035293712	bm_minus_fibrillar_z	TRUE		null_smad_0857	smad
null_smad_0858_z	0.0882345326854052	0.0673475505438626	186.021548307762	1.31013722062452	0.19176489806445	basement_membrane_score_z	TRUE		null_smad_0858	smad
null_smad_0858_z	0.0466914044397832	0.0668868360238057	184.359120047066	0.698065676528117	0.486015644880144	bm_minus_fibrillar_z	TRUE		null_smad_0858	smad
null_smad_0859_z	0.14446852120776	0.0681088103789256	197.257756943889	2.12114292415335	0.0351584772026282	basement_membrane_score_z	TRUE		null_smad_0859	smad
null_smad_0859_z	0.170859228921264	0.0675578960174707	194.11158320138	2.52907859766798	0.0122317054090687	bm_minus_fibrillar_z	TRUE		null_smad_0859	smad
null_smad_0860_z	0.00554889706796934	0.06721223357167	188.23102240852	0.0825578436111995	0.934290848138344	basement_membrane_score_z	TRUE		null_smad_0860	smad
null_smad_0860_z	-0.00191353006926	0.0667214057953612	182.882974013467	-0.0286794027561248	0.977151555870608	bm_minus_fibrillar_z	TRUE		null_smad_0860	smad
null_smad_0861_z	0.0303641643775996	0.0665522784482737	189.916409754682	0.456245301972636	0.648734903185489	basement_membrane_score_z	TRUE		null_smad_0861	smad
null_smad_0861_z	-0.0645359069500822	0.0663748842444428	182.942786909071	-0.972294079073825	0.332188067418475	bm_minus_fibrillar_z	TRUE		null_smad_0861	smad
null_smad_0862_z	-0.0231549298411321	0.068396060385301	191.634316551646	-0.338541864994732	0.735325515937042	basement_membrane_score_z	TRUE		null_smad_0862	smad
null_smad_0862_z	0.0496258440906772	0.0677499614447319	189.173950452515	0.73248520046997	0.464779042234192	bm_minus_fibrillar_z	TRUE		null_smad_0862	smad
null_smad_0863_z	0.123788996555973	0.0668506562234727	185.287878621812	1.85172447884675	0.0656566013170477	basement_membrane_score_z	TRUE		null_smad_0863	smad
null_smad_0863_z	0.010331523212657	0.0669485309103609	189.343989407382	0.154320387201477	0.877521487866402	bm_minus_fibrillar_z	TRUE		null_smad_0863	smad
null_smad_0864_z	-0.0351855610737896	0.0677554193426803	208.151009730172	-0.519302535725369	0.604101513928556	basement_membrane_score_z	TRUE		null_smad_0864	smad
null_smad_0864_z	-0.0713491977126714	0.0679456720293718	201.512622239167	-1.05009186871871	0.294933580197067	bm_minus_fibrillar_z	TRUE		null_smad_0864	smad
null_smad_0865_z	0.132454738232425	0.0659321641875375	174.45350895842	2.00895480778806	0.0460838850664072	basement_membrane_score_z	TRUE		null_smad_0865	smad
null_smad_0865_z	-0.0229139542277819	0.0659346696924623	175.387902070258	-0.347525123499655	0.728613540334142	bm_minus_fibrillar_z	TRUE		null_smad_0865	smad
null_smad_0866_z	0.00296999212011308	0.0678290101288047	208.268818998189	0.043786458249548	0.965116573083609	basement_membrane_score_z	TRUE		null_smad_0866	smad
null_smad_0866_z	-0.022961087290856	0.0680296164042905	202.669294616958	-0.337516048222313	0.736077223983078	bm_minus_fibrillar_z	TRUE		null_smad_0866	smad
null_smad_0867_z	0.0134539735025125	0.067483793123018	198.634521671573	0.199365994113385	0.842180393500148	basement_membrane_score_z	TRUE		null_smad_0867	smad
null_smad_0867_z	0.0267402446387849	0.0672662759600495	192.882867322098	0.397528245129348	0.691417540548323	bm_minus_fibrillar_z	TRUE		null_smad_0867	smad
null_smad_0868_z	0.267798030287573	0.0678216167336237	206.85562672187	3.94856453126703	0.000107769428260793	basement_membrane_score_z	TRUE		null_smad_0868	smad
null_smad_0868_z	0.323754626497453	0.0668126285469604	204.330606633647	4.8457100631791	2.49139190577642e-06	bm_minus_fibrillar_z	TRUE		null_smad_0868	smad
null_smad_0869_z	0.0433800906510412	0.0681365715708824	182.978681420995	0.636663830464569	0.525139503708123	basement_membrane_score_z	TRUE		null_smad_0869	smad
null_smad_0869_z	0.0518275508916648	0.067586339246297	183.905951669714	0.766834710529235	0.444163069608629	bm_minus_fibrillar_z	TRUE		null_smad_0869	smad
null_smad_0870_z	-0.0594337283429809	0.0679847422202064	190.56326694495	-0.874221573871263	0.383098002767039	basement_membrane_score_z	TRUE		null_smad_0870	smad
null_smad_0870_z	-0.0348050060084998	0.0676735333099009	179.235106010403	-0.514307504074236	0.607670569331329	bm_minus_fibrillar_z	TRUE		null_smad_0870	smad
null_smad_0871_z	0.0364419117134739	0.0679708526516494	191.698741530422	0.536140276189246	0.592483170513651	basement_membrane_score_z	TRUE		null_smad_0871	smad
null_smad_0871_z	0.0668913968017015	0.0672383469844552	186.828024228005	0.994839995355123	0.321100822953966	bm_minus_fibrillar_z	TRUE		null_smad_0871	smad
null_smad_0872_z	0.0728577303329612	0.0670620065956269	185.636821058888	1.08642335700274	0.278700430506759	basement_membrane_score_z	TRUE		null_smad_0872	smad
null_smad_0872_z	0.065425345904901	0.0667332435433633	182.974313041887	0.980401107918388	0.32818267856616	bm_minus_fibrillar_z	TRUE		null_smad_0872	smad
null_smad_0873_z	0.0705889719561963	0.0678626409624229	184.807739301717	1.04017425427465	0.299617860441853	basement_membrane_score_z	TRUE		null_smad_0873	smad
null_smad_0873_z	0.0589238065521815	0.0676361352124626	185.159697524337	0.871188254134961	0.384779519878845	bm_minus_fibrillar_z	TRUE		null_smad_0873	smad
null_smad_0874_z	0.00839813352872464	0.0686255159419339	208.784948901934	0.122376253401586	0.902718755299875	basement_membrane_score_z	TRUE		null_smad_0874	smad
null_smad_0874_z	-0.0504830152703543	0.0688975798771527	203.647509640493	-0.732725523311089	0.46456837524171	bm_minus_fibrillar_z	TRUE		null_smad_0874	smad
null_smad_0875_z	-0.0955244397838348	0.0670584839761422	205.749726890136	-1.42449447288162	0.155818351486512	basement_membrane_score_z	TRUE		null_smad_0875	smad
null_smad_0875_z	-0.094353141052788	0.0673216584364689	193.94527878384	-1.40152728325653	0.162654703358941	bm_minus_fibrillar_z	TRUE		null_smad_0875	smad
null_smad_0876_z	0.0599423586930588	0.068189577707256	199.254143920255	0.879054552154535	0.380430559984689	basement_membrane_score_z	TRUE		null_smad_0876	smad
null_smad_0876_z	0.0269527722052267	0.0680864211389441	198.518753792157	0.395861197495227	0.69263253995542	bm_minus_fibrillar_z	TRUE		null_smad_0876	smad
null_smad_0877_z	0.0792875139104494	0.0675612966465087	195.099283863994	1.17356412392874	0.242000334110358	basement_membrane_score_z	TRUE		null_smad_0877	smad
null_smad_0877_z	0.192303649764343	0.0661365676322932	188.168163147879	2.90767508276986	0.00407907018189003	bm_minus_fibrillar_z	TRUE		null_smad_0877	smad
null_smad_0878_z	0.142603634166987	0.0670105841567477	177.689005754819	2.12807627274844	0.0347092737249808	basement_membrane_score_z	TRUE		null_smad_0878	smad
null_smad_0878_z	0.134373501830669	0.0665816253402254	182.710651469894	2.01817695413763	0.0450353614092381	bm_minus_fibrillar_z	TRUE		null_smad_0878	smad
null_smad_0879_z	-0.0738276834721991	0.0676268642469982	195.429275255033	-1.09169165677346	0.276312689177056	basement_membrane_score_z	TRUE		null_smad_0879	smad
null_smad_0879_z	-0.0465348211940709	0.067533494133397	183.671947102487	-0.689062838984046	0.491653252486599	bm_minus_fibrillar_z	TRUE		null_smad_0879	smad
null_smad_0880_z	-0.0400384937975504	0.0669897514822654	195.45273247431	-0.597680882696662	0.550744729600241	basement_membrane_score_z	TRUE		null_smad_0880	smad
null_smad_0880_z	-0.061397980315079	0.066530280477762	185.784751665653	-0.92285768035506	0.357278332684313	bm_minus_fibrillar_z	TRUE		null_smad_0880	smad
null_smad_0881_z	-0.0202580244490001	0.0667658887417056	201.654528114372	-0.303418779121947	0.761883545937387	basement_membrane_score_z	TRUE		null_smad_0881	smad
null_smad_0881_z	-0.129571939562941	0.0667221748323001	193.406075549897	-1.9419621720756	0.0535942193371164	bm_minus_fibrillar_z	TRUE		null_smad_0881	smad
null_smad_0882_z	0.0430144826270229	0.0666720164759889	195.521145909898	0.645165466721919	0.519576290587296	basement_membrane_score_z	TRUE		null_smad_0882	smad
null_smad_0882_z	-0.0813997081680476	0.0668074117038172	193.533187955234	-1.21842331699548	0.224546350550941	bm_minus_fibrillar_z	TRUE		null_smad_0882	smad
null_smad_0883_z	0.0935859087477802	0.0661258816194648	173.043794045169	1.41526897571423	0.158786779297783	basement_membrane_score_z	TRUE		null_smad_0883	smad
null_smad_0883_z	-0.0795317896248483	0.0659155373151244	174.044146896999	-1.20657121013257	0.229234779986844	bm_minus_fibrillar_z	TRUE		null_smad_0883	smad
null_smad_0884_z	0.102547315719111	0.0673830408977256	194.382113281992	1.52185645457524	0.129670134035787	basement_membrane_score_z	TRUE		null_smad_0884	smad
null_smad_0884_z	0.132748794755128	0.0664584773772161	188.12013695691	1.9974696982847	0.0472152480811757	bm_minus_fibrillar_z	TRUE		null_smad_0884	smad
null_smad_0885_z	0.136244198347618	0.0663453554231506	186.8299998058	2.05356045617139	0.04141150115212	basement_membrane_score_z	TRUE		null_smad_0885	smad
null_smad_0885_z	0.0019007859375698	0.0666813366314211	190.21406565842	0.0285055164397249	0.977288853465001	bm_minus_fibrillar_z	TRUE		null_smad_0885	smad
null_smad_0886_z	0.123803636669468	0.0682922232119782	199.207509392318	1.81285116879536	0.0713600901110882	basement_membrane_score_z	TRUE		null_smad_0886	smad
null_smad_0886_z	0.139136969886102	0.0682923516864019	194.821082828053	2.03737265521354	0.0429650491783178	bm_minus_fibrillar_z	TRUE		null_smad_0886	smad
null_smad_0887_z	0.0402164644368299	0.0666772098291258	195.1128278065	0.603151579676068	0.547108326634171	basement_membrane_score_z	TRUE		null_smad_0887	smad
null_smad_0887_z	-0.133327587865395	0.0665847183699255	189.984613391486	-2.0023751865205	0.0466664802114514	bm_minus_fibrillar_z	TRUE		null_smad_0887	smad
null_smad_0888_z	0.0523520593680124	0.0673360575830064	187.446958663985	0.777474376243026	0.437859073735788	basement_membrane_score_z	TRUE		null_smad_0888	smad
null_smad_0888_z	-0.0104436363680788	0.0669980600666104	185.514714151423	-0.155879683048966	0.876297349190577	bm_minus_fibrillar_z	TRUE		null_smad_0888	smad
null_smad_0889_z	0.124691376256229	0.0676199851462623	194.765959189554	1.84400182854996	0.0667019777266119	basement_membrane_score_z	TRUE		null_smad_0889	smad
null_smad_0889_z	0.157921024598794	0.0667018407992913	188.667464746966	2.36756621266248	0.018917444658128	bm_minus_fibrillar_z	TRUE		null_smad_0889	smad
null_smad_0890_z	0.0423810309070667	0.0675991354780204	177.365740243471	0.626946344910679	0.531500578434028	basement_membrane_score_z	TRUE		null_smad_0890	smad
null_smad_0890_z	-0.00469210012658465	0.0669418602538712	174.339601443355	-0.0700921681708616	0.944200634446504	bm_minus_fibrillar_z	TRUE		null_smad_0890	smad
null_smad_0891_z	-0.0995085812235415	0.0673945432135095	206.92214658128	-1.47650798534672	0.141327787356044	basement_membrane_score_z	TRUE		null_smad_0891	smad
null_smad_0891_z	0.013095282682733	0.0676690050486972	197.118375155844	0.19351965753463	0.846751276317106	bm_minus_fibrillar_z	TRUE		null_smad_0891	smad
null_smad_0892_z	0.0618092584467912	0.0674666644210479	200.51019994787	0.916145165574663	0.360691287231679	basement_membrane_score_z	TRUE		null_smad_0892	smad
null_smad_0892_z	0.129326123728164	0.0669643513603208	192.331914108112	1.93126822109106	0.0549198691561995	bm_minus_fibrillar_z	TRUE		null_smad_0892	smad
null_smad_0893_z	-0.057381090245979	0.06670934847452	194.270222384308	-0.860165652313274	0.390757996094532	basement_membrane_score_z	TRUE		null_smad_0893	smad
null_smad_0893_z	-0.0140646752318546	0.0664342936746446	186.05677206406	-0.211708056997415	0.832566529502163	bm_minus_fibrillar_z	TRUE		null_smad_0893	smad
null_smad_0894_z	0.0237929894712365	0.0677163362901113	183.525875138401	0.351362622001614	0.725719369349967	basement_membrane_score_z	TRUE		null_smad_0894	smad
null_smad_0894_z	0.0652601911977077	0.0670060545552946	179.152330554258	0.973944692473332	0.331397205901702	bm_minus_fibrillar_z	TRUE		null_smad_0894	smad
null_smad_0895_z	0.100895662787897	0.0662810919595866	189.075043575752	1.52223899463539	0.129619893363455	basement_membrane_score_z	TRUE		null_smad_0895	smad
null_smad_0895_z	-0.0660594270040955	0.0662933484830352	188.128735584	-0.996471418561705	0.320301097921371	bm_minus_fibrillar_z	TRUE		null_smad_0895	smad
null_smad_0896_z	0.0392481941935721	0.0668491288768791	187.023801952562	0.587116015615676	0.557833884396447	basement_membrane_score_z	TRUE		null_smad_0896	smad
null_smad_0896_z	0.00733785485646152	0.0662796420591316	182.113618131145	0.110710538386961	0.911967802785501	bm_minus_fibrillar_z	TRUE		null_smad_0896	smad
null_smad_0897_z	-0.0765510067301085	0.0674670375177566	200.30312801598	-1.13464307232938	0.257880896843528	basement_membrane_score_z	TRUE		null_smad_0897	smad
null_smad_0897_z	-0.0925344788609277	0.0674715500482903	188.414425602165	-1.37145921198934	0.171862909714533	bm_minus_fibrillar_z	TRUE		null_smad_0897	smad
null_smad_0898_z	-0.113537065523283	0.0680166229911638	197.453780392655	-1.6692546693774	0.0966516083887819	basement_membrane_score_z	TRUE		null_smad_0898	smad
null_smad_0898_z	0.0393105225886391	0.0679485777688416	185.988668603349	0.578533412757687	0.563603944733123	bm_minus_fibrillar_z	TRUE		null_smad_0898	smad
null_smad_0899_z	-0.0608683046613921	0.066747912786291	206.118922704886	-0.911913228751829	0.362879700090266	basement_membrane_score_z	TRUE		null_smad_0899	smad
null_smad_0899_z	-0.0974178194456698	0.0669201683363024	198.572765156842	-1.45573183492462	0.147045928197678	bm_minus_fibrillar_z	TRUE		null_smad_0899	smad
null_smad_0900_z	0.0181535558889957	0.0676182515582706	185.581698672801	0.268471240687903	0.788634808382719	basement_membrane_score_z	TRUE		null_smad_0900	smad
null_smad_0900_z	-0.000905428651773011	0.0670996832229421	182.23751575295	-0.0134937842964873	0.989248605555685	bm_minus_fibrillar_z	TRUE		null_smad_0900	smad
null_smad_0901_z	0.159407250209371	0.0674543789845708	200.490110340839	2.36318609123705	0.0190753478489821	basement_membrane_score_z	TRUE		null_smad_0901	smad
null_smad_0901_z	0.220519460282785	0.066551249319329	196.658718719836	3.31352848426149	0.00109659670866659	bm_minus_fibrillar_z	TRUE		null_smad_0901	smad
null_smad_0902_z	-0.0430872963496443	0.0676108019916731	205.787201750266	-0.637284207262486	0.524648097456679	basement_membrane_score_z	TRUE		null_smad_0902	smad
null_smad_0902_z	-0.0537558419422379	0.067755278890767	198.187325991597	-0.793382343372853	0.428503918628946	bm_minus_fibrillar_z	TRUE		null_smad_0902	smad
null_smad_0903_z	0.101884110771832	0.0683276012091055	192.072559528463	1.49111206846019	0.137572551984043	basement_membrane_score_z	TRUE		null_smad_0903	smad
null_smad_0903_z	0.135016297729232	0.0676126313279398	188.636867652321	1.99690938035476	0.0472726866117138	bm_minus_fibrillar_z	TRUE		null_smad_0903	smad
null_smad_0904_z	0.075816894182717	0.0672065269334942	195.200407374903	1.12811802130087	0.260654732872382	basement_membrane_score_z	TRUE		null_smad_0904	smad
null_smad_0904_z	0.130409551655681	0.0665965654007252	188.331826632235	1.9582023618032	0.0516832145010244	bm_minus_fibrillar_z	TRUE		null_smad_0904	smad
null_smad_0905_z	0.0414784140740262	0.0678829209834668	208.525540673059	0.611028716400234	0.541846044548266	basement_membrane_score_z	TRUE		null_smad_0905	smad
null_smad_0905_z	-0.00701674170872044	0.068194759280304	204.063052118738	-0.102892682410964	0.918149188244088	bm_minus_fibrillar_z	TRUE		null_smad_0905	smad
null_smad_0906_z	0.0536124922537828	0.0676961551544791	203.41853412262	0.791957713572387	0.42930788546359	basement_membrane_score_z	TRUE		null_smad_0906	smad
null_smad_0906_z	0.00430933449790334	0.0677615925213142	199.857400962813	0.0635955315918505	0.94935585026698	bm_minus_fibrillar_z	TRUE		null_smad_0906	smad
null_smad_0907_z	-0.0215954022454254	0.0671537049021403	194.156126894982	-0.321581694962256	0.748115550857657	basement_membrane_score_z	TRUE		null_smad_0907	smad
null_smad_0907_z	0.00479732221287765	0.066814833022701	188.622689482547	0.0718002574555221	0.942836941718624	bm_minus_fibrillar_z	TRUE		null_smad_0907	smad
null_smad_0908_z	0.129831317149465	0.0671189223202718	199.739589649173	1.93434746359526	0.0544832337004417	basement_membrane_score_z	TRUE		null_smad_0908	smad
null_smad_0908_z	0.0629061770680312	0.0673320653143107	194.813000977836	0.93426774857389	0.351322355528891	bm_minus_fibrillar_z	TRUE		null_smad_0908	smad
null_smad_0909_z	0.0156738133517528	0.069559523313249	200.937270932739	0.225329510686388	0.821951945731053	basement_membrane_score_z	TRUE		null_smad_0909	smad
null_smad_0909_z	0.0732684825488758	0.0687876418716657	191.847701999409	1.06514019895565	0.288151192587045	bm_minus_fibrillar_z	TRUE		null_smad_0909	smad
null_smad_0910_z	0.0574298933880053	0.06854235962083	196.540737457681	0.837874472161481	0.403118969240501	basement_membrane_score_z	TRUE		null_smad_0910	smad
null_smad_0910_z	0.0868198581883975	0.0681986513551344	187.62863230956	1.27304362275869	0.204577625704704	bm_minus_fibrillar_z	TRUE		null_smad_0910	smad
null_smad_0911_z	0.106362338344263	0.0671278268162293	197.910847070287	1.58447462682567	0.114682328015953	basement_membrane_score_z	TRUE		null_smad_0911	smad
null_smad_0911_z	0.0232141657695032	0.0672988061558232	196.467015999141	0.344941717327842	0.730507179944811	bm_minus_fibrillar_z	TRUE		null_smad_0911	smad
null_smad_0912_z	0.121902702594989	0.0674965682411184	205.328492083967	1.8060577859235	0.0723737292197463	basement_membrane_score_z	TRUE		null_smad_0912	smad
null_smad_0912_z	0.155234799032439	0.0676242857144264	197.904781315436	2.29554807703238	0.0227497484743571	bm_minus_fibrillar_z	TRUE		null_smad_0912	smad
null_smad_0913_z	0.0687151992167504	0.0678947493672623	181.344470325744	1.01208414284071	0.312846286129933	basement_membrane_score_z	TRUE		null_smad_0913	smad
null_smad_0913_z	0.0128160499057891	0.0674005661610566	181.664212966415	0.190147511152423	0.849405848751604	bm_minus_fibrillar_z	TRUE		null_smad_0913	smad
null_smad_0914_z	0.104733010063006	0.0696236148065026	203.984076699611	1.50427423732708	0.13405750612271	basement_membrane_score_z	TRUE		null_smad_0914	smad
null_smad_0914_z	0.12220101946548	0.0692744411053023	193.92995185293	1.76401306911629	0.0793042705711396	bm_minus_fibrillar_z	TRUE		null_smad_0914	smad
null_smad_0915_z	0.0859332658750686	0.0682605895544567	191.494409521609	1.25890014188221	0.209598898840859	basement_membrane_score_z	TRUE		null_smad_0915	smad
null_smad_0915_z	-0.0472957344722611	0.0682909851165485	187.785678531916	-0.692561900982157	0.489440073141576	bm_minus_fibrillar_z	TRUE		null_smad_0915	smad
null_smad_0916_z	-0.004129502882239	0.0669277120784145	194.054088851442	-0.0617009420163766	0.950864492196997	basement_membrane_score_z	TRUE		null_smad_0916	smad
null_smad_0916_z	-0.0615680540070148	0.0667932167177675	187.134582198093	-0.921771057488795	0.357834845991122	bm_minus_fibrillar_z	TRUE		null_smad_0916	smad
null_smad_0917_z	-0.0185944347815522	0.0685667799834751	191.330724678917	-0.271187224863609	0.78653939437195	basement_membrane_score_z	TRUE		null_smad_0917	smad
null_smad_0917_z	0.0558721087487869	0.0675877965204051	183.731108842402	0.826659717067692	0.409502218709483	bm_minus_fibrillar_z	TRUE		null_smad_0917	smad
null_smad_0918_z	0.0874868758264238	0.0690910846359549	205.889519061358	1.26625419599935	0.206852863937388	basement_membrane_score_z	TRUE		null_smad_0918	smad
null_smad_0918_z	0.202048266437835	0.0680649704415059	200.207285305999	2.96846182591782	0.00335807824918435	bm_minus_fibrillar_z	TRUE		null_smad_0918	smad
null_smad_0919_z	-0.0194224644986072	0.0675670831095124	196.27837679714	-0.287454535622432	0.774067570616393	basement_membrane_score_z	TRUE		null_smad_0919	smad
null_smad_0919_z	-0.00322211237232013	0.0672737091653707	189.257364341548	-0.0478955659245665	0.961849977744621	bm_minus_fibrillar_z	TRUE		null_smad_0919	smad
null_smad_0920_z	0.127924263928306	0.067587479541732	196.498908601711	1.89272132643028	0.0598649632340076	basement_membrane_score_z	TRUE		null_smad_0920	smad
null_smad_0920_z	0.197616988504049	0.0663058660491868	191.430217190475	2.98038469714661	0.00325234747290028	bm_minus_fibrillar_z	TRUE		null_smad_0920	smad
null_smad_0921_z	-0.0260365101539872	0.0672593434604367	201.868247562057	-0.387106219216999	0.699085365642726	basement_membrane_score_z	TRUE		null_smad_0921	smad
null_smad_0921_z	-0.047124177439977	0.0671740080791938	194.849840967105	-0.701523979102462	0.483813104349666	bm_minus_fibrillar_z	TRUE		null_smad_0921	smad
null_smad_0922_z	0.00341136101419583	0.0669656207985968	196.168893284728	0.0509419755019625	0.959423590580638	basement_membrane_score_z	TRUE		null_smad_0922	smad
null_smad_0922_z	-0.017142244134525	0.0666859603314956	187.026785037265	-0.257059267787567	0.797415601933678	bm_minus_fibrillar_z	TRUE		null_smad_0922	smad
null_smad_0923_z	0.218997242446934	0.0676117953185401	200.99034783977	3.23903900813712	0.00140332064517145	basement_membrane_score_z	TRUE		null_smad_0923	smad
null_smad_0923_z	0.194199850029306	0.0686784302299477	197.30966053776	2.82766873644447	0.00517232686420913	bm_minus_fibrillar_z	TRUE		null_smad_0923	smad
null_smad_0924_z	0.117490949147329	0.0675226597406161	192.508511792594	1.74002252871352	0.0834531571270144	basement_membrane_score_z	TRUE		null_smad_0924	smad
null_smad_0924_z	0.121828299932184	0.0670573292024659	187.153410607793	1.81677829077188	0.0708508055736632	bm_minus_fibrillar_z	TRUE		null_smad_0924	smad
null_smad_0925_z	0.111067847879004	0.0681925295767667	208.272534721273	1.62873922654491	0.104879873300113	basement_membrane_score_z	TRUE		null_smad_0925	smad
null_smad_0925_z	0.212788166364545	0.067137296118278	199.894100166993	3.1694479621233	0.00176731801842452	bm_minus_fibrillar_z	TRUE		null_smad_0925	smad
null_smad_0926_z	-0.0081525515159894	0.0676838209190853	196.291575990352	-0.120450521340035	0.904249472554648	basement_membrane_score_z	TRUE		null_smad_0926	smad
null_smad_0926_z	-0.0299069355560629	0.0673814303527344	189.831241429444	-0.443845365102868	0.657659887268299	bm_minus_fibrillar_z	TRUE		null_smad_0926	smad
null_smad_0927_z	-0.0842438841592863	0.0675653966549291	192.082626721916	-1.24684954621872	0.213970921830389	basement_membrane_score_z	TRUE		null_smad_0927	smad
null_smad_0927_z	-0.00853390716681065	0.0672582167723267	180.138261051677	-0.126882744984133	0.899174721209806	bm_minus_fibrillar_z	TRUE		null_smad_0927	smad
null_smad_0928_z	0.00570106135657749	0.067272365525517	194.708402644778	0.0847459623582737	0.932550427138299	basement_membrane_score_z	TRUE		null_smad_0928	smad
null_smad_0928_z	-0.0379915542822072	0.0670286654639896	188.754163979183	-0.566795624218682	0.571526417714811	bm_minus_fibrillar_z	TRUE		null_smad_0928	smad
null_smad_0929_z	-0.00124632330717009	0.0675458404054978	195.190592317725	-0.0184515182532046	0.985297501015096	basement_membrane_score_z	TRUE		null_smad_0929	smad
null_smad_0929_z	0.0219802502669814	0.0671332338179688	189.202807804542	0.327412356249375	0.743717999390491	bm_minus_fibrillar_z	TRUE		null_smad_0929	smad
null_smad_0930_z	-0.0737276868198229	0.0668086203030109	191.552430689363	-1.10356547531487	0.271166102763156	basement_membrane_score_z	TRUE		null_smad_0930	smad
null_smad_0930_z	-0.0658987135166599	0.0665700527398217	181.442927085303	-0.98991529681093	0.323533789468062	bm_minus_fibrillar_z	TRUE		null_smad_0930	smad
null_smad_0931_z	0.111797316413771	0.0663290401575672	196.012189418716	1.68549576698521	0.0934842191140664	basement_membrane_score_z	TRUE		null_smad_0931	smad
null_smad_0931_z	-0.10578986320894	0.0667273603519817	195.083472625676	-1.5854045874272	0.114494066548448	bm_minus_fibrillar_z	TRUE		null_smad_0931	smad
null_smad_0932_z	0.0888078032525556	0.0686249123621597	207.65205470957	1.29410443227793	0.197066757049957	basement_membrane_score_z	TRUE		null_smad_0932	smad
null_smad_0932_z	0.138208301431362	0.0684271036840799	199.260868150594	2.01978885544322	0.0447444945566677	bm_minus_fibrillar_z	TRUE		null_smad_0932	smad
null_smad_0933_z	0.0982241512964142	0.0666462500486471	196.73908743261	1.47381362379305	0.142130016179236	basement_membrane_score_z	TRUE		null_smad_0933	smad
null_smad_0933_z	-0.0588687203934631	0.0668782735915057	193.034045437942	-0.880236842730643	0.379825573428113	bm_minus_fibrillar_z	TRUE		null_smad_0933	smad
null_smad_0934_z	0.0709009509945712	0.0672471105875464	189.188827722163	1.0543345338573	0.293074404442022	basement_membrane_score_z	TRUE		null_smad_0934	smad
null_smad_0934_z	0.114205389245518	0.0665592691727542	186.713686031777	1.71584500047768	0.0878491304367233	bm_minus_fibrillar_z	TRUE		null_smad_0934	smad
null_smad_0935_z	-0.049472268668478	0.0673964665051631	207.377094458048	-0.734048403927645	0.463748355987717	basement_membrane_score_z	TRUE		null_smad_0935	smad
null_smad_0935_z	-0.00909573646910172	0.0675346728581523	199.298282210784	-0.134682468784681	0.892998853182659	bm_minus_fibrillar_z	TRUE		null_smad_0935	smad
null_smad_0936_z	0.0233328008335891	0.0667886278950519	201.523271220611	0.349352899871712	0.727189167688658	basement_membrane_score_z	TRUE		null_smad_0936	smad
null_smad_0936_z	-0.181640802436987	0.0663569404123916	193.551876641594	-2.73732937818011	0.00677125561898475	bm_minus_fibrillar_z	TRUE		null_smad_0936	smad
null_smad_0937_z	0.175454509412206	0.0675589032359489	196.647367078861	2.59705976574891	0.010113253213054	basement_membrane_score_z	TRUE		null_smad_0937	smad
null_smad_0937_z	0.135496829805295	0.0676356411336579	191.102545496082	2.0033347438451	0.0465541782993348	bm_minus_fibrillar_z	TRUE		null_smad_0937	smad
null_smad_0938_z	0.0563511879353328	0.0689310848144022	195.34055442933	0.817500378632645	0.41463851944167	basement_membrane_score_z	TRUE		null_smad_0938	smad
null_smad_0938_z	-0.00541425937490982	0.0688425804376597	193.383662300247	-0.0786469557138796	0.93739475715339	bm_minus_fibrillar_z	TRUE		null_smad_0938	smad
null_smad_0939_z	0.0543156593312933	0.0665254818434146	184.61001045496	0.816463974799005	0.415287118427838	basement_membrane_score_z	TRUE		null_smad_0939	smad
null_smad_0939_z	-0.0731399378116266	0.0660759770439687	183.285736262491	-1.1069066411679	0.269784917337249	bm_minus_fibrillar_z	TRUE		null_smad_0939	smad
null_smad_0940_z	-0.0927736193073663	0.0671202483331301	194.914110145584	-1.3822001796971	0.168492103816857	basement_membrane_score_z	TRUE		null_smad_0940	smad
null_smad_0940_z	-0.00290363483411677	0.0669257478581949	185.423698892485	-0.0433859153919224	0.965440589911232	bm_minus_fibrillar_z	TRUE		null_smad_0940	smad
null_smad_0941_z	-0.019905009239594	0.0673997700476425	203.094405007844	-0.295327554167081	0.768045370160351	basement_membrane_score_z	TRUE		null_smad_0941	smad
null_smad_0941_z	-0.0321959580183073	0.0673875001856631	195.73728248224	-0.477773443585271	0.633344573199845	bm_minus_fibrillar_z	TRUE		null_smad_0941	smad
null_smad_0942_z	-0.026718394390577	0.0686620738561061	194.726475586198	-0.389128858044258	0.697606018805969	basement_membrane_score_z	TRUE		null_smad_0942	smad
null_smad_0942_z	0.0566698215675499	0.0681720978981785	188.425790675349	0.831275893140206	0.406869943413456	bm_minus_fibrillar_z	TRUE		null_smad_0942	smad
null_smad_0943_z	0.0774411426097637	0.0675112348291597	192.505776323071	1.14708526374509	0.252770044400009	basement_membrane_score_z	TRUE		null_smad_0943	smad
null_smad_0943_z	0.0715836642542044	0.0672670527990771	192.20639816672	1.0641712588185	0.288586203281757	bm_minus_fibrillar_z	TRUE		null_smad_0943	smad
null_smad_0944_z	0.0955076068124144	0.0684626875195798	186.470223073912	1.39503151676744	0.164665713344657	basement_membrane_score_z	TRUE		null_smad_0944	smad
null_smad_0944_z	0.116920448085383	0.0681907486099476	185.150981690133	1.71460865980766	0.0880902419370274	bm_minus_fibrillar_z	TRUE		null_smad_0944	smad
null_smad_0945_z	0.15653724299557	0.0675819292130152	208.038028097441	2.31625887006231	0.0215178716234264	basement_membrane_score_z	TRUE		null_smad_0945	smad
null_smad_0945_z	0.191055461964116	0.0676722056572112	201.739193357363	2.82324863078786	0.00523037789361218	bm_minus_fibrillar_z	TRUE		null_smad_0945	smad
null_smad_0946_z	-0.0441086508678833	0.0674697750613385	193.324565445648	-0.653754230361417	0.514047008622005	basement_membrane_score_z	TRUE		null_smad_0946	smad
null_smad_0946_z	-0.0932143694591334	0.0672013417915608	181.972225114718	-1.38709089690884	0.167110646664831	bm_minus_fibrillar_z	TRUE		null_smad_0946	smad
null_smad_0947_z	0.0493457097564466	0.0671654725605822	186.729521038737	0.73468864098198	0.463450772325832	basement_membrane_score_z	TRUE		null_smad_0947	smad
null_smad_0947_z	0.00433919303720964	0.0667728739703419	185.274540337885	0.0649843683400081	0.948256509482564	bm_minus_fibrillar_z	TRUE		null_smad_0947	smad
null_smad_0948_z	0.0283323375686296	0.0666539592132846	188.242242002163	0.425066086141553	0.671273990384236	basement_membrane_score_z	TRUE		null_smad_0948	smad
null_smad_0948_z	-0.100288691673514	0.066689634700143	183.044905011147	-1.50381228094054	0.134353120914748	bm_minus_fibrillar_z	TRUE		null_smad_0948	smad
null_smad_0949_z	0.0651609118332343	0.0682528948654107	198.861407787333	0.954698140814781	0.340889442250346	basement_membrane_score_z	TRUE		null_smad_0949	smad
null_smad_0949_z	0.0428316287971416	0.0680944690631931	196.791592499064	0.629003051002468	0.530076514061214	bm_minus_fibrillar_z	TRUE		null_smad_0949	smad
null_smad_0950_z	-0.0120585332574143	0.0669681105537924	186.081223284755	-0.18006381183068	0.857298411014817	basement_membrane_score_z	TRUE		null_smad_0950	smad
null_smad_0950_z	0.0410940351994476	0.0660844767477119	180.736919425772	0.621840971160757	0.534830056303439	bm_minus_fibrillar_z	TRUE		null_smad_0950	smad
null_smad_0951_z	0.144544028678895	0.0670958774548876	204.841937847852	2.15429075767106	0.0323848285632214	basement_membrane_score_z	TRUE		null_smad_0951	smad
null_smad_0951_z	0.177644164087695	0.0671492068809299	201.850675965924	2.6455139582318	0.0087990243973611	bm_minus_fibrillar_z	TRUE		null_smad_0951	smad
null_smad_0952_z	0.0300546396385353	0.0674242467542292	197.538607680403	0.445754177248559	0.656262982893326	basement_membrane_score_z	TRUE		null_smad_0952	smad
null_smad_0952_z	0.0622022703778119	0.0672420113919152	192.23612646601	0.92505070996866	0.356099297927599	bm_minus_fibrillar_z	TRUE		null_smad_0952	smad
null_smad_0953_z	0.0290329511746588	0.0678726048625287	191.940487164203	0.427756548219463	0.669307912360855	basement_membrane_score_z	TRUE		null_smad_0953	smad
null_smad_0953_z	0.0483472079920372	0.0675252708154782	189.277427025146	0.715986880291859	0.474881838084463	bm_minus_fibrillar_z	TRUE		null_smad_0953	smad
null_smad_0954_z	0.028603511581011	0.06763311738649	200.071954439102	0.422921679294421	0.672806619752227	basement_membrane_score_z	TRUE		null_smad_0954	smad
null_smad_0954_z	-0.0128038786103833	0.0675633755885	196.094738443698	-0.189509160826516	0.849889788277526	bm_minus_fibrillar_z	TRUE		null_smad_0954	smad
null_smad_0955_z	0.0969143430205192	0.0676235181985764	206.965596081889	1.43314553282972	0.153325098617735	basement_membrane_score_z	TRUE		null_smad_0955	smad
null_smad_0955_z	0.0351423179846304	0.0680459207258849	202.594101720617	0.516450032709487	0.606103386148115	bm_minus_fibrillar_z	TRUE		null_smad_0955	smad
null_smad_0956_z	-0.00366103491563694	0.0667059836384352	197.907456345981	-0.054883156142045	0.956286915737059	basement_membrane_score_z	TRUE		null_smad_0956	smad
null_smad_0956_z	-0.0369781240368042	0.0665628660378136	191.662257283829	-0.555536836646988	0.579175383940836	bm_minus_fibrillar_z	TRUE		null_smad_0956	smad
null_smad_0957_z	0.125464156635699	0.068179136765473	202.501351260327	1.84021333486926	0.067200462485592	basement_membrane_score_z	TRUE		null_smad_0957	smad
null_smad_0957_z	0.117035069504329	0.068428781731674	196.386935249667	1.71031935017128	0.0887860632194981	bm_minus_fibrillar_z	TRUE		null_smad_0957	smad
null_smad_0958_z	0.0266688493280307	0.0675652623405934	193.035941108957	0.394712436600841	0.693490888521172	basement_membrane_score_z	TRUE		null_smad_0958	smad
null_smad_0958_z	0.0186367452735574	0.0672401516964269	188.392796268134	0.277166912973335	0.781955831234378	bm_minus_fibrillar_z	TRUE		null_smad_0958	smad
null_smad_0959_z	0.112514426288971	0.0669894947214474	190.373743692969	1.67958314593689	0.0946788029536641	basement_membrane_score_z	TRUE		null_smad_0959	smad
null_smad_0959_z	0.155053996672961	0.0654143050442017	182.524650264023	2.37033775056065	0.0188146540821803	bm_minus_fibrillar_z	TRUE		null_smad_0959	smad
null_smad_0960_z	0.0913195785101375	0.0683732799216474	190.704884914048	1.33560330314394	0.183270805374053	basement_membrane_score_z	TRUE		null_smad_0960	smad
null_smad_0960_z	0.142948272079744	0.0674367758763608	187.656249368374	2.11973763902692	0.0353426215885557	bm_minus_fibrillar_z	TRUE		null_smad_0960	smad
null_smad_0961_z	0.0453335687570828	0.0680957199936851	194.362504560827	0.665733011726535	0.506371074103999	basement_membrane_score_z	TRUE		null_smad_0961	smad
null_smad_0961_z	0.0462353022102681	0.0674391674144554	187.183441084233	0.685585305733737	0.493822853455402	bm_minus_fibrillar_z	TRUE		null_smad_0961	smad
null_smad_0962_z	0.136414552485471	0.0688298044508045	201.847682988455	1.98191108595946	0.0488461723439617	basement_membrane_score_z	TRUE		null_smad_0962	smad
null_smad_0962_z	0.160766317751424	0.0685223357013848	196.201498615664	2.34618852533037	0.0199643178985395	bm_minus_fibrillar_z	TRUE		null_smad_0962	smad
null_smad_0963_z	0.094979098535271	0.0665635544802448	196.090194322852	1.42689342954874	0.155200952625533	basement_membrane_score_z	TRUE		null_smad_0963	smad
null_smad_0963_z	-0.0300719606780505	0.0668197223290873	195.537120348332	-0.450046178431362	0.653175679270519	bm_minus_fibrillar_z	TRUE		null_smad_0963	smad
null_smad_0964_z	0.0592394380057747	0.0671809453751642	191.801289427184	0.881789288241762	0.378994477990056	basement_membrane_score_z	TRUE		null_smad_0964	smad
null_smad_0964_z	0.0779973355976071	0.066512591529916	186.400422175547	1.17267022384063	0.24242453030377	bm_minus_fibrillar_z	TRUE		null_smad_0964	smad
null_smad_0965_z	0.110346379901072	0.0690979920952846	207.505877912121	1.59695494116395	0.111797468454407	basement_membrane_score_z	TRUE		null_smad_0965	smad
null_smad_0965_z	0.170652524468069	0.0688108442389434	201.092285139667	2.48002369910597	0.0139589537017511	bm_minus_fibrillar_z	TRUE		null_smad_0965	smad
null_smad_0966_z	0.0413341052108156	0.068352862372624	176.127526655432	0.60471652211847	0.546145625134032	basement_membrane_score_z	TRUE		null_smad_0966	smad
null_smad_0966_z	-0.0220934567779663	0.0678041537732163	176.271297237713	-0.32584223161109	0.744930213542178	bm_minus_fibrillar_z	TRUE		null_smad_0966	smad
null_smad_0967_z	0.185667039840018	0.0683649103533494	201.82295530178	2.71582364228057	0.00718451454832421	basement_membrane_score_z	TRUE		null_smad_0967	smad
null_smad_0967_z	0.24345072562504	0.067500783129955	197.294381367275	3.60663557275091	0.000392984210169137	bm_minus_fibrillar_z	TRUE		null_smad_0967	smad
null_smad_0968_z	0.0501147778850975	0.0696764019410941	198.320691252861	0.719250370124817	0.472833330784109	basement_membrane_score_z	TRUE		null_smad_0968	smad
null_smad_0968_z	0.152301631643158	0.0686696652831972	190.37586657352	2.21788807350463	0.0277450473288681	bm_minus_fibrillar_z	TRUE		null_smad_0968	smad
null_smad_0969_z	0.00886951100009822	0.0674449546104741	187.379670749429	0.131507405577241	0.895515021104123	basement_membrane_score_z	TRUE		null_smad_0969	smad
null_smad_0969_z	0.019920077636621	0.066836176859416	182.895389369053	0.298043343779539	0.766008387004576	bm_minus_fibrillar_z	TRUE		null_smad_0969	smad
null_smad_0970_z	0.0707789332510355	0.0669814409905561	188.198102406285	1.05669469340044	0.292005478893454	basement_membrane_score_z	TRUE		null_smad_0970	smad
null_smad_0970_z	0.0672567301256751	0.0666284373865114	183.582656239207	1.00942979850359	0.31409714638084	bm_minus_fibrillar_z	TRUE		null_smad_0970	smad
null_smad_0971_z	-0.0602567327702899	0.0674123801449823	195.96684401978	-0.893852622332827	0.372497183359389	basement_membrane_score_z	TRUE		null_smad_0971	smad
null_smad_0971_z	0.051488089326006	0.0669749606906219	189.475259256954	0.768766249283004	0.442989259750615	bm_minus_fibrillar_z	TRUE		null_smad_0971	smad
null_smad_0972_z	-0.0234644825795362	0.0670896115637139	198.372973048299	-0.349748374340376	0.72689857350234	basement_membrane_score_z	TRUE		null_smad_0972	smad
null_smad_0972_z	0.00978587330463005	0.0667180669622359	190.345347040783	0.146675012484536	0.883543772184535	bm_minus_fibrillar_z	TRUE		null_smad_0972	smad
null_smad_0973_z	0.021257818214062	0.06667051285807	195.264884370785	0.318848877903733	0.750181921149187	basement_membrane_score_z	TRUE		null_smad_0973	smad
null_smad_0973_z	-0.103364408712064	0.0665802377388351	190.288653070267	-1.55247881687531	0.12220927190486	bm_minus_fibrillar_z	TRUE		null_smad_0973	smad
null_smad_0974_z	0.0554716439553267	0.0664105873751497	181.278187633839	0.835283140050704	0.40465782566728	basement_membrane_score_z	TRUE		null_smad_0974	smad
null_smad_0974_z	-0.10386715622182	0.0660276267732389	177.569051455718	-1.57308631701295	0.117478909869324	bm_minus_fibrillar_z	TRUE		null_smad_0974	smad
null_smad_0975_z	-0.0031771503627835	0.0673381902557662	188.004667420644	-0.0471819980714649	0.962418256680855	basement_membrane_score_z	TRUE		null_smad_0975	smad
null_smad_0975_z	0.013634756067517	0.0668252243396721	183.431097136368	0.204036068748706	0.838551506817469	bm_minus_fibrillar_z	TRUE		null_smad_0975	smad
null_smad_0976_z	-0.0861295391382926	0.0669237342889309	193.550725217203	-1.28698047192711	0.199638110455617	basement_membrane_score_z	TRUE		null_smad_0976	smad
null_smad_0976_z	-0.0707322661458274	0.0665962628067705	185.13483215704	-1.06210563723459	0.289571231543083	bm_minus_fibrillar_z	TRUE		null_smad_0976	smad
null_smad_0977_z	0.101800270662693	0.067190597501088	198.177451381104	1.51509696964735	0.131341174112537	basement_membrane_score_z	TRUE		null_smad_0977	smad
null_smad_0977_z	0.195310262427781	0.0665440428415044	192.023805907815	2.93505254697215	0.00374178104265816	bm_minus_fibrillar_z	TRUE		null_smad_0977	smad
null_smad_0978_z	-0.0183478071170084	0.0675947341060207	204.166268298325	-0.271438409510277	0.786328122353756	basement_membrane_score_z	TRUE		null_smad_0978	smad
null_smad_0978_z	-0.0174930861222559	0.0675545512705503	195.775151348557	-0.258947558576736	0.795947764134922	bm_minus_fibrillar_z	TRUE		null_smad_0978	smad
null_smad_0979_z	0.0620670620721096	0.0677436189777048	194.104846929486	0.916205290014645	0.360696110032757	basement_membrane_score_z	TRUE		null_smad_0979	smad
null_smad_0979_z	0.0539495722245291	0.0673341249174094	191.828389910035	0.801221851337676	0.423994521684538	bm_minus_fibrillar_z	TRUE		null_smad_0979	smad
null_smad_0980_z	0.0676133319237845	0.0664875196373016	193.886700182523	1.01693268590292	0.310452747046578	basement_membrane_score_z	TRUE		null_smad_0980	smad
null_smad_0980_z	-0.0644663599225653	0.0664911816722823	186.87674532464	-0.969547514440385	0.333525248941974	bm_minus_fibrillar_z	TRUE		null_smad_0980	smad
null_smad_0981_z	0.0986368643379723	0.0666180358481911	198.776473597799	1.48063303101199	0.140287670530742	basement_membrane_score_z	TRUE		null_smad_0981	smad
null_smad_0981_z	-0.00110082969261492	0.0668476277373391	196.40856248923	-0.016467745077512	0.98687795037419	bm_minus_fibrillar_z	TRUE		null_smad_0981	smad
null_smad_0982_z	0.0389768258539188	0.0675394315928504	177.291960991512	0.577097333138422	0.564605779375123	basement_membrane_score_z	TRUE		null_smad_0982	smad
null_smad_0982_z	-0.0457638860660129	0.0670227840959204	176.48531752241	-0.682810878171182	0.495621665945945	bm_minus_fibrillar_z	TRUE		null_smad_0982	smad
null_smad_0983_z	0.00944768064134804	0.067818823846095	190.212653662057	0.139307645068988	0.889354435418335	basement_membrane_score_z	TRUE		null_smad_0983	smad
null_smad_0983_z	0.0860128376462912	0.0673466834424968	183.776716005325	1.27716515869311	0.203155162805467	bm_minus_fibrillar_z	TRUE		null_smad_0983	smad
null_smad_0984_z	-0.0173070991886436	0.0670579125920883	191.760625817756	-0.258091827193045	0.796612820523165	basement_membrane_score_z	TRUE		null_smad_0984	smad
null_smad_0984_z	0.000495404782296936	0.0666416717564227	185.743623387871	0.00743385886398012	0.994076671490065	bm_minus_fibrillar_z	TRUE		null_smad_0984	smad
null_smad_0985_z	0.146975738395719	0.0673332964589668	196.537796100938	2.18280919136771	0.0302350055883414	basement_membrane_score_z	TRUE		null_smad_0985	smad
null_smad_0985_z	0.159076243773829	0.0674542455171517	194.33387189673	2.3582836418114	0.0193528107506608	bm_minus_fibrillar_z	TRUE		null_smad_0985	smad
null_smad_0986_z	0.149281983057769	0.0692417850336953	203.960256292527	2.15595226184772	0.0322581377770695	basement_membrane_score_z	TRUE		null_smad_0986	smad
null_smad_0986_z	0.216198967245244	0.0684123360539458	199.903710858797	3.16023366129119	0.00182138101091453	bm_minus_fibrillar_z	TRUE		null_smad_0986	smad
null_smad_0987_z	-0.0335505768764977	0.0677178520061558	181.59462415256	-0.495446560730365	0.620883944238303	basement_membrane_score_z	TRUE		null_smad_0987	smad
null_smad_0987_z	-0.0457454945139269	0.0672248396135419	172.667601355764	-0.680484993001186	0.497108862884179	bm_minus_fibrillar_z	TRUE		null_smad_0987	smad
null_smad_0988_z	0.105290637080333	0.0672920642842534	192.052647729596	1.56468133650302	0.11930388409784	basement_membrane_score_z	TRUE		null_smad_0988	smad
null_smad_0988_z	0.0260079559739462	0.0672462120710329	187.557571891373	0.386757189333931	0.699374416975445	bm_minus_fibrillar_z	TRUE		null_smad_0988	smad
null_smad_0989_z	0.0102350857811279	0.066393032689422	177.887219393411	0.154159033960782	0.877659097955643	basement_membrane_score_z	TRUE		null_smad_0989	smad
null_smad_0989_z	-0.114439917890836	0.0656536828149553	173.474201725371	-1.7430845153559	0.0830906910061736	bm_minus_fibrillar_z	TRUE		null_smad_0989	smad
null_smad_0990_z	-0.0331072363872774	0.0669618581514425	185.438826983269	-0.494419320210639	0.621595277814191	basement_membrane_score_z	TRUE		null_smad_0990	smad
null_smad_0990_z	-0.0100361771806714	0.0663747466974161	179.500642637188	-0.151204753012822	0.879983995239237	bm_minus_fibrillar_z	TRUE		null_smad_0990	smad
null_smad_0991_z	0.0108835563272746	0.0685965739575818	192.704764488179	0.158660348460037	0.874102628957493	basement_membrane_score_z	TRUE		null_smad_0991	smad
null_smad_0991_z	0.0288507027265658	0.0681976440470651	188.133680352029	0.4230454457731	0.672745278135984	bm_minus_fibrillar_z	TRUE		null_smad_0991	smad
null_smad_0992_z	0.00764375819112619	0.0678013977824791	189.39704819652	0.112737472104173	0.910358093500306	basement_membrane_score_z	TRUE		null_smad_0992	smad
null_smad_0992_z	-0.0337894319736106	0.0673577245149432	182.861747414834	-0.501641529860684	0.6165231183409	bm_minus_fibrillar_z	TRUE		null_smad_0992	smad
null_smad_0993_z	0.0144341724757116	0.0677097051825057	192.02236353503	0.213177305037816	0.831414825320781	basement_membrane_score_z	TRUE		null_smad_0993	smad
null_smad_0993_z	-0.0689357642411485	0.0673172245170271	184.965040713433	-1.02404347083133	0.307152163737853	bm_minus_fibrillar_z	TRUE		null_smad_0993	smad
null_smad_0994_z	0.146269586335102	0.0677176440859044	205.692237893297	2.15999224883767	0.0319298264697364	basement_membrane_score_z	TRUE		null_smad_0994	smad
null_smad_0994_z	0.221057711934507	0.0671395086520719	202.051269094142	3.292513102532	0.00117208312109605	bm_minus_fibrillar_z	TRUE		null_smad_0994	smad
null_smad_0995_z	0.081147314565862	0.0666228966270896	188.632952310096	1.21800940328474	0.224741708603044	basement_membrane_score_z	TRUE		null_smad_0995	smad
null_smad_0995_z	-0.000657524426737731	0.0663807321668825	184.581615125533	-0.00990535062320043	0.992107500512194	bm_minus_fibrillar_z	TRUE		null_smad_0995	smad
null_smad_0996_z	-0.00691141370277728	0.0673300827813087	194.924704881576	-0.102649713430858	0.918346509939829	basement_membrane_score_z	TRUE		null_smad_0996	smad
null_smad_0996_z	-0.0902366051244163	0.0670169842803852	187.845116486084	-1.34647367519381	0.179772250852606	bm_minus_fibrillar_z	TRUE		null_smad_0996	smad
null_smad_0997_z	0.0498629476733218	0.0682490092366593	190.202839520405	0.730603245834936	0.465920510004178	basement_membrane_score_z	TRUE		null_smad_0997	smad
null_smad_0997_z	0.0175034857352839	0.0678361575242507	187.454110324767	0.258025902027641	0.796669976233855	bm_minus_fibrillar_z	TRUE		null_smad_0997	smad
null_smad_0998_z	-0.0225706507610374	0.0669049907824565	192.338236250387	-0.337353768337351	0.736218094915856	basement_membrane_score_z	TRUE		null_smad_0998	smad
null_smad_0998_z	-0.0669713384447299	0.066331096153014	183.383987823767	-1.00965221937896	0.313992261963302	bm_minus_fibrillar_z	TRUE		null_smad_0998	smad
null_smad_0999_z	0.0376857388816549	0.0674172465218432	198.83654212043	0.558992554960618	0.576795827419977	basement_membrane_score_z	TRUE		null_smad_0999	smad
null_smad_0999_z	-0.00103086692753333	0.0672854806453462	194.889719916053	-0.0153207930989882	0.987791926601416	bm_minus_fibrillar_z	TRUE		null_smad_0999	smad
null_smad_1000_z	0.109241880761749	0.0680944235171606	195.332852982548	1.60427058662474	0.110270039880574	basement_membrane_score_z	TRUE		null_smad_1000	smad
null_smad_1000_z	0.151570507359096	0.0672908055126407	187.564258476546	2.25246980184571	0.0254513068819311	bm_minus_fibrillar_z	TRUE		null_smad_1000	smad
null_ieg_0001_z	0.508086083893826	0.060665239378368	209.744045211586	8.37524238097706	7.85452098719483e-15	basement_membrane_score_z	TRUE		null_ieg_0001	ieg
null_ieg_0001_z	0.339505819813614	0.0669388403879878	207.376881900477	5.0718808071037	8.72182991751522e-07	bm_minus_fibrillar_z	TRUE		null_ieg_0001	ieg
null_ieg_0002_z	0.44191745657883	0.0635705783081694	210.706682572755	6.95160353011984	4.44842969504618e-11	basement_membrane_score_z	TRUE		null_ieg_0002	ieg
null_ieg_0002_z	0.181659271029096	0.0701798015766014	204.727129915053	2.58848367974957	0.0103310543498252	bm_minus_fibrillar_z	TRUE		null_ieg_0002	ieg
null_ieg_0003_z	0.492584407966035	0.0620996399361162	210.479888288906	7.93216206201472	1.254309293172e-13	basement_membrane_score_z	TRUE		null_ieg_0003	ieg
null_ieg_0003_z	0.249757945490209	0.0695950289456186	207.462823694903	3.58873254705259	0.000414619680569682	bm_minus_fibrillar_z	TRUE		null_ieg_0003	ieg
null_ieg_0004_z	0.44191745657883	0.0635705783081694	210.706682572755	6.95160353011984	4.44842969504618e-11	basement_membrane_score_z	TRUE		null_ieg_0004	ieg
null_ieg_0004_z	0.181659271029096	0.0701798015766014	204.727129915053	2.58848367974957	0.0103310543498252	bm_minus_fibrillar_z	TRUE		null_ieg_0004	ieg
null_ieg_0005_z	0.427293198322515	0.0642800011827383	210.848031213913	6.64737384039221	2.50912657101777e-10	basement_membrane_score_z	TRUE		null_ieg_0005	ieg
null_ieg_0005_z	0.142261866733661	0.070714200879998	204.719630982339	2.01178638750481	0.0455533066453832	bm_minus_fibrillar_z	TRUE		null_ieg_0005	ieg
null_ieg_0006_z	0.417416386836421	0.0688228614518456	208.699152099118	6.06508328818151	6.1073775525094e-09	basement_membrane_score_z	TRUE		null_ieg_0006	ieg
null_ieg_0006_z	0.183829161642606	0.0744537010490449	209.556793861879	2.46903994096294	0.0143474244278224	bm_minus_fibrillar_z	TRUE		null_ieg_0006	ieg
null_ieg_0007_z	0.431690279087872	0.0681600105347307	208.749027039364	6.33348316265159	1.44698477706058e-09	basement_membrane_score_z	TRUE		null_ieg_0007	ieg
null_ieg_0007_z	0.167004472877081	0.0743569531378129	208.947491551192	2.24598327163239	0.0257515809543917	bm_minus_fibrillar_z	TRUE		null_ieg_0007	ieg
null_ieg_0008_z	0.331851079918328	0.070868025453932	210.9418816397	4.68266298930608	5.06651742393614e-06	basement_membrane_score_z	TRUE		null_ieg_0008	ieg
null_ieg_0008_z	0.0897408150360121	0.0747960272847275	206.777987834516	1.19980723968659	0.231587106977388	bm_minus_fibrillar_z	TRUE		null_ieg_0008	ieg
null_ieg_0009_z	0.532468011114989	0.0599089731192829	210.281747675125	8.88795089267861	2.83934947400888e-16	basement_membrane_score_z	TRUE		null_ieg_0009	ieg
null_ieg_0009_z	0.344774663763521	0.067060160196657	206.71065313567	5.14127408512675	6.31134237091996e-07	bm_minus_fibrillar_z	TRUE		null_ieg_0009	ieg
null_ieg_0010_z	0.485542828368719	0.0622803010991313	210.506829049322	7.79608993212609	2.90401394379428e-13	basement_membrane_score_z	TRUE		null_ieg_0010	ieg
null_ieg_0010_z	0.262564668194708	0.0693089125698008	209.067295236994	3.78832474005821	0.00019828160758013	bm_minus_fibrillar_z	TRUE		null_ieg_0010	ieg
null_ieg_0011_z	0.485542828368719	0.0622803010991313	210.506829049322	7.79608993212609	2.90401394379428e-13	basement_membrane_score_z	TRUE		null_ieg_0011	ieg
null_ieg_0011_z	0.262564668194708	0.0693089125698008	209.067295236994	3.78832474005821	0.00019828160758013	bm_minus_fibrillar_z	TRUE		null_ieg_0011	ieg
null_ieg_0012_z	0.432452867637059	0.0684353590312781	207.806376006627	6.31914369645387	1.57555696034154e-09	basement_membrane_score_z	TRUE		null_ieg_0012	ieg
null_ieg_0012_z	0.205714679620107	0.0742498635223422	209.986376899081	2.77057316823494	0.00609761143768652	bm_minus_fibrillar_z	TRUE		null_ieg_0012	ieg
null_ieg_0013_z	0.482638359093782	0.0614791080017032	210.33373555211	7.85044505005523	2.08379187452955e-13	basement_membrane_score_z	TRUE		null_ieg_0013	ieg
null_ieg_0013_z	0.29002104038616	0.067927785355388	208.904804305137	4.26954947623883	2.97196855782469e-05	bm_minus_fibrillar_z	TRUE		null_ieg_0013	ieg
null_ieg_0014_z	0.432452867637059	0.0684353590312781	207.806376006627	6.31914369645387	1.57555696034154e-09	basement_membrane_score_z	TRUE		null_ieg_0014	ieg
null_ieg_0014_z	0.205714679620107	0.0742498635223422	209.986376899081	2.77057316823494	0.00609761143768652	bm_minus_fibrillar_z	TRUE		null_ieg_0014	ieg
null_ieg_0015_z	0.371155960960602	0.0693196736101457	210.822641209909	5.35426584735505	2.23727399245506e-07	basement_membrane_score_z	TRUE		null_ieg_0015	ieg
null_ieg_0015_z	0.114890963728323	0.0741357000753093	207.109482845749	1.54973870364229	0.122730949885698	bm_minus_fibrillar_z	TRUE		null_ieg_0015	ieg
null_ieg_0016_z	0.331851079918328	0.070868025453932	210.9418816397	4.68266298930608	5.06651742393614e-06	basement_membrane_score_z	TRUE		null_ieg_0016	ieg
null_ieg_0016_z	0.0897408150360121	0.0747960272847275	206.777987834516	1.19980723968659	0.231587106977388	bm_minus_fibrillar_z	TRUE		null_ieg_0016	ieg
null_ieg_0017_z	0.469558975662443	0.0626642084951207	209.210371388874	7.49325630912589	1.86392767800025e-12	basement_membrane_score_z	TRUE		null_ieg_0017	ieg
null_ieg_0017_z	0.245950372398112	0.0692152323577739	206.849808117325	3.55341395268015	0.000471049552183346	bm_minus_fibrillar_z	TRUE		null_ieg_0017	ieg
null_ieg_0018_z	0.417416386836421	0.0688228614518456	208.699152099118	6.06508328818151	6.1073775525094e-09	basement_membrane_score_z	TRUE		null_ieg_0018	ieg
null_ieg_0018_z	0.183829161642606	0.0744537010490449	209.556793861879	2.46903994096294	0.0143474244278224	bm_minus_fibrillar_z	TRUE		null_ieg_0018	ieg
null_ieg_0019_z	0.335512586742614	0.0705541335981203	210.962384613092	4.75539234389454	3.66694768380497e-06	basement_membrane_score_z	TRUE		null_ieg_0019	ieg
null_ieg_0019_z	0.0926647130906034	0.0745719790748895	206.0961346505	1.24262107885784	0.215419451604862	bm_minus_fibrillar_z	TRUE		null_ieg_0019	ieg
null_ieg_0020_z	0.508634562852733	0.0606336610864736	210.959793184883	8.38865002935145	7.04267930777327e-15	basement_membrane_score_z	TRUE		null_ieg_0020	ieg
null_ieg_0020_z	0.34950340643878	0.066754792988074	209.406961725226	5.23563014420882	3.98922816554372e-07	bm_minus_fibrillar_z	TRUE		null_ieg_0020	ieg
null_ieg_0021_z	0.431690279087872	0.0681600105347307	208.749027039364	6.33348316265159	1.44698477706058e-09	basement_membrane_score_z	TRUE		null_ieg_0021	ieg
null_ieg_0021_z	0.167004472877081	0.0743569531378129	208.947491551192	2.24598327163239	0.0257515809543917	bm_minus_fibrillar_z	TRUE		null_ieg_0021	ieg
null_ieg_0022_z	0.432452867637059	0.0684353590312781	207.806376006627	6.31914369645387	1.57555696034154e-09	basement_membrane_score_z	TRUE		null_ieg_0022	ieg
null_ieg_0022_z	0.205714679620107	0.0742498635223422	209.986376899081	2.77057316823494	0.00609761143768652	bm_minus_fibrillar_z	TRUE		null_ieg_0022	ieg
null_ieg_0023_z	0.40267552906296	0.0694196218167027	208.214471234613	5.80060101920742	2.43072721563934e-08	basement_membrane_score_z	TRUE		null_ieg_0023	ieg
null_ieg_0023_z	0.135073319425526	0.0750360487055245	209.575251232678	1.80011236939747	0.0732809821684438	bm_minus_fibrillar_z	TRUE		null_ieg_0023	ieg
null_ieg_0024_z	0.460031596256033	0.0629868936403406	210.708866235492	7.30360825353359	5.67292539680668e-12	basement_membrane_score_z	TRUE		null_ieg_0024	ieg
null_ieg_0024_z	0.205401793901582	0.0699486652344687	202.483904917689	2.9364648090578	0.00370397795867436	bm_minus_fibrillar_z	TRUE		null_ieg_0024	ieg
null_ieg_0025_z	0.514924733404506	0.0610759754845189	210.104218826799	8.43088840283894	5.47013809200708e-15	basement_membrane_score_z	TRUE		null_ieg_0025	ieg
null_ieg_0025_z	0.343084744860719	0.0672895848872542	207.27309517051	5.09863072324741	7.69770492551267e-07	bm_minus_fibrillar_z	TRUE		null_ieg_0025	ieg
null_ieg_0026_z	0.486988735310773	0.0618872513682195	208.372219850838	7.86896694463397	1.91788712189275e-13	basement_membrane_score_z	TRUE		null_ieg_0026	ieg
null_ieg_0026_z	0.279409359276747	0.0683659356022485	205.981860586922	4.08696753456786	6.26141753731402e-05	bm_minus_fibrillar_z	TRUE		null_ieg_0026	ieg
null_ieg_0027_z	0.335512586742614	0.0705541335981203	210.962384613092	4.75539234389454	3.66694768380497e-06	basement_membrane_score_z	TRUE		null_ieg_0027	ieg
null_ieg_0027_z	0.0926647130906034	0.0745719790748895	206.0961346505	1.24262107885784	0.215419451604862	bm_minus_fibrillar_z	TRUE		null_ieg_0027	ieg
null_ieg_0028_z	0.497684998249111	0.0613582426911358	210.513812131872	8.11113513720317	4.10674603463615e-14	basement_membrane_score_z	TRUE		null_ieg_0028	ieg
null_ieg_0028_z	0.34244875769807	0.0671324559415683	207.705536200616	5.10109086424807	7.59744280774133e-07	bm_minus_fibrillar_z	TRUE		null_ieg_0028	ieg
null_ieg_0029_z	0.495880111688128	0.0611797862916463	209.299546119445	8.10529329612642	4.35156144598835e-14	basement_membrane_score_z	TRUE		null_ieg_0029	ieg
null_ieg_0029_z	0.292161365951417	0.0679283045239529	207.434450307297	4.30102544144018	2.6169204663372e-05	bm_minus_fibrillar_z	TRUE		null_ieg_0029	ieg
null_ieg_0030_z	0.40267552906296	0.0694196218167027	208.214471234613	5.80060101920742	2.43072721563934e-08	basement_membrane_score_z	TRUE		null_ieg_0030	ieg
null_ieg_0030_z	0.135073319425526	0.0750360487055245	209.575251232678	1.80011236939747	0.0732809821684438	bm_minus_fibrillar_z	TRUE		null_ieg_0030	ieg
null_ieg_0031_z	0.43698799371372	0.0636580382054365	210.991013541259	6.86461609613977	7.31160223325218e-11	basement_membrane_score_z	TRUE		null_ieg_0031	ieg
null_ieg_0031_z	0.197531180208792	0.0700245216299287	206.399235956492	2.82088582129444	0.00525651505798512	bm_minus_fibrillar_z	TRUE		null_ieg_0031	ieg
null_ieg_0032_z	0.508086083893826	0.060665239378368	209.744045211586	8.37524238097706	7.85452098719483e-15	basement_membrane_score_z	TRUE		null_ieg_0032	ieg
null_ieg_0032_z	0.339505819813614	0.0669388403879878	207.376881900477	5.0718808071037	8.72182991751522e-07	bm_minus_fibrillar_z	TRUE		null_ieg_0032	ieg
null_ieg_0033_z	0.497684998249111	0.0613582426911358	210.513812131872	8.11113513720317	4.10674603463615e-14	basement_membrane_score_z	TRUE		null_ieg_0033	ieg
null_ieg_0033_z	0.34244875769807	0.0671324559415683	207.705536200616	5.10109086424807	7.59744280774133e-07	bm_minus_fibrillar_z	TRUE		null_ieg_0033	ieg
null_ieg_0034_z	0.371155960960602	0.0693196736101457	210.822641209909	5.35426584735505	2.23727399245506e-07	basement_membrane_score_z	TRUE		null_ieg_0034	ieg
null_ieg_0034_z	0.114890963728323	0.0741357000753093	207.109482845749	1.54973870364229	0.122730949885698	bm_minus_fibrillar_z	TRUE		null_ieg_0034	ieg
null_ieg_0035_z	0.339303503627651	0.0703244978576269	210.979603072773	4.82482653931744	2.68400930617626e-06	basement_membrane_score_z	TRUE		null_ieg_0035	ieg
null_ieg_0035_z	0.04442784775919	0.0745277638614811	206.485135794618	0.596124792389646	0.551744782218226	bm_minus_fibrillar_z	TRUE		null_ieg_0035	ieg
null_ieg_0036_z	0.397425307134262	0.070014133384432	207.449583003767	5.67635829971769	4.59684592234591e-08	basement_membrane_score_z	TRUE		null_ieg_0036	ieg
null_ieg_0036_z	0.183838795761313	0.0750398412197229	210.257472447283	2.44988252604397	0.0151079705350005	bm_minus_fibrillar_z	TRUE		null_ieg_0036	ieg
null_ieg_0037_z	0.508634562852733	0.0606336610864736	210.959793184883	8.38865002935145	7.04267930777327e-15	basement_membrane_score_z	TRUE		null_ieg_0037	ieg
null_ieg_0037_z	0.34950340643878	0.066754792988074	209.406961725226	5.23563014420882	3.98922816554372e-07	bm_minus_fibrillar_z	TRUE		null_ieg_0037	ieg
null_ieg_0038_z	0.44191745657883	0.0635705783081694	210.706682572755	6.95160353011984	4.44842969504618e-11	basement_membrane_score_z	TRUE		null_ieg_0038	ieg
null_ieg_0038_z	0.181659271029096	0.0701798015766014	204.727129915053	2.58848367974957	0.0103310543498252	bm_minus_fibrillar_z	TRUE		null_ieg_0038	ieg
null_ieg_0039_z	0.43698799371372	0.0636580382054365	210.991013541259	6.86461609613977	7.31160223325218e-11	basement_membrane_score_z	TRUE		null_ieg_0039	ieg
null_ieg_0039_z	0.197531180208792	0.0700245216299287	206.399235956492	2.82088582129444	0.00525651505798512	bm_minus_fibrillar_z	TRUE		null_ieg_0039	ieg
null_ieg_0040_z	0.486988735310773	0.0618872513682195	208.372219850838	7.86896694463397	1.91788712189275e-13	basement_membrane_score_z	TRUE		null_ieg_0040	ieg
null_ieg_0040_z	0.279409359276747	0.0683659356022485	205.981860586922	4.08696753456786	6.26141753731402e-05	bm_minus_fibrillar_z	TRUE		null_ieg_0040	ieg
null_ieg_0041_z	0.44191745657883	0.0635705783081694	210.706682572755	6.95160353011984	4.44842969504618e-11	basement_membrane_score_z	TRUE		null_ieg_0041	ieg
null_ieg_0041_z	0.181659271029096	0.0701798015766014	204.727129915053	2.58848367974957	0.0103310543498252	bm_minus_fibrillar_z	TRUE		null_ieg_0041	ieg
null_ieg_0042_z	0.427293198322515	0.0642800011827383	210.848031213913	6.64737384039221	2.50912657101777e-10	basement_membrane_score_z	TRUE		null_ieg_0042	ieg
null_ieg_0042_z	0.142261866733661	0.070714200879998	204.719630982339	2.01178638750481	0.0455533066453832	bm_minus_fibrillar_z	TRUE		null_ieg_0042	ieg
null_ieg_0043_z	0.432452867637059	0.0684353590312781	207.806376006627	6.31914369645387	1.57555696034154e-09	basement_membrane_score_z	TRUE		null_ieg_0043	ieg
null_ieg_0043_z	0.205714679620107	0.0742498635223422	209.986376899081	2.77057316823494	0.00609761143768652	bm_minus_fibrillar_z	TRUE		null_ieg_0043	ieg
null_ieg_0044_z	0.486823846906525	0.0628755672423128	209.834758182515	7.74265534703456	4.07131263873176e-13	basement_membrane_score_z	TRUE		null_ieg_0044	ieg
null_ieg_0044_z	0.265739349481017	0.0698531113185438	209.441131586059	3.80425931594075	0.000186633618627377	bm_minus_fibrillar_z	TRUE		null_ieg_0044	ieg
null_ieg_0045_z	0.335512586742614	0.0705541335981203	210.962384613092	4.75539234389454	3.66694768380497e-06	basement_membrane_score_z	TRUE		null_ieg_0045	ieg
null_ieg_0045_z	0.0926647130906034	0.0745719790748895	206.0961346505	1.24262107885784	0.215419451604862	bm_minus_fibrillar_z	TRUE		null_ieg_0045	ieg
null_ieg_0046_z	0.371155960960602	0.0693196736101457	210.822641209909	5.35426584735505	2.23727399245506e-07	basement_membrane_score_z	TRUE		null_ieg_0046	ieg
null_ieg_0046_z	0.114890963728323	0.0741357000753093	207.109482845749	1.54973870364229	0.122730949885698	bm_minus_fibrillar_z	TRUE		null_ieg_0046	ieg
null_ieg_0047_z	0.492584407966035	0.0620996399361162	210.479888288906	7.93216206201472	1.254309293172e-13	basement_membrane_score_z	TRUE		null_ieg_0047	ieg
null_ieg_0047_z	0.249757945490209	0.0695950289456186	207.462823694903	3.58873254705259	0.000414619680569682	bm_minus_fibrillar_z	TRUE		null_ieg_0047	ieg
null_ieg_0048_z	0.475006267081108	0.0629471362688143	210.123850823214	7.54611401307607	1.33887452073502e-12	basement_membrane_score_z	TRUE		null_ieg_0048	ieg
null_ieg_0048_z	0.268618019378273	0.069464140684337	209.292789480169	3.867002697103	0.000147067332435221	bm_minus_fibrillar_z	TRUE		null_ieg_0048	ieg
null_ieg_0049_z	0.508634562852733	0.0606336610864736	210.959793184883	8.38865002935145	7.04267930777327e-15	basement_membrane_score_z	TRUE		null_ieg_0049	ieg
null_ieg_0049_z	0.34950340643878	0.066754792988074	209.406961725226	5.23563014420882	3.98922816554372e-07	bm_minus_fibrillar_z	TRUE		null_ieg_0049	ieg
null_ieg_0050_z	0.532468011114989	0.0599089731192829	210.281747675125	8.88795089267861	2.83934947400888e-16	basement_membrane_score_z	TRUE		null_ieg_0050	ieg
null_ieg_0050_z	0.344774663763521	0.067060160196657	206.71065313567	5.14127408512675	6.31134237091996e-07	bm_minus_fibrillar_z	TRUE		null_ieg_0050	ieg
null_ieg_0051_z	0.335512586742614	0.0705541335981203	210.962384613092	4.75539234389454	3.66694768380497e-06	basement_membrane_score_z	TRUE		null_ieg_0051	ieg
null_ieg_0051_z	0.0926647130906034	0.0745719790748895	206.0961346505	1.24262107885784	0.215419451604862	bm_minus_fibrillar_z	TRUE		null_ieg_0051	ieg
null_ieg_0052_z	0.481048731081367	0.062312427640303	209.049727233312	7.71994848055365	4.73293524595466e-13	basement_membrane_score_z	TRUE		null_ieg_0052	ieg
null_ieg_0052_z	0.27362396209114	0.0689975911024922	210.547278361953	3.96570311686224	0.000100282024037537	bm_minus_fibrillar_z	TRUE		null_ieg_0052	ieg
null_ieg_0053_z	0.486988735310773	0.0618872513682195	208.372219850838	7.86896694463397	1.91788712189275e-13	basement_membrane_score_z	TRUE		null_ieg_0053	ieg
null_ieg_0053_z	0.279409359276747	0.0683659356022485	205.981860586922	4.08696753456786	6.26141753731402e-05	bm_minus_fibrillar_z	TRUE		null_ieg_0053	ieg
null_ieg_0054_z	0.520445217368386	0.0603874385638392	210.113354343296	8.61843505447233	1.64122588527094e-15	basement_membrane_score_z	TRUE		null_ieg_0054	ieg
null_ieg_0054_z	0.35220646241214	0.0667571708741078	207.791966061713	5.2759345220956	3.30910293623801e-07	bm_minus_fibrillar_z	TRUE		null_ieg_0054	ieg
null_ieg_0055_z	0.485542828368719	0.0622803010991313	210.506829049322	7.79608993212609	2.90401394379428e-13	basement_membrane_score_z	TRUE		null_ieg_0055	ieg
null_ieg_0055_z	0.262564668194708	0.0693089125698008	209.067295236994	3.78832474005821	0.00019828160758013	bm_minus_fibrillar_z	TRUE		null_ieg_0055	ieg
null_ieg_0056_z	0.44191745657883	0.0635705783081694	210.706682572755	6.95160353011984	4.44842969504618e-11	basement_membrane_score_z	TRUE		null_ieg_0056	ieg
null_ieg_0056_z	0.181659271029096	0.0701798015766014	204.727129915053	2.58848367974957	0.0103310543498252	bm_minus_fibrillar_z	TRUE		null_ieg_0056	ieg
null_ieg_0057_z	0.398246536380876	0.0695800995187402	208.505203536282	5.72356951391849	3.59759853607217e-08	basement_membrane_score_z	TRUE		null_ieg_0057	ieg
null_ieg_0057_z	0.18992703490147	0.0746057124756352	209.506356360275	2.54574386597403	0.0116234546486797	bm_minus_fibrillar_z	TRUE		null_ieg_0057	ieg
null_ieg_0058_z	0.397425307134262	0.070014133384432	207.449583003767	5.67635829971769	4.59684592234591e-08	basement_membrane_score_z	TRUE		null_ieg_0058	ieg
null_ieg_0058_z	0.183838795761313	0.0750398412197229	210.257472447283	2.44988252604397	0.0151079705350005	bm_minus_fibrillar_z	TRUE		null_ieg_0058	ieg
null_ieg_0059_z	0.508634562852733	0.0606336610864736	210.959793184883	8.38865002935145	7.04267930777327e-15	basement_membrane_score_z	TRUE		null_ieg_0059	ieg
null_ieg_0059_z	0.34950340643878	0.066754792988074	209.406961725226	5.23563014420882	3.98922816554372e-07	bm_minus_fibrillar_z	TRUE		null_ieg_0059	ieg
null_ieg_0060_z	0.339303503627651	0.0703244978576269	210.979603072773	4.82482653931744	2.68400930617626e-06	basement_membrane_score_z	TRUE		null_ieg_0060	ieg
null_ieg_0060_z	0.04442784775919	0.0745277638614811	206.485135794618	0.596124792389646	0.551744782218226	bm_minus_fibrillar_z	TRUE		null_ieg_0060	ieg
null_ieg_0061_z	0.532468011114989	0.0599089731192829	210.281747675125	8.88795089267861	2.83934947400888e-16	basement_membrane_score_z	TRUE		null_ieg_0061	ieg
null_ieg_0061_z	0.344774663763521	0.067060160196657	206.71065313567	5.14127408512675	6.31134237091996e-07	bm_minus_fibrillar_z	TRUE		null_ieg_0061	ieg
null_ieg_0062_z	0.48165857595815	0.0614609513273797	208.907309598447	7.83682265821974	2.31767625518718e-13	basement_membrane_score_z	TRUE		null_ieg_0062	ieg
null_ieg_0062_z	0.273455932530812	0.0680897082310319	207.172228694462	4.0161125614309	8.2728558388212e-05	bm_minus_fibrillar_z	TRUE		null_ieg_0062	ieg
null_ieg_0063_z	0.497684998249111	0.0613582426911358	210.513812131872	8.11113513720317	4.10674603463615e-14	basement_membrane_score_z	TRUE		null_ieg_0063	ieg
null_ieg_0063_z	0.34244875769807	0.0671324559415683	207.705536200616	5.10109086424807	7.59744280774133e-07	bm_minus_fibrillar_z	TRUE		null_ieg_0063	ieg
null_ieg_0064_z	0.532468011114989	0.0599089731192829	210.281747675125	8.88795089267861	2.83934947400888e-16	basement_membrane_score_z	TRUE		null_ieg_0064	ieg
null_ieg_0064_z	0.344774663763521	0.067060160196657	206.71065313567	5.14127408512675	6.31134237091996e-07	bm_minus_fibrillar_z	TRUE		null_ieg_0064	ieg
null_ieg_0065_z	0.371155960960602	0.0693196736101457	210.822641209909	5.35426584735505	2.23727399245506e-07	basement_membrane_score_z	TRUE		null_ieg_0065	ieg
null_ieg_0065_z	0.114890963728323	0.0741357000753093	207.109482845749	1.54973870364229	0.122730949885698	bm_minus_fibrillar_z	TRUE		null_ieg_0065	ieg
null_ieg_0066_z	0.417277489610885	0.0687893354983985	206.022084509862	6.06602006819211	6.18686521731902e-09	basement_membrane_score_z	TRUE		null_ieg_0066	ieg
null_ieg_0066_z	0.19326995339371	0.0743949672267255	210.721790467563	2.59789016110058	0.010041584592287	bm_minus_fibrillar_z	TRUE		null_ieg_0066	ieg
null_ieg_0067_z	0.44191745657883	0.0635705783081694	210.706682572755	6.95160353011984	4.44842969504618e-11	basement_membrane_score_z	TRUE		null_ieg_0067	ieg
null_ieg_0067_z	0.181659271029096	0.0701798015766014	204.727129915053	2.58848367974957	0.0103310543498252	bm_minus_fibrillar_z	TRUE		null_ieg_0067	ieg
null_ieg_0068_z	0.499437069429391	0.0617886822322538	210.73067413392	8.08298625874697	4.88043907232214e-14	basement_membrane_score_z	TRUE		null_ieg_0068	ieg
null_ieg_0068_z	0.309553069189391	0.068311359147578	207.8030828497	4.53150212573931	9.87480848611047e-06	bm_minus_fibrillar_z	TRUE		null_ieg_0068	ieg
null_ieg_0069_z	0.48165857595815	0.0614609513273797	208.907309598447	7.83682265821974	2.31767625518718e-13	basement_membrane_score_z	TRUE		null_ieg_0069	ieg
null_ieg_0069_z	0.273455932530812	0.0680897082310319	207.172228694462	4.0161125614309	8.2728558388212e-05	bm_minus_fibrillar_z	TRUE		null_ieg_0069	ieg
null_ieg_0070_z	0.469558975662443	0.0626642084951207	209.210371388874	7.49325630912589	1.86392767800025e-12	basement_membrane_score_z	TRUE		null_ieg_0070	ieg
null_ieg_0070_z	0.245950372398112	0.0692152323577739	206.849808117325	3.55341395268015	0.000471049552183346	bm_minus_fibrillar_z	TRUE		null_ieg_0070	ieg
null_ieg_0071_z	0.495880111688128	0.0611797862916463	209.299546119445	8.10529329612642	4.35156144598835e-14	basement_membrane_score_z	TRUE		null_ieg_0071	ieg
null_ieg_0071_z	0.292161365951417	0.0679283045239529	207.434450307297	4.30102544144018	2.6169204663372e-05	bm_minus_fibrillar_z	TRUE		null_ieg_0071	ieg
null_ieg_0072_z	0.475006267081108	0.0629471362688143	210.123850823214	7.54611401307607	1.33887452073502e-12	basement_membrane_score_z	TRUE		null_ieg_0072	ieg
null_ieg_0072_z	0.268618019378273	0.069464140684337	209.292789480169	3.867002697103	0.000147067332435221	bm_minus_fibrillar_z	TRUE		null_ieg_0072	ieg
null_ieg_0073_z	0.440857633614277	0.0641940483279189	210.81864051447	6.86757799355897	7.20100401535388e-11	basement_membrane_score_z	TRUE		null_ieg_0073	ieg
null_ieg_0073_z	0.184106918203905	0.0706215121288512	204.885929115192	2.60695236697844	0.00980676884623707	bm_minus_fibrillar_z	TRUE		null_ieg_0073	ieg
null_ieg_0074_z	0.417277489610885	0.0687893354983985	206.022084509862	6.06602006819211	6.18686521731902e-09	basement_membrane_score_z	TRUE		null_ieg_0074	ieg
null_ieg_0074_z	0.19326995339371	0.0743949672267255	210.721790467563	2.59789016110058	0.010041584592287	bm_minus_fibrillar_z	TRUE		null_ieg_0074	ieg
null_ieg_0075_z	0.44191745657883	0.0635705783081694	210.706682572755	6.95160353011984	4.44842969504618e-11	basement_membrane_score_z	TRUE		null_ieg_0075	ieg
null_ieg_0075_z	0.181659271029096	0.0701798015766014	204.727129915053	2.58848367974957	0.0103310543498252	bm_minus_fibrillar_z	TRUE		null_ieg_0075	ieg
null_ieg_0076_z	0.495880111688128	0.0611797862916463	209.299546119445	8.10529329612642	4.35156144598835e-14	basement_membrane_score_z	TRUE		null_ieg_0076	ieg
null_ieg_0076_z	0.292161365951417	0.0679283045239529	207.434450307297	4.30102544144018	2.6169204663372e-05	bm_minus_fibrillar_z	TRUE		null_ieg_0076	ieg
null_ieg_0077_z	0.417416386836421	0.0688228614518456	208.699152099118	6.06508328818151	6.1073775525094e-09	basement_membrane_score_z	TRUE		null_ieg_0077	ieg
null_ieg_0077_z	0.183829161642606	0.0744537010490449	209.556793861879	2.46903994096294	0.0143474244278224	bm_minus_fibrillar_z	TRUE		null_ieg_0077	ieg
null_ieg_0078_z	0.520445217368386	0.0603874385638392	210.113354343296	8.61843505447233	1.64122588527094e-15	basement_membrane_score_z	TRUE		null_ieg_0078	ieg
null_ieg_0078_z	0.35220646241214	0.0667571708741078	207.791966061713	5.2759345220956	3.30910293623801e-07	bm_minus_fibrillar_z	TRUE		null_ieg_0078	ieg
null_ieg_0079_z	0.482638359093782	0.0614791080017032	210.33373555211	7.85044505005523	2.08379187452955e-13	basement_membrane_score_z	TRUE		null_ieg_0079	ieg
null_ieg_0079_z	0.29002104038616	0.067927785355388	208.904804305137	4.26954947623883	2.97196855782469e-05	bm_minus_fibrillar_z	TRUE		null_ieg_0079	ieg
null_ieg_0080_z	0.469558975662443	0.0626642084951207	209.210371388874	7.49325630912589	1.86392767800025e-12	basement_membrane_score_z	TRUE		null_ieg_0080	ieg
null_ieg_0080_z	0.245950372398112	0.0692152323577739	206.849808117325	3.55341395268015	0.000471049552183346	bm_minus_fibrillar_z	TRUE		null_ieg_0080	ieg
null_ieg_0081_z	0.351709797896523	0.0697984074681967	210.981784544922	5.03893728602301	1.00459030868602e-06	basement_membrane_score_z	TRUE		null_ieg_0081	ieg
null_ieg_0081_z	0.0869442500774006	0.0742346940196153	206.485483471797	1.17120776512431	0.242865036041882	bm_minus_fibrillar_z	TRUE		null_ieg_0081	ieg
null_ieg_0082_z	0.495880111688128	0.0611797862916463	209.299546119445	8.10529329612642	4.35156144598835e-14	basement_membrane_score_z	TRUE		null_ieg_0082	ieg
null_ieg_0082_z	0.292161365951417	0.0679283045239529	207.434450307297	4.30102544144018	2.6169204663372e-05	bm_minus_fibrillar_z	TRUE		null_ieg_0082	ieg
null_ieg_0083_z	0.43698799371372	0.0636580382054365	210.991013541259	6.86461609613977	7.31160223325218e-11	basement_membrane_score_z	TRUE		null_ieg_0083	ieg
null_ieg_0083_z	0.197531180208792	0.0700245216299287	206.399235956492	2.82088582129444	0.00525651505798512	bm_minus_fibrillar_z	TRUE		null_ieg_0083	ieg
null_ieg_0084_z	0.499437069429391	0.0617886822322538	210.73067413392	8.08298625874697	4.88043907232214e-14	basement_membrane_score_z	TRUE		null_ieg_0084	ieg
null_ieg_0084_z	0.309553069189391	0.068311359147578	207.8030828497	4.53150212573931	9.87480848611047e-06	bm_minus_fibrillar_z	TRUE		null_ieg_0084	ieg
null_ieg_0085_z	0.445695886505357	0.0635802380436167	210.799818421518	7.00997511521748	3.17127477339969e-11	basement_membrane_score_z	TRUE		null_ieg_0085	ieg
null_ieg_0085_z	0.164437939354783	0.0704040377076809	203.821622938308	2.33563222662787	0.0204825551371837	bm_minus_fibrillar_z	TRUE		null_ieg_0085	ieg
null_ieg_0086_z	0.481048731081367	0.062312427640303	209.049727233312	7.71994848055365	4.73293524595466e-13	basement_membrane_score_z	TRUE		null_ieg_0086	ieg
null_ieg_0086_z	0.27362396209114	0.0689975911024922	210.547278361953	3.96570311686224	0.000100282024037537	bm_minus_fibrillar_z	TRUE		null_ieg_0086	ieg
null_ieg_0087_z	0.508086083893826	0.060665239378368	209.744045211586	8.37524238097706	7.85452098719483e-15	basement_membrane_score_z	TRUE		null_ieg_0087	ieg
null_ieg_0087_z	0.339505819813614	0.0669388403879878	207.376881900477	5.0718808071037	8.72182991751522e-07	bm_minus_fibrillar_z	TRUE		null_ieg_0087	ieg
null_ieg_0088_z	0.473352549262593	0.0620857675563399	209.447135011628	7.62417165629865	8.42788803632677e-13	basement_membrane_score_z	TRUE		null_ieg_0088	ieg
null_ieg_0088_z	0.279403897757749	0.0682575177649825	207.343351941453	4.09337911641858	6.08965442450121e-05	bm_minus_fibrillar_z	TRUE		null_ieg_0088	ieg
null_ieg_0089_z	0.469558975662443	0.0626642084951207	209.210371388874	7.49325630912589	1.86392767800025e-12	basement_membrane_score_z	TRUE		null_ieg_0089	ieg
null_ieg_0089_z	0.245950372398112	0.0692152323577739	206.849808117325	3.55341395268015	0.000471049552183346	bm_minus_fibrillar_z	TRUE		null_ieg_0089	ieg
null_ieg_0090_z	0.351709797896523	0.0697984074681967	210.981784544922	5.03893728602301	1.00459030868602e-06	basement_membrane_score_z	TRUE		null_ieg_0090	ieg
null_ieg_0090_z	0.0869442500774006	0.0742346940196153	206.485483471797	1.17120776512431	0.242865036041882	bm_minus_fibrillar_z	TRUE		null_ieg_0090	ieg
null_ieg_0091_z	0.431690279087872	0.0681600105347307	208.749027039364	6.33348316265159	1.44698477706058e-09	basement_membrane_score_z	TRUE		null_ieg_0091	ieg
null_ieg_0091_z	0.167004472877081	0.0743569531378129	208.947491551192	2.24598327163239	0.0257515809543917	bm_minus_fibrillar_z	TRUE		null_ieg_0091	ieg
null_ieg_0092_z	0.364479185865508	0.0692968329474305	210.984504235639	5.25968028209899	3.53273842988647e-07	basement_membrane_score_z	TRUE		null_ieg_0092	ieg
null_ieg_0092_z	0.0712510905889129	0.0740637261393577	205.880050055961	0.962024114947274	0.337166015971828	bm_minus_fibrillar_z	TRUE		null_ieg_0092	ieg
null_ieg_0093_z	0.482638359093782	0.0614791080017032	210.33373555211	7.85044505005523	2.08379187452955e-13	basement_membrane_score_z	TRUE		null_ieg_0093	ieg
null_ieg_0093_z	0.29002104038616	0.067927785355388	208.904804305137	4.26954947623883	2.97196855782469e-05	bm_minus_fibrillar_z	TRUE		null_ieg_0093	ieg
null_ieg_0094_z	0.417277489610885	0.0687893354983985	206.022084509862	6.06602006819211	6.18686521731902e-09	basement_membrane_score_z	TRUE		null_ieg_0094	ieg
null_ieg_0094_z	0.19326995339371	0.0743949672267255	210.721790467563	2.59789016110058	0.010041584592287	bm_minus_fibrillar_z	TRUE		null_ieg_0094	ieg
null_ieg_0095_z	0.351709797896523	0.0697984074681967	210.981784544922	5.03893728602301	1.00459030868602e-06	basement_membrane_score_z	TRUE		null_ieg_0095	ieg
null_ieg_0095_z	0.0869442500774006	0.0742346940196153	206.485483471797	1.17120776512431	0.242865036041882	bm_minus_fibrillar_z	TRUE		null_ieg_0095	ieg
null_ieg_0096_z	0.44191745657883	0.0635705783081694	210.706682572755	6.95160353011984	4.44842969504618e-11	basement_membrane_score_z	TRUE		null_ieg_0096	ieg
null_ieg_0096_z	0.181659271029096	0.0701798015766014	204.727129915053	2.58848367974957	0.0103310543498252	bm_minus_fibrillar_z	TRUE		null_ieg_0096	ieg
null_ieg_0097_z	0.430415812739874	0.0642149852085014	210.884512295952	6.70273163409359	1.83681969501446e-10	basement_membrane_score_z	TRUE		null_ieg_0097	ieg
null_ieg_0097_z	0.187273515676548	0.0703910766257186	204.681236038079	2.66047238732138	0.00842161265176488	bm_minus_fibrillar_z	TRUE		null_ieg_0097	ieg
null_ieg_0098_z	0.499437069429391	0.0617886822322538	210.73067413392	8.08298625874697	4.88043907232214e-14	basement_membrane_score_z	TRUE		null_ieg_0098	ieg
null_ieg_0098_z	0.309553069189391	0.068311359147578	207.8030828497	4.53150212573931	9.87480848611047e-06	bm_minus_fibrillar_z	TRUE		null_ieg_0098	ieg
null_ieg_0099_z	0.445695886505357	0.0635802380436167	210.799818421518	7.00997511521748	3.17127477339969e-11	basement_membrane_score_z	TRUE		null_ieg_0099	ieg
null_ieg_0099_z	0.164437939354783	0.0704040377076809	203.821622938308	2.33563222662787	0.0204825551371837	bm_minus_fibrillar_z	TRUE		null_ieg_0099	ieg
null_ieg_0100_z	0.335512586742614	0.0705541335981203	210.962384613092	4.75539234389454	3.66694768380497e-06	basement_membrane_score_z	TRUE		null_ieg_0100	ieg
null_ieg_0100_z	0.0926647130906034	0.0745719790748895	206.0961346505	1.24262107885784	0.215419451604862	bm_minus_fibrillar_z	TRUE		null_ieg_0100	ieg
null_ieg_0101_z	0.508634562852733	0.0606336610864736	210.959793184883	8.38865002935145	7.04267930777327e-15	basement_membrane_score_z	TRUE		null_ieg_0101	ieg
null_ieg_0101_z	0.34950340643878	0.066754792988074	209.406961725226	5.23563014420882	3.98922816554372e-07	bm_minus_fibrillar_z	TRUE		null_ieg_0101	ieg
null_ieg_0102_z	0.43698799371372	0.0636580382054365	210.991013541259	6.86461609613977	7.31160223325218e-11	basement_membrane_score_z	TRUE		null_ieg_0102	ieg
null_ieg_0102_z	0.197531180208792	0.0700245216299287	206.399235956492	2.82088582129444	0.00525651505798512	bm_minus_fibrillar_z	TRUE		null_ieg_0102	ieg
null_ieg_0103_z	0.460031596256033	0.0629868936403406	210.708866235492	7.30360825353359	5.67292539680668e-12	basement_membrane_score_z	TRUE		null_ieg_0103	ieg
null_ieg_0103_z	0.205401793901582	0.0699486652344687	202.483904917689	2.9364648090578	0.00370397795867436	bm_minus_fibrillar_z	TRUE		null_ieg_0103	ieg
null_ieg_0104_z	0.492584407966035	0.0620996399361162	210.479888288906	7.93216206201472	1.254309293172e-13	basement_membrane_score_z	TRUE		null_ieg_0104	ieg
null_ieg_0104_z	0.249757945490209	0.0695950289456186	207.462823694903	3.58873254705259	0.000414619680569682	bm_minus_fibrillar_z	TRUE		null_ieg_0104	ieg
null_ieg_0105_z	0.417416386836421	0.0688228614518456	208.699152099118	6.06508328818151	6.1073775525094e-09	basement_membrane_score_z	TRUE		null_ieg_0105	ieg
null_ieg_0105_z	0.183829161642606	0.0744537010490449	209.556793861879	2.46903994096294	0.0143474244278224	bm_minus_fibrillar_z	TRUE		null_ieg_0105	ieg
null_ieg_0106_z	0.40267552906296	0.0694196218167027	208.214471234613	5.80060101920742	2.43072721563934e-08	basement_membrane_score_z	TRUE		null_ieg_0106	ieg
null_ieg_0106_z	0.135073319425526	0.0750360487055245	209.575251232678	1.80011236939747	0.0732809821684438	bm_minus_fibrillar_z	TRUE		null_ieg_0106	ieg
null_ieg_0107_z	0.331851079918328	0.070868025453932	210.9418816397	4.68266298930608	5.06651742393614e-06	basement_membrane_score_z	TRUE		null_ieg_0107	ieg
null_ieg_0107_z	0.0897408150360121	0.0747960272847275	206.777987834516	1.19980723968659	0.231587106977388	bm_minus_fibrillar_z	TRUE		null_ieg_0107	ieg
null_ieg_0108_z	0.335512586742614	0.0705541335981203	210.962384613092	4.75539234389454	3.66694768380497e-06	basement_membrane_score_z	TRUE		null_ieg_0108	ieg
null_ieg_0108_z	0.0926647130906034	0.0745719790748895	206.0961346505	1.24262107885784	0.215419451604862	bm_minus_fibrillar_z	TRUE		null_ieg_0108	ieg
null_ieg_0109_z	0.427293198322515	0.0642800011827383	210.848031213913	6.64737384039221	2.50912657101777e-10	basement_membrane_score_z	TRUE		null_ieg_0109	ieg
null_ieg_0109_z	0.142261866733661	0.070714200879998	204.719630982339	2.01178638750481	0.0455533066453832	bm_minus_fibrillar_z	TRUE		null_ieg_0109	ieg
null_ieg_0110_z	0.371155960960602	0.0693196736101457	210.822641209909	5.35426584735505	2.23727399245506e-07	basement_membrane_score_z	TRUE		null_ieg_0110	ieg
null_ieg_0110_z	0.114890963728323	0.0741357000753093	207.109482845749	1.54973870364229	0.122730949885698	bm_minus_fibrillar_z	TRUE		null_ieg_0110	ieg
null_ieg_0111_z	0.482638359093782	0.0614791080017032	210.33373555211	7.85044505005523	2.08379187452955e-13	basement_membrane_score_z	TRUE		null_ieg_0111	ieg
null_ieg_0111_z	0.29002104038616	0.067927785355388	208.904804305137	4.26954947623883	2.97196855782469e-05	bm_minus_fibrillar_z	TRUE		null_ieg_0111	ieg
null_ieg_0112_z	0.499437069429391	0.0617886822322538	210.73067413392	8.08298625874697	4.88043907232214e-14	basement_membrane_score_z	TRUE		null_ieg_0112	ieg
null_ieg_0112_z	0.309553069189391	0.068311359147578	207.8030828497	4.53150212573931	9.87480848611047e-06	bm_minus_fibrillar_z	TRUE		null_ieg_0112	ieg
null_ieg_0113_z	0.335512586742614	0.0705541335981203	210.962384613092	4.75539234389454	3.66694768380497e-06	basement_membrane_score_z	TRUE		null_ieg_0113	ieg
null_ieg_0113_z	0.0926647130906034	0.0745719790748895	206.0961346505	1.24262107885784	0.215419451604862	bm_minus_fibrillar_z	TRUE		null_ieg_0113	ieg
null_ieg_0114_z	0.431690279087872	0.0681600105347307	208.749027039364	6.33348316265159	1.44698477706058e-09	basement_membrane_score_z	TRUE		null_ieg_0114	ieg
null_ieg_0114_z	0.167004472877081	0.0743569531378129	208.947491551192	2.24598327163239	0.0257515809543917	bm_minus_fibrillar_z	TRUE		null_ieg_0114	ieg
null_ieg_0115_z	0.497684998249111	0.0613582426911358	210.513812131872	8.11113513720317	4.10674603463615e-14	basement_membrane_score_z	TRUE		null_ieg_0115	ieg
null_ieg_0115_z	0.34244875769807	0.0671324559415683	207.705536200616	5.10109086424807	7.59744280774133e-07	bm_minus_fibrillar_z	TRUE		null_ieg_0115	ieg
null_ieg_0116_z	0.485542828368719	0.0622803010991313	210.506829049322	7.79608993212609	2.90401394379428e-13	basement_membrane_score_z	TRUE		null_ieg_0116	ieg
null_ieg_0116_z	0.262564668194708	0.0693089125698008	209.067295236994	3.78832474005821	0.00019828160758013	bm_minus_fibrillar_z	TRUE		null_ieg_0116	ieg
null_ieg_0117_z	0.485542828368719	0.0622803010991313	210.506829049322	7.79608993212609	2.90401394379428e-13	basement_membrane_score_z	TRUE		null_ieg_0117	ieg
null_ieg_0117_z	0.262564668194708	0.0693089125698008	209.067295236994	3.78832474005821	0.00019828160758013	bm_minus_fibrillar_z	TRUE		null_ieg_0117	ieg
null_ieg_0118_z	0.445695886505357	0.0635802380436167	210.799818421518	7.00997511521748	3.17127477339969e-11	basement_membrane_score_z	TRUE		null_ieg_0118	ieg
null_ieg_0118_z	0.164437939354783	0.0704040377076809	203.821622938308	2.33563222662787	0.0204825551371837	bm_minus_fibrillar_z	TRUE		null_ieg_0118	ieg
null_ieg_0119_z	0.445695886505357	0.0635802380436167	210.799818421518	7.00997511521748	3.17127477339969e-11	basement_membrane_score_z	TRUE		null_ieg_0119	ieg
null_ieg_0119_z	0.164437939354783	0.0704040377076809	203.821622938308	2.33563222662787	0.0204825551371837	bm_minus_fibrillar_z	TRUE		null_ieg_0119	ieg
null_ieg_0120_z	0.481048731081367	0.062312427640303	209.049727233312	7.71994848055365	4.73293524595466e-13	basement_membrane_score_z	TRUE		null_ieg_0120	ieg
null_ieg_0120_z	0.27362396209114	0.0689975911024922	210.547278361953	3.96570311686224	0.000100282024037537	bm_minus_fibrillar_z	TRUE		null_ieg_0120	ieg
null_ieg_0121_z	0.445695886505357	0.0635802380436167	210.799818421518	7.00997511521748	3.17127477339969e-11	basement_membrane_score_z	TRUE		null_ieg_0121	ieg
null_ieg_0121_z	0.164437939354783	0.0704040377076809	203.821622938308	2.33563222662787	0.0204825551371837	bm_minus_fibrillar_z	TRUE		null_ieg_0121	ieg
null_ieg_0122_z	0.440857633614277	0.0641940483279189	210.81864051447	6.86757799355897	7.20100401535388e-11	basement_membrane_score_z	TRUE		null_ieg_0122	ieg
null_ieg_0122_z	0.184106918203905	0.0706215121288512	204.885929115192	2.60695236697844	0.00980676884623707	bm_minus_fibrillar_z	TRUE		null_ieg_0122	ieg
null_ieg_0123_z	0.503160733680175	0.0609391887962706	209.175154084139	8.25676783067004	1.68269942223993e-14	basement_membrane_score_z	TRUE		null_ieg_0123	ieg
null_ieg_0123_z	0.278028272939194	0.0682526731020926	207.200814720968	4.07351478415092	6.59258503682027e-05	bm_minus_fibrillar_z	TRUE		null_ieg_0123	ieg
null_ieg_0124_z	0.482638359093782	0.0614791080017032	210.33373555211	7.85044505005523	2.08379187452955e-13	basement_membrane_score_z	TRUE		null_ieg_0124	ieg
null_ieg_0124_z	0.29002104038616	0.067927785355388	208.904804305137	4.26954947623883	2.97196855782469e-05	bm_minus_fibrillar_z	TRUE		null_ieg_0124	ieg
null_ieg_0125_z	0.473352549262593	0.0620857675563399	209.447135011628	7.62417165629865	8.42788803632677e-13	basement_membrane_score_z	TRUE		null_ieg_0125	ieg
null_ieg_0125_z	0.279403897757749	0.0682575177649825	207.343351941453	4.09337911641858	6.08965442450121e-05	bm_minus_fibrillar_z	TRUE		null_ieg_0125	ieg
null_ieg_0126_z	0.364479185865508	0.0692968329474305	210.984504235639	5.25968028209899	3.53273842988647e-07	basement_membrane_score_z	TRUE		null_ieg_0126	ieg
null_ieg_0126_z	0.0712510905889129	0.0740637261393577	205.880050055961	0.962024114947274	0.337166015971828	bm_minus_fibrillar_z	TRUE		null_ieg_0126	ieg
null_ieg_0127_z	0.508086083893826	0.060665239378368	209.744045211586	8.37524238097706	7.85452098719483e-15	basement_membrane_score_z	TRUE		null_ieg_0127	ieg
null_ieg_0127_z	0.339505819813614	0.0669388403879878	207.376881900477	5.0718808071037	8.72182991751522e-07	bm_minus_fibrillar_z	TRUE		null_ieg_0127	ieg
null_ieg_0128_z	0.473352549262593	0.0620857675563399	209.447135011628	7.62417165629865	8.42788803632677e-13	basement_membrane_score_z	TRUE		null_ieg_0128	ieg
null_ieg_0128_z	0.279403897757749	0.0682575177649825	207.343351941453	4.09337911641858	6.08965442450121e-05	bm_minus_fibrillar_z	TRUE		null_ieg_0128	ieg
null_ieg_0129_z	0.417416386836421	0.0688228614518456	208.699152099118	6.06508328818151	6.1073775525094e-09	basement_membrane_score_z	TRUE		null_ieg_0129	ieg
null_ieg_0129_z	0.183829161642606	0.0744537010490449	209.556793861879	2.46903994096294	0.0143474244278224	bm_minus_fibrillar_z	TRUE		null_ieg_0129	ieg
null_ieg_0130_z	0.469558975662443	0.0626642084951207	209.210371388874	7.49325630912589	1.86392767800025e-12	basement_membrane_score_z	TRUE		null_ieg_0130	ieg
null_ieg_0130_z	0.245950372398112	0.0692152323577739	206.849808117325	3.55341395268015	0.000471049552183346	bm_minus_fibrillar_z	TRUE		null_ieg_0130	ieg
null_ieg_0131_z	0.44191745657883	0.0635705783081694	210.706682572755	6.95160353011984	4.44842969504618e-11	basement_membrane_score_z	TRUE		null_ieg_0131	ieg
null_ieg_0131_z	0.181659271029096	0.0701798015766014	204.727129915053	2.58848367974957	0.0103310543498252	bm_minus_fibrillar_z	TRUE		null_ieg_0131	ieg
null_ieg_0132_z	0.469558975662443	0.0626642084951207	209.210371388874	7.49325630912589	1.86392767800025e-12	basement_membrane_score_z	TRUE		null_ieg_0132	ieg
null_ieg_0132_z	0.245950372398112	0.0692152323577739	206.849808117325	3.55341395268015	0.000471049552183346	bm_minus_fibrillar_z	TRUE		null_ieg_0132	ieg
null_ieg_0133_z	0.486988735310773	0.0618872513682195	208.372219850838	7.86896694463397	1.91788712189275e-13	basement_membrane_score_z	TRUE		null_ieg_0133	ieg
null_ieg_0133_z	0.279409359276747	0.0683659356022485	205.981860586922	4.08696753456786	6.26141753731402e-05	bm_minus_fibrillar_z	TRUE		null_ieg_0133	ieg
null_ieg_0134_z	0.499437069429391	0.0617886822322538	210.73067413392	8.08298625874697	4.88043907232214e-14	basement_membrane_score_z	TRUE		null_ieg_0134	ieg
null_ieg_0134_z	0.309553069189391	0.068311359147578	207.8030828497	4.53150212573931	9.87480848611047e-06	bm_minus_fibrillar_z	TRUE		null_ieg_0134	ieg
null_ieg_0135_z	0.431690279087872	0.0681600105347307	208.749027039364	6.33348316265159	1.44698477706058e-09	basement_membrane_score_z	TRUE		null_ieg_0135	ieg
null_ieg_0135_z	0.167004472877081	0.0743569531378129	208.947491551192	2.24598327163239	0.0257515809543917	bm_minus_fibrillar_z	TRUE		null_ieg_0135	ieg
null_ieg_0136_z	0.499437069429391	0.0617886822322538	210.73067413392	8.08298625874697	4.88043907232214e-14	basement_membrane_score_z	TRUE		null_ieg_0136	ieg
null_ieg_0136_z	0.309553069189391	0.068311359147578	207.8030828497	4.53150212573931	9.87480848611047e-06	bm_minus_fibrillar_z	TRUE		null_ieg_0136	ieg
null_ieg_0137_z	0.503160733680175	0.0609391887962706	209.175154084139	8.25676783067004	1.68269942223993e-14	basement_membrane_score_z	TRUE		null_ieg_0137	ieg
null_ieg_0137_z	0.278028272939194	0.0682526731020926	207.200814720968	4.07351478415092	6.59258503682027e-05	bm_minus_fibrillar_z	TRUE		null_ieg_0137	ieg
null_ieg_0138_z	0.502729357365575	0.0616795408351254	210.349101666673	8.15066634022801	3.21359082117069e-14	basement_membrane_score_z	TRUE		null_ieg_0138	ieg
null_ieg_0138_z	0.27954190183698	0.0690314582337276	208.543444270205	4.04948568362128	7.23655228455366e-05	bm_minus_fibrillar_z	TRUE		null_ieg_0138	ieg
null_ieg_0139_z	0.40267552906296	0.0694196218167027	208.214471234613	5.80060101920742	2.43072721563934e-08	basement_membrane_score_z	TRUE		null_ieg_0139	ieg
null_ieg_0139_z	0.135073319425526	0.0750360487055245	209.575251232678	1.80011236939747	0.0732809821684438	bm_minus_fibrillar_z	TRUE		null_ieg_0139	ieg
null_ieg_0140_z	0.331851079918328	0.070868025453932	210.9418816397	4.68266298930608	5.06651742393614e-06	basement_membrane_score_z	TRUE		null_ieg_0140	ieg
null_ieg_0140_z	0.0897408150360121	0.0747960272847275	206.777987834516	1.19980723968659	0.231587106977388	bm_minus_fibrillar_z	TRUE		null_ieg_0140	ieg
null_ieg_0141_z	0.371155960960602	0.0693196736101457	210.822641209909	5.35426584735505	2.23727399245506e-07	basement_membrane_score_z	TRUE		null_ieg_0141	ieg
null_ieg_0141_z	0.114890963728323	0.0741357000753093	207.109482845749	1.54973870364229	0.122730949885698	bm_minus_fibrillar_z	TRUE		null_ieg_0141	ieg
null_ieg_0142_z	0.469558975662443	0.0626642084951207	209.210371388874	7.49325630912589	1.86392767800025e-12	basement_membrane_score_z	TRUE		null_ieg_0142	ieg
null_ieg_0142_z	0.245950372398112	0.0692152323577739	206.849808117325	3.55341395268015	0.000471049552183346	bm_minus_fibrillar_z	TRUE		null_ieg_0142	ieg
null_ieg_0143_z	0.43698799371372	0.0636580382054365	210.991013541259	6.86461609613977	7.31160223325218e-11	basement_membrane_score_z	TRUE		null_ieg_0143	ieg
null_ieg_0143_z	0.197531180208792	0.0700245216299287	206.399235956492	2.82088582129444	0.00525651505798512	bm_minus_fibrillar_z	TRUE		null_ieg_0143	ieg
null_ieg_0144_z	0.432452867637059	0.0684353590312781	207.806376006627	6.31914369645387	1.57555696034154e-09	basement_membrane_score_z	TRUE		null_ieg_0144	ieg
null_ieg_0144_z	0.205714679620107	0.0742498635223422	209.986376899081	2.77057316823494	0.00609761143768652	bm_minus_fibrillar_z	TRUE		null_ieg_0144	ieg
null_ieg_0145_z	0.432452867637059	0.0684353590312781	207.806376006627	6.31914369645387	1.57555696034154e-09	basement_membrane_score_z	TRUE		null_ieg_0145	ieg
null_ieg_0145_z	0.205714679620107	0.0742498635223422	209.986376899081	2.77057316823494	0.00609761143768652	bm_minus_fibrillar_z	TRUE		null_ieg_0145	ieg
null_ieg_0146_z	0.503160733680175	0.0609391887962706	209.175154084139	8.25676783067004	1.68269942223993e-14	basement_membrane_score_z	TRUE		null_ieg_0146	ieg
null_ieg_0146_z	0.278028272939194	0.0682526731020926	207.200814720968	4.07351478415092	6.59258503682027e-05	bm_minus_fibrillar_z	TRUE		null_ieg_0146	ieg
null_ieg_0147_z	0.40267552906296	0.0694196218167027	208.214471234613	5.80060101920742	2.43072721563934e-08	basement_membrane_score_z	TRUE		null_ieg_0147	ieg
null_ieg_0147_z	0.135073319425526	0.0750360487055245	209.575251232678	1.80011236939747	0.0732809821684438	bm_minus_fibrillar_z	TRUE		null_ieg_0147	ieg
null_ieg_0148_z	0.35449719535339	0.069802587067673	210.502303199173	5.07856814833679	8.36082874594166e-07	basement_membrane_score_z	TRUE		null_ieg_0148	ieg
null_ieg_0148_z	0.0963805954203393	0.0743495875398662	207.571974144212	1.29631647746075	0.196305850049066	bm_minus_fibrillar_z	TRUE		null_ieg_0148	ieg
null_ieg_0149_z	0.44191745657883	0.0635705783081694	210.706682572755	6.95160353011984	4.44842969504618e-11	basement_membrane_score_z	TRUE		null_ieg_0149	ieg
null_ieg_0149_z	0.181659271029096	0.0701798015766014	204.727129915053	2.58848367974957	0.0103310543498252	bm_minus_fibrillar_z	TRUE		null_ieg_0149	ieg
null_ieg_0150_z	0.520445217368386	0.0603874385638392	210.113354343296	8.61843505447233	1.64122588527094e-15	basement_membrane_score_z	TRUE		null_ieg_0150	ieg
null_ieg_0150_z	0.35220646241214	0.0667571708741078	207.791966061713	5.2759345220956	3.30910293623801e-07	bm_minus_fibrillar_z	TRUE		null_ieg_0150	ieg
null_ieg_0151_z	0.503160733680175	0.0609391887962706	209.175154084139	8.25676783067004	1.68269942223993e-14	basement_membrane_score_z	TRUE		null_ieg_0151	ieg
null_ieg_0151_z	0.278028272939194	0.0682526731020926	207.200814720968	4.07351478415092	6.59258503682027e-05	bm_minus_fibrillar_z	TRUE		null_ieg_0151	ieg
null_ieg_0152_z	0.481048731081367	0.062312427640303	209.049727233312	7.71994848055365	4.73293524595466e-13	basement_membrane_score_z	TRUE		null_ieg_0152	ieg
null_ieg_0152_z	0.27362396209114	0.0689975911024922	210.547278361953	3.96570311686224	0.000100282024037537	bm_minus_fibrillar_z	TRUE		null_ieg_0152	ieg
null_ieg_0153_z	0.482638359093782	0.0614791080017032	210.33373555211	7.85044505005523	2.08379187452955e-13	basement_membrane_score_z	TRUE		null_ieg_0153	ieg
null_ieg_0153_z	0.29002104038616	0.067927785355388	208.904804305137	4.26954947623883	2.97196855782469e-05	bm_minus_fibrillar_z	TRUE		null_ieg_0153	ieg
null_ieg_0154_z	0.520445217368386	0.0603874385638392	210.113354343296	8.61843505447233	1.64122588527094e-15	basement_membrane_score_z	TRUE		null_ieg_0154	ieg
null_ieg_0154_z	0.35220646241214	0.0667571708741078	207.791966061713	5.2759345220956	3.30910293623801e-07	bm_minus_fibrillar_z	TRUE		null_ieg_0154	ieg
null_ieg_0155_z	0.460031596256033	0.0629868936403406	210.708866235492	7.30360825353359	5.67292539680668e-12	basement_membrane_score_z	TRUE		null_ieg_0155	ieg
null_ieg_0155_z	0.205401793901582	0.0699486652344687	202.483904917689	2.9364648090578	0.00370397795867436	bm_minus_fibrillar_z	TRUE		null_ieg_0155	ieg
null_ieg_0156_z	0.502729357365575	0.0616795408351254	210.349101666673	8.15066634022801	3.21359082117069e-14	basement_membrane_score_z	TRUE		null_ieg_0156	ieg
null_ieg_0156_z	0.27954190183698	0.0690314582337276	208.543444270205	4.04948568362128	7.23655228455366e-05	bm_minus_fibrillar_z	TRUE		null_ieg_0156	ieg
null_ieg_0157_z	0.485542828368719	0.0622803010991313	210.506829049322	7.79608993212609	2.90401394379428e-13	basement_membrane_score_z	TRUE		null_ieg_0157	ieg
null_ieg_0157_z	0.262564668194708	0.0693089125698008	209.067295236994	3.78832474005821	0.00019828160758013	bm_minus_fibrillar_z	TRUE		null_ieg_0157	ieg
null_ieg_0158_z	0.331851079918328	0.070868025453932	210.9418816397	4.68266298930608	5.06651742393614e-06	basement_membrane_score_z	TRUE		null_ieg_0158	ieg
null_ieg_0158_z	0.0897408150360121	0.0747960272847275	206.777987834516	1.19980723968659	0.231587106977388	bm_minus_fibrillar_z	TRUE		null_ieg_0158	ieg
null_ieg_0159_z	0.508634562852733	0.0606336610864736	210.959793184883	8.38865002935145	7.04267930777327e-15	basement_membrane_score_z	TRUE		null_ieg_0159	ieg
null_ieg_0159_z	0.34950340643878	0.066754792988074	209.406961725226	5.23563014420882	3.98922816554372e-07	bm_minus_fibrillar_z	TRUE		null_ieg_0159	ieg
null_ieg_0160_z	0.417277489610885	0.0687893354983985	206.022084509862	6.06602006819211	6.18686521731902e-09	basement_membrane_score_z	TRUE		null_ieg_0160	ieg
null_ieg_0160_z	0.19326995339371	0.0743949672267255	210.721790467563	2.59789016110058	0.010041584592287	bm_minus_fibrillar_z	TRUE		null_ieg_0160	ieg
null_ieg_0161_z	0.508086083893826	0.060665239378368	209.744045211586	8.37524238097706	7.85452098719483e-15	basement_membrane_score_z	TRUE		null_ieg_0161	ieg
null_ieg_0161_z	0.339505819813614	0.0669388403879878	207.376881900477	5.0718808071037	8.72182991751522e-07	bm_minus_fibrillar_z	TRUE		null_ieg_0161	ieg
null_ieg_0162_z	0.497684998249111	0.0613582426911358	210.513812131872	8.11113513720317	4.10674603463615e-14	basement_membrane_score_z	TRUE		null_ieg_0162	ieg
null_ieg_0162_z	0.34244875769807	0.0671324559415683	207.705536200616	5.10109086424807	7.59744280774133e-07	bm_minus_fibrillar_z	TRUE		null_ieg_0162	ieg
null_ieg_0163_z	0.371155960960602	0.0693196736101457	210.822641209909	5.35426584735505	2.23727399245506e-07	basement_membrane_score_z	TRUE		null_ieg_0163	ieg
null_ieg_0163_z	0.114890963728323	0.0741357000753093	207.109482845749	1.54973870364229	0.122730949885698	bm_minus_fibrillar_z	TRUE		null_ieg_0163	ieg
null_ieg_0164_z	0.351709797896523	0.0697984074681967	210.981784544922	5.03893728602301	1.00459030868602e-06	basement_membrane_score_z	TRUE		null_ieg_0164	ieg
null_ieg_0164_z	0.0869442500774006	0.0742346940196153	206.485483471797	1.17120776512431	0.242865036041882	bm_minus_fibrillar_z	TRUE		null_ieg_0164	ieg
null_ieg_0165_z	0.364479185865508	0.0692968329474305	210.984504235639	5.25968028209899	3.53273842988647e-07	basement_membrane_score_z	TRUE		null_ieg_0165	ieg
null_ieg_0165_z	0.0712510905889129	0.0740637261393577	205.880050055961	0.962024114947274	0.337166015971828	bm_minus_fibrillar_z	TRUE		null_ieg_0165	ieg
null_ieg_0166_z	0.40267552906296	0.0694196218167027	208.214471234613	5.80060101920742	2.43072721563934e-08	basement_membrane_score_z	TRUE		null_ieg_0166	ieg
null_ieg_0166_z	0.135073319425526	0.0750360487055245	209.575251232678	1.80011236939747	0.0732809821684438	bm_minus_fibrillar_z	TRUE		null_ieg_0166	ieg
null_ieg_0167_z	0.48165857595815	0.0614609513273797	208.907309598447	7.83682265821974	2.31767625518718e-13	basement_membrane_score_z	TRUE		null_ieg_0167	ieg
null_ieg_0167_z	0.273455932530812	0.0680897082310319	207.172228694462	4.0161125614309	8.2728558388212e-05	bm_minus_fibrillar_z	TRUE		null_ieg_0167	ieg
null_ieg_0168_z	0.44191745657883	0.0635705783081694	210.706682572755	6.95160353011984	4.44842969504618e-11	basement_membrane_score_z	TRUE		null_ieg_0168	ieg
null_ieg_0168_z	0.181659271029096	0.0701798015766014	204.727129915053	2.58848367974957	0.0103310543498252	bm_minus_fibrillar_z	TRUE		null_ieg_0168	ieg
null_ieg_0169_z	0.460031596256033	0.0629868936403406	210.708866235492	7.30360825353359	5.67292539680668e-12	basement_membrane_score_z	TRUE		null_ieg_0169	ieg
null_ieg_0169_z	0.205401793901582	0.0699486652344687	202.483904917689	2.9364648090578	0.00370397795867436	bm_minus_fibrillar_z	TRUE		null_ieg_0169	ieg
null_ieg_0170_z	0.503160733680175	0.0609391887962706	209.175154084139	8.25676783067004	1.68269942223993e-14	basement_membrane_score_z	TRUE		null_ieg_0170	ieg
null_ieg_0170_z	0.278028272939194	0.0682526731020926	207.200814720968	4.07351478415092	6.59258503682027e-05	bm_minus_fibrillar_z	TRUE		null_ieg_0170	ieg
null_ieg_0171_z	0.40267552906296	0.0694196218167027	208.214471234613	5.80060101920742	2.43072721563934e-08	basement_membrane_score_z	TRUE		null_ieg_0171	ieg
null_ieg_0171_z	0.135073319425526	0.0750360487055245	209.575251232678	1.80011236939747	0.0732809821684438	bm_minus_fibrillar_z	TRUE		null_ieg_0171	ieg
null_ieg_0172_z	0.497684998249111	0.0613582426911358	210.513812131872	8.11113513720317	4.10674603463615e-14	basement_membrane_score_z	TRUE		null_ieg_0172	ieg
null_ieg_0172_z	0.34244875769807	0.0671324559415683	207.705536200616	5.10109086424807	7.59744280774133e-07	bm_minus_fibrillar_z	TRUE		null_ieg_0172	ieg
null_ieg_0173_z	0.43698799371372	0.0636580382054365	210.991013541259	6.86461609613977	7.31160223325218e-11	basement_membrane_score_z	TRUE		null_ieg_0173	ieg
null_ieg_0173_z	0.197531180208792	0.0700245216299287	206.399235956492	2.82088582129444	0.00525651505798512	bm_minus_fibrillar_z	TRUE		null_ieg_0173	ieg
null_ieg_0174_z	0.43698799371372	0.0636580382054365	210.991013541259	6.86461609613977	7.31160223325218e-11	basement_membrane_score_z	TRUE		null_ieg_0174	ieg
null_ieg_0174_z	0.197531180208792	0.0700245216299287	206.399235956492	2.82088582129444	0.00525651505798512	bm_minus_fibrillar_z	TRUE		null_ieg_0174	ieg
null_ieg_0175_z	0.339303503627651	0.0703244978576269	210.979603072773	4.82482653931744	2.68400930617626e-06	basement_membrane_score_z	TRUE		null_ieg_0175	ieg
null_ieg_0175_z	0.04442784775919	0.0745277638614811	206.485135794618	0.596124792389646	0.551744782218226	bm_minus_fibrillar_z	TRUE		null_ieg_0175	ieg
null_ieg_0176_z	0.371155960960602	0.0693196736101457	210.822641209909	5.35426584735505	2.23727399245506e-07	basement_membrane_score_z	TRUE		null_ieg_0176	ieg
null_ieg_0176_z	0.114890963728323	0.0741357000753093	207.109482845749	1.54973870364229	0.122730949885698	bm_minus_fibrillar_z	TRUE		null_ieg_0176	ieg
null_ieg_0177_z	0.508634562852733	0.0606336610864736	210.959793184883	8.38865002935145	7.04267930777327e-15	basement_membrane_score_z	TRUE		null_ieg_0177	ieg
null_ieg_0177_z	0.34950340643878	0.066754792988074	209.406961725226	5.23563014420882	3.98922816554372e-07	bm_minus_fibrillar_z	TRUE		null_ieg_0177	ieg
null_ieg_0178_z	0.485542828368719	0.0622803010991313	210.506829049322	7.79608993212609	2.90401394379428e-13	basement_membrane_score_z	TRUE		null_ieg_0178	ieg
null_ieg_0178_z	0.262564668194708	0.0693089125698008	209.067295236994	3.78832474005821	0.00019828160758013	bm_minus_fibrillar_z	TRUE		null_ieg_0178	ieg
null_ieg_0179_z	0.430415812739874	0.0642149852085014	210.884512295952	6.70273163409359	1.83681969501446e-10	basement_membrane_score_z	TRUE		null_ieg_0179	ieg
null_ieg_0179_z	0.187273515676548	0.0703910766257186	204.681236038079	2.66047238732138	0.00842161265176488	bm_minus_fibrillar_z	TRUE		null_ieg_0179	ieg
null_ieg_0180_z	0.469558975662443	0.0626642084951207	209.210371388874	7.49325630912589	1.86392767800025e-12	basement_membrane_score_z	TRUE		null_ieg_0180	ieg
null_ieg_0180_z	0.245950372398112	0.0692152323577739	206.849808117325	3.55341395268015	0.000471049552183346	bm_minus_fibrillar_z	TRUE		null_ieg_0180	ieg
null_ieg_0181_z	0.43698799371372	0.0636580382054365	210.991013541259	6.86461609613977	7.31160223325218e-11	basement_membrane_score_z	TRUE		null_ieg_0181	ieg
null_ieg_0181_z	0.197531180208792	0.0700245216299287	206.399235956492	2.82088582129444	0.00525651505798512	bm_minus_fibrillar_z	TRUE		null_ieg_0181	ieg
null_ieg_0182_z	0.486988735310773	0.0618872513682195	208.372219850838	7.86896694463397	1.91788712189275e-13	basement_membrane_score_z	TRUE		null_ieg_0182	ieg
null_ieg_0182_z	0.279409359276747	0.0683659356022485	205.981860586922	4.08696753456786	6.26141753731402e-05	bm_minus_fibrillar_z	TRUE		null_ieg_0182	ieg
null_ieg_0183_z	0.397425307134262	0.070014133384432	207.449583003767	5.67635829971769	4.59684592234591e-08	basement_membrane_score_z	TRUE		null_ieg_0183	ieg
null_ieg_0183_z	0.183838795761313	0.0750398412197229	210.257472447283	2.44988252604397	0.0151079705350005	bm_minus_fibrillar_z	TRUE		null_ieg_0183	ieg
null_ieg_0184_z	0.417277489610885	0.0687893354983985	206.022084509862	6.06602006819211	6.18686521731902e-09	basement_membrane_score_z	TRUE		null_ieg_0184	ieg
null_ieg_0184_z	0.19326995339371	0.0743949672267255	210.721790467563	2.59789016110058	0.010041584592287	bm_minus_fibrillar_z	TRUE		null_ieg_0184	ieg
null_ieg_0185_z	0.495880111688128	0.0611797862916463	209.299546119445	8.10529329612642	4.35156144598835e-14	basement_membrane_score_z	TRUE		null_ieg_0185	ieg
null_ieg_0185_z	0.292161365951417	0.0679283045239529	207.434450307297	4.30102544144018	2.6169204663372e-05	bm_minus_fibrillar_z	TRUE		null_ieg_0185	ieg
null_ieg_0186_z	0.508634562852733	0.0606336610864736	210.959793184883	8.38865002935145	7.04267930777327e-15	basement_membrane_score_z	TRUE		null_ieg_0186	ieg
null_ieg_0186_z	0.34950340643878	0.066754792988074	209.406961725226	5.23563014420882	3.98922816554372e-07	bm_minus_fibrillar_z	TRUE		null_ieg_0186	ieg
null_ieg_0187_z	0.460031596256033	0.0629868936403406	210.708866235492	7.30360825353359	5.67292539680668e-12	basement_membrane_score_z	TRUE		null_ieg_0187	ieg
null_ieg_0187_z	0.205401793901582	0.0699486652344687	202.483904917689	2.9364648090578	0.00370397795867436	bm_minus_fibrillar_z	TRUE		null_ieg_0187	ieg
null_ieg_0188_z	0.469558975662443	0.0626642084951207	209.210371388874	7.49325630912589	1.86392767800025e-12	basement_membrane_score_z	TRUE		null_ieg_0188	ieg
null_ieg_0188_z	0.245950372398112	0.0692152323577739	206.849808117325	3.55341395268015	0.000471049552183346	bm_minus_fibrillar_z	TRUE		null_ieg_0188	ieg
null_ieg_0189_z	0.508634562852733	0.0606336610864736	210.959793184883	8.38865002935145	7.04267930777327e-15	basement_membrane_score_z	TRUE		null_ieg_0189	ieg
null_ieg_0189_z	0.34950340643878	0.066754792988074	209.406961725226	5.23563014420882	3.98922816554372e-07	bm_minus_fibrillar_z	TRUE		null_ieg_0189	ieg
null_ieg_0190_z	0.508634562852733	0.0606336610864736	210.959793184883	8.38865002935145	7.04267930777327e-15	basement_membrane_score_z	TRUE		null_ieg_0190	ieg
null_ieg_0190_z	0.34950340643878	0.066754792988074	209.406961725226	5.23563014420882	3.98922816554372e-07	bm_minus_fibrillar_z	TRUE		null_ieg_0190	ieg
null_ieg_0191_z	0.492584407966035	0.0620996399361162	210.479888288906	7.93216206201472	1.254309293172e-13	basement_membrane_score_z	TRUE		null_ieg_0191	ieg
null_ieg_0191_z	0.249757945490209	0.0695950289456186	207.462823694903	3.58873254705259	0.000414619680569682	bm_minus_fibrillar_z	TRUE		null_ieg_0191	ieg
null_ieg_0192_z	0.532468011114989	0.0599089731192829	210.281747675125	8.88795089267861	2.83934947400888e-16	basement_membrane_score_z	TRUE		null_ieg_0192	ieg
null_ieg_0192_z	0.344774663763521	0.067060160196657	206.71065313567	5.14127408512675	6.31134237091996e-07	bm_minus_fibrillar_z	TRUE		null_ieg_0192	ieg
null_ieg_0193_z	0.351709797896523	0.0697984074681967	210.981784544922	5.03893728602301	1.00459030868602e-06	basement_membrane_score_z	TRUE		null_ieg_0193	ieg
null_ieg_0193_z	0.0869442500774006	0.0742346940196153	206.485483471797	1.17120776512431	0.242865036041882	bm_minus_fibrillar_z	TRUE		null_ieg_0193	ieg
null_ieg_0194_z	0.520445217368386	0.0603874385638392	210.113354343296	8.61843505447233	1.64122588527094e-15	basement_membrane_score_z	TRUE		null_ieg_0194	ieg
null_ieg_0194_z	0.35220646241214	0.0667571708741078	207.791966061713	5.2759345220956	3.30910293623801e-07	bm_minus_fibrillar_z	TRUE		null_ieg_0194	ieg
null_ieg_0195_z	0.481048731081367	0.062312427640303	209.049727233312	7.71994848055365	4.73293524595466e-13	basement_membrane_score_z	TRUE		null_ieg_0195	ieg
null_ieg_0195_z	0.27362396209114	0.0689975911024922	210.547278361953	3.96570311686224	0.000100282024037537	bm_minus_fibrillar_z	TRUE		null_ieg_0195	ieg
null_ieg_0196_z	0.351709797896523	0.0697984074681967	210.981784544922	5.03893728602301	1.00459030868602e-06	basement_membrane_score_z	TRUE		null_ieg_0196	ieg
null_ieg_0196_z	0.0869442500774006	0.0742346940196153	206.485483471797	1.17120776512431	0.242865036041882	bm_minus_fibrillar_z	TRUE		null_ieg_0196	ieg
null_ieg_0197_z	0.514924733404506	0.0610759754845189	210.104218826799	8.43088840283894	5.47013809200708e-15	basement_membrane_score_z	TRUE		null_ieg_0197	ieg
null_ieg_0197_z	0.343084744860719	0.0672895848872542	207.27309517051	5.09863072324741	7.69770492551267e-07	bm_minus_fibrillar_z	TRUE		null_ieg_0197	ieg
null_ieg_0198_z	0.503160733680175	0.0609391887962706	209.175154084139	8.25676783067004	1.68269942223993e-14	basement_membrane_score_z	TRUE		null_ieg_0198	ieg
null_ieg_0198_z	0.278028272939194	0.0682526731020926	207.200814720968	4.07351478415092	6.59258503682027e-05	bm_minus_fibrillar_z	TRUE		null_ieg_0198	ieg
null_ieg_0199_z	0.508634562852733	0.0606336610864736	210.959793184883	8.38865002935145	7.04267930777327e-15	basement_membrane_score_z	TRUE		null_ieg_0199	ieg
null_ieg_0199_z	0.34950340643878	0.066754792988074	209.406961725226	5.23563014420882	3.98922816554372e-07	bm_minus_fibrillar_z	TRUE		null_ieg_0199	ieg
null_ieg_0200_z	0.417277489610885	0.0687893354983985	206.022084509862	6.06602006819211	6.18686521731902e-09	basement_membrane_score_z	TRUE		null_ieg_0200	ieg
null_ieg_0200_z	0.19326995339371	0.0743949672267255	210.721790467563	2.59789016110058	0.010041584592287	bm_minus_fibrillar_z	TRUE		null_ieg_0200	ieg
null_ieg_0201_z	0.532468011114989	0.0599089731192829	210.281747675125	8.88795089267861	2.83934947400888e-16	basement_membrane_score_z	TRUE		null_ieg_0201	ieg
null_ieg_0201_z	0.344774663763521	0.067060160196657	206.71065313567	5.14127408512675	6.31134237091996e-07	bm_minus_fibrillar_z	TRUE		null_ieg_0201	ieg
null_ieg_0202_z	0.499437069429391	0.0617886822322538	210.73067413392	8.08298625874697	4.88043907232214e-14	basement_membrane_score_z	TRUE		null_ieg_0202	ieg
null_ieg_0202_z	0.309553069189391	0.068311359147578	207.8030828497	4.53150212573931	9.87480848611047e-06	bm_minus_fibrillar_z	TRUE		null_ieg_0202	ieg
null_ieg_0203_z	0.40267552906296	0.0694196218167027	208.214471234613	5.80060101920742	2.43072721563934e-08	basement_membrane_score_z	TRUE		null_ieg_0203	ieg
null_ieg_0203_z	0.135073319425526	0.0750360487055245	209.575251232678	1.80011236939747	0.0732809821684438	bm_minus_fibrillar_z	TRUE		null_ieg_0203	ieg
null_ieg_0204_z	0.514924733404506	0.0610759754845189	210.104218826799	8.43088840283894	5.47013809200708e-15	basement_membrane_score_z	TRUE		null_ieg_0204	ieg
null_ieg_0204_z	0.343084744860719	0.0672895848872542	207.27309517051	5.09863072324741	7.69770492551267e-07	bm_minus_fibrillar_z	TRUE		null_ieg_0204	ieg
null_ieg_0205_z	0.492584407966035	0.0620996399361162	210.479888288906	7.93216206201472	1.254309293172e-13	basement_membrane_score_z	TRUE		null_ieg_0205	ieg
null_ieg_0205_z	0.249757945490209	0.0695950289456186	207.462823694903	3.58873254705259	0.000414619680569682	bm_minus_fibrillar_z	TRUE		null_ieg_0205	ieg
null_ieg_0206_z	0.486988735310773	0.0618872513682195	208.372219850838	7.86896694463397	1.91788712189275e-13	basement_membrane_score_z	TRUE		null_ieg_0206	ieg
null_ieg_0206_z	0.279409359276747	0.0683659356022485	205.981860586922	4.08696753456786	6.26141753731402e-05	bm_minus_fibrillar_z	TRUE		null_ieg_0206	ieg
null_ieg_0207_z	0.497684998249111	0.0613582426911358	210.513812131872	8.11113513720317	4.10674603463615e-14	basement_membrane_score_z	TRUE		null_ieg_0207	ieg
null_ieg_0207_z	0.34244875769807	0.0671324559415683	207.705536200616	5.10109086424807	7.59744280774133e-07	bm_minus_fibrillar_z	TRUE		null_ieg_0207	ieg
null_ieg_0208_z	0.514924733404506	0.0610759754845189	210.104218826799	8.43088840283894	5.47013809200708e-15	basement_membrane_score_z	TRUE		null_ieg_0208	ieg
null_ieg_0208_z	0.343084744860719	0.0672895848872542	207.27309517051	5.09863072324741	7.69770492551267e-07	bm_minus_fibrillar_z	TRUE		null_ieg_0208	ieg
null_ieg_0209_z	0.430415812739874	0.0642149852085014	210.884512295952	6.70273163409359	1.83681969501446e-10	basement_membrane_score_z	TRUE		null_ieg_0209	ieg
null_ieg_0209_z	0.187273515676548	0.0703910766257186	204.681236038079	2.66047238732138	0.00842161265176488	bm_minus_fibrillar_z	TRUE		null_ieg_0209	ieg
null_ieg_0210_z	0.503160733680175	0.0609391887962706	209.175154084139	8.25676783067004	1.68269942223993e-14	basement_membrane_score_z	TRUE		null_ieg_0210	ieg
null_ieg_0210_z	0.278028272939194	0.0682526731020926	207.200814720968	4.07351478415092	6.59258503682027e-05	bm_minus_fibrillar_z	TRUE		null_ieg_0210	ieg
null_ieg_0211_z	0.481048731081367	0.062312427640303	209.049727233312	7.71994848055365	4.73293524595466e-13	basement_membrane_score_z	TRUE		null_ieg_0211	ieg
null_ieg_0211_z	0.27362396209114	0.0689975911024922	210.547278361953	3.96570311686224	0.000100282024037537	bm_minus_fibrillar_z	TRUE		null_ieg_0211	ieg
null_ieg_0212_z	0.431690279087872	0.0681600105347307	208.749027039364	6.33348316265159	1.44698477706058e-09	basement_membrane_score_z	TRUE		null_ieg_0212	ieg
null_ieg_0212_z	0.167004472877081	0.0743569531378129	208.947491551192	2.24598327163239	0.0257515809543917	bm_minus_fibrillar_z	TRUE		null_ieg_0212	ieg
null_ieg_0213_z	0.364479185865508	0.0692968329474305	210.984504235639	5.25968028209899	3.53273842988647e-07	basement_membrane_score_z	TRUE		null_ieg_0213	ieg
null_ieg_0213_z	0.0712510905889129	0.0740637261393577	205.880050055961	0.962024114947274	0.337166015971828	bm_minus_fibrillar_z	TRUE		null_ieg_0213	ieg
null_ieg_0214_z	0.364479185865508	0.0692968329474305	210.984504235639	5.25968028209899	3.53273842988647e-07	basement_membrane_score_z	TRUE		null_ieg_0214	ieg
null_ieg_0214_z	0.0712510905889129	0.0740637261393577	205.880050055961	0.962024114947274	0.337166015971828	bm_minus_fibrillar_z	TRUE		null_ieg_0214	ieg
null_ieg_0215_z	0.44191745657883	0.0635705783081694	210.706682572755	6.95160353011984	4.44842969504618e-11	basement_membrane_score_z	TRUE		null_ieg_0215	ieg
null_ieg_0215_z	0.181659271029096	0.0701798015766014	204.727129915053	2.58848367974957	0.0103310543498252	bm_minus_fibrillar_z	TRUE		null_ieg_0215	ieg
null_ieg_0216_z	0.514924733404506	0.0610759754845189	210.104218826799	8.43088840283894	5.47013809200708e-15	basement_membrane_score_z	TRUE		null_ieg_0216	ieg
null_ieg_0216_z	0.343084744860719	0.0672895848872542	207.27309517051	5.09863072324741	7.69770492551267e-07	bm_minus_fibrillar_z	TRUE		null_ieg_0216	ieg
null_ieg_0217_z	0.430415812739874	0.0642149852085014	210.884512295952	6.70273163409359	1.83681969501446e-10	basement_membrane_score_z	TRUE		null_ieg_0217	ieg
null_ieg_0217_z	0.187273515676548	0.0703910766257186	204.681236038079	2.66047238732138	0.00842161265176488	bm_minus_fibrillar_z	TRUE		null_ieg_0217	ieg
null_ieg_0218_z	0.331851079918328	0.070868025453932	210.9418816397	4.68266298930608	5.06651742393614e-06	basement_membrane_score_z	TRUE		null_ieg_0218	ieg
null_ieg_0218_z	0.0897408150360121	0.0747960272847275	206.777987834516	1.19980723968659	0.231587106977388	bm_minus_fibrillar_z	TRUE		null_ieg_0218	ieg
null_ieg_0219_z	0.482638359093782	0.0614791080017032	210.33373555211	7.85044505005523	2.08379187452955e-13	basement_membrane_score_z	TRUE		null_ieg_0219	ieg
null_ieg_0219_z	0.29002104038616	0.067927785355388	208.904804305137	4.26954947623883	2.97196855782469e-05	bm_minus_fibrillar_z	TRUE		null_ieg_0219	ieg
null_ieg_0220_z	0.520445217368386	0.0603874385638392	210.113354343296	8.61843505447233	1.64122588527094e-15	basement_membrane_score_z	TRUE		null_ieg_0220	ieg
null_ieg_0220_z	0.35220646241214	0.0667571708741078	207.791966061713	5.2759345220956	3.30910293623801e-07	bm_minus_fibrillar_z	TRUE		null_ieg_0220	ieg
null_ieg_0221_z	0.520445217368386	0.0603874385638392	210.113354343296	8.61843505447233	1.64122588527094e-15	basement_membrane_score_z	TRUE		null_ieg_0221	ieg
null_ieg_0221_z	0.35220646241214	0.0667571708741078	207.791966061713	5.2759345220956	3.30910293623801e-07	bm_minus_fibrillar_z	TRUE		null_ieg_0221	ieg
null_ieg_0222_z	0.48165857595815	0.0614609513273797	208.907309598447	7.83682265821974	2.31767625518718e-13	basement_membrane_score_z	TRUE		null_ieg_0222	ieg
null_ieg_0222_z	0.273455932530812	0.0680897082310319	207.172228694462	4.0161125614309	8.2728558388212e-05	bm_minus_fibrillar_z	TRUE		null_ieg_0222	ieg
null_ieg_0223_z	0.43698799371372	0.0636580382054365	210.991013541259	6.86461609613977	7.31160223325218e-11	basement_membrane_score_z	TRUE		null_ieg_0223	ieg
null_ieg_0223_z	0.197531180208792	0.0700245216299287	206.399235956492	2.82088582129444	0.00525651505798512	bm_minus_fibrillar_z	TRUE		null_ieg_0223	ieg
null_ieg_0224_z	0.417277489610885	0.0687893354983985	206.022084509862	6.06602006819211	6.18686521731902e-09	basement_membrane_score_z	TRUE		null_ieg_0224	ieg
null_ieg_0224_z	0.19326995339371	0.0743949672267255	210.721790467563	2.59789016110058	0.010041584592287	bm_minus_fibrillar_z	TRUE		null_ieg_0224	ieg
null_ieg_0225_z	0.514924733404506	0.0610759754845189	210.104218826799	8.43088840283894	5.47013809200708e-15	basement_membrane_score_z	TRUE		null_ieg_0225	ieg
null_ieg_0225_z	0.343084744860719	0.0672895848872542	207.27309517051	5.09863072324741	7.69770492551267e-07	bm_minus_fibrillar_z	TRUE		null_ieg_0225	ieg
null_ieg_0226_z	0.469558975662443	0.0626642084951207	209.210371388874	7.49325630912589	1.86392767800025e-12	basement_membrane_score_z	TRUE		null_ieg_0226	ieg
null_ieg_0226_z	0.245950372398112	0.0692152323577739	206.849808117325	3.55341395268015	0.000471049552183346	bm_minus_fibrillar_z	TRUE		null_ieg_0226	ieg
null_ieg_0227_z	0.430415812739874	0.0642149852085014	210.884512295952	6.70273163409359	1.83681969501446e-10	basement_membrane_score_z	TRUE		null_ieg_0227	ieg
null_ieg_0227_z	0.187273515676548	0.0703910766257186	204.681236038079	2.66047238732138	0.00842161265176488	bm_minus_fibrillar_z	TRUE		null_ieg_0227	ieg
null_ieg_0228_z	0.492584407966035	0.0620996399361162	210.479888288906	7.93216206201472	1.254309293172e-13	basement_membrane_score_z	TRUE		null_ieg_0228	ieg
null_ieg_0228_z	0.249757945490209	0.0695950289456186	207.462823694903	3.58873254705259	0.000414619680569682	bm_minus_fibrillar_z	TRUE		null_ieg_0228	ieg
null_ieg_0229_z	0.44191745657883	0.0635705783081694	210.706682572755	6.95160353011984	4.44842969504618e-11	basement_membrane_score_z	TRUE		null_ieg_0229	ieg
null_ieg_0229_z	0.181659271029096	0.0701798015766014	204.727129915053	2.58848367974957	0.0103310543498252	bm_minus_fibrillar_z	TRUE		null_ieg_0229	ieg
null_ieg_0230_z	0.351709797896523	0.0697984074681967	210.981784544922	5.03893728602301	1.00459030868602e-06	basement_membrane_score_z	TRUE		null_ieg_0230	ieg
null_ieg_0230_z	0.0869442500774006	0.0742346940196153	206.485483471797	1.17120776512431	0.242865036041882	bm_minus_fibrillar_z	TRUE		null_ieg_0230	ieg
null_ieg_0231_z	0.475006267081108	0.0629471362688143	210.123850823214	7.54611401307607	1.33887452073502e-12	basement_membrane_score_z	TRUE		null_ieg_0231	ieg
null_ieg_0231_z	0.268618019378273	0.069464140684337	209.292789480169	3.867002697103	0.000147067332435221	bm_minus_fibrillar_z	TRUE		null_ieg_0231	ieg
null_ieg_0232_z	0.495880111688128	0.0611797862916463	209.299546119445	8.10529329612642	4.35156144598835e-14	basement_membrane_score_z	TRUE		null_ieg_0232	ieg
null_ieg_0232_z	0.292161365951417	0.0679283045239529	207.434450307297	4.30102544144018	2.6169204663372e-05	bm_minus_fibrillar_z	TRUE		null_ieg_0232	ieg
null_ieg_0233_z	0.371155960960602	0.0693196736101457	210.822641209909	5.35426584735505	2.23727399245506e-07	basement_membrane_score_z	TRUE		null_ieg_0233	ieg
null_ieg_0233_z	0.114890963728323	0.0741357000753093	207.109482845749	1.54973870364229	0.122730949885698	bm_minus_fibrillar_z	TRUE		null_ieg_0233	ieg
null_ieg_0234_z	0.461859596243629	0.0635869063897072	209.716957818088	7.26343869307016	7.28396558856035e-12	basement_membrane_score_z	TRUE		null_ieg_0234	ieg
null_ieg_0234_z	0.227855932778855	0.0703159143605982	208.98781527296	3.24046035454152	0.00138856814317053	bm_minus_fibrillar_z	TRUE		null_ieg_0234	ieg
null_ieg_0235_z	0.495880111688128	0.0611797862916463	209.299546119445	8.10529329612642	4.35156144598835e-14	basement_membrane_score_z	TRUE		null_ieg_0235	ieg
null_ieg_0235_z	0.292161365951417	0.0679283045239529	207.434450307297	4.30102544144018	2.6169204663372e-05	bm_minus_fibrillar_z	TRUE		null_ieg_0235	ieg
null_ieg_0236_z	0.481048731081367	0.062312427640303	209.049727233312	7.71994848055365	4.73293524595466e-13	basement_membrane_score_z	TRUE		null_ieg_0236	ieg
null_ieg_0236_z	0.27362396209114	0.0689975911024922	210.547278361953	3.96570311686224	0.000100282024037537	bm_minus_fibrillar_z	TRUE		null_ieg_0236	ieg
null_ieg_0237_z	0.371155960960602	0.0693196736101457	210.822641209909	5.35426584735505	2.23727399245506e-07	basement_membrane_score_z	TRUE		null_ieg_0237	ieg
null_ieg_0237_z	0.114890963728323	0.0741357000753093	207.109482845749	1.54973870364229	0.122730949885698	bm_minus_fibrillar_z	TRUE		null_ieg_0237	ieg
null_ieg_0238_z	0.35449719535339	0.069802587067673	210.502303199173	5.07856814833679	8.36082874594166e-07	basement_membrane_score_z	TRUE		null_ieg_0238	ieg
null_ieg_0238_z	0.0963805954203393	0.0743495875398662	207.571974144212	1.29631647746075	0.196305850049066	bm_minus_fibrillar_z	TRUE		null_ieg_0238	ieg
null_ieg_0239_z	0.398246536380876	0.0695800995187402	208.505203536282	5.72356951391849	3.59759853607217e-08	basement_membrane_score_z	TRUE		null_ieg_0239	ieg
null_ieg_0239_z	0.18992703490147	0.0746057124756352	209.506356360275	2.54574386597403	0.0116234546486797	bm_minus_fibrillar_z	TRUE		null_ieg_0239	ieg
null_ieg_0240_z	0.417277489610885	0.0687893354983985	206.022084509862	6.06602006819211	6.18686521731902e-09	basement_membrane_score_z	TRUE		null_ieg_0240	ieg
null_ieg_0240_z	0.19326995339371	0.0743949672267255	210.721790467563	2.59789016110058	0.010041584592287	bm_minus_fibrillar_z	TRUE		null_ieg_0240	ieg
null_ieg_0241_z	0.514924733404506	0.0610759754845189	210.104218826799	8.43088840283894	5.47013809200708e-15	basement_membrane_score_z	TRUE		null_ieg_0241	ieg
null_ieg_0241_z	0.343084744860719	0.0672895848872542	207.27309517051	5.09863072324741	7.69770492551267e-07	bm_minus_fibrillar_z	TRUE		null_ieg_0241	ieg
null_ieg_0242_z	0.473352549262593	0.0620857675563399	209.447135011628	7.62417165629865	8.42788803632677e-13	basement_membrane_score_z	TRUE		null_ieg_0242	ieg
null_ieg_0242_z	0.279403897757749	0.0682575177649825	207.343351941453	4.09337911641858	6.08965442450121e-05	bm_minus_fibrillar_z	TRUE		null_ieg_0242	ieg
null_ieg_0243_z	0.502729357365575	0.0616795408351254	210.349101666673	8.15066634022801	3.21359082117069e-14	basement_membrane_score_z	TRUE		null_ieg_0243	ieg
null_ieg_0243_z	0.27954190183698	0.0690314582337276	208.543444270205	4.04948568362128	7.23655228455366e-05	bm_minus_fibrillar_z	TRUE		null_ieg_0243	ieg
null_ieg_0244_z	0.492584407966035	0.0620996399361162	210.479888288906	7.93216206201472	1.254309293172e-13	basement_membrane_score_z	TRUE		null_ieg_0244	ieg
null_ieg_0244_z	0.249757945490209	0.0695950289456186	207.462823694903	3.58873254705259	0.000414619680569682	bm_minus_fibrillar_z	TRUE		null_ieg_0244	ieg
null_ieg_0245_z	0.520445217368386	0.0603874385638392	210.113354343296	8.61843505447233	1.64122588527094e-15	basement_membrane_score_z	TRUE		null_ieg_0245	ieg
null_ieg_0245_z	0.35220646241214	0.0667571708741078	207.791966061713	5.2759345220956	3.30910293623801e-07	bm_minus_fibrillar_z	TRUE		null_ieg_0245	ieg
null_ieg_0246_z	0.48165857595815	0.0614609513273797	208.907309598447	7.83682265821974	2.31767625518718e-13	basement_membrane_score_z	TRUE		null_ieg_0246	ieg
null_ieg_0246_z	0.273455932530812	0.0680897082310319	207.172228694462	4.0161125614309	8.2728558388212e-05	bm_minus_fibrillar_z	TRUE		null_ieg_0246	ieg
null_ieg_0247_z	0.495880111688128	0.0611797862916463	209.299546119445	8.10529329612642	4.35156144598835e-14	basement_membrane_score_z	TRUE		null_ieg_0247	ieg
null_ieg_0247_z	0.292161365951417	0.0679283045239529	207.434450307297	4.30102544144018	2.6169204663372e-05	bm_minus_fibrillar_z	TRUE		null_ieg_0247	ieg
null_ieg_0248_z	0.473352549262593	0.0620857675563399	209.447135011628	7.62417165629865	8.42788803632677e-13	basement_membrane_score_z	TRUE		null_ieg_0248	ieg
null_ieg_0248_z	0.279403897757749	0.0682575177649825	207.343351941453	4.09337911641858	6.08965442450121e-05	bm_minus_fibrillar_z	TRUE		null_ieg_0248	ieg
null_ieg_0249_z	0.43698799371372	0.0636580382054365	210.991013541259	6.86461609613977	7.31160223325218e-11	basement_membrane_score_z	TRUE		null_ieg_0249	ieg
null_ieg_0249_z	0.197531180208792	0.0700245216299287	206.399235956492	2.82088582129444	0.00525651505798512	bm_minus_fibrillar_z	TRUE		null_ieg_0249	ieg
null_ieg_0250_z	0.48165857595815	0.0614609513273797	208.907309598447	7.83682265821974	2.31767625518718e-13	basement_membrane_score_z	TRUE		null_ieg_0250	ieg
null_ieg_0250_z	0.273455932530812	0.0680897082310319	207.172228694462	4.0161125614309	8.2728558388212e-05	bm_minus_fibrillar_z	TRUE		null_ieg_0250	ieg
null_ieg_0251_z	0.339303503627651	0.0703244978576269	210.979603072773	4.82482653931744	2.68400930617626e-06	basement_membrane_score_z	TRUE		null_ieg_0251	ieg
null_ieg_0251_z	0.04442784775919	0.0745277638614811	206.485135794618	0.596124792389646	0.551744782218226	bm_minus_fibrillar_z	TRUE		null_ieg_0251	ieg
null_ieg_0252_z	0.417277489610885	0.0687893354983985	206.022084509862	6.06602006819211	6.18686521731902e-09	basement_membrane_score_z	TRUE		null_ieg_0252	ieg
null_ieg_0252_z	0.19326995339371	0.0743949672267255	210.721790467563	2.59789016110058	0.010041584592287	bm_minus_fibrillar_z	TRUE		null_ieg_0252	ieg
null_ieg_0253_z	0.48165857595815	0.0614609513273797	208.907309598447	7.83682265821974	2.31767625518718e-13	basement_membrane_score_z	TRUE		null_ieg_0253	ieg
null_ieg_0253_z	0.273455932530812	0.0680897082310319	207.172228694462	4.0161125614309	8.2728558388212e-05	bm_minus_fibrillar_z	TRUE		null_ieg_0253	ieg
null_ieg_0254_z	0.335512586742614	0.0705541335981203	210.962384613092	4.75539234389454	3.66694768380497e-06	basement_membrane_score_z	TRUE		null_ieg_0254	ieg
null_ieg_0254_z	0.0926647130906034	0.0745719790748895	206.0961346505	1.24262107885784	0.215419451604862	bm_minus_fibrillar_z	TRUE		null_ieg_0254	ieg
null_ieg_0255_z	0.371155960960602	0.0693196736101457	210.822641209909	5.35426584735505	2.23727399245506e-07	basement_membrane_score_z	TRUE		null_ieg_0255	ieg
null_ieg_0255_z	0.114890963728323	0.0741357000753093	207.109482845749	1.54973870364229	0.122730949885698	bm_minus_fibrillar_z	TRUE		null_ieg_0255	ieg
null_ieg_0256_z	0.431690279087872	0.0681600105347307	208.749027039364	6.33348316265159	1.44698477706058e-09	basement_membrane_score_z	TRUE		null_ieg_0256	ieg
null_ieg_0256_z	0.167004472877081	0.0743569531378129	208.947491551192	2.24598327163239	0.0257515809543917	bm_minus_fibrillar_z	TRUE		null_ieg_0256	ieg
null_ieg_0257_z	0.485542828368719	0.0622803010991313	210.506829049322	7.79608993212609	2.90401394379428e-13	basement_membrane_score_z	TRUE		null_ieg_0257	ieg
null_ieg_0257_z	0.262564668194708	0.0693089125698008	209.067295236994	3.78832474005821	0.00019828160758013	bm_minus_fibrillar_z	TRUE		null_ieg_0257	ieg
null_ieg_0258_z	0.364479185865508	0.0692968329474305	210.984504235639	5.25968028209899	3.53273842988647e-07	basement_membrane_score_z	TRUE		null_ieg_0258	ieg
null_ieg_0258_z	0.0712510905889129	0.0740637261393577	205.880050055961	0.962024114947274	0.337166015971828	bm_minus_fibrillar_z	TRUE		null_ieg_0258	ieg
null_ieg_0259_z	0.417277489610885	0.0687893354983985	206.022084509862	6.06602006819211	6.18686521731902e-09	basement_membrane_score_z	TRUE		null_ieg_0259	ieg
null_ieg_0259_z	0.19326995339371	0.0743949672267255	210.721790467563	2.59789016110058	0.010041584592287	bm_minus_fibrillar_z	TRUE		null_ieg_0259	ieg
null_ieg_0260_z	0.432452867637059	0.0684353590312781	207.806376006627	6.31914369645387	1.57555696034154e-09	basement_membrane_score_z	TRUE		null_ieg_0260	ieg
null_ieg_0260_z	0.205714679620107	0.0742498635223422	209.986376899081	2.77057316823494	0.00609761143768652	bm_minus_fibrillar_z	TRUE		null_ieg_0260	ieg
null_ieg_0261_z	0.351709797896523	0.0697984074681967	210.981784544922	5.03893728602301	1.00459030868602e-06	basement_membrane_score_z	TRUE		null_ieg_0261	ieg
null_ieg_0261_z	0.0869442500774006	0.0742346940196153	206.485483471797	1.17120776512431	0.242865036041882	bm_minus_fibrillar_z	TRUE		null_ieg_0261	ieg
null_ieg_0262_z	0.482638359093782	0.0614791080017032	210.33373555211	7.85044505005523	2.08379187452955e-13	basement_membrane_score_z	TRUE		null_ieg_0262	ieg
null_ieg_0262_z	0.29002104038616	0.067927785355388	208.904804305137	4.26954947623883	2.97196855782469e-05	bm_minus_fibrillar_z	TRUE		null_ieg_0262	ieg
null_ieg_0263_z	0.335512586742614	0.0705541335981203	210.962384613092	4.75539234389454	3.66694768380497e-06	basement_membrane_score_z	TRUE		null_ieg_0263	ieg
null_ieg_0263_z	0.0926647130906034	0.0745719790748895	206.0961346505	1.24262107885784	0.215419451604862	bm_minus_fibrillar_z	TRUE		null_ieg_0263	ieg
null_ieg_0264_z	0.445695886505357	0.0635802380436167	210.799818421518	7.00997511521748	3.17127477339969e-11	basement_membrane_score_z	TRUE		null_ieg_0264	ieg
null_ieg_0264_z	0.164437939354783	0.0704040377076809	203.821622938308	2.33563222662787	0.0204825551371837	bm_minus_fibrillar_z	TRUE		null_ieg_0264	ieg
null_ieg_0265_z	0.339303503627651	0.0703244978576269	210.979603072773	4.82482653931744	2.68400930617626e-06	basement_membrane_score_z	TRUE		null_ieg_0265	ieg
null_ieg_0265_z	0.04442784775919	0.0745277638614811	206.485135794618	0.596124792389646	0.551744782218226	bm_minus_fibrillar_z	TRUE		null_ieg_0265	ieg
null_ieg_0266_z	0.417277489610885	0.0687893354983985	206.022084509862	6.06602006819211	6.18686521731902e-09	basement_membrane_score_z	TRUE		null_ieg_0266	ieg
null_ieg_0266_z	0.19326995339371	0.0743949672267255	210.721790467563	2.59789016110058	0.010041584592287	bm_minus_fibrillar_z	TRUE		null_ieg_0266	ieg
null_ieg_0267_z	0.48165857595815	0.0614609513273797	208.907309598447	7.83682265821974	2.31767625518718e-13	basement_membrane_score_z	TRUE		null_ieg_0267	ieg
null_ieg_0267_z	0.273455932530812	0.0680897082310319	207.172228694462	4.0161125614309	8.2728558388212e-05	bm_minus_fibrillar_z	TRUE		null_ieg_0267	ieg
null_ieg_0268_z	0.520445217368386	0.0603874385638392	210.113354343296	8.61843505447233	1.64122588527094e-15	basement_membrane_score_z	TRUE		null_ieg_0268	ieg
null_ieg_0268_z	0.35220646241214	0.0667571708741078	207.791966061713	5.2759345220956	3.30910293623801e-07	bm_minus_fibrillar_z	TRUE		null_ieg_0268	ieg
null_ieg_0269_z	0.475006267081108	0.0629471362688143	210.123850823214	7.54611401307607	1.33887452073502e-12	basement_membrane_score_z	TRUE		null_ieg_0269	ieg
null_ieg_0269_z	0.268618019378273	0.069464140684337	209.292789480169	3.867002697103	0.000147067332435221	bm_minus_fibrillar_z	TRUE		null_ieg_0269	ieg
null_ieg_0270_z	0.469558975662443	0.0626642084951207	209.210371388874	7.49325630912589	1.86392767800025e-12	basement_membrane_score_z	TRUE		null_ieg_0270	ieg
null_ieg_0270_z	0.245950372398112	0.0692152323577739	206.849808117325	3.55341395268015	0.000471049552183346	bm_minus_fibrillar_z	TRUE		null_ieg_0270	ieg
null_ieg_0271_z	0.43698799371372	0.0636580382054365	210.991013541259	6.86461609613977	7.31160223325218e-11	basement_membrane_score_z	TRUE		null_ieg_0271	ieg
null_ieg_0271_z	0.197531180208792	0.0700245216299287	206.399235956492	2.82088582129444	0.00525651505798512	bm_minus_fibrillar_z	TRUE		null_ieg_0271	ieg
null_ieg_0272_z	0.339303503627651	0.0703244978576269	210.979603072773	4.82482653931744	2.68400930617626e-06	basement_membrane_score_z	TRUE		null_ieg_0272	ieg
null_ieg_0272_z	0.04442784775919	0.0745277638614811	206.485135794618	0.596124792389646	0.551744782218226	bm_minus_fibrillar_z	TRUE		null_ieg_0272	ieg
null_ieg_0273_z	0.364479185865508	0.0692968329474305	210.984504235639	5.25968028209899	3.53273842988647e-07	basement_membrane_score_z	TRUE		null_ieg_0273	ieg
null_ieg_0273_z	0.0712510905889129	0.0740637261393577	205.880050055961	0.962024114947274	0.337166015971828	bm_minus_fibrillar_z	TRUE		null_ieg_0273	ieg
null_ieg_0274_z	0.35449719535339	0.069802587067673	210.502303199173	5.07856814833679	8.36082874594166e-07	basement_membrane_score_z	TRUE		null_ieg_0274	ieg
null_ieg_0274_z	0.0963805954203393	0.0743495875398662	207.571974144212	1.29631647746075	0.196305850049066	bm_minus_fibrillar_z	TRUE		null_ieg_0274	ieg
null_ieg_0275_z	0.440857633614277	0.0641940483279189	210.81864051447	6.86757799355897	7.20100401535388e-11	basement_membrane_score_z	TRUE		null_ieg_0275	ieg
null_ieg_0275_z	0.184106918203905	0.0706215121288512	204.885929115192	2.60695236697844	0.00980676884623707	bm_minus_fibrillar_z	TRUE		null_ieg_0275	ieg
null_ieg_0276_z	0.497684998249111	0.0613582426911358	210.513812131872	8.11113513720317	4.10674603463615e-14	basement_membrane_score_z	TRUE		null_ieg_0276	ieg
null_ieg_0276_z	0.34244875769807	0.0671324559415683	207.705536200616	5.10109086424807	7.59744280774133e-07	bm_minus_fibrillar_z	TRUE		null_ieg_0276	ieg
null_ieg_0277_z	0.432452867637059	0.0684353590312781	207.806376006627	6.31914369645387	1.57555696034154e-09	basement_membrane_score_z	TRUE		null_ieg_0277	ieg
null_ieg_0277_z	0.205714679620107	0.0742498635223422	209.986376899081	2.77057316823494	0.00609761143768652	bm_minus_fibrillar_z	TRUE		null_ieg_0277	ieg
null_ieg_0278_z	0.520445217368386	0.0603874385638392	210.113354343296	8.61843505447233	1.64122588527094e-15	basement_membrane_score_z	TRUE		null_ieg_0278	ieg
null_ieg_0278_z	0.35220646241214	0.0667571708741078	207.791966061713	5.2759345220956	3.30910293623801e-07	bm_minus_fibrillar_z	TRUE		null_ieg_0278	ieg
null_ieg_0279_z	0.497684998249111	0.0613582426911358	210.513812131872	8.11113513720317	4.10674603463615e-14	basement_membrane_score_z	TRUE		null_ieg_0279	ieg
null_ieg_0279_z	0.34244875769807	0.0671324559415683	207.705536200616	5.10109086424807	7.59744280774133e-07	bm_minus_fibrillar_z	TRUE		null_ieg_0279	ieg
null_ieg_0280_z	0.502729357365575	0.0616795408351254	210.349101666673	8.15066634022801	3.21359082117069e-14	basement_membrane_score_z	TRUE		null_ieg_0280	ieg
null_ieg_0280_z	0.27954190183698	0.0690314582337276	208.543444270205	4.04948568362128	7.23655228455366e-05	bm_minus_fibrillar_z	TRUE		null_ieg_0280	ieg
null_ieg_0281_z	0.486988735310773	0.0618872513682195	208.372219850838	7.86896694463397	1.91788712189275e-13	basement_membrane_score_z	TRUE		null_ieg_0281	ieg
null_ieg_0281_z	0.279409359276747	0.0683659356022485	205.981860586922	4.08696753456786	6.26141753731402e-05	bm_minus_fibrillar_z	TRUE		null_ieg_0281	ieg
null_ieg_0282_z	0.331851079918328	0.070868025453932	210.9418816397	4.68266298930608	5.06651742393614e-06	basement_membrane_score_z	TRUE		null_ieg_0282	ieg
null_ieg_0282_z	0.0897408150360121	0.0747960272847275	206.777987834516	1.19980723968659	0.231587106977388	bm_minus_fibrillar_z	TRUE		null_ieg_0282	ieg
null_ieg_0283_z	0.514924733404506	0.0610759754845189	210.104218826799	8.43088840283894	5.47013809200708e-15	basement_membrane_score_z	TRUE		null_ieg_0283	ieg
null_ieg_0283_z	0.343084744860719	0.0672895848872542	207.27309517051	5.09863072324741	7.69770492551267e-07	bm_minus_fibrillar_z	TRUE		null_ieg_0283	ieg
null_ieg_0284_z	0.461859596243629	0.0635869063897072	209.716957818088	7.26343869307016	7.28396558856035e-12	basement_membrane_score_z	TRUE		null_ieg_0284	ieg
null_ieg_0284_z	0.227855932778855	0.0703159143605982	208.98781527296	3.24046035454152	0.00138856814317053	bm_minus_fibrillar_z	TRUE		null_ieg_0284	ieg
null_ieg_0285_z	0.461859596243629	0.0635869063897072	209.716957818088	7.26343869307016	7.28396558856035e-12	basement_membrane_score_z	TRUE		null_ieg_0285	ieg
null_ieg_0285_z	0.227855932778855	0.0703159143605982	208.98781527296	3.24046035454152	0.00138856814317053	bm_minus_fibrillar_z	TRUE		null_ieg_0285	ieg
null_ieg_0286_z	0.475006267081108	0.0629471362688143	210.123850823214	7.54611401307607	1.33887452073502e-12	basement_membrane_score_z	TRUE		null_ieg_0286	ieg
null_ieg_0286_z	0.268618019378273	0.069464140684337	209.292789480169	3.867002697103	0.000147067332435221	bm_minus_fibrillar_z	TRUE		null_ieg_0286	ieg
null_ieg_0287_z	0.492584407966035	0.0620996399361162	210.479888288906	7.93216206201472	1.254309293172e-13	basement_membrane_score_z	TRUE		null_ieg_0287	ieg
null_ieg_0287_z	0.249757945490209	0.0695950289456186	207.462823694903	3.58873254705259	0.000414619680569682	bm_minus_fibrillar_z	TRUE		null_ieg_0287	ieg
null_ieg_0288_z	0.514924733404506	0.0610759754845189	210.104218826799	8.43088840283894	5.47013809200708e-15	basement_membrane_score_z	TRUE		null_ieg_0288	ieg
null_ieg_0288_z	0.343084744860719	0.0672895848872542	207.27309517051	5.09863072324741	7.69770492551267e-07	bm_minus_fibrillar_z	TRUE		null_ieg_0288	ieg
null_ieg_0289_z	0.475006267081108	0.0629471362688143	210.123850823214	7.54611401307607	1.33887452073502e-12	basement_membrane_score_z	TRUE		null_ieg_0289	ieg
null_ieg_0289_z	0.268618019378273	0.069464140684337	209.292789480169	3.867002697103	0.000147067332435221	bm_minus_fibrillar_z	TRUE		null_ieg_0289	ieg
null_ieg_0290_z	0.520445217368386	0.0603874385638392	210.113354343296	8.61843505447233	1.64122588527094e-15	basement_membrane_score_z	TRUE		null_ieg_0290	ieg
null_ieg_0290_z	0.35220646241214	0.0667571708741078	207.791966061713	5.2759345220956	3.30910293623801e-07	bm_minus_fibrillar_z	TRUE		null_ieg_0290	ieg
null_ieg_0291_z	0.492584407966035	0.0620996399361162	210.479888288906	7.93216206201472	1.254309293172e-13	basement_membrane_score_z	TRUE		null_ieg_0291	ieg
null_ieg_0291_z	0.249757945490209	0.0695950289456186	207.462823694903	3.58873254705259	0.000414619680569682	bm_minus_fibrillar_z	TRUE		null_ieg_0291	ieg
null_ieg_0292_z	0.461859596243629	0.0635869063897072	209.716957818088	7.26343869307016	7.28396558856035e-12	basement_membrane_score_z	TRUE		null_ieg_0292	ieg
null_ieg_0292_z	0.227855932778855	0.0703159143605982	208.98781527296	3.24046035454152	0.00138856814317053	bm_minus_fibrillar_z	TRUE		null_ieg_0292	ieg
null_ieg_0293_z	0.371155960960602	0.0693196736101457	210.822641209909	5.35426584735505	2.23727399245506e-07	basement_membrane_score_z	TRUE		null_ieg_0293	ieg
null_ieg_0293_z	0.114890963728323	0.0741357000753093	207.109482845749	1.54973870364229	0.122730949885698	bm_minus_fibrillar_z	TRUE		null_ieg_0293	ieg
null_ieg_0294_z	0.398246536380876	0.0695800995187402	208.505203536282	5.72356951391849	3.59759853607217e-08	basement_membrane_score_z	TRUE		null_ieg_0294	ieg
null_ieg_0294_z	0.18992703490147	0.0746057124756352	209.506356360275	2.54574386597403	0.0116234546486797	bm_minus_fibrillar_z	TRUE		null_ieg_0294	ieg
null_ieg_0295_z	0.40267552906296	0.0694196218167027	208.214471234613	5.80060101920742	2.43072721563934e-08	basement_membrane_score_z	TRUE		null_ieg_0295	ieg
null_ieg_0295_z	0.135073319425526	0.0750360487055245	209.575251232678	1.80011236939747	0.0732809821684438	bm_minus_fibrillar_z	TRUE		null_ieg_0295	ieg
null_ieg_0296_z	0.486988735310773	0.0618872513682195	208.372219850838	7.86896694463397	1.91788712189275e-13	basement_membrane_score_z	TRUE		null_ieg_0296	ieg
null_ieg_0296_z	0.279409359276747	0.0683659356022485	205.981860586922	4.08696753456786	6.26141753731402e-05	bm_minus_fibrillar_z	TRUE		null_ieg_0296	ieg
null_ieg_0297_z	0.371155960960602	0.0693196736101457	210.822641209909	5.35426584735505	2.23727399245506e-07	basement_membrane_score_z	TRUE		null_ieg_0297	ieg
null_ieg_0297_z	0.114890963728323	0.0741357000753093	207.109482845749	1.54973870364229	0.122730949885698	bm_minus_fibrillar_z	TRUE		null_ieg_0297	ieg
null_ieg_0298_z	0.482638359093782	0.0614791080017032	210.33373555211	7.85044505005523	2.08379187452955e-13	basement_membrane_score_z	TRUE		null_ieg_0298	ieg
null_ieg_0298_z	0.29002104038616	0.067927785355388	208.904804305137	4.26954947623883	2.97196855782469e-05	bm_minus_fibrillar_z	TRUE		null_ieg_0298	ieg
null_ieg_0299_z	0.495880111688128	0.0611797862916463	209.299546119445	8.10529329612642	4.35156144598835e-14	basement_membrane_score_z	TRUE		null_ieg_0299	ieg
null_ieg_0299_z	0.292161365951417	0.0679283045239529	207.434450307297	4.30102544144018	2.6169204663372e-05	bm_minus_fibrillar_z	TRUE		null_ieg_0299	ieg
null_ieg_0300_z	0.473352549262593	0.0620857675563399	209.447135011628	7.62417165629865	8.42788803632677e-13	basement_membrane_score_z	TRUE		null_ieg_0300	ieg
null_ieg_0300_z	0.279403897757749	0.0682575177649825	207.343351941453	4.09337911641858	6.08965442450121e-05	bm_minus_fibrillar_z	TRUE		null_ieg_0300	ieg
null_ieg_0301_z	0.430415812739874	0.0642149852085014	210.884512295952	6.70273163409359	1.83681969501446e-10	basement_membrane_score_z	TRUE		null_ieg_0301	ieg
null_ieg_0301_z	0.187273515676548	0.0703910766257186	204.681236038079	2.66047238732138	0.00842161265176488	bm_minus_fibrillar_z	TRUE		null_ieg_0301	ieg
null_ieg_0302_z	0.499437069429391	0.0617886822322538	210.73067413392	8.08298625874697	4.88043907232214e-14	basement_membrane_score_z	TRUE		null_ieg_0302	ieg
null_ieg_0302_z	0.309553069189391	0.068311359147578	207.8030828497	4.53150212573931	9.87480848611047e-06	bm_minus_fibrillar_z	TRUE		null_ieg_0302	ieg
null_ieg_0303_z	0.481048731081367	0.062312427640303	209.049727233312	7.71994848055365	4.73293524595466e-13	basement_membrane_score_z	TRUE		null_ieg_0303	ieg
null_ieg_0303_z	0.27362396209114	0.0689975911024922	210.547278361953	3.96570311686224	0.000100282024037537	bm_minus_fibrillar_z	TRUE		null_ieg_0303	ieg
null_ieg_0304_z	0.371155960960602	0.0693196736101457	210.822641209909	5.35426584735505	2.23727399245506e-07	basement_membrane_score_z	TRUE		null_ieg_0304	ieg
null_ieg_0304_z	0.114890963728323	0.0741357000753093	207.109482845749	1.54973870364229	0.122730949885698	bm_minus_fibrillar_z	TRUE		null_ieg_0304	ieg
null_ieg_0305_z	0.475006267081108	0.0629471362688143	210.123850823214	7.54611401307607	1.33887452073502e-12	basement_membrane_score_z	TRUE		null_ieg_0305	ieg
null_ieg_0305_z	0.268618019378273	0.069464140684337	209.292789480169	3.867002697103	0.000147067332435221	bm_minus_fibrillar_z	TRUE		null_ieg_0305	ieg
null_ieg_0306_z	0.502729357365575	0.0616795408351254	210.349101666673	8.15066634022801	3.21359082117069e-14	basement_membrane_score_z	TRUE		null_ieg_0306	ieg
null_ieg_0306_z	0.27954190183698	0.0690314582337276	208.543444270205	4.04948568362128	7.23655228455366e-05	bm_minus_fibrillar_z	TRUE		null_ieg_0306	ieg
null_ieg_0307_z	0.430415812739874	0.0642149852085014	210.884512295952	6.70273163409359	1.83681969501446e-10	basement_membrane_score_z	TRUE		null_ieg_0307	ieg
null_ieg_0307_z	0.187273515676548	0.0703910766257186	204.681236038079	2.66047238732138	0.00842161265176488	bm_minus_fibrillar_z	TRUE		null_ieg_0307	ieg
null_ieg_0308_z	0.461859596243629	0.0635869063897072	209.716957818088	7.26343869307016	7.28396558856035e-12	basement_membrane_score_z	TRUE		null_ieg_0308	ieg
null_ieg_0308_z	0.227855932778855	0.0703159143605982	208.98781527296	3.24046035454152	0.00138856814317053	bm_minus_fibrillar_z	TRUE		null_ieg_0308	ieg
null_ieg_0309_z	0.417416386836421	0.0688228614518456	208.699152099118	6.06508328818151	6.1073775525094e-09	basement_membrane_score_z	TRUE		null_ieg_0309	ieg
null_ieg_0309_z	0.183829161642606	0.0744537010490449	209.556793861879	2.46903994096294	0.0143474244278224	bm_minus_fibrillar_z	TRUE		null_ieg_0309	ieg
null_ieg_0310_z	0.514924733404506	0.0610759754845189	210.104218826799	8.43088840283894	5.47013809200708e-15	basement_membrane_score_z	TRUE		null_ieg_0310	ieg
null_ieg_0310_z	0.343084744860719	0.0672895848872542	207.27309517051	5.09863072324741	7.69770492551267e-07	bm_minus_fibrillar_z	TRUE		null_ieg_0310	ieg
null_ieg_0311_z	0.475006267081108	0.0629471362688143	210.123850823214	7.54611401307607	1.33887452073502e-12	basement_membrane_score_z	TRUE		null_ieg_0311	ieg
null_ieg_0311_z	0.268618019378273	0.069464140684337	209.292789480169	3.867002697103	0.000147067332435221	bm_minus_fibrillar_z	TRUE		null_ieg_0311	ieg
null_ieg_0312_z	0.417416386836421	0.0688228614518456	208.699152099118	6.06508328818151	6.1073775525094e-09	basement_membrane_score_z	TRUE		null_ieg_0312	ieg
null_ieg_0312_z	0.183829161642606	0.0744537010490449	209.556793861879	2.46903994096294	0.0143474244278224	bm_minus_fibrillar_z	TRUE		null_ieg_0312	ieg
null_ieg_0313_z	0.35449719535339	0.069802587067673	210.502303199173	5.07856814833679	8.36082874594166e-07	basement_membrane_score_z	TRUE		null_ieg_0313	ieg
null_ieg_0313_z	0.0963805954203393	0.0743495875398662	207.571974144212	1.29631647746075	0.196305850049066	bm_minus_fibrillar_z	TRUE		null_ieg_0313	ieg
null_ieg_0314_z	0.398246536380876	0.0695800995187402	208.505203536282	5.72356951391849	3.59759853607217e-08	basement_membrane_score_z	TRUE		null_ieg_0314	ieg
null_ieg_0314_z	0.18992703490147	0.0746057124756352	209.506356360275	2.54574386597403	0.0116234546486797	bm_minus_fibrillar_z	TRUE		null_ieg_0314	ieg
null_ieg_0315_z	0.445695886505357	0.0635802380436167	210.799818421518	7.00997511521748	3.17127477339969e-11	basement_membrane_score_z	TRUE		null_ieg_0315	ieg
null_ieg_0315_z	0.164437939354783	0.0704040377076809	203.821622938308	2.33563222662787	0.0204825551371837	bm_minus_fibrillar_z	TRUE		null_ieg_0315	ieg
null_ieg_0316_z	0.473352549262593	0.0620857675563399	209.447135011628	7.62417165629865	8.42788803632677e-13	basement_membrane_score_z	TRUE		null_ieg_0316	ieg
null_ieg_0316_z	0.279403897757749	0.0682575177649825	207.343351941453	4.09337911641858	6.08965442450121e-05	bm_minus_fibrillar_z	TRUE		null_ieg_0316	ieg
null_ieg_0317_z	0.35449719535339	0.069802587067673	210.502303199173	5.07856814833679	8.36082874594166e-07	basement_membrane_score_z	TRUE		null_ieg_0317	ieg
null_ieg_0317_z	0.0963805954203393	0.0743495875398662	207.571974144212	1.29631647746075	0.196305850049066	bm_minus_fibrillar_z	TRUE		null_ieg_0317	ieg
null_ieg_0318_z	0.351709797896523	0.0697984074681967	210.981784544922	5.03893728602301	1.00459030868602e-06	basement_membrane_score_z	TRUE		null_ieg_0318	ieg
null_ieg_0318_z	0.0869442500774006	0.0742346940196153	206.485483471797	1.17120776512431	0.242865036041882	bm_minus_fibrillar_z	TRUE		null_ieg_0318	ieg
null_ieg_0319_z	0.492584407966035	0.0620996399361162	210.479888288906	7.93216206201472	1.254309293172e-13	basement_membrane_score_z	TRUE		null_ieg_0319	ieg
null_ieg_0319_z	0.249757945490209	0.0695950289456186	207.462823694903	3.58873254705259	0.000414619680569682	bm_minus_fibrillar_z	TRUE		null_ieg_0319	ieg
null_ieg_0320_z	0.497684998249111	0.0613582426911358	210.513812131872	8.11113513720317	4.10674603463615e-14	basement_membrane_score_z	TRUE		null_ieg_0320	ieg
null_ieg_0320_z	0.34244875769807	0.0671324559415683	207.705536200616	5.10109086424807	7.59744280774133e-07	bm_minus_fibrillar_z	TRUE		null_ieg_0320	ieg
null_ieg_0321_z	0.432452867637059	0.0684353590312781	207.806376006627	6.31914369645387	1.57555696034154e-09	basement_membrane_score_z	TRUE		null_ieg_0321	ieg
null_ieg_0321_z	0.205714679620107	0.0742498635223422	209.986376899081	2.77057316823494	0.00609761143768652	bm_minus_fibrillar_z	TRUE		null_ieg_0321	ieg
null_ieg_0322_z	0.514924733404506	0.0610759754845189	210.104218826799	8.43088840283894	5.47013809200708e-15	basement_membrane_score_z	TRUE		null_ieg_0322	ieg
null_ieg_0322_z	0.343084744860719	0.0672895848872542	207.27309517051	5.09863072324741	7.69770492551267e-07	bm_minus_fibrillar_z	TRUE		null_ieg_0322	ieg
null_ieg_0323_z	0.475006267081108	0.0629471362688143	210.123850823214	7.54611401307607	1.33887452073502e-12	basement_membrane_score_z	TRUE		null_ieg_0323	ieg
null_ieg_0323_z	0.268618019378273	0.069464140684337	209.292789480169	3.867002697103	0.000147067332435221	bm_minus_fibrillar_z	TRUE		null_ieg_0323	ieg
null_ieg_0324_z	0.398246536380876	0.0695800995187402	208.505203536282	5.72356951391849	3.59759853607217e-08	basement_membrane_score_z	TRUE		null_ieg_0324	ieg
null_ieg_0324_z	0.18992703490147	0.0746057124756352	209.506356360275	2.54574386597403	0.0116234546486797	bm_minus_fibrillar_z	TRUE		null_ieg_0324	ieg
null_ieg_0325_z	0.461859596243629	0.0635869063897072	209.716957818088	7.26343869307016	7.28396558856035e-12	basement_membrane_score_z	TRUE		null_ieg_0325	ieg
null_ieg_0325_z	0.227855932778855	0.0703159143605982	208.98781527296	3.24046035454152	0.00138856814317053	bm_minus_fibrillar_z	TRUE		null_ieg_0325	ieg
null_ieg_0326_z	0.371155960960602	0.0693196736101457	210.822641209909	5.35426584735505	2.23727399245506e-07	basement_membrane_score_z	TRUE		null_ieg_0326	ieg
null_ieg_0326_z	0.114890963728323	0.0741357000753093	207.109482845749	1.54973870364229	0.122730949885698	bm_minus_fibrillar_z	TRUE		null_ieg_0326	ieg
null_ieg_0327_z	0.427293198322515	0.0642800011827383	210.848031213913	6.64737384039221	2.50912657101777e-10	basement_membrane_score_z	TRUE		null_ieg_0327	ieg
null_ieg_0327_z	0.142261866733661	0.070714200879998	204.719630982339	2.01178638750481	0.0455533066453832	bm_minus_fibrillar_z	TRUE		null_ieg_0327	ieg
null_ieg_0328_z	0.417277489610885	0.0687893354983985	206.022084509862	6.06602006819211	6.18686521731902e-09	basement_membrane_score_z	TRUE		null_ieg_0328	ieg
null_ieg_0328_z	0.19326995339371	0.0743949672267255	210.721790467563	2.59789016110058	0.010041584592287	bm_minus_fibrillar_z	TRUE		null_ieg_0328	ieg
null_ieg_0329_z	0.495880111688128	0.0611797862916463	209.299546119445	8.10529329612642	4.35156144598835e-14	basement_membrane_score_z	TRUE		null_ieg_0329	ieg
null_ieg_0329_z	0.292161365951417	0.0679283045239529	207.434450307297	4.30102544144018	2.6169204663372e-05	bm_minus_fibrillar_z	TRUE		null_ieg_0329	ieg
null_ieg_0330_z	0.486823846906525	0.0628755672423128	209.834758182515	7.74265534703456	4.07131263873176e-13	basement_membrane_score_z	TRUE		null_ieg_0330	ieg
null_ieg_0330_z	0.265739349481017	0.0698531113185438	209.441131586059	3.80425931594075	0.000186633618627377	bm_minus_fibrillar_z	TRUE		null_ieg_0330	ieg
null_ieg_0331_z	0.432452867637059	0.0684353590312781	207.806376006627	6.31914369645387	1.57555696034154e-09	basement_membrane_score_z	TRUE		null_ieg_0331	ieg
null_ieg_0331_z	0.205714679620107	0.0742498635223422	209.986376899081	2.77057316823494	0.00609761143768652	bm_minus_fibrillar_z	TRUE		null_ieg_0331	ieg
null_ieg_0332_z	0.503160733680175	0.0609391887962706	209.175154084139	8.25676783067004	1.68269942223993e-14	basement_membrane_score_z	TRUE		null_ieg_0332	ieg
null_ieg_0332_z	0.278028272939194	0.0682526731020926	207.200814720968	4.07351478415092	6.59258503682027e-05	bm_minus_fibrillar_z	TRUE		null_ieg_0332	ieg
null_ieg_0333_z	0.417277489610885	0.0687893354983985	206.022084509862	6.06602006819211	6.18686521731902e-09	basement_membrane_score_z	TRUE		null_ieg_0333	ieg
null_ieg_0333_z	0.19326995339371	0.0743949672267255	210.721790467563	2.59789016110058	0.010041584592287	bm_minus_fibrillar_z	TRUE		null_ieg_0333	ieg
null_ieg_0334_z	0.502729357365575	0.0616795408351254	210.349101666673	8.15066634022801	3.21359082117069e-14	basement_membrane_score_z	TRUE		null_ieg_0334	ieg
null_ieg_0334_z	0.27954190183698	0.0690314582337276	208.543444270205	4.04948568362128	7.23655228455366e-05	bm_minus_fibrillar_z	TRUE		null_ieg_0334	ieg
null_ieg_0335_z	0.335512586742614	0.0705541335981203	210.962384613092	4.75539234389454	3.66694768380497e-06	basement_membrane_score_z	TRUE		null_ieg_0335	ieg
null_ieg_0335_z	0.0926647130906034	0.0745719790748895	206.0961346505	1.24262107885784	0.215419451604862	bm_minus_fibrillar_z	TRUE		null_ieg_0335	ieg
null_ieg_0336_z	0.495880111688128	0.0611797862916463	209.299546119445	8.10529329612642	4.35156144598835e-14	basement_membrane_score_z	TRUE		null_ieg_0336	ieg
null_ieg_0336_z	0.292161365951417	0.0679283045239529	207.434450307297	4.30102544144018	2.6169204663372e-05	bm_minus_fibrillar_z	TRUE		null_ieg_0336	ieg
null_ieg_0337_z	0.497684998249111	0.0613582426911358	210.513812131872	8.11113513720317	4.10674603463615e-14	basement_membrane_score_z	TRUE		null_ieg_0337	ieg
null_ieg_0337_z	0.34244875769807	0.0671324559415683	207.705536200616	5.10109086424807	7.59744280774133e-07	bm_minus_fibrillar_z	TRUE		null_ieg_0337	ieg
null_ieg_0338_z	0.445695886505357	0.0635802380436167	210.799818421518	7.00997511521748	3.17127477339969e-11	basement_membrane_score_z	TRUE		null_ieg_0338	ieg
null_ieg_0338_z	0.164437939354783	0.0704040377076809	203.821622938308	2.33563222662787	0.0204825551371837	bm_minus_fibrillar_z	TRUE		null_ieg_0338	ieg
null_ieg_0339_z	0.460031596256033	0.0629868936403406	210.708866235492	7.30360825353359	5.67292539680668e-12	basement_membrane_score_z	TRUE		null_ieg_0339	ieg
null_ieg_0339_z	0.205401793901582	0.0699486652344687	202.483904917689	2.9364648090578	0.00370397795867436	bm_minus_fibrillar_z	TRUE		null_ieg_0339	ieg
null_ieg_0340_z	0.460031596256033	0.0629868936403406	210.708866235492	7.30360825353359	5.67292539680668e-12	basement_membrane_score_z	TRUE		null_ieg_0340	ieg
null_ieg_0340_z	0.205401793901582	0.0699486652344687	202.483904917689	2.9364648090578	0.00370397795867436	bm_minus_fibrillar_z	TRUE		null_ieg_0340	ieg
null_ieg_0341_z	0.430415812739874	0.0642149852085014	210.884512295952	6.70273163409359	1.83681969501446e-10	basement_membrane_score_z	TRUE		null_ieg_0341	ieg
null_ieg_0341_z	0.187273515676548	0.0703910766257186	204.681236038079	2.66047238732138	0.00842161265176488	bm_minus_fibrillar_z	TRUE		null_ieg_0341	ieg
null_ieg_0342_z	0.440857633614277	0.0641940483279189	210.81864051447	6.86757799355897	7.20100401535388e-11	basement_membrane_score_z	TRUE		null_ieg_0342	ieg
null_ieg_0342_z	0.184106918203905	0.0706215121288512	204.885929115192	2.60695236697844	0.00980676884623707	bm_minus_fibrillar_z	TRUE		null_ieg_0342	ieg
null_ieg_0343_z	0.460031596256033	0.0629868936403406	210.708866235492	7.30360825353359	5.67292539680668e-12	basement_membrane_score_z	TRUE		null_ieg_0343	ieg
null_ieg_0343_z	0.205401793901582	0.0699486652344687	202.483904917689	2.9364648090578	0.00370397795867436	bm_minus_fibrillar_z	TRUE		null_ieg_0343	ieg
null_ieg_0344_z	0.499437069429391	0.0617886822322538	210.73067413392	8.08298625874697	4.88043907232214e-14	basement_membrane_score_z	TRUE		null_ieg_0344	ieg
null_ieg_0344_z	0.309553069189391	0.068311359147578	207.8030828497	4.53150212573931	9.87480848611047e-06	bm_minus_fibrillar_z	TRUE		null_ieg_0344	ieg
null_ieg_0345_z	0.481048731081367	0.062312427640303	209.049727233312	7.71994848055365	4.73293524595466e-13	basement_membrane_score_z	TRUE		null_ieg_0345	ieg
null_ieg_0345_z	0.27362396209114	0.0689975911024922	210.547278361953	3.96570311686224	0.000100282024037537	bm_minus_fibrillar_z	TRUE		null_ieg_0345	ieg
null_ieg_0346_z	0.508634562852733	0.0606336610864736	210.959793184883	8.38865002935145	7.04267930777327e-15	basement_membrane_score_z	TRUE		null_ieg_0346	ieg
null_ieg_0346_z	0.34950340643878	0.066754792988074	209.406961725226	5.23563014420882	3.98922816554372e-07	bm_minus_fibrillar_z	TRUE		null_ieg_0346	ieg
null_ieg_0347_z	0.499437069429391	0.0617886822322538	210.73067413392	8.08298625874697	4.88043907232214e-14	basement_membrane_score_z	TRUE		null_ieg_0347	ieg
null_ieg_0347_z	0.309553069189391	0.068311359147578	207.8030828497	4.53150212573931	9.87480848611047e-06	bm_minus_fibrillar_z	TRUE		null_ieg_0347	ieg
null_ieg_0348_z	0.482638359093782	0.0614791080017032	210.33373555211	7.85044505005523	2.08379187452955e-13	basement_membrane_score_z	TRUE		null_ieg_0348	ieg
null_ieg_0348_z	0.29002104038616	0.067927785355388	208.904804305137	4.26954947623883	2.97196855782469e-05	bm_minus_fibrillar_z	TRUE		null_ieg_0348	ieg
null_ieg_0349_z	0.499437069429391	0.0617886822322538	210.73067413392	8.08298625874697	4.88043907232214e-14	basement_membrane_score_z	TRUE		null_ieg_0349	ieg
null_ieg_0349_z	0.309553069189391	0.068311359147578	207.8030828497	4.53150212573931	9.87480848611047e-06	bm_minus_fibrillar_z	TRUE		null_ieg_0349	ieg
null_ieg_0350_z	0.508634562852733	0.0606336610864736	210.959793184883	8.38865002935145	7.04267930777327e-15	basement_membrane_score_z	TRUE		null_ieg_0350	ieg
null_ieg_0350_z	0.34950340643878	0.066754792988074	209.406961725226	5.23563014420882	3.98922816554372e-07	bm_minus_fibrillar_z	TRUE		null_ieg_0350	ieg
null_ieg_0351_z	0.532468011114989	0.0599089731192829	210.281747675125	8.88795089267861	2.83934947400888e-16	basement_membrane_score_z	TRUE		null_ieg_0351	ieg
null_ieg_0351_z	0.344774663763521	0.067060160196657	206.71065313567	5.14127408512675	6.31134237091996e-07	bm_minus_fibrillar_z	TRUE		null_ieg_0351	ieg
null_ieg_0352_z	0.445695886505357	0.0635802380436167	210.799818421518	7.00997511521748	3.17127477339969e-11	basement_membrane_score_z	TRUE		null_ieg_0352	ieg
null_ieg_0352_z	0.164437939354783	0.0704040377076809	203.821622938308	2.33563222662787	0.0204825551371837	bm_minus_fibrillar_z	TRUE		null_ieg_0352	ieg
null_ieg_0353_z	0.508634562852733	0.0606336610864736	210.959793184883	8.38865002935145	7.04267930777327e-15	basement_membrane_score_z	TRUE		null_ieg_0353	ieg
null_ieg_0353_z	0.34950340643878	0.066754792988074	209.406961725226	5.23563014420882	3.98922816554372e-07	bm_minus_fibrillar_z	TRUE		null_ieg_0353	ieg
null_ieg_0354_z	0.331851079918328	0.070868025453932	210.9418816397	4.68266298930608	5.06651742393614e-06	basement_membrane_score_z	TRUE		null_ieg_0354	ieg
null_ieg_0354_z	0.0897408150360121	0.0747960272847275	206.777987834516	1.19980723968659	0.231587106977388	bm_minus_fibrillar_z	TRUE		null_ieg_0354	ieg
null_ieg_0355_z	0.461859596243629	0.0635869063897072	209.716957818088	7.26343869307016	7.28396558856035e-12	basement_membrane_score_z	TRUE		null_ieg_0355	ieg
null_ieg_0355_z	0.227855932778855	0.0703159143605982	208.98781527296	3.24046035454152	0.00138856814317053	bm_minus_fibrillar_z	TRUE		null_ieg_0355	ieg
null_ieg_0356_z	0.339303503627651	0.0703244978576269	210.979603072773	4.82482653931744	2.68400930617626e-06	basement_membrane_score_z	TRUE		null_ieg_0356	ieg
null_ieg_0356_z	0.04442784775919	0.0745277638614811	206.485135794618	0.596124792389646	0.551744782218226	bm_minus_fibrillar_z	TRUE		null_ieg_0356	ieg
null_ieg_0357_z	0.460031596256033	0.0629868936403406	210.708866235492	7.30360825353359	5.67292539680668e-12	basement_membrane_score_z	TRUE		null_ieg_0357	ieg
null_ieg_0357_z	0.205401793901582	0.0699486652344687	202.483904917689	2.9364648090578	0.00370397795867436	bm_minus_fibrillar_z	TRUE		null_ieg_0357	ieg
null_ieg_0358_z	0.497684998249111	0.0613582426911358	210.513812131872	8.11113513720317	4.10674603463615e-14	basement_membrane_score_z	TRUE		null_ieg_0358	ieg
null_ieg_0358_z	0.34244875769807	0.0671324559415683	207.705536200616	5.10109086424807	7.59744280774133e-07	bm_minus_fibrillar_z	TRUE		null_ieg_0358	ieg
null_ieg_0359_z	0.475006267081108	0.0629471362688143	210.123850823214	7.54611401307607	1.33887452073502e-12	basement_membrane_score_z	TRUE		null_ieg_0359	ieg
null_ieg_0359_z	0.268618019378273	0.069464140684337	209.292789480169	3.867002697103	0.000147067332435221	bm_minus_fibrillar_z	TRUE		null_ieg_0359	ieg
null_ieg_0360_z	0.432452867637059	0.0684353590312781	207.806376006627	6.31914369645387	1.57555696034154e-09	basement_membrane_score_z	TRUE		null_ieg_0360	ieg
null_ieg_0360_z	0.205714679620107	0.0742498635223422	209.986376899081	2.77057316823494	0.00609761143768652	bm_minus_fibrillar_z	TRUE		null_ieg_0360	ieg
null_ieg_0361_z	0.469558975662443	0.0626642084951207	209.210371388874	7.49325630912589	1.86392767800025e-12	basement_membrane_score_z	TRUE		null_ieg_0361	ieg
null_ieg_0361_z	0.245950372398112	0.0692152323577739	206.849808117325	3.55341395268015	0.000471049552183346	bm_minus_fibrillar_z	TRUE		null_ieg_0361	ieg
null_ieg_0362_z	0.486988735310773	0.0618872513682195	208.372219850838	7.86896694463397	1.91788712189275e-13	basement_membrane_score_z	TRUE		null_ieg_0362	ieg
null_ieg_0362_z	0.279409359276747	0.0683659356022485	205.981860586922	4.08696753456786	6.26141753731402e-05	bm_minus_fibrillar_z	TRUE		null_ieg_0362	ieg
null_ieg_0363_z	0.339303503627651	0.0703244978576269	210.979603072773	4.82482653931744	2.68400930617626e-06	basement_membrane_score_z	TRUE		null_ieg_0363	ieg
null_ieg_0363_z	0.04442784775919	0.0745277638614811	206.485135794618	0.596124792389646	0.551744782218226	bm_minus_fibrillar_z	TRUE		null_ieg_0363	ieg
null_ieg_0364_z	0.475006267081108	0.0629471362688143	210.123850823214	7.54611401307607	1.33887452073502e-12	basement_membrane_score_z	TRUE		null_ieg_0364	ieg
null_ieg_0364_z	0.268618019378273	0.069464140684337	209.292789480169	3.867002697103	0.000147067332435221	bm_minus_fibrillar_z	TRUE		null_ieg_0364	ieg
null_ieg_0365_z	0.427293198322515	0.0642800011827383	210.848031213913	6.64737384039221	2.50912657101777e-10	basement_membrane_score_z	TRUE		null_ieg_0365	ieg
null_ieg_0365_z	0.142261866733661	0.070714200879998	204.719630982339	2.01178638750481	0.0455533066453832	bm_minus_fibrillar_z	TRUE		null_ieg_0365	ieg
null_ieg_0366_z	0.432452867637059	0.0684353590312781	207.806376006627	6.31914369645387	1.57555696034154e-09	basement_membrane_score_z	TRUE		null_ieg_0366	ieg
null_ieg_0366_z	0.205714679620107	0.0742498635223422	209.986376899081	2.77057316823494	0.00609761143768652	bm_minus_fibrillar_z	TRUE		null_ieg_0366	ieg
null_ieg_0367_z	0.499437069429391	0.0617886822322538	210.73067413392	8.08298625874697	4.88043907232214e-14	basement_membrane_score_z	TRUE		null_ieg_0367	ieg
null_ieg_0367_z	0.309553069189391	0.068311359147578	207.8030828497	4.53150212573931	9.87480848611047e-06	bm_minus_fibrillar_z	TRUE		null_ieg_0367	ieg
null_ieg_0368_z	0.469558975662443	0.0626642084951207	209.210371388874	7.49325630912589	1.86392767800025e-12	basement_membrane_score_z	TRUE		null_ieg_0368	ieg
null_ieg_0368_z	0.245950372398112	0.0692152323577739	206.849808117325	3.55341395268015	0.000471049552183346	bm_minus_fibrillar_z	TRUE		null_ieg_0368	ieg
null_ieg_0369_z	0.495880111688128	0.0611797862916463	209.299546119445	8.10529329612642	4.35156144598835e-14	basement_membrane_score_z	TRUE		null_ieg_0369	ieg
null_ieg_0369_z	0.292161365951417	0.0679283045239529	207.434450307297	4.30102544144018	2.6169204663372e-05	bm_minus_fibrillar_z	TRUE		null_ieg_0369	ieg
null_ieg_0370_z	0.339303503627651	0.0703244978576269	210.979603072773	4.82482653931744	2.68400930617626e-06	basement_membrane_score_z	TRUE		null_ieg_0370	ieg
null_ieg_0370_z	0.04442784775919	0.0745277638614811	206.485135794618	0.596124792389646	0.551744782218226	bm_minus_fibrillar_z	TRUE		null_ieg_0370	ieg
null_ieg_0371_z	0.460031596256033	0.0629868936403406	210.708866235492	7.30360825353359	5.67292539680668e-12	basement_membrane_score_z	TRUE		null_ieg_0371	ieg
null_ieg_0371_z	0.205401793901582	0.0699486652344687	202.483904917689	2.9364648090578	0.00370397795867436	bm_minus_fibrillar_z	TRUE		null_ieg_0371	ieg
null_ieg_0372_z	0.432452867637059	0.0684353590312781	207.806376006627	6.31914369645387	1.57555696034154e-09	basement_membrane_score_z	TRUE		null_ieg_0372	ieg
null_ieg_0372_z	0.205714679620107	0.0742498635223422	209.986376899081	2.77057316823494	0.00609761143768652	bm_minus_fibrillar_z	TRUE		null_ieg_0372	ieg
null_ieg_0373_z	0.417416386836421	0.0688228614518456	208.699152099118	6.06508328818151	6.1073775525094e-09	basement_membrane_score_z	TRUE		null_ieg_0373	ieg
null_ieg_0373_z	0.183829161642606	0.0744537010490449	209.556793861879	2.46903994096294	0.0143474244278224	bm_minus_fibrillar_z	TRUE		null_ieg_0373	ieg
null_ieg_0374_z	0.495880111688128	0.0611797862916463	209.299546119445	8.10529329612642	4.35156144598835e-14	basement_membrane_score_z	TRUE		null_ieg_0374	ieg
null_ieg_0374_z	0.292161365951417	0.0679283045239529	207.434450307297	4.30102544144018	2.6169204663372e-05	bm_minus_fibrillar_z	TRUE		null_ieg_0374	ieg
null_ieg_0375_z	0.335512586742614	0.0705541335981203	210.962384613092	4.75539234389454	3.66694768380497e-06	basement_membrane_score_z	TRUE		null_ieg_0375	ieg
null_ieg_0375_z	0.0926647130906034	0.0745719790748895	206.0961346505	1.24262107885784	0.215419451604862	bm_minus_fibrillar_z	TRUE		null_ieg_0375	ieg
null_ieg_0376_z	0.44191745657883	0.0635705783081694	210.706682572755	6.95160353011984	4.44842969504618e-11	basement_membrane_score_z	TRUE		null_ieg_0376	ieg
null_ieg_0376_z	0.181659271029096	0.0701798015766014	204.727129915053	2.58848367974957	0.0103310543498252	bm_minus_fibrillar_z	TRUE		null_ieg_0376	ieg
null_ieg_0377_z	0.486823846906525	0.0628755672423128	209.834758182515	7.74265534703456	4.07131263873176e-13	basement_membrane_score_z	TRUE		null_ieg_0377	ieg
null_ieg_0377_z	0.265739349481017	0.0698531113185438	209.441131586059	3.80425931594075	0.000186633618627377	bm_minus_fibrillar_z	TRUE		null_ieg_0377	ieg
null_ieg_0378_z	0.331851079918328	0.070868025453932	210.9418816397	4.68266298930608	5.06651742393614e-06	basement_membrane_score_z	TRUE		null_ieg_0378	ieg
null_ieg_0378_z	0.0897408150360121	0.0747960272847275	206.777987834516	1.19980723968659	0.231587106977388	bm_minus_fibrillar_z	TRUE		null_ieg_0378	ieg
null_ieg_0379_z	0.417277489610885	0.0687893354983985	206.022084509862	6.06602006819211	6.18686521731902e-09	basement_membrane_score_z	TRUE		null_ieg_0379	ieg
null_ieg_0379_z	0.19326995339371	0.0743949672267255	210.721790467563	2.59789016110058	0.010041584592287	bm_minus_fibrillar_z	TRUE		null_ieg_0379	ieg
null_ieg_0380_z	0.440857633614277	0.0641940483279189	210.81864051447	6.86757799355897	7.20100401535388e-11	basement_membrane_score_z	TRUE		null_ieg_0380	ieg
null_ieg_0380_z	0.184106918203905	0.0706215121288512	204.885929115192	2.60695236697844	0.00980676884623707	bm_minus_fibrillar_z	TRUE		null_ieg_0380	ieg
null_ieg_0381_z	0.44191745657883	0.0635705783081694	210.706682572755	6.95160353011984	4.44842969504618e-11	basement_membrane_score_z	TRUE		null_ieg_0381	ieg
null_ieg_0381_z	0.181659271029096	0.0701798015766014	204.727129915053	2.58848367974957	0.0103310543498252	bm_minus_fibrillar_z	TRUE		null_ieg_0381	ieg
null_ieg_0382_z	0.371155960960602	0.0693196736101457	210.822641209909	5.35426584735505	2.23727399245506e-07	basement_membrane_score_z	TRUE		null_ieg_0382	ieg
null_ieg_0382_z	0.114890963728323	0.0741357000753093	207.109482845749	1.54973870364229	0.122730949885698	bm_minus_fibrillar_z	TRUE		null_ieg_0382	ieg
null_ieg_0383_z	0.431690279087872	0.0681600105347307	208.749027039364	6.33348316265159	1.44698477706058e-09	basement_membrane_score_z	TRUE		null_ieg_0383	ieg
null_ieg_0383_z	0.167004472877081	0.0743569531378129	208.947491551192	2.24598327163239	0.0257515809543917	bm_minus_fibrillar_z	TRUE		null_ieg_0383	ieg
null_ieg_0384_z	0.503160733680175	0.0609391887962706	209.175154084139	8.25676783067004	1.68269942223993e-14	basement_membrane_score_z	TRUE		null_ieg_0384	ieg
null_ieg_0384_z	0.278028272939194	0.0682526731020926	207.200814720968	4.07351478415092	6.59258503682027e-05	bm_minus_fibrillar_z	TRUE		null_ieg_0384	ieg
null_ieg_0385_z	0.44191745657883	0.0635705783081694	210.706682572755	6.95160353011984	4.44842969504618e-11	basement_membrane_score_z	TRUE		null_ieg_0385	ieg
null_ieg_0385_z	0.181659271029096	0.0701798015766014	204.727129915053	2.58848367974957	0.0103310543498252	bm_minus_fibrillar_z	TRUE		null_ieg_0385	ieg
null_ieg_0386_z	0.502729357365575	0.0616795408351254	210.349101666673	8.15066634022801	3.21359082117069e-14	basement_membrane_score_z	TRUE		null_ieg_0386	ieg
null_ieg_0386_z	0.27954190183698	0.0690314582337276	208.543444270205	4.04948568362128	7.23655228455366e-05	bm_minus_fibrillar_z	TRUE		null_ieg_0386	ieg
null_ieg_0387_z	0.371155960960602	0.0693196736101457	210.822641209909	5.35426584735505	2.23727399245506e-07	basement_membrane_score_z	TRUE		null_ieg_0387	ieg
null_ieg_0387_z	0.114890963728323	0.0741357000753093	207.109482845749	1.54973870364229	0.122730949885698	bm_minus_fibrillar_z	TRUE		null_ieg_0387	ieg
null_ieg_0388_z	0.481048731081367	0.062312427640303	209.049727233312	7.71994848055365	4.73293524595466e-13	basement_membrane_score_z	TRUE		null_ieg_0388	ieg
null_ieg_0388_z	0.27362396209114	0.0689975911024922	210.547278361953	3.96570311686224	0.000100282024037537	bm_minus_fibrillar_z	TRUE		null_ieg_0388	ieg
null_ieg_0389_z	0.432452867637059	0.0684353590312781	207.806376006627	6.31914369645387	1.57555696034154e-09	basement_membrane_score_z	TRUE		null_ieg_0389	ieg
null_ieg_0389_z	0.205714679620107	0.0742498635223422	209.986376899081	2.77057316823494	0.00609761143768652	bm_minus_fibrillar_z	TRUE		null_ieg_0389	ieg
null_ieg_0390_z	0.503160733680175	0.0609391887962706	209.175154084139	8.25676783067004	1.68269942223993e-14	basement_membrane_score_z	TRUE		null_ieg_0390	ieg
null_ieg_0390_z	0.278028272939194	0.0682526731020926	207.200814720968	4.07351478415092	6.59258503682027e-05	bm_minus_fibrillar_z	TRUE		null_ieg_0390	ieg
null_ieg_0391_z	0.495880111688128	0.0611797862916463	209.299546119445	8.10529329612642	4.35156144598835e-14	basement_membrane_score_z	TRUE		null_ieg_0391	ieg
null_ieg_0391_z	0.292161365951417	0.0679283045239529	207.434450307297	4.30102544144018	2.6169204663372e-05	bm_minus_fibrillar_z	TRUE		null_ieg_0391	ieg
null_ieg_0392_z	0.495880111688128	0.0611797862916463	209.299546119445	8.10529329612642	4.35156144598835e-14	basement_membrane_score_z	TRUE		null_ieg_0392	ieg
null_ieg_0392_z	0.292161365951417	0.0679283045239529	207.434450307297	4.30102544144018	2.6169204663372e-05	bm_minus_fibrillar_z	TRUE		null_ieg_0392	ieg
null_ieg_0393_z	0.503160733680175	0.0609391887962706	209.175154084139	8.25676783067004	1.68269942223993e-14	basement_membrane_score_z	TRUE		null_ieg_0393	ieg
null_ieg_0393_z	0.278028272939194	0.0682526731020926	207.200814720968	4.07351478415092	6.59258503682027e-05	bm_minus_fibrillar_z	TRUE		null_ieg_0393	ieg
null_ieg_0394_z	0.371155960960602	0.0693196736101457	210.822641209909	5.35426584735505	2.23727399245506e-07	basement_membrane_score_z	TRUE		null_ieg_0394	ieg
null_ieg_0394_z	0.114890963728323	0.0741357000753093	207.109482845749	1.54973870364229	0.122730949885698	bm_minus_fibrillar_z	TRUE		null_ieg_0394	ieg
null_ieg_0395_z	0.502729357365575	0.0616795408351254	210.349101666673	8.15066634022801	3.21359082117069e-14	basement_membrane_score_z	TRUE		null_ieg_0395	ieg
null_ieg_0395_z	0.27954190183698	0.0690314582337276	208.543444270205	4.04948568362128	7.23655228455366e-05	bm_minus_fibrillar_z	TRUE		null_ieg_0395	ieg
null_ieg_0396_z	0.482638359093782	0.0614791080017032	210.33373555211	7.85044505005523	2.08379187452955e-13	basement_membrane_score_z	TRUE		null_ieg_0396	ieg
null_ieg_0396_z	0.29002104038616	0.067927785355388	208.904804305137	4.26954947623883	2.97196855782469e-05	bm_minus_fibrillar_z	TRUE		null_ieg_0396	ieg
null_ieg_0397_z	0.417416386836421	0.0688228614518456	208.699152099118	6.06508328818151	6.1073775525094e-09	basement_membrane_score_z	TRUE		null_ieg_0397	ieg
null_ieg_0397_z	0.183829161642606	0.0744537010490449	209.556793861879	2.46903994096294	0.0143474244278224	bm_minus_fibrillar_z	TRUE		null_ieg_0397	ieg
null_ieg_0398_z	0.351709797896523	0.0697984074681967	210.981784544922	5.03893728602301	1.00459030868602e-06	basement_membrane_score_z	TRUE		null_ieg_0398	ieg
null_ieg_0398_z	0.0869442500774006	0.0742346940196153	206.485483471797	1.17120776512431	0.242865036041882	bm_minus_fibrillar_z	TRUE		null_ieg_0398	ieg
null_ieg_0399_z	0.364479185865508	0.0692968329474305	210.984504235639	5.25968028209899	3.53273842988647e-07	basement_membrane_score_z	TRUE		null_ieg_0399	ieg
null_ieg_0399_z	0.0712510905889129	0.0740637261393577	205.880050055961	0.962024114947274	0.337166015971828	bm_minus_fibrillar_z	TRUE		null_ieg_0399	ieg
null_ieg_0400_z	0.532468011114989	0.0599089731192829	210.281747675125	8.88795089267861	2.83934947400888e-16	basement_membrane_score_z	TRUE		null_ieg_0400	ieg
null_ieg_0400_z	0.344774663763521	0.067060160196657	206.71065313567	5.14127408512675	6.31134237091996e-07	bm_minus_fibrillar_z	TRUE		null_ieg_0400	ieg
null_ieg_0401_z	0.460031596256033	0.0629868936403406	210.708866235492	7.30360825353359	5.67292539680668e-12	basement_membrane_score_z	TRUE		null_ieg_0401	ieg
null_ieg_0401_z	0.205401793901582	0.0699486652344687	202.483904917689	2.9364648090578	0.00370397795867436	bm_minus_fibrillar_z	TRUE		null_ieg_0401	ieg
null_ieg_0402_z	0.499437069429391	0.0617886822322538	210.73067413392	8.08298625874697	4.88043907232214e-14	basement_membrane_score_z	TRUE		null_ieg_0402	ieg
null_ieg_0402_z	0.309553069189391	0.068311359147578	207.8030828497	4.53150212573931	9.87480848611047e-06	bm_minus_fibrillar_z	TRUE		null_ieg_0402	ieg
null_ieg_0403_z	0.417416386836421	0.0688228614518456	208.699152099118	6.06508328818151	6.1073775525094e-09	basement_membrane_score_z	TRUE		null_ieg_0403	ieg
null_ieg_0403_z	0.183829161642606	0.0744537010490449	209.556793861879	2.46903994096294	0.0143474244278224	bm_minus_fibrillar_z	TRUE		null_ieg_0403	ieg
null_ieg_0404_z	0.473352549262593	0.0620857675563399	209.447135011628	7.62417165629865	8.42788803632677e-13	basement_membrane_score_z	TRUE		null_ieg_0404	ieg
null_ieg_0404_z	0.279403897757749	0.0682575177649825	207.343351941453	4.09337911641858	6.08965442450121e-05	bm_minus_fibrillar_z	TRUE		null_ieg_0404	ieg
null_ieg_0405_z	0.427293198322515	0.0642800011827383	210.848031213913	6.64737384039221	2.50912657101777e-10	basement_membrane_score_z	TRUE		null_ieg_0405	ieg
null_ieg_0405_z	0.142261866733661	0.070714200879998	204.719630982339	2.01178638750481	0.0455533066453832	bm_minus_fibrillar_z	TRUE		null_ieg_0405	ieg
null_ieg_0406_z	0.469558975662443	0.0626642084951207	209.210371388874	7.49325630912589	1.86392767800025e-12	basement_membrane_score_z	TRUE		null_ieg_0406	ieg
null_ieg_0406_z	0.245950372398112	0.0692152323577739	206.849808117325	3.55341395268015	0.000471049552183346	bm_minus_fibrillar_z	TRUE		null_ieg_0406	ieg
null_ieg_0407_z	0.473352549262593	0.0620857675563399	209.447135011628	7.62417165629865	8.42788803632677e-13	basement_membrane_score_z	TRUE		null_ieg_0407	ieg
null_ieg_0407_z	0.279403897757749	0.0682575177649825	207.343351941453	4.09337911641858	6.08965442450121e-05	bm_minus_fibrillar_z	TRUE		null_ieg_0407	ieg
null_ieg_0408_z	0.473352549262593	0.0620857675563399	209.447135011628	7.62417165629865	8.42788803632677e-13	basement_membrane_score_z	TRUE		null_ieg_0408	ieg
null_ieg_0408_z	0.279403897757749	0.0682575177649825	207.343351941453	4.09337911641858	6.08965442450121e-05	bm_minus_fibrillar_z	TRUE		null_ieg_0408	ieg
null_ieg_0409_z	0.427293198322515	0.0642800011827383	210.848031213913	6.64737384039221	2.50912657101777e-10	basement_membrane_score_z	TRUE		null_ieg_0409	ieg
null_ieg_0409_z	0.142261866733661	0.070714200879998	204.719630982339	2.01178638750481	0.0455533066453832	bm_minus_fibrillar_z	TRUE		null_ieg_0409	ieg
null_ieg_0410_z	0.486823846906525	0.0628755672423128	209.834758182515	7.74265534703456	4.07131263873176e-13	basement_membrane_score_z	TRUE		null_ieg_0410	ieg
null_ieg_0410_z	0.265739349481017	0.0698531113185438	209.441131586059	3.80425931594075	0.000186633618627377	bm_minus_fibrillar_z	TRUE		null_ieg_0410	ieg
null_ieg_0411_z	0.469558975662443	0.0626642084951207	209.210371388874	7.49325630912589	1.86392767800025e-12	basement_membrane_score_z	TRUE		null_ieg_0411	ieg
null_ieg_0411_z	0.245950372398112	0.0692152323577739	206.849808117325	3.55341395268015	0.000471049552183346	bm_minus_fibrillar_z	TRUE		null_ieg_0411	ieg
null_ieg_0412_z	0.331851079918328	0.070868025453932	210.9418816397	4.68266298930608	5.06651742393614e-06	basement_membrane_score_z	TRUE		null_ieg_0412	ieg
null_ieg_0412_z	0.0897408150360121	0.0747960272847275	206.777987834516	1.19980723968659	0.231587106977388	bm_minus_fibrillar_z	TRUE		null_ieg_0412	ieg
null_ieg_0413_z	0.44191745657883	0.0635705783081694	210.706682572755	6.95160353011984	4.44842969504618e-11	basement_membrane_score_z	TRUE		null_ieg_0413	ieg
null_ieg_0413_z	0.181659271029096	0.0701798015766014	204.727129915053	2.58848367974957	0.0103310543498252	bm_minus_fibrillar_z	TRUE		null_ieg_0413	ieg
null_ieg_0414_z	0.427293198322515	0.0642800011827383	210.848031213913	6.64737384039221	2.50912657101777e-10	basement_membrane_score_z	TRUE		null_ieg_0414	ieg
null_ieg_0414_z	0.142261866733661	0.070714200879998	204.719630982339	2.01178638750481	0.0455533066453832	bm_minus_fibrillar_z	TRUE		null_ieg_0414	ieg
null_ieg_0415_z	0.502729357365575	0.0616795408351254	210.349101666673	8.15066634022801	3.21359082117069e-14	basement_membrane_score_z	TRUE		null_ieg_0415	ieg
null_ieg_0415_z	0.27954190183698	0.0690314582337276	208.543444270205	4.04948568362128	7.23655228455366e-05	bm_minus_fibrillar_z	TRUE		null_ieg_0415	ieg
null_ieg_0416_z	0.43698799371372	0.0636580382054365	210.991013541259	6.86461609613977	7.31160223325218e-11	basement_membrane_score_z	TRUE		null_ieg_0416	ieg
null_ieg_0416_z	0.197531180208792	0.0700245216299287	206.399235956492	2.82088582129444	0.00525651505798512	bm_minus_fibrillar_z	TRUE		null_ieg_0416	ieg
null_ieg_0417_z	0.432452867637059	0.0684353590312781	207.806376006627	6.31914369645387	1.57555696034154e-09	basement_membrane_score_z	TRUE		null_ieg_0417	ieg
null_ieg_0417_z	0.205714679620107	0.0742498635223422	209.986376899081	2.77057316823494	0.00609761143768652	bm_minus_fibrillar_z	TRUE		null_ieg_0417	ieg
null_ieg_0418_z	0.486823846906525	0.0628755672423128	209.834758182515	7.74265534703456	4.07131263873176e-13	basement_membrane_score_z	TRUE		null_ieg_0418	ieg
null_ieg_0418_z	0.265739349481017	0.0698531113185438	209.441131586059	3.80425931594075	0.000186633618627377	bm_minus_fibrillar_z	TRUE		null_ieg_0418	ieg
null_ieg_0419_z	0.499437069429391	0.0617886822322538	210.73067413392	8.08298625874697	4.88043907232214e-14	basement_membrane_score_z	TRUE		null_ieg_0419	ieg
null_ieg_0419_z	0.309553069189391	0.068311359147578	207.8030828497	4.53150212573931	9.87480848611047e-06	bm_minus_fibrillar_z	TRUE		null_ieg_0419	ieg
null_ieg_0420_z	0.427293198322515	0.0642800011827383	210.848031213913	6.64737384039221	2.50912657101777e-10	basement_membrane_score_z	TRUE		null_ieg_0420	ieg
null_ieg_0420_z	0.142261866733661	0.070714200879998	204.719630982339	2.01178638750481	0.0455533066453832	bm_minus_fibrillar_z	TRUE		null_ieg_0420	ieg
null_ieg_0421_z	0.461859596243629	0.0635869063897072	209.716957818088	7.26343869307016	7.28396558856035e-12	basement_membrane_score_z	TRUE		null_ieg_0421	ieg
null_ieg_0421_z	0.227855932778855	0.0703159143605982	208.98781527296	3.24046035454152	0.00138856814317053	bm_minus_fibrillar_z	TRUE		null_ieg_0421	ieg
null_ieg_0422_z	0.43698799371372	0.0636580382054365	210.991013541259	6.86461609613977	7.31160223325218e-11	basement_membrane_score_z	TRUE		null_ieg_0422	ieg
null_ieg_0422_z	0.197531180208792	0.0700245216299287	206.399235956492	2.82088582129444	0.00525651505798512	bm_minus_fibrillar_z	TRUE		null_ieg_0422	ieg
null_ieg_0423_z	0.417416386836421	0.0688228614518456	208.699152099118	6.06508328818151	6.1073775525094e-09	basement_membrane_score_z	TRUE		null_ieg_0423	ieg
null_ieg_0423_z	0.183829161642606	0.0744537010490449	209.556793861879	2.46903994096294	0.0143474244278224	bm_minus_fibrillar_z	TRUE		null_ieg_0423	ieg
null_ieg_0424_z	0.502729357365575	0.0616795408351254	210.349101666673	8.15066634022801	3.21359082117069e-14	basement_membrane_score_z	TRUE		null_ieg_0424	ieg
null_ieg_0424_z	0.27954190183698	0.0690314582337276	208.543444270205	4.04948568362128	7.23655228455366e-05	bm_minus_fibrillar_z	TRUE		null_ieg_0424	ieg
null_ieg_0425_z	0.417277489610885	0.0687893354983985	206.022084509862	6.06602006819211	6.18686521731902e-09	basement_membrane_score_z	TRUE		null_ieg_0425	ieg
null_ieg_0425_z	0.19326995339371	0.0743949672267255	210.721790467563	2.59789016110058	0.010041584592287	bm_minus_fibrillar_z	TRUE		null_ieg_0425	ieg
null_ieg_0426_z	0.514924733404506	0.0610759754845189	210.104218826799	8.43088840283894	5.47013809200708e-15	basement_membrane_score_z	TRUE		null_ieg_0426	ieg
null_ieg_0426_z	0.343084744860719	0.0672895848872542	207.27309517051	5.09863072324741	7.69770492551267e-07	bm_minus_fibrillar_z	TRUE		null_ieg_0426	ieg
null_ieg_0427_z	0.35449719535339	0.069802587067673	210.502303199173	5.07856814833679	8.36082874594166e-07	basement_membrane_score_z	TRUE		null_ieg_0427	ieg
null_ieg_0427_z	0.0963805954203393	0.0743495875398662	207.571974144212	1.29631647746075	0.196305850049066	bm_minus_fibrillar_z	TRUE		null_ieg_0427	ieg
null_ieg_0428_z	0.473352549262593	0.0620857675563399	209.447135011628	7.62417165629865	8.42788803632677e-13	basement_membrane_score_z	TRUE		null_ieg_0428	ieg
null_ieg_0428_z	0.279403897757749	0.0682575177649825	207.343351941453	4.09337911641858	6.08965442450121e-05	bm_minus_fibrillar_z	TRUE		null_ieg_0428	ieg
null_ieg_0429_z	0.486823846906525	0.0628755672423128	209.834758182515	7.74265534703456	4.07131263873176e-13	basement_membrane_score_z	TRUE		null_ieg_0429	ieg
null_ieg_0429_z	0.265739349481017	0.0698531113185438	209.441131586059	3.80425931594075	0.000186633618627377	bm_minus_fibrillar_z	TRUE		null_ieg_0429	ieg
null_ieg_0430_z	0.364479185865508	0.0692968329474305	210.984504235639	5.25968028209899	3.53273842988647e-07	basement_membrane_score_z	TRUE		null_ieg_0430	ieg
null_ieg_0430_z	0.0712510905889129	0.0740637261393577	205.880050055961	0.962024114947274	0.337166015971828	bm_minus_fibrillar_z	TRUE		null_ieg_0430	ieg
null_ieg_0431_z	0.351709797896523	0.0697984074681967	210.981784544922	5.03893728602301	1.00459030868602e-06	basement_membrane_score_z	TRUE		null_ieg_0431	ieg
null_ieg_0431_z	0.0869442500774006	0.0742346940196153	206.485483471797	1.17120776512431	0.242865036041882	bm_minus_fibrillar_z	TRUE		null_ieg_0431	ieg
null_ieg_0432_z	0.499437069429391	0.0617886822322538	210.73067413392	8.08298625874697	4.88043907232214e-14	basement_membrane_score_z	TRUE		null_ieg_0432	ieg
null_ieg_0432_z	0.309553069189391	0.068311359147578	207.8030828497	4.53150212573931	9.87480848611047e-06	bm_minus_fibrillar_z	TRUE		null_ieg_0432	ieg
null_ieg_0433_z	0.492584407966035	0.0620996399361162	210.479888288906	7.93216206201472	1.254309293172e-13	basement_membrane_score_z	TRUE		null_ieg_0433	ieg
null_ieg_0433_z	0.249757945490209	0.0695950289456186	207.462823694903	3.58873254705259	0.000414619680569682	bm_minus_fibrillar_z	TRUE		null_ieg_0433	ieg
null_ieg_0434_z	0.532468011114989	0.0599089731192829	210.281747675125	8.88795089267861	2.83934947400888e-16	basement_membrane_score_z	TRUE		null_ieg_0434	ieg
null_ieg_0434_z	0.344774663763521	0.067060160196657	206.71065313567	5.14127408512675	6.31134237091996e-07	bm_minus_fibrillar_z	TRUE		null_ieg_0434	ieg
null_ieg_0435_z	0.502729357365575	0.0616795408351254	210.349101666673	8.15066634022801	3.21359082117069e-14	basement_membrane_score_z	TRUE		null_ieg_0435	ieg
null_ieg_0435_z	0.27954190183698	0.0690314582337276	208.543444270205	4.04948568362128	7.23655228455366e-05	bm_minus_fibrillar_z	TRUE		null_ieg_0435	ieg
null_ieg_0436_z	0.508634562852733	0.0606336610864736	210.959793184883	8.38865002935145	7.04267930777327e-15	basement_membrane_score_z	TRUE		null_ieg_0436	ieg
null_ieg_0436_z	0.34950340643878	0.066754792988074	209.406961725226	5.23563014420882	3.98922816554372e-07	bm_minus_fibrillar_z	TRUE		null_ieg_0436	ieg
null_ieg_0437_z	0.339303503627651	0.0703244978576269	210.979603072773	4.82482653931744	2.68400930617626e-06	basement_membrane_score_z	TRUE		null_ieg_0437	ieg
null_ieg_0437_z	0.04442784775919	0.0745277638614811	206.485135794618	0.596124792389646	0.551744782218226	bm_minus_fibrillar_z	TRUE		null_ieg_0437	ieg
null_ieg_0438_z	0.482638359093782	0.0614791080017032	210.33373555211	7.85044505005523	2.08379187452955e-13	basement_membrane_score_z	TRUE		null_ieg_0438	ieg
null_ieg_0438_z	0.29002104038616	0.067927785355388	208.904804305137	4.26954947623883	2.97196855782469e-05	bm_minus_fibrillar_z	TRUE		null_ieg_0438	ieg
null_ieg_0439_z	0.371155960960602	0.0693196736101457	210.822641209909	5.35426584735505	2.23727399245506e-07	basement_membrane_score_z	TRUE		null_ieg_0439	ieg
null_ieg_0439_z	0.114890963728323	0.0741357000753093	207.109482845749	1.54973870364229	0.122730949885698	bm_minus_fibrillar_z	TRUE		null_ieg_0439	ieg
null_ieg_0440_z	0.486988735310773	0.0618872513682195	208.372219850838	7.86896694463397	1.91788712189275e-13	basement_membrane_score_z	TRUE		null_ieg_0440	ieg
null_ieg_0440_z	0.279409359276747	0.0683659356022485	205.981860586922	4.08696753456786	6.26141753731402e-05	bm_minus_fibrillar_z	TRUE		null_ieg_0440	ieg
null_ieg_0441_z	0.503160733680175	0.0609391887962706	209.175154084139	8.25676783067004	1.68269942223993e-14	basement_membrane_score_z	TRUE		null_ieg_0441	ieg
null_ieg_0441_z	0.278028272939194	0.0682526731020926	207.200814720968	4.07351478415092	6.59258503682027e-05	bm_minus_fibrillar_z	TRUE		null_ieg_0441	ieg
null_ieg_0442_z	0.502729357365575	0.0616795408351254	210.349101666673	8.15066634022801	3.21359082117069e-14	basement_membrane_score_z	TRUE		null_ieg_0442	ieg
null_ieg_0442_z	0.27954190183698	0.0690314582337276	208.543444270205	4.04948568362128	7.23655228455366e-05	bm_minus_fibrillar_z	TRUE		null_ieg_0442	ieg
null_ieg_0443_z	0.495880111688128	0.0611797862916463	209.299546119445	8.10529329612642	4.35156144598835e-14	basement_membrane_score_z	TRUE		null_ieg_0443	ieg
null_ieg_0443_z	0.292161365951417	0.0679283045239529	207.434450307297	4.30102544144018	2.6169204663372e-05	bm_minus_fibrillar_z	TRUE		null_ieg_0443	ieg
null_ieg_0444_z	0.486823846906525	0.0628755672423128	209.834758182515	7.74265534703456	4.07131263873176e-13	basement_membrane_score_z	TRUE		null_ieg_0444	ieg
null_ieg_0444_z	0.265739349481017	0.0698531113185438	209.441131586059	3.80425931594075	0.000186633618627377	bm_minus_fibrillar_z	TRUE		null_ieg_0444	ieg
null_ieg_0445_z	0.473352549262593	0.0620857675563399	209.447135011628	7.62417165629865	8.42788803632677e-13	basement_membrane_score_z	TRUE		null_ieg_0445	ieg
null_ieg_0445_z	0.279403897757749	0.0682575177649825	207.343351941453	4.09337911641858	6.08965442450121e-05	bm_minus_fibrillar_z	TRUE		null_ieg_0445	ieg
null_ieg_0446_z	0.508086083893826	0.060665239378368	209.744045211586	8.37524238097706	7.85452098719483e-15	basement_membrane_score_z	TRUE		null_ieg_0446	ieg
null_ieg_0446_z	0.339505819813614	0.0669388403879878	207.376881900477	5.0718808071037	8.72182991751522e-07	bm_minus_fibrillar_z	TRUE		null_ieg_0446	ieg
null_ieg_0447_z	0.417277489610885	0.0687893354983985	206.022084509862	6.06602006819211	6.18686521731902e-09	basement_membrane_score_z	TRUE		null_ieg_0447	ieg
null_ieg_0447_z	0.19326995339371	0.0743949672267255	210.721790467563	2.59789016110058	0.010041584592287	bm_minus_fibrillar_z	TRUE		null_ieg_0447	ieg
null_ieg_0448_z	0.492584407966035	0.0620996399361162	210.479888288906	7.93216206201472	1.254309293172e-13	basement_membrane_score_z	TRUE		null_ieg_0448	ieg
null_ieg_0448_z	0.249757945490209	0.0695950289456186	207.462823694903	3.58873254705259	0.000414619680569682	bm_minus_fibrillar_z	TRUE		null_ieg_0448	ieg
null_ieg_0449_z	0.520445217368386	0.0603874385638392	210.113354343296	8.61843505447233	1.64122588527094e-15	basement_membrane_score_z	TRUE		null_ieg_0449	ieg
null_ieg_0449_z	0.35220646241214	0.0667571708741078	207.791966061713	5.2759345220956	3.30910293623801e-07	bm_minus_fibrillar_z	TRUE		null_ieg_0449	ieg
null_ieg_0450_z	0.481048731081367	0.062312427640303	209.049727233312	7.71994848055365	4.73293524595466e-13	basement_membrane_score_z	TRUE		null_ieg_0450	ieg
null_ieg_0450_z	0.27362396209114	0.0689975911024922	210.547278361953	3.96570311686224	0.000100282024037537	bm_minus_fibrillar_z	TRUE		null_ieg_0450	ieg
null_ieg_0451_z	0.398246536380876	0.0695800995187402	208.505203536282	5.72356951391849	3.59759853607217e-08	basement_membrane_score_z	TRUE		null_ieg_0451	ieg
null_ieg_0451_z	0.18992703490147	0.0746057124756352	209.506356360275	2.54574386597403	0.0116234546486797	bm_minus_fibrillar_z	TRUE		null_ieg_0451	ieg
null_ieg_0452_z	0.43698799371372	0.0636580382054365	210.991013541259	6.86461609613977	7.31160223325218e-11	basement_membrane_score_z	TRUE		null_ieg_0452	ieg
null_ieg_0452_z	0.197531180208792	0.0700245216299287	206.399235956492	2.82088582129444	0.00525651505798512	bm_minus_fibrillar_z	TRUE		null_ieg_0452	ieg
null_ieg_0453_z	0.475006267081108	0.0629471362688143	210.123850823214	7.54611401307607	1.33887452073502e-12	basement_membrane_score_z	TRUE		null_ieg_0453	ieg
null_ieg_0453_z	0.268618019378273	0.069464140684337	209.292789480169	3.867002697103	0.000147067332435221	bm_minus_fibrillar_z	TRUE		null_ieg_0453	ieg
null_ieg_0454_z	0.35449719535339	0.069802587067673	210.502303199173	5.07856814833679	8.36082874594166e-07	basement_membrane_score_z	TRUE		null_ieg_0454	ieg
null_ieg_0454_z	0.0963805954203393	0.0743495875398662	207.571974144212	1.29631647746075	0.196305850049066	bm_minus_fibrillar_z	TRUE		null_ieg_0454	ieg
null_ieg_0455_z	0.445695886505357	0.0635802380436167	210.799818421518	7.00997511521748	3.17127477339969e-11	basement_membrane_score_z	TRUE		null_ieg_0455	ieg
null_ieg_0455_z	0.164437939354783	0.0704040377076809	203.821622938308	2.33563222662787	0.0204825551371837	bm_minus_fibrillar_z	TRUE		null_ieg_0455	ieg
null_ieg_0456_z	0.35449719535339	0.069802587067673	210.502303199173	5.07856814833679	8.36082874594166e-07	basement_membrane_score_z	TRUE		null_ieg_0456	ieg
null_ieg_0456_z	0.0963805954203393	0.0743495875398662	207.571974144212	1.29631647746075	0.196305850049066	bm_minus_fibrillar_z	TRUE		null_ieg_0456	ieg
null_ieg_0457_z	0.397425307134262	0.070014133384432	207.449583003767	5.67635829971769	4.59684592234591e-08	basement_membrane_score_z	TRUE		null_ieg_0457	ieg
null_ieg_0457_z	0.183838795761313	0.0750398412197229	210.257472447283	2.44988252604397	0.0151079705350005	bm_minus_fibrillar_z	TRUE		null_ieg_0457	ieg
null_ieg_0458_z	0.40267552906296	0.0694196218167027	208.214471234613	5.80060101920742	2.43072721563934e-08	basement_membrane_score_z	TRUE		null_ieg_0458	ieg
null_ieg_0458_z	0.135073319425526	0.0750360487055245	209.575251232678	1.80011236939747	0.0732809821684438	bm_minus_fibrillar_z	TRUE		null_ieg_0458	ieg
null_ieg_0459_z	0.339303503627651	0.0703244978576269	210.979603072773	4.82482653931744	2.68400930617626e-06	basement_membrane_score_z	TRUE		null_ieg_0459	ieg
null_ieg_0459_z	0.04442784775919	0.0745277638614811	206.485135794618	0.596124792389646	0.551744782218226	bm_minus_fibrillar_z	TRUE		null_ieg_0459	ieg
null_ieg_0460_z	0.520445217368386	0.0603874385638392	210.113354343296	8.61843505447233	1.64122588527094e-15	basement_membrane_score_z	TRUE		null_ieg_0460	ieg
null_ieg_0460_z	0.35220646241214	0.0667571708741078	207.791966061713	5.2759345220956	3.30910293623801e-07	bm_minus_fibrillar_z	TRUE		null_ieg_0460	ieg
null_ieg_0461_z	0.486988735310773	0.0618872513682195	208.372219850838	7.86896694463397	1.91788712189275e-13	basement_membrane_score_z	TRUE		null_ieg_0461	ieg
null_ieg_0461_z	0.279409359276747	0.0683659356022485	205.981860586922	4.08696753456786	6.26141753731402e-05	bm_minus_fibrillar_z	TRUE		null_ieg_0461	ieg
null_ieg_0462_z	0.497684998249111	0.0613582426911358	210.513812131872	8.11113513720317	4.10674603463615e-14	basement_membrane_score_z	TRUE		null_ieg_0462	ieg
null_ieg_0462_z	0.34244875769807	0.0671324559415683	207.705536200616	5.10109086424807	7.59744280774133e-07	bm_minus_fibrillar_z	TRUE		null_ieg_0462	ieg
null_ieg_0463_z	0.461859596243629	0.0635869063897072	209.716957818088	7.26343869307016	7.28396558856035e-12	basement_membrane_score_z	TRUE		null_ieg_0463	ieg
null_ieg_0463_z	0.227855932778855	0.0703159143605982	208.98781527296	3.24046035454152	0.00138856814317053	bm_minus_fibrillar_z	TRUE		null_ieg_0463	ieg
null_ieg_0464_z	0.532468011114989	0.0599089731192829	210.281747675125	8.88795089267861	2.83934947400888e-16	basement_membrane_score_z	TRUE		null_ieg_0464	ieg
null_ieg_0464_z	0.344774663763521	0.067060160196657	206.71065313567	5.14127408512675	6.31134237091996e-07	bm_minus_fibrillar_z	TRUE		null_ieg_0464	ieg
null_ieg_0465_z	0.364479185865508	0.0692968329474305	210.984504235639	5.25968028209899	3.53273842988647e-07	basement_membrane_score_z	TRUE		null_ieg_0465	ieg
null_ieg_0465_z	0.0712510905889129	0.0740637261393577	205.880050055961	0.962024114947274	0.337166015971828	bm_minus_fibrillar_z	TRUE		null_ieg_0465	ieg
null_ieg_0466_z	0.445695886505357	0.0635802380436167	210.799818421518	7.00997511521748	3.17127477339969e-11	basement_membrane_score_z	TRUE		null_ieg_0466	ieg
null_ieg_0466_z	0.164437939354783	0.0704040377076809	203.821622938308	2.33563222662787	0.0204825551371837	bm_minus_fibrillar_z	TRUE		null_ieg_0466	ieg
null_ieg_0467_z	0.469558975662443	0.0626642084951207	209.210371388874	7.49325630912589	1.86392767800025e-12	basement_membrane_score_z	TRUE		null_ieg_0467	ieg
null_ieg_0467_z	0.245950372398112	0.0692152323577739	206.849808117325	3.55341395268015	0.000471049552183346	bm_minus_fibrillar_z	TRUE		null_ieg_0467	ieg
null_ieg_0468_z	0.432452867637059	0.0684353590312781	207.806376006627	6.31914369645387	1.57555696034154e-09	basement_membrane_score_z	TRUE		null_ieg_0468	ieg
null_ieg_0468_z	0.205714679620107	0.0742498635223422	209.986376899081	2.77057316823494	0.00609761143768652	bm_minus_fibrillar_z	TRUE		null_ieg_0468	ieg
null_ieg_0469_z	0.499437069429391	0.0617886822322538	210.73067413392	8.08298625874697	4.88043907232214e-14	basement_membrane_score_z	TRUE		null_ieg_0469	ieg
null_ieg_0469_z	0.309553069189391	0.068311359147578	207.8030828497	4.53150212573931	9.87480848611047e-06	bm_minus_fibrillar_z	TRUE		null_ieg_0469	ieg
null_ieg_0470_z	0.364479185865508	0.0692968329474305	210.984504235639	5.25968028209899	3.53273842988647e-07	basement_membrane_score_z	TRUE		null_ieg_0470	ieg
null_ieg_0470_z	0.0712510905889129	0.0740637261393577	205.880050055961	0.962024114947274	0.337166015971828	bm_minus_fibrillar_z	TRUE		null_ieg_0470	ieg
null_ieg_0471_z	0.40267552906296	0.0694196218167027	208.214471234613	5.80060101920742	2.43072721563934e-08	basement_membrane_score_z	TRUE		null_ieg_0471	ieg
null_ieg_0471_z	0.135073319425526	0.0750360487055245	209.575251232678	1.80011236939747	0.0732809821684438	bm_minus_fibrillar_z	TRUE		null_ieg_0471	ieg
null_ieg_0472_z	0.508086083893826	0.060665239378368	209.744045211586	8.37524238097706	7.85452098719483e-15	basement_membrane_score_z	TRUE		null_ieg_0472	ieg
null_ieg_0472_z	0.339505819813614	0.0669388403879878	207.376881900477	5.0718808071037	8.72182991751522e-07	bm_minus_fibrillar_z	TRUE		null_ieg_0472	ieg
null_ieg_0473_z	0.417277489610885	0.0687893354983985	206.022084509862	6.06602006819211	6.18686521731902e-09	basement_membrane_score_z	TRUE		null_ieg_0473	ieg
null_ieg_0473_z	0.19326995339371	0.0743949672267255	210.721790467563	2.59789016110058	0.010041584592287	bm_minus_fibrillar_z	TRUE		null_ieg_0473	ieg
null_ieg_0474_z	0.461859596243629	0.0635869063897072	209.716957818088	7.26343869307016	7.28396558856035e-12	basement_membrane_score_z	TRUE		null_ieg_0474	ieg
null_ieg_0474_z	0.227855932778855	0.0703159143605982	208.98781527296	3.24046035454152	0.00138856814317053	bm_minus_fibrillar_z	TRUE		null_ieg_0474	ieg
null_ieg_0475_z	0.520445217368386	0.0603874385638392	210.113354343296	8.61843505447233	1.64122588527094e-15	basement_membrane_score_z	TRUE		null_ieg_0475	ieg
null_ieg_0475_z	0.35220646241214	0.0667571708741078	207.791966061713	5.2759345220956	3.30910293623801e-07	bm_minus_fibrillar_z	TRUE		null_ieg_0475	ieg
null_ieg_0476_z	0.475006267081108	0.0629471362688143	210.123850823214	7.54611401307607	1.33887452073502e-12	basement_membrane_score_z	TRUE		null_ieg_0476	ieg
null_ieg_0476_z	0.268618019378273	0.069464140684337	209.292789480169	3.867002697103	0.000147067332435221	bm_minus_fibrillar_z	TRUE		null_ieg_0476	ieg
null_ieg_0477_z	0.35449719535339	0.069802587067673	210.502303199173	5.07856814833679	8.36082874594166e-07	basement_membrane_score_z	TRUE		null_ieg_0477	ieg
null_ieg_0477_z	0.0963805954203393	0.0743495875398662	207.571974144212	1.29631647746075	0.196305850049066	bm_minus_fibrillar_z	TRUE		null_ieg_0477	ieg
null_ieg_0478_z	0.503160733680175	0.0609391887962706	209.175154084139	8.25676783067004	1.68269942223993e-14	basement_membrane_score_z	TRUE		null_ieg_0478	ieg
null_ieg_0478_z	0.278028272939194	0.0682526731020926	207.200814720968	4.07351478415092	6.59258503682027e-05	bm_minus_fibrillar_z	TRUE		null_ieg_0478	ieg
null_ieg_0479_z	0.430415812739874	0.0642149852085014	210.884512295952	6.70273163409359	1.83681969501446e-10	basement_membrane_score_z	TRUE		null_ieg_0479	ieg
null_ieg_0479_z	0.187273515676548	0.0703910766257186	204.681236038079	2.66047238732138	0.00842161265176488	bm_minus_fibrillar_z	TRUE		null_ieg_0479	ieg
null_ieg_0480_z	0.514924733404506	0.0610759754845189	210.104218826799	8.43088840283894	5.47013809200708e-15	basement_membrane_score_z	TRUE		null_ieg_0480	ieg
null_ieg_0480_z	0.343084744860719	0.0672895848872542	207.27309517051	5.09863072324741	7.69770492551267e-07	bm_minus_fibrillar_z	TRUE		null_ieg_0480	ieg
null_ieg_0481_z	0.331851079918328	0.070868025453932	210.9418816397	4.68266298930608	5.06651742393614e-06	basement_membrane_score_z	TRUE		null_ieg_0481	ieg
null_ieg_0481_z	0.0897408150360121	0.0747960272847275	206.777987834516	1.19980723968659	0.231587106977388	bm_minus_fibrillar_z	TRUE		null_ieg_0481	ieg
null_ieg_0482_z	0.417277489610885	0.0687893354983985	206.022084509862	6.06602006819211	6.18686521731902e-09	basement_membrane_score_z	TRUE		null_ieg_0482	ieg
null_ieg_0482_z	0.19326995339371	0.0743949672267255	210.721790467563	2.59789016110058	0.010041584592287	bm_minus_fibrillar_z	TRUE		null_ieg_0482	ieg
null_ieg_0483_z	0.520445217368386	0.0603874385638392	210.113354343296	8.61843505447233	1.64122588527094e-15	basement_membrane_score_z	TRUE		null_ieg_0483	ieg
null_ieg_0483_z	0.35220646241214	0.0667571708741078	207.791966061713	5.2759345220956	3.30910293623801e-07	bm_minus_fibrillar_z	TRUE		null_ieg_0483	ieg
null_ieg_0484_z	0.398246536380876	0.0695800995187402	208.505203536282	5.72356951391849	3.59759853607217e-08	basement_membrane_score_z	TRUE		null_ieg_0484	ieg
null_ieg_0484_z	0.18992703490147	0.0746057124756352	209.506356360275	2.54574386597403	0.0116234546486797	bm_minus_fibrillar_z	TRUE		null_ieg_0484	ieg
null_ieg_0485_z	0.431690279087872	0.0681600105347307	208.749027039364	6.33348316265159	1.44698477706058e-09	basement_membrane_score_z	TRUE		null_ieg_0485	ieg
null_ieg_0485_z	0.167004472877081	0.0743569531378129	208.947491551192	2.24598327163239	0.0257515809543917	bm_minus_fibrillar_z	TRUE		null_ieg_0485	ieg
null_ieg_0486_z	0.430415812739874	0.0642149852085014	210.884512295952	6.70273163409359	1.83681969501446e-10	basement_membrane_score_z	TRUE		null_ieg_0486	ieg
null_ieg_0486_z	0.187273515676548	0.0703910766257186	204.681236038079	2.66047238732138	0.00842161265176488	bm_minus_fibrillar_z	TRUE		null_ieg_0486	ieg
null_ieg_0487_z	0.482638359093782	0.0614791080017032	210.33373555211	7.85044505005523	2.08379187452955e-13	basement_membrane_score_z	TRUE		null_ieg_0487	ieg
null_ieg_0487_z	0.29002104038616	0.067927785355388	208.904804305137	4.26954947623883	2.97196855782469e-05	bm_minus_fibrillar_z	TRUE		null_ieg_0487	ieg
null_ieg_0488_z	0.427293198322515	0.0642800011827383	210.848031213913	6.64737384039221	2.50912657101777e-10	basement_membrane_score_z	TRUE		null_ieg_0488	ieg
null_ieg_0488_z	0.142261866733661	0.070714200879998	204.719630982339	2.01178638750481	0.0455533066453832	bm_minus_fibrillar_z	TRUE		null_ieg_0488	ieg
null_ieg_0489_z	0.427293198322515	0.0642800011827383	210.848031213913	6.64737384039221	2.50912657101777e-10	basement_membrane_score_z	TRUE		null_ieg_0489	ieg
null_ieg_0489_z	0.142261866733661	0.070714200879998	204.719630982339	2.01178638750481	0.0455533066453832	bm_minus_fibrillar_z	TRUE		null_ieg_0489	ieg
null_ieg_0490_z	0.335512586742614	0.0705541335981203	210.962384613092	4.75539234389454	3.66694768380497e-06	basement_membrane_score_z	TRUE		null_ieg_0490	ieg
null_ieg_0490_z	0.0926647130906034	0.0745719790748895	206.0961346505	1.24262107885784	0.215419451604862	bm_minus_fibrillar_z	TRUE		null_ieg_0490	ieg
null_ieg_0491_z	0.497684998249111	0.0613582426911358	210.513812131872	8.11113513720317	4.10674603463615e-14	basement_membrane_score_z	TRUE		null_ieg_0491	ieg
null_ieg_0491_z	0.34244875769807	0.0671324559415683	207.705536200616	5.10109086424807	7.59744280774133e-07	bm_minus_fibrillar_z	TRUE		null_ieg_0491	ieg
null_ieg_0492_z	0.417416386836421	0.0688228614518456	208.699152099118	6.06508328818151	6.1073775525094e-09	basement_membrane_score_z	TRUE		null_ieg_0492	ieg
null_ieg_0492_z	0.183829161642606	0.0744537010490449	209.556793861879	2.46903994096294	0.0143474244278224	bm_minus_fibrillar_z	TRUE		null_ieg_0492	ieg
null_ieg_0493_z	0.364479185865508	0.0692968329474305	210.984504235639	5.25968028209899	3.53273842988647e-07	basement_membrane_score_z	TRUE		null_ieg_0493	ieg
null_ieg_0493_z	0.0712510905889129	0.0740637261393577	205.880050055961	0.962024114947274	0.337166015971828	bm_minus_fibrillar_z	TRUE		null_ieg_0493	ieg
null_ieg_0494_z	0.431690279087872	0.0681600105347307	208.749027039364	6.33348316265159	1.44698477706058e-09	basement_membrane_score_z	TRUE		null_ieg_0494	ieg
null_ieg_0494_z	0.167004472877081	0.0743569531378129	208.947491551192	2.24598327163239	0.0257515809543917	bm_minus_fibrillar_z	TRUE		null_ieg_0494	ieg
null_ieg_0495_z	0.508086083893826	0.060665239378368	209.744045211586	8.37524238097706	7.85452098719483e-15	basement_membrane_score_z	TRUE		null_ieg_0495	ieg
null_ieg_0495_z	0.339505819813614	0.0669388403879878	207.376881900477	5.0718808071037	8.72182991751522e-07	bm_minus_fibrillar_z	TRUE		null_ieg_0495	ieg
null_ieg_0496_z	0.461859596243629	0.0635869063897072	209.716957818088	7.26343869307016	7.28396558856035e-12	basement_membrane_score_z	TRUE		null_ieg_0496	ieg
null_ieg_0496_z	0.227855932778855	0.0703159143605982	208.98781527296	3.24046035454152	0.00138856814317053	bm_minus_fibrillar_z	TRUE		null_ieg_0496	ieg
null_ieg_0497_z	0.508634562852733	0.0606336610864736	210.959793184883	8.38865002935145	7.04267930777327e-15	basement_membrane_score_z	TRUE		null_ieg_0497	ieg
null_ieg_0497_z	0.34950340643878	0.066754792988074	209.406961725226	5.23563014420882	3.98922816554372e-07	bm_minus_fibrillar_z	TRUE		null_ieg_0497	ieg
null_ieg_0498_z	0.461859596243629	0.0635869063897072	209.716957818088	7.26343869307016	7.28396558856035e-12	basement_membrane_score_z	TRUE		null_ieg_0498	ieg
null_ieg_0498_z	0.227855932778855	0.0703159143605982	208.98781527296	3.24046035454152	0.00138856814317053	bm_minus_fibrillar_z	TRUE		null_ieg_0498	ieg
null_ieg_0499_z	0.460031596256033	0.0629868936403406	210.708866235492	7.30360825353359	5.67292539680668e-12	basement_membrane_score_z	TRUE		null_ieg_0499	ieg
null_ieg_0499_z	0.205401793901582	0.0699486652344687	202.483904917689	2.9364648090578	0.00370397795867436	bm_minus_fibrillar_z	TRUE		null_ieg_0499	ieg
null_ieg_0500_z	0.461859596243629	0.0635869063897072	209.716957818088	7.26343869307016	7.28396558856035e-12	basement_membrane_score_z	TRUE		null_ieg_0500	ieg
null_ieg_0500_z	0.227855932778855	0.0703159143605982	208.98781527296	3.24046035454152	0.00138856814317053	bm_minus_fibrillar_z	TRUE		null_ieg_0500	ieg
null_ieg_0501_z	0.339303503627651	0.0703244978576269	210.979603072773	4.82482653931744	2.68400930617626e-06	basement_membrane_score_z	TRUE		null_ieg_0501	ieg
null_ieg_0501_z	0.04442784775919	0.0745277638614811	206.485135794618	0.596124792389646	0.551744782218226	bm_minus_fibrillar_z	TRUE		null_ieg_0501	ieg
null_ieg_0502_z	0.43698799371372	0.0636580382054365	210.991013541259	6.86461609613977	7.31160223325218e-11	basement_membrane_score_z	TRUE		null_ieg_0502	ieg
null_ieg_0502_z	0.197531180208792	0.0700245216299287	206.399235956492	2.82088582129444	0.00525651505798512	bm_minus_fibrillar_z	TRUE		null_ieg_0502	ieg
null_ieg_0503_z	0.35449719535339	0.069802587067673	210.502303199173	5.07856814833679	8.36082874594166e-07	basement_membrane_score_z	TRUE		null_ieg_0503	ieg
null_ieg_0503_z	0.0963805954203393	0.0743495875398662	207.571974144212	1.29631647746075	0.196305850049066	bm_minus_fibrillar_z	TRUE		null_ieg_0503	ieg
null_ieg_0504_z	0.432452867637059	0.0684353590312781	207.806376006627	6.31914369645387	1.57555696034154e-09	basement_membrane_score_z	TRUE		null_ieg_0504	ieg
null_ieg_0504_z	0.205714679620107	0.0742498635223422	209.986376899081	2.77057316823494	0.00609761143768652	bm_minus_fibrillar_z	TRUE		null_ieg_0504	ieg
null_ieg_0505_z	0.486988735310773	0.0618872513682195	208.372219850838	7.86896694463397	1.91788712189275e-13	basement_membrane_score_z	TRUE		null_ieg_0505	ieg
null_ieg_0505_z	0.279409359276747	0.0683659356022485	205.981860586922	4.08696753456786	6.26141753731402e-05	bm_minus_fibrillar_z	TRUE		null_ieg_0505	ieg
null_ieg_0506_z	0.520445217368386	0.0603874385638392	210.113354343296	8.61843505447233	1.64122588527094e-15	basement_membrane_score_z	TRUE		null_ieg_0506	ieg
null_ieg_0506_z	0.35220646241214	0.0667571708741078	207.791966061713	5.2759345220956	3.30910293623801e-07	bm_minus_fibrillar_z	TRUE		null_ieg_0506	ieg
null_ieg_0507_z	0.485542828368719	0.0622803010991313	210.506829049322	7.79608993212609	2.90401394379428e-13	basement_membrane_score_z	TRUE		null_ieg_0507	ieg
null_ieg_0507_z	0.262564668194708	0.0693089125698008	209.067295236994	3.78832474005821	0.00019828160758013	bm_minus_fibrillar_z	TRUE		null_ieg_0507	ieg
null_ieg_0508_z	0.461859596243629	0.0635869063897072	209.716957818088	7.26343869307016	7.28396558856035e-12	basement_membrane_score_z	TRUE		null_ieg_0508	ieg
null_ieg_0508_z	0.227855932778855	0.0703159143605982	208.98781527296	3.24046035454152	0.00138856814317053	bm_minus_fibrillar_z	TRUE		null_ieg_0508	ieg
null_ieg_0509_z	0.460031596256033	0.0629868936403406	210.708866235492	7.30360825353359	5.67292539680668e-12	basement_membrane_score_z	TRUE		null_ieg_0509	ieg
null_ieg_0509_z	0.205401793901582	0.0699486652344687	202.483904917689	2.9364648090578	0.00370397795867436	bm_minus_fibrillar_z	TRUE		null_ieg_0509	ieg
null_ieg_0510_z	0.331851079918328	0.070868025453932	210.9418816397	4.68266298930608	5.06651742393614e-06	basement_membrane_score_z	TRUE		null_ieg_0510	ieg
null_ieg_0510_z	0.0897408150360121	0.0747960272847275	206.777987834516	1.19980723968659	0.231587106977388	bm_minus_fibrillar_z	TRUE		null_ieg_0510	ieg
null_ieg_0511_z	0.351709797896523	0.0697984074681967	210.981784544922	5.03893728602301	1.00459030868602e-06	basement_membrane_score_z	TRUE		null_ieg_0511	ieg
null_ieg_0511_z	0.0869442500774006	0.0742346940196153	206.485483471797	1.17120776512431	0.242865036041882	bm_minus_fibrillar_z	TRUE		null_ieg_0511	ieg
null_ieg_0512_z	0.492584407966035	0.0620996399361162	210.479888288906	7.93216206201472	1.254309293172e-13	basement_membrane_score_z	TRUE		null_ieg_0512	ieg
null_ieg_0512_z	0.249757945490209	0.0695950289456186	207.462823694903	3.58873254705259	0.000414619680569682	bm_minus_fibrillar_z	TRUE		null_ieg_0512	ieg
null_ieg_0513_z	0.514924733404506	0.0610759754845189	210.104218826799	8.43088840283894	5.47013809200708e-15	basement_membrane_score_z	TRUE		null_ieg_0513	ieg
null_ieg_0513_z	0.343084744860719	0.0672895848872542	207.27309517051	5.09863072324741	7.69770492551267e-07	bm_minus_fibrillar_z	TRUE		null_ieg_0513	ieg
null_ieg_0514_z	0.460031596256033	0.0629868936403406	210.708866235492	7.30360825353359	5.67292539680668e-12	basement_membrane_score_z	TRUE		null_ieg_0514	ieg
null_ieg_0514_z	0.205401793901582	0.0699486652344687	202.483904917689	2.9364648090578	0.00370397795867436	bm_minus_fibrillar_z	TRUE		null_ieg_0514	ieg
null_ieg_0515_z	0.473352549262593	0.0620857675563399	209.447135011628	7.62417165629865	8.42788803632677e-13	basement_membrane_score_z	TRUE		null_ieg_0515	ieg
null_ieg_0515_z	0.279403897757749	0.0682575177649825	207.343351941453	4.09337911641858	6.08965442450121e-05	bm_minus_fibrillar_z	TRUE		null_ieg_0515	ieg
null_ieg_0516_z	0.486823846906525	0.0628755672423128	209.834758182515	7.74265534703456	4.07131263873176e-13	basement_membrane_score_z	TRUE		null_ieg_0516	ieg
null_ieg_0516_z	0.265739349481017	0.0698531113185438	209.441131586059	3.80425931594075	0.000186633618627377	bm_minus_fibrillar_z	TRUE		null_ieg_0516	ieg
null_ieg_0517_z	0.497684998249111	0.0613582426911358	210.513812131872	8.11113513720317	4.10674603463615e-14	basement_membrane_score_z	TRUE		null_ieg_0517	ieg
null_ieg_0517_z	0.34244875769807	0.0671324559415683	207.705536200616	5.10109086424807	7.59744280774133e-07	bm_minus_fibrillar_z	TRUE		null_ieg_0517	ieg
null_ieg_0518_z	0.445695886505357	0.0635802380436167	210.799818421518	7.00997511521748	3.17127477339969e-11	basement_membrane_score_z	TRUE		null_ieg_0518	ieg
null_ieg_0518_z	0.164437939354783	0.0704040377076809	203.821622938308	2.33563222662787	0.0204825551371837	bm_minus_fibrillar_z	TRUE		null_ieg_0518	ieg
null_ieg_0519_z	0.482638359093782	0.0614791080017032	210.33373555211	7.85044505005523	2.08379187452955e-13	basement_membrane_score_z	TRUE		null_ieg_0519	ieg
null_ieg_0519_z	0.29002104038616	0.067927785355388	208.904804305137	4.26954947623883	2.97196855782469e-05	bm_minus_fibrillar_z	TRUE		null_ieg_0519	ieg
null_ieg_0520_z	0.440857633614277	0.0641940483279189	210.81864051447	6.86757799355897	7.20100401535388e-11	basement_membrane_score_z	TRUE		null_ieg_0520	ieg
null_ieg_0520_z	0.184106918203905	0.0706215121288512	204.885929115192	2.60695236697844	0.00980676884623707	bm_minus_fibrillar_z	TRUE		null_ieg_0520	ieg
null_ieg_0521_z	0.481048731081367	0.062312427640303	209.049727233312	7.71994848055365	4.73293524595466e-13	basement_membrane_score_z	TRUE		null_ieg_0521	ieg
null_ieg_0521_z	0.27362396209114	0.0689975911024922	210.547278361953	3.96570311686224	0.000100282024037537	bm_minus_fibrillar_z	TRUE		null_ieg_0521	ieg
null_ieg_0522_z	0.475006267081108	0.0629471362688143	210.123850823214	7.54611401307607	1.33887452073502e-12	basement_membrane_score_z	TRUE		null_ieg_0522	ieg
null_ieg_0522_z	0.268618019378273	0.069464140684337	209.292789480169	3.867002697103	0.000147067332435221	bm_minus_fibrillar_z	TRUE		null_ieg_0522	ieg
null_ieg_0523_z	0.475006267081108	0.0629471362688143	210.123850823214	7.54611401307607	1.33887452073502e-12	basement_membrane_score_z	TRUE		null_ieg_0523	ieg
null_ieg_0523_z	0.268618019378273	0.069464140684337	209.292789480169	3.867002697103	0.000147067332435221	bm_minus_fibrillar_z	TRUE		null_ieg_0523	ieg
null_ieg_0524_z	0.503160733680175	0.0609391887962706	209.175154084139	8.25676783067004	1.68269942223993e-14	basement_membrane_score_z	TRUE		null_ieg_0524	ieg
null_ieg_0524_z	0.278028272939194	0.0682526731020926	207.200814720968	4.07351478415092	6.59258503682027e-05	bm_minus_fibrillar_z	TRUE		null_ieg_0524	ieg
null_ieg_0525_z	0.431690279087872	0.0681600105347307	208.749027039364	6.33348316265159	1.44698477706058e-09	basement_membrane_score_z	TRUE		null_ieg_0525	ieg
null_ieg_0525_z	0.167004472877081	0.0743569531378129	208.947491551192	2.24598327163239	0.0257515809543917	bm_minus_fibrillar_z	TRUE		null_ieg_0525	ieg
null_ieg_0526_z	0.497684998249111	0.0613582426911358	210.513812131872	8.11113513720317	4.10674603463615e-14	basement_membrane_score_z	TRUE		null_ieg_0526	ieg
null_ieg_0526_z	0.34244875769807	0.0671324559415683	207.705536200616	5.10109086424807	7.59744280774133e-07	bm_minus_fibrillar_z	TRUE		null_ieg_0526	ieg
null_ieg_0527_z	0.514924733404506	0.0610759754845189	210.104218826799	8.43088840283894	5.47013809200708e-15	basement_membrane_score_z	TRUE		null_ieg_0527	ieg
null_ieg_0527_z	0.343084744860719	0.0672895848872542	207.27309517051	5.09863072324741	7.69770492551267e-07	bm_minus_fibrillar_z	TRUE		null_ieg_0527	ieg
null_ieg_0528_z	0.482638359093782	0.0614791080017032	210.33373555211	7.85044505005523	2.08379187452955e-13	basement_membrane_score_z	TRUE		null_ieg_0528	ieg
null_ieg_0528_z	0.29002104038616	0.067927785355388	208.904804305137	4.26954947623883	2.97196855782469e-05	bm_minus_fibrillar_z	TRUE		null_ieg_0528	ieg
null_ieg_0529_z	0.417277489610885	0.0687893354983985	206.022084509862	6.06602006819211	6.18686521731902e-09	basement_membrane_score_z	TRUE		null_ieg_0529	ieg
null_ieg_0529_z	0.19326995339371	0.0743949672267255	210.721790467563	2.59789016110058	0.010041584592287	bm_minus_fibrillar_z	TRUE		null_ieg_0529	ieg
null_ieg_0530_z	0.331851079918328	0.070868025453932	210.9418816397	4.68266298930608	5.06651742393614e-06	basement_membrane_score_z	TRUE		null_ieg_0530	ieg
null_ieg_0530_z	0.0897408150360121	0.0747960272847275	206.777987834516	1.19980723968659	0.231587106977388	bm_minus_fibrillar_z	TRUE		null_ieg_0530	ieg
null_ieg_0531_z	0.339303503627651	0.0703244978576269	210.979603072773	4.82482653931744	2.68400930617626e-06	basement_membrane_score_z	TRUE		null_ieg_0531	ieg
null_ieg_0531_z	0.04442784775919	0.0745277638614811	206.485135794618	0.596124792389646	0.551744782218226	bm_minus_fibrillar_z	TRUE		null_ieg_0531	ieg
null_ieg_0532_z	0.364479185865508	0.0692968329474305	210.984504235639	5.25968028209899	3.53273842988647e-07	basement_membrane_score_z	TRUE		null_ieg_0532	ieg
null_ieg_0532_z	0.0712510905889129	0.0740637261393577	205.880050055961	0.962024114947274	0.337166015971828	bm_minus_fibrillar_z	TRUE		null_ieg_0532	ieg
null_ieg_0533_z	0.351709797896523	0.0697984074681967	210.981784544922	5.03893728602301	1.00459030868602e-06	basement_membrane_score_z	TRUE		null_ieg_0533	ieg
null_ieg_0533_z	0.0869442500774006	0.0742346940196153	206.485483471797	1.17120776512431	0.242865036041882	bm_minus_fibrillar_z	TRUE		null_ieg_0533	ieg
null_ieg_0534_z	0.431690279087872	0.0681600105347307	208.749027039364	6.33348316265159	1.44698477706058e-09	basement_membrane_score_z	TRUE		null_ieg_0534	ieg
null_ieg_0534_z	0.167004472877081	0.0743569531378129	208.947491551192	2.24598327163239	0.0257515809543917	bm_minus_fibrillar_z	TRUE		null_ieg_0534	ieg
null_ieg_0535_z	0.492584407966035	0.0620996399361162	210.479888288906	7.93216206201472	1.254309293172e-13	basement_membrane_score_z	TRUE		null_ieg_0535	ieg
null_ieg_0535_z	0.249757945490209	0.0695950289456186	207.462823694903	3.58873254705259	0.000414619680569682	bm_minus_fibrillar_z	TRUE		null_ieg_0535	ieg
null_ieg_0536_z	0.503160733680175	0.0609391887962706	209.175154084139	8.25676783067004	1.68269942223993e-14	basement_membrane_score_z	TRUE		null_ieg_0536	ieg
null_ieg_0536_z	0.278028272939194	0.0682526731020926	207.200814720968	4.07351478415092	6.59258503682027e-05	bm_minus_fibrillar_z	TRUE		null_ieg_0536	ieg
null_ieg_0537_z	0.48165857595815	0.0614609513273797	208.907309598447	7.83682265821974	2.31767625518718e-13	basement_membrane_score_z	TRUE		null_ieg_0537	ieg
null_ieg_0537_z	0.273455932530812	0.0680897082310319	207.172228694462	4.0161125614309	8.2728558388212e-05	bm_minus_fibrillar_z	TRUE		null_ieg_0537	ieg
null_ieg_0538_z	0.398246536380876	0.0695800995187402	208.505203536282	5.72356951391849	3.59759853607217e-08	basement_membrane_score_z	TRUE		null_ieg_0538	ieg
null_ieg_0538_z	0.18992703490147	0.0746057124756352	209.506356360275	2.54574386597403	0.0116234546486797	bm_minus_fibrillar_z	TRUE		null_ieg_0538	ieg
null_ieg_0539_z	0.475006267081108	0.0629471362688143	210.123850823214	7.54611401307607	1.33887452073502e-12	basement_membrane_score_z	TRUE		null_ieg_0539	ieg
null_ieg_0539_z	0.268618019378273	0.069464140684337	209.292789480169	3.867002697103	0.000147067332435221	bm_minus_fibrillar_z	TRUE		null_ieg_0539	ieg
null_ieg_0540_z	0.486823846906525	0.0628755672423128	209.834758182515	7.74265534703456	4.07131263873176e-13	basement_membrane_score_z	TRUE		null_ieg_0540	ieg
null_ieg_0540_z	0.265739349481017	0.0698531113185438	209.441131586059	3.80425931594075	0.000186633618627377	bm_minus_fibrillar_z	TRUE		null_ieg_0540	ieg
null_ieg_0541_z	0.502729357365575	0.0616795408351254	210.349101666673	8.15066634022801	3.21359082117069e-14	basement_membrane_score_z	TRUE		null_ieg_0541	ieg
null_ieg_0541_z	0.27954190183698	0.0690314582337276	208.543444270205	4.04948568362128	7.23655228455366e-05	bm_minus_fibrillar_z	TRUE		null_ieg_0541	ieg
null_ieg_0542_z	0.431690279087872	0.0681600105347307	208.749027039364	6.33348316265159	1.44698477706058e-09	basement_membrane_score_z	TRUE		null_ieg_0542	ieg
null_ieg_0542_z	0.167004472877081	0.0743569531378129	208.947491551192	2.24598327163239	0.0257515809543917	bm_minus_fibrillar_z	TRUE		null_ieg_0542	ieg
null_ieg_0543_z	0.497684998249111	0.0613582426911358	210.513812131872	8.11113513720317	4.10674603463615e-14	basement_membrane_score_z	TRUE		null_ieg_0543	ieg
null_ieg_0543_z	0.34244875769807	0.0671324559415683	207.705536200616	5.10109086424807	7.59744280774133e-07	bm_minus_fibrillar_z	TRUE		null_ieg_0543	ieg
null_ieg_0544_z	0.432452867637059	0.0684353590312781	207.806376006627	6.31914369645387	1.57555696034154e-09	basement_membrane_score_z	TRUE		null_ieg_0544	ieg
null_ieg_0544_z	0.205714679620107	0.0742498635223422	209.986376899081	2.77057316823494	0.00609761143768652	bm_minus_fibrillar_z	TRUE		null_ieg_0544	ieg
null_ieg_0545_z	0.508634562852733	0.0606336610864736	210.959793184883	8.38865002935145	7.04267930777327e-15	basement_membrane_score_z	TRUE		null_ieg_0545	ieg
null_ieg_0545_z	0.34950340643878	0.066754792988074	209.406961725226	5.23563014420882	3.98922816554372e-07	bm_minus_fibrillar_z	TRUE		null_ieg_0545	ieg
null_ieg_0546_z	0.339303503627651	0.0703244978576269	210.979603072773	4.82482653931744	2.68400930617626e-06	basement_membrane_score_z	TRUE		null_ieg_0546	ieg
null_ieg_0546_z	0.04442784775919	0.0745277638614811	206.485135794618	0.596124792389646	0.551744782218226	bm_minus_fibrillar_z	TRUE		null_ieg_0546	ieg
null_ieg_0547_z	0.469558975662443	0.0626642084951207	209.210371388874	7.49325630912589	1.86392767800025e-12	basement_membrane_score_z	TRUE		null_ieg_0547	ieg
null_ieg_0547_z	0.245950372398112	0.0692152323577739	206.849808117325	3.55341395268015	0.000471049552183346	bm_minus_fibrillar_z	TRUE		null_ieg_0547	ieg
null_ieg_0548_z	0.417416386836421	0.0688228614518456	208.699152099118	6.06508328818151	6.1073775525094e-09	basement_membrane_score_z	TRUE		null_ieg_0548	ieg
null_ieg_0548_z	0.183829161642606	0.0744537010490449	209.556793861879	2.46903994096294	0.0143474244278224	bm_minus_fibrillar_z	TRUE		null_ieg_0548	ieg
null_ieg_0549_z	0.397425307134262	0.070014133384432	207.449583003767	5.67635829971769	4.59684592234591e-08	basement_membrane_score_z	TRUE		null_ieg_0549	ieg
null_ieg_0549_z	0.183838795761313	0.0750398412197229	210.257472447283	2.44988252604397	0.0151079705350005	bm_minus_fibrillar_z	TRUE		null_ieg_0549	ieg
null_ieg_0550_z	0.497684998249111	0.0613582426911358	210.513812131872	8.11113513720317	4.10674603463615e-14	basement_membrane_score_z	TRUE		null_ieg_0550	ieg
null_ieg_0550_z	0.34244875769807	0.0671324559415683	207.705536200616	5.10109086424807	7.59744280774133e-07	bm_minus_fibrillar_z	TRUE		null_ieg_0550	ieg
null_ieg_0551_z	0.417277489610885	0.0687893354983985	206.022084509862	6.06602006819211	6.18686521731902e-09	basement_membrane_score_z	TRUE		null_ieg_0551	ieg
null_ieg_0551_z	0.19326995339371	0.0743949672267255	210.721790467563	2.59789016110058	0.010041584592287	bm_minus_fibrillar_z	TRUE		null_ieg_0551	ieg
null_ieg_0552_z	0.371155960960602	0.0693196736101457	210.822641209909	5.35426584735505	2.23727399245506e-07	basement_membrane_score_z	TRUE		null_ieg_0552	ieg
null_ieg_0552_z	0.114890963728323	0.0741357000753093	207.109482845749	1.54973870364229	0.122730949885698	bm_minus_fibrillar_z	TRUE		null_ieg_0552	ieg
null_ieg_0553_z	0.499437069429391	0.0617886822322538	210.73067413392	8.08298625874697	4.88043907232214e-14	basement_membrane_score_z	TRUE		null_ieg_0553	ieg
null_ieg_0553_z	0.309553069189391	0.068311359147578	207.8030828497	4.53150212573931	9.87480848611047e-06	bm_minus_fibrillar_z	TRUE		null_ieg_0553	ieg
null_ieg_0554_z	0.502729357365575	0.0616795408351254	210.349101666673	8.15066634022801	3.21359082117069e-14	basement_membrane_score_z	TRUE		null_ieg_0554	ieg
null_ieg_0554_z	0.27954190183698	0.0690314582337276	208.543444270205	4.04948568362128	7.23655228455366e-05	bm_minus_fibrillar_z	TRUE		null_ieg_0554	ieg
null_ieg_0555_z	0.508086083893826	0.060665239378368	209.744045211586	8.37524238097706	7.85452098719483e-15	basement_membrane_score_z	TRUE		null_ieg_0555	ieg
null_ieg_0555_z	0.339505819813614	0.0669388403879878	207.376881900477	5.0718808071037	8.72182991751522e-07	bm_minus_fibrillar_z	TRUE		null_ieg_0555	ieg
null_ieg_0556_z	0.514924733404506	0.0610759754845189	210.104218826799	8.43088840283894	5.47013809200708e-15	basement_membrane_score_z	TRUE		null_ieg_0556	ieg
null_ieg_0556_z	0.343084744860719	0.0672895848872542	207.27309517051	5.09863072324741	7.69770492551267e-07	bm_minus_fibrillar_z	TRUE		null_ieg_0556	ieg
null_ieg_0557_z	0.44191745657883	0.0635705783081694	210.706682572755	6.95160353011984	4.44842969504618e-11	basement_membrane_score_z	TRUE		null_ieg_0557	ieg
null_ieg_0557_z	0.181659271029096	0.0701798015766014	204.727129915053	2.58848367974957	0.0103310543498252	bm_minus_fibrillar_z	TRUE		null_ieg_0557	ieg
null_ieg_0558_z	0.482638359093782	0.0614791080017032	210.33373555211	7.85044505005523	2.08379187452955e-13	basement_membrane_score_z	TRUE		null_ieg_0558	ieg
null_ieg_0558_z	0.29002104038616	0.067927785355388	208.904804305137	4.26954947623883	2.97196855782469e-05	bm_minus_fibrillar_z	TRUE		null_ieg_0558	ieg
null_ieg_0559_z	0.460031596256033	0.0629868936403406	210.708866235492	7.30360825353359	5.67292539680668e-12	basement_membrane_score_z	TRUE		null_ieg_0559	ieg
null_ieg_0559_z	0.205401793901582	0.0699486652344687	202.483904917689	2.9364648090578	0.00370397795867436	bm_minus_fibrillar_z	TRUE		null_ieg_0559	ieg
null_ieg_0560_z	0.445695886505357	0.0635802380436167	210.799818421518	7.00997511521748	3.17127477339969e-11	basement_membrane_score_z	TRUE		null_ieg_0560	ieg
null_ieg_0560_z	0.164437939354783	0.0704040377076809	203.821622938308	2.33563222662787	0.0204825551371837	bm_minus_fibrillar_z	TRUE		null_ieg_0560	ieg
null_ieg_0561_z	0.417277489610885	0.0687893354983985	206.022084509862	6.06602006819211	6.18686521731902e-09	basement_membrane_score_z	TRUE		null_ieg_0561	ieg
null_ieg_0561_z	0.19326995339371	0.0743949672267255	210.721790467563	2.59789016110058	0.010041584592287	bm_minus_fibrillar_z	TRUE		null_ieg_0561	ieg
null_ieg_0562_z	0.364479185865508	0.0692968329474305	210.984504235639	5.25968028209899	3.53273842988647e-07	basement_membrane_score_z	TRUE		null_ieg_0562	ieg
null_ieg_0562_z	0.0712510905889129	0.0740637261393577	205.880050055961	0.962024114947274	0.337166015971828	bm_minus_fibrillar_z	TRUE		null_ieg_0562	ieg
null_ieg_0563_z	0.40267552906296	0.0694196218167027	208.214471234613	5.80060101920742	2.43072721563934e-08	basement_membrane_score_z	TRUE		null_ieg_0563	ieg
null_ieg_0563_z	0.135073319425526	0.0750360487055245	209.575251232678	1.80011236939747	0.0732809821684438	bm_minus_fibrillar_z	TRUE		null_ieg_0563	ieg
null_ieg_0564_z	0.482638359093782	0.0614791080017032	210.33373555211	7.85044505005523	2.08379187452955e-13	basement_membrane_score_z	TRUE		null_ieg_0564	ieg
null_ieg_0564_z	0.29002104038616	0.067927785355388	208.904804305137	4.26954947623883	2.97196855782469e-05	bm_minus_fibrillar_z	TRUE		null_ieg_0564	ieg
null_ieg_0565_z	0.398246536380876	0.0695800995187402	208.505203536282	5.72356951391849	3.59759853607217e-08	basement_membrane_score_z	TRUE		null_ieg_0565	ieg
null_ieg_0565_z	0.18992703490147	0.0746057124756352	209.506356360275	2.54574386597403	0.0116234546486797	bm_minus_fibrillar_z	TRUE		null_ieg_0565	ieg
null_ieg_0566_z	0.417416386836421	0.0688228614518456	208.699152099118	6.06508328818151	6.1073775525094e-09	basement_membrane_score_z	TRUE		null_ieg_0566	ieg
null_ieg_0566_z	0.183829161642606	0.0744537010490449	209.556793861879	2.46903994096294	0.0143474244278224	bm_minus_fibrillar_z	TRUE		null_ieg_0566	ieg
null_ieg_0567_z	0.430415812739874	0.0642149852085014	210.884512295952	6.70273163409359	1.83681969501446e-10	basement_membrane_score_z	TRUE		null_ieg_0567	ieg
null_ieg_0567_z	0.187273515676548	0.0703910766257186	204.681236038079	2.66047238732138	0.00842161265176488	bm_minus_fibrillar_z	TRUE		null_ieg_0567	ieg
null_ieg_0568_z	0.335512586742614	0.0705541335981203	210.962384613092	4.75539234389454	3.66694768380497e-06	basement_membrane_score_z	TRUE		null_ieg_0568	ieg
null_ieg_0568_z	0.0926647130906034	0.0745719790748895	206.0961346505	1.24262107885784	0.215419451604862	bm_minus_fibrillar_z	TRUE		null_ieg_0568	ieg
null_ieg_0569_z	0.432452867637059	0.0684353590312781	207.806376006627	6.31914369645387	1.57555696034154e-09	basement_membrane_score_z	TRUE		null_ieg_0569	ieg
null_ieg_0569_z	0.205714679620107	0.0742498635223422	209.986376899081	2.77057316823494	0.00609761143768652	bm_minus_fibrillar_z	TRUE		null_ieg_0569	ieg
null_ieg_0570_z	0.364479185865508	0.0692968329474305	210.984504235639	5.25968028209899	3.53273842988647e-07	basement_membrane_score_z	TRUE		null_ieg_0570	ieg
null_ieg_0570_z	0.0712510905889129	0.0740637261393577	205.880050055961	0.962024114947274	0.337166015971828	bm_minus_fibrillar_z	TRUE		null_ieg_0570	ieg
null_ieg_0571_z	0.532468011114989	0.0599089731192829	210.281747675125	8.88795089267861	2.83934947400888e-16	basement_membrane_score_z	TRUE		null_ieg_0571	ieg
null_ieg_0571_z	0.344774663763521	0.067060160196657	206.71065313567	5.14127408512675	6.31134237091996e-07	bm_minus_fibrillar_z	TRUE		null_ieg_0571	ieg
null_ieg_0572_z	0.398246536380876	0.0695800995187402	208.505203536282	5.72356951391849	3.59759853607217e-08	basement_membrane_score_z	TRUE		null_ieg_0572	ieg
null_ieg_0572_z	0.18992703490147	0.0746057124756352	209.506356360275	2.54574386597403	0.0116234546486797	bm_minus_fibrillar_z	TRUE		null_ieg_0572	ieg
null_ieg_0573_z	0.398246536380876	0.0695800995187402	208.505203536282	5.72356951391849	3.59759853607217e-08	basement_membrane_score_z	TRUE		null_ieg_0573	ieg
null_ieg_0573_z	0.18992703490147	0.0746057124756352	209.506356360275	2.54574386597403	0.0116234546486797	bm_minus_fibrillar_z	TRUE		null_ieg_0573	ieg
null_ieg_0574_z	0.482638359093782	0.0614791080017032	210.33373555211	7.85044505005523	2.08379187452955e-13	basement_membrane_score_z	TRUE		null_ieg_0574	ieg
null_ieg_0574_z	0.29002104038616	0.067927785355388	208.904804305137	4.26954947623883	2.97196855782469e-05	bm_minus_fibrillar_z	TRUE		null_ieg_0574	ieg
null_ieg_0575_z	0.40267552906296	0.0694196218167027	208.214471234613	5.80060101920742	2.43072721563934e-08	basement_membrane_score_z	TRUE		null_ieg_0575	ieg
null_ieg_0575_z	0.135073319425526	0.0750360487055245	209.575251232678	1.80011236939747	0.0732809821684438	bm_minus_fibrillar_z	TRUE		null_ieg_0575	ieg
null_ieg_0576_z	0.492584407966035	0.0620996399361162	210.479888288906	7.93216206201472	1.254309293172e-13	basement_membrane_score_z	TRUE		null_ieg_0576	ieg
null_ieg_0576_z	0.249757945490209	0.0695950289456186	207.462823694903	3.58873254705259	0.000414619680569682	bm_minus_fibrillar_z	TRUE		null_ieg_0576	ieg
null_ieg_0577_z	0.532468011114989	0.0599089731192829	210.281747675125	8.88795089267861	2.83934947400888e-16	basement_membrane_score_z	TRUE		null_ieg_0577	ieg
null_ieg_0577_z	0.344774663763521	0.067060160196657	206.71065313567	5.14127408512675	6.31134237091996e-07	bm_minus_fibrillar_z	TRUE		null_ieg_0577	ieg
null_ieg_0578_z	0.44191745657883	0.0635705783081694	210.706682572755	6.95160353011984	4.44842969504618e-11	basement_membrane_score_z	TRUE		null_ieg_0578	ieg
null_ieg_0578_z	0.181659271029096	0.0701798015766014	204.727129915053	2.58848367974957	0.0103310543498252	bm_minus_fibrillar_z	TRUE		null_ieg_0578	ieg
null_ieg_0579_z	0.485542828368719	0.0622803010991313	210.506829049322	7.79608993212609	2.90401394379428e-13	basement_membrane_score_z	TRUE		null_ieg_0579	ieg
null_ieg_0579_z	0.262564668194708	0.0693089125698008	209.067295236994	3.78832474005821	0.00019828160758013	bm_minus_fibrillar_z	TRUE		null_ieg_0579	ieg
null_ieg_0580_z	0.364479185865508	0.0692968329474305	210.984504235639	5.25968028209899	3.53273842988647e-07	basement_membrane_score_z	TRUE		null_ieg_0580	ieg
null_ieg_0580_z	0.0712510905889129	0.0740637261393577	205.880050055961	0.962024114947274	0.337166015971828	bm_minus_fibrillar_z	TRUE		null_ieg_0580	ieg
null_ieg_0581_z	0.427293198322515	0.0642800011827383	210.848031213913	6.64737384039221	2.50912657101777e-10	basement_membrane_score_z	TRUE		null_ieg_0581	ieg
null_ieg_0581_z	0.142261866733661	0.070714200879998	204.719630982339	2.01178638750481	0.0455533066453832	bm_minus_fibrillar_z	TRUE		null_ieg_0581	ieg
null_ieg_0582_z	0.495880111688128	0.0611797862916463	209.299546119445	8.10529329612642	4.35156144598835e-14	basement_membrane_score_z	TRUE		null_ieg_0582	ieg
null_ieg_0582_z	0.292161365951417	0.0679283045239529	207.434450307297	4.30102544144018	2.6169204663372e-05	bm_minus_fibrillar_z	TRUE		null_ieg_0582	ieg
null_ieg_0583_z	0.417416386836421	0.0688228614518456	208.699152099118	6.06508328818151	6.1073775525094e-09	basement_membrane_score_z	TRUE		null_ieg_0583	ieg
null_ieg_0583_z	0.183829161642606	0.0744537010490449	209.556793861879	2.46903994096294	0.0143474244278224	bm_minus_fibrillar_z	TRUE		null_ieg_0583	ieg
null_ieg_0584_z	0.398246536380876	0.0695800995187402	208.505203536282	5.72356951391849	3.59759853607217e-08	basement_membrane_score_z	TRUE		null_ieg_0584	ieg
null_ieg_0584_z	0.18992703490147	0.0746057124756352	209.506356360275	2.54574386597403	0.0116234546486797	bm_minus_fibrillar_z	TRUE		null_ieg_0584	ieg
null_ieg_0585_z	0.503160733680175	0.0609391887962706	209.175154084139	8.25676783067004	1.68269942223993e-14	basement_membrane_score_z	TRUE		null_ieg_0585	ieg
null_ieg_0585_z	0.278028272939194	0.0682526731020926	207.200814720968	4.07351478415092	6.59258503682027e-05	bm_minus_fibrillar_z	TRUE		null_ieg_0585	ieg
null_ieg_0586_z	0.482638359093782	0.0614791080017032	210.33373555211	7.85044505005523	2.08379187452955e-13	basement_membrane_score_z	TRUE		null_ieg_0586	ieg
null_ieg_0586_z	0.29002104038616	0.067927785355388	208.904804305137	4.26954947623883	2.97196855782469e-05	bm_minus_fibrillar_z	TRUE		null_ieg_0586	ieg
null_ieg_0587_z	0.427293198322515	0.0642800011827383	210.848031213913	6.64737384039221	2.50912657101777e-10	basement_membrane_score_z	TRUE		null_ieg_0587	ieg
null_ieg_0587_z	0.142261866733661	0.070714200879998	204.719630982339	2.01178638750481	0.0455533066453832	bm_minus_fibrillar_z	TRUE		null_ieg_0587	ieg
null_ieg_0588_z	0.485542828368719	0.0622803010991313	210.506829049322	7.79608993212609	2.90401394379428e-13	basement_membrane_score_z	TRUE		null_ieg_0588	ieg
null_ieg_0588_z	0.262564668194708	0.0693089125698008	209.067295236994	3.78832474005821	0.00019828160758013	bm_minus_fibrillar_z	TRUE		null_ieg_0588	ieg
null_ieg_0589_z	0.339303503627651	0.0703244978576269	210.979603072773	4.82482653931744	2.68400930617626e-06	basement_membrane_score_z	TRUE		null_ieg_0589	ieg
null_ieg_0589_z	0.04442784775919	0.0745277638614811	206.485135794618	0.596124792389646	0.551744782218226	bm_minus_fibrillar_z	TRUE		null_ieg_0589	ieg
null_ieg_0590_z	0.432452867637059	0.0684353590312781	207.806376006627	6.31914369645387	1.57555696034154e-09	basement_membrane_score_z	TRUE		null_ieg_0590	ieg
null_ieg_0590_z	0.205714679620107	0.0742498635223422	209.986376899081	2.77057316823494	0.00609761143768652	bm_minus_fibrillar_z	TRUE		null_ieg_0590	ieg
null_ieg_0591_z	0.339303503627651	0.0703244978576269	210.979603072773	4.82482653931744	2.68400930617626e-06	basement_membrane_score_z	TRUE		null_ieg_0591	ieg
null_ieg_0591_z	0.04442784775919	0.0745277638614811	206.485135794618	0.596124792389646	0.551744782218226	bm_minus_fibrillar_z	TRUE		null_ieg_0591	ieg
null_ieg_0592_z	0.492584407966035	0.0620996399361162	210.479888288906	7.93216206201472	1.254309293172e-13	basement_membrane_score_z	TRUE		null_ieg_0592	ieg
null_ieg_0592_z	0.249757945490209	0.0695950289456186	207.462823694903	3.58873254705259	0.000414619680569682	bm_minus_fibrillar_z	TRUE		null_ieg_0592	ieg
null_ieg_0593_z	0.331851079918328	0.070868025453932	210.9418816397	4.68266298930608	5.06651742393614e-06	basement_membrane_score_z	TRUE		null_ieg_0593	ieg
null_ieg_0593_z	0.0897408150360121	0.0747960272847275	206.777987834516	1.19980723968659	0.231587106977388	bm_minus_fibrillar_z	TRUE		null_ieg_0593	ieg
null_ieg_0594_z	0.508086083893826	0.060665239378368	209.744045211586	8.37524238097706	7.85452098719483e-15	basement_membrane_score_z	TRUE		null_ieg_0594	ieg
null_ieg_0594_z	0.339505819813614	0.0669388403879878	207.376881900477	5.0718808071037	8.72182991751522e-07	bm_minus_fibrillar_z	TRUE		null_ieg_0594	ieg
null_ieg_0595_z	0.482638359093782	0.0614791080017032	210.33373555211	7.85044505005523	2.08379187452955e-13	basement_membrane_score_z	TRUE		null_ieg_0595	ieg
null_ieg_0595_z	0.29002104038616	0.067927785355388	208.904804305137	4.26954947623883	2.97196855782469e-05	bm_minus_fibrillar_z	TRUE		null_ieg_0595	ieg
null_ieg_0596_z	0.502729357365575	0.0616795408351254	210.349101666673	8.15066634022801	3.21359082117069e-14	basement_membrane_score_z	TRUE		null_ieg_0596	ieg
null_ieg_0596_z	0.27954190183698	0.0690314582337276	208.543444270205	4.04948568362128	7.23655228455366e-05	bm_minus_fibrillar_z	TRUE		null_ieg_0596	ieg
null_ieg_0597_z	0.40267552906296	0.0694196218167027	208.214471234613	5.80060101920742	2.43072721563934e-08	basement_membrane_score_z	TRUE		null_ieg_0597	ieg
null_ieg_0597_z	0.135073319425526	0.0750360487055245	209.575251232678	1.80011236939747	0.0732809821684438	bm_minus_fibrillar_z	TRUE		null_ieg_0597	ieg
null_ieg_0598_z	0.339303503627651	0.0703244978576269	210.979603072773	4.82482653931744	2.68400930617626e-06	basement_membrane_score_z	TRUE		null_ieg_0598	ieg
null_ieg_0598_z	0.04442784775919	0.0745277638614811	206.485135794618	0.596124792389646	0.551744782218226	bm_minus_fibrillar_z	TRUE		null_ieg_0598	ieg
null_ieg_0599_z	0.432452867637059	0.0684353590312781	207.806376006627	6.31914369645387	1.57555696034154e-09	basement_membrane_score_z	TRUE		null_ieg_0599	ieg
null_ieg_0599_z	0.205714679620107	0.0742498635223422	209.986376899081	2.77057316823494	0.00609761143768652	bm_minus_fibrillar_z	TRUE		null_ieg_0599	ieg
null_ieg_0600_z	0.417277489610885	0.0687893354983985	206.022084509862	6.06602006819211	6.18686521731902e-09	basement_membrane_score_z	TRUE		null_ieg_0600	ieg
null_ieg_0600_z	0.19326995339371	0.0743949672267255	210.721790467563	2.59789016110058	0.010041584592287	bm_minus_fibrillar_z	TRUE		null_ieg_0600	ieg
null_ieg_0601_z	0.473352549262593	0.0620857675563399	209.447135011628	7.62417165629865	8.42788803632677e-13	basement_membrane_score_z	TRUE		null_ieg_0601	ieg
null_ieg_0601_z	0.279403897757749	0.0682575177649825	207.343351941453	4.09337911641858	6.08965442450121e-05	bm_minus_fibrillar_z	TRUE		null_ieg_0601	ieg
null_ieg_0602_z	0.495880111688128	0.0611797862916463	209.299546119445	8.10529329612642	4.35156144598835e-14	basement_membrane_score_z	TRUE		null_ieg_0602	ieg
null_ieg_0602_z	0.292161365951417	0.0679283045239529	207.434450307297	4.30102544144018	2.6169204663372e-05	bm_minus_fibrillar_z	TRUE		null_ieg_0602	ieg
null_ieg_0603_z	0.514924733404506	0.0610759754845189	210.104218826799	8.43088840283894	5.47013809200708e-15	basement_membrane_score_z	TRUE		null_ieg_0603	ieg
null_ieg_0603_z	0.343084744860719	0.0672895848872542	207.27309517051	5.09863072324741	7.69770492551267e-07	bm_minus_fibrillar_z	TRUE		null_ieg_0603	ieg
null_ieg_0604_z	0.469558975662443	0.0626642084951207	209.210371388874	7.49325630912589	1.86392767800025e-12	basement_membrane_score_z	TRUE		null_ieg_0604	ieg
null_ieg_0604_z	0.245950372398112	0.0692152323577739	206.849808117325	3.55341395268015	0.000471049552183346	bm_minus_fibrillar_z	TRUE		null_ieg_0604	ieg
null_ieg_0605_z	0.486823846906525	0.0628755672423128	209.834758182515	7.74265534703456	4.07131263873176e-13	basement_membrane_score_z	TRUE		null_ieg_0605	ieg
null_ieg_0605_z	0.265739349481017	0.0698531113185438	209.441131586059	3.80425931594075	0.000186633618627377	bm_minus_fibrillar_z	TRUE		null_ieg_0605	ieg
null_ieg_0606_z	0.398246536380876	0.0695800995187402	208.505203536282	5.72356951391849	3.59759853607217e-08	basement_membrane_score_z	TRUE		null_ieg_0606	ieg
null_ieg_0606_z	0.18992703490147	0.0746057124756352	209.506356360275	2.54574386597403	0.0116234546486797	bm_minus_fibrillar_z	TRUE		null_ieg_0606	ieg
null_ieg_0607_z	0.485542828368719	0.0622803010991313	210.506829049322	7.79608993212609	2.90401394379428e-13	basement_membrane_score_z	TRUE		null_ieg_0607	ieg
null_ieg_0607_z	0.262564668194708	0.0693089125698008	209.067295236994	3.78832474005821	0.00019828160758013	bm_minus_fibrillar_z	TRUE		null_ieg_0607	ieg
null_ieg_0608_z	0.481048731081367	0.062312427640303	209.049727233312	7.71994848055365	4.73293524595466e-13	basement_membrane_score_z	TRUE		null_ieg_0608	ieg
null_ieg_0608_z	0.27362396209114	0.0689975911024922	210.547278361953	3.96570311686224	0.000100282024037537	bm_minus_fibrillar_z	TRUE		null_ieg_0608	ieg
null_ieg_0609_z	0.40267552906296	0.0694196218167027	208.214471234613	5.80060101920742	2.43072721563934e-08	basement_membrane_score_z	TRUE		null_ieg_0609	ieg
null_ieg_0609_z	0.135073319425526	0.0750360487055245	209.575251232678	1.80011236939747	0.0732809821684438	bm_minus_fibrillar_z	TRUE		null_ieg_0609	ieg
null_ieg_0610_z	0.432452867637059	0.0684353590312781	207.806376006627	6.31914369645387	1.57555696034154e-09	basement_membrane_score_z	TRUE		null_ieg_0610	ieg
null_ieg_0610_z	0.205714679620107	0.0742498635223422	209.986376899081	2.77057316823494	0.00609761143768652	bm_minus_fibrillar_z	TRUE		null_ieg_0610	ieg
null_ieg_0611_z	0.503160733680175	0.0609391887962706	209.175154084139	8.25676783067004	1.68269942223993e-14	basement_membrane_score_z	TRUE		null_ieg_0611	ieg
null_ieg_0611_z	0.278028272939194	0.0682526731020926	207.200814720968	4.07351478415092	6.59258503682027e-05	bm_minus_fibrillar_z	TRUE		null_ieg_0611	ieg
null_ieg_0612_z	0.445695886505357	0.0635802380436167	210.799818421518	7.00997511521748	3.17127477339969e-11	basement_membrane_score_z	TRUE		null_ieg_0612	ieg
null_ieg_0612_z	0.164437939354783	0.0704040377076809	203.821622938308	2.33563222662787	0.0204825551371837	bm_minus_fibrillar_z	TRUE		null_ieg_0612	ieg
null_ieg_0613_z	0.473352549262593	0.0620857675563399	209.447135011628	7.62417165629865	8.42788803632677e-13	basement_membrane_score_z	TRUE		null_ieg_0613	ieg
null_ieg_0613_z	0.279403897757749	0.0682575177649825	207.343351941453	4.09337911641858	6.08965442450121e-05	bm_minus_fibrillar_z	TRUE		null_ieg_0613	ieg
null_ieg_0614_z	0.461859596243629	0.0635869063897072	209.716957818088	7.26343869307016	7.28396558856035e-12	basement_membrane_score_z	TRUE		null_ieg_0614	ieg
null_ieg_0614_z	0.227855932778855	0.0703159143605982	208.98781527296	3.24046035454152	0.00138856814317053	bm_minus_fibrillar_z	TRUE		null_ieg_0614	ieg
null_ieg_0615_z	0.445695886505357	0.0635802380436167	210.799818421518	7.00997511521748	3.17127477339969e-11	basement_membrane_score_z	TRUE		null_ieg_0615	ieg
null_ieg_0615_z	0.164437939354783	0.0704040377076809	203.821622938308	2.33563222662787	0.0204825551371837	bm_minus_fibrillar_z	TRUE		null_ieg_0615	ieg
null_ieg_0616_z	0.492584407966035	0.0620996399361162	210.479888288906	7.93216206201472	1.254309293172e-13	basement_membrane_score_z	TRUE		null_ieg_0616	ieg
null_ieg_0616_z	0.249757945490209	0.0695950289456186	207.462823694903	3.58873254705259	0.000414619680569682	bm_minus_fibrillar_z	TRUE		null_ieg_0616	ieg
null_ieg_0617_z	0.473352549262593	0.0620857675563399	209.447135011628	7.62417165629865	8.42788803632677e-13	basement_membrane_score_z	TRUE		null_ieg_0617	ieg
null_ieg_0617_z	0.279403897757749	0.0682575177649825	207.343351941453	4.09337911641858	6.08965442450121e-05	bm_minus_fibrillar_z	TRUE		null_ieg_0617	ieg
null_ieg_0618_z	0.508634562852733	0.0606336610864736	210.959793184883	8.38865002935145	7.04267930777327e-15	basement_membrane_score_z	TRUE		null_ieg_0618	ieg
null_ieg_0618_z	0.34950340643878	0.066754792988074	209.406961725226	5.23563014420882	3.98922816554372e-07	bm_minus_fibrillar_z	TRUE		null_ieg_0618	ieg
null_ieg_0619_z	0.503160733680175	0.0609391887962706	209.175154084139	8.25676783067004	1.68269942223993e-14	basement_membrane_score_z	TRUE		null_ieg_0619	ieg
null_ieg_0619_z	0.278028272939194	0.0682526731020926	207.200814720968	4.07351478415092	6.59258503682027e-05	bm_minus_fibrillar_z	TRUE		null_ieg_0619	ieg
null_ieg_0620_z	0.469558975662443	0.0626642084951207	209.210371388874	7.49325630912589	1.86392767800025e-12	basement_membrane_score_z	TRUE		null_ieg_0620	ieg
null_ieg_0620_z	0.245950372398112	0.0692152323577739	206.849808117325	3.55341395268015	0.000471049552183346	bm_minus_fibrillar_z	TRUE		null_ieg_0620	ieg
null_ieg_0621_z	0.440857633614277	0.0641940483279189	210.81864051447	6.86757799355897	7.20100401535388e-11	basement_membrane_score_z	TRUE		null_ieg_0621	ieg
null_ieg_0621_z	0.184106918203905	0.0706215121288512	204.885929115192	2.60695236697844	0.00980676884623707	bm_minus_fibrillar_z	TRUE		null_ieg_0621	ieg
null_ieg_0622_z	0.473352549262593	0.0620857675563399	209.447135011628	7.62417165629865	8.42788803632677e-13	basement_membrane_score_z	TRUE		null_ieg_0622	ieg
null_ieg_0622_z	0.279403897757749	0.0682575177649825	207.343351941453	4.09337911641858	6.08965442450121e-05	bm_minus_fibrillar_z	TRUE		null_ieg_0622	ieg
null_ieg_0623_z	0.460031596256033	0.0629868936403406	210.708866235492	7.30360825353359	5.67292539680668e-12	basement_membrane_score_z	TRUE		null_ieg_0623	ieg
null_ieg_0623_z	0.205401793901582	0.0699486652344687	202.483904917689	2.9364648090578	0.00370397795867436	bm_minus_fibrillar_z	TRUE		null_ieg_0623	ieg
null_ieg_0624_z	0.485542828368719	0.0622803010991313	210.506829049322	7.79608993212609	2.90401394379428e-13	basement_membrane_score_z	TRUE		null_ieg_0624	ieg
null_ieg_0624_z	0.262564668194708	0.0693089125698008	209.067295236994	3.78832474005821	0.00019828160758013	bm_minus_fibrillar_z	TRUE		null_ieg_0624	ieg
null_ieg_0625_z	0.473352549262593	0.0620857675563399	209.447135011628	7.62417165629865	8.42788803632677e-13	basement_membrane_score_z	TRUE		null_ieg_0625	ieg
null_ieg_0625_z	0.279403897757749	0.0682575177649825	207.343351941453	4.09337911641858	6.08965442450121e-05	bm_minus_fibrillar_z	TRUE		null_ieg_0625	ieg
null_ieg_0626_z	0.502729357365575	0.0616795408351254	210.349101666673	8.15066634022801	3.21359082117069e-14	basement_membrane_score_z	TRUE		null_ieg_0626	ieg
null_ieg_0626_z	0.27954190183698	0.0690314582337276	208.543444270205	4.04948568362128	7.23655228455366e-05	bm_minus_fibrillar_z	TRUE		null_ieg_0626	ieg
null_ieg_0627_z	0.397425307134262	0.070014133384432	207.449583003767	5.67635829971769	4.59684592234591e-08	basement_membrane_score_z	TRUE		null_ieg_0627	ieg
null_ieg_0627_z	0.183838795761313	0.0750398412197229	210.257472447283	2.44988252604397	0.0151079705350005	bm_minus_fibrillar_z	TRUE		null_ieg_0627	ieg
null_ieg_0628_z	0.486823846906525	0.0628755672423128	209.834758182515	7.74265534703456	4.07131263873176e-13	basement_membrane_score_z	TRUE		null_ieg_0628	ieg
null_ieg_0628_z	0.265739349481017	0.0698531113185438	209.441131586059	3.80425931594075	0.000186633618627377	bm_minus_fibrillar_z	TRUE		null_ieg_0628	ieg
null_ieg_0629_z	0.514924733404506	0.0610759754845189	210.104218826799	8.43088840283894	5.47013809200708e-15	basement_membrane_score_z	TRUE		null_ieg_0629	ieg
null_ieg_0629_z	0.343084744860719	0.0672895848872542	207.27309517051	5.09863072324741	7.69770492551267e-07	bm_minus_fibrillar_z	TRUE		null_ieg_0629	ieg
null_ieg_0630_z	0.331851079918328	0.070868025453932	210.9418816397	4.68266298930608	5.06651742393614e-06	basement_membrane_score_z	TRUE		null_ieg_0630	ieg
null_ieg_0630_z	0.0897408150360121	0.0747960272847275	206.777987834516	1.19980723968659	0.231587106977388	bm_minus_fibrillar_z	TRUE		null_ieg_0630	ieg
null_ieg_0631_z	0.417277489610885	0.0687893354983985	206.022084509862	6.06602006819211	6.18686521731902e-09	basement_membrane_score_z	TRUE		null_ieg_0631	ieg
null_ieg_0631_z	0.19326995339371	0.0743949672267255	210.721790467563	2.59789016110058	0.010041584592287	bm_minus_fibrillar_z	TRUE		null_ieg_0631	ieg
null_ieg_0632_z	0.461859596243629	0.0635869063897072	209.716957818088	7.26343869307016	7.28396558856035e-12	basement_membrane_score_z	TRUE		null_ieg_0632	ieg
null_ieg_0632_z	0.227855932778855	0.0703159143605982	208.98781527296	3.24046035454152	0.00138856814317053	bm_minus_fibrillar_z	TRUE		null_ieg_0632	ieg
null_ieg_0633_z	0.482638359093782	0.0614791080017032	210.33373555211	7.85044505005523	2.08379187452955e-13	basement_membrane_score_z	TRUE		null_ieg_0633	ieg
null_ieg_0633_z	0.29002104038616	0.067927785355388	208.904804305137	4.26954947623883	2.97196855782469e-05	bm_minus_fibrillar_z	TRUE		null_ieg_0633	ieg
null_ieg_0634_z	0.351709797896523	0.0697984074681967	210.981784544922	5.03893728602301	1.00459030868602e-06	basement_membrane_score_z	TRUE		null_ieg_0634	ieg
null_ieg_0634_z	0.0869442500774006	0.0742346940196153	206.485483471797	1.17120776512431	0.242865036041882	bm_minus_fibrillar_z	TRUE		null_ieg_0634	ieg
null_ieg_0635_z	0.339303503627651	0.0703244978576269	210.979603072773	4.82482653931744	2.68400930617626e-06	basement_membrane_score_z	TRUE		null_ieg_0635	ieg
null_ieg_0635_z	0.04442784775919	0.0745277638614811	206.485135794618	0.596124792389646	0.551744782218226	bm_minus_fibrillar_z	TRUE		null_ieg_0635	ieg
null_ieg_0636_z	0.532468011114989	0.0599089731192829	210.281747675125	8.88795089267861	2.83934947400888e-16	basement_membrane_score_z	TRUE		null_ieg_0636	ieg
null_ieg_0636_z	0.344774663763521	0.067060160196657	206.71065313567	5.14127408512675	6.31134237091996e-07	bm_minus_fibrillar_z	TRUE		null_ieg_0636	ieg
null_ieg_0637_z	0.499437069429391	0.0617886822322538	210.73067413392	8.08298625874697	4.88043907232214e-14	basement_membrane_score_z	TRUE		null_ieg_0637	ieg
null_ieg_0637_z	0.309553069189391	0.068311359147578	207.8030828497	4.53150212573931	9.87480848611047e-06	bm_minus_fibrillar_z	TRUE		null_ieg_0637	ieg
null_ieg_0638_z	0.371155960960602	0.0693196736101457	210.822641209909	5.35426584735505	2.23727399245506e-07	basement_membrane_score_z	TRUE		null_ieg_0638	ieg
null_ieg_0638_z	0.114890963728323	0.0741357000753093	207.109482845749	1.54973870364229	0.122730949885698	bm_minus_fibrillar_z	TRUE		null_ieg_0638	ieg
null_ieg_0639_z	0.48165857595815	0.0614609513273797	208.907309598447	7.83682265821974	2.31767625518718e-13	basement_membrane_score_z	TRUE		null_ieg_0639	ieg
null_ieg_0639_z	0.273455932530812	0.0680897082310319	207.172228694462	4.0161125614309	8.2728558388212e-05	bm_minus_fibrillar_z	TRUE		null_ieg_0639	ieg
null_ieg_0640_z	0.397425307134262	0.070014133384432	207.449583003767	5.67635829971769	4.59684592234591e-08	basement_membrane_score_z	TRUE		null_ieg_0640	ieg
null_ieg_0640_z	0.183838795761313	0.0750398412197229	210.257472447283	2.44988252604397	0.0151079705350005	bm_minus_fibrillar_z	TRUE		null_ieg_0640	ieg
null_ieg_0641_z	0.432452867637059	0.0684353590312781	207.806376006627	6.31914369645387	1.57555696034154e-09	basement_membrane_score_z	TRUE		null_ieg_0641	ieg
null_ieg_0641_z	0.205714679620107	0.0742498635223422	209.986376899081	2.77057316823494	0.00609761143768652	bm_minus_fibrillar_z	TRUE		null_ieg_0641	ieg
null_ieg_0642_z	0.44191745657883	0.0635705783081694	210.706682572755	6.95160353011984	4.44842969504618e-11	basement_membrane_score_z	TRUE		null_ieg_0642	ieg
null_ieg_0642_z	0.181659271029096	0.0701798015766014	204.727129915053	2.58848367974957	0.0103310543498252	bm_minus_fibrillar_z	TRUE		null_ieg_0642	ieg
null_ieg_0643_z	0.508634562852733	0.0606336610864736	210.959793184883	8.38865002935145	7.04267930777327e-15	basement_membrane_score_z	TRUE		null_ieg_0643	ieg
null_ieg_0643_z	0.34950340643878	0.066754792988074	209.406961725226	5.23563014420882	3.98922816554372e-07	bm_minus_fibrillar_z	TRUE		null_ieg_0643	ieg
null_ieg_0644_z	0.475006267081108	0.0629471362688143	210.123850823214	7.54611401307607	1.33887452073502e-12	basement_membrane_score_z	TRUE		null_ieg_0644	ieg
null_ieg_0644_z	0.268618019378273	0.069464140684337	209.292789480169	3.867002697103	0.000147067332435221	bm_minus_fibrillar_z	TRUE		null_ieg_0644	ieg
null_ieg_0645_z	0.492584407966035	0.0620996399361162	210.479888288906	7.93216206201472	1.254309293172e-13	basement_membrane_score_z	TRUE		null_ieg_0645	ieg
null_ieg_0645_z	0.249757945490209	0.0695950289456186	207.462823694903	3.58873254705259	0.000414619680569682	bm_minus_fibrillar_z	TRUE		null_ieg_0645	ieg
null_ieg_0646_z	0.431690279087872	0.0681600105347307	208.749027039364	6.33348316265159	1.44698477706058e-09	basement_membrane_score_z	TRUE		null_ieg_0646	ieg
null_ieg_0646_z	0.167004472877081	0.0743569531378129	208.947491551192	2.24598327163239	0.0257515809543917	bm_minus_fibrillar_z	TRUE		null_ieg_0646	ieg
null_ieg_0647_z	0.497684998249111	0.0613582426911358	210.513812131872	8.11113513720317	4.10674603463615e-14	basement_membrane_score_z	TRUE		null_ieg_0647	ieg
null_ieg_0647_z	0.34244875769807	0.0671324559415683	207.705536200616	5.10109086424807	7.59744280774133e-07	bm_minus_fibrillar_z	TRUE		null_ieg_0647	ieg
null_ieg_0648_z	0.475006267081108	0.0629471362688143	210.123850823214	7.54611401307607	1.33887452073502e-12	basement_membrane_score_z	TRUE		null_ieg_0648	ieg
null_ieg_0648_z	0.268618019378273	0.069464140684337	209.292789480169	3.867002697103	0.000147067332435221	bm_minus_fibrillar_z	TRUE		null_ieg_0648	ieg
null_ieg_0649_z	0.440857633614277	0.0641940483279189	210.81864051447	6.86757799355897	7.20100401535388e-11	basement_membrane_score_z	TRUE		null_ieg_0649	ieg
null_ieg_0649_z	0.184106918203905	0.0706215121288512	204.885929115192	2.60695236697844	0.00980676884623707	bm_minus_fibrillar_z	TRUE		null_ieg_0649	ieg
null_ieg_0650_z	0.445695886505357	0.0635802380436167	210.799818421518	7.00997511521748	3.17127477339969e-11	basement_membrane_score_z	TRUE		null_ieg_0650	ieg
null_ieg_0650_z	0.164437939354783	0.0704040377076809	203.821622938308	2.33563222662787	0.0204825551371837	bm_minus_fibrillar_z	TRUE		null_ieg_0650	ieg
null_ieg_0651_z	0.331851079918328	0.070868025453932	210.9418816397	4.68266298930608	5.06651742393614e-06	basement_membrane_score_z	TRUE		null_ieg_0651	ieg
null_ieg_0651_z	0.0897408150360121	0.0747960272847275	206.777987834516	1.19980723968659	0.231587106977388	bm_minus_fibrillar_z	TRUE		null_ieg_0651	ieg
null_ieg_0652_z	0.461859596243629	0.0635869063897072	209.716957818088	7.26343869307016	7.28396558856035e-12	basement_membrane_score_z	TRUE		null_ieg_0652	ieg
null_ieg_0652_z	0.227855932778855	0.0703159143605982	208.98781527296	3.24046035454152	0.00138856814317053	bm_minus_fibrillar_z	TRUE		null_ieg_0652	ieg
null_ieg_0653_z	0.43698799371372	0.0636580382054365	210.991013541259	6.86461609613977	7.31160223325218e-11	basement_membrane_score_z	TRUE		null_ieg_0653	ieg
null_ieg_0653_z	0.197531180208792	0.0700245216299287	206.399235956492	2.82088582129444	0.00525651505798512	bm_minus_fibrillar_z	TRUE		null_ieg_0653	ieg
null_ieg_0654_z	0.508634562852733	0.0606336610864736	210.959793184883	8.38865002935145	7.04267930777327e-15	basement_membrane_score_z	TRUE		null_ieg_0654	ieg
null_ieg_0654_z	0.34950340643878	0.066754792988074	209.406961725226	5.23563014420882	3.98922816554372e-07	bm_minus_fibrillar_z	TRUE		null_ieg_0654	ieg
null_ieg_0655_z	0.417277489610885	0.0687893354983985	206.022084509862	6.06602006819211	6.18686521731902e-09	basement_membrane_score_z	TRUE		null_ieg_0655	ieg
null_ieg_0655_z	0.19326995339371	0.0743949672267255	210.721790467563	2.59789016110058	0.010041584592287	bm_minus_fibrillar_z	TRUE		null_ieg_0655	ieg
null_ieg_0656_z	0.445695886505357	0.0635802380436167	210.799818421518	7.00997511521748	3.17127477339969e-11	basement_membrane_score_z	TRUE		null_ieg_0656	ieg
null_ieg_0656_z	0.164437939354783	0.0704040377076809	203.821622938308	2.33563222662787	0.0204825551371837	bm_minus_fibrillar_z	TRUE		null_ieg_0656	ieg
null_ieg_0657_z	0.499437069429391	0.0617886822322538	210.73067413392	8.08298625874697	4.88043907232214e-14	basement_membrane_score_z	TRUE		null_ieg_0657	ieg
null_ieg_0657_z	0.309553069189391	0.068311359147578	207.8030828497	4.53150212573931	9.87480848611047e-06	bm_minus_fibrillar_z	TRUE		null_ieg_0657	ieg
null_ieg_0658_z	0.495880111688128	0.0611797862916463	209.299546119445	8.10529329612642	4.35156144598835e-14	basement_membrane_score_z	TRUE		null_ieg_0658	ieg
null_ieg_0658_z	0.292161365951417	0.0679283045239529	207.434450307297	4.30102544144018	2.6169204663372e-05	bm_minus_fibrillar_z	TRUE		null_ieg_0658	ieg
null_ieg_0659_z	0.331851079918328	0.070868025453932	210.9418816397	4.68266298930608	5.06651742393614e-06	basement_membrane_score_z	TRUE		null_ieg_0659	ieg
null_ieg_0659_z	0.0897408150360121	0.0747960272847275	206.777987834516	1.19980723968659	0.231587106977388	bm_minus_fibrillar_z	TRUE		null_ieg_0659	ieg
null_ieg_0660_z	0.44191745657883	0.0635705783081694	210.706682572755	6.95160353011984	4.44842969504618e-11	basement_membrane_score_z	TRUE		null_ieg_0660	ieg
null_ieg_0660_z	0.181659271029096	0.0701798015766014	204.727129915053	2.58848367974957	0.0103310543498252	bm_minus_fibrillar_z	TRUE		null_ieg_0660	ieg
null_ieg_0661_z	0.508086083893826	0.060665239378368	209.744045211586	8.37524238097706	7.85452098719483e-15	basement_membrane_score_z	TRUE		null_ieg_0661	ieg
null_ieg_0661_z	0.339505819813614	0.0669388403879878	207.376881900477	5.0718808071037	8.72182991751522e-07	bm_minus_fibrillar_z	TRUE		null_ieg_0661	ieg
null_ieg_0662_z	0.503160733680175	0.0609391887962706	209.175154084139	8.25676783067004	1.68269942223993e-14	basement_membrane_score_z	TRUE		null_ieg_0662	ieg
null_ieg_0662_z	0.278028272939194	0.0682526731020926	207.200814720968	4.07351478415092	6.59258503682027e-05	bm_minus_fibrillar_z	TRUE		null_ieg_0662	ieg
null_ieg_0663_z	0.520445217368386	0.0603874385638392	210.113354343296	8.61843505447233	1.64122588527094e-15	basement_membrane_score_z	TRUE		null_ieg_0663	ieg
null_ieg_0663_z	0.35220646241214	0.0667571708741078	207.791966061713	5.2759345220956	3.30910293623801e-07	bm_minus_fibrillar_z	TRUE		null_ieg_0663	ieg
null_ieg_0664_z	0.486988735310773	0.0618872513682195	208.372219850838	7.86896694463397	1.91788712189275e-13	basement_membrane_score_z	TRUE		null_ieg_0664	ieg
null_ieg_0664_z	0.279409359276747	0.0683659356022485	205.981860586922	4.08696753456786	6.26141753731402e-05	bm_minus_fibrillar_z	TRUE		null_ieg_0664	ieg
null_ieg_0665_z	0.430415812739874	0.0642149852085014	210.884512295952	6.70273163409359	1.83681969501446e-10	basement_membrane_score_z	TRUE		null_ieg_0665	ieg
null_ieg_0665_z	0.187273515676548	0.0703910766257186	204.681236038079	2.66047238732138	0.00842161265176488	bm_minus_fibrillar_z	TRUE		null_ieg_0665	ieg
null_ieg_0666_z	0.430415812739874	0.0642149852085014	210.884512295952	6.70273163409359	1.83681969501446e-10	basement_membrane_score_z	TRUE		null_ieg_0666	ieg
null_ieg_0666_z	0.187273515676548	0.0703910766257186	204.681236038079	2.66047238732138	0.00842161265176488	bm_minus_fibrillar_z	TRUE		null_ieg_0666	ieg
null_ieg_0667_z	0.431690279087872	0.0681600105347307	208.749027039364	6.33348316265159	1.44698477706058e-09	basement_membrane_score_z	TRUE		null_ieg_0667	ieg
null_ieg_0667_z	0.167004472877081	0.0743569531378129	208.947491551192	2.24598327163239	0.0257515809543917	bm_minus_fibrillar_z	TRUE		null_ieg_0667	ieg
null_ieg_0668_z	0.417277489610885	0.0687893354983985	206.022084509862	6.06602006819211	6.18686521731902e-09	basement_membrane_score_z	TRUE		null_ieg_0668	ieg
null_ieg_0668_z	0.19326995339371	0.0743949672267255	210.721790467563	2.59789016110058	0.010041584592287	bm_minus_fibrillar_z	TRUE		null_ieg_0668	ieg
null_ieg_0669_z	0.339303503627651	0.0703244978576269	210.979603072773	4.82482653931744	2.68400930617626e-06	basement_membrane_score_z	TRUE		null_ieg_0669	ieg
null_ieg_0669_z	0.04442784775919	0.0745277638614811	206.485135794618	0.596124792389646	0.551744782218226	bm_minus_fibrillar_z	TRUE		null_ieg_0669	ieg
null_ieg_0670_z	0.469558975662443	0.0626642084951207	209.210371388874	7.49325630912589	1.86392767800025e-12	basement_membrane_score_z	TRUE		null_ieg_0670	ieg
null_ieg_0670_z	0.245950372398112	0.0692152323577739	206.849808117325	3.55341395268015	0.000471049552183346	bm_minus_fibrillar_z	TRUE		null_ieg_0670	ieg
null_ieg_0671_z	0.492584407966035	0.0620996399361162	210.479888288906	7.93216206201472	1.254309293172e-13	basement_membrane_score_z	TRUE		null_ieg_0671	ieg
null_ieg_0671_z	0.249757945490209	0.0695950289456186	207.462823694903	3.58873254705259	0.000414619680569682	bm_minus_fibrillar_z	TRUE		null_ieg_0671	ieg
null_ieg_0672_z	0.482638359093782	0.0614791080017032	210.33373555211	7.85044505005523	2.08379187452955e-13	basement_membrane_score_z	TRUE		null_ieg_0672	ieg
null_ieg_0672_z	0.29002104038616	0.067927785355388	208.904804305137	4.26954947623883	2.97196855782469e-05	bm_minus_fibrillar_z	TRUE		null_ieg_0672	ieg
null_ieg_0673_z	0.503160733680175	0.0609391887962706	209.175154084139	8.25676783067004	1.68269942223993e-14	basement_membrane_score_z	TRUE		null_ieg_0673	ieg
null_ieg_0673_z	0.278028272939194	0.0682526731020926	207.200814720968	4.07351478415092	6.59258503682027e-05	bm_minus_fibrillar_z	TRUE		null_ieg_0673	ieg
null_ieg_0674_z	0.508634562852733	0.0606336610864736	210.959793184883	8.38865002935145	7.04267930777327e-15	basement_membrane_score_z	TRUE		null_ieg_0674	ieg
null_ieg_0674_z	0.34950340643878	0.066754792988074	209.406961725226	5.23563014420882	3.98922816554372e-07	bm_minus_fibrillar_z	TRUE		null_ieg_0674	ieg
null_ieg_0675_z	0.503160733680175	0.0609391887962706	209.175154084139	8.25676783067004	1.68269942223993e-14	basement_membrane_score_z	TRUE		null_ieg_0675	ieg
null_ieg_0675_z	0.278028272939194	0.0682526731020926	207.200814720968	4.07351478415092	6.59258503682027e-05	bm_minus_fibrillar_z	TRUE		null_ieg_0675	ieg
null_ieg_0676_z	0.486988735310773	0.0618872513682195	208.372219850838	7.86896694463397	1.91788712189275e-13	basement_membrane_score_z	TRUE		null_ieg_0676	ieg
null_ieg_0676_z	0.279409359276747	0.0683659356022485	205.981860586922	4.08696753456786	6.26141753731402e-05	bm_minus_fibrillar_z	TRUE		null_ieg_0676	ieg
null_ieg_0677_z	0.397425307134262	0.070014133384432	207.449583003767	5.67635829971769	4.59684592234591e-08	basement_membrane_score_z	TRUE		null_ieg_0677	ieg
null_ieg_0677_z	0.183838795761313	0.0750398412197229	210.257472447283	2.44988252604397	0.0151079705350005	bm_minus_fibrillar_z	TRUE		null_ieg_0677	ieg
null_ieg_0678_z	0.485542828368719	0.0622803010991313	210.506829049322	7.79608993212609	2.90401394379428e-13	basement_membrane_score_z	TRUE		null_ieg_0678	ieg
null_ieg_0678_z	0.262564668194708	0.0693089125698008	209.067295236994	3.78832474005821	0.00019828160758013	bm_minus_fibrillar_z	TRUE		null_ieg_0678	ieg
null_ieg_0679_z	0.520445217368386	0.0603874385638392	210.113354343296	8.61843505447233	1.64122588527094e-15	basement_membrane_score_z	TRUE		null_ieg_0679	ieg
null_ieg_0679_z	0.35220646241214	0.0667571708741078	207.791966061713	5.2759345220956	3.30910293623801e-07	bm_minus_fibrillar_z	TRUE		null_ieg_0679	ieg
null_ieg_0680_z	0.398246536380876	0.0695800995187402	208.505203536282	5.72356951391849	3.59759853607217e-08	basement_membrane_score_z	TRUE		null_ieg_0680	ieg
null_ieg_0680_z	0.18992703490147	0.0746057124756352	209.506356360275	2.54574386597403	0.0116234546486797	bm_minus_fibrillar_z	TRUE		null_ieg_0680	ieg
null_ieg_0681_z	0.492584407966035	0.0620996399361162	210.479888288906	7.93216206201472	1.254309293172e-13	basement_membrane_score_z	TRUE		null_ieg_0681	ieg
null_ieg_0681_z	0.249757945490209	0.0695950289456186	207.462823694903	3.58873254705259	0.000414619680569682	bm_minus_fibrillar_z	TRUE		null_ieg_0681	ieg
null_ieg_0682_z	0.417416386836421	0.0688228614518456	208.699152099118	6.06508328818151	6.1073775525094e-09	basement_membrane_score_z	TRUE		null_ieg_0682	ieg
null_ieg_0682_z	0.183829161642606	0.0744537010490449	209.556793861879	2.46903994096294	0.0143474244278224	bm_minus_fibrillar_z	TRUE		null_ieg_0682	ieg
null_ieg_0683_z	0.495880111688128	0.0611797862916463	209.299546119445	8.10529329612642	4.35156144598835e-14	basement_membrane_score_z	TRUE		null_ieg_0683	ieg
null_ieg_0683_z	0.292161365951417	0.0679283045239529	207.434450307297	4.30102544144018	2.6169204663372e-05	bm_minus_fibrillar_z	TRUE		null_ieg_0683	ieg
null_ieg_0684_z	0.482638359093782	0.0614791080017032	210.33373555211	7.85044505005523	2.08379187452955e-13	basement_membrane_score_z	TRUE		null_ieg_0684	ieg
null_ieg_0684_z	0.29002104038616	0.067927785355388	208.904804305137	4.26954947623883	2.97196855782469e-05	bm_minus_fibrillar_z	TRUE		null_ieg_0684	ieg
null_ieg_0685_z	0.335512586742614	0.0705541335981203	210.962384613092	4.75539234389454	3.66694768380497e-06	basement_membrane_score_z	TRUE		null_ieg_0685	ieg
null_ieg_0685_z	0.0926647130906034	0.0745719790748895	206.0961346505	1.24262107885784	0.215419451604862	bm_minus_fibrillar_z	TRUE		null_ieg_0685	ieg
null_ieg_0686_z	0.485542828368719	0.0622803010991313	210.506829049322	7.79608993212609	2.90401394379428e-13	basement_membrane_score_z	TRUE		null_ieg_0686	ieg
null_ieg_0686_z	0.262564668194708	0.0693089125698008	209.067295236994	3.78832474005821	0.00019828160758013	bm_minus_fibrillar_z	TRUE		null_ieg_0686	ieg
null_ieg_0687_z	0.40267552906296	0.0694196218167027	208.214471234613	5.80060101920742	2.43072721563934e-08	basement_membrane_score_z	TRUE		null_ieg_0687	ieg
null_ieg_0687_z	0.135073319425526	0.0750360487055245	209.575251232678	1.80011236939747	0.0732809821684438	bm_minus_fibrillar_z	TRUE		null_ieg_0687	ieg
null_ieg_0688_z	0.44191745657883	0.0635705783081694	210.706682572755	6.95160353011984	4.44842969504618e-11	basement_membrane_score_z	TRUE		null_ieg_0688	ieg
null_ieg_0688_z	0.181659271029096	0.0701798015766014	204.727129915053	2.58848367974957	0.0103310543498252	bm_minus_fibrillar_z	TRUE		null_ieg_0688	ieg
null_ieg_0689_z	0.492584407966035	0.0620996399361162	210.479888288906	7.93216206201472	1.254309293172e-13	basement_membrane_score_z	TRUE		null_ieg_0689	ieg
null_ieg_0689_z	0.249757945490209	0.0695950289456186	207.462823694903	3.58873254705259	0.000414619680569682	bm_minus_fibrillar_z	TRUE		null_ieg_0689	ieg
null_ieg_0690_z	0.432452867637059	0.0684353590312781	207.806376006627	6.31914369645387	1.57555696034154e-09	basement_membrane_score_z	TRUE		null_ieg_0690	ieg
null_ieg_0690_z	0.205714679620107	0.0742498635223422	209.986376899081	2.77057316823494	0.00609761143768652	bm_minus_fibrillar_z	TRUE		null_ieg_0690	ieg
null_ieg_0691_z	0.520445217368386	0.0603874385638392	210.113354343296	8.61843505447233	1.64122588527094e-15	basement_membrane_score_z	TRUE		null_ieg_0691	ieg
null_ieg_0691_z	0.35220646241214	0.0667571708741078	207.791966061713	5.2759345220956	3.30910293623801e-07	bm_minus_fibrillar_z	TRUE		null_ieg_0691	ieg
null_ieg_0692_z	0.469558975662443	0.0626642084951207	209.210371388874	7.49325630912589	1.86392767800025e-12	basement_membrane_score_z	TRUE		null_ieg_0692	ieg
null_ieg_0692_z	0.245950372398112	0.0692152323577739	206.849808117325	3.55341395268015	0.000471049552183346	bm_minus_fibrillar_z	TRUE		null_ieg_0692	ieg
null_ieg_0693_z	0.492584407966035	0.0620996399361162	210.479888288906	7.93216206201472	1.254309293172e-13	basement_membrane_score_z	TRUE		null_ieg_0693	ieg
null_ieg_0693_z	0.249757945490209	0.0695950289456186	207.462823694903	3.58873254705259	0.000414619680569682	bm_minus_fibrillar_z	TRUE		null_ieg_0693	ieg
null_ieg_0694_z	0.499437069429391	0.0617886822322538	210.73067413392	8.08298625874697	4.88043907232214e-14	basement_membrane_score_z	TRUE		null_ieg_0694	ieg
null_ieg_0694_z	0.309553069189391	0.068311359147578	207.8030828497	4.53150212573931	9.87480848611047e-06	bm_minus_fibrillar_z	TRUE		null_ieg_0694	ieg
null_ieg_0695_z	0.40267552906296	0.0694196218167027	208.214471234613	5.80060101920742	2.43072721563934e-08	basement_membrane_score_z	TRUE		null_ieg_0695	ieg
null_ieg_0695_z	0.135073319425526	0.0750360487055245	209.575251232678	1.80011236939747	0.0732809821684438	bm_minus_fibrillar_z	TRUE		null_ieg_0695	ieg
null_ieg_0696_z	0.371155960960602	0.0693196736101457	210.822641209909	5.35426584735505	2.23727399245506e-07	basement_membrane_score_z	TRUE		null_ieg_0696	ieg
null_ieg_0696_z	0.114890963728323	0.0741357000753093	207.109482845749	1.54973870364229	0.122730949885698	bm_minus_fibrillar_z	TRUE		null_ieg_0696	ieg
null_ieg_0697_z	0.461859596243629	0.0635869063897072	209.716957818088	7.26343869307016	7.28396558856035e-12	basement_membrane_score_z	TRUE		null_ieg_0697	ieg
null_ieg_0697_z	0.227855932778855	0.0703159143605982	208.98781527296	3.24046035454152	0.00138856814317053	bm_minus_fibrillar_z	TRUE		null_ieg_0697	ieg
null_ieg_0698_z	0.499437069429391	0.0617886822322538	210.73067413392	8.08298625874697	4.88043907232214e-14	basement_membrane_score_z	TRUE		null_ieg_0698	ieg
null_ieg_0698_z	0.309553069189391	0.068311359147578	207.8030828497	4.53150212573931	9.87480848611047e-06	bm_minus_fibrillar_z	TRUE		null_ieg_0698	ieg
null_ieg_0699_z	0.427293198322515	0.0642800011827383	210.848031213913	6.64737384039221	2.50912657101777e-10	basement_membrane_score_z	TRUE		null_ieg_0699	ieg
null_ieg_0699_z	0.142261866733661	0.070714200879998	204.719630982339	2.01178638750481	0.0455533066453832	bm_minus_fibrillar_z	TRUE		null_ieg_0699	ieg
null_ieg_0700_z	0.481048731081367	0.062312427640303	209.049727233312	7.71994848055365	4.73293524595466e-13	basement_membrane_score_z	TRUE		null_ieg_0700	ieg
null_ieg_0700_z	0.27362396209114	0.0689975911024922	210.547278361953	3.96570311686224	0.000100282024037537	bm_minus_fibrillar_z	TRUE		null_ieg_0700	ieg
null_ieg_0701_z	0.430415812739874	0.0642149852085014	210.884512295952	6.70273163409359	1.83681969501446e-10	basement_membrane_score_z	TRUE		null_ieg_0701	ieg
null_ieg_0701_z	0.187273515676548	0.0703910766257186	204.681236038079	2.66047238732138	0.00842161265176488	bm_minus_fibrillar_z	TRUE		null_ieg_0701	ieg
null_ieg_0702_z	0.398246536380876	0.0695800995187402	208.505203536282	5.72356951391849	3.59759853607217e-08	basement_membrane_score_z	TRUE		null_ieg_0702	ieg
null_ieg_0702_z	0.18992703490147	0.0746057124756352	209.506356360275	2.54574386597403	0.0116234546486797	bm_minus_fibrillar_z	TRUE		null_ieg_0702	ieg
null_ieg_0703_z	0.508086083893826	0.060665239378368	209.744045211586	8.37524238097706	7.85452098719483e-15	basement_membrane_score_z	TRUE		null_ieg_0703	ieg
null_ieg_0703_z	0.339505819813614	0.0669388403879878	207.376881900477	5.0718808071037	8.72182991751522e-07	bm_minus_fibrillar_z	TRUE		null_ieg_0703	ieg
null_ieg_0704_z	0.445695886505357	0.0635802380436167	210.799818421518	7.00997511521748	3.17127477339969e-11	basement_membrane_score_z	TRUE		null_ieg_0704	ieg
null_ieg_0704_z	0.164437939354783	0.0704040377076809	203.821622938308	2.33563222662787	0.0204825551371837	bm_minus_fibrillar_z	TRUE		null_ieg_0704	ieg
null_ieg_0705_z	0.351709797896523	0.0697984074681967	210.981784544922	5.03893728602301	1.00459030868602e-06	basement_membrane_score_z	TRUE		null_ieg_0705	ieg
null_ieg_0705_z	0.0869442500774006	0.0742346940196153	206.485483471797	1.17120776512431	0.242865036041882	bm_minus_fibrillar_z	TRUE		null_ieg_0705	ieg
null_ieg_0706_z	0.371155960960602	0.0693196736101457	210.822641209909	5.35426584735505	2.23727399245506e-07	basement_membrane_score_z	TRUE		null_ieg_0706	ieg
null_ieg_0706_z	0.114890963728323	0.0741357000753093	207.109482845749	1.54973870364229	0.122730949885698	bm_minus_fibrillar_z	TRUE		null_ieg_0706	ieg
null_ieg_0707_z	0.486823846906525	0.0628755672423128	209.834758182515	7.74265534703456	4.07131263873176e-13	basement_membrane_score_z	TRUE		null_ieg_0707	ieg
null_ieg_0707_z	0.265739349481017	0.0698531113185438	209.441131586059	3.80425931594075	0.000186633618627377	bm_minus_fibrillar_z	TRUE		null_ieg_0707	ieg
null_ieg_0708_z	0.503160733680175	0.0609391887962706	209.175154084139	8.25676783067004	1.68269942223993e-14	basement_membrane_score_z	TRUE		null_ieg_0708	ieg
null_ieg_0708_z	0.278028272939194	0.0682526731020926	207.200814720968	4.07351478415092	6.59258503682027e-05	bm_minus_fibrillar_z	TRUE		null_ieg_0708	ieg
null_ieg_0709_z	0.499437069429391	0.0617886822322538	210.73067413392	8.08298625874697	4.88043907232214e-14	basement_membrane_score_z	TRUE		null_ieg_0709	ieg
null_ieg_0709_z	0.309553069189391	0.068311359147578	207.8030828497	4.53150212573931	9.87480848611047e-06	bm_minus_fibrillar_z	TRUE		null_ieg_0709	ieg
null_ieg_0710_z	0.432452867637059	0.0684353590312781	207.806376006627	6.31914369645387	1.57555696034154e-09	basement_membrane_score_z	TRUE		null_ieg_0710	ieg
null_ieg_0710_z	0.205714679620107	0.0742498635223422	209.986376899081	2.77057316823494	0.00609761143768652	bm_minus_fibrillar_z	TRUE		null_ieg_0710	ieg
null_ieg_0711_z	0.397425307134262	0.070014133384432	207.449583003767	5.67635829971769	4.59684592234591e-08	basement_membrane_score_z	TRUE		null_ieg_0711	ieg
null_ieg_0711_z	0.183838795761313	0.0750398412197229	210.257472447283	2.44988252604397	0.0151079705350005	bm_minus_fibrillar_z	TRUE		null_ieg_0711	ieg
null_ieg_0712_z	0.431690279087872	0.0681600105347307	208.749027039364	6.33348316265159	1.44698477706058e-09	basement_membrane_score_z	TRUE		null_ieg_0712	ieg
null_ieg_0712_z	0.167004472877081	0.0743569531378129	208.947491551192	2.24598327163239	0.0257515809543917	bm_minus_fibrillar_z	TRUE		null_ieg_0712	ieg
null_ieg_0713_z	0.430415812739874	0.0642149852085014	210.884512295952	6.70273163409359	1.83681969501446e-10	basement_membrane_score_z	TRUE		null_ieg_0713	ieg
null_ieg_0713_z	0.187273515676548	0.0703910766257186	204.681236038079	2.66047238732138	0.00842161265176488	bm_minus_fibrillar_z	TRUE		null_ieg_0713	ieg
null_ieg_0714_z	0.432452867637059	0.0684353590312781	207.806376006627	6.31914369645387	1.57555696034154e-09	basement_membrane_score_z	TRUE		null_ieg_0714	ieg
null_ieg_0714_z	0.205714679620107	0.0742498635223422	209.986376899081	2.77057316823494	0.00609761143768652	bm_minus_fibrillar_z	TRUE		null_ieg_0714	ieg
null_ieg_0715_z	0.486823846906525	0.0628755672423128	209.834758182515	7.74265534703456	4.07131263873176e-13	basement_membrane_score_z	TRUE		null_ieg_0715	ieg
null_ieg_0715_z	0.265739349481017	0.0698531113185438	209.441131586059	3.80425931594075	0.000186633618627377	bm_minus_fibrillar_z	TRUE		null_ieg_0715	ieg
null_ieg_0716_z	0.502729357365575	0.0616795408351254	210.349101666673	8.15066634022801	3.21359082117069e-14	basement_membrane_score_z	TRUE		null_ieg_0716	ieg
null_ieg_0716_z	0.27954190183698	0.0690314582337276	208.543444270205	4.04948568362128	7.23655228455366e-05	bm_minus_fibrillar_z	TRUE		null_ieg_0716	ieg
null_ieg_0717_z	0.473352549262593	0.0620857675563399	209.447135011628	7.62417165629865	8.42788803632677e-13	basement_membrane_score_z	TRUE		null_ieg_0717	ieg
null_ieg_0717_z	0.279403897757749	0.0682575177649825	207.343351941453	4.09337911641858	6.08965442450121e-05	bm_minus_fibrillar_z	TRUE		null_ieg_0717	ieg
null_ieg_0718_z	0.503160733680175	0.0609391887962706	209.175154084139	8.25676783067004	1.68269942223993e-14	basement_membrane_score_z	TRUE		null_ieg_0718	ieg
null_ieg_0718_z	0.278028272939194	0.0682526731020926	207.200814720968	4.07351478415092	6.59258503682027e-05	bm_minus_fibrillar_z	TRUE		null_ieg_0718	ieg
null_ieg_0719_z	0.431690279087872	0.0681600105347307	208.749027039364	6.33348316265159	1.44698477706058e-09	basement_membrane_score_z	TRUE		null_ieg_0719	ieg
null_ieg_0719_z	0.167004472877081	0.0743569531378129	208.947491551192	2.24598327163239	0.0257515809543917	bm_minus_fibrillar_z	TRUE		null_ieg_0719	ieg
null_ieg_0720_z	0.485542828368719	0.0622803010991313	210.506829049322	7.79608993212609	2.90401394379428e-13	basement_membrane_score_z	TRUE		null_ieg_0720	ieg
null_ieg_0720_z	0.262564668194708	0.0693089125698008	209.067295236994	3.78832474005821	0.00019828160758013	bm_minus_fibrillar_z	TRUE		null_ieg_0720	ieg
null_ieg_0721_z	0.495880111688128	0.0611797862916463	209.299546119445	8.10529329612642	4.35156144598835e-14	basement_membrane_score_z	TRUE		null_ieg_0721	ieg
null_ieg_0721_z	0.292161365951417	0.0679283045239529	207.434450307297	4.30102544144018	2.6169204663372e-05	bm_minus_fibrillar_z	TRUE		null_ieg_0721	ieg
null_ieg_0722_z	0.486823846906525	0.0628755672423128	209.834758182515	7.74265534703456	4.07131263873176e-13	basement_membrane_score_z	TRUE		null_ieg_0722	ieg
null_ieg_0722_z	0.265739349481017	0.0698531113185438	209.441131586059	3.80425931594075	0.000186633618627377	bm_minus_fibrillar_z	TRUE		null_ieg_0722	ieg
null_ieg_0723_z	0.417277489610885	0.0687893354983985	206.022084509862	6.06602006819211	6.18686521731902e-09	basement_membrane_score_z	TRUE		null_ieg_0723	ieg
null_ieg_0723_z	0.19326995339371	0.0743949672267255	210.721790467563	2.59789016110058	0.010041584592287	bm_minus_fibrillar_z	TRUE		null_ieg_0723	ieg
null_ieg_0724_z	0.514924733404506	0.0610759754845189	210.104218826799	8.43088840283894	5.47013809200708e-15	basement_membrane_score_z	TRUE		null_ieg_0724	ieg
null_ieg_0724_z	0.343084744860719	0.0672895848872542	207.27309517051	5.09863072324741	7.69770492551267e-07	bm_minus_fibrillar_z	TRUE		null_ieg_0724	ieg
null_ieg_0725_z	0.481048731081367	0.062312427640303	209.049727233312	7.71994848055365	4.73293524595466e-13	basement_membrane_score_z	TRUE		null_ieg_0725	ieg
null_ieg_0725_z	0.27362396209114	0.0689975911024922	210.547278361953	3.96570311686224	0.000100282024037537	bm_minus_fibrillar_z	TRUE		null_ieg_0725	ieg
null_ieg_0726_z	0.431690279087872	0.0681600105347307	208.749027039364	6.33348316265159	1.44698477706058e-09	basement_membrane_score_z	TRUE		null_ieg_0726	ieg
null_ieg_0726_z	0.167004472877081	0.0743569531378129	208.947491551192	2.24598327163239	0.0257515809543917	bm_minus_fibrillar_z	TRUE		null_ieg_0726	ieg
null_ieg_0727_z	0.502729357365575	0.0616795408351254	210.349101666673	8.15066634022801	3.21359082117069e-14	basement_membrane_score_z	TRUE		null_ieg_0727	ieg
null_ieg_0727_z	0.27954190183698	0.0690314582337276	208.543444270205	4.04948568362128	7.23655228455366e-05	bm_minus_fibrillar_z	TRUE		null_ieg_0727	ieg
null_ieg_0728_z	0.481048731081367	0.062312427640303	209.049727233312	7.71994848055365	4.73293524595466e-13	basement_membrane_score_z	TRUE		null_ieg_0728	ieg
null_ieg_0728_z	0.27362396209114	0.0689975911024922	210.547278361953	3.96570311686224	0.000100282024037537	bm_minus_fibrillar_z	TRUE		null_ieg_0728	ieg
null_ieg_0729_z	0.364479185865508	0.0692968329474305	210.984504235639	5.25968028209899	3.53273842988647e-07	basement_membrane_score_z	TRUE		null_ieg_0729	ieg
null_ieg_0729_z	0.0712510905889129	0.0740637261393577	205.880050055961	0.962024114947274	0.337166015971828	bm_minus_fibrillar_z	TRUE		null_ieg_0729	ieg
null_ieg_0730_z	0.40267552906296	0.0694196218167027	208.214471234613	5.80060101920742	2.43072721563934e-08	basement_membrane_score_z	TRUE		null_ieg_0730	ieg
null_ieg_0730_z	0.135073319425526	0.0750360487055245	209.575251232678	1.80011236939747	0.0732809821684438	bm_minus_fibrillar_z	TRUE		null_ieg_0730	ieg
null_ieg_0731_z	0.481048731081367	0.062312427640303	209.049727233312	7.71994848055365	4.73293524595466e-13	basement_membrane_score_z	TRUE		null_ieg_0731	ieg
null_ieg_0731_z	0.27362396209114	0.0689975911024922	210.547278361953	3.96570311686224	0.000100282024037537	bm_minus_fibrillar_z	TRUE		null_ieg_0731	ieg
null_ieg_0732_z	0.503160733680175	0.0609391887962706	209.175154084139	8.25676783067004	1.68269942223993e-14	basement_membrane_score_z	TRUE		null_ieg_0732	ieg
null_ieg_0732_z	0.278028272939194	0.0682526731020926	207.200814720968	4.07351478415092	6.59258503682027e-05	bm_minus_fibrillar_z	TRUE		null_ieg_0732	ieg
null_ieg_0733_z	0.35449719535339	0.069802587067673	210.502303199173	5.07856814833679	8.36082874594166e-07	basement_membrane_score_z	TRUE		null_ieg_0733	ieg
null_ieg_0733_z	0.0963805954203393	0.0743495875398662	207.571974144212	1.29631647746075	0.196305850049066	bm_minus_fibrillar_z	TRUE		null_ieg_0733	ieg
null_ieg_0734_z	0.481048731081367	0.062312427640303	209.049727233312	7.71994848055365	4.73293524595466e-13	basement_membrane_score_z	TRUE		null_ieg_0734	ieg
null_ieg_0734_z	0.27362396209114	0.0689975911024922	210.547278361953	3.96570311686224	0.000100282024037537	bm_minus_fibrillar_z	TRUE		null_ieg_0734	ieg
null_ieg_0735_z	0.440857633614277	0.0641940483279189	210.81864051447	6.86757799355897	7.20100401535388e-11	basement_membrane_score_z	TRUE		null_ieg_0735	ieg
null_ieg_0735_z	0.184106918203905	0.0706215121288512	204.885929115192	2.60695236697844	0.00980676884623707	bm_minus_fibrillar_z	TRUE		null_ieg_0735	ieg
null_ieg_0736_z	0.473352549262593	0.0620857675563399	209.447135011628	7.62417165629865	8.42788803632677e-13	basement_membrane_score_z	TRUE		null_ieg_0736	ieg
null_ieg_0736_z	0.279403897757749	0.0682575177649825	207.343351941453	4.09337911641858	6.08965442450121e-05	bm_minus_fibrillar_z	TRUE		null_ieg_0736	ieg
null_ieg_0737_z	0.445695886505357	0.0635802380436167	210.799818421518	7.00997511521748	3.17127477339969e-11	basement_membrane_score_z	TRUE		null_ieg_0737	ieg
null_ieg_0737_z	0.164437939354783	0.0704040377076809	203.821622938308	2.33563222662787	0.0204825551371837	bm_minus_fibrillar_z	TRUE		null_ieg_0737	ieg
null_ieg_0738_z	0.508086083893826	0.060665239378368	209.744045211586	8.37524238097706	7.85452098719483e-15	basement_membrane_score_z	TRUE		null_ieg_0738	ieg
null_ieg_0738_z	0.339505819813614	0.0669388403879878	207.376881900477	5.0718808071037	8.72182991751522e-07	bm_minus_fibrillar_z	TRUE		null_ieg_0738	ieg
null_ieg_0739_z	0.427293198322515	0.0642800011827383	210.848031213913	6.64737384039221	2.50912657101777e-10	basement_membrane_score_z	TRUE		null_ieg_0739	ieg
null_ieg_0739_z	0.142261866733661	0.070714200879998	204.719630982339	2.01178638750481	0.0455533066453832	bm_minus_fibrillar_z	TRUE		null_ieg_0739	ieg
null_ieg_0740_z	0.514924733404506	0.0610759754845189	210.104218826799	8.43088840283894	5.47013809200708e-15	basement_membrane_score_z	TRUE		null_ieg_0740	ieg
null_ieg_0740_z	0.343084744860719	0.0672895848872542	207.27309517051	5.09863072324741	7.69770492551267e-07	bm_minus_fibrillar_z	TRUE		null_ieg_0740	ieg
null_ieg_0741_z	0.339303503627651	0.0703244978576269	210.979603072773	4.82482653931744	2.68400930617626e-06	basement_membrane_score_z	TRUE		null_ieg_0741	ieg
null_ieg_0741_z	0.04442784775919	0.0745277638614811	206.485135794618	0.596124792389646	0.551744782218226	bm_minus_fibrillar_z	TRUE		null_ieg_0741	ieg
null_ieg_0742_z	0.482638359093782	0.0614791080017032	210.33373555211	7.85044505005523	2.08379187452955e-13	basement_membrane_score_z	TRUE		null_ieg_0742	ieg
null_ieg_0742_z	0.29002104038616	0.067927785355388	208.904804305137	4.26954947623883	2.97196855782469e-05	bm_minus_fibrillar_z	TRUE		null_ieg_0742	ieg
null_ieg_0743_z	0.492584407966035	0.0620996399361162	210.479888288906	7.93216206201472	1.254309293172e-13	basement_membrane_score_z	TRUE		null_ieg_0743	ieg
null_ieg_0743_z	0.249757945490209	0.0695950289456186	207.462823694903	3.58873254705259	0.000414619680569682	bm_minus_fibrillar_z	TRUE		null_ieg_0743	ieg
null_ieg_0744_z	0.364479185865508	0.0692968329474305	210.984504235639	5.25968028209899	3.53273842988647e-07	basement_membrane_score_z	TRUE		null_ieg_0744	ieg
null_ieg_0744_z	0.0712510905889129	0.0740637261393577	205.880050055961	0.962024114947274	0.337166015971828	bm_minus_fibrillar_z	TRUE		null_ieg_0744	ieg
null_ieg_0745_z	0.431690279087872	0.0681600105347307	208.749027039364	6.33348316265159	1.44698477706058e-09	basement_membrane_score_z	TRUE		null_ieg_0745	ieg
null_ieg_0745_z	0.167004472877081	0.0743569531378129	208.947491551192	2.24598327163239	0.0257515809543917	bm_minus_fibrillar_z	TRUE		null_ieg_0745	ieg
null_ieg_0746_z	0.532468011114989	0.0599089731192829	210.281747675125	8.88795089267861	2.83934947400888e-16	basement_membrane_score_z	TRUE		null_ieg_0746	ieg
null_ieg_0746_z	0.344774663763521	0.067060160196657	206.71065313567	5.14127408512675	6.31134237091996e-07	bm_minus_fibrillar_z	TRUE		null_ieg_0746	ieg
null_ieg_0747_z	0.364479185865508	0.0692968329474305	210.984504235639	5.25968028209899	3.53273842988647e-07	basement_membrane_score_z	TRUE		null_ieg_0747	ieg
null_ieg_0747_z	0.0712510905889129	0.0740637261393577	205.880050055961	0.962024114947274	0.337166015971828	bm_minus_fibrillar_z	TRUE		null_ieg_0747	ieg
null_ieg_0748_z	0.486988735310773	0.0618872513682195	208.372219850838	7.86896694463397	1.91788712189275e-13	basement_membrane_score_z	TRUE		null_ieg_0748	ieg
null_ieg_0748_z	0.279409359276747	0.0683659356022485	205.981860586922	4.08696753456786	6.26141753731402e-05	bm_minus_fibrillar_z	TRUE		null_ieg_0748	ieg
null_ieg_0749_z	0.397425307134262	0.070014133384432	207.449583003767	5.67635829971769	4.59684592234591e-08	basement_membrane_score_z	TRUE		null_ieg_0749	ieg
null_ieg_0749_z	0.183838795761313	0.0750398412197229	210.257472447283	2.44988252604397	0.0151079705350005	bm_minus_fibrillar_z	TRUE		null_ieg_0749	ieg
null_ieg_0750_z	0.461859596243629	0.0635869063897072	209.716957818088	7.26343869307016	7.28396558856035e-12	basement_membrane_score_z	TRUE		null_ieg_0750	ieg
null_ieg_0750_z	0.227855932778855	0.0703159143605982	208.98781527296	3.24046035454152	0.00138856814317053	bm_minus_fibrillar_z	TRUE		null_ieg_0750	ieg
null_ieg_0751_z	0.486823846906525	0.0628755672423128	209.834758182515	7.74265534703456	4.07131263873176e-13	basement_membrane_score_z	TRUE		null_ieg_0751	ieg
null_ieg_0751_z	0.265739349481017	0.0698531113185438	209.441131586059	3.80425931594075	0.000186633618627377	bm_minus_fibrillar_z	TRUE		null_ieg_0751	ieg
null_ieg_0752_z	0.473352549262593	0.0620857675563399	209.447135011628	7.62417165629865	8.42788803632677e-13	basement_membrane_score_z	TRUE		null_ieg_0752	ieg
null_ieg_0752_z	0.279403897757749	0.0682575177649825	207.343351941453	4.09337911641858	6.08965442450121e-05	bm_minus_fibrillar_z	TRUE		null_ieg_0752	ieg
null_ieg_0753_z	0.417416386836421	0.0688228614518456	208.699152099118	6.06508328818151	6.1073775525094e-09	basement_membrane_score_z	TRUE		null_ieg_0753	ieg
null_ieg_0753_z	0.183829161642606	0.0744537010490449	209.556793861879	2.46903994096294	0.0143474244278224	bm_minus_fibrillar_z	TRUE		null_ieg_0753	ieg
null_ieg_0754_z	0.460031596256033	0.0629868936403406	210.708866235492	7.30360825353359	5.67292539680668e-12	basement_membrane_score_z	TRUE		null_ieg_0754	ieg
null_ieg_0754_z	0.205401793901582	0.0699486652344687	202.483904917689	2.9364648090578	0.00370397795867436	bm_minus_fibrillar_z	TRUE		null_ieg_0754	ieg
null_ieg_0755_z	0.339303503627651	0.0703244978576269	210.979603072773	4.82482653931744	2.68400930617626e-06	basement_membrane_score_z	TRUE		null_ieg_0755	ieg
null_ieg_0755_z	0.04442784775919	0.0745277638614811	206.485135794618	0.596124792389646	0.551744782218226	bm_minus_fibrillar_z	TRUE		null_ieg_0755	ieg
null_ieg_0756_z	0.43698799371372	0.0636580382054365	210.991013541259	6.86461609613977	7.31160223325218e-11	basement_membrane_score_z	TRUE		null_ieg_0756	ieg
null_ieg_0756_z	0.197531180208792	0.0700245216299287	206.399235956492	2.82088582129444	0.00525651505798512	bm_minus_fibrillar_z	TRUE		null_ieg_0756	ieg
null_ieg_0757_z	0.514924733404506	0.0610759754845189	210.104218826799	8.43088840283894	5.47013809200708e-15	basement_membrane_score_z	TRUE		null_ieg_0757	ieg
null_ieg_0757_z	0.343084744860719	0.0672895848872542	207.27309517051	5.09863072324741	7.69770492551267e-07	bm_minus_fibrillar_z	TRUE		null_ieg_0757	ieg
null_ieg_0758_z	0.351709797896523	0.0697984074681967	210.981784544922	5.03893728602301	1.00459030868602e-06	basement_membrane_score_z	TRUE		null_ieg_0758	ieg
null_ieg_0758_z	0.0869442500774006	0.0742346940196153	206.485483471797	1.17120776512431	0.242865036041882	bm_minus_fibrillar_z	TRUE		null_ieg_0758	ieg
null_ieg_0759_z	0.44191745657883	0.0635705783081694	210.706682572755	6.95160353011984	4.44842969504618e-11	basement_membrane_score_z	TRUE		null_ieg_0759	ieg
null_ieg_0759_z	0.181659271029096	0.0701798015766014	204.727129915053	2.58848367974957	0.0103310543498252	bm_minus_fibrillar_z	TRUE		null_ieg_0759	ieg
null_ieg_0760_z	0.497684998249111	0.0613582426911358	210.513812131872	8.11113513720317	4.10674603463615e-14	basement_membrane_score_z	TRUE		null_ieg_0760	ieg
null_ieg_0760_z	0.34244875769807	0.0671324559415683	207.705536200616	5.10109086424807	7.59744280774133e-07	bm_minus_fibrillar_z	TRUE		null_ieg_0760	ieg
null_ieg_0761_z	0.503160733680175	0.0609391887962706	209.175154084139	8.25676783067004	1.68269942223993e-14	basement_membrane_score_z	TRUE		null_ieg_0761	ieg
null_ieg_0761_z	0.278028272939194	0.0682526731020926	207.200814720968	4.07351478415092	6.59258503682027e-05	bm_minus_fibrillar_z	TRUE		null_ieg_0761	ieg
null_ieg_0762_z	0.40267552906296	0.0694196218167027	208.214471234613	5.80060101920742	2.43072721563934e-08	basement_membrane_score_z	TRUE		null_ieg_0762	ieg
null_ieg_0762_z	0.135073319425526	0.0750360487055245	209.575251232678	1.80011236939747	0.0732809821684438	bm_minus_fibrillar_z	TRUE		null_ieg_0762	ieg
null_ieg_0763_z	0.475006267081108	0.0629471362688143	210.123850823214	7.54611401307607	1.33887452073502e-12	basement_membrane_score_z	TRUE		null_ieg_0763	ieg
null_ieg_0763_z	0.268618019378273	0.069464140684337	209.292789480169	3.867002697103	0.000147067332435221	bm_minus_fibrillar_z	TRUE		null_ieg_0763	ieg
null_ieg_0764_z	0.485542828368719	0.0622803010991313	210.506829049322	7.79608993212609	2.90401394379428e-13	basement_membrane_score_z	TRUE		null_ieg_0764	ieg
null_ieg_0764_z	0.262564668194708	0.0693089125698008	209.067295236994	3.78832474005821	0.00019828160758013	bm_minus_fibrillar_z	TRUE		null_ieg_0764	ieg
null_ieg_0765_z	0.430415812739874	0.0642149852085014	210.884512295952	6.70273163409359	1.83681969501446e-10	basement_membrane_score_z	TRUE		null_ieg_0765	ieg
null_ieg_0765_z	0.187273515676548	0.0703910766257186	204.681236038079	2.66047238732138	0.00842161265176488	bm_minus_fibrillar_z	TRUE		null_ieg_0765	ieg
null_ieg_0766_z	0.461859596243629	0.0635869063897072	209.716957818088	7.26343869307016	7.28396558856035e-12	basement_membrane_score_z	TRUE		null_ieg_0766	ieg
null_ieg_0766_z	0.227855932778855	0.0703159143605982	208.98781527296	3.24046035454152	0.00138856814317053	bm_minus_fibrillar_z	TRUE		null_ieg_0766	ieg
null_ieg_0767_z	0.432452867637059	0.0684353590312781	207.806376006627	6.31914369645387	1.57555696034154e-09	basement_membrane_score_z	TRUE		null_ieg_0767	ieg
null_ieg_0767_z	0.205714679620107	0.0742498635223422	209.986376899081	2.77057316823494	0.00609761143768652	bm_minus_fibrillar_z	TRUE		null_ieg_0767	ieg
null_ieg_0768_z	0.508634562852733	0.0606336610864736	210.959793184883	8.38865002935145	7.04267930777327e-15	basement_membrane_score_z	TRUE		null_ieg_0768	ieg
null_ieg_0768_z	0.34950340643878	0.066754792988074	209.406961725226	5.23563014420882	3.98922816554372e-07	bm_minus_fibrillar_z	TRUE		null_ieg_0768	ieg
null_ieg_0769_z	0.481048731081367	0.062312427640303	209.049727233312	7.71994848055365	4.73293524595466e-13	basement_membrane_score_z	TRUE		null_ieg_0769	ieg
null_ieg_0769_z	0.27362396209114	0.0689975911024922	210.547278361953	3.96570311686224	0.000100282024037537	bm_minus_fibrillar_z	TRUE		null_ieg_0769	ieg
null_ieg_0770_z	0.485542828368719	0.0622803010991313	210.506829049322	7.79608993212609	2.90401394379428e-13	basement_membrane_score_z	TRUE		null_ieg_0770	ieg
null_ieg_0770_z	0.262564668194708	0.0693089125698008	209.067295236994	3.78832474005821	0.00019828160758013	bm_minus_fibrillar_z	TRUE		null_ieg_0770	ieg
null_ieg_0771_z	0.508086083893826	0.060665239378368	209.744045211586	8.37524238097706	7.85452098719483e-15	basement_membrane_score_z	TRUE		null_ieg_0771	ieg
null_ieg_0771_z	0.339505819813614	0.0669388403879878	207.376881900477	5.0718808071037	8.72182991751522e-07	bm_minus_fibrillar_z	TRUE		null_ieg_0771	ieg
null_ieg_0772_z	0.486823846906525	0.0628755672423128	209.834758182515	7.74265534703456	4.07131263873176e-13	basement_membrane_score_z	TRUE		null_ieg_0772	ieg
null_ieg_0772_z	0.265739349481017	0.0698531113185438	209.441131586059	3.80425931594075	0.000186633618627377	bm_minus_fibrillar_z	TRUE		null_ieg_0772	ieg
null_ieg_0773_z	0.482638359093782	0.0614791080017032	210.33373555211	7.85044505005523	2.08379187452955e-13	basement_membrane_score_z	TRUE		null_ieg_0773	ieg
null_ieg_0773_z	0.29002104038616	0.067927785355388	208.904804305137	4.26954947623883	2.97196855782469e-05	bm_minus_fibrillar_z	TRUE		null_ieg_0773	ieg
null_ieg_0774_z	0.473352549262593	0.0620857675563399	209.447135011628	7.62417165629865	8.42788803632677e-13	basement_membrane_score_z	TRUE		null_ieg_0774	ieg
null_ieg_0774_z	0.279403897757749	0.0682575177649825	207.343351941453	4.09337911641858	6.08965442450121e-05	bm_minus_fibrillar_z	TRUE		null_ieg_0774	ieg
null_ieg_0775_z	0.371155960960602	0.0693196736101457	210.822641209909	5.35426584735505	2.23727399245506e-07	basement_membrane_score_z	TRUE		null_ieg_0775	ieg
null_ieg_0775_z	0.114890963728323	0.0741357000753093	207.109482845749	1.54973870364229	0.122730949885698	bm_minus_fibrillar_z	TRUE		null_ieg_0775	ieg
null_ieg_0776_z	0.351709797896523	0.0697984074681967	210.981784544922	5.03893728602301	1.00459030868602e-06	basement_membrane_score_z	TRUE		null_ieg_0776	ieg
null_ieg_0776_z	0.0869442500774006	0.0742346940196153	206.485483471797	1.17120776512431	0.242865036041882	bm_minus_fibrillar_z	TRUE		null_ieg_0776	ieg
null_ieg_0777_z	0.44191745657883	0.0635705783081694	210.706682572755	6.95160353011984	4.44842969504618e-11	basement_membrane_score_z	TRUE		null_ieg_0777	ieg
null_ieg_0777_z	0.181659271029096	0.0701798015766014	204.727129915053	2.58848367974957	0.0103310543498252	bm_minus_fibrillar_z	TRUE		null_ieg_0777	ieg
null_ieg_0778_z	0.514924733404506	0.0610759754845189	210.104218826799	8.43088840283894	5.47013809200708e-15	basement_membrane_score_z	TRUE		null_ieg_0778	ieg
null_ieg_0778_z	0.343084744860719	0.0672895848872542	207.27309517051	5.09863072324741	7.69770492551267e-07	bm_minus_fibrillar_z	TRUE		null_ieg_0778	ieg
null_ieg_0779_z	0.417277489610885	0.0687893354983985	206.022084509862	6.06602006819211	6.18686521731902e-09	basement_membrane_score_z	TRUE		null_ieg_0779	ieg
null_ieg_0779_z	0.19326995339371	0.0743949672267255	210.721790467563	2.59789016110058	0.010041584592287	bm_minus_fibrillar_z	TRUE		null_ieg_0779	ieg
null_ieg_0780_z	0.497684998249111	0.0613582426911358	210.513812131872	8.11113513720317	4.10674603463615e-14	basement_membrane_score_z	TRUE		null_ieg_0780	ieg
null_ieg_0780_z	0.34244875769807	0.0671324559415683	207.705536200616	5.10109086424807	7.59744280774133e-07	bm_minus_fibrillar_z	TRUE		null_ieg_0780	ieg
null_ieg_0781_z	0.397425307134262	0.070014133384432	207.449583003767	5.67635829971769	4.59684592234591e-08	basement_membrane_score_z	TRUE		null_ieg_0781	ieg
null_ieg_0781_z	0.183838795761313	0.0750398412197229	210.257472447283	2.44988252604397	0.0151079705350005	bm_minus_fibrillar_z	TRUE		null_ieg_0781	ieg
null_ieg_0782_z	0.508634562852733	0.0606336610864736	210.959793184883	8.38865002935145	7.04267930777327e-15	basement_membrane_score_z	TRUE		null_ieg_0782	ieg
null_ieg_0782_z	0.34950340643878	0.066754792988074	209.406961725226	5.23563014420882	3.98922816554372e-07	bm_minus_fibrillar_z	TRUE		null_ieg_0782	ieg
null_ieg_0783_z	0.482638359093782	0.0614791080017032	210.33373555211	7.85044505005523	2.08379187452955e-13	basement_membrane_score_z	TRUE		null_ieg_0783	ieg
null_ieg_0783_z	0.29002104038616	0.067927785355388	208.904804305137	4.26954947623883	2.97196855782469e-05	bm_minus_fibrillar_z	TRUE		null_ieg_0783	ieg
null_ieg_0784_z	0.473352549262593	0.0620857675563399	209.447135011628	7.62417165629865	8.42788803632677e-13	basement_membrane_score_z	TRUE		null_ieg_0784	ieg
null_ieg_0784_z	0.279403897757749	0.0682575177649825	207.343351941453	4.09337911641858	6.08965442450121e-05	bm_minus_fibrillar_z	TRUE		null_ieg_0784	ieg
null_ieg_0785_z	0.430415812739874	0.0642149852085014	210.884512295952	6.70273163409359	1.83681969501446e-10	basement_membrane_score_z	TRUE		null_ieg_0785	ieg
null_ieg_0785_z	0.187273515676548	0.0703910766257186	204.681236038079	2.66047238732138	0.00842161265176488	bm_minus_fibrillar_z	TRUE		null_ieg_0785	ieg
null_ieg_0786_z	0.481048731081367	0.062312427640303	209.049727233312	7.71994848055365	4.73293524595466e-13	basement_membrane_score_z	TRUE		null_ieg_0786	ieg
null_ieg_0786_z	0.27362396209114	0.0689975911024922	210.547278361953	3.96570311686224	0.000100282024037537	bm_minus_fibrillar_z	TRUE		null_ieg_0786	ieg
null_ieg_0787_z	0.485542828368719	0.0622803010991313	210.506829049322	7.79608993212609	2.90401394379428e-13	basement_membrane_score_z	TRUE		null_ieg_0787	ieg
null_ieg_0787_z	0.262564668194708	0.0693089125698008	209.067295236994	3.78832474005821	0.00019828160758013	bm_minus_fibrillar_z	TRUE		null_ieg_0787	ieg
null_ieg_0788_z	0.475006267081108	0.0629471362688143	210.123850823214	7.54611401307607	1.33887452073502e-12	basement_membrane_score_z	TRUE		null_ieg_0788	ieg
null_ieg_0788_z	0.268618019378273	0.069464140684337	209.292789480169	3.867002697103	0.000147067332435221	bm_minus_fibrillar_z	TRUE		null_ieg_0788	ieg
null_ieg_0789_z	0.431690279087872	0.0681600105347307	208.749027039364	6.33348316265159	1.44698477706058e-09	basement_membrane_score_z	TRUE		null_ieg_0789	ieg
null_ieg_0789_z	0.167004472877081	0.0743569531378129	208.947491551192	2.24598327163239	0.0257515809543917	bm_minus_fibrillar_z	TRUE		null_ieg_0789	ieg
null_ieg_0790_z	0.481048731081367	0.062312427640303	209.049727233312	7.71994848055365	4.73293524595466e-13	basement_membrane_score_z	TRUE		null_ieg_0790	ieg
null_ieg_0790_z	0.27362396209114	0.0689975911024922	210.547278361953	3.96570311686224	0.000100282024037537	bm_minus_fibrillar_z	TRUE		null_ieg_0790	ieg
null_ieg_0791_z	0.486988735310773	0.0618872513682195	208.372219850838	7.86896694463397	1.91788712189275e-13	basement_membrane_score_z	TRUE		null_ieg_0791	ieg
null_ieg_0791_z	0.279409359276747	0.0683659356022485	205.981860586922	4.08696753456786	6.26141753731402e-05	bm_minus_fibrillar_z	TRUE		null_ieg_0791	ieg
null_ieg_0792_z	0.40267552906296	0.0694196218167027	208.214471234613	5.80060101920742	2.43072721563934e-08	basement_membrane_score_z	TRUE		null_ieg_0792	ieg
null_ieg_0792_z	0.135073319425526	0.0750360487055245	209.575251232678	1.80011236939747	0.0732809821684438	bm_minus_fibrillar_z	TRUE		null_ieg_0792	ieg
null_ieg_0793_z	0.335512586742614	0.0705541335981203	210.962384613092	4.75539234389454	3.66694768380497e-06	basement_membrane_score_z	TRUE		null_ieg_0793	ieg
null_ieg_0793_z	0.0926647130906034	0.0745719790748895	206.0961346505	1.24262107885784	0.215419451604862	bm_minus_fibrillar_z	TRUE		null_ieg_0793	ieg
null_ieg_0794_z	0.44191745657883	0.0635705783081694	210.706682572755	6.95160353011984	4.44842969504618e-11	basement_membrane_score_z	TRUE		null_ieg_0794	ieg
null_ieg_0794_z	0.181659271029096	0.0701798015766014	204.727129915053	2.58848367974957	0.0103310543498252	bm_minus_fibrillar_z	TRUE		null_ieg_0794	ieg
null_ieg_0795_z	0.427293198322515	0.0642800011827383	210.848031213913	6.64737384039221	2.50912657101777e-10	basement_membrane_score_z	TRUE		null_ieg_0795	ieg
null_ieg_0795_z	0.142261866733661	0.070714200879998	204.719630982339	2.01178638750481	0.0455533066453832	bm_minus_fibrillar_z	TRUE		null_ieg_0795	ieg
null_ieg_0796_z	0.35449719535339	0.069802587067673	210.502303199173	5.07856814833679	8.36082874594166e-07	basement_membrane_score_z	TRUE		null_ieg_0796	ieg
null_ieg_0796_z	0.0963805954203393	0.0743495875398662	207.571974144212	1.29631647746075	0.196305850049066	bm_minus_fibrillar_z	TRUE		null_ieg_0796	ieg
null_ieg_0797_z	0.497684998249111	0.0613582426911358	210.513812131872	8.11113513720317	4.10674603463615e-14	basement_membrane_score_z	TRUE		null_ieg_0797	ieg
null_ieg_0797_z	0.34244875769807	0.0671324559415683	207.705536200616	5.10109086424807	7.59744280774133e-07	bm_minus_fibrillar_z	TRUE		null_ieg_0797	ieg
null_ieg_0798_z	0.430415812739874	0.0642149852085014	210.884512295952	6.70273163409359	1.83681969501446e-10	basement_membrane_score_z	TRUE		null_ieg_0798	ieg
null_ieg_0798_z	0.187273515676548	0.0703910766257186	204.681236038079	2.66047238732138	0.00842161265176488	bm_minus_fibrillar_z	TRUE		null_ieg_0798	ieg
null_ieg_0799_z	0.397425307134262	0.070014133384432	207.449583003767	5.67635829971769	4.59684592234591e-08	basement_membrane_score_z	TRUE		null_ieg_0799	ieg
null_ieg_0799_z	0.183838795761313	0.0750398412197229	210.257472447283	2.44988252604397	0.0151079705350005	bm_minus_fibrillar_z	TRUE		null_ieg_0799	ieg
null_ieg_0800_z	0.440857633614277	0.0641940483279189	210.81864051447	6.86757799355897	7.20100401535388e-11	basement_membrane_score_z	TRUE		null_ieg_0800	ieg
null_ieg_0800_z	0.184106918203905	0.0706215121288512	204.885929115192	2.60695236697844	0.00980676884623707	bm_minus_fibrillar_z	TRUE		null_ieg_0800	ieg
null_ieg_0801_z	0.339303503627651	0.0703244978576269	210.979603072773	4.82482653931744	2.68400930617626e-06	basement_membrane_score_z	TRUE		null_ieg_0801	ieg
null_ieg_0801_z	0.04442784775919	0.0745277638614811	206.485135794618	0.596124792389646	0.551744782218226	bm_minus_fibrillar_z	TRUE		null_ieg_0801	ieg
null_ieg_0802_z	0.351709797896523	0.0697984074681967	210.981784544922	5.03893728602301	1.00459030868602e-06	basement_membrane_score_z	TRUE		null_ieg_0802	ieg
null_ieg_0802_z	0.0869442500774006	0.0742346940196153	206.485483471797	1.17120776512431	0.242865036041882	bm_minus_fibrillar_z	TRUE		null_ieg_0802	ieg
null_ieg_0803_z	0.397425307134262	0.070014133384432	207.449583003767	5.67635829971769	4.59684592234591e-08	basement_membrane_score_z	TRUE		null_ieg_0803	ieg
null_ieg_0803_z	0.183838795761313	0.0750398412197229	210.257472447283	2.44988252604397	0.0151079705350005	bm_minus_fibrillar_z	TRUE		null_ieg_0803	ieg
null_ieg_0804_z	0.497684998249111	0.0613582426911358	210.513812131872	8.11113513720317	4.10674603463615e-14	basement_membrane_score_z	TRUE		null_ieg_0804	ieg
null_ieg_0804_z	0.34244875769807	0.0671324559415683	207.705536200616	5.10109086424807	7.59744280774133e-07	bm_minus_fibrillar_z	TRUE		null_ieg_0804	ieg
null_ieg_0805_z	0.417277489610885	0.0687893354983985	206.022084509862	6.06602006819211	6.18686521731902e-09	basement_membrane_score_z	TRUE		null_ieg_0805	ieg
null_ieg_0805_z	0.19326995339371	0.0743949672267255	210.721790467563	2.59789016110058	0.010041584592287	bm_minus_fibrillar_z	TRUE		null_ieg_0805	ieg
null_ieg_0806_z	0.430415812739874	0.0642149852085014	210.884512295952	6.70273163409359	1.83681969501446e-10	basement_membrane_score_z	TRUE		null_ieg_0806	ieg
null_ieg_0806_z	0.187273515676548	0.0703910766257186	204.681236038079	2.66047238732138	0.00842161265176488	bm_minus_fibrillar_z	TRUE		null_ieg_0806	ieg
null_ieg_0807_z	0.48165857595815	0.0614609513273797	208.907309598447	7.83682265821974	2.31767625518718e-13	basement_membrane_score_z	TRUE		null_ieg_0807	ieg
null_ieg_0807_z	0.273455932530812	0.0680897082310319	207.172228694462	4.0161125614309	8.2728558388212e-05	bm_minus_fibrillar_z	TRUE		null_ieg_0807	ieg
null_ieg_0808_z	0.417416386836421	0.0688228614518456	208.699152099118	6.06508328818151	6.1073775525094e-09	basement_membrane_score_z	TRUE		null_ieg_0808	ieg
null_ieg_0808_z	0.183829161642606	0.0744537010490449	209.556793861879	2.46903994096294	0.0143474244278224	bm_minus_fibrillar_z	TRUE		null_ieg_0808	ieg
null_ieg_0809_z	0.48165857595815	0.0614609513273797	208.907309598447	7.83682265821974	2.31767625518718e-13	basement_membrane_score_z	TRUE		null_ieg_0809	ieg
null_ieg_0809_z	0.273455932530812	0.0680897082310319	207.172228694462	4.0161125614309	8.2728558388212e-05	bm_minus_fibrillar_z	TRUE		null_ieg_0809	ieg
null_ieg_0810_z	0.461859596243629	0.0635869063897072	209.716957818088	7.26343869307016	7.28396558856035e-12	basement_membrane_score_z	TRUE		null_ieg_0810	ieg
null_ieg_0810_z	0.227855932778855	0.0703159143605982	208.98781527296	3.24046035454152	0.00138856814317053	bm_minus_fibrillar_z	TRUE		null_ieg_0810	ieg
null_ieg_0811_z	0.475006267081108	0.0629471362688143	210.123850823214	7.54611401307607	1.33887452073502e-12	basement_membrane_score_z	TRUE		null_ieg_0811	ieg
null_ieg_0811_z	0.268618019378273	0.069464140684337	209.292789480169	3.867002697103	0.000147067332435221	bm_minus_fibrillar_z	TRUE		null_ieg_0811	ieg
null_ieg_0812_z	0.486823846906525	0.0628755672423128	209.834758182515	7.74265534703456	4.07131263873176e-13	basement_membrane_score_z	TRUE		null_ieg_0812	ieg
null_ieg_0812_z	0.265739349481017	0.0698531113185438	209.441131586059	3.80425931594075	0.000186633618627377	bm_minus_fibrillar_z	TRUE		null_ieg_0812	ieg
null_ieg_0813_z	0.482638359093782	0.0614791080017032	210.33373555211	7.85044505005523	2.08379187452955e-13	basement_membrane_score_z	TRUE		null_ieg_0813	ieg
null_ieg_0813_z	0.29002104038616	0.067927785355388	208.904804305137	4.26954947623883	2.97196855782469e-05	bm_minus_fibrillar_z	TRUE		null_ieg_0813	ieg
null_ieg_0814_z	0.397425307134262	0.070014133384432	207.449583003767	5.67635829971769	4.59684592234591e-08	basement_membrane_score_z	TRUE		null_ieg_0814	ieg
null_ieg_0814_z	0.183838795761313	0.0750398412197229	210.257472447283	2.44988252604397	0.0151079705350005	bm_minus_fibrillar_z	TRUE		null_ieg_0814	ieg
null_ieg_0815_z	0.499437069429391	0.0617886822322538	210.73067413392	8.08298625874697	4.88043907232214e-14	basement_membrane_score_z	TRUE		null_ieg_0815	ieg
null_ieg_0815_z	0.309553069189391	0.068311359147578	207.8030828497	4.53150212573931	9.87480848611047e-06	bm_minus_fibrillar_z	TRUE		null_ieg_0815	ieg
null_ieg_0816_z	0.502729357365575	0.0616795408351254	210.349101666673	8.15066634022801	3.21359082117069e-14	basement_membrane_score_z	TRUE		null_ieg_0816	ieg
null_ieg_0816_z	0.27954190183698	0.0690314582337276	208.543444270205	4.04948568362128	7.23655228455366e-05	bm_minus_fibrillar_z	TRUE		null_ieg_0816	ieg
null_ieg_0817_z	0.351709797896523	0.0697984074681967	210.981784544922	5.03893728602301	1.00459030868602e-06	basement_membrane_score_z	TRUE		null_ieg_0817	ieg
null_ieg_0817_z	0.0869442500774006	0.0742346940196153	206.485483471797	1.17120776512431	0.242865036041882	bm_minus_fibrillar_z	TRUE		null_ieg_0817	ieg
null_ieg_0818_z	0.40267552906296	0.0694196218167027	208.214471234613	5.80060101920742	2.43072721563934e-08	basement_membrane_score_z	TRUE		null_ieg_0818	ieg
null_ieg_0818_z	0.135073319425526	0.0750360487055245	209.575251232678	1.80011236939747	0.0732809821684438	bm_minus_fibrillar_z	TRUE		null_ieg_0818	ieg
null_ieg_0819_z	0.486823846906525	0.0628755672423128	209.834758182515	7.74265534703456	4.07131263873176e-13	basement_membrane_score_z	TRUE		null_ieg_0819	ieg
null_ieg_0819_z	0.265739349481017	0.0698531113185438	209.441131586059	3.80425931594075	0.000186633618627377	bm_minus_fibrillar_z	TRUE		null_ieg_0819	ieg
null_ieg_0820_z	0.397425307134262	0.070014133384432	207.449583003767	5.67635829971769	4.59684592234591e-08	basement_membrane_score_z	TRUE		null_ieg_0820	ieg
null_ieg_0820_z	0.183838795761313	0.0750398412197229	210.257472447283	2.44988252604397	0.0151079705350005	bm_minus_fibrillar_z	TRUE		null_ieg_0820	ieg
null_ieg_0821_z	0.431690279087872	0.0681600105347307	208.749027039364	6.33348316265159	1.44698477706058e-09	basement_membrane_score_z	TRUE		null_ieg_0821	ieg
null_ieg_0821_z	0.167004472877081	0.0743569531378129	208.947491551192	2.24598327163239	0.0257515809543917	bm_minus_fibrillar_z	TRUE		null_ieg_0821	ieg
null_ieg_0822_z	0.48165857595815	0.0614609513273797	208.907309598447	7.83682265821974	2.31767625518718e-13	basement_membrane_score_z	TRUE		null_ieg_0822	ieg
null_ieg_0822_z	0.273455932530812	0.0680897082310319	207.172228694462	4.0161125614309	8.2728558388212e-05	bm_minus_fibrillar_z	TRUE		null_ieg_0822	ieg
null_ieg_0823_z	0.417277489610885	0.0687893354983985	206.022084509862	6.06602006819211	6.18686521731902e-09	basement_membrane_score_z	TRUE		null_ieg_0823	ieg
null_ieg_0823_z	0.19326995339371	0.0743949672267255	210.721790467563	2.59789016110058	0.010041584592287	bm_minus_fibrillar_z	TRUE		null_ieg_0823	ieg
null_ieg_0824_z	0.432452867637059	0.0684353590312781	207.806376006627	6.31914369645387	1.57555696034154e-09	basement_membrane_score_z	TRUE		null_ieg_0824	ieg
null_ieg_0824_z	0.205714679620107	0.0742498635223422	209.986376899081	2.77057316823494	0.00609761143768652	bm_minus_fibrillar_z	TRUE		null_ieg_0824	ieg
null_ieg_0825_z	0.482638359093782	0.0614791080017032	210.33373555211	7.85044505005523	2.08379187452955e-13	basement_membrane_score_z	TRUE		null_ieg_0825	ieg
null_ieg_0825_z	0.29002104038616	0.067927785355388	208.904804305137	4.26954947623883	2.97196855782469e-05	bm_minus_fibrillar_z	TRUE		null_ieg_0825	ieg
null_ieg_0826_z	0.503160733680175	0.0609391887962706	209.175154084139	8.25676783067004	1.68269942223993e-14	basement_membrane_score_z	TRUE		null_ieg_0826	ieg
null_ieg_0826_z	0.278028272939194	0.0682526731020926	207.200814720968	4.07351478415092	6.59258503682027e-05	bm_minus_fibrillar_z	TRUE		null_ieg_0826	ieg
null_ieg_0827_z	0.475006267081108	0.0629471362688143	210.123850823214	7.54611401307607	1.33887452073502e-12	basement_membrane_score_z	TRUE		null_ieg_0827	ieg
null_ieg_0827_z	0.268618019378273	0.069464140684337	209.292789480169	3.867002697103	0.000147067332435221	bm_minus_fibrillar_z	TRUE		null_ieg_0827	ieg
null_ieg_0828_z	0.460031596256033	0.0629868936403406	210.708866235492	7.30360825353359	5.67292539680668e-12	basement_membrane_score_z	TRUE		null_ieg_0828	ieg
null_ieg_0828_z	0.205401793901582	0.0699486652344687	202.483904917689	2.9364648090578	0.00370397795867436	bm_minus_fibrillar_z	TRUE		null_ieg_0828	ieg
null_ieg_0829_z	0.520445217368386	0.0603874385638392	210.113354343296	8.61843505447233	1.64122588527094e-15	basement_membrane_score_z	TRUE		null_ieg_0829	ieg
null_ieg_0829_z	0.35220646241214	0.0667571708741078	207.791966061713	5.2759345220956	3.30910293623801e-07	bm_minus_fibrillar_z	TRUE		null_ieg_0829	ieg
null_ieg_0830_z	0.440857633614277	0.0641940483279189	210.81864051447	6.86757799355897	7.20100401535388e-11	basement_membrane_score_z	TRUE		null_ieg_0830	ieg
null_ieg_0830_z	0.184106918203905	0.0706215121288512	204.885929115192	2.60695236697844	0.00980676884623707	bm_minus_fibrillar_z	TRUE		null_ieg_0830	ieg
null_ieg_0831_z	0.364479185865508	0.0692968329474305	210.984504235639	5.25968028209899	3.53273842988647e-07	basement_membrane_score_z	TRUE		null_ieg_0831	ieg
null_ieg_0831_z	0.0712510905889129	0.0740637261393577	205.880050055961	0.962024114947274	0.337166015971828	bm_minus_fibrillar_z	TRUE		null_ieg_0831	ieg
null_ieg_0832_z	0.398246536380876	0.0695800995187402	208.505203536282	5.72356951391849	3.59759853607217e-08	basement_membrane_score_z	TRUE		null_ieg_0832	ieg
null_ieg_0832_z	0.18992703490147	0.0746057124756352	209.506356360275	2.54574386597403	0.0116234546486797	bm_minus_fibrillar_z	TRUE		null_ieg_0832	ieg
null_ieg_0833_z	0.371155960960602	0.0693196736101457	210.822641209909	5.35426584735505	2.23727399245506e-07	basement_membrane_score_z	TRUE		null_ieg_0833	ieg
null_ieg_0833_z	0.114890963728323	0.0741357000753093	207.109482845749	1.54973870364229	0.122730949885698	bm_minus_fibrillar_z	TRUE		null_ieg_0833	ieg
null_ieg_0834_z	0.497684998249111	0.0613582426911358	210.513812131872	8.11113513720317	4.10674603463615e-14	basement_membrane_score_z	TRUE		null_ieg_0834	ieg
null_ieg_0834_z	0.34244875769807	0.0671324559415683	207.705536200616	5.10109086424807	7.59744280774133e-07	bm_minus_fibrillar_z	TRUE		null_ieg_0834	ieg
null_ieg_0835_z	0.499437069429391	0.0617886822322538	210.73067413392	8.08298625874697	4.88043907232214e-14	basement_membrane_score_z	TRUE		null_ieg_0835	ieg
null_ieg_0835_z	0.309553069189391	0.068311359147578	207.8030828497	4.53150212573931	9.87480848611047e-06	bm_minus_fibrillar_z	TRUE		null_ieg_0835	ieg
null_ieg_0836_z	0.495880111688128	0.0611797862916463	209.299546119445	8.10529329612642	4.35156144598835e-14	basement_membrane_score_z	TRUE		null_ieg_0836	ieg
null_ieg_0836_z	0.292161365951417	0.0679283045239529	207.434450307297	4.30102544144018	2.6169204663372e-05	bm_minus_fibrillar_z	TRUE		null_ieg_0836	ieg
null_ieg_0837_z	0.481048731081367	0.062312427640303	209.049727233312	7.71994848055365	4.73293524595466e-13	basement_membrane_score_z	TRUE		null_ieg_0837	ieg
null_ieg_0837_z	0.27362396209114	0.0689975911024922	210.547278361953	3.96570311686224	0.000100282024037537	bm_minus_fibrillar_z	TRUE		null_ieg_0837	ieg
null_ieg_0838_z	0.482638359093782	0.0614791080017032	210.33373555211	7.85044505005523	2.08379187452955e-13	basement_membrane_score_z	TRUE		null_ieg_0838	ieg
null_ieg_0838_z	0.29002104038616	0.067927785355388	208.904804305137	4.26954947623883	2.97196855782469e-05	bm_minus_fibrillar_z	TRUE		null_ieg_0838	ieg
null_ieg_0839_z	0.445695886505357	0.0635802380436167	210.799818421518	7.00997511521748	3.17127477339969e-11	basement_membrane_score_z	TRUE		null_ieg_0839	ieg
null_ieg_0839_z	0.164437939354783	0.0704040377076809	203.821622938308	2.33563222662787	0.0204825551371837	bm_minus_fibrillar_z	TRUE		null_ieg_0839	ieg
null_ieg_0840_z	0.417277489610885	0.0687893354983985	206.022084509862	6.06602006819211	6.18686521731902e-09	basement_membrane_score_z	TRUE		null_ieg_0840	ieg
null_ieg_0840_z	0.19326995339371	0.0743949672267255	210.721790467563	2.59789016110058	0.010041584592287	bm_minus_fibrillar_z	TRUE		null_ieg_0840	ieg
null_ieg_0841_z	0.417277489610885	0.0687893354983985	206.022084509862	6.06602006819211	6.18686521731902e-09	basement_membrane_score_z	TRUE		null_ieg_0841	ieg
null_ieg_0841_z	0.19326995339371	0.0743949672267255	210.721790467563	2.59789016110058	0.010041584592287	bm_minus_fibrillar_z	TRUE		null_ieg_0841	ieg
null_ieg_0842_z	0.502729357365575	0.0616795408351254	210.349101666673	8.15066634022801	3.21359082117069e-14	basement_membrane_score_z	TRUE		null_ieg_0842	ieg
null_ieg_0842_z	0.27954190183698	0.0690314582337276	208.543444270205	4.04948568362128	7.23655228455366e-05	bm_minus_fibrillar_z	TRUE		null_ieg_0842	ieg
null_ieg_0843_z	0.397425307134262	0.070014133384432	207.449583003767	5.67635829971769	4.59684592234591e-08	basement_membrane_score_z	TRUE		null_ieg_0843	ieg
null_ieg_0843_z	0.183838795761313	0.0750398412197229	210.257472447283	2.44988252604397	0.0151079705350005	bm_minus_fibrillar_z	TRUE		null_ieg_0843	ieg
null_ieg_0844_z	0.481048731081367	0.062312427640303	209.049727233312	7.71994848055365	4.73293524595466e-13	basement_membrane_score_z	TRUE		null_ieg_0844	ieg
null_ieg_0844_z	0.27362396209114	0.0689975911024922	210.547278361953	3.96570311686224	0.000100282024037537	bm_minus_fibrillar_z	TRUE		null_ieg_0844	ieg
null_ieg_0845_z	0.469558975662443	0.0626642084951207	209.210371388874	7.49325630912589	1.86392767800025e-12	basement_membrane_score_z	TRUE		null_ieg_0845	ieg
null_ieg_0845_z	0.245950372398112	0.0692152323577739	206.849808117325	3.55341395268015	0.000471049552183346	bm_minus_fibrillar_z	TRUE		null_ieg_0845	ieg
null_ieg_0846_z	0.440857633614277	0.0641940483279189	210.81864051447	6.86757799355897	7.20100401535388e-11	basement_membrane_score_z	TRUE		null_ieg_0846	ieg
null_ieg_0846_z	0.184106918203905	0.0706215121288512	204.885929115192	2.60695236697844	0.00980676884623707	bm_minus_fibrillar_z	TRUE		null_ieg_0846	ieg
null_ieg_0847_z	0.469558975662443	0.0626642084951207	209.210371388874	7.49325630912589	1.86392767800025e-12	basement_membrane_score_z	TRUE		null_ieg_0847	ieg
null_ieg_0847_z	0.245950372398112	0.0692152323577739	206.849808117325	3.55341395268015	0.000471049552183346	bm_minus_fibrillar_z	TRUE		null_ieg_0847	ieg
null_ieg_0848_z	0.461859596243629	0.0635869063897072	209.716957818088	7.26343869307016	7.28396558856035e-12	basement_membrane_score_z	TRUE		null_ieg_0848	ieg
null_ieg_0848_z	0.227855932778855	0.0703159143605982	208.98781527296	3.24046035454152	0.00138856814317053	bm_minus_fibrillar_z	TRUE		null_ieg_0848	ieg
null_ieg_0849_z	0.502729357365575	0.0616795408351254	210.349101666673	8.15066634022801	3.21359082117069e-14	basement_membrane_score_z	TRUE		null_ieg_0849	ieg
null_ieg_0849_z	0.27954190183698	0.0690314582337276	208.543444270205	4.04948568362128	7.23655228455366e-05	bm_minus_fibrillar_z	TRUE		null_ieg_0849	ieg
null_ieg_0850_z	0.431690279087872	0.0681600105347307	208.749027039364	6.33348316265159	1.44698477706058e-09	basement_membrane_score_z	TRUE		null_ieg_0850	ieg
null_ieg_0850_z	0.167004472877081	0.0743569531378129	208.947491551192	2.24598327163239	0.0257515809543917	bm_minus_fibrillar_z	TRUE		null_ieg_0850	ieg
null_ieg_0851_z	0.514924733404506	0.0610759754845189	210.104218826799	8.43088840283894	5.47013809200708e-15	basement_membrane_score_z	TRUE		null_ieg_0851	ieg
null_ieg_0851_z	0.343084744860719	0.0672895848872542	207.27309517051	5.09863072324741	7.69770492551267e-07	bm_minus_fibrillar_z	TRUE		null_ieg_0851	ieg
null_ieg_0852_z	0.485542828368719	0.0622803010991313	210.506829049322	7.79608993212609	2.90401394379428e-13	basement_membrane_score_z	TRUE		null_ieg_0852	ieg
null_ieg_0852_z	0.262564668194708	0.0693089125698008	209.067295236994	3.78832474005821	0.00019828160758013	bm_minus_fibrillar_z	TRUE		null_ieg_0852	ieg
null_ieg_0853_z	0.486823846906525	0.0628755672423128	209.834758182515	7.74265534703456	4.07131263873176e-13	basement_membrane_score_z	TRUE		null_ieg_0853	ieg
null_ieg_0853_z	0.265739349481017	0.0698531113185438	209.441131586059	3.80425931594075	0.000186633618627377	bm_minus_fibrillar_z	TRUE		null_ieg_0853	ieg
null_ieg_0854_z	0.44191745657883	0.0635705783081694	210.706682572755	6.95160353011984	4.44842969504618e-11	basement_membrane_score_z	TRUE		null_ieg_0854	ieg
null_ieg_0854_z	0.181659271029096	0.0701798015766014	204.727129915053	2.58848367974957	0.0103310543498252	bm_minus_fibrillar_z	TRUE		null_ieg_0854	ieg
null_ieg_0855_z	0.499437069429391	0.0617886822322538	210.73067413392	8.08298625874697	4.88043907232214e-14	basement_membrane_score_z	TRUE		null_ieg_0855	ieg
null_ieg_0855_z	0.309553069189391	0.068311359147578	207.8030828497	4.53150212573931	9.87480848611047e-06	bm_minus_fibrillar_z	TRUE		null_ieg_0855	ieg
null_ieg_0856_z	0.481048731081367	0.062312427640303	209.049727233312	7.71994848055365	4.73293524595466e-13	basement_membrane_score_z	TRUE		null_ieg_0856	ieg
null_ieg_0856_z	0.27362396209114	0.0689975911024922	210.547278361953	3.96570311686224	0.000100282024037537	bm_minus_fibrillar_z	TRUE		null_ieg_0856	ieg
null_ieg_0857_z	0.364479185865508	0.0692968329474305	210.984504235639	5.25968028209899	3.53273842988647e-07	basement_membrane_score_z	TRUE		null_ieg_0857	ieg
null_ieg_0857_z	0.0712510905889129	0.0740637261393577	205.880050055961	0.962024114947274	0.337166015971828	bm_minus_fibrillar_z	TRUE		null_ieg_0857	ieg
null_ieg_0858_z	0.339303503627651	0.0703244978576269	210.979603072773	4.82482653931744	2.68400930617626e-06	basement_membrane_score_z	TRUE		null_ieg_0858	ieg
null_ieg_0858_z	0.04442784775919	0.0745277638614811	206.485135794618	0.596124792389646	0.551744782218226	bm_minus_fibrillar_z	TRUE		null_ieg_0858	ieg
null_ieg_0859_z	0.397425307134262	0.070014133384432	207.449583003767	5.67635829971769	4.59684592234591e-08	basement_membrane_score_z	TRUE		null_ieg_0859	ieg
null_ieg_0859_z	0.183838795761313	0.0750398412197229	210.257472447283	2.44988252604397	0.0151079705350005	bm_minus_fibrillar_z	TRUE		null_ieg_0859	ieg
null_ieg_0860_z	0.532468011114989	0.0599089731192829	210.281747675125	8.88795089267861	2.83934947400888e-16	basement_membrane_score_z	TRUE		null_ieg_0860	ieg
null_ieg_0860_z	0.344774663763521	0.067060160196657	206.71065313567	5.14127408512675	6.31134237091996e-07	bm_minus_fibrillar_z	TRUE		null_ieg_0860	ieg
null_ieg_0861_z	0.497684998249111	0.0613582426911358	210.513812131872	8.11113513720317	4.10674603463615e-14	basement_membrane_score_z	TRUE		null_ieg_0861	ieg
null_ieg_0861_z	0.34244875769807	0.0671324559415683	207.705536200616	5.10109086424807	7.59744280774133e-07	bm_minus_fibrillar_z	TRUE		null_ieg_0861	ieg
null_ieg_0862_z	0.331851079918328	0.070868025453932	210.9418816397	4.68266298930608	5.06651742393614e-06	basement_membrane_score_z	TRUE		null_ieg_0862	ieg
null_ieg_0862_z	0.0897408150360121	0.0747960272847275	206.777987834516	1.19980723968659	0.231587106977388	bm_minus_fibrillar_z	TRUE		null_ieg_0862	ieg
null_ieg_0863_z	0.495880111688128	0.0611797862916463	209.299546119445	8.10529329612642	4.35156144598835e-14	basement_membrane_score_z	TRUE		null_ieg_0863	ieg
null_ieg_0863_z	0.292161365951417	0.0679283045239529	207.434450307297	4.30102544144018	2.6169204663372e-05	bm_minus_fibrillar_z	TRUE		null_ieg_0863	ieg
null_ieg_0864_z	0.35449719535339	0.069802587067673	210.502303199173	5.07856814833679	8.36082874594166e-07	basement_membrane_score_z	TRUE		null_ieg_0864	ieg
null_ieg_0864_z	0.0963805954203393	0.0743495875398662	207.571974144212	1.29631647746075	0.196305850049066	bm_minus_fibrillar_z	TRUE		null_ieg_0864	ieg
null_ieg_0865_z	0.48165857595815	0.0614609513273797	208.907309598447	7.83682265821974	2.31767625518718e-13	basement_membrane_score_z	TRUE		null_ieg_0865	ieg
null_ieg_0865_z	0.273455932530812	0.0680897082310319	207.172228694462	4.0161125614309	8.2728558388212e-05	bm_minus_fibrillar_z	TRUE		null_ieg_0865	ieg
null_ieg_0866_z	0.44191745657883	0.0635705783081694	210.706682572755	6.95160353011984	4.44842969504618e-11	basement_membrane_score_z	TRUE		null_ieg_0866	ieg
null_ieg_0866_z	0.181659271029096	0.0701798015766014	204.727129915053	2.58848367974957	0.0103310543498252	bm_minus_fibrillar_z	TRUE		null_ieg_0866	ieg
null_ieg_0867_z	0.431690279087872	0.0681600105347307	208.749027039364	6.33348316265159	1.44698477706058e-09	basement_membrane_score_z	TRUE		null_ieg_0867	ieg
null_ieg_0867_z	0.167004472877081	0.0743569531378129	208.947491551192	2.24598327163239	0.0257515809543917	bm_minus_fibrillar_z	TRUE		null_ieg_0867	ieg
null_ieg_0868_z	0.40267552906296	0.0694196218167027	208.214471234613	5.80060101920742	2.43072721563934e-08	basement_membrane_score_z	TRUE		null_ieg_0868	ieg
null_ieg_0868_z	0.135073319425526	0.0750360487055245	209.575251232678	1.80011236939747	0.0732809821684438	bm_minus_fibrillar_z	TRUE		null_ieg_0868	ieg
null_ieg_0869_z	0.398246536380876	0.0695800995187402	208.505203536282	5.72356951391849	3.59759853607217e-08	basement_membrane_score_z	TRUE		null_ieg_0869	ieg
null_ieg_0869_z	0.18992703490147	0.0746057124756352	209.506356360275	2.54574386597403	0.0116234546486797	bm_minus_fibrillar_z	TRUE		null_ieg_0869	ieg
null_ieg_0870_z	0.335512586742614	0.0705541335981203	210.962384613092	4.75539234389454	3.66694768380497e-06	basement_membrane_score_z	TRUE		null_ieg_0870	ieg
null_ieg_0870_z	0.0926647130906034	0.0745719790748895	206.0961346505	1.24262107885784	0.215419451604862	bm_minus_fibrillar_z	TRUE		null_ieg_0870	ieg
null_ieg_0871_z	0.445695886505357	0.0635802380436167	210.799818421518	7.00997511521748	3.17127477339969e-11	basement_membrane_score_z	TRUE		null_ieg_0871	ieg
null_ieg_0871_z	0.164437939354783	0.0704040377076809	203.821622938308	2.33563222662787	0.0204825551371837	bm_minus_fibrillar_z	TRUE		null_ieg_0871	ieg
null_ieg_0872_z	0.417416386836421	0.0688228614518456	208.699152099118	6.06508328818151	6.1073775525094e-09	basement_membrane_score_z	TRUE		null_ieg_0872	ieg
null_ieg_0872_z	0.183829161642606	0.0744537010490449	209.556793861879	2.46903994096294	0.0143474244278224	bm_minus_fibrillar_z	TRUE		null_ieg_0872	ieg
null_ieg_0873_z	0.364479185865508	0.0692968329474305	210.984504235639	5.25968028209899	3.53273842988647e-07	basement_membrane_score_z	TRUE		null_ieg_0873	ieg
null_ieg_0873_z	0.0712510905889129	0.0740637261393577	205.880050055961	0.962024114947274	0.337166015971828	bm_minus_fibrillar_z	TRUE		null_ieg_0873	ieg
null_ieg_0874_z	0.427293198322515	0.0642800011827383	210.848031213913	6.64737384039221	2.50912657101777e-10	basement_membrane_score_z	TRUE		null_ieg_0874	ieg
null_ieg_0874_z	0.142261866733661	0.070714200879998	204.719630982339	2.01178638750481	0.0455533066453832	bm_minus_fibrillar_z	TRUE		null_ieg_0874	ieg
null_ieg_0875_z	0.351709797896523	0.0697984074681967	210.981784544922	5.03893728602301	1.00459030868602e-06	basement_membrane_score_z	TRUE		null_ieg_0875	ieg
null_ieg_0875_z	0.0869442500774006	0.0742346940196153	206.485483471797	1.17120776512431	0.242865036041882	bm_minus_fibrillar_z	TRUE		null_ieg_0875	ieg
null_ieg_0876_z	0.482638359093782	0.0614791080017032	210.33373555211	7.85044505005523	2.08379187452955e-13	basement_membrane_score_z	TRUE		null_ieg_0876	ieg
null_ieg_0876_z	0.29002104038616	0.067927785355388	208.904804305137	4.26954947623883	2.97196855782469e-05	bm_minus_fibrillar_z	TRUE		null_ieg_0876	ieg
null_ieg_0877_z	0.485542828368719	0.0622803010991313	210.506829049322	7.79608993212609	2.90401394379428e-13	basement_membrane_score_z	TRUE		null_ieg_0877	ieg
null_ieg_0877_z	0.262564668194708	0.0693089125698008	209.067295236994	3.78832474005821	0.00019828160758013	bm_minus_fibrillar_z	TRUE		null_ieg_0877	ieg
null_ieg_0878_z	0.397425307134262	0.070014133384432	207.449583003767	5.67635829971769	4.59684592234591e-08	basement_membrane_score_z	TRUE		null_ieg_0878	ieg
null_ieg_0878_z	0.183838795761313	0.0750398412197229	210.257472447283	2.44988252604397	0.0151079705350005	bm_minus_fibrillar_z	TRUE		null_ieg_0878	ieg
null_ieg_0879_z	0.486823846906525	0.0628755672423128	209.834758182515	7.74265534703456	4.07131263873176e-13	basement_membrane_score_z	TRUE		null_ieg_0879	ieg
null_ieg_0879_z	0.265739349481017	0.0698531113185438	209.441131586059	3.80425931594075	0.000186633618627377	bm_minus_fibrillar_z	TRUE		null_ieg_0879	ieg
null_ieg_0880_z	0.440857633614277	0.0641940483279189	210.81864051447	6.86757799355897	7.20100401535388e-11	basement_membrane_score_z	TRUE		null_ieg_0880	ieg
null_ieg_0880_z	0.184106918203905	0.0706215121288512	204.885929115192	2.60695236697844	0.00980676884623707	bm_minus_fibrillar_z	TRUE		null_ieg_0880	ieg
null_ieg_0881_z	0.461859596243629	0.0635869063897072	209.716957818088	7.26343869307016	7.28396558856035e-12	basement_membrane_score_z	TRUE		null_ieg_0881	ieg
null_ieg_0881_z	0.227855932778855	0.0703159143605982	208.98781527296	3.24046035454152	0.00138856814317053	bm_minus_fibrillar_z	TRUE		null_ieg_0881	ieg
null_ieg_0882_z	0.397425307134262	0.070014133384432	207.449583003767	5.67635829971769	4.59684592234591e-08	basement_membrane_score_z	TRUE		null_ieg_0882	ieg
null_ieg_0882_z	0.183838795761313	0.0750398412197229	210.257472447283	2.44988252604397	0.0151079705350005	bm_minus_fibrillar_z	TRUE		null_ieg_0882	ieg
null_ieg_0883_z	0.495880111688128	0.0611797862916463	209.299546119445	8.10529329612642	4.35156144598835e-14	basement_membrane_score_z	TRUE		null_ieg_0883	ieg
null_ieg_0883_z	0.292161365951417	0.0679283045239529	207.434450307297	4.30102544144018	2.6169204663372e-05	bm_minus_fibrillar_z	TRUE		null_ieg_0883	ieg
null_ieg_0884_z	0.364479185865508	0.0692968329474305	210.984504235639	5.25968028209899	3.53273842988647e-07	basement_membrane_score_z	TRUE		null_ieg_0884	ieg
null_ieg_0884_z	0.0712510905889129	0.0740637261393577	205.880050055961	0.962024114947274	0.337166015971828	bm_minus_fibrillar_z	TRUE		null_ieg_0884	ieg
null_ieg_0885_z	0.40267552906296	0.0694196218167027	208.214471234613	5.80060101920742	2.43072721563934e-08	basement_membrane_score_z	TRUE		null_ieg_0885	ieg
null_ieg_0885_z	0.135073319425526	0.0750360487055245	209.575251232678	1.80011236939747	0.0732809821684438	bm_minus_fibrillar_z	TRUE		null_ieg_0885	ieg
null_ieg_0886_z	0.397425307134262	0.070014133384432	207.449583003767	5.67635829971769	4.59684592234591e-08	basement_membrane_score_z	TRUE		null_ieg_0886	ieg
null_ieg_0886_z	0.183838795761313	0.0750398412197229	210.257472447283	2.44988252604397	0.0151079705350005	bm_minus_fibrillar_z	TRUE		null_ieg_0886	ieg
null_ieg_0887_z	0.43698799371372	0.0636580382054365	210.991013541259	6.86461609613977	7.31160223325218e-11	basement_membrane_score_z	TRUE		null_ieg_0887	ieg
null_ieg_0887_z	0.197531180208792	0.0700245216299287	206.399235956492	2.82088582129444	0.00525651505798512	bm_minus_fibrillar_z	TRUE		null_ieg_0887	ieg
null_ieg_0888_z	0.430415812739874	0.0642149852085014	210.884512295952	6.70273163409359	1.83681969501446e-10	basement_membrane_score_z	TRUE		null_ieg_0888	ieg
null_ieg_0888_z	0.187273515676548	0.0703910766257186	204.681236038079	2.66047238732138	0.00842161265176488	bm_minus_fibrillar_z	TRUE		null_ieg_0888	ieg
null_ieg_0889_z	0.430415812739874	0.0642149852085014	210.884512295952	6.70273163409359	1.83681969501446e-10	basement_membrane_score_z	TRUE		null_ieg_0889	ieg
null_ieg_0889_z	0.187273515676548	0.0703910766257186	204.681236038079	2.66047238732138	0.00842161265176488	bm_minus_fibrillar_z	TRUE		null_ieg_0889	ieg
null_ieg_0890_z	0.485542828368719	0.0622803010991313	210.506829049322	7.79608993212609	2.90401394379428e-13	basement_membrane_score_z	TRUE		null_ieg_0890	ieg
null_ieg_0890_z	0.262564668194708	0.0693089125698008	209.067295236994	3.78832474005821	0.00019828160758013	bm_minus_fibrillar_z	TRUE		null_ieg_0890	ieg
null_ieg_0891_z	0.481048731081367	0.062312427640303	209.049727233312	7.71994848055365	4.73293524595466e-13	basement_membrane_score_z	TRUE		null_ieg_0891	ieg
null_ieg_0891_z	0.27362396209114	0.0689975911024922	210.547278361953	3.96570311686224	0.000100282024037537	bm_minus_fibrillar_z	TRUE		null_ieg_0891	ieg
null_ieg_0892_z	0.486988735310773	0.0618872513682195	208.372219850838	7.86896694463397	1.91788712189275e-13	basement_membrane_score_z	TRUE		null_ieg_0892	ieg
null_ieg_0892_z	0.279409359276747	0.0683659356022485	205.981860586922	4.08696753456786	6.26141753731402e-05	bm_minus_fibrillar_z	TRUE		null_ieg_0892	ieg
null_ieg_0893_z	0.475006267081108	0.0629471362688143	210.123850823214	7.54611401307607	1.33887452073502e-12	basement_membrane_score_z	TRUE		null_ieg_0893	ieg
null_ieg_0893_z	0.268618019378273	0.069464140684337	209.292789480169	3.867002697103	0.000147067332435221	bm_minus_fibrillar_z	TRUE		null_ieg_0893	ieg
null_ieg_0894_z	0.508086083893826	0.060665239378368	209.744045211586	8.37524238097706	7.85452098719483e-15	basement_membrane_score_z	TRUE		null_ieg_0894	ieg
null_ieg_0894_z	0.339505819813614	0.0669388403879878	207.376881900477	5.0718808071037	8.72182991751522e-07	bm_minus_fibrillar_z	TRUE		null_ieg_0894	ieg
null_ieg_0895_z	0.48165857595815	0.0614609513273797	208.907309598447	7.83682265821974	2.31767625518718e-13	basement_membrane_score_z	TRUE		null_ieg_0895	ieg
null_ieg_0895_z	0.273455932530812	0.0680897082310319	207.172228694462	4.0161125614309	8.2728558388212e-05	bm_minus_fibrillar_z	TRUE		null_ieg_0895	ieg
null_ieg_0896_z	0.520445217368386	0.0603874385638392	210.113354343296	8.61843505447233	1.64122588527094e-15	basement_membrane_score_z	TRUE		null_ieg_0896	ieg
null_ieg_0896_z	0.35220646241214	0.0667571708741078	207.791966061713	5.2759345220956	3.30910293623801e-07	bm_minus_fibrillar_z	TRUE		null_ieg_0896	ieg
null_ieg_0897_z	0.44191745657883	0.0635705783081694	210.706682572755	6.95160353011984	4.44842969504618e-11	basement_membrane_score_z	TRUE		null_ieg_0897	ieg
null_ieg_0897_z	0.181659271029096	0.0701798015766014	204.727129915053	2.58848367974957	0.0103310543498252	bm_minus_fibrillar_z	TRUE		null_ieg_0897	ieg
null_ieg_0898_z	0.397425307134262	0.070014133384432	207.449583003767	5.67635829971769	4.59684592234591e-08	basement_membrane_score_z	TRUE		null_ieg_0898	ieg
null_ieg_0898_z	0.183838795761313	0.0750398412197229	210.257472447283	2.44988252604397	0.0151079705350005	bm_minus_fibrillar_z	TRUE		null_ieg_0898	ieg
null_ieg_0899_z	0.398246536380876	0.0695800995187402	208.505203536282	5.72356951391849	3.59759853607217e-08	basement_membrane_score_z	TRUE		null_ieg_0899	ieg
null_ieg_0899_z	0.18992703490147	0.0746057124756352	209.506356360275	2.54574386597403	0.0116234546486797	bm_minus_fibrillar_z	TRUE		null_ieg_0899	ieg
null_ieg_0900_z	0.431690279087872	0.0681600105347307	208.749027039364	6.33348316265159	1.44698477706058e-09	basement_membrane_score_z	TRUE		null_ieg_0900	ieg
null_ieg_0900_z	0.167004472877081	0.0743569531378129	208.947491551192	2.24598327163239	0.0257515809543917	bm_minus_fibrillar_z	TRUE		null_ieg_0900	ieg
null_ieg_0901_z	0.514924733404506	0.0610759754845189	210.104218826799	8.43088840283894	5.47013809200708e-15	basement_membrane_score_z	TRUE		null_ieg_0901	ieg
null_ieg_0901_z	0.343084744860719	0.0672895848872542	207.27309517051	5.09863072324741	7.69770492551267e-07	bm_minus_fibrillar_z	TRUE		null_ieg_0901	ieg
null_ieg_0902_z	0.497684998249111	0.0613582426911358	210.513812131872	8.11113513720317	4.10674603463615e-14	basement_membrane_score_z	TRUE		null_ieg_0902	ieg
null_ieg_0902_z	0.34244875769807	0.0671324559415683	207.705536200616	5.10109086424807	7.59744280774133e-07	bm_minus_fibrillar_z	TRUE		null_ieg_0902	ieg
null_ieg_0903_z	0.44191745657883	0.0635705783081694	210.706682572755	6.95160353011984	4.44842969504618e-11	basement_membrane_score_z	TRUE		null_ieg_0903	ieg
null_ieg_0903_z	0.181659271029096	0.0701798015766014	204.727129915053	2.58848367974957	0.0103310543498252	bm_minus_fibrillar_z	TRUE		null_ieg_0903	ieg
null_ieg_0904_z	0.339303503627651	0.0703244978576269	210.979603072773	4.82482653931744	2.68400930617626e-06	basement_membrane_score_z	TRUE		null_ieg_0904	ieg
null_ieg_0904_z	0.04442784775919	0.0745277638614811	206.485135794618	0.596124792389646	0.551744782218226	bm_minus_fibrillar_z	TRUE		null_ieg_0904	ieg
null_ieg_0905_z	0.486988735310773	0.0618872513682195	208.372219850838	7.86896694463397	1.91788712189275e-13	basement_membrane_score_z	TRUE		null_ieg_0905	ieg
null_ieg_0905_z	0.279409359276747	0.0683659356022485	205.981860586922	4.08696753456786	6.26141753731402e-05	bm_minus_fibrillar_z	TRUE		null_ieg_0905	ieg
null_ieg_0906_z	0.430415812739874	0.0642149852085014	210.884512295952	6.70273163409359	1.83681969501446e-10	basement_membrane_score_z	TRUE		null_ieg_0906	ieg
null_ieg_0906_z	0.187273515676548	0.0703910766257186	204.681236038079	2.66047238732138	0.00842161265176488	bm_minus_fibrillar_z	TRUE		null_ieg_0906	ieg
null_ieg_0907_z	0.397425307134262	0.070014133384432	207.449583003767	5.67635829971769	4.59684592234591e-08	basement_membrane_score_z	TRUE		null_ieg_0907	ieg
null_ieg_0907_z	0.183838795761313	0.0750398412197229	210.257472447283	2.44988252604397	0.0151079705350005	bm_minus_fibrillar_z	TRUE		null_ieg_0907	ieg
null_ieg_0908_z	0.486823846906525	0.0628755672423128	209.834758182515	7.74265534703456	4.07131263873176e-13	basement_membrane_score_z	TRUE		null_ieg_0908	ieg
null_ieg_0908_z	0.265739349481017	0.0698531113185438	209.441131586059	3.80425931594075	0.000186633618627377	bm_minus_fibrillar_z	TRUE		null_ieg_0908	ieg
null_ieg_0909_z	0.520445217368386	0.0603874385638392	210.113354343296	8.61843505447233	1.64122588527094e-15	basement_membrane_score_z	TRUE		null_ieg_0909	ieg
null_ieg_0909_z	0.35220646241214	0.0667571708741078	207.791966061713	5.2759345220956	3.30910293623801e-07	bm_minus_fibrillar_z	TRUE		null_ieg_0909	ieg
null_ieg_0910_z	0.44191745657883	0.0635705783081694	210.706682572755	6.95160353011984	4.44842969504618e-11	basement_membrane_score_z	TRUE		null_ieg_0910	ieg
null_ieg_0910_z	0.181659271029096	0.0701798015766014	204.727129915053	2.58848367974957	0.0103310543498252	bm_minus_fibrillar_z	TRUE		null_ieg_0910	ieg
null_ieg_0911_z	0.48165857595815	0.0614609513273797	208.907309598447	7.83682265821974	2.31767625518718e-13	basement_membrane_score_z	TRUE		null_ieg_0911	ieg
null_ieg_0911_z	0.273455932530812	0.0680897082310319	207.172228694462	4.0161125614309	8.2728558388212e-05	bm_minus_fibrillar_z	TRUE		null_ieg_0911	ieg
null_ieg_0912_z	0.486823846906525	0.0628755672423128	209.834758182515	7.74265534703456	4.07131263873176e-13	basement_membrane_score_z	TRUE		null_ieg_0912	ieg
null_ieg_0912_z	0.265739349481017	0.0698531113185438	209.441131586059	3.80425931594075	0.000186633618627377	bm_minus_fibrillar_z	TRUE		null_ieg_0912	ieg
null_ieg_0913_z	0.473352549262593	0.0620857675563399	209.447135011628	7.62417165629865	8.42788803632677e-13	basement_membrane_score_z	TRUE		null_ieg_0913	ieg
null_ieg_0913_z	0.279403897757749	0.0682575177649825	207.343351941453	4.09337911641858	6.08965442450121e-05	bm_minus_fibrillar_z	TRUE		null_ieg_0913	ieg
null_ieg_0914_z	0.430415812739874	0.0642149852085014	210.884512295952	6.70273163409359	1.83681969501446e-10	basement_membrane_score_z	TRUE		null_ieg_0914	ieg
null_ieg_0914_z	0.187273515676548	0.0703910766257186	204.681236038079	2.66047238732138	0.00842161265176488	bm_minus_fibrillar_z	TRUE		null_ieg_0914	ieg
null_ieg_0915_z	0.492584407966035	0.0620996399361162	210.479888288906	7.93216206201472	1.254309293172e-13	basement_membrane_score_z	TRUE		null_ieg_0915	ieg
null_ieg_0915_z	0.249757945490209	0.0695950289456186	207.462823694903	3.58873254705259	0.000414619680569682	bm_minus_fibrillar_z	TRUE		null_ieg_0915	ieg
null_ieg_0916_z	0.486988735310773	0.0618872513682195	208.372219850838	7.86896694463397	1.91788712189275e-13	basement_membrane_score_z	TRUE		null_ieg_0916	ieg
null_ieg_0916_z	0.279409359276747	0.0683659356022485	205.981860586922	4.08696753456786	6.26141753731402e-05	bm_minus_fibrillar_z	TRUE		null_ieg_0916	ieg
null_ieg_0917_z	0.460031596256033	0.0629868936403406	210.708866235492	7.30360825353359	5.67292539680668e-12	basement_membrane_score_z	TRUE		null_ieg_0917	ieg
null_ieg_0917_z	0.205401793901582	0.0699486652344687	202.483904917689	2.9364648090578	0.00370397795867436	bm_minus_fibrillar_z	TRUE		null_ieg_0917	ieg
null_ieg_0918_z	0.497684998249111	0.0613582426911358	210.513812131872	8.11113513720317	4.10674603463615e-14	basement_membrane_score_z	TRUE		null_ieg_0918	ieg
null_ieg_0918_z	0.34244875769807	0.0671324559415683	207.705536200616	5.10109086424807	7.59744280774133e-07	bm_minus_fibrillar_z	TRUE		null_ieg_0918	ieg
null_ieg_0919_z	0.331851079918328	0.070868025453932	210.9418816397	4.68266298930608	5.06651742393614e-06	basement_membrane_score_z	TRUE		null_ieg_0919	ieg
null_ieg_0919_z	0.0897408150360121	0.0747960272847275	206.777987834516	1.19980723968659	0.231587106977388	bm_minus_fibrillar_z	TRUE		null_ieg_0919	ieg
null_ieg_0920_z	0.508634562852733	0.0606336610864736	210.959793184883	8.38865002935145	7.04267930777327e-15	basement_membrane_score_z	TRUE		null_ieg_0920	ieg
null_ieg_0920_z	0.34950340643878	0.066754792988074	209.406961725226	5.23563014420882	3.98922816554372e-07	bm_minus_fibrillar_z	TRUE		null_ieg_0920	ieg
null_ieg_0921_z	0.427293198322515	0.0642800011827383	210.848031213913	6.64737384039221	2.50912657101777e-10	basement_membrane_score_z	TRUE		null_ieg_0921	ieg
null_ieg_0921_z	0.142261866733661	0.070714200879998	204.719630982339	2.01178638750481	0.0455533066453832	bm_minus_fibrillar_z	TRUE		null_ieg_0921	ieg
null_ieg_0922_z	0.482638359093782	0.0614791080017032	210.33373555211	7.85044505005523	2.08379187452955e-13	basement_membrane_score_z	TRUE		null_ieg_0922	ieg
null_ieg_0922_z	0.29002104038616	0.067927785355388	208.904804305137	4.26954947623883	2.97196855782469e-05	bm_minus_fibrillar_z	TRUE		null_ieg_0922	ieg
null_ieg_0923_z	0.440857633614277	0.0641940483279189	210.81864051447	6.86757799355897	7.20100401535388e-11	basement_membrane_score_z	TRUE		null_ieg_0923	ieg
null_ieg_0923_z	0.184106918203905	0.0706215121288512	204.885929115192	2.60695236697844	0.00980676884623707	bm_minus_fibrillar_z	TRUE		null_ieg_0923	ieg
null_ieg_0924_z	0.335512586742614	0.0705541335981203	210.962384613092	4.75539234389454	3.66694768380497e-06	basement_membrane_score_z	TRUE		null_ieg_0924	ieg
null_ieg_0924_z	0.0926647130906034	0.0745719790748895	206.0961346505	1.24262107885784	0.215419451604862	bm_minus_fibrillar_z	TRUE		null_ieg_0924	ieg
null_ieg_0925_z	0.520445217368386	0.0603874385638392	210.113354343296	8.61843505447233	1.64122588527094e-15	basement_membrane_score_z	TRUE		null_ieg_0925	ieg
null_ieg_0925_z	0.35220646241214	0.0667571708741078	207.791966061713	5.2759345220956	3.30910293623801e-07	bm_minus_fibrillar_z	TRUE		null_ieg_0925	ieg
null_ieg_0926_z	0.430415812739874	0.0642149852085014	210.884512295952	6.70273163409359	1.83681969501446e-10	basement_membrane_score_z	TRUE		null_ieg_0926	ieg
null_ieg_0926_z	0.187273515676548	0.0703910766257186	204.681236038079	2.66047238732138	0.00842161265176488	bm_minus_fibrillar_z	TRUE		null_ieg_0926	ieg
null_ieg_0927_z	0.417277489610885	0.0687893354983985	206.022084509862	6.06602006819211	6.18686521731902e-09	basement_membrane_score_z	TRUE		null_ieg_0927	ieg
null_ieg_0927_z	0.19326995339371	0.0743949672267255	210.721790467563	2.59789016110058	0.010041584592287	bm_minus_fibrillar_z	TRUE		null_ieg_0927	ieg
null_ieg_0928_z	0.482638359093782	0.0614791080017032	210.33373555211	7.85044505005523	2.08379187452955e-13	basement_membrane_score_z	TRUE		null_ieg_0928	ieg
null_ieg_0928_z	0.29002104038616	0.067927785355388	208.904804305137	4.26954947623883	2.97196855782469e-05	bm_minus_fibrillar_z	TRUE		null_ieg_0928	ieg
null_ieg_0929_z	0.460031596256033	0.0629868936403406	210.708866235492	7.30360825353359	5.67292539680668e-12	basement_membrane_score_z	TRUE		null_ieg_0929	ieg
null_ieg_0929_z	0.205401793901582	0.0699486652344687	202.483904917689	2.9364648090578	0.00370397795867436	bm_minus_fibrillar_z	TRUE		null_ieg_0929	ieg
null_ieg_0930_z	0.482638359093782	0.0614791080017032	210.33373555211	7.85044505005523	2.08379187452955e-13	basement_membrane_score_z	TRUE		null_ieg_0930	ieg
null_ieg_0930_z	0.29002104038616	0.067927785355388	208.904804305137	4.26954947623883	2.97196855782469e-05	bm_minus_fibrillar_z	TRUE		null_ieg_0930	ieg
null_ieg_0931_z	0.508634562852733	0.0606336610864736	210.959793184883	8.38865002935145	7.04267930777327e-15	basement_membrane_score_z	TRUE		null_ieg_0931	ieg
null_ieg_0931_z	0.34950340643878	0.066754792988074	209.406961725226	5.23563014420882	3.98922816554372e-07	bm_minus_fibrillar_z	TRUE		null_ieg_0931	ieg
null_ieg_0932_z	0.503160733680175	0.0609391887962706	209.175154084139	8.25676783067004	1.68269942223993e-14	basement_membrane_score_z	TRUE		null_ieg_0932	ieg
null_ieg_0932_z	0.278028272939194	0.0682526731020926	207.200814720968	4.07351478415092	6.59258503682027e-05	bm_minus_fibrillar_z	TRUE		null_ieg_0932	ieg
null_ieg_0933_z	0.502729357365575	0.0616795408351254	210.349101666673	8.15066634022801	3.21359082117069e-14	basement_membrane_score_z	TRUE		null_ieg_0933	ieg
null_ieg_0933_z	0.27954190183698	0.0690314582337276	208.543444270205	4.04948568362128	7.23655228455366e-05	bm_minus_fibrillar_z	TRUE		null_ieg_0933	ieg
null_ieg_0934_z	0.432452867637059	0.0684353590312781	207.806376006627	6.31914369645387	1.57555696034154e-09	basement_membrane_score_z	TRUE		null_ieg_0934	ieg
null_ieg_0934_z	0.205714679620107	0.0742498635223422	209.986376899081	2.77057316823494	0.00609761143768652	bm_minus_fibrillar_z	TRUE		null_ieg_0934	ieg
null_ieg_0935_z	0.469558975662443	0.0626642084951207	209.210371388874	7.49325630912589	1.86392767800025e-12	basement_membrane_score_z	TRUE		null_ieg_0935	ieg
null_ieg_0935_z	0.245950372398112	0.0692152323577739	206.849808117325	3.55341395268015	0.000471049552183346	bm_minus_fibrillar_z	TRUE		null_ieg_0935	ieg
null_ieg_0936_z	0.514924733404506	0.0610759754845189	210.104218826799	8.43088840283894	5.47013809200708e-15	basement_membrane_score_z	TRUE		null_ieg_0936	ieg
null_ieg_0936_z	0.343084744860719	0.0672895848872542	207.27309517051	5.09863072324741	7.69770492551267e-07	bm_minus_fibrillar_z	TRUE		null_ieg_0936	ieg
null_ieg_0937_z	0.43698799371372	0.0636580382054365	210.991013541259	6.86461609613977	7.31160223325218e-11	basement_membrane_score_z	TRUE		null_ieg_0937	ieg
null_ieg_0937_z	0.197531180208792	0.0700245216299287	206.399235956492	2.82088582129444	0.00525651505798512	bm_minus_fibrillar_z	TRUE		null_ieg_0937	ieg
null_ieg_0938_z	0.473352549262593	0.0620857675563399	209.447135011628	7.62417165629865	8.42788803632677e-13	basement_membrane_score_z	TRUE		null_ieg_0938	ieg
null_ieg_0938_z	0.279403897757749	0.0682575177649825	207.343351941453	4.09337911641858	6.08965442450121e-05	bm_minus_fibrillar_z	TRUE		null_ieg_0938	ieg
null_ieg_0939_z	0.431690279087872	0.0681600105347307	208.749027039364	6.33348316265159	1.44698477706058e-09	basement_membrane_score_z	TRUE		null_ieg_0939	ieg
null_ieg_0939_z	0.167004472877081	0.0743569531378129	208.947491551192	2.24598327163239	0.0257515809543917	bm_minus_fibrillar_z	TRUE		null_ieg_0939	ieg
null_ieg_0940_z	0.499437069429391	0.0617886822322538	210.73067413392	8.08298625874697	4.88043907232214e-14	basement_membrane_score_z	TRUE		null_ieg_0940	ieg
null_ieg_0940_z	0.309553069189391	0.068311359147578	207.8030828497	4.53150212573931	9.87480848611047e-06	bm_minus_fibrillar_z	TRUE		null_ieg_0940	ieg
null_ieg_0941_z	0.514924733404506	0.0610759754845189	210.104218826799	8.43088840283894	5.47013809200708e-15	basement_membrane_score_z	TRUE		null_ieg_0941	ieg
null_ieg_0941_z	0.343084744860719	0.0672895848872542	207.27309517051	5.09863072324741	7.69770492551267e-07	bm_minus_fibrillar_z	TRUE		null_ieg_0941	ieg
null_ieg_0942_z	0.475006267081108	0.0629471362688143	210.123850823214	7.54611401307607	1.33887452073502e-12	basement_membrane_score_z	TRUE		null_ieg_0942	ieg
null_ieg_0942_z	0.268618019378273	0.069464140684337	209.292789480169	3.867002697103	0.000147067332435221	bm_minus_fibrillar_z	TRUE		null_ieg_0942	ieg
null_ieg_0943_z	0.485542828368719	0.0622803010991313	210.506829049322	7.79608993212609	2.90401394379428e-13	basement_membrane_score_z	TRUE		null_ieg_0943	ieg
null_ieg_0943_z	0.262564668194708	0.0693089125698008	209.067295236994	3.78832474005821	0.00019828160758013	bm_minus_fibrillar_z	TRUE		null_ieg_0943	ieg
null_ieg_0944_z	0.514924733404506	0.0610759754845189	210.104218826799	8.43088840283894	5.47013809200708e-15	basement_membrane_score_z	TRUE		null_ieg_0944	ieg
null_ieg_0944_z	0.343084744860719	0.0672895848872542	207.27309517051	5.09863072324741	7.69770492551267e-07	bm_minus_fibrillar_z	TRUE		null_ieg_0944	ieg
null_ieg_0945_z	0.481048731081367	0.062312427640303	209.049727233312	7.71994848055365	4.73293524595466e-13	basement_membrane_score_z	TRUE		null_ieg_0945	ieg
null_ieg_0945_z	0.27362396209114	0.0689975911024922	210.547278361953	3.96570311686224	0.000100282024037537	bm_minus_fibrillar_z	TRUE		null_ieg_0945	ieg
null_ieg_0946_z	0.351709797896523	0.0697984074681967	210.981784544922	5.03893728602301	1.00459030868602e-06	basement_membrane_score_z	TRUE		null_ieg_0946	ieg
null_ieg_0946_z	0.0869442500774006	0.0742346940196153	206.485483471797	1.17120776512431	0.242865036041882	bm_minus_fibrillar_z	TRUE		null_ieg_0946	ieg
null_ieg_0947_z	0.473352549262593	0.0620857675563399	209.447135011628	7.62417165629865	8.42788803632677e-13	basement_membrane_score_z	TRUE		null_ieg_0947	ieg
null_ieg_0947_z	0.279403897757749	0.0682575177649825	207.343351941453	4.09337911641858	6.08965442450121e-05	bm_minus_fibrillar_z	TRUE		null_ieg_0947	ieg
null_ieg_0948_z	0.508086083893826	0.060665239378368	209.744045211586	8.37524238097706	7.85452098719483e-15	basement_membrane_score_z	TRUE		null_ieg_0948	ieg
null_ieg_0948_z	0.339505819813614	0.0669388403879878	207.376881900477	5.0718808071037	8.72182991751522e-07	bm_minus_fibrillar_z	TRUE		null_ieg_0948	ieg
null_ieg_0949_z	0.481048731081367	0.062312427640303	209.049727233312	7.71994848055365	4.73293524595466e-13	basement_membrane_score_z	TRUE		null_ieg_0949	ieg
null_ieg_0949_z	0.27362396209114	0.0689975911024922	210.547278361953	3.96570311686224	0.000100282024037537	bm_minus_fibrillar_z	TRUE		null_ieg_0949	ieg
null_ieg_0950_z	0.430415812739874	0.0642149852085014	210.884512295952	6.70273163409359	1.83681969501446e-10	basement_membrane_score_z	TRUE		null_ieg_0950	ieg
null_ieg_0950_z	0.187273515676548	0.0703910766257186	204.681236038079	2.66047238732138	0.00842161265176488	bm_minus_fibrillar_z	TRUE		null_ieg_0950	ieg
null_ieg_0951_z	0.417277489610885	0.0687893354983985	206.022084509862	6.06602006819211	6.18686521731902e-09	basement_membrane_score_z	TRUE		null_ieg_0951	ieg
null_ieg_0951_z	0.19326995339371	0.0743949672267255	210.721790467563	2.59789016110058	0.010041584592287	bm_minus_fibrillar_z	TRUE		null_ieg_0951	ieg
null_ieg_0952_z	0.440857633614277	0.0641940483279189	210.81864051447	6.86757799355897	7.20100401535388e-11	basement_membrane_score_z	TRUE		null_ieg_0952	ieg
null_ieg_0952_z	0.184106918203905	0.0706215121288512	204.885929115192	2.60695236697844	0.00980676884623707	bm_minus_fibrillar_z	TRUE		null_ieg_0952	ieg
null_ieg_0953_z	0.427293198322515	0.0642800011827383	210.848031213913	6.64737384039221	2.50912657101777e-10	basement_membrane_score_z	TRUE		null_ieg_0953	ieg
null_ieg_0953_z	0.142261866733661	0.070714200879998	204.719630982339	2.01178638750481	0.0455533066453832	bm_minus_fibrillar_z	TRUE		null_ieg_0953	ieg
null_ieg_0954_z	0.398246536380876	0.0695800995187402	208.505203536282	5.72356951391849	3.59759853607217e-08	basement_membrane_score_z	TRUE		null_ieg_0954	ieg
null_ieg_0954_z	0.18992703490147	0.0746057124756352	209.506356360275	2.54574386597403	0.0116234546486797	bm_minus_fibrillar_z	TRUE		null_ieg_0954	ieg
null_ieg_0955_z	0.430415812739874	0.0642149852085014	210.884512295952	6.70273163409359	1.83681969501446e-10	basement_membrane_score_z	TRUE		null_ieg_0955	ieg
null_ieg_0955_z	0.187273515676548	0.0703910766257186	204.681236038079	2.66047238732138	0.00842161265176488	bm_minus_fibrillar_z	TRUE		null_ieg_0955	ieg
null_ieg_0956_z	0.430415812739874	0.0642149852085014	210.884512295952	6.70273163409359	1.83681969501446e-10	basement_membrane_score_z	TRUE		null_ieg_0956	ieg
null_ieg_0956_z	0.187273515676548	0.0703910766257186	204.681236038079	2.66047238732138	0.00842161265176488	bm_minus_fibrillar_z	TRUE		null_ieg_0956	ieg
null_ieg_0957_z	0.35449719535339	0.069802587067673	210.502303199173	5.07856814833679	8.36082874594166e-07	basement_membrane_score_z	TRUE		null_ieg_0957	ieg
null_ieg_0957_z	0.0963805954203393	0.0743495875398662	207.571974144212	1.29631647746075	0.196305850049066	bm_minus_fibrillar_z	TRUE		null_ieg_0957	ieg
null_ieg_0958_z	0.532468011114989	0.0599089731192829	210.281747675125	8.88795089267861	2.83934947400888e-16	basement_membrane_score_z	TRUE		null_ieg_0958	ieg
null_ieg_0958_z	0.344774663763521	0.067060160196657	206.71065313567	5.14127408512675	6.31134237091996e-07	bm_minus_fibrillar_z	TRUE		null_ieg_0958	ieg
null_ieg_0959_z	0.503160733680175	0.0609391887962706	209.175154084139	8.25676783067004	1.68269942223993e-14	basement_membrane_score_z	TRUE		null_ieg_0959	ieg
null_ieg_0959_z	0.278028272939194	0.0682526731020926	207.200814720968	4.07351478415092	6.59258503682027e-05	bm_minus_fibrillar_z	TRUE		null_ieg_0959	ieg
null_ieg_0960_z	0.485542828368719	0.0622803010991313	210.506829049322	7.79608993212609	2.90401394379428e-13	basement_membrane_score_z	TRUE		null_ieg_0960	ieg
null_ieg_0960_z	0.262564668194708	0.0693089125698008	209.067295236994	3.78832474005821	0.00019828160758013	bm_minus_fibrillar_z	TRUE		null_ieg_0960	ieg
null_ieg_0961_z	0.508634562852733	0.0606336610864736	210.959793184883	8.38865002935145	7.04267930777327e-15	basement_membrane_score_z	TRUE		null_ieg_0961	ieg
null_ieg_0961_z	0.34950340643878	0.066754792988074	209.406961725226	5.23563014420882	3.98922816554372e-07	bm_minus_fibrillar_z	TRUE		null_ieg_0961	ieg
null_ieg_0962_z	0.502729357365575	0.0616795408351254	210.349101666673	8.15066634022801	3.21359082117069e-14	basement_membrane_score_z	TRUE		null_ieg_0962	ieg
null_ieg_0962_z	0.27954190183698	0.0690314582337276	208.543444270205	4.04948568362128	7.23655228455366e-05	bm_minus_fibrillar_z	TRUE		null_ieg_0962	ieg
null_ieg_0963_z	0.495880111688128	0.0611797862916463	209.299546119445	8.10529329612642	4.35156144598835e-14	basement_membrane_score_z	TRUE		null_ieg_0963	ieg
null_ieg_0963_z	0.292161365951417	0.0679283045239529	207.434450307297	4.30102544144018	2.6169204663372e-05	bm_minus_fibrillar_z	TRUE		null_ieg_0963	ieg
null_ieg_0964_z	0.417277489610885	0.0687893354983985	206.022084509862	6.06602006819211	6.18686521731902e-09	basement_membrane_score_z	TRUE		null_ieg_0964	ieg
null_ieg_0964_z	0.19326995339371	0.0743949672267255	210.721790467563	2.59789016110058	0.010041584592287	bm_minus_fibrillar_z	TRUE		null_ieg_0964	ieg
null_ieg_0965_z	0.35449719535339	0.069802587067673	210.502303199173	5.07856814833679	8.36082874594166e-07	basement_membrane_score_z	TRUE		null_ieg_0965	ieg
null_ieg_0965_z	0.0963805954203393	0.0743495875398662	207.571974144212	1.29631647746075	0.196305850049066	bm_minus_fibrillar_z	TRUE		null_ieg_0965	ieg
null_ieg_0966_z	0.499437069429391	0.0617886822322538	210.73067413392	8.08298625874697	4.88043907232214e-14	basement_membrane_score_z	TRUE		null_ieg_0966	ieg
null_ieg_0966_z	0.309553069189391	0.068311359147578	207.8030828497	4.53150212573931	9.87480848611047e-06	bm_minus_fibrillar_z	TRUE		null_ieg_0966	ieg
null_ieg_0967_z	0.475006267081108	0.0629471362688143	210.123850823214	7.54611401307607	1.33887452073502e-12	basement_membrane_score_z	TRUE		null_ieg_0967	ieg
null_ieg_0967_z	0.268618019378273	0.069464140684337	209.292789480169	3.867002697103	0.000147067332435221	bm_minus_fibrillar_z	TRUE		null_ieg_0967	ieg
null_ieg_0968_z	0.48165857595815	0.0614609513273797	208.907309598447	7.83682265821974	2.31767625518718e-13	basement_membrane_score_z	TRUE		null_ieg_0968	ieg
null_ieg_0968_z	0.273455932530812	0.0680897082310319	207.172228694462	4.0161125614309	8.2728558388212e-05	bm_minus_fibrillar_z	TRUE		null_ieg_0968	ieg
null_ieg_0969_z	0.495880111688128	0.0611797862916463	209.299546119445	8.10529329612642	4.35156144598835e-14	basement_membrane_score_z	TRUE		null_ieg_0969	ieg
null_ieg_0969_z	0.292161365951417	0.0679283045239529	207.434450307297	4.30102544144018	2.6169204663372e-05	bm_minus_fibrillar_z	TRUE		null_ieg_0969	ieg
null_ieg_0970_z	0.486988735310773	0.0618872513682195	208.372219850838	7.86896694463397	1.91788712189275e-13	basement_membrane_score_z	TRUE		null_ieg_0970	ieg
null_ieg_0970_z	0.279409359276747	0.0683659356022485	205.981860586922	4.08696753456786	6.26141753731402e-05	bm_minus_fibrillar_z	TRUE		null_ieg_0970	ieg
null_ieg_0971_z	0.485542828368719	0.0622803010991313	210.506829049322	7.79608993212609	2.90401394379428e-13	basement_membrane_score_z	TRUE		null_ieg_0971	ieg
null_ieg_0971_z	0.262564668194708	0.0693089125698008	209.067295236994	3.78832474005821	0.00019828160758013	bm_minus_fibrillar_z	TRUE		null_ieg_0971	ieg
null_ieg_0972_z	0.335512586742614	0.0705541335981203	210.962384613092	4.75539234389454	3.66694768380497e-06	basement_membrane_score_z	TRUE		null_ieg_0972	ieg
null_ieg_0972_z	0.0926647130906034	0.0745719790748895	206.0961346505	1.24262107885784	0.215419451604862	bm_minus_fibrillar_z	TRUE		null_ieg_0972	ieg
null_ieg_0973_z	0.499437069429391	0.0617886822322538	210.73067413392	8.08298625874697	4.88043907232214e-14	basement_membrane_score_z	TRUE		null_ieg_0973	ieg
null_ieg_0973_z	0.309553069189391	0.068311359147578	207.8030828497	4.53150212573931	9.87480848611047e-06	bm_minus_fibrillar_z	TRUE		null_ieg_0973	ieg
null_ieg_0974_z	0.440857633614277	0.0641940483279189	210.81864051447	6.86757799355897	7.20100401535388e-11	basement_membrane_score_z	TRUE		null_ieg_0974	ieg
null_ieg_0974_z	0.184106918203905	0.0706215121288512	204.885929115192	2.60695236697844	0.00980676884623707	bm_minus_fibrillar_z	TRUE		null_ieg_0974	ieg
null_ieg_0975_z	0.520445217368386	0.0603874385638392	210.113354343296	8.61843505447233	1.64122588527094e-15	basement_membrane_score_z	TRUE		null_ieg_0975	ieg
null_ieg_0975_z	0.35220646241214	0.0667571708741078	207.791966061713	5.2759345220956	3.30910293623801e-07	bm_minus_fibrillar_z	TRUE		null_ieg_0975	ieg
null_ieg_0976_z	0.497684998249111	0.0613582426911358	210.513812131872	8.11113513720317	4.10674603463615e-14	basement_membrane_score_z	TRUE		null_ieg_0976	ieg
null_ieg_0976_z	0.34244875769807	0.0671324559415683	207.705536200616	5.10109086424807	7.59744280774133e-07	bm_minus_fibrillar_z	TRUE		null_ieg_0976	ieg
null_ieg_0977_z	0.440857633614277	0.0641940483279189	210.81864051447	6.86757799355897	7.20100401535388e-11	basement_membrane_score_z	TRUE		null_ieg_0977	ieg
null_ieg_0977_z	0.184106918203905	0.0706215121288512	204.885929115192	2.60695236697844	0.00980676884623707	bm_minus_fibrillar_z	TRUE		null_ieg_0977	ieg
null_ieg_0978_z	0.398246536380876	0.0695800995187402	208.505203536282	5.72356951391849	3.59759853607217e-08	basement_membrane_score_z	TRUE		null_ieg_0978	ieg
null_ieg_0978_z	0.18992703490147	0.0746057124756352	209.506356360275	2.54574386597403	0.0116234546486797	bm_minus_fibrillar_z	TRUE		null_ieg_0978	ieg
null_ieg_0979_z	0.460031596256033	0.0629868936403406	210.708866235492	7.30360825353359	5.67292539680668e-12	basement_membrane_score_z	TRUE		null_ieg_0979	ieg
null_ieg_0979_z	0.205401793901582	0.0699486652344687	202.483904917689	2.9364648090578	0.00370397795867436	bm_minus_fibrillar_z	TRUE		null_ieg_0979	ieg
null_ieg_0980_z	0.473352549262593	0.0620857675563399	209.447135011628	7.62417165629865	8.42788803632677e-13	basement_membrane_score_z	TRUE		null_ieg_0980	ieg
null_ieg_0980_z	0.279403897757749	0.0682575177649825	207.343351941453	4.09337911641858	6.08965442450121e-05	bm_minus_fibrillar_z	TRUE		null_ieg_0980	ieg
null_ieg_0981_z	0.532468011114989	0.0599089731192829	210.281747675125	8.88795089267861	2.83934947400888e-16	basement_membrane_score_z	TRUE		null_ieg_0981	ieg
null_ieg_0981_z	0.344774663763521	0.067060160196657	206.71065313567	5.14127408512675	6.31134237091996e-07	bm_minus_fibrillar_z	TRUE		null_ieg_0981	ieg
null_ieg_0982_z	0.335512586742614	0.0705541335981203	210.962384613092	4.75539234389454	3.66694768380497e-06	basement_membrane_score_z	TRUE		null_ieg_0982	ieg
null_ieg_0982_z	0.0926647130906034	0.0745719790748895	206.0961346505	1.24262107885784	0.215419451604862	bm_minus_fibrillar_z	TRUE		null_ieg_0982	ieg
null_ieg_0983_z	0.520445217368386	0.0603874385638392	210.113354343296	8.61843505447233	1.64122588527094e-15	basement_membrane_score_z	TRUE		null_ieg_0983	ieg
null_ieg_0983_z	0.35220646241214	0.0667571708741078	207.791966061713	5.2759345220956	3.30910293623801e-07	bm_minus_fibrillar_z	TRUE		null_ieg_0983	ieg
null_ieg_0984_z	0.351709797896523	0.0697984074681967	210.981784544922	5.03893728602301	1.00459030868602e-06	basement_membrane_score_z	TRUE		null_ieg_0984	ieg
null_ieg_0984_z	0.0869442500774006	0.0742346940196153	206.485483471797	1.17120776512431	0.242865036041882	bm_minus_fibrillar_z	TRUE		null_ieg_0984	ieg
null_ieg_0985_z	0.461859596243629	0.0635869063897072	209.716957818088	7.26343869307016	7.28396558856035e-12	basement_membrane_score_z	TRUE		null_ieg_0985	ieg
null_ieg_0985_z	0.227855932778855	0.0703159143605982	208.98781527296	3.24046035454152	0.00138856814317053	bm_minus_fibrillar_z	TRUE		null_ieg_0985	ieg
null_ieg_0986_z	0.339303503627651	0.0703244978576269	210.979603072773	4.82482653931744	2.68400930617626e-06	basement_membrane_score_z	TRUE		null_ieg_0986	ieg
null_ieg_0986_z	0.04442784775919	0.0745277638614811	206.485135794618	0.596124792389646	0.551744782218226	bm_minus_fibrillar_z	TRUE		null_ieg_0986	ieg
null_ieg_0987_z	0.482638359093782	0.0614791080017032	210.33373555211	7.85044505005523	2.08379187452955e-13	basement_membrane_score_z	TRUE		null_ieg_0987	ieg
null_ieg_0987_z	0.29002104038616	0.067927785355388	208.904804305137	4.26954947623883	2.97196855782469e-05	bm_minus_fibrillar_z	TRUE		null_ieg_0987	ieg
null_ieg_0988_z	0.502729357365575	0.0616795408351254	210.349101666673	8.15066634022801	3.21359082117069e-14	basement_membrane_score_z	TRUE		null_ieg_0988	ieg
null_ieg_0988_z	0.27954190183698	0.0690314582337276	208.543444270205	4.04948568362128	7.23655228455366e-05	bm_minus_fibrillar_z	TRUE		null_ieg_0988	ieg
null_ieg_0989_z	0.371155960960602	0.0693196736101457	210.822641209909	5.35426584735505	2.23727399245506e-07	basement_membrane_score_z	TRUE		null_ieg_0989	ieg
null_ieg_0989_z	0.114890963728323	0.0741357000753093	207.109482845749	1.54973870364229	0.122730949885698	bm_minus_fibrillar_z	TRUE		null_ieg_0989	ieg
null_ieg_0990_z	0.482638359093782	0.0614791080017032	210.33373555211	7.85044505005523	2.08379187452955e-13	basement_membrane_score_z	TRUE		null_ieg_0990	ieg
null_ieg_0990_z	0.29002104038616	0.067927785355388	208.904804305137	4.26954947623883	2.97196855782469e-05	bm_minus_fibrillar_z	TRUE		null_ieg_0990	ieg
null_ieg_0991_z	0.503160733680175	0.0609391887962706	209.175154084139	8.25676783067004	1.68269942223993e-14	basement_membrane_score_z	TRUE		null_ieg_0991	ieg
null_ieg_0991_z	0.278028272939194	0.0682526731020926	207.200814720968	4.07351478415092	6.59258503682027e-05	bm_minus_fibrillar_z	TRUE		null_ieg_0991	ieg
null_ieg_0992_z	0.43698799371372	0.0636580382054365	210.991013541259	6.86461609613977	7.31160223325218e-11	basement_membrane_score_z	TRUE		null_ieg_0992	ieg
null_ieg_0992_z	0.197531180208792	0.0700245216299287	206.399235956492	2.82088582129444	0.00525651505798512	bm_minus_fibrillar_z	TRUE		null_ieg_0992	ieg
null_ieg_0993_z	0.492584407966035	0.0620996399361162	210.479888288906	7.93216206201472	1.254309293172e-13	basement_membrane_score_z	TRUE		null_ieg_0993	ieg
null_ieg_0993_z	0.249757945490209	0.0695950289456186	207.462823694903	3.58873254705259	0.000414619680569682	bm_minus_fibrillar_z	TRUE		null_ieg_0993	ieg
null_ieg_0994_z	0.417277489610885	0.0687893354983985	206.022084509862	6.06602006819211	6.18686521731902e-09	basement_membrane_score_z	TRUE		null_ieg_0994	ieg
null_ieg_0994_z	0.19326995339371	0.0743949672267255	210.721790467563	2.59789016110058	0.010041584592287	bm_minus_fibrillar_z	TRUE		null_ieg_0994	ieg
null_ieg_0995_z	0.427293198322515	0.0642800011827383	210.848031213913	6.64737384039221	2.50912657101777e-10	basement_membrane_score_z	TRUE		null_ieg_0995	ieg
null_ieg_0995_z	0.142261866733661	0.070714200879998	204.719630982339	2.01178638750481	0.0455533066453832	bm_minus_fibrillar_z	TRUE		null_ieg_0995	ieg
null_ieg_0996_z	0.364479185865508	0.0692968329474305	210.984504235639	5.25968028209899	3.53273842988647e-07	basement_membrane_score_z	TRUE		null_ieg_0996	ieg
null_ieg_0996_z	0.0712510905889129	0.0740637261393577	205.880050055961	0.962024114947274	0.337166015971828	bm_minus_fibrillar_z	TRUE		null_ieg_0996	ieg
null_ieg_0997_z	0.331851079918328	0.070868025453932	210.9418816397	4.68266298930608	5.06651742393614e-06	basement_membrane_score_z	TRUE		null_ieg_0997	ieg
null_ieg_0997_z	0.0897408150360121	0.0747960272847275	206.777987834516	1.19980723968659	0.231587106977388	bm_minus_fibrillar_z	TRUE		null_ieg_0997	ieg
null_ieg_0998_z	0.473352549262593	0.0620857675563399	209.447135011628	7.62417165629865	8.42788803632677e-13	basement_membrane_score_z	TRUE		null_ieg_0998	ieg
null_ieg_0998_z	0.279403897757749	0.0682575177649825	207.343351941453	4.09337911641858	6.08965442450121e-05	bm_minus_fibrillar_z	TRUE		null_ieg_0998	ieg
null_ieg_0999_z	0.371155960960602	0.0693196736101457	210.822641209909	5.35426584735505	2.23727399245506e-07	basement_membrane_score_z	TRUE		null_ieg_0999	ieg
null_ieg_0999_z	0.114890963728323	0.0741357000753093	207.109482845749	1.54973870364229	0.122730949885698	bm_minus_fibrillar_z	TRUE		null_ieg_0999	ieg
null_ieg_1000_z	0.460031596256033	0.0629868936403406	210.708866235492	7.30360825353359	5.67292539680668e-12	basement_membrane_score_z	TRUE		null_ieg_1000	ieg
null_ieg_1000_z	0.205401793901582	0.0699486652344687	202.483904917689	2.9364648090578	0.00370397795867436	bm_minus_fibrillar_z	TRUE		null_ieg_1000	ieg
