term,estimate,se,pval
frac_AGTR1_pos,-0.0036710526817249796,0.007522629462847363,0.6277707617315214
