x	y	n	pearson_r	pearson_p	spearman_rho	spearman_p	pearson_p_BH	spearman_p_BH
AGTR1_expr	ACTA2_expr	154	0.283321467169615	0.000370118368929242	0.267942545495858	0.000780452300578484	0.000740236737858483	0.00156090460115697
AGTR1_scvi	ACTA2_expr	154	0.0369771577357208	0.648899463117446	0.0451075072315788	0.578558407857236	0.648899463117446	0.666120166654097
AGTR1_expr	synth_contr_noACTA2	154	0.39087453347899	5.3878922281349e-07	0.392771968889817	4.69341924473377e-07	1.61636766844047e-06	1.40802577342013e-06
AGTR1_scvi	synth_contr_noACTA2	154	0.155524549214891	0.0541017968049159	0.0365427109260126	0.652754597958952	0.0811526952073738	0.666120166654097
AGTR1_scvi	synth_contr_full	154	0.13250549577947	0.101383185075389	0.0350443989912681	0.666120166654097	0.121659822090466	0.666120166654097
ACTA2_expr	synth_contr_noACTA2	154	0.732009863523869	4.07599932725443e-27	0.749606100780533	4.9222655180691e-29	2.44559959635266e-26	2.95335931084146e-28
