state_program	emmean	SE	df	asymp.LCL	asymp.UCL	lens
activated_migratory	0.59134318630462	0.0765106458518318	Inf	0.441385076001131	0.741301296608109	AGTR1_expr
fibroblast_like	0.634446181302509	0.0400316345866839	Inf	0.55598561927034	0.712906743334677	AGTR1_expr
vascular_stabilizing	0.800052045194599	0.0386680934467131	Inf	0.724263974688212	0.875840115700986	AGTR1_expr
activated_migratory	1.00469939958997	0.0500626256137499	Inf	0.906578456415506	1.10282034276443	AGTR1_scvi
fibroblast_like	1.03278556905887	0.0348670750803178	Inf	0.96444735765519	1.10112378046254	AGTR1_scvi
vascular_stabilizing	0.93383399176571	0.03426198881872	Inf	0.866681727642305	1.00098625588912	AGTR1_scvi
activated_migratory	0.245344807627779	0.0342851496032325	Inf	0.178147149200876	0.312542466054682	AGTR1_detect
fibroblast_like	0.279882775413813	0.0183610835607767	Inf	0.24389571291756	0.315869837910065	AGTR1_detect
vascular_stabilizing	0.393932552441958	0.0177648376712627	Inf	0.359114110415083	0.428750994468833	AGTR1_detect
