pericyte_state	emmean	SE	df	lower.CL	upper.CL
0	0.808552976211229	0.0993265700163238	52.4229074574022	0.609277897260504	1.00782805516195
1	0.480372952455842	0.0982903326575517	50.6916472691837	0.283017727944294	0.677728176967389
2	0.501556280738439	0.102781996577471	59.1514955976382	0.295901001253328	0.707211560223551
3	0.716707339745002	0.116934078899331	85.4944929097717	0.484230474694078	0.949184204795925
4	0.501550269641541	0.12485948583598	97.6471836349874	0.253759493587661	0.749341045695422
5	0.510735700587947	0.175548979947274	114.826329252189	0.163001365415902	0.858470035759992
