Sum Sq	Mean Sq	NumDF	DenDF	F value	Pr(>F)
pericyte_state	2.21649330310562	0.443298660621124	5	76.3060995188892	5.49008475847828	0.000227524324470542
disease_group	0.199194545282245	0.0995972726411225	2	31.3684053929344	1.23347421746525	0.305021452916151
sex	0.0733759780095411	0.0733759780095411	1	37.8652407385184	0.9087334889399	0.346496816609182
age	0.0559829885079158	0.0559829885079158	1	38.2082723797049	0.693327950756111	0.410209360768947
