Sum Sq	Mean Sq	NumDF	DenDF	F value	Pr(>F)
state_program	0.563256802149363	0.281628401074681	2	44.6880735807552	3.86328400347097	0.0283419650801932
disease_group	0.179367593037731	0.0896837965188656	2	41.4444433606884	1.23025225843611	0.302668555278104
sex	0.075101336312768	0.075101336312768	1	45.6444313942561	1.03021495740223	0.315458424105158
age	0.0830431415260198	0.0830431415260198	1	45.2686556385389	1.1391579792067	0.291489385770816
