disease_group	emmean	SE	df	lower.CL	upper.CL	lens
Healthy	0.808733492934501	0.0868557879589997	31	0.631589945494766	0.985877040374236	AGTR1_expr
Fibrotic_ILD	0.69849341062051	0.223874710406227	31	0.241897928438909	1.15508889280211	AGTR1_expr
Other	0.507657499795118	0.254377218950358	31	-0.0111482587110593	1.0264632583013	AGTR1_expr
Healthy	1.09008620007685	0.075487333419611	31	0.936128768534946	1.24404363161876	AGTR1_scvi
Fibrotic_ILD	1.07091241846659	0.194572006146916	31	0.674080195637633	1.46774464129555	AGTR1_scvi
Other	0.700214860842568	0.221082076307033	31	0.249314993457137	1.151114728228	AGTR1_scvi
Healthy	0.353598818599765	0.042312781249674	31	0.267301332286625	0.439896304912905	AGTR1_detect
Fibrotic_ILD	0.414592813085771	0.109063101853666	31	0.192157150349519	0.637028475822023	AGTR1_detect
Other	0.2400297012797	0.123922744508723	31	-0.0127124024601868	0.492771805019586	AGTR1_detect
