contrast	estimate	SE	df	t.ratio	p.value
Healthy - Fibrotic_ILD	0.11794201720468	0.187614070646888	31	0.628641640778961	0.710976299174657
Healthy - Other	0.219279793563019	0.216425289633145	31	1.01318932706391	0.710976299174657
Fibrotic_ILD - Other	0.101337776358339	0.270982252704734	31	0.373964624424162	0.710976299174657
