contrast	estimate	SE	df	t.ratio	p.value
Healthy - Fibrotic_ILD	1.41541352799431e-17	4.41784049361769e-17	31	0.320385837840707	0.750825534479287
Healthy - Other	5.57047228667131e-17	5.09627239091145e-17	31	1.09304838112765	0.750825534479287
Fibrotic_ILD - Other	4.15505875867701e-17	6.38095194525099e-17	31	0.651165969329921	0.750825534479287
