disease_group	emmean	SE	df	lower.CL	upper.CL
Healthy	0.0461455460326094	0.00989915005474587	31	0.0259560963880594	0.0663349956771593
Fibrotic_ILD	0.0474281617929349	0.0255155056888109	31	-0.00461105515099908	0.0994673787368689
Other	0.0769163340681502	0.0289919453852311	31	0.017786871617781	0.136045796518519
