disease_group	emmean	SE	df	lower.CL	upper.CL
Healthy	0.0140313049318288	0.00363128606772777	31	0.0066252481689861	0.0214373616946716
Fibrotic_ILD	0.00908376797070671	0.00935980359994518	31	-0.010005677327011	0.0281732132684244
Other	0.0169212539437606	0.0106350592496819	31	-0.00476909239918821	0.0386116002867093
