disease_group	emmean	SE	df	lower.CL	upper.CL
Healthy	0.409000196271814	0.0690807975336353	31	0.268108980814177	0.549891411729452
Fibrotic_ILD	0.291058179067135	0.17805887098479	31	-0.072095282556507	0.654211640690777
Other	0.189720402708796	0.202319057513749	31	-0.222912035552745	0.602352840970336
