level	Sum.Sq	Df	F.value	Pr..F.	p_BH
activated_migratory	0.0011721683076434	2	1.10191358115458	0.344897474360179	0.655567775751759
fibroblast_like	0.127026995133168	2	0.514312189582665	0.60292434163278	0.655567775751759
vascular_stabilizing	0.104417220708783	2	0.428057722819258	0.655567775751759	0.655567775751759
