contrast	estimate	SE	df	t.ratio	p.value
Healthy - Fibrotic_ILD	-0.00128261576032552	0.0268847480634682	31	-0.0477079330368872	0.96225504912014
Healthy - Other	-0.0307707880355408	0.031013342263126	31	-0.992179036186192	0.680030861220692
Fibrotic_ILD - Other	-0.0294881722752153	0.0388312537994532	31	-0.759392741411573	0.680030861220692
