contrast	estimate	SE	df	t.ratio	p.value
Healthy - Fibrotic_ILD	-0.107013676348592	0.18834801691795	31	-0.568169912801422	0.81599471830761
Healthy - Other	-0.170858551513852	0.217271945396981	31	-0.786381100430036	0.81599471830761
Fibrotic_ILD - Other	-0.0638448751652599	0.272042335315867	31	-0.234687277960358	0.81599471830761
