disease_group	emmean	SE	df	lower.CL	upper.CL
Healthy	0.0191566852383711	0.00457972406283702	31	0.00981627643142979	0.0284970940453124
Fibrotic_ILD	0.0337499472952548	0.0118044453041178	31	0.0096746223702556	0.057825272220254
Other	0.0339171902400651	0.0134127787916039	31	0.00656164754104846	0.0612727329390818
