disease_group	emmean	SE	df	lower.CL	upper.CL
Healthy	0.511666267525376	0.0693510416234149	31	0.370223885612824	0.653108649437928
Fibrotic_ILD	0.618679943873969	0.178755437313414	31	0.25410582585679	0.983254061891147
Other	0.682524819039228	0.203110529695527	31	0.268278162620505	1.09677147545795
