level	Sum.Sq	Df	F.value	Pr..F.	p_BH
0	0.0309731373085516	2	0.142040389570037	0.868147613801605	0.868147613801605
1	0.157485283531999	2	0.65067103640413	0.52867340777223	0.868147613801605
2	0.0219793826354575	2	1.30487631712118	0.285689221024976	0.868147613801605
3	0.00245459681172165	2	0.493878971452705	0.614974827488179	0.868147613801605
4	0.0011721683076434	2	1.10191358115458	0.344897474360179	0.868147613801605
5	0.0001160737942316	2	0.173559918844488	0.841478007060975	0.868147613801605
