disease_group	emmean	SE	df	lower.CL	upper.CL
Healthy	0.469177047236253	0.0697834916440321	31	0.326852677691758	0.611501416780748
Fibrotic_ILD	0.347570108830777	0.179870096743786	31	-0.0192773720827972	0.71441758974435
Other	0.283557990720706	0.204377059378402	31	-0.133271770016502	0.700387751457915
