contrast	estimate	SE	df	t.ratio	p.value
Healthy - Fibrotic_ILD	0.00494753696112212	0.00986208013186334	31	0.501672760205745	0.801152465103163
Healthy - Other	-0.00288994901193173	0.0113765643566309	31	-0.25402651638386	0.801152465103163
Fibrotic_ILD - Other	-0.00783748597305385	0.0142443937241615	31	-0.550215483005065	0.801152465103163
