disease_group	emmean	SE	df	lower.CL	upper.CL
Healthy	0.404387705805739	0.0655699365845999	31	0.270656938462087	0.53811847314939
Fibrotic_ILD	0.456819634758857	0.169009468559095	31	0.112122551064272	0.801516718453441
Other	0.501552632897452	0.192036691014943	31	0.109891219371003	0.8932140464239
