contrast	estimate	SE	df	t.ratio	p.value
Healthy - Fibrotic_ILD	-0.0524319289531178	0.17807904879363	31	-0.294430643628828	0.86306217459557
Healthy - Other	-0.097164927091713	0.205426008720288	31	-0.472992332845325	0.86306217459557
Fibrotic_ILD - Other	-0.0447329981385952	0.257210248864746	31	-0.173916079689803	0.86306217459557
