disease_group	emmean	SE	df	lower.CL	upper.CL
Healthy	0.488333732474624	0.0693510416234149	31	0.346891350562072	0.629776114387176
Fibrotic_ILD	0.381320056126031	0.178755437313414	31	0.0167459381088527	0.74589417414321
Other	0.317475180960772	0.203110529695527	31	-0.0967714754579521	0.731721837379495
