disease_group	emmean	SE	df	lower.CL	upper.CL
Healthy	-0.0337529806635186	0.0754281733346995	31	-0.187589754416757	0.12008379308972
Fibrotic_ILD	-0.0448319183302213	0.194419518360109	31	-0.441353140267578	0.351689303607135
Other	0.0795255140671123	0.220908812345859	31	-0.371020979139728	0.530072007273953
