contrast	estimate	SE	df	t.ratio	p.value
Healthy - Fibrotic_ILD	0.0110789376667027	0.204852681874319	31	0.054082463384589	0.957216504277161
Healthy - Other	-0.113278494730631	0.236311172471815	31	-0.479361570363931	0.957216504277161
Fibrotic_ILD - Other	-0.124357432397334	0.295881012631448	31	-0.42029541298155	0.957216504277161
