pericyte_state	n	frac
fibroblast_like	7	0.00611888111888112
inflammatory	100	0.0874125874125874
synthetic_contractile	1037	0.906468531468531
