dataset_id	n	rho	p
047d57f2-4d14-45de-aa98-336c6f583750	509	0.850845139503754	0
48b37086-25f7-4ecd-be66-f5bb378e3aea	68	0.851166164064587	0
89840cec-5734-455d-b68e-34d27650e148	507	0.677372807583747	0
98e5ea9f-16d6-47ec-a529-686e76515e39	60	0.895804390108364	0
