pericyte_state	n	frac
basement_membrane	89	0.0777972027972028
fibroblast_like	52	0.0454545454545455
inflammatory	8	0.00699300699300699
synthetic_contractile	995	0.869755244755245
