fibroblast_like	inflammatory	synthetic_contractile
047d57f2-4d14-45de-aa98-336c6f583750	0.00982318271119843	0.0196463654223969	0.970530451866405
48b37086-25f7-4ecd-be66-f5bb378e3aea	0	0.632352941176471	0.367647058823529
89840cec-5734-455d-b68e-34d27650e148	0.00394477317554241	0.00788954635108481	0.988165680473373
98e5ea9f-16d6-47ec-a529-686e76515e39	0	0.716666666666667	0.283333333333333
