cell_id	cell_type	dataset_id	donor_id	sex	disease	total_counts_cell	Agtr1a_counts	Agtr1a_lognorm	Agtr1a_scvi_corrected	Agtr1b_counts	Agtr1b_lognorm	Agtr1b_scvi_corrected	Agtr2_counts	Agtr2_lognorm	Agtr2_scvi_corrected
24	vascular associated smooth muscle cell	047d57f2-4d14-45de-aa98-336c6f583750	pooled	unknown	normal	617.0	0.0	0.0	1.167888	0.0	0.0	0.100578465	0.0	0.0	0.21467449
42	vascular associated smooth muscle cell	047d57f2-4d14-45de-aa98-336c6f583750	pooled	unknown	normal	209.0	0.0	0.0	0.86552995	0.0	0.0	0.18015411	0.0	0.0	0.050786145
63	vascular associated smooth muscle cell	047d57f2-4d14-45de-aa98-336c6f583750	pooled	unknown	normal	358.0	1.0	0.7468053	0.561243	0.0	0.0	0.036669083	0.0	0.0	0.30850774
72	vascular associated smooth muscle cell	047d57f2-4d14-45de-aa98-336c6f583750	pooled	unknown	normal	269.0	0.0	0.0	0.4295903	0.0	0.0	0.20369583	0.0	0.0	0.37996566
74	vascular associated smooth muscle cell	047d57f2-4d14-45de-aa98-336c6f583750	pooled	unknown	normal	184.0	0.0	0.0	0.42131674	0.0	0.0	0.21054013	0.0	0.0	0.18083546
80	vascular associated smooth muscle cell	047d57f2-4d14-45de-aa98-336c6f583750	pooled	unknown	normal	601.0	0.0	0.0	0.9886163	0.0	0.0	0.053007122	0.0	0.0	0.01229031
81	vascular associated smooth muscle cell	047d57f2-4d14-45de-aa98-336c6f583750	pooled	unknown	normal	210.0	0.0	0.0	1.073921	0.0	0.0	0.13331951	0.0	0.0	0.12721963
97	vascular associated smooth muscle cell	047d57f2-4d14-45de-aa98-336c6f583750	pooled	unknown	normal	663.0	0.0	0.0	0.89105356	0.0	0.0	0.10598081	0.0	0.0	0.084598824
99	vascular associated smooth muscle cell	047d57f2-4d14-45de-aa98-336c6f583750	pooled	unknown	normal	254.0	0.0	0.0	0.6536595	0.0	0.0	0.21356642	0.0	0.0	0.17011453
110	vascular associated smooth muscle cell	047d57f2-4d14-45de-aa98-336c6f583750	pooled	unknown	normal	219.0	0.0	0.0	1.7066418	0.0	0.0	0.08938371	0.0	0.0	0.0612711
117	vascular associated smooth muscle cell	047d57f2-4d14-45de-aa98-336c6f583750	pooled	unknown	normal	451.0	0.0	0.0	1.0299784	0.0	0.0	0.07014189	0.0	0.0	0.15423264
155	vascular associated smooth muscle cell	047d57f2-4d14-45de-aa98-336c6f583750	pooled	unknown	normal	290.0	0.0	0.0	1.0034606	0.0	0.0	0.058448527	0.0	0.0	0.17879263
171	vascular associated smooth muscle cell	047d57f2-4d14-45de-aa98-336c6f583750	pooled	unknown	normal	125.0	0.0	0.0	0.61184394	0.0	0.0	0.0697973	0.0	0.0	0.110098176
176	vascular associated smooth muscle cell	047d57f2-4d14-45de-aa98-336c6f583750	pooled	unknown	normal	611.0	0.0	0.0	0.397449	0.0	0.0	0.06166626	0.0	0.0	0.4939358
192	vascular associated smooth muscle cell	047d57f2-4d14-45de-aa98-336c6f583750	pooled	unknown	normal	502.0	0.0	0.0	0.38396198	0.0	0.0	0.12622124	0.0	0.0	0.12287695
209	vascular associated smooth muscle cell	047d57f2-4d14-45de-aa98-336c6f583750	pooled	unknown	normal	600.0	0.0	0.0	0.33360213	0.0	0.0	0.16353409	0.0	0.0	0.06256957
219	vascular associated smooth muscle cell	047d57f2-4d14-45de-aa98-336c6f583750	pooled	unknown	normal	289.0	0.0	0.0	0.47589383	0.0	0.0	0.09340553	0.0	0.0	0.08097508
227	vascular associated smooth muscle cell	047d57f2-4d14-45de-aa98-336c6f583750	pooled	unknown	normal	145.0	0.0	0.0	0.41690555	0.0	0.0	0.3499388	0.0	0.0	0.15044913
232	vascular associated smooth muscle cell	047d57f2-4d14-45de-aa98-336c6f583750	pooled	unknown	normal	267.0	0.0	0.0	0.43135574	0.0	0.0	0.10219656	0.0	0.0	0.19709185
256	vascular associated smooth muscle cell	047d57f2-4d14-45de-aa98-336c6f583750	pooled	unknown	normal	396.0	1.0	0.83051425	0.80455637	0.0	0.0	0.045754157	0.0	0.0	0.20956546
259	vascular associated smooth muscle cell	047d57f2-4d14-45de-aa98-336c6f583750	pooled	unknown	normal	667.0	0.0	0.0	0.0963303	0.0	0.0	0.026188077	0.0	0.0	0.106349684
286	vascular associated smooth muscle cell	047d57f2-4d14-45de-aa98-336c6f583750	pooled	unknown	normal	237.0	0.0	0.0	0.7120786	0.0	0.0	0.10830804	0.0	0.0	0.34464052
287	vascular associated smooth muscle cell	047d57f2-4d14-45de-aa98-336c6f583750	pooled	unknown	normal	262.0	0.0	0.0	0.29792804	0.0	0.0	0.03945921	0.0	0.0	0.14846128
295	vascular associated smooth muscle cell	047d57f2-4d14-45de-aa98-336c6f583750	pooled	unknown	normal	309.0	0.0	0.0	0.53077734	0.0	0.0	0.05059522	0.0	0.0	0.06416666
296	vascular associated smooth muscle cell	047d57f2-4d14-45de-aa98-336c6f583750	pooled	unknown	normal	346.0	0.0	0.0	0.6120846	0.0	0.0	0.08587909	0.0	0.0	0.24036226
297	vascular associated smooth muscle cell	047d57f2-4d14-45de-aa98-336c6f583750	pooled	unknown	normal	276.0	0.0	0.0	0.41446152	0.0	0.0	0.16049047	1.0	1.0512264	0.25876507
316	vascular associated smooth muscle cell	047d57f2-4d14-45de-aa98-336c6f583750	pooled	unknown	normal	300.0	0.0	0.0	0.94013476	0.0	0.0	0.09148939	0.0	0.0	0.09158449
318	vascular associated smooth muscle cell	047d57f2-4d14-45de-aa98-336c6f583750	pooled	unknown	normal	295.0	2.0	1.1662537	1.0298855	0.0	0.0	0.070356324	0.0	0.0	0.173441
330	vascular associated smooth muscle cell	047d57f2-4d14-45de-aa98-336c6f583750	pooled	unknown	normal	205.0	0.0	0.0	0.19862674	0.0	0.0	0.16182908	0.0	0.0	0.65754646
343	vascular associated smooth muscle cell	047d57f2-4d14-45de-aa98-336c6f583750	pooled	unknown	normal	290.0	0.0	0.0	1.1112434	0.0	0.0	0.17838028	0.0	0.0	0.096005306
362	vascular associated smooth muscle cell	047d57f2-4d14-45de-aa98-336c6f583750	pooled	unknown	normal	358.0	0.0	0.0	1.0499246	0.0	0.0	0.034206495	0.0	0.0	0.066679195
369	vascular associated smooth muscle cell	047d57f2-4d14-45de-aa98-336c6f583750	pooled	unknown	normal	282.0	0.0	0.0	1.235312	0.0	0.0	0.06746035	0.0	0.0	0.15504584
386	vascular associated smooth muscle cell	047d57f2-4d14-45de-aa98-336c6f583750	pooled	unknown	normal	164.0	0.0	0.0	0.7843213	0.0	0.0	0.10601601	0.0	0.0	0.16346018
392	vascular associated smooth muscle cell	047d57f2-4d14-45de-aa98-336c6f583750	pooled	unknown	normal	407.0	0.0	0.0	0.55253685	0.0	0.0	0.03194812	0.0	0.0	0.19238448
395	vascular associated smooth muscle cell	047d57f2-4d14-45de-aa98-336c6f583750	pooled	unknown	normal	322.0	1.0	0.8915262	0.9375026	0.0	0.0	0.12319899	0.0	0.0	0.35706818
401	vascular associated smooth muscle cell	047d57f2-4d14-45de-aa98-336c6f583750	pooled	unknown	normal	266.0	0.0	0.0	0.67817026	0.0	0.0	0.12363468	0.0	0.0	0.024993185
409	vascular associated smooth muscle cell	047d57f2-4d14-45de-aa98-336c6f583750	pooled	unknown	normal	255.0	0.0	0.0	0.19256811	0.0	0.0	0.43595338	0.0	0.0	0.17809413
420	vascular associated smooth muscle cell	047d57f2-4d14-45de-aa98-336c6f583750	pooled	unknown	normal	134.0	0.0	0.0	0.8433042	0.0	0.0	0.13458468	0.0	0.0	0.2109653
421	vascular associated smooth muscle cell	047d57f2-4d14-45de-aa98-336c6f583750	pooled	unknown	normal	416.0	0.0	0.0	0.48768148	0.0	0.0	0.24877365	1.0	0.8453218	0.12709098
435	vascular associated smooth muscle cell	047d57f2-4d14-45de-aa98-336c6f583750	pooled	unknown	normal	469.0	0.0	0.0	0.32167515	0.0	0.0	0.119552515	0.0	0.0	0.27775908
441	vascular associated smooth muscle cell	047d57f2-4d14-45de-aa98-336c6f583750	pooled	unknown	normal	328.0	0.0	0.0	1.2808042	0.0	0.0	0.08290215	0.0	0.0	0.31490105
452	vascular associated smooth muscle cell	047d57f2-4d14-45de-aa98-336c6f583750	pooled	unknown	normal	165.0	0.0	0.0	1.0341381	0.0	0.0	0.09771711	0.0	0.0	0.10975899
458	vascular associated smooth muscle cell	047d57f2-4d14-45de-aa98-336c6f583750	pooled	unknown	normal	376.0	0.0	0.0	1.2942134	0.0	0.0	0.07324904	0.0	0.0	0.1712788
471	vascular associated smooth muscle cell	047d57f2-4d14-45de-aa98-336c6f583750	pooled	unknown	normal	271.0	0.0	0.0	0.27075994	0.0	0.0	0.34038007	1.0	1.040452	0.36021543
481	vascular associated smooth muscle cell	047d57f2-4d14-45de-aa98-336c6f583750	pooled	unknown	normal	353.0	0.0	0.0	1.4331576	0.0	0.0	0.029318312	0.0	0.0	0.09836016
498	vascular associated smooth muscle cell	047d57f2-4d14-45de-aa98-336c6f583750	pooled	unknown	normal	530.0	0.0	0.0	0.4682657	0.0	0.0	0.01293929	0.0	0.0	0.038831934
528	vascular associated smooth muscle cell	047d57f2-4d14-45de-aa98-336c6f583750	pooled	unknown	normal	184.0	0.0	0.0	0.57765484	0.0	0.0	0.119264685	1.0	1.2284827	0.37167874
531	vascular associated smooth muscle cell	047d57f2-4d14-45de-aa98-336c6f583750	pooled	unknown	normal	202.0	0.0	0.0	0.26071504	0.0	0.0	0.18530607	0.0	0.0	0.24534911
532	vascular associated smooth muscle cell	047d57f2-4d14-45de-aa98-336c6f583750	pooled	unknown	normal	225.0	0.0	0.0	1.1813831	0.0	0.0	0.16056857	0.0	0.0	0.15143937
539	vascular associated smooth muscle cell	047d57f2-4d14-45de-aa98-336c6f583750	pooled	unknown	normal	395.0	0.0	0.0	0.5166372	0.0	0.0	0.046023007	0.0	0.0	0.30931875
568	vascular associated smooth muscle cell	047d57f2-4d14-45de-aa98-336c6f583750	pooled	unknown	normal	598.0	0.0	0.0	0.5679142	0.0	0.0	0.067813866	0.0	0.0	0.47875297
574	vascular associated smooth muscle cell	047d57f2-4d14-45de-aa98-336c6f583750	pooled	unknown	normal	191.0	0.0	0.0	0.26120606	0.0	0.0	0.26178834	0.0	0.0	0.16094358
577	vascular associated smooth muscle cell	047d57f2-4d14-45de-aa98-336c6f583750	pooled	unknown	normal	318.0	1.0	0.7622011	0.8241638	0.0	0.0	0.047218114	0.0	0.0	0.36161655
578	vascular associated smooth muscle cell	047d57f2-4d14-45de-aa98-336c6f583750	pooled	unknown	normal	190.0	0.0	0.0	0.5727136	0.0	0.0	0.15114127	0.0	0.0	0.6529266
584	vascular associated smooth muscle cell	047d57f2-4d14-45de-aa98-336c6f583750	pooled	unknown	normal	436.0	0.0	0.0	0.29736426	0.0	0.0	0.17619331	0.0	0.0	0.052403696
592	vascular associated smooth muscle cell	047d57f2-4d14-45de-aa98-336c6f583750	pooled	unknown	normal	628.0	1.0	0.5466662	0.45537353	0.0	0.0	0.07976124	0.0	0.0	0.08901134
594	vascular associated smooth muscle cell	047d57f2-4d14-45de-aa98-336c6f583750	pooled	unknown	normal	412.0	0.0	0.0	0.5890813	0.0	0.0	0.058046162	0.0	0.0	0.23912509
599	vascular associated smooth muscle cell	047d57f2-4d14-45de-aa98-336c6f583750	pooled	unknown	normal	224.0	0.0	0.0	0.65023047	0.0	0.0	0.13202843	0.0	0.0	0.12870778
605	vascular associated smooth muscle cell	047d57f2-4d14-45de-aa98-336c6f583750	pooled	unknown	normal	247.0	0.0	0.0	0.8968691	0.0	0.0	0.21041845	0.0	0.0	0.3856169
608	vascular associated smooth muscle cell	047d57f2-4d14-45de-aa98-336c6f583750	pooled	unknown	normal	239.0	0.0	0.0	1.6646479	0.0	0.0	0.20029134	0.0	0.0	0.18496138
613	vascular associated smooth muscle cell	047d57f2-4d14-45de-aa98-336c6f583750	pooled	unknown	normal	467.0	1.0	0.7456972	0.5921184	0.0	0.0	0.0662233	0.0	0.0	0.06774146
632	vascular associated smooth muscle cell	047d57f2-4d14-45de-aa98-336c6f583750	pooled	unknown	normal	412.0	0.0	0.0	0.43262488	0.0	0.0	0.22044176	0.0	0.0	0.13440989
643	vascular associated smooth muscle cell	047d57f2-4d14-45de-aa98-336c6f583750	pooled	unknown	normal	268.0	0.0	0.0	0.2836378	0.0	0.0	0.062297564	0.0	0.0	0.1389765
661	vascular associated smooth muscle cell	047d57f2-4d14-45de-aa98-336c6f583750	pooled	unknown	normal	422.0	0.0	0.0	1.9056164	0.0	0.0	0.08450992	0.0	0.0	0.09445209
664	vascular associated smooth muscle cell	047d57f2-4d14-45de-aa98-336c6f583750	pooled	unknown	normal	289.0	0.0	0.0	0.2290099	0.0	0.0	0.04231896	0.0	0.0	0.08387704
667	vascular associated smooth muscle cell	047d57f2-4d14-45de-aa98-336c6f583750	pooled	unknown	normal	348.0	0.0	0.0	0.45574558	0.0	0.0	0.02138738	0.0	0.0	0.16285177
700	vascular associated smooth muscle cell	047d57f2-4d14-45de-aa98-336c6f583750	pooled	unknown	normal	195.0	0.0	0.0	1.195274	0.0	0.0	0.11605842	0.0	0.0	0.27474216
708	vascular associated smooth muscle cell	047d57f2-4d14-45de-aa98-336c6f583750	pooled	unknown	normal	270.0	0.0	0.0	0.9223018	0.0	0.0	0.08183135	0.0	0.0	0.29826277
714	vascular associated smooth muscle cell	047d57f2-4d14-45de-aa98-336c6f583750	pooled	unknown	normal	330.0	0.0	0.0	0.5228091	0.0	0.0	0.103167914	0.0	0.0	0.31676152
750	vascular associated smooth muscle cell	047d57f2-4d14-45de-aa98-336c6f583750	pooled	unknown	normal	203.0	0.0	0.0	0.39925343	0.0	0.0	0.19916202	0.0	0.0	0.036120553
761	vascular associated smooth muscle cell	047d57f2-4d14-45de-aa98-336c6f583750	pooled	unknown	normal	221.0	0.0	0.0	0.45673287	0.0	0.0	0.21152443	0.0	0.0	0.053700652
762	vascular associated smooth muscle cell	047d57f2-4d14-45de-aa98-336c6f583750	pooled	unknown	normal	298.0	0.0	0.0	0.61414355	0.0	0.0	0.39464194	0.0	0.0	0.54702806
772	vascular associated smooth muscle cell	047d57f2-4d14-45de-aa98-336c6f583750	pooled	unknown	normal	166.0	0.0	0.0	1.2620463	0.0	0.0	0.09338868	0.0	0.0	0.17426307
791	vascular associated smooth muscle cell	047d57f2-4d14-45de-aa98-336c6f583750	pooled	unknown	normal	172.0	0.0	0.0	0.48825496	0.0	0.0	0.105295636	0.0	0.0	0.27875084
806	vascular associated smooth muscle cell	047d57f2-4d14-45de-aa98-336c6f583750	pooled	unknown	normal	309.0	0.0	0.0	0.19887982	0.0	0.0	0.021068448	0.0	0.0	0.14098729
826	vascular associated smooth muscle cell	047d57f2-4d14-45de-aa98-336c6f583750	pooled	unknown	normal	910.0	1.0	0.36521235	1.0660682	0.0	0.0	0.05831726	0.0	0.0	0.120400086
829	vascular associated smooth muscle cell	047d57f2-4d14-45de-aa98-336c6f583750	pooled	unknown	normal	443.0	0.0	0.0	1.2117599	0.0	0.0	0.05786569	0.0	0.0	0.15938824
852	vascular associated smooth muscle cell	047d57f2-4d14-45de-aa98-336c6f583750	pooled	unknown	normal	292.0	0.0	0.0	1.672134	0.0	0.0	0.04555191	0.0	0.0	0.11587798
860	vascular associated smooth muscle cell	047d57f2-4d14-45de-aa98-336c6f583750	pooled	unknown	normal	268.0	0.0	0.0	1.1146308	0.0	0.0	0.02754767	0.0	0.0	0.26320112
873	vascular associated smooth muscle cell	047d57f2-4d14-45de-aa98-336c6f583750	pooled	unknown	normal	367.0	0.0	0.0	1.360697	0.0	0.0	0.1380703	0.0	0.0	0.41599846
879	vascular associated smooth muscle cell	047d57f2-4d14-45de-aa98-336c6f583750	pooled	unknown	normal	443.0	0.0	0.0	0.39851668	0.0	0.0	0.03664598	0.0	0.0	0.11143582
889	vascular associated smooth muscle cell	047d57f2-4d14-45de-aa98-336c6f583750	pooled	unknown	normal	361.0	0.0	0.0	1.1760021	0.0	0.0	0.06131483	0.0	0.0	0.31899616
894	vascular associated smooth muscle cell	047d57f2-4d14-45de-aa98-336c6f583750	pooled	unknown	normal	510.0	0.0	0.0	0.45244452	0.0	0.0	0.09915371	0.0	0.0	0.16610251
917	vascular associated smooth muscle cell	047d57f2-4d14-45de-aa98-336c6f583750	pooled	unknown	normal	571.0	0.0	0.0	0.513566	0.0	0.0	0.07656577	0.0	0.0	0.3462764
921	vascular associated smooth muscle cell	047d57f2-4d14-45de-aa98-336c6f583750	pooled	unknown	normal	619.0	0.0	0.0	2.0513623	0.0	0.0	0.068391345	0.0	0.0	0.13054205
928	vascular associated smooth muscle cell	047d57f2-4d14-45de-aa98-336c6f583750	pooled	unknown	normal	363.0	0.0	0.0	1.2039382	0.0	0.0	0.06019091	0.0	0.0	0.21857016
953	vascular associated smooth muscle cell	047d57f2-4d14-45de-aa98-336c6f583750	pooled	unknown	normal	441.0	0.0	0.0	2.2045674	0.0	0.0	0.020332303	0.0	0.0	0.1615003
978	vascular associated smooth muscle cell	047d57f2-4d14-45de-aa98-336c6f583750	pooled	unknown	normal	755.0	0.0	0.0	0.14274614	0.0	0.0	0.020780927	0.0	0.0	0.22099307
1023	vascular associated smooth muscle cell	047d57f2-4d14-45de-aa98-336c6f583750	pooled	unknown	normal	396.0	0.0	0.0	1.9713506	0.0	0.0	0.05134253	0.0	0.0	0.1149757
1028	vascular associated smooth muscle cell	047d57f2-4d14-45de-aa98-336c6f583750	pooled	unknown	normal	432.0	2.0	0.94246256	1.4616843	0.0	0.0	0.0188897	0.0	0.0	0.068312906
1089	vascular associated smooth muscle cell	047d57f2-4d14-45de-aa98-336c6f583750	pooled	unknown	normal	652.0	0.0	0.0	1.0766134	0.0	0.0	0.17050923	0.0	0.0	0.20586233
1093	vascular associated smooth muscle cell	047d57f2-4d14-45de-aa98-336c6f583750	pooled	unknown	normal	1098.0	0.0	0.0	1.1016829	0.0	0.0	0.029227126	0.0	0.0	0.0072667166
1157	vascular associated smooth muscle cell	047d57f2-4d14-45de-aa98-336c6f583750	pooled	unknown	normal	485.0	1.0	0.60360885	2.2377799	0.0	0.0	0.06438008	0.0	0.0	0.094918266
1209	vascular associated smooth muscle cell	047d57f2-4d14-45de-aa98-336c6f583750	pooled	unknown	normal	548.0	0.0	0.0	0.19757193	0.0	0.0	0.01120424	0.0	0.0	0.114942625
1218	vascular associated smooth muscle cell	047d57f2-4d14-45de-aa98-336c6f583750	pooled	unknown	normal	648.0	1.0	0.49211258	1.7579813	0.0	0.0	0.0633004	0.0	0.0	0.10101658
1240	vascular associated smooth muscle cell	047d57f2-4d14-45de-aa98-336c6f583750	pooled	unknown	normal	589.0	0.0	0.0	0.35021877	0.0	0.0	0.030179115	0.0	0.0	0.3042269
1250	vascular associated smooth muscle cell	047d57f2-4d14-45de-aa98-336c6f583750	pooled	unknown	normal	500.0	0.0	0.0	0.73525727	0.0	0.0	0.026937451	0.0	0.0	0.13718824
1262	vascular associated smooth muscle cell	047d57f2-4d14-45de-aa98-336c6f583750	pooled	unknown	normal	495.0	1.0	0.6736348	1.8241227	0.0	0.0	0.060992412	0.0	0.0	0.13347365
1269	vascular associated smooth muscle cell	047d57f2-4d14-45de-aa98-336c6f583750	pooled	unknown	normal	525.0	0.0	0.0	0.5223027	0.0	0.0	0.019899217	0.0	0.0	0.12915881
1270	vascular associated smooth muscle cell	047d57f2-4d14-45de-aa98-336c6f583750	pooled	unknown	normal	367.0	0.0	0.0	2.0341985	0.0	0.0	0.10569751	0.0	0.0	0.10317712
1271	vascular associated smooth muscle cell	047d57f2-4d14-45de-aa98-336c6f583750	pooled	unknown	normal	278.0	0.0	0.0	0.42970565	0.0	0.0	0.046642277	0.0	0.0	0.09818824
1302	vascular associated smooth muscle cell	047d57f2-4d14-45de-aa98-336c6f583750	pooled	unknown	normal	475.0	0.0	0.0	2.464114	0.0	0.0	0.03406912	0.0	0.0	0.18634689
1343	vascular associated smooth muscle cell	047d57f2-4d14-45de-aa98-336c6f583750	pooled	unknown	normal	352.0	0.0	0.0	1.6678295	0.0	0.0	0.040142097	0.0	0.0	0.14121602
1347	vascular associated smooth muscle cell	047d57f2-4d14-45de-aa98-336c6f583750	pooled	unknown	normal	565.0	0.0	0.0	2.2118254	0.0	0.0	0.027245084	0.0	0.0	0.20581144
1357	vascular associated smooth muscle cell	047d57f2-4d14-45de-aa98-336c6f583750	pooled	unknown	normal	275.0	0.0	0.0	0.47159505	0.0	0.0	0.1337237	0.0	0.0	0.24787447
1379	vascular associated smooth muscle cell	047d57f2-4d14-45de-aa98-336c6f583750	pooled	unknown	normal	511.0	0.0	0.0	2.6662085	0.0	0.0	0.034019325	0.0	0.0	0.079859175
1384	vascular associated smooth muscle cell	047d57f2-4d14-45de-aa98-336c6f583750	pooled	unknown	normal	847.0	1.0	0.36526632	2.264991	0.0	0.0	0.0338314	0.0	0.0	0.09169357
1401	vascular associated smooth muscle cell	047d57f2-4d14-45de-aa98-336c6f583750	pooled	unknown	normal	278.0	0.0	0.0	2.199017	0.0	0.0	0.04169849	0.0	0.0	0.070184804
1408	vascular associated smooth muscle cell	047d57f2-4d14-45de-aa98-336c6f583750	pooled	unknown	normal	885.0	0.0	0.0	0.8734422	0.0	0.0	0.030395782	0.0	0.0	0.2034116
1481	vascular associated smooth muscle cell	047d57f2-4d14-45de-aa98-336c6f583750	pooled	unknown	normal	593.0	0.0	0.0	0.7021422	0.0	0.0	0.040063992	0.0	0.0	0.17541368
1482	vascular associated smooth muscle cell	047d57f2-4d14-45de-aa98-336c6f583750	pooled	unknown	normal	269.0	0.0	0.0	0.53524244	0.0	0.0	0.047230814	0.0	0.0	0.21380147
1485	vascular associated smooth muscle cell	047d57f2-4d14-45de-aa98-336c6f583750	pooled	unknown	normal	584.0	2.0	0.9142854	2.7403736	0.0	0.0	0.036226004	0.0	0.0	0.08723111
1500	vascular associated smooth muscle cell	047d57f2-4d14-45de-aa98-336c6f583750	pooled	unknown	normal	1183.0	2.0	0.6272061	1.5259973	0.0	0.0	0.03426811	0.0	0.0	0.16474015
1505	vascular associated smooth muscle cell	047d57f2-4d14-45de-aa98-336c6f583750	pooled	unknown	normal	260.0	0.0	0.0	1.9995277	0.0	0.0	0.04360848	0.0	0.0	0.10184357
1507	vascular associated smooth muscle cell	047d57f2-4d14-45de-aa98-336c6f583750	pooled	unknown	normal	477.0	0.0	0.0	1.74999	0.0	0.0	0.0671768	0.0	0.0	0.15512763
1514	vascular associated smooth muscle cell	047d57f2-4d14-45de-aa98-336c6f583750	pooled	unknown	normal	925.0	0.0	0.0	0.38378453	0.0	0.0	0.044051606	0.0	0.0	0.14516255
1526	vascular associated smooth muscle cell	047d57f2-4d14-45de-aa98-336c6f583750	pooled	unknown	normal	623.0	0.0	0.0	1.4269679	0.0	0.0	0.044703614	0.0	0.0	0.21462902
1528	vascular associated smooth muscle cell	047d57f2-4d14-45de-aa98-336c6f583750	pooled	unknown	normal	377.0	0.0	0.0	3.4046197	0.0	0.0	0.02215408	0.0	0.0	0.10751157
1552	vascular associated smooth muscle cell	047d57f2-4d14-45de-aa98-336c6f583750	pooled	unknown	normal	436.0	0.0	0.0	1.1421323	0.0	0.0	0.04498713	0.0	0.0	0.056667987
1564	vascular associated smooth muscle cell	047d57f2-4d14-45de-aa98-336c6f583750	pooled	unknown	normal	297.0	0.0	0.0	1.2163771	0.0	0.0	0.03493465	0.0	0.0	0.1645446
1572	vascular associated smooth muscle cell	047d57f2-4d14-45de-aa98-336c6f583750	pooled	unknown	normal	280.0	0.0	0.0	2.848753	0.0	0.0	0.039014384	0.0	0.0	0.069085345
1578	vascular associated smooth muscle cell	047d57f2-4d14-45de-aa98-336c6f583750	pooled	unknown	normal	270.0	2.0	1.316409	3.1388261	0.0	0.0	0.071029425	0.0	0.0	0.08641855
1585	vascular associated smooth muscle cell	047d57f2-4d14-45de-aa98-336c6f583750	pooled	unknown	normal	1047.0	0.0	0.0	0.4608626	0.0	0.0	0.0986806	0.0	0.0	0.14643328
1589	vascular associated smooth muscle cell	047d57f2-4d14-45de-aa98-336c6f583750	pooled	unknown	normal	591.0	0.0	0.0	1.7225908	0.0	0.0	0.040492952	0.0	0.0	0.09986858
1615	vascular associated smooth muscle cell	047d57f2-4d14-45de-aa98-336c6f583750	pooled	unknown	normal	648.0	1.0	0.510213	1.392993	0.0	0.0	0.057277307	0.0	0.0	0.23831826
1627	vascular associated smooth muscle cell	047d57f2-4d14-45de-aa98-336c6f583750	pooled	unknown	normal	600.0	0.0	0.0	1.423634	0.0	0.0	0.055979066	0.0	0.0	0.13688257
1632	vascular associated smooth muscle cell	047d57f2-4d14-45de-aa98-336c6f583750	pooled	unknown	normal	395.0	2.0	1.0497153	2.6183853	0.0	0.0	0.02366948	0.0	0.0	0.14255358
1647	vascular associated smooth muscle cell	047d57f2-4d14-45de-aa98-336c6f583750	pooled	unknown	normal	642.0	0.0	0.0	0.27374968	0.0	0.0	0.011702219	0.0	0.0	0.042135075
1648	vascular associated smooth muscle cell	047d57f2-4d14-45de-aa98-336c6f583750	pooled	unknown	normal	213.0	1.0	1.0003006	2.9491744	0.0	0.0	0.04601507	0.0	0.0	0.19484098
1650	vascular associated smooth muscle cell	047d57f2-4d14-45de-aa98-336c6f583750	pooled	unknown	normal	252.0	0.0	0.0	0.64824843	0.0	0.0	0.16044226	0.0	0.0	0.13840912
1677	vascular associated smooth muscle cell	047d57f2-4d14-45de-aa98-336c6f583750	pooled	unknown	normal	988.0	0.0	0.0	0.4755176	0.0	0.0	0.041029934	0.0	0.0	0.13813874
1698	vascular associated smooth muscle cell	047d57f2-4d14-45de-aa98-336c6f583750	pooled	unknown	normal	919.0	3.0	1.0632802	0.6985351	0.0	0.0	0.029693976	0.0	0.0	0.101307444
1718	vascular associated smooth muscle cell	047d57f2-4d14-45de-aa98-336c6f583750	pooled	unknown	normal	563.0	0.0	0.0	0.9191767	0.0	0.0	0.13512412	0.0	0.0	0.089468166
1747	vascular associated smooth muscle cell	047d57f2-4d14-45de-aa98-336c6f583750	pooled	unknown	normal	394.0	0.0	0.0	0.3071856	0.0	0.0	0.062060587	0.0	0.0	0.25577632
1748	vascular associated smooth muscle cell	047d57f2-4d14-45de-aa98-336c6f583750	pooled	unknown	normal	181.0	0.0	0.0	2.8431842	0.0	0.0	0.04922054	0.0	0.0	0.025506688
1759	vascular associated smooth muscle cell	047d57f2-4d14-45de-aa98-336c6f583750	pooled	unknown	normal	219.0	0.0	0.0	2.2979753	0.0	0.0	0.10300399	0.0	0.0	0.07138134
1777	vascular associated smooth muscle cell	047d57f2-4d14-45de-aa98-336c6f583750	pooled	unknown	normal	775.0	0.0	0.0	0.98645806	0.0	0.0	0.06458823	0.0	0.0	0.20967355
1779	vascular associated smooth muscle cell	047d57f2-4d14-45de-aa98-336c6f583750	pooled	unknown	normal	641.0	0.0	0.0	2.2073388	0.0	0.0	0.029694898	0.0	0.0	0.10443371
1781	vascular associated smooth muscle cell	047d57f2-4d14-45de-aa98-336c6f583750	pooled	unknown	normal	523.0	0.0	0.0	0.22902739	0.0	0.0	0.014080617	0.0	0.0	0.044299867
1809	vascular associated smooth muscle cell	047d57f2-4d14-45de-aa98-336c6f583750	pooled	unknown	normal	601.0	1.0	0.5182407	1.7611848	0.0	0.0	0.02859197	0.0	0.0	0.113791995
1840	vascular associated smooth muscle cell	047d57f2-4d14-45de-aa98-336c6f583750	pooled	unknown	normal	1371.0	0.0	0.0	1.4069848	0.0	0.0	0.03557821	0.0	0.0	0.08049713
1853	vascular associated smooth muscle cell	047d57f2-4d14-45de-aa98-336c6f583750	pooled	unknown	normal	1071.0	0.0	0.0	0.6513657	0.0	0.0	0.026290106	0.0	0.0	0.072307706
1879	vascular associated smooth muscle cell	047d57f2-4d14-45de-aa98-336c6f583750	pooled	unknown	normal	259.0	0.0	0.0	2.780507	0.0	0.0	0.0071241083	0.0	0.0	0.018419262
1885	vascular associated smooth muscle cell	047d57f2-4d14-45de-aa98-336c6f583750	pooled	unknown	normal	634.0	1.0	0.762628	2.7713416	0.0	0.0	0.0144300535	0.0	0.0	0.020774694
1926	vascular associated smooth muscle cell	047d57f2-4d14-45de-aa98-336c6f583750	pooled	unknown	normal	915.0	0.0	0.0	0.41729954	0.0	0.0	0.053899318	0.0	0.0	0.08969863
1927	vascular associated smooth muscle cell	047d57f2-4d14-45de-aa98-336c6f583750	pooled	unknown	normal	430.0	2.0	1.234842	3.3407352	0.0	0.0	0.020376587	0.0	0.0	0.009479801
1938	vascular associated smooth muscle cell	047d57f2-4d14-45de-aa98-336c6f583750	pooled	unknown	normal	561.0	0.0	0.0	2.971452	0.0	0.0	0.060908552	0.0	0.0	0.030109452
1961	vascular associated smooth muscle cell	047d57f2-4d14-45de-aa98-336c6f583750	pooled	unknown	normal	772.0	0.0	0.0	2.9294255	0.0	0.0	0.02215134	0.0	0.0	0.041382216
1969	vascular associated smooth muscle cell	047d57f2-4d14-45de-aa98-336c6f583750	pooled	unknown	normal	807.0	2.0	1.0652286	2.7418737	0.0	0.0	0.008570696	0.0	0.0	0.0159274
1978	vascular associated smooth muscle cell	047d57f2-4d14-45de-aa98-336c6f583750	pooled	unknown	normal	516.0	0.0	0.0	2.363316	0.0	0.0	0.014107887	0.0	0.0	0.03822523
1982	vascular associated smooth muscle cell	047d57f2-4d14-45de-aa98-336c6f583750	pooled	unknown	normal	1107.0	0.0	0.0	0.3999674	0.0	0.0	0.027912093	0.0	0.0	0.07050674
1987	vascular associated smooth muscle cell	047d57f2-4d14-45de-aa98-336c6f583750	pooled	unknown	normal	467.0	0.0	0.0	2.0818903	0.0	0.0	0.018132702	0.0	0.0	0.034231436
1991	vascular associated smooth muscle cell	047d57f2-4d14-45de-aa98-336c6f583750	pooled	unknown	normal	402.0	0.0	0.0	2.17686	0.0	0.0	0.019383471	0.0	0.0	0.012304774
2012	vascular associated smooth muscle cell	047d57f2-4d14-45de-aa98-336c6f583750	pooled	unknown	normal	1147.0	0.0	0.0	0.52047825	0.0	0.0	0.13292693	0.0	0.0	0.1111635
2022	vascular associated smooth muscle cell	047d57f2-4d14-45de-aa98-336c6f583750	pooled	unknown	normal	358.0	0.0	0.0	2.488658	0.0	0.0	0.020219315	0.0	0.0	0.032043096
2043	vascular associated smooth muscle cell	047d57f2-4d14-45de-aa98-336c6f583750	pooled	unknown	normal	392.0	0.0	0.0	2.4125896	0.0	0.0	0.05570947	0.0	0.0	0.09084984
2053	vascular associated smooth muscle cell	047d57f2-4d14-45de-aa98-336c6f583750	pooled	unknown	normal	459.0	0.0	0.0	1.6928512	0.0	0.0	0.120078646	0.0	0.0	0.3155882
2054	vascular associated smooth muscle cell	047d57f2-4d14-45de-aa98-336c6f583750	pooled	unknown	normal	998.0	0.0	0.0	1.7553976	0.0	0.0	0.046156675	0.0	0.0	0.038181193
2060	vascular associated smooth muscle cell	047d57f2-4d14-45de-aa98-336c6f583750	pooled	unknown	normal	295.0	1.0	1.0363266	2.4324422	0.0	0.0	0.033107154	0.0	0.0	0.12879989
2098	vascular associated smooth muscle cell	047d57f2-4d14-45de-aa98-336c6f583750	pooled	unknown	normal	540.0	0.0	0.0	0.63547724	0.0	0.0	0.016537217	0.0	0.0	0.01047548
2105	vascular associated smooth muscle cell	047d57f2-4d14-45de-aa98-336c6f583750	pooled	unknown	normal	388.0	0.0	0.0	0.9530077	0.0	0.0	0.14989522	0.0	0.0	0.1323904
2142	vascular associated smooth muscle cell	047d57f2-4d14-45de-aa98-336c6f583750	pooled	unknown	normal	480.0	0.0	0.0	0.88273925	0.0	0.0	0.020673173	0.0	0.0	0.034215853
2156	vascular associated smooth muscle cell	047d57f2-4d14-45de-aa98-336c6f583750	pooled	unknown	normal	742.0	3.0	1.1088495	2.3247828	0.0	0.0	0.054007694	0.0	0.0	0.0189154
2167	vascular associated smooth muscle cell	047d57f2-4d14-45de-aa98-336c6f583750	pooled	unknown	normal	588.0	2.0	1.2063816	2.7906895	0.0	0.0	0.040155973	0.0	0.0	0.027771438
2208	vascular associated smooth muscle cell	047d57f2-4d14-45de-aa98-336c6f583750	pooled	unknown	normal	721.0	1.0	0.63402903	2.7218876	0.0	0.0	0.027155207	0.0	0.0	0.020363405
2216	vascular associated smooth muscle cell	047d57f2-4d14-45de-aa98-336c6f583750	pooled	unknown	normal	317.0	0.0	0.0	1.2705399	0.0	0.0	0.026447395	0.0	0.0	0.04361168
2218	vascular associated smooth muscle cell	047d57f2-4d14-45de-aa98-336c6f583750	pooled	unknown	normal	532.0	0.0	0.0	1.6964852	0.0	0.0	0.019258365	0.0	0.0	0.012752985
2242	vascular associated smooth muscle cell	047d57f2-4d14-45de-aa98-336c6f583750	pooled	unknown	normal	596.0	0.0	0.0	0.571385	0.0	0.0	0.019781653	0.0	0.0	0.020244401
2250	vascular associated smooth muscle cell	047d57f2-4d14-45de-aa98-336c6f583750	pooled	unknown	normal	363.0	0.0	0.0	0.29996234	0.0	0.0	0.019418346	0.0	0.0	0.08610215
2251	vascular associated smooth muscle cell	047d57f2-4d14-45de-aa98-336c6f583750	pooled	unknown	normal	619.0	0.0	0.0	1.1769994	0.0	0.0	0.19166774	0.0	0.0	0.19679983
2255	vascular associated smooth muscle cell	047d57f2-4d14-45de-aa98-336c6f583750	pooled	unknown	normal	537.0	1.0	0.74494094	2.4360938	0.0	0.0	0.020765828	0.0	0.0	0.031373072
2269	vascular associated smooth muscle cell	047d57f2-4d14-45de-aa98-336c6f583750	pooled	unknown	normal	732.0	0.0	0.0	1.2810374	0.0	0.0	0.017296309	0.0	0.0	0.01999545
2270	vascular associated smooth muscle cell	047d57f2-4d14-45de-aa98-336c6f583750	pooled	unknown	normal	811.0	0.0	0.0	0.7620043	0.0	0.0	0.0476408	0.0	0.0	0.15768449
2281	vascular associated smooth muscle cell	047d57f2-4d14-45de-aa98-336c6f583750	pooled	unknown	normal	563.0	2.0	1.0587299	3.6912854	0.0	0.0	0.0076762284	0.0	0.0	0.031450797
2308	vascular associated smooth muscle cell	047d57f2-4d14-45de-aa98-336c6f583750	pooled	unknown	normal	338.0	0.0	0.0	1.4132295	0.0	0.0	0.32029444	0.0	0.0	0.12454573
2382	vascular associated smooth muscle cell	047d57f2-4d14-45de-aa98-336c6f583750	pooled	unknown	normal	591.0	0.0	0.0	1.0599469	0.0	0.0	0.040507164	0.0	0.0	0.0049131033
2394	vascular associated smooth muscle cell	047d57f2-4d14-45de-aa98-336c6f583750	pooled	unknown	normal	411.0	0.0	0.0	0.87299883	0.0	0.0	0.12070418	0.0	0.0	0.077805005
2437	vascular associated smooth muscle cell	047d57f2-4d14-45de-aa98-336c6f583750	pooled	unknown	normal	397.0	0.0	0.0	1.1282039	0.0	0.0	0.04280602	0.0	0.0	0.052461028
2492	vascular associated smooth muscle cell	047d57f2-4d14-45de-aa98-336c6f583750	pooled	unknown	normal	772.0	1.0	0.653587	2.9859037	0.0	0.0	0.01605861	0.0	0.0	0.015360934
2504	vascular associated smooth muscle cell	047d57f2-4d14-45de-aa98-336c6f583750	pooled	unknown	normal	803.0	0.0	0.0	0.8340485	0.0	0.0	0.030620985	0.0	0.0	0.048915435
2535	vascular associated smooth muscle cell	047d57f2-4d14-45de-aa98-336c6f583750	pooled	unknown	normal	504.0	1.0	0.7075521	2.6093085	0.0	0.0	0.0551392	0.0	0.0	0.05757791
2541	vascular associated smooth muscle cell	047d57f2-4d14-45de-aa98-336c6f583750	pooled	unknown	normal	356.0	0.0	0.0	2.5524225	0.0	0.0	0.036963332	0.0	0.0	0.06754115
2552	vascular associated smooth muscle cell	047d57f2-4d14-45de-aa98-336c6f583750	pooled	unknown	normal	393.0	0.0	0.0	0.8979113	0.0	0.0	0.023867557	0.0	0.0	0.013606311
2629	vascular associated smooth muscle cell	047d57f2-4d14-45de-aa98-336c6f583750	pooled	unknown	normal	494.0	0.0	0.0	0.6791034	0.0	0.0	0.016899178	0.0	0.0	0.013717467
2652	vascular associated smooth muscle cell	047d57f2-4d14-45de-aa98-336c6f583750	pooled	unknown	normal	500.0	0.0	0.0	0.44527975	0.0	0.0	0.014904611	0.0	0.0	0.007528367
2711	vascular associated smooth muscle cell	047d57f2-4d14-45de-aa98-336c6f583750	pooled	unknown	normal	490.0	0.0	0.0	1.1634946	0.0	0.0	0.031543415	0.0	0.0	0.049932487
2715	vascular associated smooth muscle cell	047d57f2-4d14-45de-aa98-336c6f583750	pooled	unknown	normal	496.0	2.0	1.1663297	2.571012	0.0	0.0	0.051014397	0.0	0.0	0.14365527
2746	vascular associated smooth muscle cell	047d57f2-4d14-45de-aa98-336c6f583750	pooled	unknown	normal	887.0	5.0	1.4350358	1.8842487	0.0	0.0	0.03077487	0.0	0.0	0.02527182
2771	vascular associated smooth muscle cell	047d57f2-4d14-45de-aa98-336c6f583750	pooled	unknown	normal	416.0	0.0	0.0	1.3410879	0.0	0.0	0.1163638	0.0	0.0	0.32343584
2776	vascular associated smooth muscle cell	047d57f2-4d14-45de-aa98-336c6f583750	pooled	unknown	normal	636.0	1.0	0.72232234	2.1338768	0.0	0.0	0.020957295	0.0	0.0	0.020141162
2804	vascular associated smooth muscle cell	047d57f2-4d14-45de-aa98-336c6f583750	pooled	unknown	normal	459.0	0.0	0.0	2.5953467	0.0	0.0	0.12468959	0.0	0.0	0.20374091
2842	vascular associated smooth muscle cell	047d57f2-4d14-45de-aa98-336c6f583750	pooled	unknown	normal	699.0	0.0	0.0	1.5472057	0.0	0.0	0.07781086	0.0	0.0	0.07915467
2847	vascular associated smooth muscle cell	047d57f2-4d14-45de-aa98-336c6f583750	pooled	unknown	normal	391.0	0.0	0.0	0.5942082	0.0	0.0	0.018645983	0.0	0.0	0.015671512
2853	vascular associated smooth muscle cell	047d57f2-4d14-45de-aa98-336c6f583750	pooled	unknown	normal	1110.0	0.0	0.0	1.0399082	0.0	0.0	0.028642965	0.0	0.0	0.12518933
2857	vascular associated smooth muscle cell	047d57f2-4d14-45de-aa98-336c6f583750	pooled	unknown	normal	450.0	2.0	1.5439905	2.0746956	0.0	0.0	0.038448054	0.0	0.0	0.01314648
2891	vascular associated smooth muscle cell	047d57f2-4d14-45de-aa98-336c6f583750	pooled	unknown	normal	427.0	0.0	0.0	2.156608	0.0	0.0	0.0351953	0.0	0.0	0.024173785
2894	vascular associated smooth muscle cell	047d57f2-4d14-45de-aa98-336c6f583750	pooled	unknown	normal	302.0	0.0	0.0	2.8822699	0.0	0.0	0.015376439	0.0	0.0	0.028846277
2929	vascular associated smooth muscle cell	047d57f2-4d14-45de-aa98-336c6f583750	pooled	unknown	normal	475.0	0.0	0.0	3.1333315	0.0	0.0	0.014839588	0.0	0.0	0.02258559
2962	vascular associated smooth muscle cell	047d57f2-4d14-45de-aa98-336c6f583750	pooled	unknown	normal	556.0	0.0	0.0	3.2049072	0.0	0.0	0.013072156	0.0	0.0	0.02426759
2972	vascular associated smooth muscle cell	047d57f2-4d14-45de-aa98-336c6f583750	pooled	unknown	normal	297.0	0.0	0.0	1.9308813	0.0	0.0	0.01787517	0.0	0.0	0.062265538
2975	vascular associated smooth muscle cell	047d57f2-4d14-45de-aa98-336c6f583750	pooled	unknown	normal	320.0	1.0	0.9368112	2.9174495	0.0	0.0	0.024143703	0.0	0.0	0.03125548
2982	vascular associated smooth muscle cell	047d57f2-4d14-45de-aa98-336c6f583750	pooled	unknown	normal	737.0	2.0	1.0600227	2.5428474	0.0	0.0	0.040059064	0.0	0.0	0.14730722
2986	vascular associated smooth muscle cell	047d57f2-4d14-45de-aa98-336c6f583750	pooled	unknown	normal	334.0	3.0	1.738142	3.0151484	0.0	0.0	0.008456574	0.0	0.0	0.06753602
3026	vascular associated smooth muscle cell	047d57f2-4d14-45de-aa98-336c6f583750	pooled	unknown	normal	428.0	0.0	0.0	0.66792786	0.0	0.0	0.099907555	0.0	0.0	0.06273707
3032	vascular associated smooth muscle cell	047d57f2-4d14-45de-aa98-336c6f583750	pooled	unknown	normal	514.0	0.0	0.0	1.4903928	0.0	0.0	0.020505263	0.0	0.0	0.04119573
3035	vascular associated smooth muscle cell	047d57f2-4d14-45de-aa98-336c6f583750	pooled	unknown	normal	673.0	1.0	0.65629846	1.2169404	0.0	0.0	0.11182241	0.0	0.0	0.1697548
3037	vascular associated smooth muscle cell	047d57f2-4d14-45de-aa98-336c6f583750	pooled	unknown	normal	450.0	2.0	1.1490432	3.7235456	0.0	0.0	0.06634435	0.0	0.0	0.031566884
3058	vascular associated smooth muscle cell	047d57f2-4d14-45de-aa98-336c6f583750	pooled	unknown	normal	828.0	0.0	0.0	0.41728562	0.0	0.0	0.032258976	0.0	0.0	0.062190752
3060	vascular associated smooth muscle cell	047d57f2-4d14-45de-aa98-336c6f583750	pooled	unknown	normal	356.0	0.0	0.0	2.8122966	0.0	0.0	0.033792686	0.0	0.0	0.038288865
3070	vascular associated smooth muscle cell	047d57f2-4d14-45de-aa98-336c6f583750	pooled	unknown	normal	703.0	0.0	0.0	2.763038	0.0	0.0	0.01766026	0.0	0.0	0.023757976
3076	vascular associated smooth muscle cell	047d57f2-4d14-45de-aa98-336c6f583750	pooled	unknown	normal	823.0	0.0	0.0	2.4693072	0.0	0.0	0.029832479	0.0	0.0	0.046192247
3084	vascular associated smooth muscle cell	047d57f2-4d14-45de-aa98-336c6f583750	pooled	unknown	normal	386.0	0.0	0.0	3.2067544	0.0	0.0	0.00813339	0.0	0.0	0.026658803
3085	vascular associated smooth muscle cell	047d57f2-4d14-45de-aa98-336c6f583750	pooled	unknown	normal	904.0	0.0	0.0	1.3255877	0.0	0.0	0.09247408	0.0	0.0	0.109421
3087	vascular associated smooth muscle cell	047d57f2-4d14-45de-aa98-336c6f583750	pooled	unknown	normal	347.0	0.0	0.0	3.4198112	0.0	0.0	0.019496093	0.0	0.0	0.05572843
3090	vascular associated smooth muscle cell	047d57f2-4d14-45de-aa98-336c6f583750	pooled	unknown	normal	570.0	2.0	1.0973473	3.0444632	0.0	0.0	0.024597256	0.0	0.0	0.04200709
3097	vascular associated smooth muscle cell	047d57f2-4d14-45de-aa98-336c6f583750	pooled	unknown	normal	836.0	1.0	0.46049842	1.5656959	0.0	0.0	0.08000613	0.0	0.0	0.07211746
3100	vascular associated smooth muscle cell	047d57f2-4d14-45de-aa98-336c6f583750	pooled	unknown	normal	577.0	0.0	0.0	1.2281331	0.0	0.0	0.027601145	0.0	0.0	0.01616685
3134	vascular associated smooth muscle cell	047d57f2-4d14-45de-aa98-336c6f583750	pooled	unknown	normal	665.0	0.0	0.0	2.2158487	0.0	0.0	0.07177975	0.0	0.0	0.07358802
3136	vascular associated smooth muscle cell	047d57f2-4d14-45de-aa98-336c6f583750	pooled	unknown	normal	305.0	0.0	0.0	1.3536518	0.0	0.0	0.030133594	0.0	0.0	0.018519426
3145	vascular associated smooth muscle cell	047d57f2-4d14-45de-aa98-336c6f583750	pooled	unknown	normal	364.0	2.0	1.3781006	2.6336436	0.0	0.0	0.016650328	0.0	0.0	0.07852332
3167	vascular associated smooth muscle cell	047d57f2-4d14-45de-aa98-336c6f583750	pooled	unknown	normal	291.0	0.0	0.0	2.1756868	0.0	0.0	0.037512083	1.0	1.0697355	0.030259542
3169	vascular associated smooth muscle cell	047d57f2-4d14-45de-aa98-336c6f583750	pooled	unknown	normal	713.0	3.0	1.3429837	3.5204556	0.0	0.0	0.016462142	0.0	0.0	0.045468584
3171	vascular associated smooth muscle cell	047d57f2-4d14-45de-aa98-336c6f583750	pooled	unknown	normal	630.0	4.0	1.7370484	2.9882557	0.0	0.0	0.015126296	0.0	0.0	0.026312312
3176	vascular associated smooth muscle cell	047d57f2-4d14-45de-aa98-336c6f583750	pooled	unknown	normal	371.0	0.0	0.0	3.327935	0.0	0.0	0.014529992	0.0	0.0	0.032065675
3193	vascular associated smooth muscle cell	047d57f2-4d14-45de-aa98-336c6f583750	pooled	unknown	normal	265.0	1.0	1.0130827	2.5133195	0.0	0.0	0.033889443	0.0	0.0	0.014080908
3282	vascular associated smooth muscle cell	047d57f2-4d14-45de-aa98-336c6f583750	pooled	unknown	normal	480.0	1.0	0.8701829	2.696423	0.0	0.0	0.036811322	0.0	0.0	0.012724545
3290	vascular associated smooth muscle cell	047d57f2-4d14-45de-aa98-336c6f583750	pooled	unknown	normal	407.0	0.0	0.0	0.99294317	0.0	0.0	0.03600786	0.0	0.0	0.075278014
3304	vascular associated smooth muscle cell	047d57f2-4d14-45de-aa98-336c6f583750	pooled	unknown	normal	875.0	0.0	0.0	2.935048	0.0	0.0	0.026124919	0.0	0.0	0.047181576
3320	vascular associated smooth muscle cell	047d57f2-4d14-45de-aa98-336c6f583750	pooled	unknown	normal	528.0	0.0	0.0	2.8578458	0.0	0.0	0.023564806	0.0	0.0	0.031517774
3323	vascular associated smooth muscle cell	047d57f2-4d14-45de-aa98-336c6f583750	pooled	unknown	normal	452.0	0.0	0.0	0.4521059	0.0	0.0	0.018317979	0.0	0.0	0.010070355
3345	vascular associated smooth muscle cell	047d57f2-4d14-45de-aa98-336c6f583750	pooled	unknown	normal	404.0	1.0	0.8334465	1.8575379	0.0	0.0	0.07070838	0.0	0.0	0.054653853
3355	vascular associated smooth muscle cell	047d57f2-4d14-45de-aa98-336c6f583750	pooled	unknown	normal	415.0	0.0	0.0	1.5610727	0.0	0.0	0.031829428	0.0	0.0	0.016452923
3400	vascular associated smooth muscle cell	047d57f2-4d14-45de-aa98-336c6f583750	pooled	unknown	normal	646.0	0.0	0.0	0.4369262	0.0	0.0	0.013046334	0.0	0.0	0.0066903876
3401	vascular associated smooth muscle cell	047d57f2-4d14-45de-aa98-336c6f583750	pooled	unknown	normal	596.0	1.0	0.7493259	2.7948558	0.0	0.0	0.03137663	0.0	0.0	0.025748927
3417	vascular associated smooth muscle cell	047d57f2-4d14-45de-aa98-336c6f583750	pooled	unknown	normal	454.0	0.0	0.0	3.1232839	0.0	0.0	0.012993718	0.0	0.0	0.041586593
3450	vascular associated smooth muscle cell	047d57f2-4d14-45de-aa98-336c6f583750	pooled	unknown	normal	218.0	0.0	0.0	0.2080795	0.0	0.0	0.053210355	0.0	0.0	0.02026725
3457	vascular associated smooth muscle cell	047d57f2-4d14-45de-aa98-336c6f583750	pooled	unknown	normal	451.0	0.0	0.0	0.5815084	0.0	0.0	0.026552152	0.0	0.0	0.024618838
3466	vascular associated smooth muscle cell	047d57f2-4d14-45de-aa98-336c6f583750	pooled	unknown	normal	455.0	0.0	0.0	0.6436358	0.0	0.0	0.017786274	0.0	0.0	0.094937
3482	vascular associated smooth muscle cell	047d57f2-4d14-45de-aa98-336c6f583750	pooled	unknown	normal	379.0	0.0	0.0	0.4000813	0.0	0.0	0.03730589	0.0	0.0	0.041619338
3487	vascular associated smooth muscle cell	047d57f2-4d14-45de-aa98-336c6f583750	pooled	unknown	normal	731.0	0.0	0.0	1.6377085	0.0	0.0	0.020982629	0.0	0.0	0.103489056
3492	vascular associated smooth muscle cell	047d57f2-4d14-45de-aa98-336c6f583750	pooled	unknown	normal	279.0	1.0	1.019268	1.093112	0.0	0.0	0.031298216	0.0	0.0	0.019365398
3493	vascular associated smooth muscle cell	047d57f2-4d14-45de-aa98-336c6f583750	pooled	unknown	normal	299.0	0.0	0.0	0.4804756	0.0	0.0	0.007988408	0.0	0.0	0.016694065
3497	vascular associated smooth muscle cell	047d57f2-4d14-45de-aa98-336c6f583750	pooled	unknown	normal	199.0	0.0	0.0	2.4725657	0.0	0.0	0.028510835	0.0	0.0	0.04041331
3508	vascular associated smooth muscle cell	047d57f2-4d14-45de-aa98-336c6f583750	pooled	unknown	normal	561.0	0.0	0.0	0.12469301	0.0	0.0	0.005026015	0.0	0.0	0.024795817
3513	vascular associated smooth muscle cell	047d57f2-4d14-45de-aa98-336c6f583750	pooled	unknown	normal	453.0	0.0	0.0	0.06263238	0.0	0.0	0.005202199	0.0	0.0	0.014681334
3529	vascular associated smooth muscle cell	047d57f2-4d14-45de-aa98-336c6f583750	pooled	unknown	normal	837.0	2.0	1.064357	1.5947152	0.0	0.0	0.020092774	0.0	0.0	0.01601425
3548	vascular associated smooth muscle cell	047d57f2-4d14-45de-aa98-336c6f583750	pooled	unknown	normal	195.0	0.0	0.0	1.4112647	0.0	0.0	0.04196144	0.0	0.0	0.12238784
3550	vascular associated smooth muscle cell	047d57f2-4d14-45de-aa98-336c6f583750	pooled	unknown	normal	922.0	0.0	0.0	0.1507567	0.0	0.0	0.09602827	0.0	0.0	0.07500594
3551	vascular associated smooth muscle cell	047d57f2-4d14-45de-aa98-336c6f583750	pooled	unknown	normal	519.0	0.0	0.0	0.26504195	0.0	0.0	0.010933021	0.0	0.0	0.02312706
3552	vascular associated smooth muscle cell	047d57f2-4d14-45de-aa98-336c6f583750	pooled	unknown	normal	371.0	0.0	0.0	0.14779411	0.0	0.0	0.0176636	0.0	0.0	0.019054001
3558	vascular associated smooth muscle cell	047d57f2-4d14-45de-aa98-336c6f583750	pooled	unknown	normal	541.0	0.0	0.0	0.44337723	0.0	0.0	0.0116035985	0.0	0.0	0.03176095
3570	vascular associated smooth muscle cell	047d57f2-4d14-45de-aa98-336c6f583750	pooled	unknown	normal	173.0	0.0	0.0	0.4984726	0.0	0.0	0.039897844	0.0	0.0	0.0061023235
3583	vascular associated smooth muscle cell	047d57f2-4d14-45de-aa98-336c6f583750	pooled	unknown	normal	537.0	0.0	0.0	0.079674765	0.0	0.0	0.0031193485	0.0	0.0	0.011526972
3619	vascular associated smooth muscle cell	047d57f2-4d14-45de-aa98-336c6f583750	pooled	unknown	normal	308.0	0.0	0.0	1.7055585	0.0	0.0	0.02614388	0.0	0.0	0.02068085
3626	vascular associated smooth muscle cell	047d57f2-4d14-45de-aa98-336c6f583750	pooled	unknown	normal	358.0	0.0	0.0	0.5690394	0.0	0.0	0.070001826	0.0	0.0	0.09263329
3635	vascular associated smooth muscle cell	047d57f2-4d14-45de-aa98-336c6f583750	pooled	unknown	normal	600.0	0.0	0.0	1.880025	0.0	0.0	0.014353397	0.0	0.0	0.021071611
3645	vascular associated smooth muscle cell	047d57f2-4d14-45de-aa98-336c6f583750	pooled	unknown	normal	371.0	0.0	0.0	0.85565877	0.0	0.0	0.025934076	0.0	0.0	0.12480622
3651	vascular associated smooth muscle cell	047d57f2-4d14-45de-aa98-336c6f583750	pooled	unknown	normal	560.0	0.0	0.0	0.73294026	0.0	0.0	0.013049439	0.0	0.0	0.007392639
3658	vascular associated smooth muscle cell	047d57f2-4d14-45de-aa98-336c6f583750	pooled	unknown	normal	302.0	0.0	0.0	0.36541018	0.0	0.0	0.05049896	0.0	0.0	0.0040900675
3675	vascular associated smooth muscle cell	047d57f2-4d14-45de-aa98-336c6f583750	pooled	unknown	normal	303.0	0.0	0.0	0.18014471	0.0	0.0	0.0054624616	0.0	0.0	0.019984929
3694	vascular associated smooth muscle cell	047d57f2-4d14-45de-aa98-336c6f583750	pooled	unknown	normal	346.0	0.0	0.0	0.080439985	0.0	0.0	0.0041635046	0.0	0.0	0.01928716
3695	vascular associated smooth muscle cell	047d57f2-4d14-45de-aa98-336c6f583750	pooled	unknown	normal	402.0	2.0	1.4065048	0.96789646	0.0	0.0	0.041737545	0.0	0.0	0.036877427
3720	vascular associated smooth muscle cell	047d57f2-4d14-45de-aa98-336c6f583750	pooled	unknown	normal	558.0	0.0	0.0	1.5546068	0.0	0.0	0.014559569	0.0	0.0	0.043031894
3726	vascular associated smooth muscle cell	047d57f2-4d14-45de-aa98-336c6f583750	pooled	unknown	normal	674.0	0.0	0.0	0.90748984	0.0	0.0	0.026924022	0.0	0.0	0.07310202
3742	vascular associated smooth muscle cell	047d57f2-4d14-45de-aa98-336c6f583750	pooled	unknown	normal	301.0	0.0	0.0	0.5076028	0.0	0.0	0.06301251	0.0	0.0	0.028902503
3743	vascular associated smooth muscle cell	047d57f2-4d14-45de-aa98-336c6f583750	pooled	unknown	normal	547.0	4.0	1.8434726	2.4731848	0.0	0.0	0.012386242	0.0	0.0	0.11231554
3744	vascular associated smooth muscle cell	047d57f2-4d14-45de-aa98-336c6f583750	pooled	unknown	normal	313.0	0.0	0.0	0.3585761	0.0	0.0	0.008419997	0.0	0.0	0.008748173
3751	vascular associated smooth muscle cell	047d57f2-4d14-45de-aa98-336c6f583750	pooled	unknown	normal	408.0	0.0	0.0	0.5952363	0.0	0.0	0.0390493	0.0	0.0	0.27647677
3772	vascular associated smooth muscle cell	047d57f2-4d14-45de-aa98-336c6f583750	pooled	unknown	normal	384.0	0.0	0.0	0.55070776	0.0	0.0	0.011037425	0.0	0.0	0.012473376
3782	vascular associated smooth muscle cell	047d57f2-4d14-45de-aa98-336c6f583750	pooled	unknown	normal	257.0	0.0	0.0	0.22735925	0.0	0.0	0.015682764	0.0	0.0	0.0012091531
3809	vascular associated smooth muscle cell	047d57f2-4d14-45de-aa98-336c6f583750	pooled	unknown	normal	424.0	0.0	0.0	0.23197256	0.0	0.0	0.007360719	0.0	0.0	0.012559916
3811	vascular associated smooth muscle cell	047d57f2-4d14-45de-aa98-336c6f583750	pooled	unknown	normal	780.0	0.0	0.0	0.12398584	0.0	0.0	0.0141426865	0.0	0.0	0.040989153
3812	vascular associated smooth muscle cell	047d57f2-4d14-45de-aa98-336c6f583750	pooled	unknown	normal	401.0	0.0	0.0	0.24760412	0.0	0.0	0.012490739	0.0	0.0	0.010659096
3814	vascular associated smooth muscle cell	047d57f2-4d14-45de-aa98-336c6f583750	pooled	unknown	normal	718.0	0.0	0.0	0.33635095	0.0	0.0	0.028286336	0.0	0.0	0.025484495
3818	vascular associated smooth muscle cell	047d57f2-4d14-45de-aa98-336c6f583750	pooled	unknown	normal	564.0	0.0	0.0	0.29161373	0.0	0.0	0.0075236	0.0	0.0	0.025700958
3827	vascular associated smooth muscle cell	047d57f2-4d14-45de-aa98-336c6f583750	pooled	unknown	normal	472.0	0.0	0.0	0.24875578	0.0	0.0	0.0071187043	0.0	0.0	0.0065474827
3839	vascular associated smooth muscle cell	047d57f2-4d14-45de-aa98-336c6f583750	pooled	unknown	normal	763.0	0.0	0.0	0.2609655	0.0	0.0	0.0029370806	0.0	0.0	0.0060638236
3850	vascular associated smooth muscle cell	047d57f2-4d14-45de-aa98-336c6f583750	pooled	unknown	normal	259.0	1.0	1.2866247	0.6170927	0.0	0.0	0.06488186	0.0	0.0	0.21179292
3854	vascular associated smooth muscle cell	047d57f2-4d14-45de-aa98-336c6f583750	pooled	unknown	normal	504.0	0.0	0.0	0.2676339	0.0	0.0	0.0077890647	0.0	0.0	0.005240557
3871	vascular associated smooth muscle cell	047d57f2-4d14-45de-aa98-336c6f583750	pooled	unknown	normal	377.0	4.0	1.9150145	3.150745	0.0	0.0	0.01304455	1.0	0.8947644	0.11846221
3874	vascular associated smooth muscle cell	047d57f2-4d14-45de-aa98-336c6f583750	pooled	unknown	normal	610.0	0.0	0.0	0.14773822	0.0	0.0	0.03560011	0.0	0.0	0.08607144
3877	vascular associated smooth muscle cell	047d57f2-4d14-45de-aa98-336c6f583750	pooled	unknown	normal	391.0	1.0	0.99629664	1.5487863	0.0	0.0	0.014348774	0.0	0.0	0.0240374
3892	vascular associated smooth muscle cell	047d57f2-4d14-45de-aa98-336c6f583750	pooled	unknown	normal	538.0	0.0	0.0	0.1154941	0.0	0.0	0.009507229	0.0	0.0	0.03518836
3895	vascular associated smooth muscle cell	047d57f2-4d14-45de-aa98-336c6f583750	pooled	unknown	normal	502.0	0.0	0.0	0.1381507	0.0	0.0	0.004705078	0.0	0.0	0.015637262
3921	vascular associated smooth muscle cell	047d57f2-4d14-45de-aa98-336c6f583750	pooled	unknown	normal	362.0	0.0	0.0	0.7094769	0.0	0.0	0.018231634	0.0	0.0	0.009331712
3942	vascular associated smooth muscle cell	047d57f2-4d14-45de-aa98-336c6f583750	pooled	unknown	normal	355.0	0.0	0.0	1.1904277	0.0	0.0	0.031447064	0.0	0.0	0.045689493
3960	vascular associated smooth muscle cell	047d57f2-4d14-45de-aa98-336c6f583750	pooled	unknown	normal	389.0	0.0	0.0	0.09479642	0.0	0.0	0.005648763	0.0	0.0	0.0064279325
3970	vascular associated smooth muscle cell	047d57f2-4d14-45de-aa98-336c6f583750	pooled	unknown	normal	366.0	1.0	1.1269976	2.461308	0.0	0.0	0.0064582415	0.0	0.0	0.023888206
3989	vascular associated smooth muscle cell	047d57f2-4d14-45de-aa98-336c6f583750	pooled	unknown	normal	603.0	0.0	0.0	0.24294008	0.0	0.0	0.006917176	0.0	0.0	0.015027157
4003	vascular associated smooth muscle cell	047d57f2-4d14-45de-aa98-336c6f583750	pooled	unknown	normal	353.0	0.0	0.0	0.16879952	0.0	0.0	0.011606925	0.0	0.0	0.008781634
4018	vascular associated smooth muscle cell	047d57f2-4d14-45de-aa98-336c6f583750	pooled	unknown	normal	369.0	0.0	0.0	0.1843116	0.0	0.0	0.061476078	0.0	0.0	0.019695487
4020	vascular associated smooth muscle cell	047d57f2-4d14-45de-aa98-336c6f583750	pooled	unknown	normal	395.0	0.0	0.0	0.09592237	0.0	0.0	0.008225265	0.0	0.0	0.0022504113
4022	vascular associated smooth muscle cell	047d57f2-4d14-45de-aa98-336c6f583750	pooled	unknown	normal	713.0	0.0	0.0	0.4376746	0.0	0.0	0.011781392	0.0	0.0	0.10248666
4027	vascular associated smooth muscle cell	047d57f2-4d14-45de-aa98-336c6f583750	pooled	unknown	normal	467.0	0.0	0.0	0.42294922	0.0	0.0	0.005516787	0.0	0.0	0.010811815
4048	vascular associated smooth muscle cell	047d57f2-4d14-45de-aa98-336c6f583750	pooled	unknown	normal	778.0	0.0	0.0	0.10479043	0.0	0.0	0.0029140196	0.0	0.0	0.04028546
4053	vascular associated smooth muscle cell	047d57f2-4d14-45de-aa98-336c6f583750	pooled	unknown	normal	521.0	0.0	0.0	0.16693032	0.0	0.0	0.009216468	0.0	0.0	0.020778628
4056	vascular associated smooth muscle cell	047d57f2-4d14-45de-aa98-336c6f583750	pooled	unknown	normal	460.0	0.0	0.0	0.25729498	0.0	0.0	0.01131463	0.0	0.0	0.05364283
4057	vascular associated smooth muscle cell	047d57f2-4d14-45de-aa98-336c6f583750	pooled	unknown	normal	1688.0	0.0	0.0	0.17927787	0.0	0.0	0.0022128376	0.0	0.0	0.0021285606
4068	vascular associated smooth muscle cell	047d57f2-4d14-45de-aa98-336c6f583750	pooled	unknown	normal	260.0	0.0	0.0	1.5889387	0.0	0.0	0.02460851	0.0	0.0	0.05128327
4070	vascular associated smooth muscle cell	047d57f2-4d14-45de-aa98-336c6f583750	pooled	unknown	normal	274.0	1.0	1.2372675	1.6166058	0.0	0.0	0.01578698	0.0	0.0	0.02892915
4073	vascular associated smooth muscle cell	047d57f2-4d14-45de-aa98-336c6f583750	pooled	unknown	normal	415.0	0.0	0.0	0.6619537	0.0	0.0	0.015008941	0.0	0.0	0.026777197
4077	vascular associated smooth muscle cell	047d57f2-4d14-45de-aa98-336c6f583750	pooled	unknown	normal	198.0	0.0	0.0	2.7457535	0.0	0.0	0.022213364	0.0	0.0	0.022097325
4078	vascular associated smooth muscle cell	047d57f2-4d14-45de-aa98-336c6f583750	pooled	unknown	normal	587.0	2.0	1.3558826	3.0276697	0.0	0.0	0.007410673	0.0	0.0	0.018387003
4092	vascular associated smooth muscle cell	047d57f2-4d14-45de-aa98-336c6f583750	pooled	unknown	normal	1002.0	2.0	0.9438509	0.6321516	0.0	0.0	0.08426404	0.0	0.0	0.12259088
4107	vascular associated smooth muscle cell	047d57f2-4d14-45de-aa98-336c6f583750	pooled	unknown	normal	497.0	0.0	0.0	1.7349555	0.0	0.0	0.01605936	0.0	0.0	0.085322574
4125	vascular associated smooth muscle cell	047d57f2-4d14-45de-aa98-336c6f583750	pooled	unknown	normal	419.0	0.0	0.0	1.7141144	0.0	0.0	0.01495596	0.0	0.0	0.029896604
4140	vascular associated smooth muscle cell	047d57f2-4d14-45de-aa98-336c6f583750	pooled	unknown	normal	412.0	0.0	0.0	1.9386109	0.0	0.0	0.022899708	0.0	0.0	0.017368913
4177	vascular associated smooth muscle cell	047d57f2-4d14-45de-aa98-336c6f583750	pooled	unknown	normal	629.0	0.0	0.0	0.23620531	0.0	0.0	0.008717253	0.0	0.0	0.008895651
4186	vascular associated smooth muscle cell	047d57f2-4d14-45de-aa98-336c6f583750	pooled	unknown	normal	798.0	0.0	0.0	0.10134629	0.0	0.0	0.13920535	0.0	0.0	0.024029847
4188	vascular associated smooth muscle cell	047d57f2-4d14-45de-aa98-336c6f583750	pooled	unknown	normal	844.0	0.0	0.0	0.3156085	0.0	0.0	0.009272138	0.0	0.0	0.016196651
4189	vascular associated smooth muscle cell	047d57f2-4d14-45de-aa98-336c6f583750	pooled	unknown	normal	416.0	0.0	0.0	0.956707	0.0	0.0	0.023660708	0.0	0.0	0.10877977
4192	vascular associated smooth muscle cell	047d57f2-4d14-45de-aa98-336c6f583750	pooled	unknown	normal	374.0	0.0	0.0	0.13682504	0.0	0.0	0.13118207	0.0	0.0	0.572904
4204	vascular associated smooth muscle cell	047d57f2-4d14-45de-aa98-336c6f583750	pooled	unknown	normal	291.0	0.0	0.0	0.87190557	0.0	0.0	0.013172009	0.0	0.0	0.03694381
4206	vascular associated smooth muscle cell	047d57f2-4d14-45de-aa98-336c6f583750	pooled	unknown	normal	406.0	0.0	0.0	1.6152608	0.0	0.0	0.014277337	0.0	0.0	0.13003139
4207	vascular associated smooth muscle cell	047d57f2-4d14-45de-aa98-336c6f583750	pooled	unknown	normal	234.0	0.0	0.0	0.362646	0.0	0.0	0.023456007	0.0	0.0	0.033220895
4208	vascular associated smooth muscle cell	047d57f2-4d14-45de-aa98-336c6f583750	pooled	unknown	normal	483.0	0.0	0.0	0.4522991	0.0	0.0	0.074501224	0.0	0.0	0.05335731
4225	vascular associated smooth muscle cell	047d57f2-4d14-45de-aa98-336c6f583750	pooled	unknown	normal	499.0	0.0	0.0	0.36120096	0.0	0.0	0.06475357	0.0	0.0	0.4106246
4229	vascular associated smooth muscle cell	047d57f2-4d14-45de-aa98-336c6f583750	pooled	unknown	normal	325.0	1.0	1.3020046	0.51191986	0.0	0.0	0.011082646	0.0	0.0	0.0025119265
4233	vascular associated smooth muscle cell	047d57f2-4d14-45de-aa98-336c6f583750	pooled	unknown	normal	336.0	0.0	0.0	0.12893216	0.0	0.0	0.00707163	0.0	0.0	0.015416904
4234	vascular associated smooth muscle cell	047d57f2-4d14-45de-aa98-336c6f583750	pooled	unknown	normal	486.0	0.0	0.0	0.39674592	0.0	0.0	0.0062291105	0.0	0.0	0.012287312
4243	vascular associated smooth muscle cell	047d57f2-4d14-45de-aa98-336c6f583750	pooled	unknown	normal	877.0	1.0	0.6598449	0.6025035	0.0	0.0	0.0073090843	0.0	0.0	0.06440632
4257	vascular associated smooth muscle cell	047d57f2-4d14-45de-aa98-336c6f583750	pooled	unknown	normal	314.0	0.0	0.0	0.5420166	0.0	0.0	0.043398757	0.0	0.0	0.010589273
4263	vascular associated smooth muscle cell	047d57f2-4d14-45de-aa98-336c6f583750	pooled	unknown	normal	463.0	0.0	0.0	1.405763	0.0	0.0	0.037238836	0.0	0.0	0.02447052
4277	vascular associated smooth muscle cell	047d57f2-4d14-45de-aa98-336c6f583750	pooled	unknown	normal	270.0	0.0	0.0	1.3113348	0.0	0.0	0.013420658	0.0	0.0	0.00943392
4296	vascular associated smooth muscle cell	047d57f2-4d14-45de-aa98-336c6f583750	pooled	unknown	normal	375.0	0.0	0.0	0.3872747	0.0	0.0	0.01403916	0.0	0.0	0.008663876
4321	vascular associated smooth muscle cell	047d57f2-4d14-45de-aa98-336c6f583750	pooled	unknown	normal	552.0	0.0	0.0	0.4941122	0.0	0.0	0.009181946	0.0	0.0	0.023239529
4336	vascular associated smooth muscle cell	047d57f2-4d14-45de-aa98-336c6f583750	pooled	unknown	normal	229.0	0.0	0.0	0.6538215	0.0	0.0	0.016463336	0.0	0.0	0.031367015
4342	vascular associated smooth muscle cell	047d57f2-4d14-45de-aa98-336c6f583750	pooled	unknown	normal	307.0	0.0	0.0	2.4568844	0.0	0.0	0.0134482365	0.0	0.0	0.04469109
4347	vascular associated smooth muscle cell	047d57f2-4d14-45de-aa98-336c6f583750	pooled	unknown	normal	308.0	0.0	0.0	0.24961899	0.0	0.0	0.030069876	0.0	0.0	0.05133684
4374	vascular associated smooth muscle cell	047d57f2-4d14-45de-aa98-336c6f583750	pooled	unknown	normal	835.0	0.0	0.0	1.0233583	0.0	0.0	0.005867161	0.0	0.0	0.009653108
4378	vascular associated smooth muscle cell	047d57f2-4d14-45de-aa98-336c6f583750	pooled	unknown	normal	564.0	0.0	0.0	0.08422135	0.0	0.0	0.0042817104	0.0	0.0	0.009824885
4389	vascular associated smooth muscle cell	047d57f2-4d14-45de-aa98-336c6f583750	pooled	unknown	normal	386.0	0.0	0.0	0.25668952	0.0	0.0	0.041198246	0.0	0.0	0.08695261
4394	vascular associated smooth muscle cell	047d57f2-4d14-45de-aa98-336c6f583750	pooled	unknown	normal	1155.0	5.0	1.6048458	0.5552827	0.0	0.0	0.03899896	1.0	0.5852381	0.018676024
4396	vascular associated smooth muscle cell	047d57f2-4d14-45de-aa98-336c6f583750	pooled	unknown	normal	393.0	1.0	1.0367963	2.23423	0.0	0.0	0.011451096	0.0	0.0	0.04081508
4398	vascular associated smooth muscle cell	047d57f2-4d14-45de-aa98-336c6f583750	pooled	unknown	normal	468.0	0.0	0.0	1.2942296	0.0	0.0	0.014861957	0.0	0.0	0.022390153
4401	vascular associated smooth muscle cell	047d57f2-4d14-45de-aa98-336c6f583750	pooled	unknown	normal	332.0	0.0	0.0	0.89172184	0.0	0.0	0.017480657	0.0	0.0	0.047244996
4404	vascular associated smooth muscle cell	047d57f2-4d14-45de-aa98-336c6f583750	pooled	unknown	normal	352.0	0.0	0.0	0.48716545	0.0	0.0	0.043508254	0.0	0.0	0.17276746
4409	vascular associated smooth muscle cell	047d57f2-4d14-45de-aa98-336c6f583750	pooled	unknown	normal	749.0	0.0	0.0	0.041235585	0.0	0.0	0.21299763	0.0	0.0	0.051047716
4410	vascular associated smooth muscle cell	047d57f2-4d14-45de-aa98-336c6f583750	pooled	unknown	normal	625.0	0.0	0.0	1.5072502	0.0	0.0	0.016211346	0.0	0.0	0.022803215
4418	vascular associated smooth muscle cell	047d57f2-4d14-45de-aa98-336c6f583750	pooled	unknown	normal	544.0	0.0	0.0	0.8726043	0.0	0.0	0.011276827	0.0	0.0	0.028123775
4425	vascular associated smooth muscle cell	047d57f2-4d14-45de-aa98-336c6f583750	pooled	unknown	normal	592.0	0.0	0.0	0.1810677	0.0	0.0	0.007869275	0.0	0.0	0.02520674
4426	vascular associated smooth muscle cell	047d57f2-4d14-45de-aa98-336c6f583750	pooled	unknown	normal	368.0	0.0	0.0	1.0363951	0.0	0.0	0.045122832	0.0	0.0	0.15701796
4430	vascular associated smooth muscle cell	047d57f2-4d14-45de-aa98-336c6f583750	pooled	unknown	normal	338.0	0.0	0.0	1.7202063	0.0	0.0	0.07833563	0.0	0.0	0.04443044
4467	vascular associated smooth muscle cell	047d57f2-4d14-45de-aa98-336c6f583750	pooled	unknown	normal	464.0	0.0	0.0	0.21252613	0.0	0.0	0.00977478	0.0	0.0	0.008687265
4470	vascular associated smooth muscle cell	047d57f2-4d14-45de-aa98-336c6f583750	pooled	unknown	normal	487.0	0.0	0.0	0.6973917	0.0	0.0	0.030627912	0.0	0.0	0.034721922
4483	vascular associated smooth muscle cell	047d57f2-4d14-45de-aa98-336c6f583750	pooled	unknown	normal	420.0	0.0	0.0	1.4751813	0.0	0.0	0.014455754	0.0	0.0	0.07741832
4486	vascular associated smooth muscle cell	047d57f2-4d14-45de-aa98-336c6f583750	pooled	unknown	normal	514.0	0.0	0.0	0.37735844	0.0	0.0	0.018740786	0.0	0.0	0.014976951
4493	vascular associated smooth muscle cell	047d57f2-4d14-45de-aa98-336c6f583750	pooled	unknown	normal	536.0	1.0	0.9478004	1.352715	0.0	0.0	0.015815016	0.0	0.0	0.0189313
4521	vascular associated smooth muscle cell	047d57f2-4d14-45de-aa98-336c6f583750	pooled	unknown	normal	299.0	1.0	1.1294008	2.5825474	0.0	0.0	0.022942385	0.0	0.0	0.13847154
4537	vascular associated smooth muscle cell	047d57f2-4d14-45de-aa98-336c6f583750	pooled	unknown	normal	476.0	1.0	0.9227897	0.1274365	0.0	0.0	0.0069543747	0.0	0.0	0.00682494
4538	vascular associated smooth muscle cell	047d57f2-4d14-45de-aa98-336c6f583750	pooled	unknown	normal	599.0	0.0	0.0	0.23173246	0.0	0.0	0.007883586	0.0	0.0	0.043039132
4550	vascular associated smooth muscle cell	047d57f2-4d14-45de-aa98-336c6f583750	pooled	unknown	normal	314.0	0.0	0.0	1.4464729	0.0	0.0	0.054480486	0.0	0.0	0.044902522
4570	vascular associated smooth muscle cell	047d57f2-4d14-45de-aa98-336c6f583750	pooled	unknown	normal	271.0	0.0	0.0	2.305393	0.0	0.0	0.011872311	0.0	0.0	0.0227344
4587	vascular associated smooth muscle cell	047d57f2-4d14-45de-aa98-336c6f583750	pooled	unknown	normal	398.0	0.0	0.0	0.8173851	0.0	0.0	0.012055263	0.0	0.0	0.020217307
4591	vascular associated smooth muscle cell	047d57f2-4d14-45de-aa98-336c6f583750	pooled	unknown	normal	417.0	0.0	0.0	0.4046347	0.0	0.0	0.055149175	0.0	0.0	0.024737887
4601	vascular associated smooth muscle cell	047d57f2-4d14-45de-aa98-336c6f583750	pooled	unknown	normal	253.0	0.0	0.0	0.1638621	0.0	0.0	0.0067729745	0.0	0.0	0.071228
4612	vascular associated smooth muscle cell	047d57f2-4d14-45de-aa98-336c6f583750	pooled	unknown	normal	368.0	0.0	0.0	1.7262865	0.0	0.0	0.027461456	0.0	0.0	0.36561996
4614	vascular associated smooth muscle cell	047d57f2-4d14-45de-aa98-336c6f583750	pooled	unknown	normal	333.0	0.0	0.0	0.58504987	0.0	0.0	0.1118192	0.0	0.0	0.07389528
4620	vascular associated smooth muscle cell	047d57f2-4d14-45de-aa98-336c6f583750	pooled	unknown	normal	1107.0	0.0	0.0	0.17654495	0.0	0.0	0.0030828826	0.0	0.0	0.011366017
4638	vascular associated smooth muscle cell	047d57f2-4d14-45de-aa98-336c6f583750	pooled	unknown	normal	689.0	0.0	0.0	0.08223179	0.0	0.0	0.018000048	0.0	0.0	0.016745972
4672	vascular associated smooth muscle cell	047d57f2-4d14-45de-aa98-336c6f583750	pooled	unknown	normal	337.0	0.0	0.0	2.468683	0.0	0.0	0.011725183	0.0	0.0	0.0102930525
4689	vascular associated smooth muscle cell	047d57f2-4d14-45de-aa98-336c6f583750	pooled	unknown	normal	573.0	0.0	0.0	0.50955105	0.0	0.0	0.017543275	0.0	0.0	0.2154392
4693	vascular associated smooth muscle cell	047d57f2-4d14-45de-aa98-336c6f583750	pooled	unknown	normal	349.0	0.0	0.0	2.7712164	0.0	0.0	0.0053736567	0.0	0.0	0.021473018
4711	vascular associated smooth muscle cell	047d57f2-4d14-45de-aa98-336c6f583750	pooled	unknown	normal	417.0	0.0	0.0	1.1821103	0.0	0.0	0.041076228	0.0	0.0	0.04056834
4729	vascular associated smooth muscle cell	047d57f2-4d14-45de-aa98-336c6f583750	pooled	unknown	normal	676.0	0.0	0.0	2.3692522	0.0	0.0	0.016230715	0.0	0.0	0.07761882
4734	vascular associated smooth muscle cell	047d57f2-4d14-45de-aa98-336c6f583750	pooled	unknown	normal	401.0	0.0	0.0	1.9984221	0.0	0.0	0.022278586	0.0	0.0	0.043349728
4738	vascular associated smooth muscle cell	047d57f2-4d14-45de-aa98-336c6f583750	pooled	unknown	normal	658.0	2.0	1.2080247	2.6654422	0.0	0.0	0.0066498406	0.0	0.0	0.030459618
4741	vascular associated smooth muscle cell	047d57f2-4d14-45de-aa98-336c6f583750	pooled	unknown	normal	619.0	0.0	0.0	0.23518749	0.0	0.0	0.006674854	0.0	0.0	0.009011455
4742	vascular associated smooth muscle cell	047d57f2-4d14-45de-aa98-336c6f583750	pooled	unknown	normal	337.0	0.0	0.0	2.332763	0.0	0.0	0.01406511	0.0	0.0	0.08966807
4750	vascular associated smooth muscle cell	047d57f2-4d14-45de-aa98-336c6f583750	pooled	unknown	normal	496.0	0.0	0.0	0.9981066	0.0	0.0	0.024068851	0.0	0.0	0.053645406
4763	vascular associated smooth muscle cell	047d57f2-4d14-45de-aa98-336c6f583750	pooled	unknown	normal	270.0	0.0	0.0	0.4719916	0.0	0.0	0.051746275	0.0	0.0	0.046882756
4767	vascular associated smooth muscle cell	047d57f2-4d14-45de-aa98-336c6f583750	pooled	unknown	normal	700.0	0.0	0.0	0.2378566	0.0	0.0	0.03253919	0.0	0.0	0.12637317
4770	vascular associated smooth muscle cell	047d57f2-4d14-45de-aa98-336c6f583750	pooled	unknown	normal	436.0	0.0	0.0	0.43427962	0.0	0.0	0.010349389	0.0	0.0	0.018334305
4776	vascular associated smooth muscle cell	047d57f2-4d14-45de-aa98-336c6f583750	pooled	unknown	normal	213.0	0.0	0.0	0.27556556	0.0	0.0	0.030150801	0.0	0.0	0.01954784
4798	vascular associated smooth muscle cell	047d57f2-4d14-45de-aa98-336c6f583750	pooled	unknown	normal	489.0	0.0	0.0	0.3369708	0.0	0.0	0.005407328	0.0	0.0	0.037301764
4827	vascular associated smooth muscle cell	047d57f2-4d14-45de-aa98-336c6f583750	pooled	unknown	normal	890.0	0.0	0.0	0.31414804	0.0	0.0	0.121264234	0.0	0.0	0.07383034
4830	vascular associated smooth muscle cell	047d57f2-4d14-45de-aa98-336c6f583750	pooled	unknown	normal	455.0	0.0	0.0	1.3335632	0.0	0.0	0.011293346	0.0	0.0	0.08750361
4840	vascular associated smooth muscle cell	047d57f2-4d14-45de-aa98-336c6f583750	pooled	unknown	normal	332.0	1.0	1.1399956	3.0125365	0.0	0.0	0.021638853	0.0	0.0	0.029669791
4853	vascular associated smooth muscle cell	047d57f2-4d14-45de-aa98-336c6f583750	pooled	unknown	normal	303.0	0.0	0.0	0.42985535	0.0	0.0	0.013983458	0.0	0.0	0.018667547
4870	vascular associated smooth muscle cell	047d57f2-4d14-45de-aa98-336c6f583750	pooled	unknown	normal	567.0	0.0	0.0	0.2892613	0.0	0.0	0.0059558116	0.0	0.0	0.009840458
4877	vascular associated smooth muscle cell	047d57f2-4d14-45de-aa98-336c6f583750	pooled	unknown	normal	501.0	0.0	0.0	1.2115035	0.0	0.0	0.050507896	0.0	0.0	0.015444845
4884	vascular associated smooth muscle cell	047d57f2-4d14-45de-aa98-336c6f583750	pooled	unknown	normal	318.0	0.0	0.0	0.956527	0.0	0.0	0.030521415	0.0	0.0	0.019211782
4890	vascular associated smooth muscle cell	047d57f2-4d14-45de-aa98-336c6f583750	pooled	unknown	normal	901.0	0.0	0.0	0.20472588	0.0	0.0	0.11880031	0.0	0.0	0.09477085
4892	vascular associated smooth muscle cell	047d57f2-4d14-45de-aa98-336c6f583750	pooled	unknown	normal	334.0	0.0	0.0	0.25868517	0.0	0.0	0.02490595	0.0	0.0	0.0061459
4924	vascular associated smooth muscle cell	047d57f2-4d14-45de-aa98-336c6f583750	pooled	unknown	normal	955.0	0.0	0.0	0.37848407	0.0	0.0	0.02590661	0.0	0.0	0.110848
4933	vascular associated smooth muscle cell	047d57f2-4d14-45de-aa98-336c6f583750	pooled	unknown	normal	206.0	0.0	0.0	1.1224191	0.0	0.0	0.032920543	0.0	0.0	0.013071003
4936	vascular associated smooth muscle cell	047d57f2-4d14-45de-aa98-336c6f583750	pooled	unknown	normal	373.0	0.0	0.0	0.8349866	0.0	0.0	0.042166416	0.0	0.0	0.12404387
4946	vascular associated smooth muscle cell	047d57f2-4d14-45de-aa98-336c6f583750	pooled	unknown	normal	554.0	1.0	0.9090327	1.2891899	0.0	0.0	0.024219567	0.0	0.0	0.020299677
4953	vascular associated smooth muscle cell	047d57f2-4d14-45de-aa98-336c6f583750	pooled	unknown	normal	570.0	2.0	1.4934529	2.441488	0.0	0.0	0.011704572	0.0	0.0	0.01932285
4955	vascular associated smooth muscle cell	047d57f2-4d14-45de-aa98-336c6f583750	pooled	unknown	normal	479.0	0.0	0.0	2.4696183	0.0	0.0	0.015456009	0.0	0.0	0.07083352
4976	vascular associated smooth muscle cell	047d57f2-4d14-45de-aa98-336c6f583750	pooled	unknown	normal	911.0	0.0	0.0	0.26148346	0.0	0.0	0.0040260586	0.0	0.0	0.027837269
4989	vascular associated smooth muscle cell	047d57f2-4d14-45de-aa98-336c6f583750	pooled	unknown	normal	799.0	0.0	0.0	0.15306297	0.0	0.0	0.15616809	0.0	0.0	0.044004876
5025	vascular associated smooth muscle cell	047d57f2-4d14-45de-aa98-336c6f583750	pooled	unknown	normal	406.0	0.0	0.0	0.7578323	0.0	0.0	0.04359982	0.0	0.0	0.10621747
5027	vascular associated smooth muscle cell	047d57f2-4d14-45de-aa98-336c6f583750	pooled	unknown	normal	437.0	0.0	0.0	0.24948354	0.0	0.0	0.01580497	0.0	0.0	0.029285407
5041	vascular associated smooth muscle cell	047d57f2-4d14-45de-aa98-336c6f583750	pooled	unknown	normal	325.0	0.0	0.0	1.0117292	0.0	0.0	0.032418154	0.0	0.0	0.070155725
5045	vascular associated smooth muscle cell	047d57f2-4d14-45de-aa98-336c6f583750	pooled	unknown	normal	354.0	0.0	0.0	0.26314673	0.0	0.0	0.0067904484	0.0	0.0	0.009588786
5046	vascular associated smooth muscle cell	047d57f2-4d14-45de-aa98-336c6f583750	pooled	unknown	normal	488.0	0.0	0.0	2.6288838	0.0	0.0	0.0057642534	0.0	0.0	0.019169249
5047	vascular associated smooth muscle cell	047d57f2-4d14-45de-aa98-336c6f583750	pooled	unknown	normal	647.0	0.0	0.0	2.1634035	0.0	0.0	0.02704795	0.0	0.0	0.11013007
5081	vascular associated smooth muscle cell	047d57f2-4d14-45de-aa98-336c6f583750	pooled	unknown	normal	570.0	0.0	0.0	0.29867625	0.0	0.0	0.0115385335	0.0	0.0	0.013020229
5084	vascular associated smooth muscle cell	047d57f2-4d14-45de-aa98-336c6f583750	pooled	unknown	normal	603.0	0.0	0.0	0.1336838	0.0	0.0	0.0026694194	0.0	0.0	0.01458516
5090	vascular associated smooth muscle cell	047d57f2-4d14-45de-aa98-336c6f583750	pooled	unknown	normal	573.0	0.0	0.0	0.96788645	0.0	0.0	0.029955693	0.0	0.0	0.22121155
5107	vascular associated smooth muscle cell	047d57f2-4d14-45de-aa98-336c6f583750	pooled	unknown	normal	415.0	0.0	0.0	0.41044956	0.0	0.0	0.021266203	0.0	0.0	0.037084226
5110	vascular associated smooth muscle cell	047d57f2-4d14-45de-aa98-336c6f583750	pooled	unknown	normal	289.0	3.0	2.317388	2.572311	0.0	0.0	0.010862777	0.0	0.0	0.02850517
5123	vascular associated smooth muscle cell	047d57f2-4d14-45de-aa98-336c6f583750	pooled	unknown	normal	580.0	0.0	0.0	0.3458747	0.0	0.0	0.0069026845	0.0	0.0	0.034890477
5127	vascular associated smooth muscle cell	047d57f2-4d14-45de-aa98-336c6f583750	pooled	unknown	normal	565.0	0.0	0.0	0.34711215	0.0	0.0	0.01701465	0.0	0.0	0.039577633
5136	vascular associated smooth muscle cell	047d57f2-4d14-45de-aa98-336c6f583750	pooled	unknown	normal	332.0	2.0	1.6038613	1.8987523	0.0	0.0	0.048143946	0.0	0.0	0.076770656
5141	vascular associated smooth muscle cell	047d57f2-4d14-45de-aa98-336c6f583750	pooled	unknown	normal	400.0	0.0	0.0	0.2639592	0.0	0.0	0.0077768005	0.0	0.0	0.004561535
5144	vascular associated smooth muscle cell	047d57f2-4d14-45de-aa98-336c6f583750	pooled	unknown	normal	581.0	0.0	0.0	0.23039287	0.0	0.0	0.013878805	0.0	0.0	0.007897022
5154	vascular associated smooth muscle cell	047d57f2-4d14-45de-aa98-336c6f583750	pooled	unknown	normal	398.0	0.0	0.0	0.64979917	0.0	0.0	0.029470239	0.0	0.0	0.027475283
5161	vascular associated smooth muscle cell	047d57f2-4d14-45de-aa98-336c6f583750	pooled	unknown	normal	377.0	0.0	0.0	1.0736656	0.0	0.0	0.03866762	0.0	0.0	0.018149752
5197	vascular associated smooth muscle cell	047d57f2-4d14-45de-aa98-336c6f583750	pooled	unknown	normal	1092.0	0.0	0.0	0.4226794	0.0	0.0	0.14658849	0.0	0.0	0.10801372
5198	vascular associated smooth muscle cell	047d57f2-4d14-45de-aa98-336c6f583750	pooled	unknown	normal	990.0	5.0	1.5402355	1.075653	0.0	0.0	0.009991827	0.0	0.0	0.091514364
5201	vascular associated smooth muscle cell	047d57f2-4d14-45de-aa98-336c6f583750	pooled	unknown	normal	293.0	0.0	0.0	0.417212	0.0	0.0	0.0066140555	0.0	0.0	0.014888299
5205	vascular associated smooth muscle cell	047d57f2-4d14-45de-aa98-336c6f583750	pooled	unknown	normal	343.0	0.0	0.0	0.36503085	0.0	0.0	0.014562137	0.0	0.0	0.0037805066
5219	vascular associated smooth muscle cell	047d57f2-4d14-45de-aa98-336c6f583750	pooled	unknown	normal	412.0	0.0	0.0	0.3502596	0.0	0.0	0.018548228	0.0	0.0	0.017648166
5263	vascular associated smooth muscle cell	047d57f2-4d14-45de-aa98-336c6f583750	pooled	unknown	normal	347.0	0.0	0.0	2.5948615	0.0	0.0	0.008852015	0.0	0.0	0.020380586
5266	vascular associated smooth muscle cell	047d57f2-4d14-45de-aa98-336c6f583750	pooled	unknown	normal	503.0	0.0	0.0	0.16911124	0.0	0.0	0.1341803	0.0	0.0	0.075997874
5276	vascular associated smooth muscle cell	047d57f2-4d14-45de-aa98-336c6f583750	pooled	unknown	normal	399.0	0.0	0.0	1.2011838	0.0	0.0	0.02477393	0.0	0.0	0.058732927
5285	vascular associated smooth muscle cell	047d57f2-4d14-45de-aa98-336c6f583750	pooled	unknown	normal	320.0	0.0	0.0	0.58014166	0.0	0.0	0.026665265	0.0	0.0	0.0056051444
5294	vascular associated smooth muscle cell	047d57f2-4d14-45de-aa98-336c6f583750	pooled	unknown	normal	580.0	0.0	0.0	0.2471551	0.0	0.0	0.010039343	0.0	0.0	0.017659524
5297	vascular associated smooth muscle cell	047d57f2-4d14-45de-aa98-336c6f583750	pooled	unknown	normal	650.0	0.0	0.0	0.082175255	0.0	0.0	0.01347439	0.0	0.0	0.0054012085
5302	vascular associated smooth muscle cell	047d57f2-4d14-45de-aa98-336c6f583750	pooled	unknown	normal	401.0	0.0	0.0	0.12973	0.0	0.0	0.007846403	0.0	0.0	0.14179572
5306	vascular associated smooth muscle cell	047d57f2-4d14-45de-aa98-336c6f583750	pooled	unknown	normal	374.0	0.0	0.0	0.2879672	0.0	0.0	0.013878777	0.0	0.0	0.009525669
5318	vascular associated smooth muscle cell	047d57f2-4d14-45de-aa98-336c6f583750	pooled	unknown	normal	723.0	1.0	0.70713484	0.7895496	0.0	0.0	0.08450206	0.0	0.0	0.1115799
5321	vascular associated smooth muscle cell	047d57f2-4d14-45de-aa98-336c6f583750	pooled	unknown	normal	717.0	0.0	0.0	0.16600117	0.0	0.0	0.008522126	0.0	0.0	0.04750091
5335	vascular associated smooth muscle cell	047d57f2-4d14-45de-aa98-336c6f583750	pooled	unknown	normal	706.0	0.0	0.0	0.86367726	0.0	0.0	0.012712464	0.0	0.0	0.017320553
5348	vascular associated smooth muscle cell	047d57f2-4d14-45de-aa98-336c6f583750	pooled	unknown	normal	530.0	1.0	0.81490904	0.12801702	0.0	0.0	0.009982592	0.0	0.0	0.04225228
5357	vascular associated smooth muscle cell	047d57f2-4d14-45de-aa98-336c6f583750	pooled	unknown	normal	341.0	0.0	0.0	0.5878387	0.0	0.0	0.03721519	0.0	0.0	0.02678576
5358	vascular associated smooth muscle cell	047d57f2-4d14-45de-aa98-336c6f583750	pooled	unknown	normal	466.0	0.0	0.0	0.21852	0.0	0.0	0.004109958	0.0	0.0	0.008289476
5367	vascular associated smooth muscle cell	047d57f2-4d14-45de-aa98-336c6f583750	pooled	unknown	normal	285.0	0.0	0.0	0.24855945	0.0	0.0	0.009527986	0.0	0.0	0.012109841
5418	vascular associated smooth muscle cell	047d57f2-4d14-45de-aa98-336c6f583750	pooled	unknown	normal	282.0	0.0	0.0	0.6245829	0.0	0.0	0.038456928	0.0	0.0	0.0044053476
5428	vascular associated smooth muscle cell	047d57f2-4d14-45de-aa98-336c6f583750	pooled	unknown	normal	978.0	0.0	0.0	0.19580244	0.0	0.0	0.14339009	0.0	0.0	0.08653827
5440	vascular associated smooth muscle cell	047d57f2-4d14-45de-aa98-336c6f583750	pooled	unknown	normal	452.0	0.0	0.0	0.43663886	0.0	0.0	0.0631037	0.0	0.0	0.025679033
5449	vascular associated smooth muscle cell	047d57f2-4d14-45de-aa98-336c6f583750	pooled	unknown	normal	304.0	0.0	0.0	2.160428	0.0	0.0	0.00917954	0.0	0.0	0.018280307
5469	vascular associated smooth muscle cell	047d57f2-4d14-45de-aa98-336c6f583750	pooled	unknown	normal	683.0	0.0	0.0	0.3359496	0.0	0.0	0.0044088457	0.0	0.0	0.005553663
5471	vascular associated smooth muscle cell	047d57f2-4d14-45de-aa98-336c6f583750	pooled	unknown	normal	858.0	0.0	0.0	0.20618778	0.0	0.0	0.33477443	0.0	0.0	0.3757116
5475	vascular associated smooth muscle cell	047d57f2-4d14-45de-aa98-336c6f583750	pooled	unknown	normal	581.0	0.0	0.0	0.41940895	0.0	0.0	0.0044969865	0.0	0.0	0.013215379
5483	vascular associated smooth muscle cell	047d57f2-4d14-45de-aa98-336c6f583750	pooled	unknown	normal	380.0	0.0	0.0	2.405266	0.0	0.0	0.015087105	0.0	0.0	0.03105301
5486	vascular associated smooth muscle cell	047d57f2-4d14-45de-aa98-336c6f583750	pooled	unknown	normal	530.0	0.0	0.0	0.3692916	0.0	0.0	0.01914891	0.0	0.0	0.021274086
5496	vascular associated smooth muscle cell	047d57f2-4d14-45de-aa98-336c6f583750	pooled	unknown	normal	365.0	0.0	0.0	1.1290182	0.0	0.0	0.010033478	0.0	0.0	0.04243432
5499	vascular associated smooth muscle cell	047d57f2-4d14-45de-aa98-336c6f583750	pooled	unknown	normal	569.0	0.0	0.0	1.4864074	0.0	0.0	0.010484758	0.0	0.0	0.051255304
5505	vascular associated smooth muscle cell	047d57f2-4d14-45de-aa98-336c6f583750	pooled	unknown	normal	777.0	0.0	0.0	0.26090527	0.0	0.0	0.0072030015	0.0	0.0	0.013094312
5523	vascular associated smooth muscle cell	047d57f2-4d14-45de-aa98-336c6f583750	pooled	unknown	normal	543.0	0.0	0.0	0.12142446	0.0	0.0	0.0051143104	0.0	0.0	0.03558124
5539	vascular associated smooth muscle cell	047d57f2-4d14-45de-aa98-336c6f583750	pooled	unknown	normal	353.0	0.0	0.0	0.34140736	0.0	0.0	0.02827921	0.0	0.0	0.037341576
5563	vascular associated smooth muscle cell	047d57f2-4d14-45de-aa98-336c6f583750	pooled	unknown	normal	247.0	0.0	0.0	0.64004934	0.0	0.0	0.26255587	0.0	0.0	0.21011756
5573	vascular associated smooth muscle cell	047d57f2-4d14-45de-aa98-336c6f583750	pooled	unknown	normal	571.0	0.0	0.0	0.16043992	0.0	0.0	0.010388856	0.0	0.0	0.061064478
5584	vascular associated smooth muscle cell	047d57f2-4d14-45de-aa98-336c6f583750	pooled	unknown	normal	345.0	1.0	1.1198549	2.0678942	0.0	0.0	0.042137418	0.0	0.0	0.057373904
5585	vascular associated smooth muscle cell	047d57f2-4d14-45de-aa98-336c6f583750	pooled	unknown	normal	449.0	0.0	0.0	2.3112452	0.0	0.0	0.012058861	0.0	0.0	0.0160698
5598	vascular associated smooth muscle cell	047d57f2-4d14-45de-aa98-336c6f583750	pooled	unknown	normal	238.0	0.0	0.0	0.8055177	0.0	0.0	0.026942844	0.0	0.0	0.004467134
5614	vascular associated smooth muscle cell	047d57f2-4d14-45de-aa98-336c6f583750	pooled	unknown	normal	329.0	1.0	1.0838984	0.9882006	0.0	0.0	0.024309855	0.0	0.0	0.028471276
5624	vascular associated smooth muscle cell	047d57f2-4d14-45de-aa98-336c6f583750	pooled	unknown	normal	436.0	0.0	0.0	2.4062216	0.0	0.0	0.010521466	0.0	0.0	0.0109068565
5635	vascular associated smooth muscle cell	047d57f2-4d14-45de-aa98-336c6f583750	pooled	unknown	normal	429.0	1.0	1.0246189	2.2638037	0.0	0.0	0.013692482	0.0	0.0	0.09427614
5650	vascular associated smooth muscle cell	047d57f2-4d14-45de-aa98-336c6f583750	pooled	unknown	normal	445.0	0.0	0.0	0.35387173	0.0	0.0	0.012332083	0.0	0.0	0.03832422
5656	vascular associated smooth muscle cell	047d57f2-4d14-45de-aa98-336c6f583750	pooled	unknown	normal	689.0	0.0	0.0	0.11545964	0.0	0.0	0.0033008484	0.0	0.0	0.0042640157
5658	vascular associated smooth muscle cell	047d57f2-4d14-45de-aa98-336c6f583750	pooled	unknown	normal	459.0	1.0	0.76323885	1.6428101	0.0	0.0	0.010116111	0.0	0.0	0.030483358
5663	vascular associated smooth muscle cell	047d57f2-4d14-45de-aa98-336c6f583750	pooled	unknown	normal	1014.0	0.0	0.0	0.26346916	0.0	0.0	0.009160434	0.0	0.0	0.0205159
5684	vascular associated smooth muscle cell	047d57f2-4d14-45de-aa98-336c6f583750	pooled	unknown	normal	293.0	0.0	0.0	2.6161847	0.0	0.0	0.016217709	0.0	0.0	0.0221721
5701	vascular associated smooth muscle cell	047d57f2-4d14-45de-aa98-336c6f583750	pooled	unknown	normal	778.0	0.0	0.0	0.29394794	0.0	0.0	0.15114957	0.0	0.0	0.105565056
5713	vascular associated smooth muscle cell	047d57f2-4d14-45de-aa98-336c6f583750	pooled	unknown	normal	397.0	0.0	0.0	0.114624396	0.0	0.0	0.0069659227	0.0	0.0	0.011574369
5729	vascular associated smooth muscle cell	047d57f2-4d14-45de-aa98-336c6f583750	pooled	unknown	normal	372.0	0.0	0.0	1.3114867	0.0	0.0	0.02634916	0.0	0.0	0.05936859
5739	vascular associated smooth muscle cell	047d57f2-4d14-45de-aa98-336c6f583750	pooled	unknown	normal	952.0	0.0	0.0	0.16229078	0.0	0.0	0.096263036	0.0	0.0	0.051184837
5752	vascular associated smooth muscle cell	047d57f2-4d14-45de-aa98-336c6f583750	pooled	unknown	normal	495.0	0.0	0.0	0.13943835	0.0	0.0	0.015162475	0.0	0.0	0.0069256295
5780	vascular associated smooth muscle cell	047d57f2-4d14-45de-aa98-336c6f583750	pooled	unknown	normal	216.0	1.0	1.3727977	2.8710046	0.0	0.0	0.01801116	0.0	0.0	0.03230395
5781	vascular associated smooth muscle cell	047d57f2-4d14-45de-aa98-336c6f583750	pooled	unknown	normal	323.0	0.0	0.0	0.41707245	0.0	0.0	0.010833585	0.0	0.0	0.022018027
5786	vascular associated smooth muscle cell	047d57f2-4d14-45de-aa98-336c6f583750	pooled	unknown	normal	226.0	0.0	0.0	0.1928057	0.0	0.0	0.014817458	0.0	0.0	0.01116837
5788	vascular associated smooth muscle cell	047d57f2-4d14-45de-aa98-336c6f583750	pooled	unknown	normal	363.0	0.0	0.0	0.46778998	0.0	0.0	0.021284	0.0	0.0	0.008655006
5789	vascular associated smooth muscle cell	047d57f2-4d14-45de-aa98-336c6f583750	pooled	unknown	normal	418.0	0.0	0.0	0.6672838	0.0	0.0	0.021306088	0.0	0.0	0.07362311
5791	vascular associated smooth muscle cell	047d57f2-4d14-45de-aa98-336c6f583750	pooled	unknown	normal	478.0	1.0	0.9886036	2.8018782	0.0	0.0	0.0032549633	0.0	0.0	0.005399192
5811	vascular associated smooth muscle cell	047d57f2-4d14-45de-aa98-336c6f583750	pooled	unknown	normal	363.0	0.0	0.0	2.4754767	0.0	0.0	0.008840641	0.0	0.0	0.0069732387
5812	vascular associated smooth muscle cell	047d57f2-4d14-45de-aa98-336c6f583750	pooled	unknown	normal	432.0	0.0	0.0	0.43673244	0.0	0.0	0.01799502	0.0	0.0	0.013617869
5819	vascular associated smooth muscle cell	047d57f2-4d14-45de-aa98-336c6f583750	pooled	unknown	normal	671.0	0.0	0.0	0.3227536	0.0	0.0	0.04315631	0.0	0.0	0.021152617
5820	vascular associated smooth muscle cell	047d57f2-4d14-45de-aa98-336c6f583750	pooled	unknown	normal	569.0	0.0	0.0	2.5408804	0.0	0.0	0.02056324	0.0	0.0	0.08917983
5824	vascular associated smooth muscle cell	047d57f2-4d14-45de-aa98-336c6f583750	pooled	unknown	normal	448.0	0.0	0.0	0.660619	0.0	0.0	0.05622873	0.0	0.0	0.013604194
5843	vascular associated smooth muscle cell	047d57f2-4d14-45de-aa98-336c6f583750	pooled	unknown	normal	444.0	0.0	0.0	0.24822626	0.0	0.0	0.012201149	0.0	0.0	0.0072512883
5851	vascular associated smooth muscle cell	047d57f2-4d14-45de-aa98-336c6f583750	pooled	unknown	normal	424.0	0.0	0.0	0.14888218	0.0	0.0	0.01790146	0.0	0.0	0.0059917136
5858	vascular associated smooth muscle cell	047d57f2-4d14-45de-aa98-336c6f583750	pooled	unknown	normal	704.0	0.0	0.0	2.3411553	0.0	0.0	0.014470241	0.0	0.0	0.04277609
5865	vascular associated smooth muscle cell	047d57f2-4d14-45de-aa98-336c6f583750	pooled	unknown	normal	486.0	0.0	0.0	0.49154365	0.0	0.0	0.07082816	0.0	0.0	0.014082013
5904	vascular associated smooth muscle cell	047d57f2-4d14-45de-aa98-336c6f583750	pooled	unknown	normal	400.0	1.0	1.0166714	2.3048997	0.0	0.0	0.0196349	0.0	0.0	0.037621688
5916	vascular associated smooth muscle cell	047d57f2-4d14-45de-aa98-336c6f583750	pooled	unknown	normal	583.0	0.0	0.0	3.1002338	0.0	0.0	0.01239694	0.0	0.0	0.014606786
5927	vascular associated smooth muscle cell	047d57f2-4d14-45de-aa98-336c6f583750	pooled	unknown	normal	475.0	0.0	0.0	0.45486626	0.0	0.0	0.019848378	0.0	0.0	0.018666161
5961	vascular associated smooth muscle cell	047d57f2-4d14-45de-aa98-336c6f583750	pooled	unknown	normal	782.0	0.0	0.0	0.51253	0.0	0.0	0.02677466	0.0	0.0	0.023227565
5977	vascular associated smooth muscle cell	047d57f2-4d14-45de-aa98-336c6f583750	pooled	unknown	normal	547.0	1.0	0.95521617	0.39056864	0.0	0.0	0.011131706	0.0	0.0	0.012507424
5990	vascular associated smooth muscle cell	047d57f2-4d14-45de-aa98-336c6f583750	pooled	unknown	normal	840.0	0.0	0.0	0.26181066	0.0	0.0	0.013903438	0.0	0.0	0.012330603
5992	vascular associated smooth muscle cell	047d57f2-4d14-45de-aa98-336c6f583750	pooled	unknown	normal	443.0	2.0	1.4837564	2.9630005	0.0	0.0	0.019854374	0.0	0.0	0.03411129
6006	vascular associated smooth muscle cell	047d57f2-4d14-45de-aa98-336c6f583750	pooled	unknown	normal	542.0	0.0	0.0	0.68374294	0.0	0.0	0.019029483	0.0	0.0	0.0317951
6030	vascular associated smooth muscle cell	047d57f2-4d14-45de-aa98-336c6f583750	pooled	unknown	normal	635.0	1.0	0.8884813	2.6995246	0.0	0.0	0.024617359	0.0	0.0	0.035299003
6035	vascular associated smooth muscle cell	047d57f2-4d14-45de-aa98-336c6f583750	pooled	unknown	normal	731.0	0.0	0.0	0.49918625	0.0	0.0	0.070883505	0.0	0.0	0.0066259773
6050	vascular associated smooth muscle cell	047d57f2-4d14-45de-aa98-336c6f583750	pooled	unknown	normal	539.0	0.0	0.0	0.61503553	0.0	0.0	0.0349929	0.0	0.0	0.01043381
6075	vascular associated smooth muscle cell	047d57f2-4d14-45de-aa98-336c6f583750	pooled	unknown	normal	721.0	0.0	0.0	0.25402752	0.0	0.0	0.010025008	0.0	0.0	0.021495353
6099	vascular associated smooth muscle cell	047d57f2-4d14-45de-aa98-336c6f583750	pooled	unknown	normal	276.0	0.0	0.0	1.1838316	0.0	0.0	0.11612437	0.0	0.0	0.081887275
6113	vascular associated smooth muscle cell	047d57f2-4d14-45de-aa98-336c6f583750	pooled	unknown	normal	328.0	0.0	0.0	0.1592324	0.0	0.0	0.026271485	0.0	0.0	0.012155598
6116	vascular associated smooth muscle cell	047d57f2-4d14-45de-aa98-336c6f583750	pooled	unknown	normal	480.0	1.0	1.0240467	0.36189497	0.0	0.0	0.058248077	0.0	0.0	0.010645995
6129	vascular associated smooth muscle cell	047d57f2-4d14-45de-aa98-336c6f583750	pooled	unknown	normal	277.0	0.0	0.0	2.1536038	0.0	0.0	0.03069676	0.0	0.0	0.04392873
6130	vascular associated smooth muscle cell	047d57f2-4d14-45de-aa98-336c6f583750	pooled	unknown	normal	667.0	0.0	0.0	0.332669	0.0	0.0	0.011747395	0.0	0.0	0.013897203
6137	vascular associated smooth muscle cell	047d57f2-4d14-45de-aa98-336c6f583750	pooled	unknown	normal	245.0	0.0	0.0	0.17580621	0.0	0.0	0.0119112125	0.0	0.0	0.056090705
6159	vascular associated smooth muscle cell	047d57f2-4d14-45de-aa98-336c6f583750	pooled	unknown	normal	624.0	0.0	0.0	3.042031	0.0	0.0	0.032172695	0.0	0.0	0.045849107
6177	vascular associated smooth muscle cell	047d57f2-4d14-45de-aa98-336c6f583750	pooled	unknown	normal	1082.0	1.0	0.5397416	2.3246307	0.0	0.0	0.03194446	0.0	0.0	0.024965413
6180	vascular associated smooth muscle cell	047d57f2-4d14-45de-aa98-336c6f583750	pooled	unknown	normal	422.0	0.0	0.0	0.2632356	0.0	0.0	0.029072743	0.0	0.0	0.020735843
6193	vascular associated smooth muscle cell	047d57f2-4d14-45de-aa98-336c6f583750	pooled	unknown	normal	973.0	2.0	1.0853894	1.476557	0.0	0.0	0.022744397	0.0	0.0	0.02086203
6200	vascular associated smooth muscle cell	047d57f2-4d14-45de-aa98-336c6f583750	pooled	unknown	normal	297.0	0.0	0.0	0.20748329	0.0	0.0	0.0068986276	0.0	0.0	0.02239503
6212	vascular associated smooth muscle cell	047d57f2-4d14-45de-aa98-336c6f583750	pooled	unknown	normal	708.0	1.0	0.8496668	0.18738233	0.0	0.0	0.0075213714	0.0	0.0	0.00691607
6229	vascular associated smooth muscle cell	047d57f2-4d14-45de-aa98-336c6f583750	pooled	unknown	normal	394.0	0.0	0.0	0.5250761	0.0	0.0	0.006873555	0.0	0.0	0.008422634
6234	vascular associated smooth muscle cell	047d57f2-4d14-45de-aa98-336c6f583750	pooled	unknown	normal	480.0	0.0	0.0	1.3446985	0.0	0.0	0.032083333	0.0	0.0	0.016254641
6235	vascular associated smooth muscle cell	047d57f2-4d14-45de-aa98-336c6f583750	pooled	unknown	normal	580.0	0.0	0.0	0.2127378	0.0	0.0	0.018074332	0.0	0.0	0.007318093
6257	vascular associated smooth muscle cell	047d57f2-4d14-45de-aa98-336c6f583750	pooled	unknown	normal	509.0	0.0	0.0	0.30613786	0.0	0.0	0.014875295	0.0	0.0	0.044238627
6286	vascular associated smooth muscle cell	047d57f2-4d14-45de-aa98-336c6f583750	pooled	unknown	normal	719.0	2.0	1.231825	3.10185	0.0	0.0	0.023119658	0.0	0.0	0.014833513
6292	vascular associated smooth muscle cell	047d57f2-4d14-45de-aa98-336c6f583750	pooled	unknown	normal	444.0	1.0	1.1039742	0.43594825	0.0	0.0	0.0148877045	0.0	0.0	0.0035319633
6300	vascular associated smooth muscle cell	047d57f2-4d14-45de-aa98-336c6f583750	pooled	unknown	normal	498.0	0.0	0.0	0.32188007	0.0	0.0	0.011585177	0.0	0.0	0.019583153
6301	vascular associated smooth muscle cell	047d57f2-4d14-45de-aa98-336c6f583750	pooled	unknown	normal	499.0	0.0	0.0	0.19102967	0.0	0.0	0.005817616	0.0	0.0	0.016951203
6303	vascular associated smooth muscle cell	047d57f2-4d14-45de-aa98-336c6f583750	pooled	unknown	normal	231.0	0.0	0.0	1.5219301	0.0	0.0	0.044035956	0.0	0.0	0.01915806
6327	vascular associated smooth muscle cell	047d57f2-4d14-45de-aa98-336c6f583750	pooled	unknown	normal	221.0	0.0	0.0	0.30601558	0.0	0.0	0.013650502	0.0	0.0	0.008302513
6329	vascular associated smooth muscle cell	047d57f2-4d14-45de-aa98-336c6f583750	pooled	unknown	normal	296.0	0.0	0.0	1.8444138	0.0	0.0	0.052018162	0.0	0.0	0.03537524
6335	vascular associated smooth muscle cell	047d57f2-4d14-45de-aa98-336c6f583750	pooled	unknown	normal	320.0	0.0	0.0	0.49276268	0.0	0.0	0.11822836	0.0	0.0	0.01580512
6344	vascular associated smooth muscle cell	047d57f2-4d14-45de-aa98-336c6f583750	pooled	unknown	normal	455.0	0.0	0.0	0.71332216	0.0	0.0	0.046527833	0.0	0.0	0.010414324
6345	vascular associated smooth muscle cell	047d57f2-4d14-45de-aa98-336c6f583750	pooled	unknown	normal	458.0	0.0	0.0	0.8619478	0.0	0.0	0.12098738	0.0	0.0	0.12871641
6357	vascular associated smooth muscle cell	047d57f2-4d14-45de-aa98-336c6f583750	pooled	unknown	normal	460.0	0.0	0.0	3.0970979	0.0	0.0	0.026087485	0.0	0.0	0.057872586
6365	vascular associated smooth muscle cell	047d57f2-4d14-45de-aa98-336c6f583750	pooled	unknown	normal	406.0	0.0	0.0	0.23131277	0.0	0.0	0.11245247	0.0	0.0	0.01775184
6375	vascular associated smooth muscle cell	047d57f2-4d14-45de-aa98-336c6f583750	pooled	unknown	normal	780.0	0.0	0.0	0.9212884	0.0	0.0	0.025644828	0.0	0.0	0.012122206
6410	vascular associated smooth muscle cell	047d57f2-4d14-45de-aa98-336c6f583750	pooled	unknown	normal	578.0	0.0	0.0	0.5959186	0.0	0.0	0.022649383	0.0	0.0	0.046606973
6414	vascular associated smooth muscle cell	047d57f2-4d14-45de-aa98-336c6f583750	pooled	unknown	normal	306.0	0.0	0.0	0.37403744	0.0	0.0	0.013127054	0.0	0.0	0.00579134
6417	vascular associated smooth muscle cell	047d57f2-4d14-45de-aa98-336c6f583750	pooled	unknown	normal	657.0	0.0	0.0	0.09280249	0.0	0.0	0.010214362	0.0	0.0	0.006218355
6422	vascular associated smooth muscle cell	047d57f2-4d14-45de-aa98-336c6f583750	pooled	unknown	normal	425.0	0.0	0.0	0.24126486	0.0	0.0	0.01806607	0.0	0.0	0.0052912617
6438	vascular associated smooth muscle cell	047d57f2-4d14-45de-aa98-336c6f583750	pooled	unknown	normal	620.0	0.0	0.0	0.16182217	0.0	0.0	0.006558337	0.0	0.0	0.021604333
6444	vascular associated smooth muscle cell	047d57f2-4d14-45de-aa98-336c6f583750	pooled	unknown	normal	277.0	0.0	0.0	0.3240023	0.0	0.0	0.021109601	0.0	0.0	0.010158509
6445	vascular associated smooth muscle cell	047d57f2-4d14-45de-aa98-336c6f583750	pooled	unknown	normal	286.0	0.0	0.0	0.786671	0.0	0.0	0.046482034	0.0	0.0	0.0338499
6452	vascular associated smooth muscle cell	047d57f2-4d14-45de-aa98-336c6f583750	pooled	unknown	normal	701.0	0.0	0.0	1.8100944	0.0	0.0	0.02281435	0.0	0.0	0.028785875
6456	vascular associated smooth muscle cell	047d57f2-4d14-45de-aa98-336c6f583750	pooled	unknown	normal	391.0	1.0	1.1585511	0.20910974	0.0	0.0	0.027156588	0.0	0.0	0.019126993
6460	vascular associated smooth muscle cell	047d57f2-4d14-45de-aa98-336c6f583750	pooled	unknown	normal	694.0	0.0	0.0	0.15680268	0.0	0.0	0.011103342	0.0	0.0	0.019749183
6465	vascular associated smooth muscle cell	047d57f2-4d14-45de-aa98-336c6f583750	pooled	unknown	normal	414.0	2.0	1.5441352	2.519837	0.0	0.0	0.025129836	0.0	0.0	0.06883709
6489	vascular associated smooth muscle cell	047d57f2-4d14-45de-aa98-336c6f583750	pooled	unknown	normal	1237.0	3.0	1.1689996	2.3680828	0.0	0.0	0.016064314	0.0	0.0	0.03086639
6500	vascular associated smooth muscle cell	047d57f2-4d14-45de-aa98-336c6f583750	pooled	unknown	normal	289.0	0.0	0.0	0.21282022	0.0	0.0	0.017633708	0.0	0.0	0.024095897
6503	vascular associated smooth muscle cell	047d57f2-4d14-45de-aa98-336c6f583750	pooled	unknown	normal	434.0	0.0	0.0	1.0753717	0.0	0.0	0.01582301	0.0	0.0	0.0044297352
6505	vascular associated smooth muscle cell	047d57f2-4d14-45de-aa98-336c6f583750	pooled	unknown	normal	835.0	0.0	0.0	0.35268956	0.0	0.0	0.025951916	0.0	0.0	0.033249374
6508	vascular associated smooth muscle cell	047d57f2-4d14-45de-aa98-336c6f583750	pooled	unknown	normal	795.0	0.0	0.0	0.42586893	0.0	0.0	0.084313765	0.0	0.0	0.06642748
6529	vascular associated smooth muscle cell	047d57f2-4d14-45de-aa98-336c6f583750	pooled	unknown	normal	624.0	0.0	0.0	0.38250375	0.0	0.0	0.01753616	0.0	0.0	0.014960812
6535	vascular associated smooth muscle cell	047d57f2-4d14-45de-aa98-336c6f583750	pooled	unknown	normal	1301.0	0.0	0.0	0.109191604	0.0	0.0	0.24228378	0.0	0.0	0.0408284
6538	vascular associated smooth muscle cell	047d57f2-4d14-45de-aa98-336c6f583750	pooled	unknown	normal	507.0	0.0	0.0	0.4722711	0.0	0.0	0.04648425	0.0	0.0	0.0066073984
6539	vascular associated smooth muscle cell	047d57f2-4d14-45de-aa98-336c6f583750	pooled	unknown	normal	277.0	0.0	0.0	1.4361005	0.0	0.0	0.02257713	0.0	0.0	0.036376636
6542	vascular associated smooth muscle cell	047d57f2-4d14-45de-aa98-336c6f583750	pooled	unknown	normal	326.0	0.0	0.0	0.57992274	0.0	0.0	0.020862168	0.0	0.0	0.010071013
6545	vascular associated smooth muscle cell	047d57f2-4d14-45de-aa98-336c6f583750	pooled	unknown	normal	447.0	0.0	0.0	0.31371123	0.0	0.0	0.039736565	0.0	0.0	0.022332681
6552	vascular associated smooth muscle cell	047d57f2-4d14-45de-aa98-336c6f583750	pooled	unknown	normal	655.0	0.0	0.0	1.8302085	0.0	0.0	0.018883644	0.0	0.0	0.035890024
6598	vascular associated smooth muscle cell	047d57f2-4d14-45de-aa98-336c6f583750	pooled	unknown	normal	439.0	0.0	0.0	0.50042826	0.0	0.0	0.09037501	0.0	0.0	0.1234587
6606	vascular associated smooth muscle cell	047d57f2-4d14-45de-aa98-336c6f583750	pooled	unknown	normal	284.0	0.0	0.0	0.18859403	0.0	0.0	0.011200017	0.0	0.0	0.004923089
6624	vascular associated smooth muscle cell	047d57f2-4d14-45de-aa98-336c6f583750	pooled	unknown	normal	519.0	0.0	0.0	0.119481154	0.0	0.0	0.00927162	0.0	0.0	0.009473439
6648	vascular associated smooth muscle cell	047d57f2-4d14-45de-aa98-336c6f583750	pooled	unknown	normal	666.0	0.0	0.0	0.24177569	0.0	0.0	0.0082413275	0.0	0.0	0.03058656
6683	vascular associated smooth muscle cell	047d57f2-4d14-45de-aa98-336c6f583750	pooled	unknown	normal	751.0	0.0	0.0	2.6624408	0.0	0.0	0.016192969	0.0	0.0	0.024982996
6687	vascular associated smooth muscle cell	047d57f2-4d14-45de-aa98-336c6f583750	pooled	unknown	normal	344.0	0.0	0.0	0.28305283	0.0	0.0	0.0081892945	0.0	0.0	0.020176997
6696	vascular associated smooth muscle cell	047d57f2-4d14-45de-aa98-336c6f583750	pooled	unknown	normal	1126.0	0.0	0.0	0.20148787	0.0	0.0	0.0055156867	0.0	0.0	0.005125523
6703	vascular associated smooth muscle cell	047d57f2-4d14-45de-aa98-336c6f583750	pooled	unknown	normal	747.0	0.0	0.0	0.54661036	0.0	0.0	0.051320203	0.0	0.0	0.008243931
6717	vascular associated smooth muscle cell	047d57f2-4d14-45de-aa98-336c6f583750	pooled	unknown	normal	633.0	0.0	0.0	1.8028731	0.0	0.0	0.03484716	0.0	0.0	0.08650177
6741	vascular associated smooth muscle cell	047d57f2-4d14-45de-aa98-336c6f583750	pooled	unknown	normal	369.0	0.0	0.0	0.6783728	0.0	0.0	0.07465097	0.0	0.0	0.023854079
6753	vascular associated smooth muscle cell	047d57f2-4d14-45de-aa98-336c6f583750	pooled	unknown	normal	542.0	0.0	0.0	0.21625303	0.0	0.0	0.014963187	0.0	0.0	0.006597796
6774	vascular associated smooth muscle cell	047d57f2-4d14-45de-aa98-336c6f583750	pooled	unknown	normal	475.0	0.0	0.0	0.51386654	0.0	0.0	0.05067432	0.0	0.0	0.054878317
6780	vascular associated smooth muscle cell	047d57f2-4d14-45de-aa98-336c6f583750	pooled	unknown	normal	282.0	0.0	0.0	1.5865278	0.0	0.0	0.038499933	0.0	0.0	0.030903535
6795	vascular associated smooth muscle cell	047d57f2-4d14-45de-aa98-336c6f583750	pooled	unknown	normal	240.0	0.0	0.0	0.57116807	0.0	0.0	0.069282025	0.0	0.0	0.017931692
6800	vascular associated smooth muscle cell	047d57f2-4d14-45de-aa98-336c6f583750	pooled	unknown	normal	338.0	0.0	0.0	0.3139275	0.0	0.0	0.010825031	0.0	0.0	0.0034347093
6824	vascular associated smooth muscle cell	047d57f2-4d14-45de-aa98-336c6f583750	pooled	unknown	normal	358.0	1.0	1.0613809	2.2490873	0.0	0.0	0.027668882	0.0	0.0	0.015495566
6829	vascular associated smooth muscle cell	047d57f2-4d14-45de-aa98-336c6f583750	pooled	unknown	normal	446.0	0.0	0.0	1.5412854	0.0	0.0	0.037439264	0.0	0.0	0.02500911
6831	vascular associated smooth muscle cell	047d57f2-4d14-45de-aa98-336c6f583750	pooled	unknown	normal	568.0	0.0	0.0	0.27618802	0.0	0.0	0.013027383	0.0	0.0	0.017591272
6853	vascular associated smooth muscle cell	047d57f2-4d14-45de-aa98-336c6f583750	pooled	unknown	normal	481.0	0.0	0.0	0.17994006	0.0	0.0	0.019851593	0.0	0.0	0.006726221
6880	vascular associated smooth muscle cell	047d57f2-4d14-45de-aa98-336c6f583750	pooled	unknown	normal	647.0	0.0	0.0	0.14511931	0.0	0.0	0.011195833	0.0	0.0	0.034276318
6890	vascular associated smooth muscle cell	047d57f2-4d14-45de-aa98-336c6f583750	pooled	unknown	normal	445.0	0.0	0.0	1.6769592	0.0	0.0	0.04956341	0.0	0.0	0.026992232
6903	vascular associated smooth muscle cell	047d57f2-4d14-45de-aa98-336c6f583750	pooled	unknown	normal	356.0	0.0	0.0	3.0622253	0.0	0.0	0.01874939	0.0	0.0	0.037554357
6908	vascular associated smooth muscle cell	047d57f2-4d14-45de-aa98-336c6f583750	pooled	unknown	normal	615.0	0.0	0.0	2.6771307	0.0	0.0	0.02430732	0.0	0.0	0.016522544
6923	vascular associated smooth muscle cell	047d57f2-4d14-45de-aa98-336c6f583750	pooled	unknown	normal	468.0	0.0	0.0	0.25180095	0.0	0.0	0.012814307	0.0	0.0	0.043738328
6928	vascular associated smooth muscle cell	047d57f2-4d14-45de-aa98-336c6f583750	pooled	unknown	normal	816.0	0.0	0.0	0.1118858	0.0	0.0	0.006914769	0.0	0.0	0.015499534
6931	vascular associated smooth muscle cell	047d57f2-4d14-45de-aa98-336c6f583750	pooled	unknown	normal	330.0	2.0	1.8077706	2.5294762	0.0	0.0	0.023683112	0.0	0.0	0.038434014
6942	vascular associated smooth muscle cell	047d57f2-4d14-45de-aa98-336c6f583750	pooled	unknown	normal	670.0	0.0	0.0	1.4669282	0.0	0.0	0.026385888	0.0	0.0	0.015992204
6945	vascular associated smooth muscle cell	047d57f2-4d14-45de-aa98-336c6f583750	pooled	unknown	normal	393.0	1.0	1.034102	0.59678215	0.0	0.0	0.0665564	0.0	0.0	0.010878931
6946	vascular associated smooth muscle cell	047d57f2-4d14-45de-aa98-336c6f583750	pooled	unknown	normal	387.0	0.0	0.0	2.3441901	0.0	0.0	0.032312393	0.0	0.0	0.08890267
6957	vascular associated smooth muscle cell	047d57f2-4d14-45de-aa98-336c6f583750	pooled	unknown	normal	744.0	0.0	0.0	0.60894215	0.0	0.0	0.036521107	0.0	0.0	0.0068722954
6964	vascular associated smooth muscle cell	047d57f2-4d14-45de-aa98-336c6f583750	pooled	unknown	normal	357.0	0.0	0.0	0.6683167	0.0	0.0	0.03169527	0.0	0.0	0.025962597
6971	vascular associated smooth muscle cell	047d57f2-4d14-45de-aa98-336c6f583750	pooled	unknown	normal	372.0	0.0	0.0	0.20056286	0.0	0.0	0.009738284	0.0	0.0	0.009333799
6973	vascular associated smooth muscle cell	047d57f2-4d14-45de-aa98-336c6f583750	pooled	unknown	normal	627.0	0.0	0.0	1.4963785	0.0	0.0	0.021802835	0.0	0.0	0.082575426
6974	vascular associated smooth muscle cell	047d57f2-4d14-45de-aa98-336c6f583750	pooled	unknown	normal	562.0	0.0	0.0	0.6742703	0.0	0.0	0.048172195	0.0	0.0	0.13986956
6998	vascular associated smooth muscle cell	047d57f2-4d14-45de-aa98-336c6f583750	pooled	unknown	normal	968.0	0.0	0.0	3.0602424	0.0	0.0	0.0283569	0.0	0.0	0.033949472
7001	vascular associated smooth muscle cell	047d57f2-4d14-45de-aa98-336c6f583750	pooled	unknown	normal	271.0	0.0	0.0	2.4485044	0.0	0.0	0.013180064	0.0	0.0	0.03782189
7003	vascular associated smooth muscle cell	047d57f2-4d14-45de-aa98-336c6f583750	pooled	unknown	normal	242.0	1.0	1.3120298	0.560611	0.0	0.0	0.049896725	0.0	0.0	0.03941374
7012	vascular associated smooth muscle cell	047d57f2-4d14-45de-aa98-336c6f583750	pooled	unknown	normal	694.0	0.0	0.0	0.12916595	0.0	0.0	0.009005534	0.0	0.0	0.015254351
7041	vascular associated smooth muscle cell	047d57f2-4d14-45de-aa98-336c6f583750	pooled	unknown	normal	675.0	0.0	0.0	0.5508733	0.0	0.0	0.1619125	0.0	0.0	0.029101392
7058	vascular associated smooth muscle cell	047d57f2-4d14-45de-aa98-336c6f583750	pooled	unknown	normal	810.0	1.0	0.5971832	2.4548671	0.0	0.0	0.02749117	0.0	0.0	0.07166142
7063	vascular associated smooth muscle cell	047d57f2-4d14-45de-aa98-336c6f583750	pooled	unknown	normal	590.0	1.0	1.0069784	2.1101263	0.0	0.0	0.015793229	0.0	0.0	0.03126876
7065	vascular associated smooth muscle cell	047d57f2-4d14-45de-aa98-336c6f583750	pooled	unknown	normal	654.0	0.0	0.0	2.1954215	0.0	0.0	0.023688585	0.0	0.0	0.032299824
7086	vascular associated smooth muscle cell	047d57f2-4d14-45de-aa98-336c6f583750	pooled	unknown	normal	668.0	0.0	0.0	0.7885582	0.0	0.0	0.028460652	0.0	0.0	0.042961
7121	vascular associated smooth muscle cell	047d57f2-4d14-45de-aa98-336c6f583750	pooled	unknown	normal	477.0	0.0	0.0	0.16686572	0.0	0.0	0.007878879	0.0	0.0	0.0147676645
7125	vascular associated smooth muscle cell	047d57f2-4d14-45de-aa98-336c6f583750	pooled	unknown	normal	787.0	0.0	0.0	0.13889986	0.0	0.0	0.0076792417	0.0	0.0	0.0043182177
7128	vascular associated smooth muscle cell	047d57f2-4d14-45de-aa98-336c6f583750	pooled	unknown	normal	269.0	1.0	1.4130546	0.71694565	0.0	0.0	0.05041948	0.0	0.0	0.060320903
7136	vascular associated smooth muscle cell	047d57f2-4d14-45de-aa98-336c6f583750	pooled	unknown	normal	652.0	0.0	0.0	0.12236885	0.0	0.0	0.005875312	0.0	0.0	0.0118892025
7141	vascular associated smooth muscle cell	047d57f2-4d14-45de-aa98-336c6f583750	pooled	unknown	normal	532.0	0.0	0.0	0.2732022	0.0	0.0	0.011838268	0.0	0.0	0.012489494
7142	vascular associated smooth muscle cell	047d57f2-4d14-45de-aa98-336c6f583750	pooled	unknown	normal	301.0	0.0	0.0	0.27957195	0.0	0.0	0.021798309	0.0	0.0	0.016695026
7157	vascular associated smooth muscle cell	047d57f2-4d14-45de-aa98-336c6f583750	pooled	unknown	normal	385.0	0.0	0.0	0.32663134	0.0	0.0	0.023423566	0.0	0.0	0.012495648
7158	vascular associated smooth muscle cell	047d57f2-4d14-45de-aa98-336c6f583750	pooled	unknown	normal	608.0	0.0	0.0	0.7266972	0.0	0.0	0.014684428	0.0	0.0	0.009403022
7169	vascular associated smooth muscle cell	047d57f2-4d14-45de-aa98-336c6f583750	pooled	unknown	normal	864.0	0.0	0.0	0.6973229	0.0	0.0	0.054779764	0.0	0.0	0.03675407
7191	vascular associated smooth muscle cell	047d57f2-4d14-45de-aa98-336c6f583750	pooled	unknown	normal	714.0	0.0	0.0	0.27160338	0.0	0.0	0.014593064	0.0	0.0	0.030119738
7205	vascular associated smooth muscle cell	047d57f2-4d14-45de-aa98-336c6f583750	pooled	unknown	normal	390.0	0.0	0.0	3.1289399	0.0	0.0	0.011195402	0.0	0.0	0.019505693
7214	vascular associated smooth muscle cell	047d57f2-4d14-45de-aa98-336c6f583750	pooled	unknown	normal	546.0	0.0	0.0	0.29844004	0.0	0.0	0.012389214	0.0	0.0	0.004467963
7230	vascular associated smooth muscle cell	047d57f2-4d14-45de-aa98-336c6f583750	pooled	unknown	normal	420.0	0.0	0.0	0.27825442	0.0	0.0	0.024185058	0.0	0.0	0.0037445978
7232	vascular associated smooth muscle cell	047d57f2-4d14-45de-aa98-336c6f583750	pooled	unknown	normal	234.0	0.0	0.0	0.44196987	0.0	0.0	0.0064268014	0.0	0.0	0.0078098085
7234	vascular associated smooth muscle cell	047d57f2-4d14-45de-aa98-336c6f583750	pooled	unknown	normal	631.0	0.0	0.0	0.98226154	0.0	0.0	0.06333752	0.0	0.0	0.05455709
7235	vascular associated smooth muscle cell	047d57f2-4d14-45de-aa98-336c6f583750	pooled	unknown	normal	643.0	0.0	0.0	0.97169864	0.0	0.0	0.030466167	0.0	0.0	0.022071283
7240	vascular associated smooth muscle cell	047d57f2-4d14-45de-aa98-336c6f583750	pooled	unknown	normal	299.0	0.0	0.0	0.4062965	0.0	0.0	0.021082101	0.0	0.0	0.02759064
7265	vascular associated smooth muscle cell	047d57f2-4d14-45de-aa98-336c6f583750	pooled	unknown	normal	335.0	0.0	0.0	0.63140494	0.0	0.0	0.012216562	0.0	0.0	0.0026343407
7302	vascular associated smooth muscle cell	047d57f2-4d14-45de-aa98-336c6f583750	pooled	unknown	normal	375.0	1.0	1.1635222	2.6735842	0.0	0.0	0.018168941	0.0	0.0	0.018750656
7327	vascular associated smooth muscle cell	047d57f2-4d14-45de-aa98-336c6f583750	pooled	unknown	normal	578.0	5.0	2.0407176	3.613404	0.0	0.0	0.019543765	0.0	0.0	0.066780575
7330	vascular associated smooth muscle cell	047d57f2-4d14-45de-aa98-336c6f583750	pooled	unknown	normal	1108.0	1.0	0.46000254	0.7077037	0.0	0.0	0.08453982	0.0	0.0	0.0055841603
7337	vascular associated smooth muscle cell	047d57f2-4d14-45de-aa98-336c6f583750	pooled	unknown	normal	785.0	1.0	0.71616644	1.2327242	0.0	0.0	0.021296866	0.0	0.0	0.021902177
7338	vascular associated smooth muscle cell	047d57f2-4d14-45de-aa98-336c6f583750	pooled	unknown	normal	293.0	0.0	0.0	1.2337329	0.0	0.0	0.024704365	0.0	0.0	0.00952188
7369	vascular associated smooth muscle cell	047d57f2-4d14-45de-aa98-336c6f583750	pooled	unknown	normal	411.0	0.0	0.0	1.3672493	0.0	0.0	0.06251903	0.0	0.0	0.031790882
7393	vascular associated smooth muscle cell	047d57f2-4d14-45de-aa98-336c6f583750	pooled	unknown	normal	379.0	0.0	0.0	1.116331	0.0	0.0	0.031634968	0.0	0.0	0.004894475
7398	vascular associated smooth muscle cell	047d57f2-4d14-45de-aa98-336c6f583750	pooled	unknown	normal	798.0	0.0	0.0	0.71013004	0.0	0.0	0.033515234	0.0	0.0	0.083458975
7401	vascular associated smooth muscle cell	047d57f2-4d14-45de-aa98-336c6f583750	pooled	unknown	normal	752.0	0.0	0.0	1.119796	0.0	0.0	0.029764837	0.0	0.0	0.019668091
7423	vascular associated smooth muscle cell	047d57f2-4d14-45de-aa98-336c6f583750	pooled	unknown	normal	1163.0	0.0	0.0	0.458623	0.0	0.0	0.023350444	0.0	0.0	0.07015968
7426	vascular associated smooth muscle cell	047d57f2-4d14-45de-aa98-336c6f583750	pooled	unknown	normal	406.0	0.0	0.0	0.26470217	0.0	0.0	0.009532498	0.0	0.0	0.015620849
7429	vascular associated smooth muscle cell	047d57f2-4d14-45de-aa98-336c6f583750	pooled	unknown	normal	779.0	0.0	0.0	0.62811816	0.0	0.0	0.036285553	0.0	0.0	0.010493863
7454	vascular associated smooth muscle cell	047d57f2-4d14-45de-aa98-336c6f583750	pooled	unknown	normal	657.0	0.0	0.0	0.37574476	0.0	0.0	0.021601608	1.0	0.8434309	0.013806073
7462	vascular associated smooth muscle cell	047d57f2-4d14-45de-aa98-336c6f583750	pooled	unknown	normal	248.0	0.0	0.0	0.6355174	0.0	0.0	0.025032269	0.0	0.0	0.019924847
7466	vascular associated smooth muscle cell	047d57f2-4d14-45de-aa98-336c6f583750	pooled	unknown	normal	485.0	0.0	0.0	1.28158	0.0	0.0	0.027665682	0.0	0.0	0.026114844
7474	vascular associated smooth muscle cell	047d57f2-4d14-45de-aa98-336c6f583750	pooled	unknown	normal	951.0	0.0	0.0	0.30164465	0.0	0.0	0.0114487065	0.0	0.0	0.068551674
7488	vascular associated smooth muscle cell	047d57f2-4d14-45de-aa98-336c6f583750	pooled	unknown	normal	315.0	0.0	0.0	0.4736385	0.0	0.0	0.019432878	0.0	0.0	0.004715407
7489	vascular associated smooth muscle cell	047d57f2-4d14-45de-aa98-336c6f583750	pooled	unknown	normal	239.0	0.0	0.0	1.1393945	0.0	0.0	0.012835452	0.0	0.0	0.022117484
7491	vascular associated smooth muscle cell	047d57f2-4d14-45de-aa98-336c6f583750	pooled	unknown	normal	542.0	1.0	1.054872	2.9101458	0.0	0.0	0.0059324787	0.0	0.0	0.015537001
7502	vascular associated smooth muscle cell	047d57f2-4d14-45de-aa98-336c6f583750	pooled	unknown	normal	270.0	0.0	0.0	2.0856168	0.0	0.0	0.054228272	0.0	0.0	0.016875418
7507	vascular associated smooth muscle cell	047d57f2-4d14-45de-aa98-336c6f583750	pooled	unknown	normal	442.0	0.0	0.0	2.942692	0.0	0.0	0.046960607	0.0	0.0	0.014722708
7511	vascular associated smooth muscle cell	047d57f2-4d14-45de-aa98-336c6f583750	pooled	unknown	normal	813.0	0.0	0.0	1.0386094	0.0	0.0	0.050384134	0.0	0.0	0.05260692
7522	vascular associated smooth muscle cell	047d57f2-4d14-45de-aa98-336c6f583750	pooled	unknown	normal	573.0	1.0	0.8966507	0.12636511	0.0	0.0	0.0062437886	0.0	0.0	0.035526417
7535	vascular associated smooth muscle cell	047d57f2-4d14-45de-aa98-336c6f583750	pooled	unknown	normal	431.0	0.0	0.0	0.6156391	0.0	0.0	0.02666807	0.0	0.0	0.019808566
7538	vascular associated smooth muscle cell	047d57f2-4d14-45de-aa98-336c6f583750	pooled	unknown	normal	326.0	0.0	0.0	0.6402712	0.0	0.0	0.2337509	0.0	0.0	0.17269783
7543	vascular associated smooth muscle cell	047d57f2-4d14-45de-aa98-336c6f583750	pooled	unknown	normal	359.0	0.0	0.0	0.9431716	0.0	0.0	0.037146993	0.0	0.0	0.03498846
7547	vascular associated smooth muscle cell	047d57f2-4d14-45de-aa98-336c6f583750	pooled	unknown	normal	486.0	0.0	0.0	1.9146572	0.0	0.0	0.020892987	0.0	0.0	0.05568739
7580	vascular associated smooth muscle cell	047d57f2-4d14-45de-aa98-336c6f583750	pooled	unknown	normal	342.0	0.0	0.0	0.5334486	0.0	0.0	0.027915724	0.0	0.0	0.03461723
7583	vascular associated smooth muscle cell	047d57f2-4d14-45de-aa98-336c6f583750	pooled	unknown	normal	415.0	0.0	0.0	1.0590432	0.0	0.0	0.016281867	0.0	0.0	0.068318926
7596	vascular associated smooth muscle cell	047d57f2-4d14-45de-aa98-336c6f583750	pooled	unknown	normal	586.0	2.0	1.1683117	2.5131211	0.0	0.0	0.019707505	0.0	0.0	0.04129835
7612	vascular associated smooth muscle cell	047d57f2-4d14-45de-aa98-336c6f583750	pooled	unknown	normal	416.0	0.0	0.0	2.3330965	0.0	0.0	0.03891573	0.0	0.0	0.04978542
7634	vascular associated smooth muscle cell	047d57f2-4d14-45de-aa98-336c6f583750	pooled	unknown	normal	1196.0	0.0	0.0	0.5510614	0.0	0.0	0.09666604	0.0	0.0	0.040662788
7644	vascular associated smooth muscle cell	047d57f2-4d14-45de-aa98-336c6f583750	pooled	unknown	normal	373.0	0.0	0.0	0.3063238	0.0	0.0	0.020390013	0.0	0.0	0.0036512383
7645	vascular associated smooth muscle cell	047d57f2-4d14-45de-aa98-336c6f583750	pooled	unknown	normal	557.0	0.0	0.0	2.0361328	0.0	0.0	0.024067309	0.0	0.0	0.026627935
7649	vascular associated smooth muscle cell	047d57f2-4d14-45de-aa98-336c6f583750	pooled	unknown	normal	522.0	2.0	1.5900435	2.7207856	0.0	0.0	0.0063313628	0.0	0.0	0.011693019
7656	vascular associated smooth muscle cell	047d57f2-4d14-45de-aa98-336c6f583750	pooled	unknown	normal	252.0	0.0	0.0	1.4785036	0.0	0.0	0.09531448	0.0	0.0	0.093097866
7663	vascular associated smooth muscle cell	047d57f2-4d14-45de-aa98-336c6f583750	pooled	unknown	normal	368.0	0.0	0.0	2.7122989	0.0	0.0	0.021071298	0.0	0.0	0.033945296
7692	vascular associated smooth muscle cell	047d57f2-4d14-45de-aa98-336c6f583750	pooled	unknown	normal	255.0	0.0	0.0	0.351895	0.0	0.0	0.017534202	0.0	0.0	0.0051107393
7702	vascular associated smooth muscle cell	047d57f2-4d14-45de-aa98-336c6f583750	pooled	unknown	normal	646.0	0.0	0.0	0.44169605	0.0	0.0	0.037953816	0.0	0.0	0.007393161
7714	vascular associated smooth muscle cell	047d57f2-4d14-45de-aa98-336c6f583750	pooled	unknown	normal	558.0	0.0	0.0	3.0054548	0.0	0.0	0.033198077	0.0	0.0	0.093394004
7717	vascular associated smooth muscle cell	047d57f2-4d14-45de-aa98-336c6f583750	pooled	unknown	normal	563.0	1.0	0.8057569	2.7889307	0.0	0.0	0.031106887	0.0	0.0	0.02504649
7721	vascular associated smooth muscle cell	047d57f2-4d14-45de-aa98-336c6f583750	pooled	unknown	normal	241.0	0.0	0.0	0.4885324	0.0	0.0	0.014614849	0.0	0.0	0.08965393
7727	vascular associated smooth muscle cell	047d57f2-4d14-45de-aa98-336c6f583750	pooled	unknown	normal	597.0	0.0	0.0	0.28941703	0.0	0.0	0.026656989	0.0	0.0	0.030466052
7730	vascular associated smooth muscle cell	047d57f2-4d14-45de-aa98-336c6f583750	pooled	unknown	normal	562.0	0.0	0.0	0.38521022	0.0	0.0	0.01574244	0.0	0.0	0.01062077
7752	vascular associated smooth muscle cell	047d57f2-4d14-45de-aa98-336c6f583750	pooled	unknown	normal	176.0	0.0	0.0	0.312307	0.0	0.0	0.031870894	0.0	0.0	0.0038897668
7793	vascular associated smooth muscle cell	047d57f2-4d14-45de-aa98-336c6f583750	pooled	unknown	normal	739.0	0.0	0.0	1.050256	0.0	0.0	0.04489954	0.0	0.0	0.030773219
7798	vascular associated smooth muscle cell	047d57f2-4d14-45de-aa98-336c6f583750	pooled	unknown	normal	205.0	0.0	0.0	0.8238531	0.0	0.0	0.017998436	0.0	0.0	0.0034685645
7802	vascular associated smooth muscle cell	047d57f2-4d14-45de-aa98-336c6f583750	pooled	unknown	normal	553.0	0.0	0.0	2.5917048	0.0	0.0	0.016289633	0.0	0.0	0.02404565
7808	vascular associated smooth muscle cell	047d57f2-4d14-45de-aa98-336c6f583750	pooled	unknown	normal	601.0	0.0	0.0	0.6076176	0.0	0.0	0.03548617	0.0	0.0	0.008088642
7816	vascular associated smooth muscle cell	047d57f2-4d14-45de-aa98-336c6f583750	pooled	unknown	normal	649.0	0.0	0.0	0.50268453	0.0	0.0	0.037770156	0.0	0.0	0.4645908
7864	vascular associated smooth muscle cell	047d57f2-4d14-45de-aa98-336c6f583750	pooled	unknown	normal	830.0	0.0	0.0	0.1375036	0.0	0.0	0.016074086	0.0	0.0	0.0070741167
7884	vascular associated smooth muscle cell	047d57f2-4d14-45de-aa98-336c6f583750	pooled	unknown	normal	551.0	0.0	0.0	1.3651441	0.0	0.0	0.06489018	0.0	0.0	0.023302173
7889	vascular associated smooth muscle cell	047d57f2-4d14-45de-aa98-336c6f583750	pooled	unknown	normal	318.0	0.0	0.0	0.22818156	0.0	0.0	0.010018502	0.0	0.0	0.023200003
7893	vascular associated smooth muscle cell	047d57f2-4d14-45de-aa98-336c6f583750	pooled	unknown	normal	901.0	2.0	1.188869	2.4675117	0.0	0.0	0.017715696	0.0	0.0	0.02228696
7900	vascular associated smooth muscle cell	047d57f2-4d14-45de-aa98-336c6f583750	pooled	unknown	normal	525.0	0.0	0.0	0.1524998	0.0	0.0	0.010870268	0.0	0.0	0.019952908
7917	vascular associated smooth muscle cell	047d57f2-4d14-45de-aa98-336c6f583750	pooled	unknown	normal	408.0	1.0	0.9227897	0.82128197	0.0	0.0	0.05905018	0.0	0.0	0.028526574
7918	vascular associated smooth muscle cell	047d57f2-4d14-45de-aa98-336c6f583750	pooled	unknown	normal	337.0	0.0	0.0	0.26295036	0.0	0.0	0.02040069	0.0	0.0	0.013638714
7920	vascular associated smooth muscle cell	047d57f2-4d14-45de-aa98-336c6f583750	pooled	unknown	normal	448.0	3.0	1.674925	2.7326267	0.0	0.0	0.026578262	0.0	0.0	0.050432883
7925	vascular associated smooth muscle cell	047d57f2-4d14-45de-aa98-336c6f583750	pooled	unknown	normal	235.0	0.0	0.0	0.21528806	0.0	0.0	0.0101456465	0.0	0.0	0.009534689
7931	vascular associated smooth muscle cell	047d57f2-4d14-45de-aa98-336c6f583750	pooled	unknown	normal	351.0	0.0	0.0	0.55768746	0.0	0.0	0.011635703	0.0	0.0	0.023104016
7946	vascular associated smooth muscle cell	047d57f2-4d14-45de-aa98-336c6f583750	pooled	unknown	normal	642.0	0.0	0.0	0.5858578	0.0	0.0	0.03707529	0.0	0.0	0.05527264
7950	vascular associated smooth muscle cell	047d57f2-4d14-45de-aa98-336c6f583750	pooled	unknown	normal	540.0	0.0	0.0	0.25627112	0.0	0.0	0.017172864	0.0	0.0	0.011814059
7992	vascular associated smooth muscle cell	047d57f2-4d14-45de-aa98-336c6f583750	pooled	unknown	normal	400.0	0.0	0.0	2.0875993	0.0	0.0	0.020567657	0.0	0.0	0.042911205
7998	vascular associated smooth muscle cell	047d57f2-4d14-45de-aa98-336c6f583750	pooled	unknown	normal	1084.0	0.0	0.0	0.25285536	0.0	0.0	0.006442895	0.0	0.0	0.012283803
8028	vascular associated smooth muscle cell	047d57f2-4d14-45de-aa98-336c6f583750	pooled	unknown	normal	298.0	0.0	0.0	0.3758712	0.0	0.0	0.012967193	0.0	0.0	0.012464128
8049	vascular associated smooth muscle cell	047d57f2-4d14-45de-aa98-336c6f583750	pooled	unknown	normal	288.0	0.0	0.0	0.33273774	0.0	0.0	0.017809343	0.0	0.0	0.0024443928
8066	vascular associated smooth muscle cell	047d57f2-4d14-45de-aa98-336c6f583750	pooled	unknown	normal	324.0	0.0	0.0	0.36637604	0.0	0.0	0.014591159	0.0	0.0	0.020582654
8070	vascular associated smooth muscle cell	047d57f2-4d14-45de-aa98-336c6f583750	pooled	unknown	normal	374.0	1.0	1.0937032	0.5491346	0.0	0.0	0.032046404	0.0	0.0	0.05181769
8074	vascular associated smooth muscle cell	047d57f2-4d14-45de-aa98-336c6f583750	pooled	unknown	normal	682.0	0.0	0.0	0.7866327	0.0	0.0	0.018978108	0.0	0.0	0.025110783
8100	vascular associated smooth muscle cell	047d57f2-4d14-45de-aa98-336c6f583750	pooled	unknown	normal	198.0	0.0	0.0	1.9301931	0.0	0.0	0.014827146	0.0	0.0	0.03117965
8105	vascular associated smooth muscle cell	047d57f2-4d14-45de-aa98-336c6f583750	pooled	unknown	normal	373.0	0.0	0.0	2.7571692	0.0	0.0	0.017140754	0.0	0.0	0.081951186
8109	vascular associated smooth muscle cell	047d57f2-4d14-45de-aa98-336c6f583750	pooled	unknown	normal	564.0	0.0	0.0	0.32663378	0.0	0.0	0.039141394	0.0	0.0	0.0057824478
8119	vascular associated smooth muscle cell	047d57f2-4d14-45de-aa98-336c6f583750	pooled	unknown	normal	300.0	0.0	0.0	0.20369005	0.0	0.0	0.016199984	0.0	0.0	0.0072017973
8122	vascular associated smooth muscle cell	047d57f2-4d14-45de-aa98-336c6f583750	pooled	unknown	normal	783.0	0.0	0.0	0.3939532	0.0	0.0	0.010513754	0.0	0.0	0.03886642
8124	vascular associated smooth muscle cell	047d57f2-4d14-45de-aa98-336c6f583750	pooled	unknown	normal	283.0	0.0	0.0	1.3634627	0.0	0.0	0.010745663	0.0	0.0	0.010346239
8128	vascular associated smooth muscle cell	047d57f2-4d14-45de-aa98-336c6f583750	pooled	unknown	normal	234.0	0.0	0.0	1.2056669	0.0	0.0	0.04387921	0.0	0.0	0.063822456
8130	vascular associated smooth muscle cell	047d57f2-4d14-45de-aa98-336c6f583750	pooled	unknown	normal	619.0	0.0	0.0	1.448406	0.0	0.0	0.02470061	0.0	0.0	0.029426785
8142	vascular associated smooth muscle cell	047d57f2-4d14-45de-aa98-336c6f583750	pooled	unknown	normal	483.0	0.0	0.0	1.1042933	0.0	0.0	0.019422391	0.0	0.0	0.022878915
8143	vascular associated smooth muscle cell	047d57f2-4d14-45de-aa98-336c6f583750	pooled	unknown	normal	638.0	0.0	0.0	1.8759755	0.0	0.0	0.020589335	0.0	0.0	0.03124311
8158	vascular associated smooth muscle cell	047d57f2-4d14-45de-aa98-336c6f583750	pooled	unknown	normal	944.0	0.0	0.0	1.3700404	0.0	0.0	0.017891645	0.0	0.0	0.023734093
8174	vascular associated smooth muscle cell	047d57f2-4d14-45de-aa98-336c6f583750	pooled	unknown	normal	513.0	0.0	0.0	0.22269772	0.0	0.0	0.013846081	0.0	0.0	0.008085071
8210	vascular associated smooth muscle cell	047d57f2-4d14-45de-aa98-336c6f583750	pooled	unknown	normal	540.0	0.0	0.0	0.8324537	0.0	0.0	0.05667212	0.0	0.0	0.008932148
8220	vascular associated smooth muscle cell	047d57f2-4d14-45de-aa98-336c6f583750	pooled	unknown	normal	331.0	0.0	0.0	2.6971018	0.0	0.0	0.023065377	0.0	0.0	0.056093358
8242	vascular associated smooth muscle cell	047d57f2-4d14-45de-aa98-336c6f583750	pooled	unknown	normal	353.0	0.0	0.0	0.37973738	0.0	0.0	0.035032712	0.0	0.0	0.008372629
8258	vascular associated smooth muscle cell	047d57f2-4d14-45de-aa98-336c6f583750	pooled	unknown	normal	724.0	0.0	0.0	0.16571774	0.0	0.0	0.01233937	0.0	0.0	0.01091694
8260	vascular associated smooth muscle cell	047d57f2-4d14-45de-aa98-336c6f583750	pooled	unknown	normal	339.0	0.0	0.0	0.5726343	0.0	0.0	0.0075530433	0.0	0.0	0.023780165
8275	vascular associated smooth muscle cell	047d57f2-4d14-45de-aa98-336c6f583750	pooled	unknown	normal	298.0	0.0	0.0	0.86480165	0.0	0.0	0.014665852	0.0	0.0	0.07673702
8317	vascular associated smooth muscle cell	047d57f2-4d14-45de-aa98-336c6f583750	pooled	unknown	normal	455.0	0.0	0.0	0.6998443	0.0	0.0	0.03075365	0.0	0.0	0.0063468628
8320	vascular associated smooth muscle cell	047d57f2-4d14-45de-aa98-336c6f583750	pooled	unknown	normal	493.0	0.0	0.0	0.17637604	0.0	0.0	0.0066478373	0.0	0.0	0.0139190825
8339	vascular associated smooth muscle cell	047d57f2-4d14-45de-aa98-336c6f583750	pooled	unknown	normal	452.0	0.0	0.0	0.22081077	0.0	0.0	0.032748256	0.0	0.0	0.0406473
8341	vascular associated smooth muscle cell	047d57f2-4d14-45de-aa98-336c6f583750	pooled	unknown	normal	675.0	1.0	0.90366924	0.7949098	0.0	0.0	0.04940728	0.0	0.0	0.14610572
8343	vascular associated smooth muscle cell	047d57f2-4d14-45de-aa98-336c6f583750	pooled	unknown	normal	253.0	0.0	0.0	0.3983998	0.0	0.0	0.01722689	0.0	0.0	0.010284744
8344	vascular associated smooth muscle cell	047d57f2-4d14-45de-aa98-336c6f583750	pooled	unknown	normal	423.0	0.0	0.0	1.7297299	0.0	0.0	0.06577738	0.0	0.0	0.01890637
8355	vascular associated smooth muscle cell	047d57f2-4d14-45de-aa98-336c6f583750	pooled	unknown	normal	1082.0	1.0	0.49484614	1.8253034	0.0	0.0	0.035251025	0.0	0.0	0.034490056
8356	vascular associated smooth muscle cell	047d57f2-4d14-45de-aa98-336c6f583750	pooled	unknown	normal	561.0	0.0	0.0	0.21405272	0.0	0.0	0.00611417	0.0	0.0	0.0032799942
8374	vascular associated smooth muscle cell	047d57f2-4d14-45de-aa98-336c6f583750	pooled	unknown	normal	417.0	0.0	0.0	1.5524925	0.0	0.0	0.03582998	0.0	0.0	0.004615778
8379	vascular associated smooth muscle cell	047d57f2-4d14-45de-aa98-336c6f583750	pooled	unknown	normal	1061.0	0.0	0.0	0.27564803	0.0	0.0	0.1642609	0.0	0.0	0.012025415
8389	vascular associated smooth muscle cell	047d57f2-4d14-45de-aa98-336c6f583750	pooled	unknown	normal	727.0	0.0	0.0	0.24912022	0.0	0.0	0.012460042	0.0	0.0	0.004986434
8421	vascular associated smooth muscle cell	047d57f2-4d14-45de-aa98-336c6f583750	pooled	unknown	normal	448.0	0.0	0.0	1.7909425	0.0	0.0	0.050217047	0.0	0.0	0.010821272
8430	vascular associated smooth muscle cell	047d57f2-4d14-45de-aa98-336c6f583750	pooled	unknown	normal	472.0	0.0	0.0	0.48771036	0.0	0.0	0.009481947	0.0	0.0	0.02530369
8432	vascular associated smooth muscle cell	047d57f2-4d14-45de-aa98-336c6f583750	pooled	unknown	normal	713.0	0.0	0.0	1.7675495	0.0	0.0	0.011662993	0.0	0.0	0.019175408
8440	vascular associated smooth muscle cell	047d57f2-4d14-45de-aa98-336c6f583750	pooled	unknown	normal	365.0	0.0	0.0	0.35216135	0.0	0.0	0.041641634	0.0	0.0	0.0074072047
8450	vascular associated smooth muscle cell	047d57f2-4d14-45de-aa98-336c6f583750	pooled	unknown	normal	558.0	1.0	0.8303682	2.6151266	0.0	0.0	0.028885432	0.0	0.0	0.034971815
8452	vascular associated smooth muscle cell	047d57f2-4d14-45de-aa98-336c6f583750	pooled	unknown	normal	504.0	0.0	0.0	1.5067912	0.0	0.0	0.049491554	0.0	0.0	0.028099813
8461	vascular associated smooth muscle cell	047d57f2-4d14-45de-aa98-336c6f583750	pooled	unknown	normal	509.0	0.0	0.0	1.8409905	0.0	0.0	0.022897575	0.0	0.0	0.10302558
8473	vascular associated smooth muscle cell	047d57f2-4d14-45de-aa98-336c6f583750	pooled	unknown	normal	677.0	0.0	0.0	0.15590262	0.0	0.0	0.009369765	0.0	0.0	0.0022179002
8478	vascular associated smooth muscle cell	047d57f2-4d14-45de-aa98-336c6f583750	pooled	unknown	normal	681.0	0.0	0.0	0.36182195	0.0	0.0	0.032226477	0.0	0.0	0.028158668
8482	vascular associated smooth muscle cell	047d57f2-4d14-45de-aa98-336c6f583750	pooled	unknown	normal	712.0	0.0	0.0	0.9775347	0.0	0.0	0.037807018	0.0	0.0	0.008704443
8490	vascular associated smooth muscle cell	047d57f2-4d14-45de-aa98-336c6f583750	pooled	unknown	normal	390.0	1.0	1.1434791	2.5394	0.0	0.0	0.025102157	0.0	0.0	0.036483023
8498	vascular associated smooth muscle cell	047d57f2-4d14-45de-aa98-336c6f583750	pooled	unknown	normal	732.0	0.0	0.0	1.1851387	0.0	0.0	0.03978195	0.0	0.0	0.018279849
8521	vascular associated smooth muscle cell	047d57f2-4d14-45de-aa98-336c6f583750	pooled	unknown	normal	354.0	0.0	0.0	0.298483	0.0	0.0	0.0188173	0.0	0.0	0.018989041
8523	vascular associated smooth muscle cell	047d57f2-4d14-45de-aa98-336c6f583750	pooled	unknown	normal	871.0	0.0	0.0	0.36910808	0.0	0.0	0.021188667	0.0	0.0	0.0330787
8533	vascular associated smooth muscle cell	047d57f2-4d14-45de-aa98-336c6f583750	pooled	unknown	normal	519.0	0.0	0.0	0.1326838	0.0	0.0	0.009636987	0.0	0.0	0.008124737
8542	vascular associated smooth muscle cell	047d57f2-4d14-45de-aa98-336c6f583750	pooled	unknown	normal	557.0	4.0	1.9831597	3.0562186	0.0	0.0	0.030175688	0.0	0.0	0.031501234
8543	vascular associated smooth muscle cell	047d57f2-4d14-45de-aa98-336c6f583750	pooled	unknown	normal	475.0	0.0	0.0	0.697065	0.0	0.0	0.07200298	0.0	0.0	0.037682235
8548	vascular associated smooth muscle cell	047d57f2-4d14-45de-aa98-336c6f583750	pooled	unknown	normal	649.0	0.0	0.0	0.31070772	0.0	0.0	0.019050013	0.0	0.0	0.0040147346
8554	vascular associated smooth muscle cell	047d57f2-4d14-45de-aa98-336c6f583750	pooled	unknown	normal	856.0	0.0	0.0	1.0297916	0.0	0.0	0.020199968	0.0	0.0	0.029282961
8555	vascular associated smooth muscle cell	047d57f2-4d14-45de-aa98-336c6f583750	pooled	unknown	normal	2566.0	0.0	0.0	0.058258194	0.0	0.0	0.0025660845	0.0	0.0	0.0006214834
8577	vascular associated smooth muscle cell	047d57f2-4d14-45de-aa98-336c6f583750	pooled	unknown	normal	414.0	0.0	0.0	2.1914487	0.0	0.0	0.012597753	0.0	0.0	0.012221423
8591	vascular associated smooth muscle cell	047d57f2-4d14-45de-aa98-336c6f583750	pooled	unknown	normal	630.0	0.0	0.0	0.21978803	0.0	0.0	0.009210231	0.0	0.0	0.00669178
8594	vascular associated smooth muscle cell	047d57f2-4d14-45de-aa98-336c6f583750	pooled	unknown	normal	395.0	0.0	0.0	0.35201818	0.0	0.0	0.032022767	0.0	0.0	0.011241198
8600	vascular associated smooth muscle cell	047d57f2-4d14-45de-aa98-336c6f583750	pooled	unknown	normal	493.0	0.0	0.0	0.98203665	0.0	0.0	0.092941724	0.0	0.0	0.054327503
8616	vascular associated smooth muscle cell	047d57f2-4d14-45de-aa98-336c6f583750	pooled	unknown	normal	660.0	0.0	0.0	0.6047651	0.0	0.0	0.040137805	0.0	0.0	0.026939144
8645	vascular associated smooth muscle cell	047d57f2-4d14-45de-aa98-336c6f583750	pooled	unknown	normal	3667.0	2.0	0.87865436	0.91715443	0.0	0.0	0.009238115	0.0	0.0	0.006055913
8646	vascular associated smooth muscle cell	047d57f2-4d14-45de-aa98-336c6f583750	pooled	unknown	normal	520.0	3.0	1.8953749	3.2659104	0.0	0.0	0.00955641	0.0	0.0	0.00995242
8671	vascular associated smooth muscle cell	047d57f2-4d14-45de-aa98-336c6f583750	pooled	unknown	normal	553.0	0.0	0.0	0.21364741	0.0	0.0	0.012174902	0.0	0.0	0.0026126925
8687	vascular associated smooth muscle cell	047d57f2-4d14-45de-aa98-336c6f583750	pooled	unknown	normal	438.0	0.0	0.0	1.6895869	0.0	0.0	0.025983628	0.0	0.0	0.01884917
8705	vascular associated smooth muscle cell	047d57f2-4d14-45de-aa98-336c6f583750	pooled	unknown	normal	469.0	0.0	0.0	0.6305802	0.0	0.0	0.03624489	0.0	0.0	0.0069327103
8713	vascular associated smooth muscle cell	047d57f2-4d14-45de-aa98-336c6f583750	pooled	unknown	normal	870.0	0.0	0.0	0.17878	0.0	0.0	0.009493735	0.0	0.0	0.008171292
8720	vascular associated smooth muscle cell	047d57f2-4d14-45de-aa98-336c6f583750	pooled	unknown	normal	327.0	0.0	0.0	1.3052822	0.0	0.0	0.08820027	0.0	0.0	0.11204971
8730	vascular associated smooth muscle cell	047d57f2-4d14-45de-aa98-336c6f583750	pooled	unknown	normal	479.0	1.0	0.99040836	0.5142104	0.0	0.0	0.12438738	0.0	0.0	0.041092362
8733	vascular associated smooth muscle cell	047d57f2-4d14-45de-aa98-336c6f583750	pooled	unknown	normal	653.0	0.0	0.0	0.19826858	0.0	0.0	0.005822773	0.0	0.0	0.016944759
8735	vascular associated smooth muscle cell	047d57f2-4d14-45de-aa98-336c6f583750	pooled	unknown	normal	715.0	1.0	0.61674035	1.9020557	0.0	0.0	0.024943167	0.0	0.0	0.06234678
8737	vascular associated smooth muscle cell	047d57f2-4d14-45de-aa98-336c6f583750	pooled	unknown	normal	691.0	0.0	0.0	1.2151233	0.0	0.0	0.06750912	0.0	0.0	0.031569645
8747	vascular associated smooth muscle cell	047d57f2-4d14-45de-aa98-336c6f583750	pooled	unknown	normal	325.0	0.0	0.0	0.47680396	0.0	0.0	0.02076527	0.0	0.0	0.01264579
8756	vascular associated smooth muscle cell	047d57f2-4d14-45de-aa98-336c6f583750	pooled	unknown	normal	513.0	0.0	0.0	1.7750565	0.0	0.0	0.024888972	0.0	0.0	0.033248845
8758	vascular associated smooth muscle cell	047d57f2-4d14-45de-aa98-336c6f583750	pooled	unknown	normal	576.0	0.0	0.0	0.09360015	0.0	0.0	0.0074770157	0.0	0.0	0.007647626
8782	vascular associated smooth muscle cell	047d57f2-4d14-45de-aa98-336c6f583750	pooled	unknown	normal	309.0	0.0	0.0	0.62918305	0.0	0.0	0.02565423	0.0	0.0	0.01609232
8809	vascular associated smooth muscle cell	047d57f2-4d14-45de-aa98-336c6f583750	pooled	unknown	normal	454.0	0.0	0.0	0.30162308	0.0	0.0	0.020415105	0.0	0.0	0.00514843
8812	vascular associated smooth muscle cell	047d57f2-4d14-45de-aa98-336c6f583750	pooled	unknown	normal	500.0	0.0	0.0	0.36734375	0.0	0.0	0.007308838	0.0	0.0	0.015494782
8817	vascular associated smooth muscle cell	047d57f2-4d14-45de-aa98-336c6f583750	pooled	unknown	normal	550.0	0.0	0.0	1.0048215	0.0	0.0	0.08453085	0.0	0.0	0.022140145
8833	vascular associated smooth muscle cell	047d57f2-4d14-45de-aa98-336c6f583750	pooled	unknown	normal	508.0	2.0	1.3544947	2.9911835	0.0	0.0	0.024413371	0.0	0.0	0.02256675
8846	vascular associated smooth muscle cell	047d57f2-4d14-45de-aa98-336c6f583750	pooled	unknown	normal	382.0	1.0	1.2006696	0.5329126	0.0	0.0	0.111517005	0.0	0.0	0.046259686
8850	vascular associated smooth muscle cell	047d57f2-4d14-45de-aa98-336c6f583750	pooled	unknown	normal	455.0	0.0	0.0	0.4474581	0.0	0.0	0.026182555	0.0	0.0	0.017248714
8855	vascular associated smooth muscle cell	047d57f2-4d14-45de-aa98-336c6f583750	pooled	unknown	normal	389.0	0.0	0.0	0.23562221	0.0	0.0	0.016616272	0.0	0.0	0.024176346
8871	vascular associated smooth muscle cell	047d57f2-4d14-45de-aa98-336c6f583750	pooled	unknown	normal	253.0	1.0	1.4735581	0.93979895	0.0	0.0	0.03522819	0.0	0.0	0.008614274
8879	vascular associated smooth muscle cell	047d57f2-4d14-45de-aa98-336c6f583750	pooled	unknown	normal	319.0	0.0	0.0	1.3519456	0.0	0.0	0.040471613	0.0	0.0	0.04492307
8893	vascular associated smooth muscle cell	047d57f2-4d14-45de-aa98-336c6f583750	pooled	unknown	normal	279.0	0.0	0.0	0.20253415	0.0	0.0	0.009895138	0.0	0.0	0.0032694736
8898	vascular associated smooth muscle cell	047d57f2-4d14-45de-aa98-336c6f583750	pooled	unknown	normal	250.0	0.0	0.0	0.20984207	0.0	0.0	0.0069961743	0.0	0.0	0.0053406158
8945	vascular associated smooth muscle cell	047d57f2-4d14-45de-aa98-336c6f583750	pooled	unknown	normal	133.0	0.0	0.0	1.5801395	0.0	0.0	0.04583409	0.0	0.0	0.009121948
8958	vascular associated smooth muscle cell	047d57f2-4d14-45de-aa98-336c6f583750	pooled	unknown	normal	180.0	0.0	0.0	2.402221	0.0	0.0	0.036962323	0.0	0.0	0.018522415
8967	vascular associated smooth muscle cell	047d57f2-4d14-45de-aa98-336c6f583750	pooled	unknown	normal	208.0	0.0	0.0	1.7915432	0.0	0.0	0.027134882	0.0	0.0	0.025872847
8996	vascular associated smooth muscle cell	047d57f2-4d14-45de-aa98-336c6f583750	pooled	unknown	normal	429.0	0.0	0.0	0.3083935	0.0	0.0	0.016369218	0.0	0.0	0.004610825
8998	vascular associated smooth muscle cell	047d57f2-4d14-45de-aa98-336c6f583750	pooled	unknown	normal	508.0	0.0	0.0	0.2996468	0.0	0.0	0.031028211	0.0	0.0	0.001916531
9001	vascular associated smooth muscle cell	047d57f2-4d14-45de-aa98-336c6f583750	pooled	unknown	normal	355.0	0.0	0.0	0.11828623	0.0	0.0	0.023250569	0.0	0.0	0.0037377195
9007	vascular associated smooth muscle cell	047d57f2-4d14-45de-aa98-336c6f583750	pooled	unknown	normal	260.0	0.0	0.0	1.5956173	0.0	0.0	0.07426567	0.0	0.0	0.046157684
9008	vascular associated smooth muscle cell	047d57f2-4d14-45de-aa98-336c6f583750	pooled	unknown	normal	284.0	0.0	0.0	0.388594	0.0	0.0	0.028800594	0.0	0.0	0.018151958
9048	vascular associated smooth muscle cell	047d57f2-4d14-45de-aa98-336c6f583750	pooled	unknown	normal	157.0	0.0	0.0	1.9673237	0.0	0.0	0.01490634	0.0	0.0	0.0111623015
9053	vascular associated smooth muscle cell	047d57f2-4d14-45de-aa98-336c6f583750	pooled	unknown	normal	219.0	0.0	0.0	1.8158746	0.0	0.0	0.028562432	0.0	0.0	0.0016366588
9072	vascular associated smooth muscle cell	047d57f2-4d14-45de-aa98-336c6f583750	pooled	unknown	normal	285.0	0.0	0.0	0.35786188	0.0	0.0	0.02198813	0.0	0.0	0.0070357295
9073	vascular associated smooth muscle cell	047d57f2-4d14-45de-aa98-336c6f583750	pooled	unknown	normal	355.0	0.0	0.0	0.110721976	0.0	0.0	0.0036119805	0.0	0.0	0.0018892911
9095	vascular associated smooth muscle cell	047d57f2-4d14-45de-aa98-336c6f583750	pooled	unknown	normal	218.0	0.0	0.0	0.7342345	0.0	0.0	0.040769953	0.0	0.0	0.038440388
9155	vascular associated smooth muscle cell	047d57f2-4d14-45de-aa98-336c6f583750	pooled	unknown	normal	181.0	0.0	0.0	1.814579	0.0	0.0	0.032415994	0.0	0.0	0.028275453
9164	vascular associated smooth muscle cell	047d57f2-4d14-45de-aa98-336c6f583750	pooled	unknown	normal	503.0	0.0	0.0	0.156085	0.0	0.0	0.015120941	0.0	0.0	0.003298435
9194	vascular associated smooth muscle cell	047d57f2-4d14-45de-aa98-336c6f583750	pooled	unknown	normal	330.0	0.0	0.0	0.16183683	0.0	0.0	0.012142242	0.0	0.0	0.0012314159
9215	vascular associated smooth muscle cell	047d57f2-4d14-45de-aa98-336c6f583750	pooled	unknown	normal	438.0	0.0	0.0	0.14876209	0.0	0.0	0.032125145	0.0	0.0	0.004813425
9244	vascular associated smooth muscle cell	047d57f2-4d14-45de-aa98-336c6f583750	pooled	unknown	normal	200.0	0.0	0.0	1.545617	0.0	0.0	0.018863404	0.0	0.0	0.0053734803
9279	vascular associated smooth muscle cell	047d57f2-4d14-45de-aa98-336c6f583750	pooled	unknown	normal	454.0	0.0	0.0	0.14696358	0.0	0.0	0.009485588	0.0	0.0	0.0023617998
9281	vascular associated smooth muscle cell	047d57f2-4d14-45de-aa98-336c6f583750	pooled	unknown	normal	224.0	0.0	0.0	1.6994745	0.0	0.0	0.054172963	0.0	0.0	0.026905723
9294	vascular associated smooth muscle cell	047d57f2-4d14-45de-aa98-336c6f583750	pooled	unknown	normal	108.0	0.0	0.0	1.2210188	0.0	0.0	0.15241337	0.0	0.0	0.06584916
9305	vascular associated smooth muscle cell	047d57f2-4d14-45de-aa98-336c6f583750	pooled	unknown	normal	399.0	0.0	0.0	0.11239922	0.0	0.0	0.0037142683	0.0	0.0	0.00053995784
9329	vascular associated smooth muscle cell	047d57f2-4d14-45de-aa98-336c6f583750	pooled	unknown	normal	370.0	0.0	0.0	1.4260765	0.0	0.0	0.028584795	0.0	0.0	0.025429605
9331	vascular associated smooth muscle cell	047d57f2-4d14-45de-aa98-336c6f583750	pooled	unknown	normal	367.0	0.0	0.0	0.48172256	0.0	0.0	0.02722196	0.0	0.0	0.0071464675
9335	vascular associated smooth muscle cell	047d57f2-4d14-45de-aa98-336c6f583750	pooled	unknown	normal	545.0	0.0	0.0	0.19546264	0.0	0.0	0.0054654866	0.0	0.0	0.001537592
9336	vascular associated smooth muscle cell	047d57f2-4d14-45de-aa98-336c6f583750	pooled	unknown	normal	632.0	0.0	0.0	0.18372144	0.0	0.0	0.01457553	0.0	0.0	0.0025161332
9350	vascular associated smooth muscle cell	047d57f2-4d14-45de-aa98-336c6f583750	pooled	unknown	normal	250.0	0.0	0.0	0.5138135	0.0	0.0	0.04237779	0.0	0.0	0.008037462
9357	vascular associated smooth muscle cell	047d57f2-4d14-45de-aa98-336c6f583750	pooled	unknown	normal	423.0	0.0	0.0	0.28192207	0.0	0.0	0.0127612995	0.0	0.0	0.0017651293
9359	vascular associated smooth muscle cell	047d57f2-4d14-45de-aa98-336c6f583750	pooled	unknown	normal	177.0	1.0	1.6665152	2.2460568	0.0	0.0	0.012016689	0.0	0.0	0.011298687
9364	vascular associated smooth muscle cell	047d57f2-4d14-45de-aa98-336c6f583750	pooled	unknown	normal	417.0	0.0	0.0	0.098104194	0.0	0.0	0.017566297	0.0	0.0	0.0030799415
9377	vascular associated smooth muscle cell	047d57f2-4d14-45de-aa98-336c6f583750	pooled	unknown	normal	147.0	0.0	0.0	1.5525415	0.0	0.0	0.04623772	0.0	0.0	0.01233127
9431	vascular associated smooth muscle cell	047d57f2-4d14-45de-aa98-336c6f583750	pooled	unknown	normal	316.0	0.0	0.0	0.2897246	0.0	0.0	0.025900034	0.0	0.0	0.0033883674
9442	vascular associated smooth muscle cell	047d57f2-4d14-45de-aa98-336c6f583750	pooled	unknown	normal	342.0	0.0	0.0	0.32859612	0.0	0.0	0.035178732	0.0	0.0	0.010157796
9449	vascular associated smooth muscle cell	047d57f2-4d14-45de-aa98-336c6f583750	pooled	unknown	normal	359.0	0.0	0.0	0.25366157	0.0	0.0	0.020850493	0.0	0.0	0.0037529522
9450	vascular associated smooth muscle cell	047d57f2-4d14-45de-aa98-336c6f583750	pooled	unknown	normal	361.0	0.0	0.0	0.29281145	0.0	0.0	0.009700129	0.0	0.0	0.0022343025
9451	vascular associated smooth muscle cell	047d57f2-4d14-45de-aa98-336c6f583750	pooled	unknown	normal	248.0	0.0	0.0	0.7030641	0.0	0.0	0.04521279	0.0	0.0	0.0046213325
9453	vascular associated smooth muscle cell	047d57f2-4d14-45de-aa98-336c6f583750	pooled	unknown	normal	426.0	0.0	0.0	0.279503	0.0	0.0	0.017176125	0.0	0.0	0.015662083
9458	vascular associated smooth muscle cell	047d57f2-4d14-45de-aa98-336c6f583750	pooled	unknown	normal	160.0	0.0	0.0	0.5426413	0.0	0.0	0.070162565	0.0	0.0	0.00915436
9487	vascular associated smooth muscle cell	047d57f2-4d14-45de-aa98-336c6f583750	pooled	unknown	normal	184.0	0.0	0.0	1.2932723	0.0	0.0	0.04687098	0.0	0.0	0.013259778
9512	vascular associated smooth muscle cell	047d57f2-4d14-45de-aa98-336c6f583750	pooled	unknown	normal	212.0	1.0	1.5858612	1.450017	0.0	0.0	0.038549263	0.0	0.0	0.021037962
9518	vascular associated smooth muscle cell	047d57f2-4d14-45de-aa98-336c6f583750	pooled	unknown	normal	200.0	0.0	0.0	0.77271426	0.0	0.0	0.033319782	0.0	0.0	0.0033448755
9526	vascular associated smooth muscle cell	047d57f2-4d14-45de-aa98-336c6f583750	pooled	unknown	normal	280.0	0.0	0.0	0.9683135	0.0	0.0	0.011360996	0.0	0.0	0.03430096
9560	vascular associated smooth muscle cell	047d57f2-4d14-45de-aa98-336c6f583750	pooled	unknown	normal	394.0	0.0	0.0	0.19467731	0.0	0.0	0.028000565	0.0	0.0	0.0033031134
9571	vascular associated smooth muscle cell	047d57f2-4d14-45de-aa98-336c6f583750	pooled	unknown	normal	338.0	0.0	0.0	0.32932624	0.0	0.0	0.014694065	0.0	0.0	0.0023996395
9573	vascular associated smooth muscle cell	047d57f2-4d14-45de-aa98-336c6f583750	pooled	unknown	normal	683.0	0.0	0.0	0.22874543	0.0	0.0	0.0059576673	0.0	0.0	0.0045456216
9590	vascular associated smooth muscle cell	047d57f2-4d14-45de-aa98-336c6f583750	pooled	unknown	normal	202.0	0.0	0.0	0.7288709	0.0	0.0	0.07624952	0.0	0.0	0.0061267586
9592	vascular associated smooth muscle cell	047d57f2-4d14-45de-aa98-336c6f583750	pooled	unknown	normal	350.0	0.0	0.0	0.239413	0.0	0.0	0.03598456	0.0	0.0	0.0050209844
9596	vascular associated smooth muscle cell	047d57f2-4d14-45de-aa98-336c6f583750	pooled	unknown	normal	274.0	0.0	0.0	0.43884954	0.0	0.0	0.022658348	0.0	0.0	0.0019828407
9608	vascular associated smooth muscle cell	047d57f2-4d14-45de-aa98-336c6f583750	pooled	unknown	normal	112.0	0.0	0.0	1.2084605	0.0	0.0	0.08194199	0.0	0.0	0.019546723
9616	vascular associated smooth muscle cell	047d57f2-4d14-45de-aa98-336c6f583750	pooled	unknown	normal	339.0	0.0	0.0	0.20382643	0.0	0.0	0.021184636	0.0	0.0	0.0030271404
9622	vascular associated smooth muscle cell	047d57f2-4d14-45de-aa98-336c6f583750	pooled	unknown	normal	437.0	0.0	0.0	0.15621935	0.0	0.0	0.00667488	0.0	0.0	0.0030100134
9634	vascular associated smooth muscle cell	047d57f2-4d14-45de-aa98-336c6f583750	pooled	unknown	normal	181.0	0.0	0.0	0.60092986	0.0	0.0	0.025877194	0.0	0.0	0.004495763
9651	vascular associated smooth muscle cell	047d57f2-4d14-45de-aa98-336c6f583750	pooled	unknown	normal	193.0	0.0	0.0	0.67046905	0.0	0.0	0.10660401	0.0	0.0	0.005206884
9659	vascular associated smooth muscle cell	047d57f2-4d14-45de-aa98-336c6f583750	pooled	unknown	normal	114.0	0.0	0.0	0.8961446	0.0	0.0	0.038413234	0.0	0.0	0.021578275
9692	vascular associated smooth muscle cell	047d57f2-4d14-45de-aa98-336c6f583750	pooled	unknown	normal	240.0	0.0	0.0	1.6447335	0.0	0.0	0.051272046	0.0	0.0	0.025594786
9713	vascular associated smooth muscle cell	047d57f2-4d14-45de-aa98-336c6f583750	pooled	unknown	normal	284.0	0.0	0.0	1.2314429	0.0	0.0	0.027416514	0.0	0.0	0.024004107
9724	vascular associated smooth muscle cell	047d57f2-4d14-45de-aa98-336c6f583750	pooled	unknown	normal	316.0	0.0	0.0	0.08850137	0.0	0.0	0.018275766	0.0	0.0	0.005767258
9769	vascular associated smooth muscle cell	047d57f2-4d14-45de-aa98-336c6f583750	pooled	unknown	normal	705.0	0.0	0.0	0.2355581	0.0	0.0	0.15024747	0.0	0.0	0.021833187
9785	vascular associated smooth muscle cell	047d57f2-4d14-45de-aa98-336c6f583750	pooled	unknown	normal	316.0	0.0	0.0	1.620823	0.0	0.0	0.050527636	0.0	0.0	0.023490446
9795	vascular associated smooth muscle cell	047d57f2-4d14-45de-aa98-336c6f583750	pooled	unknown	normal	245.0	0.0	0.0	2.8448892	0.0	0.0	0.02994308	0.0	0.0	0.01426254
9811	vascular associated smooth muscle cell	047d57f2-4d14-45de-aa98-336c6f583750	pooled	unknown	normal	380.0	0.0	0.0	0.12110083	0.0	0.0	0.018839912	0.0	0.0	0.0032984028
9821	vascular associated smooth muscle cell	047d57f2-4d14-45de-aa98-336c6f583750	pooled	unknown	normal	225.0	0.0	0.0	0.5543972	0.0	0.0	0.06592665	0.0	0.0	0.01419745
9826	vascular associated smooth muscle cell	047d57f2-4d14-45de-aa98-336c6f583750	pooled	unknown	normal	225.0	0.0	0.0	0.6136731	0.0	0.0	0.102574795	0.0	0.0	0.02005397
9833	vascular associated smooth muscle cell	047d57f2-4d14-45de-aa98-336c6f583750	pooled	unknown	normal	168.0	0.0	0.0	0.6664885	0.0	0.0	0.08645172	0.0	0.0	0.02791686
9852	vascular associated smooth muscle cell	047d57f2-4d14-45de-aa98-336c6f583750	pooled	unknown	normal	159.0	0.0	0.0	1.5463636	0.0	0.0	0.024672458	0.0	0.0	0.011585231
9876	vascular associated smooth muscle cell	047d57f2-4d14-45de-aa98-336c6f583750	pooled	unknown	normal	128.0	0.0	0.0	2.9722362	0.0	0.0	0.009965283	0.0	0.0	0.02013999
9905	vascular associated smooth muscle cell	047d57f2-4d14-45de-aa98-336c6f583750	pooled	unknown	normal	254.0	0.0	0.0	0.13497454	0.0	0.0	0.03215606	0.0	0.0	0.008809994
9907	vascular associated smooth muscle cell	047d57f2-4d14-45de-aa98-336c6f583750	pooled	unknown	normal	259.0	0.0	0.0	0.19174257	0.0	0.0	0.032918703	0.0	0.0	0.004955508
9943	vascular associated smooth muscle cell	047d57f2-4d14-45de-aa98-336c6f583750	pooled	unknown	normal	191.0	0.0	0.0	0.92161405	0.0	0.0	0.10051694	0.0	0.0	0.003917116
9953	vascular associated smooth muscle cell	047d57f2-4d14-45de-aa98-336c6f583750	pooled	unknown	normal	213.0	0.0	0.0	1.5379238	0.0	0.0	0.01889412	0.0	0.0	0.022788446
9962	vascular associated smooth muscle cell	047d57f2-4d14-45de-aa98-336c6f583750	pooled	unknown	normal	394.0	0.0	0.0	0.25250706	0.0	0.0	0.028596746	0.0	0.0	0.0031619251
9983	vascular associated smooth muscle cell	047d57f2-4d14-45de-aa98-336c6f583750	pooled	unknown	normal	361.0	0.0	0.0	0.2891625	0.0	0.0	0.026542054	0.0	0.0	0.0026088743
9991	vascular associated smooth muscle cell	047d57f2-4d14-45de-aa98-336c6f583750	pooled	unknown	normal	540.0	0.0	0.0	0.26606002	0.0	0.0	0.025039952	0.0	0.0	0.00190836
9995	vascular associated smooth muscle cell	047d57f2-4d14-45de-aa98-336c6f583750	pooled	unknown	normal	440.0	0.0	0.0	0.12097943	0.0	0.0	0.004318109	0.0	0.0	0.012637951
10008	vascular associated smooth muscle cell	047d57f2-4d14-45de-aa98-336c6f583750	pooled	unknown	normal	474.0	0.0	0.0	0.2349807	0.0	0.0	0.0041027544	0.0	0.0	0.0010222803
10031	vascular associated smooth muscle cell	047d57f2-4d14-45de-aa98-336c6f583750	pooled	unknown	normal	452.0	0.0	0.0	1.0470872	0.0	0.0	0.028259527	0.0	0.0	0.005888867
10032	vascular associated smooth muscle cell	047d57f2-4d14-45de-aa98-336c6f583750	pooled	unknown	normal	207.0	1.0	1.7639754	0.27412313	0.0	0.0	0.054744452	0.0	0.0	0.00934026
10053	vascular associated smooth muscle cell	047d57f2-4d14-45de-aa98-336c6f583750	pooled	unknown	normal	457.0	0.0	0.0	0.5802504	0.0	0.0	0.07507417	0.0	0.0	0.008969585
10054	vascular associated smooth muscle cell	047d57f2-4d14-45de-aa98-336c6f583750	pooled	unknown	normal	567.0	0.0	0.0	0.32599238	0.0	0.0	0.034889176	0.0	0.0	0.007028419
10059	vascular associated smooth muscle cell	047d57f2-4d14-45de-aa98-336c6f583750	pooled	unknown	normal	181.0	0.0	0.0	0.70877844	0.0	0.0	0.1765463	0.0	0.0	0.039517343
10063	vascular associated smooth muscle cell	047d57f2-4d14-45de-aa98-336c6f583750	pooled	unknown	normal	340.0	0.0	0.0	0.21651861	0.0	0.0	0.014073034	0.0	0.0	0.0038034052
10066	vascular associated smooth muscle cell	047d57f2-4d14-45de-aa98-336c6f583750	pooled	unknown	normal	306.0	0.0	0.0	0.19657035	0.0	0.0	0.012848345	0.0	0.0	0.0036315732
10102	vascular associated smooth muscle cell	047d57f2-4d14-45de-aa98-336c6f583750	pooled	unknown	normal	338.0	0.0	0.0	1.108829	0.0	0.0	0.028192682	0.0	0.0	0.005872437
10110	vascular associated smooth muscle cell	047d57f2-4d14-45de-aa98-336c6f583750	pooled	unknown	normal	118.0	0.0	0.0	1.4935876	0.0	0.0	0.06923854	0.0	0.0	0.030735178
10112	vascular associated smooth muscle cell	047d57f2-4d14-45de-aa98-336c6f583750	pooled	unknown	normal	508.0	0.0	0.0	1.6682098	0.0	0.0	0.04069733	0.0	0.0	0.057589006
10140	vascular associated smooth muscle cell	047d57f2-4d14-45de-aa98-336c6f583750	pooled	unknown	normal	313.0	0.0	0.0	0.07186025	0.0	0.0	0.016316537	0.0	0.0	0.0015057425
10150	vascular associated smooth muscle cell	047d57f2-4d14-45de-aa98-336c6f583750	pooled	unknown	normal	149.0	0.0	0.0	0.28124893	0.0	0.0	0.10105478	0.0	0.0	0.008529866
10156	vascular associated smooth muscle cell	047d57f2-4d14-45de-aa98-336c6f583750	pooled	unknown	normal	384.0	0.0	0.0	0.20161669	0.0	0.0	0.013523119	0.0	0.0	0.008348999
10164	vascular associated smooth muscle cell	047d57f2-4d14-45de-aa98-336c6f583750	pooled	unknown	normal	302.0	0.0	0.0	0.18040255	0.0	0.0	0.023236401	0.0	0.0	0.0037737577
10224	vascular associated smooth muscle cell	047d57f2-4d14-45de-aa98-336c6f583750	pooled	unknown	normal	357.0	0.0	0.0	0.232923	0.0	0.0	0.11655563	0.0	0.0	0.01591322
10229	vascular associated smooth muscle cell	047d57f2-4d14-45de-aa98-336c6f583750	pooled	unknown	normal	252.0	0.0	0.0	1.1557212	0.0	0.0	0.019025894	0.0	0.0	0.0034316627
10260	vascular associated smooth muscle cell	047d57f2-4d14-45de-aa98-336c6f583750	pooled	unknown	normal	393.0	0.0	0.0	0.13810638	0.0	0.0	0.038289428	0.0	0.0	0.0055432906
10265	vascular associated smooth muscle cell	047d57f2-4d14-45de-aa98-336c6f583750	pooled	unknown	normal	361.0	0.0	0.0	0.20784134	0.0	0.0	0.03725691	0.0	0.0	0.002319867
10267	vascular associated smooth muscle cell	047d57f2-4d14-45de-aa98-336c6f583750	pooled	unknown	normal	264.0	0.0	0.0	0.58510476	0.0	0.0	0.039180946	0.0	0.0	0.0023262582
10290	vascular associated smooth muscle cell	047d57f2-4d14-45de-aa98-336c6f583750	pooled	unknown	normal	386.0	0.0	0.0	0.22662513	0.0	0.0	0.031707786	0.0	0.0	0.001272566
10297	vascular associated smooth muscle cell	047d57f2-4d14-45de-aa98-336c6f583750	pooled	unknown	normal	325.0	0.0	0.0	0.36808693	0.0	0.0	0.018681433	0.0	0.0	0.0011869578
10300	vascular associated smooth muscle cell	047d57f2-4d14-45de-aa98-336c6f583750	pooled	unknown	normal	195.0	0.0	0.0	2.2507396	0.0	0.0	0.07915024	0.0	0.0	0.02937663
10327	vascular associated smooth muscle cell	047d57f2-4d14-45de-aa98-336c6f583750	pooled	unknown	normal	274.0	0.0	0.0	1.0419887	0.0	0.0	0.06646979	0.0	0.0	0.031174552
10332	vascular associated smooth muscle cell	047d57f2-4d14-45de-aa98-336c6f583750	pooled	unknown	normal	294.0	0.0	0.0	1.8515353	0.0	0.0	0.026999008	0.0	0.0	0.026986666
10337	vascular associated smooth muscle cell	047d57f2-4d14-45de-aa98-336c6f583750	pooled	unknown	normal	304.0	0.0	0.0	0.13492788	0.0	0.0	0.041795455	0.0	0.0	0.0054534595
10361	vascular associated smooth muscle cell	047d57f2-4d14-45de-aa98-336c6f583750	pooled	unknown	normal	283.0	0.0	0.0	0.2941028	0.0	0.0	0.018413395	0.0	0.0	0.008814476
10373	vascular associated smooth muscle cell	047d57f2-4d14-45de-aa98-336c6f583750	pooled	unknown	normal	339.0	0.0	0.0	0.23083225	0.0	0.0	0.010180955	0.0	0.0	0.0050001047
10378	vascular associated smooth muscle cell	047d57f2-4d14-45de-aa98-336c6f583750	pooled	unknown	normal	324.0	1.0	1.2630358	0.94117755	0.0	0.0	0.09292462	0.0	0.0	0.036615312
10382	vascular associated smooth muscle cell	047d57f2-4d14-45de-aa98-336c6f583750	pooled	unknown	normal	195.0	0.0	0.0	1.5894865	0.0	0.0	0.047289122	0.0	0.0	0.00904855
10401	vascular associated smooth muscle cell	047d57f2-4d14-45de-aa98-336c6f583750	pooled	unknown	normal	245.0	0.0	0.0	0.15833385	0.0	0.0	0.010738852	0.0	0.0	0.0032941347
10414	vascular associated smooth muscle cell	047d57f2-4d14-45de-aa98-336c6f583750	pooled	unknown	normal	520.0	0.0	0.0	0.64875203	0.0	0.0	0.0602502	0.0	0.0	0.008330274
10434	vascular associated smooth muscle cell	047d57f2-4d14-45de-aa98-336c6f583750	pooled	unknown	normal	423.0	0.0	0.0	0.5259502	0.0	0.0	0.020365776	0.0	0.0	0.023284283
10435	vascular associated smooth muscle cell	047d57f2-4d14-45de-aa98-336c6f583750	pooled	unknown	normal	426.0	0.0	0.0	0.30402678	0.0	0.0	0.07510726	0.0	0.0	0.019385338
10445	vascular associated smooth muscle cell	047d57f2-4d14-45de-aa98-336c6f583750	pooled	unknown	normal	419.0	0.0	0.0	0.1749538	0.0	0.0	0.035205815	0.0	0.0	0.0020183849
10446	vascular associated smooth muscle cell	047d57f2-4d14-45de-aa98-336c6f583750	pooled	unknown	normal	269.0	0.0	0.0	0.71429837	0.0	0.0	0.19720349	0.0	0.0	0.045097496
10455	vascular associated smooth muscle cell	047d57f2-4d14-45de-aa98-336c6f583750	pooled	unknown	normal	133.0	0.0	0.0	1.0346601	0.0	0.0	0.054697808	0.0	0.0	0.0076125576
10458	vascular associated smooth muscle cell	047d57f2-4d14-45de-aa98-336c6f583750	pooled	unknown	normal	614.0	0.0	0.0	0.10490194	0.0	0.0	0.011911355	0.0	0.0	0.0020815937
10465	vascular associated smooth muscle cell	047d57f2-4d14-45de-aa98-336c6f583750	pooled	unknown	normal	230.0	0.0	0.0	0.7078602	0.0	0.0	0.05969431	0.0	0.0	0.026201205
10483	vascular associated smooth muscle cell	047d57f2-4d14-45de-aa98-336c6f583750	pooled	unknown	normal	398.0	0.0	0.0	0.3864747	0.0	0.0	0.027107658	0.0	0.0	0.0036333995
10487	vascular associated smooth muscle cell	047d57f2-4d14-45de-aa98-336c6f583750	pooled	unknown	normal	372.0	0.0	0.0	0.12000276	0.0	0.0	0.010161186	0.0	0.0	0.0059145642
10493	vascular associated smooth muscle cell	047d57f2-4d14-45de-aa98-336c6f583750	pooled	unknown	normal	282.0	0.0	0.0	0.27947858	0.0	0.0	0.02537922	0.0	0.0	0.010898667
10504	vascular associated smooth muscle cell	047d57f2-4d14-45de-aa98-336c6f583750	pooled	unknown	normal	282.0	0.0	0.0	1.2855967	0.0	0.0	0.045963638	0.0	0.0	0.02488182
10510	vascular associated smooth muscle cell	047d57f2-4d14-45de-aa98-336c6f583750	pooled	unknown	normal	344.0	0.0	0.0	0.24054338	0.0	0.0	0.038743887	0.0	0.0	0.012861881
10511	vascular associated smooth muscle cell	047d57f2-4d14-45de-aa98-336c6f583750	pooled	unknown	normal	213.0	0.0	0.0	1.6829197	0.0	0.0	0.021623597	0.0	0.0	0.015295439
10523	vascular associated smooth muscle cell	047d57f2-4d14-45de-aa98-336c6f583750	pooled	unknown	normal	170.0	0.0	0.0	2.5241337	0.0	0.0	0.051546983	0.0	0.0	0.023278365
10544	vascular associated smooth muscle cell	047d57f2-4d14-45de-aa98-336c6f583750	pooled	unknown	normal	202.0	0.0	0.0	1.2549735	0.0	0.0	0.06876962	0.0	0.0	0.018951833
10559	vascular associated smooth muscle cell	047d57f2-4d14-45de-aa98-336c6f583750	pooled	unknown	normal	328.0	0.0	0.0	0.3295807	0.0	0.0	0.032413375	0.0	0.0	0.0040867883
10577	vascular associated smooth muscle cell	047d57f2-4d14-45de-aa98-336c6f583750	pooled	unknown	normal	133.0	0.0	0.0	1.7926311	0.0	0.0	0.06034192	0.0	0.0	0.015767006
10587	vascular associated smooth muscle cell	047d57f2-4d14-45de-aa98-336c6f583750	pooled	unknown	normal	291.0	0.0	0.0	0.87500745	0.0	0.0	0.020474104	0.0	0.0	0.0057013296
10590	vascular associated smooth muscle cell	047d57f2-4d14-45de-aa98-336c6f583750	pooled	unknown	normal	217.0	0.0	0.0	1.4306116	0.0	0.0	0.02827746	0.0	0.0	0.025902249
10609	vascular associated smooth muscle cell	047d57f2-4d14-45de-aa98-336c6f583750	pooled	unknown	normal	155.0	0.0	0.0	1.8802551	0.0	0.0	0.028271351	0.0	0.0	0.0061882692
10659	vascular associated smooth muscle cell	047d57f2-4d14-45de-aa98-336c6f583750	pooled	unknown	normal	188.0	0.0	0.0	2.1261308	0.0	0.0	0.062571675	0.0	0.0	0.08908074
10700	vascular associated smooth muscle cell	047d57f2-4d14-45de-aa98-336c6f583750	pooled	unknown	normal	363.0	0.0	0.0	0.24799252	0.0	0.0	0.02413715	0.0	0.0	0.0073153074
10728	vascular associated smooth muscle cell	047d57f2-4d14-45de-aa98-336c6f583750	pooled	unknown	normal	335.0	1.0	1.5651891	0.25647947	0.0	0.0	0.012647819	0.0	0.0	0.010531227
10734	vascular associated smooth muscle cell	047d57f2-4d14-45de-aa98-336c6f583750	pooled	unknown	normal	431.0	0.0	0.0	0.18266046	0.0	0.0	0.017404128	0.0	0.0	0.0040501575
10739	vascular associated smooth muscle cell	047d57f2-4d14-45de-aa98-336c6f583750	pooled	unknown	normal	613.0	0.0	0.0	0.17844716	0.0	0.0	0.07198242	0.0	0.0	0.006893437
10743	vascular associated smooth muscle cell	047d57f2-4d14-45de-aa98-336c6f583750	pooled	unknown	normal	236.0	1.0	1.604655	1.64012	0.0	0.0	0.04263688	0.0	0.0	0.025088163
10747	vascular associated smooth muscle cell	047d57f2-4d14-45de-aa98-336c6f583750	pooled	unknown	normal	233.0	0.0	0.0	1.4819701	0.0	0.0	0.016279893	0.0	0.0	0.026561469
10749	vascular associated smooth muscle cell	047d57f2-4d14-45de-aa98-336c6f583750	pooled	unknown	normal	142.0	0.0	0.0	2.1487617	0.0	0.0	0.04419766	0.0	0.0	0.035540182
10755	vascular associated smooth muscle cell	047d57f2-4d14-45de-aa98-336c6f583750	pooled	unknown	normal	182.0	0.0	0.0	0.82402414	0.0	0.0	0.10673941	0.0	0.0	0.04349616
10759	vascular associated smooth muscle cell	047d57f2-4d14-45de-aa98-336c6f583750	pooled	unknown	normal	255.0	0.0	0.0	1.4474943	0.0	0.0	0.028138887	0.0	0.0	0.005560509
10802	vascular associated smooth muscle cell	047d57f2-4d14-45de-aa98-336c6f583750	pooled	unknown	normal	168.0	0.0	0.0	0.53502434	0.0	0.0	0.09871829	0.0	0.0	0.01636702
10890	vascular associated smooth muscle cell	047d57f2-4d14-45de-aa98-336c6f583750	pooled	unknown	normal	199.0	0.0	0.0	2.694385	0.0	0.0	0.01741729	0.0	0.0	0.014408403
10891	vascular associated smooth muscle cell	047d57f2-4d14-45de-aa98-336c6f583750	pooled	unknown	normal	202.0	0.0	0.0	0.42802736	0.0	0.0	0.056531202	0.0	0.0	0.0052942103
10901	vascular associated smooth muscle cell	047d57f2-4d14-45de-aa98-336c6f583750	pooled	unknown	normal	531.0	0.0	0.0	0.25942472	0.0	0.0	0.021757342	0.0	0.0	0.003839038
10903	vascular associated smooth muscle cell	047d57f2-4d14-45de-aa98-336c6f583750	pooled	unknown	normal	205.0	1.0	1.6602752	1.5289203	0.0	0.0	0.027536029	0.0	0.0	0.0092767365
10919	vascular associated smooth muscle cell	047d57f2-4d14-45de-aa98-336c6f583750	pooled	unknown	normal	204.0	0.0	0.0	1.6763246	0.0	0.0	0.060545206	0.0	0.0	0.021011526
10921	vascular associated smooth muscle cell	047d57f2-4d14-45de-aa98-336c6f583750	pooled	unknown	normal	258.0	0.0	0.0	0.22816125	0.0	0.0	0.06512203	0.0	0.0	0.012946889
10937	vascular associated smooth muscle cell	047d57f2-4d14-45de-aa98-336c6f583750	pooled	unknown	normal	678.0	0.0	0.0	0.22969253	0.0	0.0	0.013632849	0.0	0.0	0.004379395
10942	vascular associated smooth muscle cell	047d57f2-4d14-45de-aa98-336c6f583750	pooled	unknown	normal	406.0	0.0	0.0	0.21526718	0.0	0.0	0.023975503	0.0	0.0	0.0018393914
10949	vascular associated smooth muscle cell	047d57f2-4d14-45de-aa98-336c6f583750	pooled	unknown	normal	173.0	0.0	0.0	0.8232131	0.0	0.0	0.055685103	0.0	0.0	0.07369768
10982	vascular associated smooth muscle cell	047d57f2-4d14-45de-aa98-336c6f583750	pooled	unknown	normal	350.0	0.0	0.0	0.13416094	0.0	0.0	0.0051807733	0.0	0.0	0.0023719524
10992	vascular associated smooth muscle cell	047d57f2-4d14-45de-aa98-336c6f583750	pooled	unknown	normal	220.0	0.0	0.0	0.8357642	0.0	0.0	0.02356539	0.0	0.0	0.015371509
11019	vascular associated smooth muscle cell	047d57f2-4d14-45de-aa98-336c6f583750	pooled	unknown	normal	124.0	0.0	0.0	1.1428835	0.0	0.0	0.075482264	0.0	0.0	0.011278822
11027	vascular associated smooth muscle cell	047d57f2-4d14-45de-aa98-336c6f583750	pooled	unknown	normal	167.0	0.0	0.0	0.47582686	0.0	0.0	0.053323444	0.0	0.0	0.007290244
11033	vascular associated smooth muscle cell	047d57f2-4d14-45de-aa98-336c6f583750	pooled	unknown	normal	174.0	0.0	0.0	0.74436677	0.0	0.0	0.050369617	0.0	0.0	0.0076494655
11071	vascular associated smooth muscle cell	047d57f2-4d14-45de-aa98-336c6f583750	pooled	unknown	normal	293.0	0.0	0.0	0.97997713	0.0	0.0	0.13956945	0.0	0.0	0.013430861
11074	vascular associated smooth muscle cell	047d57f2-4d14-45de-aa98-336c6f583750	pooled	unknown	normal	277.0	0.0	0.0	2.4163048	0.0	0.0	0.018481618	0.0	0.0	0.036844447
11082	vascular associated smooth muscle cell	047d57f2-4d14-45de-aa98-336c6f583750	pooled	unknown	normal	142.0	2.0	2.6594925	2.5480127	0.0	0.0	0.010554694	0.0	0.0	0.024917828
11095	vascular associated smooth muscle cell	047d57f2-4d14-45de-aa98-336c6f583750	pooled	unknown	normal	261.0	0.0	0.0	1.2127428	0.0	0.0	0.061883133	0.0	0.0	0.024173051
11172	vascular associated smooth muscle cell	047d57f2-4d14-45de-aa98-336c6f583750	pooled	unknown	normal	457.0	0.0	0.0	0.21747074	0.0	0.0	0.020137832	0.0	0.0	0.0014196578
11219	vascular associated smooth muscle cell	047d57f2-4d14-45de-aa98-336c6f583750	pooled	unknown	normal	471.0	0.0	0.0	0.11033154	0.0	0.0	0.009669672	0.0	0.0	0.002202325
11248	vascular associated smooth muscle cell	047d57f2-4d14-45de-aa98-336c6f583750	pooled	unknown	normal	391.0	0.0	0.0	0.18982059	0.0	0.0	0.0067728325	0.0	0.0	0.0021879824
11250	vascular associated smooth muscle cell	047d57f2-4d14-45de-aa98-336c6f583750	pooled	unknown	normal	450.0	0.0	0.0	0.6601891	0.0	0.0	0.03534476	0.0	0.0	0.008616292
11291	vascular associated smooth muscle cell	047d57f2-4d14-45de-aa98-336c6f583750	pooled	unknown	normal	166.0	0.0	0.0	1.6823661	0.0	0.0	0.08352021	0.0	0.0	0.012017314
11333	vascular associated smooth muscle cell	047d57f2-4d14-45de-aa98-336c6f583750	pooled	unknown	normal	529.0	0.0	0.0	0.19790402	0.0	0.0	0.0048231725	0.0	0.0	0.0076075057
11345	vascular associated smooth muscle cell	047d57f2-4d14-45de-aa98-336c6f583750	pooled	unknown	normal	249.0	0.0	0.0	1.3464801	0.0	0.0	0.057159938	0.0	0.0	0.042713515
11352	vascular associated smooth muscle cell	047d57f2-4d14-45de-aa98-336c6f583750	pooled	unknown	normal	224.0	0.0	0.0	2.6284602	0.0	0.0	0.03663215	0.0	0.0	0.038346346
11356	vascular associated smooth muscle cell	047d57f2-4d14-45de-aa98-336c6f583750	pooled	unknown	normal	413.0	0.0	0.0	0.24127734	0.0	0.0	0.015875805	0.0	0.0	0.0023680816
11361	vascular associated smooth muscle cell	047d57f2-4d14-45de-aa98-336c6f583750	pooled	unknown	normal	148.0	0.0	0.0	0.7163485	0.0	0.0	0.045994855	0.0	0.0	0.011622661
11364	vascular associated smooth muscle cell	047d57f2-4d14-45de-aa98-336c6f583750	pooled	unknown	normal	213.0	0.0	0.0	1.7346869	0.0	0.0	0.02107008	0.0	0.0	0.009481601
11399	vascular associated smooth muscle cell	047d57f2-4d14-45de-aa98-336c6f583750	pooled	unknown	normal	256.0	0.0	0.0	2.1731024	0.0	0.0	0.012159585	0.0	0.0	0.014623036
11413	vascular associated smooth muscle cell	047d57f2-4d14-45de-aa98-336c6f583750	pooled	unknown	normal	210.0	0.0	0.0	1.3536215	0.0	0.0	0.052789852	0.0	0.0	0.022610443
11423	vascular associated smooth muscle cell	047d57f2-4d14-45de-aa98-336c6f583750	pooled	unknown	normal	389.0	0.0	0.0	0.17255506	0.0	0.0	0.0050968677	0.0	0.0	0.0031585598
11445	vascular associated smooth muscle cell	047d57f2-4d14-45de-aa98-336c6f583750	pooled	unknown	normal	319.0	1.0	1.2065456	0.87661046	0.0	0.0	0.019514367	0.0	0.0	0.004758545
11449	vascular associated smooth muscle cell	047d57f2-4d14-45de-aa98-336c6f583750	pooled	unknown	normal	281.0	0.0	0.0	0.38757357	0.0	0.0	0.026615154	0.0	0.0	0.0052901865
11453	vascular associated smooth muscle cell	047d57f2-4d14-45de-aa98-336c6f583750	pooled	unknown	normal	245.0	0.0	0.0	0.54764754	0.0	0.0	0.08730138	0.0	0.0	0.035704892
11488	vascular associated smooth muscle cell	047d57f2-4d14-45de-aa98-336c6f583750	pooled	unknown	normal	352.0	0.0	0.0	0.26095673	0.0	0.0	0.024969865	0.0	0.0	0.008231838
11495	vascular associated smooth muscle cell	047d57f2-4d14-45de-aa98-336c6f583750	pooled	unknown	normal	173.0	1.0	1.8964969	2.7869582	0.0	0.0	0.022207992	0.0	0.0	0.016817171
11536	vascular associated smooth muscle cell	047d57f2-4d14-45de-aa98-336c6f583750	pooled	unknown	normal	192.0	0.0	0.0	2.2938714	0.0	0.0	0.024885418	0.0	0.0	0.017092217
11552	vascular associated smooth muscle cell	047d57f2-4d14-45de-aa98-336c6f583750	pooled	unknown	normal	263.0	0.0	0.0	1.535559	0.0	0.0	0.04617483	0.0	0.0	0.060585245
11561	vascular associated smooth muscle cell	047d57f2-4d14-45de-aa98-336c6f583750	pooled	unknown	normal	245.0	1.0	1.5291001	3.0317488	0.0	0.0	0.0183296	0.0	0.0	0.018679112
11563	vascular associated smooth muscle cell	047d57f2-4d14-45de-aa98-336c6f583750	pooled	unknown	normal	203.0	0.0	0.0	1.5597174	0.0	0.0	0.047513034	0.0	0.0	0.062316425
11574	vascular associated smooth muscle cell	047d57f2-4d14-45de-aa98-336c6f583750	pooled	unknown	normal	159.0	0.0	0.0	1.2476187	0.0	0.0	0.042296086	0.0	0.0	0.009913281
11597	vascular associated smooth muscle cell	047d57f2-4d14-45de-aa98-336c6f583750	pooled	unknown	normal	141.0	0.0	0.0	0.65069443	0.0	0.0	0.08119871	0.0	0.0	0.011884407
11627	vascular associated smooth muscle cell	047d57f2-4d14-45de-aa98-336c6f583750	pooled	unknown	normal	180.0	1.0	1.8435845	1.6720321	0.0	0.0	0.05942551	0.0	0.0	0.0129693635
11628	vascular associated smooth muscle cell	047d57f2-4d14-45de-aa98-336c6f583750	pooled	unknown	normal	306.0	0.0	0.0	0.18253975	0.0	0.0	0.0034283006	0.0	0.0	0.0009935194
11657	vascular associated smooth muscle cell	047d57f2-4d14-45de-aa98-336c6f583750	pooled	unknown	normal	374.0	0.0	0.0	1.6930263	0.0	0.0	0.008823197	0.0	0.0	0.0068461327
11659	vascular associated smooth muscle cell	047d57f2-4d14-45de-aa98-336c6f583750	pooled	unknown	normal	142.0	0.0	0.0	1.652753	0.0	0.0	0.03643922	0.0	0.0	0.01823679
11687	vascular associated smooth muscle cell	047d57f2-4d14-45de-aa98-336c6f583750	pooled	unknown	normal	147.0	0.0	0.0	0.7717047	0.0	0.0	0.073582366	0.0	0.0	0.038152885
11706	vascular associated smooth muscle cell	047d57f2-4d14-45de-aa98-336c6f583750	pooled	unknown	normal	227.0	0.0	0.0	1.5748818	0.0	0.0	0.009168126	0.0	0.0	0.01434667
11719	vascular associated smooth muscle cell	047d57f2-4d14-45de-aa98-336c6f583750	pooled	unknown	normal	491.0	0.0	0.0	0.16952842	0.0	0.0	0.022151833	0.0	0.0	0.007916008
11728	vascular associated smooth muscle cell	047d57f2-4d14-45de-aa98-336c6f583750	pooled	unknown	normal	262.0	0.0	0.0	0.47113988	0.0	0.0	0.009749401	0.0	0.0	0.005173121
11750	vascular associated smooth muscle cell	047d57f2-4d14-45de-aa98-336c6f583750	pooled	unknown	normal	183.0	0.0	0.0	2.4084544	0.0	0.0	0.009208634	0.0	0.0	0.02972366
11756	vascular associated smooth muscle cell	047d57f2-4d14-45de-aa98-336c6f583750	pooled	unknown	normal	145.0	0.0	0.0	1.437885	0.0	0.0	0.023325915	0.0	0.0	0.01411611
11761	vascular associated smooth muscle cell	047d57f2-4d14-45de-aa98-336c6f583750	pooled	unknown	normal	130.0	0.0	0.0	1.9431458	0.0	0.0	0.039897144	0.0	0.0	0.010879431
11772	vascular associated smooth muscle cell	047d57f2-4d14-45de-aa98-336c6f583750	pooled	unknown	normal	237.0	0.0	0.0	1.2570105	0.0	0.0	0.032991376	0.0	0.0	0.03161886
11782	vascular associated smooth muscle cell	047d57f2-4d14-45de-aa98-336c6f583750	pooled	unknown	normal	184.0	0.0	0.0	1.9987874	0.0	0.0	0.014062079	0.0	0.0	0.016644133
11803	vascular associated smooth muscle cell	047d57f2-4d14-45de-aa98-336c6f583750	pooled	unknown	normal	325.0	0.0	0.0	0.32894552	0.0	0.0	0.010990427	0.0	0.0	0.004415133
11814	vascular associated smooth muscle cell	047d57f2-4d14-45de-aa98-336c6f583750	pooled	unknown	normal	350.0	0.0	0.0	2.1891823	0.0	0.0	0.04276466	0.0	0.0	0.014321896
11818	vascular associated smooth muscle cell	047d57f2-4d14-45de-aa98-336c6f583750	pooled	unknown	normal	138.0	0.0	0.0	0.8497583	0.0	0.0	0.05311309	0.0	0.0	0.012940496
11826	vascular associated smooth muscle cell	047d57f2-4d14-45de-aa98-336c6f583750	pooled	unknown	normal	439.0	0.0	0.0	0.3072789	0.0	0.0	0.019079745	0.0	0.0	0.011962765
11828	vascular associated smooth muscle cell	047d57f2-4d14-45de-aa98-336c6f583750	pooled	unknown	normal	133.0	0.0	0.0	1.1180496	0.0	0.0	0.043616645	0.0	0.0	0.0019949158
11839	vascular associated smooth muscle cell	047d57f2-4d14-45de-aa98-336c6f583750	pooled	unknown	normal	343.0	0.0	0.0	0.24436972	0.0	0.0	0.0149507355	0.0	0.0	0.0053115063
11844	vascular associated smooth muscle cell	047d57f2-4d14-45de-aa98-336c6f583750	pooled	unknown	normal	344.0	0.0	0.0	0.21774818	0.0	0.0	0.036323015	0.0	0.0	0.004602864
11852	vascular associated smooth muscle cell	047d57f2-4d14-45de-aa98-336c6f583750	pooled	unknown	normal	268.0	0.0	0.0	0.8225619	0.0	0.0	0.07851596	0.0	0.0	0.017260825
11874	vascular associated smooth muscle cell	047d57f2-4d14-45de-aa98-336c6f583750	pooled	unknown	normal	485.0	0.0	0.0	0.30153176	0.0	0.0	0.053302508	0.0	0.0	0.0072265645
11892	vascular associated smooth muscle cell	047d57f2-4d14-45de-aa98-336c6f583750	pooled	unknown	normal	256.0	0.0	0.0	0.30326256	0.0	0.0	0.07391299	0.0	0.0	0.027936324
11938	vascular associated smooth muscle cell	047d57f2-4d14-45de-aa98-336c6f583750	pooled	unknown	normal	154.0	0.0	0.0	1.4619828	0.0	0.0	0.04804405	0.0	0.0	0.004654542
11948	vascular associated smooth muscle cell	047d57f2-4d14-45de-aa98-336c6f583750	pooled	unknown	normal	172.0	0.0	0.0	0.28722137	0.0	0.0	0.034983948	0.0	0.0	0.0058924
11949	vascular associated smooth muscle cell	047d57f2-4d14-45de-aa98-336c6f583750	pooled	unknown	normal	257.0	0.0	0.0	0.3060932	0.0	0.0	0.064196125	0.0	0.0	0.003783901
11961	vascular associated smooth muscle cell	047d57f2-4d14-45de-aa98-336c6f583750	pooled	unknown	normal	284.0	0.0	0.0	0.44094366	0.0	0.0	0.13648391	0.0	0.0	0.025403216
11990	vascular associated smooth muscle cell	047d57f2-4d14-45de-aa98-336c6f583750	pooled	unknown	normal	405.0	0.0	0.0	0.14423202	0.0	0.0	0.052636843	0.0	0.0	0.0032191514
12005	vascular associated smooth muscle cell	047d57f2-4d14-45de-aa98-336c6f583750	pooled	unknown	normal	254.0	0.0	0.0	0.26135153	0.0	0.0	0.010696209	0.0	0.0	0.0020691375
12011	vascular associated smooth muscle cell	047d57f2-4d14-45de-aa98-336c6f583750	pooled	unknown	normal	97.0	0.0	0.0	1.6368731	0.0	0.0	0.024715435	0.0	0.0	0.017868241
12024	vascular associated smooth muscle cell	047d57f2-4d14-45de-aa98-336c6f583750	pooled	unknown	normal	519.0	0.0	0.0	0.30086717	0.0	0.0	0.012699659	0.0	0.0	0.001606852
12087	vascular associated smooth muscle cell	047d57f2-4d14-45de-aa98-336c6f583750	pooled	unknown	normal	205.0	0.0	0.0	1.6292078	0.0	0.0	0.011862182	0.0	0.0	0.006753638
12094	vascular associated smooth muscle cell	047d57f2-4d14-45de-aa98-336c6f583750	pooled	unknown	normal	295.0	0.0	0.0	1.9543568	0.0	0.0	0.01886656	0.0	0.0	0.049958795
12105	vascular associated smooth muscle cell	047d57f2-4d14-45de-aa98-336c6f583750	pooled	unknown	normal	445.0	0.0	0.0	0.14863254	0.0	0.0	0.010593445	0.0	0.0	0.0027046977
12118	vascular associated smooth muscle cell	047d57f2-4d14-45de-aa98-336c6f583750	pooled	unknown	normal	365.0	0.0	0.0	0.19007418	0.0	0.0	0.0134808635	0.0	0.0	0.0045194677
12125	vascular associated smooth muscle cell	047d57f2-4d14-45de-aa98-336c6f583750	pooled	unknown	normal	368.0	0.0	0.0	0.1419137	0.0	0.0	0.0069986526	0.0	0.0	0.0020915058
12132	vascular associated smooth muscle cell	047d57f2-4d14-45de-aa98-336c6f583750	pooled	unknown	normal	141.0	0.0	0.0	2.2198722	0.0	0.0	0.03557319	0.0	0.0	0.03436091
12148	vascular associated smooth muscle cell	047d57f2-4d14-45de-aa98-336c6f583750	pooled	unknown	normal	294.0	0.0	0.0	0.38970828	0.0	0.0	0.033278856	0.0	0.0	0.0027765105
12167	vascular associated smooth muscle cell	047d57f2-4d14-45de-aa98-336c6f583750	pooled	unknown	normal	408.0	0.0	0.0	0.5316582	0.0	0.0	0.0452098	0.0	0.0	0.03359182
12176	vascular associated smooth muscle cell	047d57f2-4d14-45de-aa98-336c6f583750	pooled	unknown	normal	172.0	0.0	0.0	2.058977	0.0	0.0	0.026401198	0.0	0.0	0.010434334
12189	vascular associated smooth muscle cell	047d57f2-4d14-45de-aa98-336c6f583750	pooled	unknown	normal	134.0	0.0	0.0	0.7769959	0.0	0.0	0.032714635	0.0	0.0	0.028638868
12197	vascular associated smooth muscle cell	047d57f2-4d14-45de-aa98-336c6f583750	pooled	unknown	normal	335.0	0.0	0.0	0.7572993	0.0	0.0	0.022876823	0.0	0.0	0.0061875004
12217	vascular associated smooth muscle cell	047d57f2-4d14-45de-aa98-336c6f583750	pooled	unknown	normal	178.0	0.0	0.0	1.017113	0.0	0.0	0.13729309	0.0	0.0	0.039783258
12232	vascular associated smooth muscle cell	047d57f2-4d14-45de-aa98-336c6f583750	pooled	unknown	normal	250.0	0.0	0.0	0.2672966	0.0	0.0	0.009439778	0.0	0.0	0.0034275104
12244	vascular associated smooth muscle cell	047d57f2-4d14-45de-aa98-336c6f583750	pooled	unknown	normal	452.0	0.0	0.0	0.26228353	0.0	0.0	0.009222725	0.0	0.0	0.0036728727
12256	vascular associated smooth muscle cell	047d57f2-4d14-45de-aa98-336c6f583750	pooled	unknown	normal	352.0	0.0	0.0	0.16172169	0.0	0.0	0.012406757	0.0	0.0	0.0022965085
12277	vascular associated smooth muscle cell	047d57f2-4d14-45de-aa98-336c6f583750	pooled	unknown	normal	293.0	0.0	0.0	0.20748949	0.0	0.0	0.0113828145	0.0	0.0	0.0019740742
12282	vascular associated smooth muscle cell	047d57f2-4d14-45de-aa98-336c6f583750	pooled	unknown	normal	355.0	0.0	0.0	0.5009206	0.0	0.0	0.027055549	0.0	0.0	0.008512477
12289	vascular associated smooth muscle cell	047d57f2-4d14-45de-aa98-336c6f583750	pooled	unknown	normal	304.0	0.0	0.0	2.1411572	0.0	0.0	0.06331919	0.0	0.0	0.037003197
12315	vascular associated smooth muscle cell	047d57f2-4d14-45de-aa98-336c6f583750	pooled	unknown	normal	377.0	0.0	0.0	0.18971819	0.0	0.0	0.006178512	0.0	0.0	0.0013343764
12320	vascular associated smooth muscle cell	047d57f2-4d14-45de-aa98-336c6f583750	pooled	unknown	normal	192.0	0.0	0.0	0.5715622	0.0	0.0	0.078554146	0.0	0.0	0.024594374
12339	vascular associated smooth muscle cell	047d57f2-4d14-45de-aa98-336c6f583750	pooled	unknown	normal	544.0	0.0	0.0	0.29075855	0.0	0.0	0.0186883	0.0	0.0	0.005574339
12342	vascular associated smooth muscle cell	047d57f2-4d14-45de-aa98-336c6f583750	pooled	unknown	normal	192.0	0.0	0.0	1.1740361	0.0	0.0	0.018218463	0.0	0.0	0.0037691505
12345	vascular associated smooth muscle cell	047d57f2-4d14-45de-aa98-336c6f583750	pooled	unknown	normal	178.0	0.0	0.0	2.2602224	0.0	0.0	0.03548148	0.0	0.0	0.03827335
12387	vascular associated smooth muscle cell	047d57f2-4d14-45de-aa98-336c6f583750	pooled	unknown	normal	305.0	0.0	0.0	1.4150436	0.0	0.0	0.024083883	0.0	0.0	0.01518676
12396	vascular associated smooth muscle cell	047d57f2-4d14-45de-aa98-336c6f583750	pooled	unknown	normal	324.0	0.0	0.0	0.772968	0.0	0.0	0.14823319	0.0	0.0	0.013466455
12399	vascular associated smooth muscle cell	047d57f2-4d14-45de-aa98-336c6f583750	pooled	unknown	normal	259.0	0.0	0.0	0.11492801	0.0	0.0	0.003797548	0.0	0.0	0.0010298007
12401	vascular associated smooth muscle cell	047d57f2-4d14-45de-aa98-336c6f583750	pooled	unknown	normal	226.0	0.0	0.0	0.10105463	0.0	0.0	0.005272177	0.0	0.0	0.002348303
12404	vascular associated smooth muscle cell	047d57f2-4d14-45de-aa98-336c6f583750	pooled	unknown	normal	183.0	0.0	0.0	2.2873693	0.0	0.0	0.040843256	0.0	0.0	0.036641907
12472	vascular associated smooth muscle cell	047d57f2-4d14-45de-aa98-336c6f583750	pooled	unknown	normal	335.0	0.0	0.0	0.12168086	0.0	0.0	0.014041661	0.0	0.0	0.0013695561
12485	vascular associated smooth muscle cell	047d57f2-4d14-45de-aa98-336c6f583750	pooled	unknown	normal	188.0	0.0	0.0	0.7252271	0.0	0.0	0.06530426	0.0	0.0	0.048739247
12503	vascular associated smooth muscle cell	047d57f2-4d14-45de-aa98-336c6f583750	pooled	unknown	normal	807.0	1.0	0.8470694	2.137211	0.0	0.0	0.026896624	0.0	0.0	0.0064380486
12542	vascular associated smooth muscle cell	047d57f2-4d14-45de-aa98-336c6f583750	pooled	unknown	normal	222.0	0.0	0.0	0.17912382	0.0	0.0	0.016710611	0.0	0.0	0.002266827
12552	vascular associated smooth muscle cell	047d57f2-4d14-45de-aa98-336c6f583750	pooled	unknown	normal	373.0	0.0	0.0	1.2929702	0.0	0.0	0.052335296	0.0	0.0	0.058567613
12572	vascular associated smooth muscle cell	047d57f2-4d14-45de-aa98-336c6f583750	pooled	unknown	normal	180.0	1.0	1.9096065	2.9880967	0.0	0.0	0.02062583	0.0	0.0	0.019154668
12573	vascular associated smooth muscle cell	047d57f2-4d14-45de-aa98-336c6f583750	pooled	unknown	normal	422.0	2.0	1.7698095	1.819223	0.0	0.0	0.042896323	0.0	0.0	0.020877814
12576	vascular associated smooth muscle cell	047d57f2-4d14-45de-aa98-336c6f583750	pooled	unknown	normal	387.0	0.0	0.0	0.52335477	0.0	0.0	0.05698593	0.0	0.0	0.007756844
12593	vascular associated smooth muscle cell	047d57f2-4d14-45de-aa98-336c6f583750	pooled	unknown	normal	456.0	0.0	0.0	0.2792896	0.0	0.0	0.07275953	0.0	0.0	0.004073202
12649	vascular associated smooth muscle cell	047d57f2-4d14-45de-aa98-336c6f583750	pooled	unknown	normal	144.0	1.0	1.926451	1.6145642	0.0	0.0	0.049695987	0.0	0.0	0.0129025
12654	vascular associated smooth muscle cell	047d57f2-4d14-45de-aa98-336c6f583750	pooled	unknown	normal	672.0	0.0	0.0	0.12574798	0.0	0.0	0.01651236	0.0	0.0	0.0074949935
12658	vascular associated smooth muscle cell	047d57f2-4d14-45de-aa98-336c6f583750	pooled	unknown	normal	242.0	2.0	2.1961586	2.8076575	0.0	0.0	0.026923163	0.0	0.0	0.047676735
12672	vascular associated smooth muscle cell	047d57f2-4d14-45de-aa98-336c6f583750	pooled	unknown	normal	225.0	0.0	0.0	1.1533065	0.0	0.0	0.034274716	0.0	0.0	0.022355363
12704	vascular associated smooth muscle cell	047d57f2-4d14-45de-aa98-336c6f583750	pooled	unknown	normal	175.0	0.0	0.0	2.1959076	0.0	0.0	0.02328129	0.0	0.0	0.0073129972
12748	vascular associated smooth muscle cell	047d57f2-4d14-45de-aa98-336c6f583750	pooled	unknown	normal	254.0	1.0	1.6834395	1.9207293	0.0	0.0	0.07253643	0.0	0.0	0.033475716
12769	vascular associated smooth muscle cell	047d57f2-4d14-45de-aa98-336c6f583750	pooled	unknown	normal	490.0	0.0	0.0	0.11377709	0.0	0.0	0.019509243	0.0	0.0	0.0045547336
12773	vascular associated smooth muscle cell	047d57f2-4d14-45de-aa98-336c6f583750	pooled	unknown	normal	505.0	0.0	0.0	0.10207359	0.0	0.0	0.0062872316	0.0	0.0	0.0030204472
12794	vascular associated smooth muscle cell	047d57f2-4d14-45de-aa98-336c6f583750	pooled	unknown	normal	309.0	0.0	0.0	0.46553043	0.0	0.0	0.0320571	0.0	0.0	0.02303579
12842	vascular associated smooth muscle cell	047d57f2-4d14-45de-aa98-336c6f583750	pooled	unknown	normal	638.0	0.0	0.0	1.5621794	0.0	0.0	0.07501672	0.0	0.0	0.006465982
12861	vascular associated smooth muscle cell	047d57f2-4d14-45de-aa98-336c6f583750	pooled	unknown	normal	170.0	0.0	0.0	1.2439561	0.0	0.0	0.040624637	0.0	0.0	0.019268442
12862	vascular associated smooth muscle cell	047d57f2-4d14-45de-aa98-336c6f583750	pooled	unknown	normal	230.0	0.0	0.0	1.0582505	0.0	0.0	0.13085082	0.0	0.0	0.030102504
12864	vascular associated smooth muscle cell	047d57f2-4d14-45de-aa98-336c6f583750	pooled	unknown	normal	704.0	0.0	0.0	1.080862	0.0	0.0	0.14982471	0.0	0.0	0.05426572
12876	vascular associated smooth muscle cell	047d57f2-4d14-45de-aa98-336c6f583750	pooled	unknown	normal	283.0	0.0	0.0	0.277559	0.0	0.0	0.0039482014	0.0	0.0	0.00085486437
12907	vascular associated smooth muscle cell	047d57f2-4d14-45de-aa98-336c6f583750	pooled	unknown	normal	494.0	0.0	0.0	0.13879874	0.0	0.0	0.017800018	0.0	0.0	0.010669684
12922	vascular associated smooth muscle cell	047d57f2-4d14-45de-aa98-336c6f583750	pooled	unknown	normal	396.0	0.0	0.0	0.51702726	0.0	0.0	0.06245538	0.0	0.0	0.018761192
13001	vascular associated smooth muscle cell	047d57f2-4d14-45de-aa98-336c6f583750	pooled	unknown	normal	137.0	0.0	0.0	2.2157187	0.0	0.0	0.036896426	0.0	0.0	0.033851475
13023	vascular associated smooth muscle cell	047d57f2-4d14-45de-aa98-336c6f583750	pooled	unknown	normal	606.0	0.0	0.0	0.21317825	0.0	0.0	0.1443822	0.0	0.0	0.045534115
13028	vascular associated smooth muscle cell	047d57f2-4d14-45de-aa98-336c6f583750	pooled	unknown	normal	357.0	0.0	0.0	0.6924456	0.0	0.0	0.13424549	0.0	0.0	0.05540553
13044	vascular associated smooth muscle cell	047d57f2-4d14-45de-aa98-336c6f583750	pooled	unknown	normal	157.0	0.0	0.0	2.5013905	0.0	0.0	0.006850044	0.0	0.0	0.0047464655
13049	vascular associated smooth muscle cell	047d57f2-4d14-45de-aa98-336c6f583750	pooled	unknown	normal	155.0	0.0	0.0	1.528621	0.0	0.0	0.07321392	0.0	0.0	0.15927625
13097	vascular associated smooth muscle cell	047d57f2-4d14-45de-aa98-336c6f583750	pooled	unknown	normal	214.0	0.0	0.0	0.42726633	0.0	0.0	0.09270663	0.0	0.0	0.008607029
13100	vascular associated smooth muscle cell	047d57f2-4d14-45de-aa98-336c6f583750	pooled	unknown	normal	341.0	0.0	0.0	0.31903452	0.0	0.0	0.016464151	0.0	0.0	0.010737601
13139	vascular associated smooth muscle cell	047d57f2-4d14-45de-aa98-336c6f583750	pooled	unknown	normal	452.0	0.0	0.0	0.15637794	0.0	0.0	0.025013587	0.0	0.0	0.0021042887
13148	vascular associated smooth muscle cell	047d57f2-4d14-45de-aa98-336c6f583750	pooled	unknown	normal	157.0	0.0	0.0	1.5408419	0.0	0.0	0.15418065	0.0	0.0	0.01637717
13160	vascular associated smooth muscle cell	047d57f2-4d14-45de-aa98-336c6f583750	pooled	unknown	normal	197.0	0.0	0.0	0.26362127	0.0	0.0	0.016896693	0.0	0.0	0.024520688
13197	vascular associated smooth muscle cell	047d57f2-4d14-45de-aa98-336c6f583750	pooled	unknown	normal	218.0	0.0	0.0	2.0710347	0.0	0.0	0.03246839	0.0	0.0	0.06974995
13204	vascular associated smooth muscle cell	047d57f2-4d14-45de-aa98-336c6f583750	pooled	unknown	normal	279.0	0.0	0.0	2.5867107	0.0	0.0	0.026868341	0.0	0.0	0.03244228
13208	vascular associated smooth muscle cell	047d57f2-4d14-45de-aa98-336c6f583750	pooled	unknown	normal	309.0	0.0	0.0	1.1655827	0.0	0.0	0.17608555	0.0	0.0	0.047519654
13212	vascular associated smooth muscle cell	047d57f2-4d14-45de-aa98-336c6f583750	pooled	unknown	normal	428.0	0.0	0.0	0.31337476	0.0	0.0	0.1740635	0.0	0.0	0.060843486
13214	vascular associated smooth muscle cell	047d57f2-4d14-45de-aa98-336c6f583750	pooled	unknown	normal	314.0	0.0	0.0	1.9804801	0.0	0.0	0.063311964	0.0	0.0	0.007439494
13220	vascular associated smooth muscle cell	047d57f2-4d14-45de-aa98-336c6f583750	pooled	unknown	normal	323.0	3.0	2.3320897	2.9925122	0.0	0.0	0.014002001	0.0	0.0	0.026586285
13226	vascular associated smooth muscle cell	047d57f2-4d14-45de-aa98-336c6f583750	pooled	unknown	normal	1028.0	0.0	0.0	0.15616542	0.0	0.0	0.007893457	0.0	0.0	0.00325752
13230	vascular associated smooth muscle cell	047d57f2-4d14-45de-aa98-336c6f583750	pooled	unknown	normal	835.0	0.0	0.0	0.14031036	0.0	0.0	0.009342475	0.0	0.0	0.0062443055
13233	vascular associated smooth muscle cell	047d57f2-4d14-45de-aa98-336c6f583750	pooled	unknown	normal	198.0	0.0	0.0	0.5610985	0.0	0.0	0.007718576	0.0	0.0	0.0065966165
13285	vascular associated smooth muscle cell	047d57f2-4d14-45de-aa98-336c6f583750	pooled	unknown	normal	597.0	0.0	0.0	0.22462516	0.0	0.0	0.018131632	0.0	0.0	0.009302773
13299	vascular associated smooth muscle cell	047d57f2-4d14-45de-aa98-336c6f583750	pooled	unknown	normal	624.0	0.0	0.0	0.13500637	0.0	0.0	0.007832814	0.0	0.0	0.002607019
13322	vascular associated smooth muscle cell	047d57f2-4d14-45de-aa98-336c6f583750	pooled	unknown	normal	160.0	0.0	0.0	1.0581456	0.0	0.0	0.13608824	0.0	0.0	0.019820187
13326	vascular associated smooth muscle cell	047d57f2-4d14-45de-aa98-336c6f583750	pooled	unknown	normal	443.0	0.0	0.0	0.5374768	0.0	0.0	0.05184625	0.0	0.0	0.0023939386
13329	vascular associated smooth muscle cell	047d57f2-4d14-45de-aa98-336c6f583750	pooled	unknown	normal	244.0	0.0	0.0	0.4220677	0.0	0.0	0.014845784	0.0	0.0	0.0026641937
13336	vascular associated smooth muscle cell	047d57f2-4d14-45de-aa98-336c6f583750	pooled	unknown	normal	180.0	1.0	1.6513617	3.1146016	0.0	0.0	0.015693115	0.0	0.0	0.01358418
13340	vascular associated smooth muscle cell	047d57f2-4d14-45de-aa98-336c6f583750	pooled	unknown	normal	884.0	0.0	0.0	0.7272602	0.0	0.0	0.03640617	0.0	0.0	0.0038574769
13346	vascular associated smooth muscle cell	047d57f2-4d14-45de-aa98-336c6f583750	pooled	unknown	normal	141.0	0.0	0.0	2.8199248	0.0	0.0	0.01788471	0.0	0.0	0.019192878
13367	vascular associated smooth muscle cell	047d57f2-4d14-45de-aa98-336c6f583750	pooled	unknown	normal	749.0	0.0	0.0	0.24119857	0.0	0.0	0.014813144	0.0	0.0	0.0013705521
13368	vascular associated smooth muscle cell	047d57f2-4d14-45de-aa98-336c6f583750	pooled	unknown	normal	197.0	1.0	1.6123241	2.1792064	0.0	0.0	0.058191128	0.0	0.0	0.012049568
13372	vascular associated smooth muscle cell	047d57f2-4d14-45de-aa98-336c6f583750	pooled	unknown	normal	771.0	0.0	0.0	0.22093292	0.0	0.0	0.030107485	0.0	0.0	0.015418989
13376	vascular associated smooth muscle cell	047d57f2-4d14-45de-aa98-336c6f583750	pooled	unknown	normal	394.0	1.0	1.2516925	2.561961	0.0	0.0	0.02756158	0.0	0.0	0.02873923
13397	vascular associated smooth muscle cell	047d57f2-4d14-45de-aa98-336c6f583750	pooled	unknown	normal	287.0	0.0	0.0	2.22983	0.0	0.0	0.026959963	0.0	0.0	0.0169229
13410	vascular associated smooth muscle cell	047d57f2-4d14-45de-aa98-336c6f583750	pooled	unknown	normal	269.0	1.0	1.6139331	2.7602606	0.0	0.0	0.018547881	0.0	0.0	0.051457476
13426	vascular associated smooth muscle cell	047d57f2-4d14-45de-aa98-336c6f583750	pooled	unknown	normal	207.0	0.0	0.0	0.1317899	0.0	0.0	0.013450695	0.0	0.0	0.0026835245
13460	vascular associated smooth muscle cell	047d57f2-4d14-45de-aa98-336c6f583750	pooled	unknown	normal	176.0	0.0	0.0	2.9389598	0.0	0.0	0.029038824	0.0	0.0	0.011909277
13462	vascular associated smooth muscle cell	047d57f2-4d14-45de-aa98-336c6f583750	pooled	unknown	normal	198.0	1.0	1.7029912	2.4793253	0.0	0.0	0.041815422	0.0	0.0	0.028713983
13509	vascular associated smooth muscle cell	047d57f2-4d14-45de-aa98-336c6f583750	pooled	unknown	normal	183.0	1.0	1.8324765	1.3580859	0.0	0.0	0.0972758	0.0	0.0	0.067751616
13539	vascular associated smooth muscle cell	047d57f2-4d14-45de-aa98-336c6f583750	pooled	unknown	normal	248.0	3.0	2.5359092	3.0040736	0.0	0.0	0.036062203	0.0	0.0	0.032371152
13559	vascular associated smooth muscle cell	047d57f2-4d14-45de-aa98-336c6f583750	pooled	unknown	normal	202.0	0.0	0.0	1.6464036	0.0	0.0	0.08063728	0.0	0.0	0.07001874
13590	vascular associated smooth muscle cell	047d57f2-4d14-45de-aa98-336c6f583750	pooled	unknown	normal	459.0	0.0	0.0	2.009218	0.0	0.0	0.029855814	0.0	0.0	0.037376117
13609	vascular associated smooth muscle cell	047d57f2-4d14-45de-aa98-336c6f583750	pooled	unknown	normal	366.0	0.0	0.0	1.6616871	0.0	0.0	0.054299504	0.0	0.0	0.01445142
13627	vascular associated smooth muscle cell	047d57f2-4d14-45de-aa98-336c6f583750	pooled	unknown	normal	283.0	0.0	0.0	1.0640517	0.0	0.0	0.035450723	0.0	0.0	0.030366374
13652	vascular associated smooth muscle cell	047d57f2-4d14-45de-aa98-336c6f583750	pooled	unknown	normal	307.0	0.0	0.0	2.0412333	0.0	0.0	0.032271262	0.0	0.0	0.01217678
13680	vascular associated smooth muscle cell	047d57f2-4d14-45de-aa98-336c6f583750	pooled	unknown	normal	189.0	1.0	1.7442198	1.9552642	0.0	0.0	0.026117964	0.0	0.0	0.027572935
13759	vascular associated smooth muscle cell	047d57f2-4d14-45de-aa98-336c6f583750	pooled	unknown	normal	187.0	0.0	0.0	2.0469837	0.0	0.0	0.027231213	0.0	0.0	0.020146744
13763	vascular associated smooth muscle cell	047d57f2-4d14-45de-aa98-336c6f583750	pooled	unknown	normal	248.0	0.0	0.0	2.0103014	0.0	0.0	0.009097117	0.0	0.0	0.016508605
13834	vascular associated smooth muscle cell	047d57f2-4d14-45de-aa98-336c6f583750	pooled	unknown	normal	161.0	1.0	1.7913429	3.3460708	0.0	0.0	0.005906713	0.0	0.0	0.015438372
13838	vascular associated smooth muscle cell	047d57f2-4d14-45de-aa98-336c6f583750	pooled	unknown	normal	239.0	0.0	0.0	0.38777366	0.0	0.0	0.081624314	0.0	0.0	0.020720521
13860	vascular associated smooth muscle cell	047d57f2-4d14-45de-aa98-336c6f583750	pooled	unknown	normal	717.0	0.0	0.0	0.090057686	0.0	0.0	0.018048363	0.0	0.0	0.0073904498
13863	vascular associated smooth muscle cell	047d57f2-4d14-45de-aa98-336c6f583750	pooled	unknown	normal	294.0	0.0	0.0	2.1690292	0.0	0.0	0.0343543	0.0	0.0	0.024742639
13871	vascular associated smooth muscle cell	047d57f2-4d14-45de-aa98-336c6f583750	pooled	unknown	normal	234.0	2.0	2.1744416	2.010933	0.0	0.0	0.016899085	0.0	0.0	0.04252357
13878	vascular associated smooth muscle cell	047d57f2-4d14-45de-aa98-336c6f583750	pooled	unknown	normal	381.0	0.0	0.0	2.2918608	0.0	0.0	0.03831323	0.0	0.0	0.017903587
13879	vascular associated smooth muscle cell	047d57f2-4d14-45de-aa98-336c6f583750	pooled	unknown	normal	340.0	0.0	0.0	0.2872043	0.0	0.0	0.03947686	0.0	0.0	0.0013945082
13882	vascular associated smooth muscle cell	047d57f2-4d14-45de-aa98-336c6f583750	pooled	unknown	normal	565.0	0.0	0.0	0.23037441	0.0	0.0	0.054318015	0.0	0.0	0.0084593315
13892	vascular associated smooth muscle cell	047d57f2-4d14-45de-aa98-336c6f583750	pooled	unknown	normal	396.0	3.0	1.8669388	2.5753582	0.0	0.0	0.02210146	0.0	0.0	0.024899142
13894	vascular associated smooth muscle cell	047d57f2-4d14-45de-aa98-336c6f583750	pooled	unknown	normal	348.0	0.0	0.0	0.20248137	0.0	0.0	0.07932346	0.0	0.0	0.024217172
13916	vascular associated smooth muscle cell	047d57f2-4d14-45de-aa98-336c6f583750	pooled	unknown	normal	270.0	0.0	0.0	0.25127602	0.0	0.0	0.03113397	0.0	0.0	0.00180512
13923	vascular associated smooth muscle cell	047d57f2-4d14-45de-aa98-336c6f583750	pooled	unknown	normal	225.0	1.0	1.5639931	3.2494884	0.0	0.0	0.038870517	0.0	0.0	0.013187918
13950	vascular associated smooth muscle cell	047d57f2-4d14-45de-aa98-336c6f583750	pooled	unknown	normal	235.0	0.0	0.0	1.5803212	0.0	0.0	0.023939826	0.0	0.0	0.061874464
13998	vascular associated smooth muscle cell	047d57f2-4d14-45de-aa98-336c6f583750	pooled	unknown	normal	524.0	0.0	0.0	0.36090252	0.0	0.0	0.07656046	0.0	0.0	0.013745906
14017	vascular associated smooth muscle cell	047d57f2-4d14-45de-aa98-336c6f583750	pooled	unknown	normal	233.0	0.0	0.0	0.21944553	0.0	0.0	0.008874362	0.0	0.0	0.0038945447
14020	vascular associated smooth muscle cell	047d57f2-4d14-45de-aa98-336c6f583750	pooled	unknown	normal	358.0	2.0	1.950122	3.0303035	0.0	0.0	0.021247994	0.0	0.0	0.03642052
14024	vascular associated smooth muscle cell	047d57f2-4d14-45de-aa98-336c6f583750	pooled	unknown	normal	351.0	0.0	0.0	1.684914	0.0	0.0	0.04551311	0.0	0.0	0.13918278
14081	vascular associated smooth muscle cell	047d57f2-4d14-45de-aa98-336c6f583750	pooled	unknown	normal	973.0	0.0	0.0	0.2619283	0.0	0.0	0.030895889	0.0	0.0	0.002543046
14095	vascular associated smooth muscle cell	047d57f2-4d14-45de-aa98-336c6f583750	pooled	unknown	normal	396.0	1.0	1.1080337	1.9826012	0.0	0.0	0.042369112	0.0	0.0	0.021593569
14111	vascular associated smooth muscle cell	047d57f2-4d14-45de-aa98-336c6f583750	pooled	unknown	normal	424.0	0.0	0.0	0.49732265	0.0	0.0	0.052205928	0.0	0.0	0.018247189
14114	vascular associated smooth muscle cell	047d57f2-4d14-45de-aa98-336c6f583750	pooled	unknown	normal	366.0	0.0	0.0	0.67557514	0.0	0.0	0.11682423	0.0	0.0	0.043085393
14120	vascular associated smooth muscle cell	047d57f2-4d14-45de-aa98-336c6f583750	pooled	unknown	normal	1262.0	0.0	0.0	0.24306522	0.0	0.0	0.28310263	0.0	0.0	0.08137026
14173	vascular associated smooth muscle cell	047d57f2-4d14-45de-aa98-336c6f583750	pooled	unknown	normal	261.0	2.0	2.019968	3.515962	0.0	0.0	0.013327409	0.0	0.0	0.027336046
14219	vascular associated smooth muscle cell	047d57f2-4d14-45de-aa98-336c6f583750	pooled	unknown	normal	178.0	0.0	0.0	2.26072	0.0	0.0	0.030550815	0.0	0.0	0.029422397
14242	vascular associated smooth muscle cell	047d57f2-4d14-45de-aa98-336c6f583750	pooled	unknown	normal	783.0	0.0	0.0	0.38663077	0.0	0.0	0.03178836	0.0	0.0	0.017345471
14268	vascular associated smooth muscle cell	047d57f2-4d14-45de-aa98-336c6f583750	pooled	unknown	normal	204.0	0.0	0.0	0.18362983	0.0	0.0	0.025934722	0.0	0.0	0.013726969
14278	vascular associated smooth muscle cell	047d57f2-4d14-45de-aa98-336c6f583750	pooled	unknown	normal	322.0	0.0	0.0	1.4299951	0.0	0.0	0.13143194	0.0	0.0	0.024427984
14279	vascular associated smooth muscle cell	047d57f2-4d14-45de-aa98-336c6f583750	pooled	unknown	normal	247.0	0.0	0.0	0.9437605	0.0	0.0	0.09324326	0.0	0.0	0.013302123
14298	vascular associated smooth muscle cell	047d57f2-4d14-45de-aa98-336c6f583750	pooled	unknown	normal	420.0	0.0	0.0	0.62687886	0.0	0.0	0.07865816	0.0	0.0	0.032975335
14321	vascular associated smooth muscle cell	047d57f2-4d14-45de-aa98-336c6f583750	pooled	unknown	normal	550.0	0.0	0.0	0.29943103	0.0	0.0	0.080012955	0.0	0.0	0.013373296
14332	vascular associated smooth muscle cell	047d57f2-4d14-45de-aa98-336c6f583750	pooled	unknown	normal	275.0	0.0	0.0	0.14815018	0.0	0.0	0.024422552	0.0	0.0	0.0018861598
14337	vascular associated smooth muscle cell	047d57f2-4d14-45de-aa98-336c6f583750	pooled	unknown	normal	749.0	1.0	0.95708966	0.054557387	0.0	0.0	0.00962519	0.0	0.0	0.001726444
14358	vascular associated smooth muscle cell	047d57f2-4d14-45de-aa98-336c6f583750	pooled	unknown	normal	197.0	0.0	0.0	2.172112	0.0	0.0	0.04116327	0.0	0.0	0.011580599
14369	vascular associated smooth muscle cell	047d57f2-4d14-45de-aa98-336c6f583750	pooled	unknown	normal	166.0	0.0	0.0	1.2607238	0.0	0.0	0.07835632	0.0	0.0	0.022904834
14372	vascular associated smooth muscle cell	047d57f2-4d14-45de-aa98-336c6f583750	pooled	unknown	normal	387.0	0.0	0.0	0.2685665	0.0	0.0	0.019904492	0.0	0.0	0.0028147367
14400	vascular associated smooth muscle cell	047d57f2-4d14-45de-aa98-336c6f583750	pooled	unknown	normal	264.0	0.0	0.0	0.28957307	0.0	0.0	0.03498074	0.0	0.0	0.008703105
14411	vascular associated smooth muscle cell	047d57f2-4d14-45de-aa98-336c6f583750	pooled	unknown	normal	552.0	0.0	0.0	0.25830323	0.0	0.0	0.032486804	0.0	0.0	0.013540518
14421	vascular associated smooth muscle cell	047d57f2-4d14-45de-aa98-336c6f583750	pooled	unknown	normal	1005.0	0.0	0.0	0.4544766	1.0	0.7536461	0.18345812	0.0	0.0	0.17189513
14433	vascular associated smooth muscle cell	047d57f2-4d14-45de-aa98-336c6f583750	pooled	unknown	normal	213.0	0.0	0.0	1.5851591	0.0	0.0	0.03573215	0.0	0.0	0.03613445
14490	vascular associated smooth muscle cell	047d57f2-4d14-45de-aa98-336c6f583750	pooled	unknown	normal	163.0	0.0	0.0	1.2341579	0.0	0.0	0.1757929	0.0	0.0	0.027049068
14539	vascular associated smooth muscle cell	047d57f2-4d14-45de-aa98-336c6f583750	pooled	unknown	normal	615.0	0.0	0.0	0.998023	0.0	0.0	0.022823503	0.0	0.0	0.05857374
14550	vascular associated smooth muscle cell	047d57f2-4d14-45de-aa98-336c6f583750	pooled	unknown	normal	396.0	0.0	0.0	0.5806796	0.0	0.0	0.09092093	0.0	0.0	0.009890084
14563	vascular associated smooth muscle cell	047d57f2-4d14-45de-aa98-336c6f583750	pooled	unknown	normal	190.0	0.0	0.0	0.22758463	0.0	0.0	0.046171732	0.0	0.0	0.0027658928
14579	vascular associated smooth muscle cell	047d57f2-4d14-45de-aa98-336c6f583750	pooled	unknown	normal	437.0	0.0	0.0	0.31073767	0.0	0.0	0.025746949	0.0	0.0	0.008403312
14582	vascular associated smooth muscle cell	047d57f2-4d14-45de-aa98-336c6f583750	pooled	unknown	normal	359.0	1.0	1.4848118	1.144857	0.0	0.0	0.06867601	0.0	0.0	0.029677793
14587	vascular associated smooth muscle cell	047d57f2-4d14-45de-aa98-336c6f583750	pooled	unknown	normal	266.0	0.0	0.0	1.2517148	0.0	0.0	0.08768152	0.0	0.0	0.033429116
14588	vascular associated smooth muscle cell	047d57f2-4d14-45de-aa98-336c6f583750	pooled	unknown	normal	824.0	0.0	0.0	0.29238132	0.0	0.0	0.032020465	0.0	0.0	0.005699629
14610	vascular associated smooth muscle cell	047d57f2-4d14-45de-aa98-336c6f583750	pooled	unknown	normal	242.0	0.0	0.0	0.38896072	0.0	0.0	0.082336195	0.0	0.0	0.020360122
14616	vascular associated smooth muscle cell	047d57f2-4d14-45de-aa98-336c6f583750	pooled	unknown	normal	194.0	0.0	0.0	2.763812	0.0	0.0	0.019880114	0.0	0.0	0.047602568
14621	vascular associated smooth muscle cell	047d57f2-4d14-45de-aa98-336c6f583750	pooled	unknown	normal	476.0	1.0	0.8999288	1.7268373	0.0	0.0	0.024596648	0.0	0.0	0.044170305
14631	vascular associated smooth muscle cell	047d57f2-4d14-45de-aa98-336c6f583750	pooled	unknown	normal	221.0	0.0	0.0	2.3255584	0.0	0.0	0.020425245	0.0	0.0	0.034245063
14649	vascular associated smooth muscle cell	047d57f2-4d14-45de-aa98-336c6f583750	pooled	unknown	normal	298.0	1.0	1.4581854	1.505941	0.0	0.0	0.089367986	0.0	0.0	0.0820555
14659	vascular associated smooth muscle cell	047d57f2-4d14-45de-aa98-336c6f583750	pooled	unknown	normal	306.0	1.0	1.4345971	2.31082	0.0	0.0	0.020122843	0.0	0.0	0.025707914
14688	vascular associated smooth muscle cell	047d57f2-4d14-45de-aa98-336c6f583750	pooled	unknown	normal	273.0	0.0	0.0	1.9102674	0.0	0.0	0.032765597	0.0	0.0	0.0111563355
14729	vascular associated smooth muscle cell	047d57f2-4d14-45de-aa98-336c6f583750	pooled	unknown	normal	175.0	0.0	0.0	0.4120691	0.0	0.0	0.034249503	0.0	0.0	0.0025804853
14731	vascular associated smooth muscle cell	047d57f2-4d14-45de-aa98-336c6f583750	pooled	unknown	normal	224.0	1.0	1.5586382	3.240657	0.0	0.0	0.01778183	0.0	0.0	0.029426243
14743	vascular associated smooth muscle cell	047d57f2-4d14-45de-aa98-336c6f583750	pooled	unknown	normal	242.0	0.0	0.0	1.6061746	0.0	0.0	0.05524942	0.0	0.0	0.04474308
14749	vascular associated smooth muscle cell	047d57f2-4d14-45de-aa98-336c6f583750	pooled	unknown	normal	292.0	0.0	0.0	0.46809894	0.0	0.0	0.036843024	0.0	0.0	0.016033303
14761	vascular associated smooth muscle cell	047d57f2-4d14-45de-aa98-336c6f583750	pooled	unknown	normal	141.0	2.0	2.6490505	2.8425345	0.0	0.0	0.020385643	0.0	0.0	0.014172649
14776	vascular associated smooth muscle cell	047d57f2-4d14-45de-aa98-336c6f583750	pooled	unknown	normal	283.0	0.0	0.0	0.21849231	0.0	0.0	0.021762116	0.0	0.0	0.0032607943
14792	vascular associated smooth muscle cell	047d57f2-4d14-45de-aa98-336c6f583750	pooled	unknown	normal	402.0	2.0	1.6710577	2.7599673	0.0	0.0	0.046778902	0.0	0.0	0.029619453
14802	vascular associated smooth muscle cell	047d57f2-4d14-45de-aa98-336c6f583750	pooled	unknown	normal	205.0	0.0	0.0	0.82240164	0.0	0.0	0.07551437	0.0	0.0	0.076180086
14814	vascular associated smooth muscle cell	047d57f2-4d14-45de-aa98-336c6f583750	pooled	unknown	normal	453.0	0.0	0.0	0.32184488	0.0	0.0	0.0568786	0.0	0.0	0.0011019692
14819	vascular associated smooth muscle cell	047d57f2-4d14-45de-aa98-336c6f583750	pooled	unknown	normal	156.0	0.0	0.0	1.3442003	0.0	0.0	0.035561644	0.0	0.0	0.013801338
14829	vascular associated smooth muscle cell	047d57f2-4d14-45de-aa98-336c6f583750	pooled	unknown	normal	437.0	0.0	0.0	1.7484887	0.0	0.0	0.09631265	0.0	0.0	0.027863853
14845	vascular associated smooth muscle cell	047d57f2-4d14-45de-aa98-336c6f583750	pooled	unknown	normal	495.0	0.0	0.0	0.09652874	0.0	0.0	0.009523011	0.0	0.0	0.004207382
14890	vascular associated smooth muscle cell	047d57f2-4d14-45de-aa98-336c6f583750	pooled	unknown	normal	431.0	0.0	0.0	0.16947824	0.0	0.0	0.013040495	0.0	0.0	0.0039528096
14907	vascular associated smooth muscle cell	047d57f2-4d14-45de-aa98-336c6f583750	pooled	unknown	normal	521.0	0.0	0.0	0.2317427	0.0	0.0	0.030773498	0.0	0.0	0.02288555
14915	vascular associated smooth muscle cell	047d57f2-4d14-45de-aa98-336c6f583750	pooled	unknown	normal	384.0	0.0	0.0	0.522449	0.0	0.0	0.048755225	0.0	0.0	0.026656134
14917	vascular associated smooth muscle cell	047d57f2-4d14-45de-aa98-336c6f583750	pooled	unknown	normal	179.0	1.0	1.80437	3.4889972	0.0	0.0	0.021187743	0.0	0.0	0.011128074
14922	vascular associated smooth muscle cell	047d57f2-4d14-45de-aa98-336c6f583750	pooled	unknown	normal	236.0	0.0	0.0	0.52745616	0.0	0.0	0.045474563	0.0	0.0	0.007366616
14930	vascular associated smooth muscle cell	047d57f2-4d14-45de-aa98-336c6f583750	pooled	unknown	normal	291.0	1.0	1.6081592	2.178833	0.0	0.0	0.0274859	0.0	0.0	0.021740207
14935	vascular associated smooth muscle cell	047d57f2-4d14-45de-aa98-336c6f583750	pooled	unknown	normal	474.0	0.0	0.0	1.0068337	0.0	0.0	0.060805984	0.0	0.0	0.012730755
14950	vascular associated smooth muscle cell	047d57f2-4d14-45de-aa98-336c6f583750	pooled	unknown	normal	378.0	0.0	0.0	0.40205604	0.0	0.0	0.15543333	0.0	0.0	0.017965332
14963	vascular associated smooth muscle cell	047d57f2-4d14-45de-aa98-336c6f583750	pooled	unknown	normal	376.0	0.0	0.0	0.36574987	0.0	0.0	0.04058868	0.0	0.0	0.021269575
14972	vascular associated smooth muscle cell	047d57f2-4d14-45de-aa98-336c6f583750	pooled	unknown	normal	694.0	0.0	0.0	0.48487747	0.0	0.0	0.09211055	0.0	0.0	0.02536601
15006	vascular associated smooth muscle cell	047d57f2-4d14-45de-aa98-336c6f583750	pooled	unknown	normal	226.0	0.0	0.0	0.5896681	0.0	0.0	0.017740052	0.0	0.0	0.019704914
15019	vascular associated smooth muscle cell	047d57f2-4d14-45de-aa98-336c6f583750	pooled	unknown	normal	253.0	0.0	0.0	2.8156967	0.0	0.0	0.01885004	0.0	0.0	0.044794217
15052	vascular associated smooth muscle cell	047d57f2-4d14-45de-aa98-336c6f583750	pooled	unknown	normal	294.0	0.0	0.0	0.20745793	0.0	0.0	0.027730886	0.0	0.0	0.013529555
15068	vascular associated smooth muscle cell	047d57f2-4d14-45de-aa98-336c6f583750	pooled	unknown	normal	210.0	0.0	0.0	1.9044018	0.0	0.0	0.026433416	0.0	0.0	0.10436593
15089	vascular associated smooth muscle cell	047d57f2-4d14-45de-aa98-336c6f583750	pooled	unknown	normal	856.0	1.0	0.8752938	0.9088516	0.0	0.0	0.03674569	0.0	0.0	0.016589306
15135	vascular associated smooth muscle cell	047d57f2-4d14-45de-aa98-336c6f583750	pooled	unknown	normal	389.0	0.0	0.0	1.3392881	0.0	0.0	0.04283903	0.0	0.0	0.030932134
15175	vascular associated smooth muscle cell	047d57f2-4d14-45de-aa98-336c6f583750	pooled	unknown	normal	231.0	0.0	0.0	2.5123074	0.0	0.0	0.04127575	0.0	0.0	0.063262716
15190	vascular associated smooth muscle cell	047d57f2-4d14-45de-aa98-336c6f583750	pooled	unknown	normal	169.0	0.0	0.0	0.25708598	0.0	0.0	0.17310286	0.0	0.0	0.02322401
15191	vascular associated smooth muscle cell	047d57f2-4d14-45de-aa98-336c6f583750	pooled	unknown	normal	489.0	0.0	0.0	0.39328974	0.0	0.0	0.08069347	0.0	0.0	0.006699837
15219	vascular associated smooth muscle cell	047d57f2-4d14-45de-aa98-336c6f583750	pooled	unknown	normal	173.0	0.0	0.0	2.9430966	0.0	0.0	0.057965953	0.0	0.0	0.04931825
15221	vascular associated smooth muscle cell	047d57f2-4d14-45de-aa98-336c6f583750	pooled	unknown	normal	300.0	1.0	1.5240247	2.1129348	0.0	0.0	0.017690858	0.0	0.0	0.05205108
15259	vascular associated smooth muscle cell	047d57f2-4d14-45de-aa98-336c6f583750	pooled	unknown	normal	388.0	0.0	0.0	1.0123322	0.0	0.0	0.060000516	0.0	0.0	0.007898357
15271	vascular associated smooth muscle cell	047d57f2-4d14-45de-aa98-336c6f583750	pooled	unknown	normal	228.0	0.0	0.0	1.0469038	0.0	0.0	0.04262918	0.0	0.0	0.006529304
15301	vascular associated smooth muscle cell	047d57f2-4d14-45de-aa98-336c6f583750	pooled	unknown	normal	187.0	1.0	1.8855101	1.8413291	0.0	0.0	0.109241545	0.0	0.0	0.022404784
15316	vascular associated smooth muscle cell	047d57f2-4d14-45de-aa98-336c6f583750	pooled	unknown	normal	341.0	0.0	0.0	0.8856886	0.0	0.0	0.05718568	0.0	0.0	0.025372123
15321	vascular associated smooth muscle cell	047d57f2-4d14-45de-aa98-336c6f583750	pooled	unknown	normal	198.0	0.0	0.0	2.446899	0.0	0.0	0.04502389	0.0	0.0	0.022615664
15351	vascular associated smooth muscle cell	047d57f2-4d14-45de-aa98-336c6f583750	pooled	unknown	normal	451.0	0.0	0.0	0.38422006	0.0	0.0	0.019978223	0.0	0.0	0.0018885118
15352	vascular associated smooth muscle cell	047d57f2-4d14-45de-aa98-336c6f583750	pooled	unknown	normal	171.0	0.0	0.0	2.4563115	0.0	0.0	0.057523496	0.0	0.0	0.017180333
15370	vascular associated smooth muscle cell	047d57f2-4d14-45de-aa98-336c6f583750	pooled	unknown	normal	301.0	0.0	0.0	1.6671394	0.0	0.0	0.0934331	0.0	0.0	0.03886569
15372	vascular associated smooth muscle cell	047d57f2-4d14-45de-aa98-336c6f583750	pooled	unknown	normal	293.0	0.0	0.0	2.100853	0.0	0.0	0.066596635	0.0	0.0	0.043877825
15381	vascular associated smooth muscle cell	047d57f2-4d14-45de-aa98-336c6f583750	pooled	unknown	normal	157.0	2.0	2.4345992	1.7822481	0.0	0.0	0.037658866	0.0	0.0	0.038808055
15387	vascular associated smooth muscle cell	047d57f2-4d14-45de-aa98-336c6f583750	pooled	unknown	normal	154.0	0.0	0.0	0.31505486	0.0	0.0	0.020664817	0.0	0.0	0.007946365
15393	vascular associated smooth muscle cell	047d57f2-4d14-45de-aa98-336c6f583750	pooled	unknown	normal	446.0	0.0	0.0	0.44982696	0.0	0.0	0.13360393	0.0	0.0	0.01780797
15398	vascular associated smooth muscle cell	047d57f2-4d14-45de-aa98-336c6f583750	pooled	unknown	normal	265.0	0.0	0.0	2.1545248	0.0	0.0	0.02272158	0.0	0.0	0.037154336
15412	vascular associated smooth muscle cell	047d57f2-4d14-45de-aa98-336c6f583750	pooled	unknown	normal	312.0	0.0	0.0	0.37773836	0.0	0.0	0.113222055	0.0	0.0	0.018822338
15441	vascular associated smooth muscle cell	047d57f2-4d14-45de-aa98-336c6f583750	pooled	unknown	normal	190.0	1.0	1.9219549	3.1611452	0.0	0.0	0.010283632	0.0	0.0	0.031528223
15474	vascular associated smooth muscle cell	047d57f2-4d14-45de-aa98-336c6f583750	pooled	unknown	normal	764.0	0.0	0.0	0.2058369	0.0	0.0	0.009654422	0.0	0.0	0.0053354134
15536	vascular associated smooth muscle cell	047d57f2-4d14-45de-aa98-336c6f583750	pooled	unknown	normal	157.0	0.0	0.0	0.44285572	0.0	0.0	0.017612824	0.0	0.0	0.004930898
15548	vascular associated smooth muscle cell	047d57f2-4d14-45de-aa98-336c6f583750	pooled	unknown	normal	524.0	0.0	0.0	0.32201102	0.0	0.0	0.01457204	0.0	0.0	0.011600675
15551	vascular associated smooth muscle cell	047d57f2-4d14-45de-aa98-336c6f583750	pooled	unknown	normal	574.0	0.0	0.0	0.5780958	0.0	0.0	0.053409558	0.0	0.0	0.038154945
15606	vascular associated smooth muscle cell	047d57f2-4d14-45de-aa98-336c6f583750	pooled	unknown	normal	363.0	0.0	0.0	0.99817467	0.0	0.0	0.019942239	0.0	0.0	0.011217257
15614	vascular associated smooth muscle cell	047d57f2-4d14-45de-aa98-336c6f583750	pooled	unknown	normal	305.0	0.0	0.0	1.0511069	0.0	0.0	0.09346439	0.0	0.0	0.07226609
15642	vascular associated smooth muscle cell	047d57f2-4d14-45de-aa98-336c6f583750	pooled	unknown	normal	664.0	0.0	0.0	0.21626261	0.0	0.0	0.018460112	0.0	0.0	0.0042405864
15651	vascular associated smooth muscle cell	047d57f2-4d14-45de-aa98-336c6f583750	pooled	unknown	normal	702.0	0.0	0.0	0.3089604	0.0	0.0	0.029349497	0.0	0.0	0.031122494
15652	vascular associated smooth muscle cell	047d57f2-4d14-45de-aa98-336c6f583750	pooled	unknown	normal	226.0	1.0	1.7785492	2.7279282	0.0	0.0	0.019059632	0.0	0.0	0.038099844
15661	vascular associated smooth muscle cell	047d57f2-4d14-45de-aa98-336c6f583750	pooled	unknown	normal	138.0	1.0	1.951416	2.873054	0.0	0.0	0.028384492	0.0	0.0	0.042941477
15678	vascular associated smooth muscle cell	047d57f2-4d14-45de-aa98-336c6f583750	pooled	unknown	normal	720.0	0.0	0.0	0.3253593	0.0	0.0	0.027777107	0.0	0.0	0.012754304
15686	vascular associated smooth muscle cell	047d57f2-4d14-45de-aa98-336c6f583750	pooled	unknown	normal	212.0	0.0	0.0	0.52296865	0.0	0.0	0.14892524	0.0	0.0	0.00906583
15723	vascular associated smooth muscle cell	047d57f2-4d14-45de-aa98-336c6f583750	pooled	unknown	normal	519.0	0.0	0.0	0.12418483	0.0	0.0	0.00577263	0.0	0.0	0.0012055455
15735	vascular associated smooth muscle cell	047d57f2-4d14-45de-aa98-336c6f583750	pooled	unknown	normal	275.0	0.0	0.0	2.0770583	0.0	0.0	0.022288082	0.0	0.0	0.0441793
15742	vascular associated smooth muscle cell	047d57f2-4d14-45de-aa98-336c6f583750	pooled	unknown	normal	160.0	1.0	1.9503806	1.771514	0.0	0.0	0.030034456	0.0	0.0	0.010590397
15774	vascular associated smooth muscle cell	047d57f2-4d14-45de-aa98-336c6f583750	pooled	unknown	normal	282.0	0.0	0.0	0.11209943	0.0	0.0	0.041411534	0.0	0.0	0.010832052
15776	vascular associated smooth muscle cell	047d57f2-4d14-45de-aa98-336c6f583750	pooled	unknown	normal	172.0	0.0	0.0	0.29696217	0.0	0.0	0.1596424	0.0	0.0	0.032413226
15881	vascular associated smooth muscle cell	047d57f2-4d14-45de-aa98-336c6f583750	pooled	unknown	normal	408.0	0.0	0.0	0.8203862	0.0	0.0	0.08521991	0.0	0.0	0.0796535
15912	vascular associated smooth muscle cell	047d57f2-4d14-45de-aa98-336c6f583750	pooled	unknown	normal	224.0	2.0	2.3112254	2.2955768	0.0	0.0	0.04254251	0.0	0.0	0.040519394
15932	vascular associated smooth muscle cell	047d57f2-4d14-45de-aa98-336c6f583750	pooled	unknown	normal	308.0	2.0	2.0758188	3.1463745	0.0	0.0	0.007222924	0.0	0.0	0.0123948
15986	vascular associated smooth muscle cell	047d57f2-4d14-45de-aa98-336c6f583750	pooled	unknown	normal	386.0	0.0	0.0	1.5374347	0.0	0.0	0.08681856	0.0	0.0	0.01899682
15990	vascular associated smooth muscle cell	047d57f2-4d14-45de-aa98-336c6f583750	pooled	unknown	normal	214.0	0.0	0.0	0.2792156	0.0	0.0	0.024813203	0.0	0.0	0.010180299
15993	vascular associated smooth muscle cell	047d57f2-4d14-45de-aa98-336c6f583750	pooled	unknown	normal	267.0	0.0	0.0	0.948225	0.0	0.0	0.05436304	0.0	0.0	0.041129727
15994	vascular associated smooth muscle cell	047d57f2-4d14-45de-aa98-336c6f583750	pooled	unknown	normal	207.0	0.0	0.0	2.539484	0.0	0.0	0.07041304	0.0	0.0	0.030271715
16028	vascular associated smooth muscle cell	047d57f2-4d14-45de-aa98-336c6f583750	pooled	unknown	normal	225.0	1.0	1.7011575	2.1968794	0.0	0.0	0.012605933	0.0	0.0	0.021411983
16041	vascular associated smooth muscle cell	047d57f2-4d14-45de-aa98-336c6f583750	pooled	unknown	normal	274.0	1.0	1.3590983	2.8970444	0.0	0.0	0.027245607	0.0	0.0	0.020249752
16094	vascular associated smooth muscle cell	047d57f2-4d14-45de-aa98-336c6f583750	pooled	unknown	normal	255.0	1.0	1.6547761	2.6590104	0.0	0.0	0.023924895	0.0	0.0	0.009205629
16095	vascular associated smooth muscle cell	047d57f2-4d14-45de-aa98-336c6f583750	pooled	unknown	normal	370.0	0.0	0.0	0.39055815	0.0	0.0	0.037330195	0.0	0.0	0.007397489
16099	vascular associated smooth muscle cell	047d57f2-4d14-45de-aa98-336c6f583750	pooled	unknown	normal	207.0	0.0	0.0	0.8528179	0.0	0.0	0.07432172	0.0	0.0	0.009138466
16104	vascular associated smooth muscle cell	047d57f2-4d14-45de-aa98-336c6f583750	pooled	unknown	normal	194.0	0.0	0.0	1.6772857	0.0	0.0	0.034970317	0.0	0.0	0.018463384
16124	vascular associated smooth muscle cell	047d57f2-4d14-45de-aa98-336c6f583750	pooled	unknown	normal	287.0	0.0	0.0	2.0404646	0.0	0.0	0.032074682	0.0	0.0	0.020535013
16136	vascular associated smooth muscle cell	047d57f2-4d14-45de-aa98-336c6f583750	pooled	unknown	normal	144.0	1.0	1.9360327	3.2416654	0.0	0.0	0.01282296	0.0	0.0	0.006856852
16140	vascular associated smooth muscle cell	047d57f2-4d14-45de-aa98-336c6f583750	pooled	unknown	normal	238.0	0.0	0.0	1.1742	0.0	0.0	0.035591666	0.0	0.0	0.03019508
59138	pericyte	48b37086-25f7-4ecd-be66-f5bb378e3aea	1-M-62	male	normal	309.0	2.0	2.0025878	3.400354	0.0	0.0	0.004606897	0.0	0.0	0.010174308
59146	pericyte	48b37086-25f7-4ecd-be66-f5bb378e3aea	1-M-62	male	normal	588.0	0.0	0.0	1.982918	0.0	0.0	0.04164357	0.0	0.0	0.10848596
59159	pericyte	48b37086-25f7-4ecd-be66-f5bb378e3aea	1-M-62	male	normal	339.0	0.0	0.0	3.1812572	0.0	0.0	0.01005641	0.0	0.0	0.013438017
59167	pericyte	48b37086-25f7-4ecd-be66-f5bb378e3aea	1-M-62	male	normal	432.0	2.0	1.8331382	2.8734856	0.0	0.0	0.007465533	0.0	0.0	0.0073806937
59172	pericyte	48b37086-25f7-4ecd-be66-f5bb378e3aea	1-M-62	male	normal	314.0	7.0	3.1719272	2.8484712	0.0	0.0	0.007885641	0.0	0.0	0.014116146
59184	pericyte	48b37086-25f7-4ecd-be66-f5bb378e3aea	1-M-62	male	normal	352.0	0.0	0.0	3.2894673	0.0	0.0	0.0067489455	0.0	0.0	0.01804666
59237	pericyte	48b37086-25f7-4ecd-be66-f5bb378e3aea	1-M-62	male	normal	434.0	0.0	0.0	2.9015355	0.0	0.0	0.0075187464	0.0	0.0	0.014912825
59242	pericyte	48b37086-25f7-4ecd-be66-f5bb378e3aea	1-M-62	male	normal	231.0	1.0	1.6014856	3.6108599	0.0	0.0	0.0076324763	0.0	0.0	0.0054021575
59287	pericyte	48b37086-25f7-4ecd-be66-f5bb378e3aea	1-M-63	male	normal	296.0	2.0	1.9984417	2.9244359	0.0	0.0	0.009504345	0.0	0.0	0.010747631
59307	pericyte	48b37086-25f7-4ecd-be66-f5bb378e3aea	1-M-63	male	normal	418.0	1.0	1.3029797	2.6882312	0.0	0.0	0.0049123024	0.0	0.0	0.012485331
59315	pericyte	48b37086-25f7-4ecd-be66-f5bb378e3aea	1-M-63	male	normal	430.0	2.0	1.6989632	2.7457607	0.0	0.0	0.00430693	0.0	0.0	0.009814786
58059	pericyte	48b37086-25f7-4ecd-be66-f5bb378e3aea	18-F-50	female	normal	641.0	4.0	2.0661252	2.7870297	0.0	0.0	0.007437705	0.0	0.0	0.025723347
58065	pericyte	48b37086-25f7-4ecd-be66-f5bb378e3aea	18-F-50	female	normal	309.0	0.0	0.0	2.866725	0.0	0.0	0.008015219	0.0	0.0	0.011497655
58139	pericyte	48b37086-25f7-4ecd-be66-f5bb378e3aea	18-F-51	female	normal	455.0	0.0	0.0	3.217948	0.0	0.0	0.0054720705	0.0	0.0	0.008730144
58159	pericyte	48b37086-25f7-4ecd-be66-f5bb378e3aea	18-F-51	female	normal	305.0	3.0	2.488704	3.0489986	0.0	0.0	0.0070080124	0.0	0.0	0.00909116
58204	pericyte	48b37086-25f7-4ecd-be66-f5bb378e3aea	18-M-52	male	normal	633.0	2.0	1.8406801	3.1395779	0.0	0.0	0.0031705967	0.0	0.0	0.005350224
58319	pericyte	48b37086-25f7-4ecd-be66-f5bb378e3aea	18-M-52	male	normal	583.0	1.0	1.3703829	3.399686	0.0	0.0	0.0048928233	0.0	0.0	0.008895967
58322	pericyte	48b37086-25f7-4ecd-be66-f5bb378e3aea	18-M-52	male	normal	407.0	2.0	1.7577918	3.4162588	0.0	0.0	0.0022349062	0.0	0.0	0.004490689
58427	pericyte	48b37086-25f7-4ecd-be66-f5bb378e3aea	18-M-53	male	normal	526.0	3.0	2.1826618	3.1212718	0.0	0.0	0.006716442	0.0	0.0	0.011854576
58864	pericyte	48b37086-25f7-4ecd-be66-f5bb378e3aea	21-F-55	female	normal	328.0	4.0	2.601533	3.4521344	0.0	0.0	0.0030842968	0.0	0.0	0.0032072822
59323	pericyte	48b37086-25f7-4ecd-be66-f5bb378e3aea	3-F-56	female	normal	330.0	2.0	2.1469343	3.591288	0.0	0.0	0.004547003	0.0	0.0	0.008634553
59333	pericyte	48b37086-25f7-4ecd-be66-f5bb378e3aea	3-F-56	female	normal	384.0	0.0	0.0	2.6688337	0.0	0.0	0.013102093	0.0	0.0	0.008819481
59356	pericyte	48b37086-25f7-4ecd-be66-f5bb378e3aea	3-F-57	female	normal	248.0	2.0	2.2137494	3.4725358	0.0	0.0	0.006313859	0.0	0.0	0.008427772
59387	pericyte	48b37086-25f7-4ecd-be66-f5bb378e3aea	3-F-57	female	normal	393.0	2.0	1.926451	3.1639748	0.0	0.0	0.008519162	0.0	0.0	0.00982813
59415	pericyte	48b37086-25f7-4ecd-be66-f5bb378e3aea	3-F-57	female	normal	357.0	1.0	1.4637783	3.426155	0.0	0.0	0.004508087	0.0	0.0	0.011327688
59419	pericyte	48b37086-25f7-4ecd-be66-f5bb378e3aea	3-F-57	female	normal	321.0	2.0	1.9516752	2.8841488	0.0	0.0	0.015453574	0.0	0.0	0.013809914
59425	pericyte	48b37086-25f7-4ecd-be66-f5bb378e3aea	3-F-57	female	normal	335.0	2.0	1.7921762	3.471847	0.0	0.0	0.005978235	0.0	0.0	0.012905788
59494	pericyte	48b37086-25f7-4ecd-be66-f5bb378e3aea	3-M-5/6	male	normal	323.0	4.0	2.6728811	3.787229	0.0	0.0	0.0061500734	0.0	0.0	0.01722533
59511	pericyte	48b37086-25f7-4ecd-be66-f5bb378e3aea	3-M-5/6	male	normal	227.0	0.0	0.0	3.0130756	0.0	0.0	0.017569164	0.0	0.0	0.01835404
59512	pericyte	48b37086-25f7-4ecd-be66-f5bb378e3aea	3-M-5/6	male	normal	287.0	1.0	1.5864792	3.3811154	0.0	0.0	0.01062887	0.0	0.0	0.015535629
59531	pericyte	48b37086-25f7-4ecd-be66-f5bb378e3aea	3-M-5/6	male	normal	224.0	1.0	1.5192679	3.2089238	0.0	0.0	0.021112178	0.0	0.0	0.015627004
59543	pericyte	48b37086-25f7-4ecd-be66-f5bb378e3aea	3-M-5/6	male	normal	295.0	0.0	0.0	2.1573548	0.0	0.0	0.015394425	0.0	0.0	0.029735792
59566	pericyte	48b37086-25f7-4ecd-be66-f5bb378e3aea	3-M-5/6	male	normal	341.0	2.0	1.9896716	3.7150261	0.0	0.0	0.0034875614	0.0	0.0	0.004062956
59585	pericyte	48b37086-25f7-4ecd-be66-f5bb378e3aea	3-M-5/6	male	normal	314.0	0.0	0.0	3.1774669	0.0	0.0	0.0068223244	0.0	0.0	0.014005702
59604	pericyte	48b37086-25f7-4ecd-be66-f5bb378e3aea	3-M-7/8	male	normal	242.0	0.0	0.0	2.8276064	0.0	0.0	0.0076150163	0.0	0.0	0.009897066
59611	pericyte	48b37086-25f7-4ecd-be66-f5bb378e3aea	3-M-7/8	male	normal	296.0	0.0	0.0	1.2844626	0.0	0.0	0.06420389	0.0	0.0	0.015931766
59636	pericyte	48b37086-25f7-4ecd-be66-f5bb378e3aea	3-M-7/8	male	normal	318.0	1.0	1.3794338	3.3593264	0.0	0.0	0.0054879026	0.0	0.0	0.012054311
59671	pericyte	48b37086-25f7-4ecd-be66-f5bb378e3aea	3-M-7/8	male	normal	262.0	0.0	0.0	3.296299	0.0	0.0	0.0046934555	0.0	0.0	0.009500959
59673	pericyte	48b37086-25f7-4ecd-be66-f5bb378e3aea	3-M-7/8	male	normal	245.0	1.0	1.5586382	2.7353392	0.0	0.0	0.0057336823	0.0	0.0	0.0061304164
59681	pericyte	48b37086-25f7-4ecd-be66-f5bb378e3aea	3-M-7/8	male	normal	358.0	1.0	1.3586684	3.6121893	0.0	0.0	0.0047455034	0.0	0.0	0.017779727
59682	pericyte	48b37086-25f7-4ecd-be66-f5bb378e3aea	3-M-7/8	male	normal	364.0	1.0	1.4431833	3.1090617	0.0	0.0	0.0056254785	0.0	0.0	0.0091886325
59703	pericyte	48b37086-25f7-4ecd-be66-f5bb378e3aea	3-M-7/8	male	normal	231.0	0.0	0.0	3.0722835	0.0	0.0	0.003289767	0.0	0.0	0.009028267
59716	pericyte	48b37086-25f7-4ecd-be66-f5bb378e3aea	3-M-7/8	male	normal	179.0	0.0	0.0	3.06076	0.0	0.0	0.0067638517	0.0	0.0	0.006212033
59754	pericyte	48b37086-25f7-4ecd-be66-f5bb378e3aea	3-M-7/8	male	normal	203.0	1.0	1.6276026	3.3071668	0.0	0.0	0.015549418	0.0	0.0	0.028375508
59795	pericyte	48b37086-25f7-4ecd-be66-f5bb378e3aea	3-M-7/8	male	normal	188.0	0.0	0.0	3.2882426	0.0	0.0	0.014295172	0.0	0.0	0.03660995
59829	pericyte	48b37086-25f7-4ecd-be66-f5bb378e3aea	3-M-7/8	male	normal	348.0	1.0	1.3942974	3.175404	0.0	0.0	0.0034943658	0.0	0.0	0.01022739
59858	pericyte	48b37086-25f7-4ecd-be66-f5bb378e3aea	3-M-7/8	male	normal	268.0	3.0	2.6131697	3.2292	0.0	0.0	0.008351342	0.0	0.0	0.011265862
59870	pericyte	48b37086-25f7-4ecd-be66-f5bb378e3aea	3-M-7/8	male	normal	240.0	2.0	2.1806858	3.476202	0.0	0.0	0.0057607833	0.0	0.0	0.017691316
59884	pericyte	48b37086-25f7-4ecd-be66-f5bb378e3aea	3-M-7/8	male	normal	261.0	2.0	2.1593812	3.099734	0.0	0.0	0.01101775	0.0	0.0	0.017602162
59923	pericyte	48b37086-25f7-4ecd-be66-f5bb378e3aea	3-M-7/8	male	normal	320.0	0.0	0.0	3.4187396	0.0	0.0	0.0052242028	0.0	0.0	0.011032592
59950	pericyte	48b37086-25f7-4ecd-be66-f5bb378e3aea	3-M-7/8	male	normal	177.0	0.0	0.0	2.9663486	0.0	0.0	0.0060340697	0.0	0.0	0.008811354
59951	pericyte	48b37086-25f7-4ecd-be66-f5bb378e3aea	3-M-7/8	male	normal	250.0	1.0	1.5945654	2.6891367	0.0	0.0	0.0050683385	0.0	0.0	0.014110705
59952	pericyte	48b37086-25f7-4ecd-be66-f5bb378e3aea	3-M-7/8	male	normal	245.0	0.0	0.0	3.027641	0.0	0.0	0.019312995	0.0	0.0	0.045857936
58936	pericyte	48b37086-25f7-4ecd-be66-f5bb378e3aea	30-M-3	male	normal	403.0	3.0	2.2734993	3.6203125	0.0	0.0	0.015476288	0.0	0.0	0.01320256
58951	pericyte	48b37086-25f7-4ecd-be66-f5bb378e3aea	30-M-3	male	normal	341.0	1.0	1.5082129	3.2449775	0.0	0.0	0.008409898	0.0	0.0	0.012473219
58961	pericyte	48b37086-25f7-4ecd-be66-f5bb378e3aea	30-M-3	male	normal	1646.0	1.0	0.51747286	1.3188858	0.0	0.0	0.011327388	0.0	0.0	0.062365495
58986	pericyte	48b37086-25f7-4ecd-be66-f5bb378e3aea	30-M-4	male	normal	504.0	2.0	1.8487519	2.9067142	0.0	0.0	0.0037254684	0.0	0.0	0.010963476
58999	pericyte	48b37086-25f7-4ecd-be66-f5bb378e3aea	30-M-4	male	normal	682.0	5.0	2.078812	3.4964428	0.0	0.0	0.015097458	0.0	0.0	0.015996803
59024	pericyte	48b37086-25f7-4ecd-be66-f5bb378e3aea	30-M-4	male	normal	422.0	0.0	0.0	3.3933344	0.0	0.0	0.0022341427	0.0	0.0	0.0024668223
59026	pericyte	48b37086-25f7-4ecd-be66-f5bb378e3aea	30-M-4	male	normal	571.0	2.0	1.6335473	2.6390965	0.0	0.0	0.013620271	0.0	0.0	0.0029250942
59074	pericyte	48b37086-25f7-4ecd-be66-f5bb378e3aea	30-M-5	male	normal	376.0	0.0	0.0	1.111403	0.0	0.0	0.010182044	0.0	0.0	0.008677733
59137	smooth muscle cell of the pulmonary artery	48b37086-25f7-4ecd-be66-f5bb378e3aea	1-M-62	male	normal	210.0	0.0	0.0	0.13921897	0.0	0.0	0.017516512	0.0	0.0	0.09123889
59145	smooth muscle cell of the pulmonary artery	48b37086-25f7-4ecd-be66-f5bb378e3aea	1-M-62	male	normal	192.0	0.0	0.0	0.037730627	0.0	0.0	0.0069292113	0.0	0.0	0.6663286
59161	smooth muscle cell of the pulmonary artery	48b37086-25f7-4ecd-be66-f5bb378e3aea	1-M-62	male	normal	197.0	0.0	0.0	0.09920609	0.0	0.0	0.0040890854	0.0	0.0	0.16562003
59162	smooth muscle cell of the pulmonary artery	48b37086-25f7-4ecd-be66-f5bb378e3aea	1-M-62	male	normal	438.0	0.0	0.0	0.045749262	0.0	0.0	0.007068483	0.0	0.0	0.0906321
59196	smooth muscle cell of the pulmonary artery	48b37086-25f7-4ecd-be66-f5bb378e3aea	1-M-62	male	normal	633.0	0.0	0.0	0.08373164	0.0	0.0	0.0044663255	0.0	0.0	0.37822458
59268	smooth muscle cell of the pulmonary artery	48b37086-25f7-4ecd-be66-f5bb378e3aea	1-M-63	male	normal	470.0	0.0	0.0	0.15909113	0.0	0.0	0.009177222	0.0	0.0	0.33828866
59277	smooth muscle cell of the pulmonary artery	48b37086-25f7-4ecd-be66-f5bb378e3aea	1-M-63	male	normal	272.0	0.0	0.0	0.053720053	0.0	0.0	0.0074887853	0.0	0.0	0.50177795
59278	smooth muscle cell of the pulmonary artery	48b37086-25f7-4ecd-be66-f5bb378e3aea	1-M-63	male	normal	179.0	0.0	0.0	0.10802452	0.0	0.0	0.010373292	0.0	0.0	0.2622067
59281	smooth muscle cell of the pulmonary artery	48b37086-25f7-4ecd-be66-f5bb378e3aea	1-M-63	male	normal	204.0	0.0	0.0	0.06676132	0.0	0.0	0.0034291665	0.0	0.0	0.38666108
59296	smooth muscle cell of the pulmonary artery	48b37086-25f7-4ecd-be66-f5bb378e3aea	1-M-63	male	normal	266.0	0.0	0.0	0.1835956	0.0	0.0	0.011793893	0.0	0.0	0.5563604
59297	smooth muscle cell of the pulmonary artery	48b37086-25f7-4ecd-be66-f5bb378e3aea	1-M-63	male	normal	293.0	0.0	0.0	0.09445162	0.0	0.0	0.0122762555	0.0	0.0	0.104104504
59310	smooth muscle cell of the pulmonary artery	48b37086-25f7-4ecd-be66-f5bb378e3aea	1-M-63	male	normal	483.0	0.0	0.0	0.05504049	0.0	0.0	0.00724104	0.0	0.0	0.27450845
59313	smooth muscle cell of the pulmonary artery	48b37086-25f7-4ecd-be66-f5bb378e3aea	1-M-63	male	normal	319.0	0.0	0.0	0.048212178	0.0	0.0	0.0033468956	0.0	0.0	0.934639
58057	smooth muscle cell of the pulmonary artery	48b37086-25f7-4ecd-be66-f5bb378e3aea	18-F-50	female	normal	127.0	0.0	0.0	0.6259367	0.0	0.0	0.009069001	0.0	0.0	0.05837505
58077	smooth muscle cell of the pulmonary artery	48b37086-25f7-4ecd-be66-f5bb378e3aea	18-F-51	female	normal	62.0	0.0	0.0	0.1720729	0.0	0.0	0.003782197	0.0	0.0	0.0071389196
58131	smooth muscle cell of the pulmonary artery	48b37086-25f7-4ecd-be66-f5bb378e3aea	18-F-51	female	normal	374.0	0.0	0.0	0.035474088	0.0	0.0	0.0038543595	0.0	0.0	0.05289556
58147	smooth muscle cell of the pulmonary artery	48b37086-25f7-4ecd-be66-f5bb378e3aea	18-F-51	female	normal	391.0	0.0	0.0	0.16222778	0.0	0.0	0.013311249	0.0	0.0	0.28563005
58158	smooth muscle cell of the pulmonary artery	48b37086-25f7-4ecd-be66-f5bb378e3aea	18-F-51	female	normal	151.0	0.0	0.0	0.036808845	0.0	0.0	0.004583553	0.0	0.0	0.16419955
58187	smooth muscle cell of the pulmonary artery	48b37086-25f7-4ecd-be66-f5bb378e3aea	18-F-51	female	normal	325.0	0.0	0.0	0.1321428	0.0	0.0	0.006712975	0.0	0.0	0.491059
58202	smooth muscle cell of the pulmonary artery	48b37086-25f7-4ecd-be66-f5bb378e3aea	18-M-52	male	normal	166.0	0.0	0.0	0.31475356	0.0	0.0	0.010205395	0.0	0.0	0.014222594
58206	smooth muscle cell of the pulmonary artery	48b37086-25f7-4ecd-be66-f5bb378e3aea	18-M-52	male	normal	142.0	0.0	0.0	0.11950887	0.0	0.0	0.028104909	0.0	0.0	0.019898087
58220	smooth muscle cell of the pulmonary artery	48b37086-25f7-4ecd-be66-f5bb378e3aea	18-M-52	male	normal	141.0	0.0	0.0	0.05551162	0.0	0.0	0.016764473	0.0	0.0	0.0095933
58277	smooth muscle cell of the pulmonary artery	48b37086-25f7-4ecd-be66-f5bb378e3aea	18-M-52	male	normal	262.0	0.0	0.0	0.04925155	0.0	0.0	0.010384737	0.0	0.0	0.06687277
58284	smooth muscle cell of the pulmonary artery	48b37086-25f7-4ecd-be66-f5bb378e3aea	18-M-52	male	normal	330.0	0.0	0.0	0.12017765	0.0	0.0	0.010174747	0.0	0.0	0.6893404
58286	smooth muscle cell of the pulmonary artery	48b37086-25f7-4ecd-be66-f5bb378e3aea	18-M-52	male	normal	141.0	0.0	0.0	0.026257899	0.0	0.0	0.004096275	0.0	0.0	0.035636928
58288	smooth muscle cell of the pulmonary artery	48b37086-25f7-4ecd-be66-f5bb378e3aea	18-M-52	male	normal	235.0	0.0	0.0	0.023531804	0.0	0.0	0.0026917707	0.0	0.0	0.29458582
58303	smooth muscle cell of the pulmonary artery	48b37086-25f7-4ecd-be66-f5bb378e3aea	18-M-52	male	normal	175.0	0.0	0.0	0.12864096	0.0	0.0	0.014554902	0.0	0.0	0.18738958
58316	smooth muscle cell of the pulmonary artery	48b37086-25f7-4ecd-be66-f5bb378e3aea	18-M-52	male	normal	456.0	0.0	0.0	0.11708191	0.0	0.0	0.031655487	0.0	0.0	0.048347097
58325	smooth muscle cell of the pulmonary artery	48b37086-25f7-4ecd-be66-f5bb378e3aea	18-M-52	male	normal	238.0	0.0	0.0	0.04787766	0.0	0.0	0.0063521857	0.0	0.0	0.12310356
58337	smooth muscle cell of the pulmonary artery	48b37086-25f7-4ecd-be66-f5bb378e3aea	18-M-52	male	normal	118.0	0.0	0.0	0.07631678	0.0	0.0	0.008446166	0.0	0.0	0.028393852
58346	smooth muscle cell of the pulmonary artery	48b37086-25f7-4ecd-be66-f5bb378e3aea	18-M-52	male	normal	129.0	0.0	0.0	0.32921085	0.0	0.0	0.018221261	0.0	0.0	0.0018830092
58356	smooth muscle cell of the pulmonary artery	48b37086-25f7-4ecd-be66-f5bb378e3aea	18-M-53	male	normal	214.0	0.0	0.0	0.09676166	0.0	0.0	0.0035061622	0.0	0.0	0.22998326
58362	smooth muscle cell of the pulmonary artery	48b37086-25f7-4ecd-be66-f5bb378e3aea	18-M-53	male	normal	368.0	0.0	0.0	0.026044501	0.0	0.0	0.0026153529	0.0	0.0	0.3798712
58375	smooth muscle cell of the pulmonary artery	48b37086-25f7-4ecd-be66-f5bb378e3aea	18-M-53	male	normal	158.0	0.0	0.0	0.02888674	0.0	0.0	0.008767274	0.0	0.0	0.013637458
58389	smooth muscle cell of the pulmonary artery	48b37086-25f7-4ecd-be66-f5bb378e3aea	18-M-53	male	normal	374.0	0.0	0.0	0.1981643	0.0	0.0	0.012019316	0.0	0.0	0.038210306
58391	smooth muscle cell of the pulmonary artery	48b37086-25f7-4ecd-be66-f5bb378e3aea	18-M-53	male	normal	125.0	0.0	0.0	0.09401659	0.0	0.0	0.0093169175	0.0	0.0	0.02172621
58399	smooth muscle cell of the pulmonary artery	48b37086-25f7-4ecd-be66-f5bb378e3aea	18-M-53	male	normal	130.0	0.0	0.0	0.16151048	0.0	0.0	0.04464024	0.0	0.0	0.0055105016
58420	smooth muscle cell of the pulmonary artery	48b37086-25f7-4ecd-be66-f5bb378e3aea	18-M-53	male	normal	154.0	0.0	0.0	0.2133359	0.0	0.0	0.011402022	0.0	0.0	0.01904359
58434	smooth muscle cell of the pulmonary artery	48b37086-25f7-4ecd-be66-f5bb378e3aea	18-M-53	male	normal	153.0	0.0	0.0	0.09149085	0.0	0.0	0.009929867	0.0	0.0	0.03854215
58435	smooth muscle cell of the pulmonary artery	48b37086-25f7-4ecd-be66-f5bb378e3aea	18-M-53	male	normal	252.0	0.0	0.0	0.046574228	0.0	0.0	0.009160917	0.0	0.0	0.054657605
58444	smooth muscle cell of the pulmonary artery	48b37086-25f7-4ecd-be66-f5bb378e3aea	18-M-53	male	normal	142.0	0.0	0.0	0.3477828	0.0	0.0	0.026930552	0.0	0.0	0.0031315521
58449	smooth muscle cell of the pulmonary artery	48b37086-25f7-4ecd-be66-f5bb378e3aea	18-M-53	male	normal	139.0	0.0	0.0	0.13015532	0.0	0.0	0.019968512	0.0	0.0	0.045973685
58462	smooth muscle cell of the pulmonary artery	48b37086-25f7-4ecd-be66-f5bb378e3aea	18-M-53	male	normal	130.0	0.0	0.0	0.22152185	0.0	0.0	0.027630122	0.0	0.0	0.06785008
58477	smooth muscle cell of the pulmonary artery	48b37086-25f7-4ecd-be66-f5bb378e3aea	18-M-53	male	normal	117.0	0.0	0.0	0.021872638	0.0	0.0	0.0031560666	0.0	0.0	0.0066591087
58480	smooth muscle cell of the pulmonary artery	48b37086-25f7-4ecd-be66-f5bb378e3aea	18-M-53	male	normal	145.0	0.0	0.0	0.110552624	0.0	0.0	0.0058778357	0.0	0.0	0.014581757
58501	smooth muscle cell of the pulmonary artery	48b37086-25f7-4ecd-be66-f5bb378e3aea	21-F-54	female	normal	387.0	0.0	0.0	0.053806003	0.0	0.0	0.0046067047	0.0	0.0	0.52552116
58510	smooth muscle cell of the pulmonary artery	48b37086-25f7-4ecd-be66-f5bb378e3aea	21-F-54	female	normal	124.0	0.0	0.0	0.36290285	0.0	0.0	0.021273917	0.0	0.0	0.031765442
58522	smooth muscle cell of the pulmonary artery	48b37086-25f7-4ecd-be66-f5bb378e3aea	21-F-54	female	normal	273.0	0.0	0.0	0.023987023	0.0	0.0	0.0040518856	0.0	0.0	0.20076673
58549	smooth muscle cell of the pulmonary artery	48b37086-25f7-4ecd-be66-f5bb378e3aea	21-F-54	female	normal	122.0	0.0	0.0	0.085405596	0.0	0.0	0.004743585	0.0	0.0	0.08736731
58573	smooth muscle cell of the pulmonary artery	48b37086-25f7-4ecd-be66-f5bb378e3aea	21-F-54	female	normal	143.0	0.0	0.0	0.06820818	0.0	0.0	0.009586043	0.0	0.0	0.15346493
58593	smooth muscle cell of the pulmonary artery	48b37086-25f7-4ecd-be66-f5bb378e3aea	21-F-54	female	normal	117.0	0.0	0.0	0.17713928	0.0	0.0	0.012377922	0.0	0.0	0.08717275
58600	smooth muscle cell of the pulmonary artery	48b37086-25f7-4ecd-be66-f5bb378e3aea	21-F-54	female	normal	312.0	0.0	0.0	0.14029473	0.0	0.0	0.0089790085	0.0	0.0	0.032728877
58604	smooth muscle cell of the pulmonary artery	48b37086-25f7-4ecd-be66-f5bb378e3aea	21-F-54	female	normal	343.0	0.0	0.0	0.089736335	0.0	0.0	0.010465094	0.0	0.0	0.13487926
58637	smooth muscle cell of the pulmonary artery	48b37086-25f7-4ecd-be66-f5bb378e3aea	21-F-54	female	normal	205.0	0.0	0.0	0.08520165	0.0	0.0	0.016476737	0.0	0.0	0.050677195
58638	smooth muscle cell of the pulmonary artery	48b37086-25f7-4ecd-be66-f5bb378e3aea	21-F-54	female	normal	187.0	0.0	0.0	0.08469696	0.0	0.0	0.005812625	0.0	0.0	0.13315466
58673	smooth muscle cell of the pulmonary artery	48b37086-25f7-4ecd-be66-f5bb378e3aea	21-F-54	female	normal	149.0	0.0	0.0	0.13289061	0.0	0.0	0.016332198	0.0	0.0	0.0052382
58680	smooth muscle cell of the pulmonary artery	48b37086-25f7-4ecd-be66-f5bb378e3aea	21-F-55	female	normal	135.0	0.0	0.0	0.12532078	0.0	0.0	0.013737205	0.0	0.0	0.20087346
58688	smooth muscle cell of the pulmonary artery	48b37086-25f7-4ecd-be66-f5bb378e3aea	21-F-55	female	normal	109.0	0.0	0.0	0.2494543	0.0	0.0	0.023825286	0.0	0.0	0.0056775864
58700	smooth muscle cell of the pulmonary artery	48b37086-25f7-4ecd-be66-f5bb378e3aea	21-F-55	female	normal	161.0	0.0	0.0	0.12315443	0.0	0.0	0.012991914	0.0	0.0	0.14596273
58721	smooth muscle cell of the pulmonary artery	48b37086-25f7-4ecd-be66-f5bb378e3aea	21-F-55	female	normal	107.0	0.0	0.0	0.047782574	0.0	0.0	0.004898367	0.0	0.0	0.020801209
58726	smooth muscle cell of the pulmonary artery	48b37086-25f7-4ecd-be66-f5bb378e3aea	21-F-55	female	normal	74.0	0.0	0.0	0.07551393	0.0	0.0	0.007584497	0.0	0.0	0.024180174
58734	smooth muscle cell of the pulmonary artery	48b37086-25f7-4ecd-be66-f5bb378e3aea	21-F-55	female	normal	219.0	0.0	0.0	0.055461947	0.0	0.0	0.005633389	0.0	0.0	0.25091884
58739	smooth muscle cell of the pulmonary artery	48b37086-25f7-4ecd-be66-f5bb378e3aea	21-F-55	female	normal	153.0	0.0	0.0	0.13456899	0.0	0.0	0.012852655	0.0	0.0	0.0987775
58760	smooth muscle cell of the pulmonary artery	48b37086-25f7-4ecd-be66-f5bb378e3aea	21-F-55	female	normal	327.0	0.0	0.0	0.092163846	0.0	0.0	0.015300079	0.0	0.0	0.0619371
58778	smooth muscle cell of the pulmonary artery	48b37086-25f7-4ecd-be66-f5bb378e3aea	21-F-55	female	normal	980.0	0.0	0.0	0.09411007	0.0	0.0	0.008952825	0.0	0.0	0.05725284
58784	smooth muscle cell of the pulmonary artery	48b37086-25f7-4ecd-be66-f5bb378e3aea	21-F-55	female	normal	188.0	0.0	0.0	0.2756673	0.0	0.0	0.05409508	0.0	0.0	0.004546089
58794	smooth muscle cell of the pulmonary artery	48b37086-25f7-4ecd-be66-f5bb378e3aea	21-F-55	female	normal	115.0	0.0	0.0	0.07000618	0.0	0.0	0.009541451	0.0	0.0	0.033917245
58820	smooth muscle cell of the pulmonary artery	48b37086-25f7-4ecd-be66-f5bb378e3aea	21-F-55	female	normal	175.0	0.0	0.0	0.0912245	0.0	0.0	0.012906155	0.0	0.0	0.07623289
58828	smooth muscle cell of the pulmonary artery	48b37086-25f7-4ecd-be66-f5bb378e3aea	21-F-55	female	normal	262.0	0.0	0.0	0.038023945	0.0	0.0	0.008134678	0.0	0.0	0.058490824
58830	smooth muscle cell of the pulmonary artery	48b37086-25f7-4ecd-be66-f5bb378e3aea	21-F-55	female	normal	111.0	0.0	0.0	0.089250416	0.0	0.0	0.008222592	0.0	0.0	0.0948341
58845	smooth muscle cell of the pulmonary artery	48b37086-25f7-4ecd-be66-f5bb378e3aea	21-F-55	female	normal	116.0	0.0	0.0	0.37822008	0.0	0.0	0.0181125	0.0	0.0	0.0093017835
59329	smooth muscle cell of the pulmonary artery	48b37086-25f7-4ecd-be66-f5bb378e3aea	3-F-56	female	normal	168.0	0.0	0.0	0.05101067	0.0	0.0	0.005128706	0.0	0.0	0.0231495
59351	smooth muscle cell of the pulmonary artery	48b37086-25f7-4ecd-be66-f5bb378e3aea	3-F-56	female	normal	336.0	0.0	0.0	0.18346305	0.0	0.0	0.012779621	0.0	0.0	0.3838901
59355	smooth muscle cell of the pulmonary artery	48b37086-25f7-4ecd-be66-f5bb378e3aea	3-F-56	female	normal	229.0	0.0	0.0	0.07792817	0.0	0.0	0.015662827	0.0	0.0	0.0815106
59369	smooth muscle cell of the pulmonary artery	48b37086-25f7-4ecd-be66-f5bb378e3aea	3-F-57	female	normal	148.0	0.0	0.0	0.033715922	0.0	0.0	0.0045605553	0.0	0.0	0.033669982
59375	smooth muscle cell of the pulmonary artery	48b37086-25f7-4ecd-be66-f5bb378e3aea	3-F-57	female	normal	131.0	0.0	0.0	0.2116854	0.0	0.0	0.01360847	0.0	0.0	0.1781854
59379	smooth muscle cell of the pulmonary artery	48b37086-25f7-4ecd-be66-f5bb378e3aea	3-F-57	female	normal	168.0	0.0	0.0	0.20585957	0.0	0.0	0.02117096	0.0	0.0	0.2485737
59381	smooth muscle cell of the pulmonary artery	48b37086-25f7-4ecd-be66-f5bb378e3aea	3-F-57	female	normal	364.0	0.0	0.0	0.15362476	0.0	0.0	0.015070437	0.0	0.0	0.071432896
59389	smooth muscle cell of the pulmonary artery	48b37086-25f7-4ecd-be66-f5bb378e3aea	3-F-57	female	normal	388.0	0.0	0.0	0.12122631	0.0	0.0	0.014346859	0.0	0.0	0.039594542
59394	smooth muscle cell of the pulmonary artery	48b37086-25f7-4ecd-be66-f5bb378e3aea	3-F-57	female	normal	100.0	0.0	0.0	0.07790423	0.0	0.0	0.009329896	0.0	0.0	0.14138947
59417	smooth muscle cell of the pulmonary artery	48b37086-25f7-4ecd-be66-f5bb378e3aea	3-F-57	female	normal	556.0	0.0	0.0	0.030839171	0.0	0.0	0.004853492	0.0	0.0	0.16074225
59428	smooth muscle cell of the pulmonary artery	48b37086-25f7-4ecd-be66-f5bb378e3aea	3-F-57	female	normal	96.0	0.0	0.0	0.13767548	0.0	0.0	0.011823397	0.0	0.0	0.010677889
59433	smooth muscle cell of the pulmonary artery	48b37086-25f7-4ecd-be66-f5bb378e3aea	3-F-57	female	normal	134.0	0.0	0.0	0.22125274	0.0	0.0	0.011072847	0.0	0.0	0.16302909
59434	smooth muscle cell of the pulmonary artery	48b37086-25f7-4ecd-be66-f5bb378e3aea	3-F-57	female	normal	175.0	0.0	0.0	0.08058444	0.0	0.0	0.006375637	0.0	0.0	0.11933806
59438	smooth muscle cell of the pulmonary artery	48b37086-25f7-4ecd-be66-f5bb378e3aea	3-F-57	female	normal	138.0	0.0	0.0	0.09651312	0.0	0.0	0.03200294	0.0	0.0	0.013130781
59443	smooth muscle cell of the pulmonary artery	48b37086-25f7-4ecd-be66-f5bb378e3aea	3-F-57	female	normal	195.0	0.0	0.0	0.026269525	0.0	0.0	0.0062295776	0.0	0.0	0.09145757
59444	smooth muscle cell of the pulmonary artery	48b37086-25f7-4ecd-be66-f5bb378e3aea	3-F-57	female	normal	384.0	0.0	0.0	0.055011448	0.0	0.0	0.0060903546	0.0	0.0	0.11410352
58926	smooth muscle cell of the pulmonary artery	48b37086-25f7-4ecd-be66-f5bb378e3aea	30-M-3	male	normal	119.0	0.0	0.0	0.23649389	0.0	0.0	0.003809655	0.0	0.0	0.11480705
58976	smooth muscle cell of the pulmonary artery	48b37086-25f7-4ecd-be66-f5bb378e3aea	30-M-4	male	normal	233.0	0.0	0.0	0.09335577	0.0	0.0	0.010967497	0.0	0.0	0.032141183
59006	smooth muscle cell of the pulmonary artery	48b37086-25f7-4ecd-be66-f5bb378e3aea	30-M-4	male	normal	195.0	0.0	0.0	0.05339838	0.0	0.0	0.023399696	0.0	0.0	0.007259595
59020	smooth muscle cell of the pulmonary artery	48b37086-25f7-4ecd-be66-f5bb378e3aea	30-M-4	male	normal	106.0	0.0	0.0	0.019262727	0.0	0.0	0.010250706	0.0	0.0	0.02104619
59030	smooth muscle cell of the pulmonary artery	48b37086-25f7-4ecd-be66-f5bb378e3aea	30-M-4	male	normal	182.0	0.0	0.0	0.036769357	0.0	0.0	0.0053366967	0.0	0.0	0.075771995
59048	smooth muscle cell of the pulmonary artery	48b37086-25f7-4ecd-be66-f5bb378e3aea	30-M-4	male	normal	228.0	0.0	0.0	0.058163602	0.0	0.0	0.015063021	0.0	0.0	0.01440983
59059	smooth muscle cell of the pulmonary artery	48b37086-25f7-4ecd-be66-f5bb378e3aea	30-M-4	male	normal	732.0	0.0	0.0	0.119810246	0.0	0.0	0.011664852	0.0	0.0	0.24060306
59065	smooth muscle cell of the pulmonary artery	48b37086-25f7-4ecd-be66-f5bb378e3aea	30-M-4	male	normal	295.0	0.0	0.0	0.07858703	0.0	0.0	0.017644735	0.0	0.0	0.17170043
59069	smooth muscle cell of the pulmonary artery	48b37086-25f7-4ecd-be66-f5bb378e3aea	30-M-4	male	normal	310.0	0.0	0.0	0.07310241	0.0	0.0	0.003340793	0.0	0.0	0.3616702
59100	smooth muscle cell of the pulmonary artery	48b37086-25f7-4ecd-be66-f5bb378e3aea	30-M-5	male	normal	750.0	0.0	0.0	0.06463134	0.0	0.0	0.0035595996	0.0	0.0	0.062012237
59117	smooth muscle cell of the pulmonary artery	48b37086-25f7-4ecd-be66-f5bb378e3aea	30-M-5	male	normal	88.0	0.0	0.0	0.28653216	0.0	0.0	0.02179791	0.0	0.0	0.026467491
23208	vascular associated smooth muscle cell	89840cec-5734-455d-b68e-34d27650e148	3776	male	influenza	975.0	0.0	0.0	0.12532549	0.0	0.0	0.020794593	0.0	0.0	0.009287335
23209	vascular associated smooth muscle cell	89840cec-5734-455d-b68e-34d27650e148	3776	male	influenza	239.0	0.0	0.0	0.49371797	0.0	0.0	0.012238771	0.0	0.0	0.0016380374
23221	vascular associated smooth muscle cell	89840cec-5734-455d-b68e-34d27650e148	3776	male	influenza	531.0	0.0	0.0	0.23232718	0.0	0.0	0.00399569	0.0	0.0	0.0033313986
23276	vascular associated smooth muscle cell	89840cec-5734-455d-b68e-34d27650e148	3776	male	influenza	796.0	0.0	0.0	0.31372932	0.0	0.0	0.015658237	0.0	0.0	0.0016665224
23298	vascular associated smooth muscle cell	89840cec-5734-455d-b68e-34d27650e148	3776	male	influenza	391.0	0.0	0.0	0.11160637	0.0	0.0	0.008094554	0.0	0.0	0.009695718
23307	vascular associated smooth muscle cell	89840cec-5734-455d-b68e-34d27650e148	3776	male	influenza	741.0	0.0	0.0	0.09892544	0.0	0.0	0.0033274046	0.0	0.0	0.007987045
23313	vascular associated smooth muscle cell	89840cec-5734-455d-b68e-34d27650e148	3776	male	influenza	372.0	0.0	0.0	0.4240297	0.0	0.0	0.012010266	0.0	0.0	0.0028363976
23329	vascular associated smooth muscle cell	89840cec-5734-455d-b68e-34d27650e148	3776	male	influenza	390.0	0.0	0.0	0.6682874	0.0	0.0	0.09039938	0.0	0.0	0.00886039
23345	vascular associated smooth muscle cell	89840cec-5734-455d-b68e-34d27650e148	3776	male	influenza	51.0	0.0	0.0	0.7313821	0.0	0.0	0.06295497	0.0	0.0	0.004120581
23367	vascular associated smooth muscle cell	89840cec-5734-455d-b68e-34d27650e148	3776	male	influenza	365.0	0.0	0.0	0.59738404	0.0	0.0	0.011643144	0.0	0.0	0.008943069
23369	vascular associated smooth muscle cell	89840cec-5734-455d-b68e-34d27650e148	3776	male	influenza	728.0	0.0	0.0	0.6343641	0.0	0.0	0.06160046	0.0	0.0	0.03497206
23378	vascular associated smooth muscle cell	89840cec-5734-455d-b68e-34d27650e148	3776	male	influenza	1594.0	0.0	0.0	0.1276773	0.0	0.0	0.0046880725	0.0	0.0	0.0035260115
23403	vascular associated smooth muscle cell	89840cec-5734-455d-b68e-34d27650e148	3776	male	influenza	810.0	0.0	0.0	0.28953186	0.0	0.0	0.010442537	0.0	0.0	0.001236005
23423	vascular associated smooth muscle cell	89840cec-5734-455d-b68e-34d27650e148	3776	male	influenza	777.0	0.0	0.0	0.08289853	0.0	0.0	0.004945183	0.0	0.0	0.020146163
23473	vascular associated smooth muscle cell	89840cec-5734-455d-b68e-34d27650e148	3776	male	influenza	873.0	0.0	0.0	0.05989905	0.0	0.0	0.0040285857	0.0	0.0	0.010162166
23476	vascular associated smooth muscle cell	89840cec-5734-455d-b68e-34d27650e148	3776	male	influenza	192.0	0.0	0.0	0.57081366	0.0	0.0	0.026527803	0.0	0.0	0.007839212
23481	vascular associated smooth muscle cell	89840cec-5734-455d-b68e-34d27650e148	3776	male	influenza	543.0	0.0	0.0	0.23541258	0.0	0.0	0.011676637	0.0	0.0	0.0012597395
23490	vascular associated smooth muscle cell	89840cec-5734-455d-b68e-34d27650e148	3776	male	influenza	402.0	0.0	0.0	0.19870082	0.0	0.0	0.01721559	0.0	0.0	0.0015465124
23491	vascular associated smooth muscle cell	89840cec-5734-455d-b68e-34d27650e148	3776	male	influenza	127.0	0.0	0.0	0.123518206	0.0	0.0	0.01756191	0.0	0.0	0.009200616
23494	vascular associated smooth muscle cell	89840cec-5734-455d-b68e-34d27650e148	3776	male	influenza	491.0	0.0	0.0	0.18707326	0.0	0.0	0.028787436	0.0	0.0	0.0033950633
23528	vascular associated smooth muscle cell	89840cec-5734-455d-b68e-34d27650e148	3776	male	influenza	616.0	0.0	0.0	0.35846746	0.0	0.0	0.040030118	0.0	0.0	0.0072575477
23530	vascular associated smooth muscle cell	89840cec-5734-455d-b68e-34d27650e148	3776	male	influenza	476.0	0.0	0.0	0.15594056	0.0	0.0	0.0059282975	0.0	0.0	0.00428377
23544	vascular associated smooth muscle cell	89840cec-5734-455d-b68e-34d27650e148	3776	male	influenza	205.0	0.0	0.0	0.27381927	0.0	0.0	0.031069828	0.0	0.0	0.00094608817
23564	vascular associated smooth muscle cell	89840cec-5734-455d-b68e-34d27650e148	3776	male	influenza	691.0	0.0	0.0	0.4700811	0.0	0.0	0.014564516	0.0	0.0	0.02497927
23591	vascular associated smooth muscle cell	89840cec-5734-455d-b68e-34d27650e148	3776	male	influenza	1112.0	0.0	0.0	0.19482554	0.0	0.0	0.011661776	0.0	0.0	0.001332707
23619	vascular associated smooth muscle cell	89840cec-5734-455d-b68e-34d27650e148	3776	male	influenza	413.0	0.0	0.0	0.5147148	0.0	0.0	0.052222583	0.0	0.0	0.010089521
23622	vascular associated smooth muscle cell	89840cec-5734-455d-b68e-34d27650e148	3776	male	influenza	275.0	0.0	0.0	0.37467742	0.0	0.0	0.018024622	0.0	0.0	0.005361873
23658	vascular associated smooth muscle cell	89840cec-5734-455d-b68e-34d27650e148	3776	male	influenza	349.0	0.0	0.0	0.4536987	0.0	0.0	0.02360662	0.0	0.0	0.0010554444
23707	vascular associated smooth muscle cell	89840cec-5734-455d-b68e-34d27650e148	3776	male	influenza	762.0	0.0	0.0	0.114918396	0.0	0.0	0.008470454	0.0	0.0	0.0030028617
23723	vascular associated smooth muscle cell	89840cec-5734-455d-b68e-34d27650e148	3776	male	influenza	360.0	0.0	0.0	0.2704645	0.0	0.0	0.03782088	0.0	0.0	0.00083293766
23738	vascular associated smooth muscle cell	89840cec-5734-455d-b68e-34d27650e148	3776	male	influenza	520.0	0.0	0.0	0.23128219	0.0	0.0	0.13105902	0.0	0.0	0.01949482
23739	vascular associated smooth muscle cell	89840cec-5734-455d-b68e-34d27650e148	3776	male	influenza	711.0	0.0	0.0	0.109141156	0.0	0.0	0.0033296584	0.0	0.0	0.0093965735
23750	vascular associated smooth muscle cell	89840cec-5734-455d-b68e-34d27650e148	3776	male	influenza	804.0	0.0	0.0	0.41869596	0.0	0.0	0.008841574	0.0	0.0	0.007827626
23760	vascular associated smooth muscle cell	89840cec-5734-455d-b68e-34d27650e148	3776	male	influenza	270.0	0.0	0.0	0.4696833	0.0	0.0	0.024053792	0.0	0.0	0.001494761
23794	vascular associated smooth muscle cell	89840cec-5734-455d-b68e-34d27650e148	3776	male	influenza	237.0	0.0	0.0	0.68879056	0.0	0.0	0.017967036	0.0	0.0	0.0027526934
23807	vascular associated smooth muscle cell	89840cec-5734-455d-b68e-34d27650e148	3776	male	influenza	317.0	0.0	0.0	0.21599749	0.0	0.0	0.040449742	0.0	0.0	0.0019357078
23846	vascular associated smooth muscle cell	89840cec-5734-455d-b68e-34d27650e148	3776	male	influenza	335.0	0.0	0.0	0.34480396	0.0	0.0	0.032330234	0.0	0.0	0.0018869825
23854	vascular associated smooth muscle cell	89840cec-5734-455d-b68e-34d27650e148	3776	male	influenza	109.0	0.0	0.0	0.43227178	0.0	0.0	0.035448197	0.0	0.0	0.0041843173
23909	vascular associated smooth muscle cell	89840cec-5734-455d-b68e-34d27650e148	3776	male	influenza	221.0	0.0	0.0	0.25720346	0.0	0.0	0.023587484	0.0	0.0	0.0020497884
23925	vascular associated smooth muscle cell	89840cec-5734-455d-b68e-34d27650e148	3776	male	influenza	113.0	0.0	0.0	0.6536144	0.0	0.0	0.041675963	0.0	0.0	0.00056183396
23969	vascular associated smooth muscle cell	89840cec-5734-455d-b68e-34d27650e148	3776	male	influenza	804.0	0.0	0.0	0.1534611	0.0	0.0	0.004987092	0.0	0.0	0.005453598
24027	vascular associated smooth muscle cell	89840cec-5734-455d-b68e-34d27650e148	3776	male	influenza	783.0	0.0	0.0	0.98930115	0.0	0.0	0.03697147	0.0	0.0	0.008138732
24046	vascular associated smooth muscle cell	89840cec-5734-455d-b68e-34d27650e148	3776	male	influenza	179.0	0.0	0.0	0.21754754	0.0	0.0	0.010253551	0.0	0.0	0.0062777554
24086	vascular associated smooth muscle cell	89840cec-5734-455d-b68e-34d27650e148	3776	male	influenza	731.0	0.0	0.0	0.10034184	0.0	0.0	0.012869897	0.0	0.0	0.003382248
24115	vascular associated smooth muscle cell	89840cec-5734-455d-b68e-34d27650e148	3776	male	influenza	309.0	0.0	0.0	0.463916	0.0	0.0	0.014271891	0.0	0.0	0.0060864296
24119	vascular associated smooth muscle cell	89840cec-5734-455d-b68e-34d27650e148	3776	male	influenza	339.0	0.0	0.0	0.37238955	0.0	0.0	0.011411379	0.0	0.0	0.007513956
24194	vascular associated smooth muscle cell	89840cec-5734-455d-b68e-34d27650e148	3776	male	influenza	742.0	0.0	0.0	0.15492642	0.0	0.0	0.0066422233	0.0	0.0	0.0065669906
24227	vascular associated smooth muscle cell	89840cec-5734-455d-b68e-34d27650e148	3776	male	influenza	588.0	0.0	0.0	0.07138774	0.0	0.0	0.009611626	0.0	0.0	0.001730516
24238	vascular associated smooth muscle cell	89840cec-5734-455d-b68e-34d27650e148	3776	male	influenza	474.0	0.0	0.0	0.42303616	0.0	0.0	0.013204304	0.0	0.0	0.0010438998
24285	vascular associated smooth muscle cell	89840cec-5734-455d-b68e-34d27650e148	3776	male	influenza	566.0	0.0	0.0	0.24544556	0.0	0.0	0.011223005	0.0	0.0	0.0043557943
24313	vascular associated smooth muscle cell	89840cec-5734-455d-b68e-34d27650e148	3776	male	influenza	844.0	0.0	0.0	0.22558299	0.0	0.0	0.016019784	0.0	0.0	0.002452122
24317	vascular associated smooth muscle cell	89840cec-5734-455d-b68e-34d27650e148	3776	male	influenza	575.0	0.0	0.0	0.3023455	0.0	0.0	0.17974235	0.0	0.0	0.080943465
24326	vascular associated smooth muscle cell	89840cec-5734-455d-b68e-34d27650e148	3776	male	influenza	172.0	0.0	0.0	0.69107324	0.0	0.0	0.039464194	0.0	0.0	0.0017360458
24374	vascular associated smooth muscle cell	89840cec-5734-455d-b68e-34d27650e148	3776	male	influenza	463.0	0.0	0.0	0.092782326	0.0	0.0	0.012180162	0.0	0.0	0.04071822
24409	vascular associated smooth muscle cell	89840cec-5734-455d-b68e-34d27650e148	3776	male	influenza	559.0	0.0	0.0	0.32032433	0.0	0.0	0.0071753333	0.0	0.0	0.035233
24457	vascular associated smooth muscle cell	89840cec-5734-455d-b68e-34d27650e148	3776	male	influenza	403.0	0.0	0.0	0.7106848	0.0	0.0	0.087526016	0.0	0.0	0.018883457
24477	vascular associated smooth muscle cell	89840cec-5734-455d-b68e-34d27650e148	3776	male	influenza	445.0	0.0	0.0	0.21331157	0.0	0.0	0.008090963	0.0	0.0	0.00471517
24490	vascular associated smooth muscle cell	89840cec-5734-455d-b68e-34d27650e148	3776	male	influenza	1427.0	0.0	0.0	0.40584704	0.0	0.0	0.45744693	0.0	0.0	0.13528067
24498	vascular associated smooth muscle cell	89840cec-5734-455d-b68e-34d27650e148	3776	male	influenza	568.0	0.0	0.0	0.20564139	0.0	0.0	0.021551529	0.0	0.0	0.0086234035
24504	vascular associated smooth muscle cell	89840cec-5734-455d-b68e-34d27650e148	3776	male	influenza	436.0	0.0	0.0	0.36073008	0.0	0.0	0.008045475	0.0	0.0	0.0031887556
24523	vascular associated smooth muscle cell	89840cec-5734-455d-b68e-34d27650e148	3776	male	influenza	490.0	0.0	0.0	0.38045666	0.0	0.0	0.0468922	0.0	0.0	0.00786372
24551	vascular associated smooth muscle cell	89840cec-5734-455d-b68e-34d27650e148	3776	male	influenza	126.0	0.0	0.0	0.4027868	0.0	0.0	0.031101085	0.0	0.0	0.0049699335
24582	vascular associated smooth muscle cell	89840cec-5734-455d-b68e-34d27650e148	3776	male	influenza	305.0	0.0	0.0	0.22798061	0.0	0.0	0.0136222355	0.0	0.0	0.004440484
24618	vascular associated smooth muscle cell	89840cec-5734-455d-b68e-34d27650e148	3776	male	influenza	2504.0	0.0	0.0	0.4437426	0.0	0.0	0.075953424	0.0	0.0	0.01407147
24627	vascular associated smooth muscle cell	89840cec-5734-455d-b68e-34d27650e148	3776	male	influenza	951.0	0.0	0.0	0.07616863	0.0	0.0	0.005555641	0.0	0.0	0.01331163
24761	vascular associated smooth muscle cell	89840cec-5734-455d-b68e-34d27650e148	3776	male	influenza	635.0	0.0	0.0	0.26009208	0.0	0.0	0.009869871	0.0	0.0	0.0098142605
24783	vascular associated smooth muscle cell	89840cec-5734-455d-b68e-34d27650e148	3776	male	influenza	597.0	0.0	0.0	0.19324332	0.0	0.0	0.025685374	0.0	0.0	0.0009522075
24811	vascular associated smooth muscle cell	89840cec-5734-455d-b68e-34d27650e148	3776	male	influenza	611.0	0.0	0.0	0.5934944	0.0	0.0	0.023417361	0.0	0.0	0.009712205
16213	vascular associated smooth muscle cell	89840cec-5734-455d-b68e-34d27650e148	3781	female	influenza	2669.0	0.0	0.0	0.22424312	0.0	0.0	0.0029256656	0.0	0.0	0.0042923614
16218	vascular associated smooth muscle cell	89840cec-5734-455d-b68e-34d27650e148	3781	female	influenza	2307.0	0.0	0.0	0.3370018	0.0	0.0	0.0033764697	0.0	0.0	0.0013895726
16226	vascular associated smooth muscle cell	89840cec-5734-455d-b68e-34d27650e148	3781	female	influenza	2736.0	0.0	0.0	0.08142041	0.0	0.0	0.0011557707	0.0	0.0	0.013839615
16252	vascular associated smooth muscle cell	89840cec-5734-455d-b68e-34d27650e148	3781	female	influenza	431.0	0.0	0.0	0.16352229	0.0	0.0	0.0047594	0.0	0.0	0.0139528485
16254	vascular associated smooth muscle cell	89840cec-5734-455d-b68e-34d27650e148	3781	female	influenza	668.0	0.0	0.0	0.22617114	0.0	0.0	0.011842528	0.0	0.0	0.0024585847
16283	vascular associated smooth muscle cell	89840cec-5734-455d-b68e-34d27650e148	3781	female	influenza	1805.0	0.0	0.0	0.1406155	0.0	0.0	0.0039946255	0.0	0.0	0.014063605
16350	vascular associated smooth muscle cell	89840cec-5734-455d-b68e-34d27650e148	3781	female	influenza	2581.0	0.0	0.0	0.11362098	0.0	0.0	0.002318547	0.0	0.0	0.016792621
16352	vascular associated smooth muscle cell	89840cec-5734-455d-b68e-34d27650e148	3781	female	influenza	1071.0	0.0	0.0	0.08066186	0.0	0.0	0.0027202866	0.0	0.0	0.0013241676
16367	vascular associated smooth muscle cell	89840cec-5734-455d-b68e-34d27650e148	3781	female	influenza	1291.0	0.0	0.0	0.16041712	0.0	0.0	0.0065525817	0.0	0.0	0.0016636885
16371	vascular associated smooth muscle cell	89840cec-5734-455d-b68e-34d27650e148	3781	female	influenza	493.0	0.0	0.0	0.87549984	0.0	0.0	0.1817478	0.0	0.0	0.011295549
16422	vascular associated smooth muscle cell	89840cec-5734-455d-b68e-34d27650e148	3781	female	influenza	1101.0	0.0	0.0	0.0867437	0.0	0.0	0.0035292737	0.0	0.0	0.0030457152
16426	vascular associated smooth muscle cell	89840cec-5734-455d-b68e-34d27650e148	3781	female	influenza	1551.0	0.0	0.0	0.22271837	0.0	0.0	0.0044232514	0.0	0.0	0.026480073
16436	vascular associated smooth muscle cell	89840cec-5734-455d-b68e-34d27650e148	3781	female	influenza	3003.0	0.0	0.0	0.19777474	0.0	0.0	0.0027888147	0.0	0.0	0.0012733564
16453	vascular associated smooth muscle cell	89840cec-5734-455d-b68e-34d27650e148	3781	female	influenza	1426.0	0.0	0.0	0.1484768	0.0	0.0	0.0013651918	0.0	0.0	0.0009880669
16455	vascular associated smooth muscle cell	89840cec-5734-455d-b68e-34d27650e148	3781	female	influenza	4822.0	1.0	0.21202864	0.06961197	0.0	0.0	0.004434962	0.0	0.0	0.0052881
16517	vascular associated smooth muscle cell	89840cec-5734-455d-b68e-34d27650e148	3781	female	influenza	1307.0	0.0	0.0	0.2300598	0.0	0.0	0.0039964956	0.0	0.0	0.015607105
16558	vascular associated smooth muscle cell	89840cec-5734-455d-b68e-34d27650e148	3781	female	influenza	1371.0	0.0	0.0	0.0865226	0.0	0.0	0.005614991	0.0	0.0	0.011028104
16589	vascular associated smooth muscle cell	89840cec-5734-455d-b68e-34d27650e148	3781	female	influenza	2214.0	0.0	0.0	0.09365425	0.0	0.0	0.0012133197	0.0	0.0	0.0015027806
16599	vascular associated smooth muscle cell	89840cec-5734-455d-b68e-34d27650e148	3781	female	influenza	1374.0	0.0	0.0	0.2897732	0.0	0.0	0.012635952	0.0	0.0	0.01280079
16637	vascular associated smooth muscle cell	89840cec-5734-455d-b68e-34d27650e148	3781	female	influenza	1117.0	0.0	0.0	0.1844763	0.0	0.0	0.003970621	0.0	0.0	0.003213114
16663	vascular associated smooth muscle cell	89840cec-5734-455d-b68e-34d27650e148	3781	female	influenza	382.0	0.0	0.0	0.22999619	0.0	0.0	0.010096192	0.0	0.0	0.0009271125
16665	vascular associated smooth muscle cell	89840cec-5734-455d-b68e-34d27650e148	3781	female	influenza	1497.0	0.0	0.0	0.15176564	0.0	0.0	0.0026350904	0.0	0.0	0.0011378361
16668	vascular associated smooth muscle cell	89840cec-5734-455d-b68e-34d27650e148	3781	female	influenza	834.0	0.0	0.0	0.15658034	0.0	0.0	0.0038898564	0.0	0.0	0.034634072
16674	vascular associated smooth muscle cell	89840cec-5734-455d-b68e-34d27650e148	3781	female	influenza	3405.0	0.0	0.0	0.18474422	0.0	0.0	0.004026873	0.0	0.0	0.00378832
16678	vascular associated smooth muscle cell	89840cec-5734-455d-b68e-34d27650e148	3781	female	influenza	734.0	0.0	0.0	0.57673347	0.0	0.0	0.019887773	0.0	0.0	0.0090501625
16704	vascular associated smooth muscle cell	89840cec-5734-455d-b68e-34d27650e148	3781	female	influenza	1648.0	0.0	0.0	0.11589371	0.0	0.0	0.0014788577	0.0	0.0	0.010779167
16710	vascular associated smooth muscle cell	89840cec-5734-455d-b68e-34d27650e148	3781	female	influenza	2907.0	0.0	0.0	0.24534771	0.0	0.0	0.0033898265	0.0	0.0	0.006790253
16717	vascular associated smooth muscle cell	89840cec-5734-455d-b68e-34d27650e148	3781	female	influenza	306.0	0.0	0.0	0.23991276	0.0	0.0	0.0077310633	0.0	0.0	0.0015633443
16752	vascular associated smooth muscle cell	89840cec-5734-455d-b68e-34d27650e148	3781	female	influenza	474.0	0.0	0.0	0.38993165	0.0	0.0	0.012723421	0.0	0.0	0.0010961274
16777	vascular associated smooth muscle cell	89840cec-5734-455d-b68e-34d27650e148	3781	female	influenza	949.0	0.0	0.0	0.25273722	0.0	0.0	0.0071836878	0.0	0.0	0.02383922
16789	vascular associated smooth muscle cell	89840cec-5734-455d-b68e-34d27650e148	3781	female	influenza	397.0	0.0	0.0	0.14013292	0.0	0.0	0.0051383777	0.0	0.0	0.0070837755
16813	vascular associated smooth muscle cell	89840cec-5734-455d-b68e-34d27650e148	3781	female	influenza	168.0	0.0	0.0	0.953225	0.0	0.0	0.03169163	0.0	0.0	0.00090966345
16843	vascular associated smooth muscle cell	89840cec-5734-455d-b68e-34d27650e148	3781	female	influenza	958.0	0.0	0.0	0.30891111	0.0	0.0	0.009908544	0.0	0.0	0.0050278367
16880	vascular associated smooth muscle cell	89840cec-5734-455d-b68e-34d27650e148	3781	female	influenza	270.0	0.0	0.0	0.46768802	0.0	0.0	0.016279094	0.0	0.0	0.0033368594
16882	vascular associated smooth muscle cell	89840cec-5734-455d-b68e-34d27650e148	3781	female	influenza	1558.0	0.0	0.0	0.09720539	0.0	0.0	0.0057322974	0.0	0.0	0.0030618382
16892	vascular associated smooth muscle cell	89840cec-5734-455d-b68e-34d27650e148	3781	female	influenza	1105.0	0.0	0.0	0.12455415	0.0	0.0	0.00484579	0.0	0.0	0.0023046993
16893	vascular associated smooth muscle cell	89840cec-5734-455d-b68e-34d27650e148	3781	female	influenza	1174.0	0.0	0.0	0.1584448	0.0	0.0	0.0032896632	0.0	0.0	0.043065656
16903	vascular associated smooth muscle cell	89840cec-5734-455d-b68e-34d27650e148	3781	female	influenza	341.0	0.0	0.0	0.08666611	0.0	0.0	0.005514342	0.0	0.0	0.0012571478
16921	vascular associated smooth muscle cell	89840cec-5734-455d-b68e-34d27650e148	3781	female	influenza	2117.0	0.0	0.0	0.16737734	0.0	0.0	0.0041670296	0.0	0.0	0.0653065
16960	vascular associated smooth muscle cell	89840cec-5734-455d-b68e-34d27650e148	3781	female	influenza	225.0	0.0	0.0	0.17277995	0.0	0.0	0.010336091	0.0	0.0	0.0040933685
16971	vascular associated smooth muscle cell	89840cec-5734-455d-b68e-34d27650e148	3781	female	influenza	165.0	0.0	0.0	0.2700071	0.0	0.0	0.006244007	0.0	0.0	0.0017908725
16984	vascular associated smooth muscle cell	89840cec-5734-455d-b68e-34d27650e148	3781	female	influenza	5697.0	0.0	0.0	0.67973655	0.0	0.0	0.020703647	0.0	0.0	0.0023439906
17006	vascular associated smooth muscle cell	89840cec-5734-455d-b68e-34d27650e148	3781	female	influenza	1094.0	0.0	0.0	0.53860766	0.0	0.0	0.00847764	0.0	0.0	0.058814835
17044	vascular associated smooth muscle cell	89840cec-5734-455d-b68e-34d27650e148	3781	female	influenza	2752.0	0.0	0.0	0.10575053	0.0	0.0	0.0031085636	0.0	0.0	0.04140652
17050	vascular associated smooth muscle cell	89840cec-5734-455d-b68e-34d27650e148	3781	female	influenza	2611.0	0.0	0.0	0.119586974	0.0	0.0	0.003933888	0.0	0.0	0.015551677
17055	vascular associated smooth muscle cell	89840cec-5734-455d-b68e-34d27650e148	3781	female	influenza	2209.0	0.0	0.0	0.09308396	0.0	0.0	0.002373075	0.0	0.0	0.0018350405
17074	vascular associated smooth muscle cell	89840cec-5734-455d-b68e-34d27650e148	3781	female	influenza	657.0	0.0	0.0	0.2920271	0.0	0.0	0.004706621	0.0	0.0	0.0037241085
17080	vascular associated smooth muscle cell	89840cec-5734-455d-b68e-34d27650e148	3781	female	influenza	322.0	0.0	0.0	0.5130626	0.0	0.0	0.02982055	0.0	0.0	0.00496878
21989	vascular associated smooth muscle cell	89840cec-5734-455d-b68e-34d27650e148	3784	female	influenza	477.0	0.0	0.0	0.2752108	0.0	0.0	0.0037100224	0.0	0.0	0.004430629
22055	vascular associated smooth muscle cell	89840cec-5734-455d-b68e-34d27650e148	3784	female	influenza	478.0	0.0	0.0	0.88517904	0.0	0.0	0.024602132	0.0	0.0	0.013323745
22090	vascular associated smooth muscle cell	89840cec-5734-455d-b68e-34d27650e148	3784	female	influenza	382.0	0.0	0.0	0.60145557	0.0	0.0	0.022226775	0.0	0.0	0.009771002
22108	vascular associated smooth muscle cell	89840cec-5734-455d-b68e-34d27650e148	3784	female	influenza	555.0	0.0	0.0	0.35369813	0.0	0.0	0.015242133	0.0	0.0	0.0024758682
22184	vascular associated smooth muscle cell	89840cec-5734-455d-b68e-34d27650e148	3784	female	influenza	737.0	0.0	0.0	0.13404416	0.0	0.0	0.006795279	0.0	0.0	0.0032122273
22240	vascular associated smooth muscle cell	89840cec-5734-455d-b68e-34d27650e148	3784	female	influenza	321.0	0.0	0.0	0.24692483	0.0	0.0	0.007081567	0.0	0.0	0.0030034583
22245	vascular associated smooth muscle cell	89840cec-5734-455d-b68e-34d27650e148	3784	female	influenza	716.0	0.0	0.0	0.22595148	0.0	0.0	0.01528751	0.0	0.0	0.018042482
22248	vascular associated smooth muscle cell	89840cec-5734-455d-b68e-34d27650e148	3784	female	influenza	131.0	0.0	0.0	0.76267314	0.0	0.0	0.2190613	0.0	0.0	0.044948254
22274	vascular associated smooth muscle cell	89840cec-5734-455d-b68e-34d27650e148	3784	female	influenza	771.0	0.0	0.0	1.9342171	0.0	0.0	0.025627164	0.0	0.0	0.0025467474
22282	vascular associated smooth muscle cell	89840cec-5734-455d-b68e-34d27650e148	3784	female	influenza	842.0	0.0	0.0	0.27616552	0.0	0.0	0.016862074	0.0	0.0	0.0009078523
22283	vascular associated smooth muscle cell	89840cec-5734-455d-b68e-34d27650e148	3784	female	influenza	542.0	0.0	0.0	0.48305967	0.0	0.0	0.018082181	0.0	0.0	0.0034280133
22318	vascular associated smooth muscle cell	89840cec-5734-455d-b68e-34d27650e148	3784	female	influenza	235.0	0.0	0.0	0.33399367	0.0	0.0	0.058834363	0.0	0.0	0.001973781
22348	vascular associated smooth muscle cell	89840cec-5734-455d-b68e-34d27650e148	3784	female	influenza	138.0	0.0	0.0	0.76066047	0.0	0.0	0.02329649	0.0	0.0	0.0014005386
22381	vascular associated smooth muscle cell	89840cec-5734-455d-b68e-34d27650e148	3784	female	influenza	359.0	0.0	0.0	0.94152147	0.0	0.0	0.015629731	0.0	0.0	0.0010809179
22527	vascular associated smooth muscle cell	89840cec-5734-455d-b68e-34d27650e148	3784	female	influenza	153.0	0.0	0.0	1.0280347	0.0	0.0	0.07291994	0.0	0.0	0.0024632309
22535	vascular associated smooth muscle cell	89840cec-5734-455d-b68e-34d27650e148	3784	female	influenza	130.0	0.0	0.0	0.698871	0.0	0.0	0.05662216	0.0	0.0	0.0014170529
22723	vascular associated smooth muscle cell	89840cec-5734-455d-b68e-34d27650e148	3784	female	influenza	537.0	0.0	0.0	0.42297733	0.0	0.0	0.015057215	0.0	0.0	0.004893937
22735	vascular associated smooth muscle cell	89840cec-5734-455d-b68e-34d27650e148	3784	female	influenza	517.0	0.0	0.0	0.15193848	0.0	0.0	0.0052329903	0.0	0.0	0.004195219
22764	vascular associated smooth muscle cell	89840cec-5734-455d-b68e-34d27650e148	3784	female	influenza	409.0	0.0	0.0	0.35463303	0.0	0.0	0.0107530635	0.0	0.0	0.0032674775
22783	vascular associated smooth muscle cell	89840cec-5734-455d-b68e-34d27650e148	3784	female	influenza	239.0	0.0	0.0	0.27527556	0.0	0.0	0.012707133	0.0	0.0	0.0013928005
22802	vascular associated smooth muscle cell	89840cec-5734-455d-b68e-34d27650e148	3784	female	influenza	358.0	0.0	0.0	0.37236133	0.0	0.0	0.016033815	0.0	0.0	0.0017280483
22817	vascular associated smooth muscle cell	89840cec-5734-455d-b68e-34d27650e148	3784	female	influenza	141.0	0.0	0.0	0.7346062	0.0	0.0	0.024123099	0.0	0.0	0.0018603783
22841	vascular associated smooth muscle cell	89840cec-5734-455d-b68e-34d27650e148	3784	female	influenza	201.0	0.0	0.0	0.8122617	0.0	0.0	0.07306237	0.0	0.0	0.0030943328
22878	vascular associated smooth muscle cell	89840cec-5734-455d-b68e-34d27650e148	3784	female	influenza	222.0	0.0	0.0	0.33287466	0.0	0.0	0.047144637	0.0	0.0	0.006148939
22899	vascular associated smooth muscle cell	89840cec-5734-455d-b68e-34d27650e148	3784	female	influenza	371.0	0.0	0.0	0.33388007	0.0	0.0	0.008589408	0.0	0.0	0.0014695826
22920	vascular associated smooth muscle cell	89840cec-5734-455d-b68e-34d27650e148	3784	female	influenza	1156.0	0.0	0.0	0.20361963	0.0	0.0	0.008425633	0.0	0.0	0.0032208073
22923	vascular associated smooth muscle cell	89840cec-5734-455d-b68e-34d27650e148	3784	female	influenza	256.0	0.0	0.0	0.5362575	0.0	0.0	0.016260318	0.0	0.0	0.0016176007
23135	vascular associated smooth muscle cell	89840cec-5734-455d-b68e-34d27650e148	3784	female	influenza	243.0	0.0	0.0	0.33459225	0.0	0.0	0.031832237	0.0	0.0	0.0026218118
23143	vascular associated smooth muscle cell	89840cec-5734-455d-b68e-34d27650e148	3784	female	influenza	83.0	0.0	0.0	0.51805353	0.0	0.0	0.024519466	0.0	0.0	0.02365151
23144	vascular associated smooth muscle cell	89840cec-5734-455d-b68e-34d27650e148	3784	female	influenza	71.0	0.0	0.0	0.9824872	0.0	0.0	0.13200371	0.0	0.0	0.003662863
17153	vascular associated smooth muscle cell	89840cec-5734-455d-b68e-34d27650e148	3833	male	influenza	1111.0	0.0	0.0	0.18223739	0.0	0.0	0.005088763	0.0	0.0	0.016456243
17162	vascular associated smooth muscle cell	89840cec-5734-455d-b68e-34d27650e148	3833	male	influenza	619.0	0.0	0.0	0.670385	0.0	0.0	0.088969916	0.0	0.0	0.029780097
17178	vascular associated smooth muscle cell	89840cec-5734-455d-b68e-34d27650e148	3833	male	influenza	768.0	0.0	0.0	0.2504269	0.0	0.0	0.0185243	0.0	0.0	0.01826358
17184	vascular associated smooth muscle cell	89840cec-5734-455d-b68e-34d27650e148	3833	male	influenza	774.0	0.0	0.0	0.77061844	0.0	0.0	0.017108746	0.0	0.0	0.012149395
17188	vascular associated smooth muscle cell	89840cec-5734-455d-b68e-34d27650e148	3833	male	influenza	2144.0	0.0	0.0	0.1806366	0.0	0.0	0.008760684	0.0	0.0	0.068912834
17194	vascular associated smooth muscle cell	89840cec-5734-455d-b68e-34d27650e148	3833	male	influenza	999.0	0.0	0.0	0.78031886	0.0	0.0	0.030649966	0.0	0.0	0.020237353
17228	vascular associated smooth muscle cell	89840cec-5734-455d-b68e-34d27650e148	3833	male	influenza	1867.0	0.0	0.0	0.227114	0.0	0.0	0.009273364	0.0	0.0	0.019534416
17249	vascular associated smooth muscle cell	89840cec-5734-455d-b68e-34d27650e148	3833	male	influenza	454.0	0.0	0.0	0.9577914	0.0	0.0	0.052796148	0.0	0.0	0.033588566
17268	vascular associated smooth muscle cell	89840cec-5734-455d-b68e-34d27650e148	3833	male	influenza	2574.0	0.0	0.0	0.39243382	0.0	0.0	0.12394696	0.0	0.0	0.01227375
17275	vascular associated smooth muscle cell	89840cec-5734-455d-b68e-34d27650e148	3833	male	influenza	953.0	0.0	0.0	0.72599083	0.0	0.0	0.013217495	0.0	0.0	0.018664198
17331	vascular associated smooth muscle cell	89840cec-5734-455d-b68e-34d27650e148	3833	male	influenza	385.0	0.0	0.0	0.2574588	0.0	0.0	0.008899188	0.0	0.0	0.015395188
17337	vascular associated smooth muscle cell	89840cec-5734-455d-b68e-34d27650e148	3833	male	influenza	2057.0	0.0	0.0	0.1943936	0.0	0.0	0.0038049032	0.0	0.0	0.007027153
17341	vascular associated smooth muscle cell	89840cec-5734-455d-b68e-34d27650e148	3833	male	influenza	1770.0	0.0	0.0	0.29487526	0.0	0.0	0.0067584417	0.0	0.0	0.0051743174
17400	vascular associated smooth muscle cell	89840cec-5734-455d-b68e-34d27650e148	3833	male	influenza	1279.0	0.0	0.0	0.2757828	0.0	0.0	0.0066341287	0.0	0.0	0.012816681
17419	vascular associated smooth muscle cell	89840cec-5734-455d-b68e-34d27650e148	3833	male	influenza	972.0	0.0	0.0	0.4476356	0.0	0.0	0.011931679	0.0	0.0	0.008954218
17438	vascular associated smooth muscle cell	89840cec-5734-455d-b68e-34d27650e148	3833	male	influenza	549.0	0.0	0.0	0.69435596	0.0	0.0	0.05113704	0.0	0.0	0.004790174
17445	vascular associated smooth muscle cell	89840cec-5734-455d-b68e-34d27650e148	3833	male	influenza	1030.0	0.0	0.0	0.14719765	0.0	0.0	0.003808296	0.0	0.0	0.005678533
17487	vascular associated smooth muscle cell	89840cec-5734-455d-b68e-34d27650e148	3833	male	influenza	1132.0	0.0	0.0	0.26758975	0.0	0.0	0.012444661	0.0	0.0	0.009342914
17538	vascular associated smooth muscle cell	89840cec-5734-455d-b68e-34d27650e148	3833	male	influenza	973.0	0.0	0.0	0.20303443	0.0	0.0	0.0066929474	0.0	0.0	0.006482639
17542	vascular associated smooth muscle cell	89840cec-5734-455d-b68e-34d27650e148	3833	male	influenza	1382.0	0.0	0.0	0.094606385	0.0	0.0	0.010156466	0.0	0.0	0.010649015
17578	vascular associated smooth muscle cell	89840cec-5734-455d-b68e-34d27650e148	3833	male	influenza	718.0	0.0	0.0	0.35345662	0.0	0.0	0.016164666	0.0	0.0	0.033381
17599	vascular associated smooth muscle cell	89840cec-5734-455d-b68e-34d27650e148	3833	male	influenza	1705.0	0.0	0.0	0.7523988	0.0	0.0	0.021247104	0.0	0.0	0.022360325
17632	vascular associated smooth muscle cell	89840cec-5734-455d-b68e-34d27650e148	3833	male	influenza	2842.0	0.0	0.0	0.08174043	0.0	0.0	0.0034752518	0.0	0.0	0.0114023555
17675	vascular associated smooth muscle cell	89840cec-5734-455d-b68e-34d27650e148	3833	male	influenza	908.0	0.0	0.0	0.28023294	0.0	0.0	0.009145905	0.0	0.0	0.008386185
17689	vascular associated smooth muscle cell	89840cec-5734-455d-b68e-34d27650e148	3833	male	influenza	1542.0	1.0	0.44876707	0.70411193	0.0	0.0	0.03430349	0.0	0.0	0.003748934
17695	vascular associated smooth muscle cell	89840cec-5734-455d-b68e-34d27650e148	3833	male	influenza	1103.0	0.0	0.0	0.6199049	0.0	0.0	0.014402723	0.0	0.0	0.021330347
17722	vascular associated smooth muscle cell	89840cec-5734-455d-b68e-34d27650e148	3833	male	influenza	1292.0	0.0	0.0	0.4197447	0.0	0.0	0.015271402	0.0	0.0	0.013800902
17724	vascular associated smooth muscle cell	89840cec-5734-455d-b68e-34d27650e148	3833	male	influenza	665.0	0.0	0.0	0.61548793	0.0	0.0	0.02483988	0.0	0.0	0.006867341
17734	vascular associated smooth muscle cell	89840cec-5734-455d-b68e-34d27650e148	3833	male	influenza	861.0	0.0	0.0	0.20137112	0.0	0.0	0.037678894	0.0	0.0	0.013990579
17736	vascular associated smooth muscle cell	89840cec-5734-455d-b68e-34d27650e148	3833	male	influenza	983.0	0.0	0.0	0.15527578	0.0	0.0	0.009210437	0.0	0.0	0.018151961
17738	vascular associated smooth muscle cell	89840cec-5734-455d-b68e-34d27650e148	3833	male	influenza	460.0	0.0	0.0	0.30427933	0.0	0.0	0.008219216	0.0	0.0	0.0034720704
17779	vascular associated smooth muscle cell	89840cec-5734-455d-b68e-34d27650e148	3833	male	influenza	709.0	0.0	0.0	0.7513125	0.0	0.0	0.01625382	0.0	0.0	0.021780143
17785	vascular associated smooth muscle cell	89840cec-5734-455d-b68e-34d27650e148	3833	male	influenza	1978.0	0.0	0.0	0.21810675	0.0	0.0	0.003801943	0.0	0.0	0.0070496835
17804	vascular associated smooth muscle cell	89840cec-5734-455d-b68e-34d27650e148	3833	male	influenza	763.0	0.0	0.0	0.72856736	0.0	0.0	0.03427562	0.0	0.0	0.006509387
17828	vascular associated smooth muscle cell	89840cec-5734-455d-b68e-34d27650e148	3833	male	influenza	978.0	0.0	0.0	0.13338922	0.0	0.0	0.0062916065	0.0	0.0	0.0076476145
17836	vascular associated smooth muscle cell	89840cec-5734-455d-b68e-34d27650e148	3833	male	influenza	915.0	0.0	0.0	0.8515343	0.0	0.0	0.038465455	0.0	0.0	0.01308546
17841	vascular associated smooth muscle cell	89840cec-5734-455d-b68e-34d27650e148	3833	male	influenza	671.0	0.0	0.0	0.97310364	0.0	0.0	0.03643949	0.0	0.0	0.006096517
17884	vascular associated smooth muscle cell	89840cec-5734-455d-b68e-34d27650e148	3833	male	influenza	1374.0	0.0	0.0	0.096276045	0.0	0.0	0.0034312024	0.0	0.0	0.0013214968
17900	vascular associated smooth muscle cell	89840cec-5734-455d-b68e-34d27650e148	3833	male	influenza	962.0	0.0	0.0	0.38671592	0.0	0.0	0.043715905	0.0	0.0	0.0028335361
17935	vascular associated smooth muscle cell	89840cec-5734-455d-b68e-34d27650e148	3833	male	influenza	1376.0	0.0	0.0	0.75893277	0.0	0.0	0.013337366	0.0	0.0	0.01659479
17959	vascular associated smooth muscle cell	89840cec-5734-455d-b68e-34d27650e148	3833	male	influenza	493.0	0.0	0.0	0.21505432	0.0	0.0	0.009838416	0.0	0.0	0.030502772
17967	vascular associated smooth muscle cell	89840cec-5734-455d-b68e-34d27650e148	3833	male	influenza	2739.0	0.0	0.0	0.28791374	0.0	0.0	0.0059332885	0.0	0.0	0.022142727
17989	vascular associated smooth muscle cell	89840cec-5734-455d-b68e-34d27650e148	3833	male	influenza	727.0	0.0	0.0	0.731692	0.0	0.0	0.028144049	0.0	0.0	0.009731038
18004	vascular associated smooth muscle cell	89840cec-5734-455d-b68e-34d27650e148	3833	male	influenza	460.0	0.0	0.0	0.7873275	0.0	0.0	0.06319901	0.0	0.0	0.108138025
18024	vascular associated smooth muscle cell	89840cec-5734-455d-b68e-34d27650e148	3833	male	influenza	1548.0	0.0	0.0	0.49869663	0.0	0.0	0.017064227	0.0	0.0	0.011377167
18027	vascular associated smooth muscle cell	89840cec-5734-455d-b68e-34d27650e148	3833	male	influenza	750.0	0.0	0.0	0.31391653	0.0	0.0	0.006632326	0.0	0.0	0.0054342593
18031	vascular associated smooth muscle cell	89840cec-5734-455d-b68e-34d27650e148	3833	male	influenza	833.0	0.0	0.0	0.81906873	0.0	0.0	0.03129703	0.0	0.0	0.0028597305
18046	vascular associated smooth muscle cell	89840cec-5734-455d-b68e-34d27650e148	3833	male	influenza	583.0	0.0	0.0	0.49490488	0.0	0.0	0.016692093	0.0	0.0	0.006854159
18110	vascular associated smooth muscle cell	89840cec-5734-455d-b68e-34d27650e148	3833	male	influenza	950.0	0.0	0.0	0.2984213	0.0	0.0	0.019230546	0.0	0.0	0.0062460564
18120	vascular associated smooth muscle cell	89840cec-5734-455d-b68e-34d27650e148	3833	male	influenza	1490.0	0.0	0.0	0.19216697	0.0	0.0	0.0050457227	0.0	0.0	0.0065854015
18125	vascular associated smooth muscle cell	89840cec-5734-455d-b68e-34d27650e148	3833	male	influenza	2493.0	0.0	0.0	0.20632368	0.0	0.0	0.008187355	0.0	0.0	0.0102650225
18145	vascular associated smooth muscle cell	89840cec-5734-455d-b68e-34d27650e148	3833	male	influenza	1175.0	0.0	0.0	0.13961083	0.0	0.0	0.018349279	0.0	0.0	0.019613257
18147	vascular associated smooth muscle cell	89840cec-5734-455d-b68e-34d27650e148	3833	male	influenza	811.0	0.0	0.0	0.5682542	0.0	0.0	0.02174419	0.0	0.0	0.013778384
18148	vascular associated smooth muscle cell	89840cec-5734-455d-b68e-34d27650e148	3833	male	influenza	1217.0	0.0	0.0	0.5449146	0.0	0.0	0.007702353	0.0	0.0	0.021222016
18166	vascular associated smooth muscle cell	89840cec-5734-455d-b68e-34d27650e148	3833	male	influenza	771.0	0.0	0.0	0.22475283	0.0	0.0	0.005248157	0.0	0.0	0.007447482
18177	vascular associated smooth muscle cell	89840cec-5734-455d-b68e-34d27650e148	3833	male	influenza	1399.0	0.0	0.0	0.11119826	0.0	0.0	0.00524032	0.0	0.0	0.011048721
18188	vascular associated smooth muscle cell	89840cec-5734-455d-b68e-34d27650e148	3833	male	influenza	1922.0	0.0	0.0	0.09541223	0.0	0.0	0.0029475866	0.0	0.0	0.005024885
18210	vascular associated smooth muscle cell	89840cec-5734-455d-b68e-34d27650e148	3833	male	influenza	597.0	0.0	0.0	0.85020393	0.0	0.0	0.06152061	0.0	0.0	0.0043574665
18263	vascular associated smooth muscle cell	89840cec-5734-455d-b68e-34d27650e148	3833	male	influenza	2239.0	0.0	0.0	0.15748997	0.0	0.0	0.0022134702	0.0	0.0	0.0036621701
18279	vascular associated smooth muscle cell	89840cec-5734-455d-b68e-34d27650e148	3833	male	influenza	846.0	0.0	0.0	0.14312913	0.0	0.0	0.010609755	0.0	0.0	0.0037431018
18286	vascular associated smooth muscle cell	89840cec-5734-455d-b68e-34d27650e148	3833	male	influenza	2173.0	0.0	0.0	0.15037103	0.0	0.0	0.0044186725	0.0	0.0	0.014975761
18293	vascular associated smooth muscle cell	89840cec-5734-455d-b68e-34d27650e148	3833	male	influenza	938.0	0.0	0.0	0.16871653	0.0	0.0	0.008917833	0.0	0.0	0.005272609
18301	vascular associated smooth muscle cell	89840cec-5734-455d-b68e-34d27650e148	3833	male	influenza	887.0	0.0	0.0	0.31159806	0.0	0.0	0.014518488	0.0	0.0	0.027873656
18325	vascular associated smooth muscle cell	89840cec-5734-455d-b68e-34d27650e148	3833	male	influenza	702.0	0.0	0.0	0.260962	0.0	0.0	0.034756813	0.0	0.0	0.0040308028
18346	vascular associated smooth muscle cell	89840cec-5734-455d-b68e-34d27650e148	3833	male	influenza	1376.0	0.0	0.0	0.17582813	0.0	0.0	0.005175813	0.0	0.0	0.07266554
18389	vascular associated smooth muscle cell	89840cec-5734-455d-b68e-34d27650e148	3833	male	influenza	872.0	0.0	0.0	0.26991972	0.0	0.0	0.044551242	0.0	0.0	0.0075278664
18434	vascular associated smooth muscle cell	89840cec-5734-455d-b68e-34d27650e148	3833	male	influenza	1361.0	0.0	0.0	1.061533	0.0	0.0	0.03433825	0.0	0.0	0.039652154
18437	vascular associated smooth muscle cell	89840cec-5734-455d-b68e-34d27650e148	3833	male	influenza	619.0	0.0	0.0	0.51178163	0.0	0.0	0.013039529	0.0	0.0	0.007271621
18468	vascular associated smooth muscle cell	89840cec-5734-455d-b68e-34d27650e148	3833	male	influenza	2027.0	0.0	0.0	0.18744728	0.0	0.0	0.0067899763	0.0	0.0	0.01987978
18472	vascular associated smooth muscle cell	89840cec-5734-455d-b68e-34d27650e148	3833	male	influenza	492.0	0.0	0.0	0.7478712	0.0	0.0	0.034234077	0.0	0.0	0.020234624
18484	vascular associated smooth muscle cell	89840cec-5734-455d-b68e-34d27650e148	3833	male	influenza	867.0	0.0	0.0	0.56020266	0.0	0.0	0.031972714	0.0	0.0	0.011104967
18491	vascular associated smooth muscle cell	89840cec-5734-455d-b68e-34d27650e148	3833	male	influenza	3803.0	0.0	0.0	0.12456688	0.0	0.0	0.04370285	0.0	0.0	0.06718387
18521	vascular associated smooth muscle cell	89840cec-5734-455d-b68e-34d27650e148	3833	male	influenza	334.0	0.0	0.0	0.44551426	0.0	0.0	0.038957372	0.0	0.0	0.006778306
18541	vascular associated smooth muscle cell	89840cec-5734-455d-b68e-34d27650e148	3833	male	influenza	933.0	0.0	0.0	0.26639435	0.0	0.0	0.006402829	0.0	0.0	0.0034803895
18544	vascular associated smooth muscle cell	89840cec-5734-455d-b68e-34d27650e148	3833	male	influenza	937.0	0.0	0.0	0.15421012	0.0	0.0	0.011887121	0.0	0.0	0.013902623
18558	vascular associated smooth muscle cell	89840cec-5734-455d-b68e-34d27650e148	3833	male	influenza	643.0	0.0	0.0	0.5641681	0.0	0.0	0.019137168	0.0	0.0	0.03380675
18566	vascular associated smooth muscle cell	89840cec-5734-455d-b68e-34d27650e148	3833	male	influenza	1208.0	0.0	0.0	0.165632	0.0	0.0	0.0046049133	0.0	0.0	0.018954562
18646	vascular associated smooth muscle cell	89840cec-5734-455d-b68e-34d27650e148	3833	male	influenza	3477.0	0.0	0.0	0.29712242	0.0	0.0	0.021112857	0.0	0.0	0.010553171
20527	vascular associated smooth muscle cell	89840cec-5734-455d-b68e-34d27650e148	3966	male	influenza	697.0	0.0	0.0	0.22596864	0.0	0.0	0.009486716	0.0	0.0	0.022381129
20530	vascular associated smooth muscle cell	89840cec-5734-455d-b68e-34d27650e148	3966	male	influenza	237.0	0.0	0.0	0.70608854	0.0	0.0	0.016582027	0.0	0.0	0.0046858774
20532	vascular associated smooth muscle cell	89840cec-5734-455d-b68e-34d27650e148	3966	male	influenza	459.0	0.0	0.0	0.36771643	0.0	0.0	0.016280824	0.0	0.0	0.0012477249
20570	vascular associated smooth muscle cell	89840cec-5734-455d-b68e-34d27650e148	3966	male	influenza	186.0	0.0	0.0	0.42890143	0.0	0.0	0.044643715	0.0	0.0	0.0032653795
20759	vascular associated smooth muscle cell	89840cec-5734-455d-b68e-34d27650e148	3966	male	influenza	1102.0	0.0	0.0	0.48422068	0.0	0.0	0.0066847824	0.0	0.0	0.034060705
20768	vascular associated smooth muscle cell	89840cec-5734-455d-b68e-34d27650e148	3966	male	influenza	1089.0	0.0	0.0	0.22081172	0.0	0.0	0.011013119	0.0	0.0	0.017242141
20771	vascular associated smooth muscle cell	89840cec-5734-455d-b68e-34d27650e148	3966	male	influenza	384.0	0.0	0.0	0.16532335	0.0	0.0	0.0055384007	0.0	0.0	0.00858693
20774	vascular associated smooth muscle cell	89840cec-5734-455d-b68e-34d27650e148	3966	male	influenza	167.0	0.0	0.0	0.22986753	0.0	0.0	0.009317129	0.0	0.0	0.008241733
20782	vascular associated smooth muscle cell	89840cec-5734-455d-b68e-34d27650e148	3966	male	influenza	938.0	0.0	0.0	0.3712465	0.0	0.0	0.008661624	0.0	0.0	0.0014391064
20819	vascular associated smooth muscle cell	89840cec-5734-455d-b68e-34d27650e148	3966	male	influenza	1031.0	0.0	0.0	0.2125699	0.0	0.0	0.004783213	0.0	0.0	0.0052585076
20847	vascular associated smooth muscle cell	89840cec-5734-455d-b68e-34d27650e148	3966	male	influenza	924.0	0.0	0.0	0.25047657	0.0	0.0	0.010630741	0.0	0.0	0.0033164253
20903	vascular associated smooth muscle cell	89840cec-5734-455d-b68e-34d27650e148	3966	male	influenza	134.0	0.0	0.0	0.48958826	0.0	0.0	0.070067205	0.0	0.0	0.0038591062
20993	vascular associated smooth muscle cell	89840cec-5734-455d-b68e-34d27650e148	3966	male	influenza	543.0	0.0	0.0	0.0877075	0.0	0.0	0.0046117543	0.0	0.0	0.0018628676
21003	vascular associated smooth muscle cell	89840cec-5734-455d-b68e-34d27650e148	3966	male	influenza	1526.0	0.0	0.0	0.14583093	0.0	0.0	0.034460787	0.0	0.0	0.023537284
21031	vascular associated smooth muscle cell	89840cec-5734-455d-b68e-34d27650e148	3966	male	influenza	551.0	0.0	0.0	0.4803031	0.0	0.0	0.009125076	0.0	0.0	0.009207359
21145	vascular associated smooth muscle cell	89840cec-5734-455d-b68e-34d27650e148	3966	male	influenza	1100.0	0.0	0.0	0.16494966	0.0	0.0	0.008244996	0.0	0.0	0.005709198
21148	vascular associated smooth muscle cell	89840cec-5734-455d-b68e-34d27650e148	3966	male	influenza	1165.0	0.0	0.0	0.21821694	0.0	0.0	0.010338413	0.0	0.0	0.005236696
21196	vascular associated smooth muscle cell	89840cec-5734-455d-b68e-34d27650e148	3966	male	influenza	80.0	0.0	0.0	0.4918906	0.0	0.0	0.03691959	0.0	0.0	0.008779753
21244	vascular associated smooth muscle cell	89840cec-5734-455d-b68e-34d27650e148	3966	male	influenza	93.0	0.0	0.0	0.5218648	0.0	0.0	0.079022326	0.0	0.0	0.0020941838
21264	vascular associated smooth muscle cell	89840cec-5734-455d-b68e-34d27650e148	3966	male	influenza	102.0	0.0	0.0	0.28565538	0.0	0.0	0.026136648	0.0	0.0	0.0039451476
21324	vascular associated smooth muscle cell	89840cec-5734-455d-b68e-34d27650e148	3966	male	influenza	859.0	0.0	0.0	0.22761163	0.0	0.0	0.009391232	0.0	0.0	0.00936947
21340	vascular associated smooth muscle cell	89840cec-5734-455d-b68e-34d27650e148	3966	male	influenza	820.0	0.0	0.0	0.08122109	0.0	0.0	0.004640819	0.0	0.0	0.0033452322
21359	vascular associated smooth muscle cell	89840cec-5734-455d-b68e-34d27650e148	3966	male	influenza	1326.0	0.0	0.0	0.13112326	0.0	0.0	0.0037990434	0.0	0.0	0.0024686046
21388	vascular associated smooth muscle cell	89840cec-5734-455d-b68e-34d27650e148	3966	male	influenza	999.0	0.0	0.0	0.61071855	0.0	0.0	0.012147008	0.0	0.0	0.025486318
21426	vascular associated smooth muscle cell	89840cec-5734-455d-b68e-34d27650e148	3966	male	influenza	582.0	0.0	0.0	0.5089852	0.0	0.0	0.023045616	0.0	0.0	0.04751427
21436	vascular associated smooth muscle cell	89840cec-5734-455d-b68e-34d27650e148	3966	male	influenza	824.0	0.0	0.0	0.14593177	0.0	0.0	0.038787223	0.0	0.0	0.007447058
21443	vascular associated smooth muscle cell	89840cec-5734-455d-b68e-34d27650e148	3966	male	influenza	294.0	0.0	0.0	0.33077478	0.0	0.0	0.009596382	0.0	0.0	0.0051696952
21487	vascular associated smooth muscle cell	89840cec-5734-455d-b68e-34d27650e148	3966	male	influenza	1624.0	0.0	0.0	0.070510514	0.0	0.0	0.008120826	0.0	0.0	0.0042957324
21556	vascular associated smooth muscle cell	89840cec-5734-455d-b68e-34d27650e148	3966	male	influenza	1075.0	0.0	0.0	0.14423385	0.0	0.0	0.010658301	0.0	0.0	0.012813498
21564	vascular associated smooth muscle cell	89840cec-5734-455d-b68e-34d27650e148	3966	male	influenza	937.0	0.0	0.0	0.39525527	0.0	0.0	0.0097793685	0.0	0.0	0.011764302
21569	vascular associated smooth muscle cell	89840cec-5734-455d-b68e-34d27650e148	3966	male	influenza	1478.0	0.0	0.0	0.15547338	0.0	0.0	0.012476516	0.0	0.0	0.0031970022
21622	vascular associated smooth muscle cell	89840cec-5734-455d-b68e-34d27650e148	3966	male	influenza	725.0	0.0	0.0	0.21146764	0.0	0.0	0.0075414265	0.0	0.0	0.0024294993
21634	vascular associated smooth muscle cell	89840cec-5734-455d-b68e-34d27650e148	3966	male	influenza	1387.0	0.0	0.0	0.18896665	0.0	0.0	0.008776353	0.0	0.0	0.023677817
21672	vascular associated smooth muscle cell	89840cec-5734-455d-b68e-34d27650e148	3966	male	influenza	901.0	0.0	0.0	0.17522731	0.0	0.0	0.013877851	0.0	0.0	0.003611355
21737	vascular associated smooth muscle cell	89840cec-5734-455d-b68e-34d27650e148	3966	male	influenza	1449.0	0.0	0.0	0.18003869	0.0	0.0	0.011947335	0.0	0.0	0.0042743273
21782	vascular associated smooth muscle cell	89840cec-5734-455d-b68e-34d27650e148	3966	male	influenza	686.0	0.0	0.0	0.47176087	0.0	0.0	0.040306866	0.0	0.0	0.0034472377
21836	vascular associated smooth muscle cell	89840cec-5734-455d-b68e-34d27650e148	3966	male	influenza	732.0	0.0	0.0	0.24961054	0.0	0.0	0.01140652	0.0	0.0	0.004689004
21839	vascular associated smooth muscle cell	89840cec-5734-455d-b68e-34d27650e148	3966	male	influenza	629.0	0.0	0.0	0.26891908	0.0	0.0	0.10686422	0.0	0.0	0.30700785
21867	vascular associated smooth muscle cell	89840cec-5734-455d-b68e-34d27650e148	3966	male	influenza	751.0	0.0	0.0	0.34455353	0.0	0.0	0.034139413	0.0	0.0	0.004701121
21907	vascular associated smooth muscle cell	89840cec-5734-455d-b68e-34d27650e148	3966	male	influenza	636.0	0.0	0.0	0.6566903	0.0	0.0	0.028408289	0.0	0.0	0.003720774
21917	vascular associated smooth muscle cell	89840cec-5734-455d-b68e-34d27650e148	3966	male	influenza	952.0	0.0	0.0	0.1417982	0.0	0.0	0.0059890756	0.0	0.0	0.015712973
21923	vascular associated smooth muscle cell	89840cec-5734-455d-b68e-34d27650e148	3966	male	influenza	888.0	0.0	0.0	0.1201317	0.0	0.0	0.03632735	0.0	0.0	0.017378846
26442	vascular associated smooth muscle cell	89840cec-5734-455d-b68e-34d27650e148	3978	male	influenza	243.0	0.0	0.0	0.23239906	0.0	0.0	0.016348416	0.0	0.0	0.003752141
26561	vascular associated smooth muscle cell	89840cec-5734-455d-b68e-34d27650e148	3978	male	influenza	228.0	0.0	0.0	0.47876847	0.0	0.0	0.046885308	0.0	0.0	0.006771445
26586	vascular associated smooth muscle cell	89840cec-5734-455d-b68e-34d27650e148	3978	male	influenza	435.0	0.0	0.0	0.2545945	0.0	0.0	0.01599697	0.0	0.0	0.002078248
26624	vascular associated smooth muscle cell	89840cec-5734-455d-b68e-34d27650e148	3978	male	influenza	654.0	0.0	0.0	0.43795004	0.0	0.0	0.0126597015	0.0	0.0	0.0039136764
26645	vascular associated smooth muscle cell	89840cec-5734-455d-b68e-34d27650e148	3978	male	influenza	29.0	0.0	0.0	0.58581793	0.0	0.0	0.054098077	0.0	0.0	0.014615044
26656	vascular associated smooth muscle cell	89840cec-5734-455d-b68e-34d27650e148	3978	male	influenza	1149.0	0.0	0.0	0.1488516	0.0	0.0	0.0043122694	0.0	0.0	0.001899756
26773	vascular associated smooth muscle cell	89840cec-5734-455d-b68e-34d27650e148	3978	male	influenza	629.0	0.0	0.0	0.24562036	0.0	0.0	0.010152823	0.0	0.0	0.0035460542
26808	vascular associated smooth muscle cell	89840cec-5734-455d-b68e-34d27650e148	3978	male	influenza	990.0	0.0	0.0	0.092010625	0.0	0.0	0.0068813046	0.0	0.0	0.0032169144
26966	vascular associated smooth muscle cell	89840cec-5734-455d-b68e-34d27650e148	3978	male	influenza	98.0	0.0	0.0	0.26249763	0.0	0.0	0.024082288	0.0	0.0	0.009023008
27010	vascular associated smooth muscle cell	89840cec-5734-455d-b68e-34d27650e148	3978	male	influenza	824.0	0.0	0.0	0.2112564	0.0	0.0	0.0073788995	0.0	0.0	0.04629071
27053	vascular associated smooth muscle cell	89840cec-5734-455d-b68e-34d27650e148	3978	male	influenza	948.0	0.0	0.0	0.37817457	0.0	0.0	0.038736045	0.0	0.0	0.0015169824
27056	vascular associated smooth muscle cell	89840cec-5734-455d-b68e-34d27650e148	3978	male	influenza	1412.0	0.0	0.0	0.05039104	0.0	0.0	0.005564	0.0	0.0	0.0018079629
27159	vascular associated smooth muscle cell	89840cec-5734-455d-b68e-34d27650e148	3978	male	influenza	265.0	0.0	0.0	0.3455184	0.0	0.0	0.0125226695	0.0	0.0	0.005484032
27167	vascular associated smooth muscle cell	89840cec-5734-455d-b68e-34d27650e148	3978	male	influenza	80.0	0.0	0.0	0.17788516	0.0	0.0	0.018987296	0.0	0.0	0.001452036
27239	vascular associated smooth muscle cell	89840cec-5734-455d-b68e-34d27650e148	3978	male	influenza	976.0	0.0	0.0	0.39155832	0.0	0.0	0.031044036	0.0	0.0	0.013805164
27259	vascular associated smooth muscle cell	89840cec-5734-455d-b68e-34d27650e148	3978	male	influenza	606.0	0.0	0.0	0.35300484	0.0	0.0	0.015748106	0.0	0.0	0.002809539
27277	vascular associated smooth muscle cell	89840cec-5734-455d-b68e-34d27650e148	3978	male	influenza	858.0	0.0	0.0	0.14440878	0.0	0.0	0.008317809	0.0	0.0	0.00060554617
27296	vascular associated smooth muscle cell	89840cec-5734-455d-b68e-34d27650e148	3978	male	influenza	386.0	0.0	0.0	0.50042605	0.0	0.0	0.01594109	0.0	0.0	0.0028934516
27357	vascular associated smooth muscle cell	89840cec-5734-455d-b68e-34d27650e148	3978	male	influenza	1261.0	0.0	0.0	0.14763975	0.0	0.0	0.00502531	0.0	0.0	0.0050259745
27379	vascular associated smooth muscle cell	89840cec-5734-455d-b68e-34d27650e148	3978	male	influenza	819.0	0.0	0.0	0.18081717	0.0	0.0	0.02651702	0.0	0.0	0.0010310207
27454	vascular associated smooth muscle cell	89840cec-5734-455d-b68e-34d27650e148	3978	male	influenza	927.0	0.0	0.0	0.119917855	0.0	0.0	0.010180308	0.0	0.0	0.0017985647
27459	vascular associated smooth muscle cell	89840cec-5734-455d-b68e-34d27650e148	3978	male	influenza	1168.0	0.0	0.0	0.06983528	0.0	0.0	0.0043094615	0.0	0.0	0.000609137
27470	vascular associated smooth muscle cell	89840cec-5734-455d-b68e-34d27650e148	3978	male	influenza	687.0	0.0	0.0	0.6664285	0.0	0.0	0.026444351	0.0	0.0	0.00214143
27476	vascular associated smooth muscle cell	89840cec-5734-455d-b68e-34d27650e148	3978	male	influenza	261.0	0.0	0.0	0.80449444	0.0	0.0	0.05332286	0.0	0.0	0.004621374
27619	vascular associated smooth muscle cell	89840cec-5734-455d-b68e-34d27650e148	3978	male	influenza	781.0	0.0	0.0	0.081637256	0.0	0.0	0.0026673942	0.0	0.0	0.007117387
27710	vascular associated smooth muscle cell	89840cec-5734-455d-b68e-34d27650e148	3978	male	influenza	311.0	0.0	0.0	0.5388912	0.0	0.0	0.042966347	0.0	0.0	0.002731528
27730	vascular associated smooth muscle cell	89840cec-5734-455d-b68e-34d27650e148	3978	male	influenza	388.0	0.0	0.0	0.1266007	0.0	0.0	0.009214438	0.0	0.0	0.0026429351
27746	vascular associated smooth muscle cell	89840cec-5734-455d-b68e-34d27650e148	3978	male	influenza	151.0	0.0	0.0	0.21245763	0.0	0.0	0.032906894	0.0	0.0	0.002965588
27877	vascular associated smooth muscle cell	89840cec-5734-455d-b68e-34d27650e148	3978	male	influenza	202.0	0.0	0.0	0.249141	0.0	0.0	0.038765013	0.0	0.0	0.0058991313
27906	vascular associated smooth muscle cell	89840cec-5734-455d-b68e-34d27650e148	3978	male	influenza	508.0	0.0	0.0	0.41605318	0.0	0.0	0.020272033	0.0	0.0	0.000586321
24851	vascular associated smooth muscle cell	89840cec-5734-455d-b68e-34d27650e148	4008	male	influenza	49.0	0.0	0.0	1.2540163	0.0	0.0	0.046282127	0.0	0.0	0.01073646
24853	vascular associated smooth muscle cell	89840cec-5734-455d-b68e-34d27650e148	4008	male	influenza	242.0	0.0	0.0	0.80105317	0.0	0.0	0.021205219	0.0	0.0	0.004424802
24856	vascular associated smooth muscle cell	89840cec-5734-455d-b68e-34d27650e148	4008	male	influenza	636.0	0.0	0.0	0.15205859	0.0	0.0	0.010512354	0.0	0.0	0.0011592663
24858	vascular associated smooth muscle cell	89840cec-5734-455d-b68e-34d27650e148	4008	male	influenza	903.0	0.0	0.0	0.09524174	0.0	0.0	0.007118607	0.0	0.0	0.0004943297
25029	vascular associated smooth muscle cell	89840cec-5734-455d-b68e-34d27650e148	4008	male	influenza	616.0	0.0	0.0	0.12260101	0.0	0.0	0.009101571	0.0	0.0	0.0021857568
25038	vascular associated smooth muscle cell	89840cec-5734-455d-b68e-34d27650e148	4008	male	influenza	1295.0	0.0	0.0	0.18093617	0.0	0.0	0.013595494	0.0	0.0	0.0031199395
25059	vascular associated smooth muscle cell	89840cec-5734-455d-b68e-34d27650e148	4008	male	influenza	705.0	1.0	0.8327848	0.18172932	0.0	0.0	0.011265044	0.0	0.0	0.0020566946
25159	vascular associated smooth muscle cell	89840cec-5734-455d-b68e-34d27650e148	4008	male	influenza	560.0	0.0	0.0	0.19989258	0.0	0.0	0.011534203	0.0	0.0	0.004277837
25196	vascular associated smooth muscle cell	89840cec-5734-455d-b68e-34d27650e148	4008	male	influenza	825.0	0.0	0.0	0.1442181	0.0	0.0	0.006022091	0.0	0.0	0.0014210743
25216	vascular associated smooth muscle cell	89840cec-5734-455d-b68e-34d27650e148	4008	male	influenza	595.0	0.0	0.0	0.32721087	0.0	0.0	0.016246323	0.0	0.0	0.0008246628
25267	vascular associated smooth muscle cell	89840cec-5734-455d-b68e-34d27650e148	4008	male	influenza	1148.0	0.0	0.0	0.20180461	0.0	0.0	0.005945846	0.0	0.0	0.0052446187
25304	vascular associated smooth muscle cell	89840cec-5734-455d-b68e-34d27650e148	4008	male	influenza	526.0	0.0	0.0	0.9214067	0.0	0.0	0.0061178887	0.0	0.0	0.0049876794
25375	vascular associated smooth muscle cell	89840cec-5734-455d-b68e-34d27650e148	4008	male	influenza	851.0	0.0	0.0	0.3427921	0.0	0.0	0.03685064	0.0	0.0	0.0031654618
25461	vascular associated smooth muscle cell	89840cec-5734-455d-b68e-34d27650e148	4008	male	influenza	1126.0	0.0	0.0	0.17499726	0.0	0.0	0.008176482	0.0	0.0	0.002176531
25503	vascular associated smooth muscle cell	89840cec-5734-455d-b68e-34d27650e148	4008	male	influenza	472.0	0.0	0.0	0.46312845	0.0	0.0	0.019350555	0.0	0.0	0.0013845597
25506	vascular associated smooth muscle cell	89840cec-5734-455d-b68e-34d27650e148	4008	male	influenza	78.0	0.0	0.0	0.14999759	0.0	0.0	0.010631306	0.0	0.0	0.0010038445
25544	vascular associated smooth muscle cell	89840cec-5734-455d-b68e-34d27650e148	4008	male	influenza	517.0	0.0	0.0	0.2850844	0.0	0.0	0.019216789	0.0	0.0	0.00360252
25664	vascular associated smooth muscle cell	89840cec-5734-455d-b68e-34d27650e148	4008	male	influenza	482.0	0.0	0.0	0.34124866	0.0	0.0	0.016957752	0.0	0.0	0.0029109453
25713	vascular associated smooth muscle cell	89840cec-5734-455d-b68e-34d27650e148	4008	male	influenza	715.0	0.0	0.0	0.083447255	0.0	0.0	0.010906617	0.0	0.0	0.0044551594
25766	vascular associated smooth muscle cell	89840cec-5734-455d-b68e-34d27650e148	4008	male	influenza	605.0	0.0	0.0	0.4311714	0.0	0.0	0.004828812	0.0	0.0	0.009913147
25781	vascular associated smooth muscle cell	89840cec-5734-455d-b68e-34d27650e148	4008	male	influenza	883.0	0.0	0.0	0.2642421	0.0	0.0	0.0067455233	0.0	0.0	0.0052313544
25802	vascular associated smooth muscle cell	89840cec-5734-455d-b68e-34d27650e148	4008	male	influenza	365.0	0.0	0.0	0.111701354	0.0	0.0	0.0120906215	0.0	0.0	0.0026614966
25872	vascular associated smooth muscle cell	89840cec-5734-455d-b68e-34d27650e148	4008	male	influenza	571.0	0.0	0.0	2.1736696	0.0	0.0	0.0029834118	0.0	0.0	0.0073599527
25881	vascular associated smooth muscle cell	89840cec-5734-455d-b68e-34d27650e148	4008	male	influenza	787.0	0.0	0.0	0.17660722	0.0	0.0	0.005277419	0.0	0.0	0.0015241345
26006	vascular associated smooth muscle cell	89840cec-5734-455d-b68e-34d27650e148	4008	male	influenza	633.0	0.0	0.0	0.22662567	0.0	0.0	0.007887969	0.0	0.0	0.0035263149
26007	vascular associated smooth muscle cell	89840cec-5734-455d-b68e-34d27650e148	4008	male	influenza	1939.0	0.0	0.0	0.1170879	0.0	0.0	0.0035637503	0.0	0.0	0.0033657893
26018	vascular associated smooth muscle cell	89840cec-5734-455d-b68e-34d27650e148	4008	male	influenza	389.0	0.0	0.0	0.24798739	0.0	0.0	0.058968596	0.0	0.0	0.009348775
26046	vascular associated smooth muscle cell	89840cec-5734-455d-b68e-34d27650e148	4008	male	influenza	1113.0	0.0	0.0	0.107686244	0.0	0.0	0.0021158264	0.0	0.0	0.0010203205
26099	vascular associated smooth muscle cell	89840cec-5734-455d-b68e-34d27650e148	4008	male	influenza	624.0	0.0	0.0	0.17424928	0.0	0.0	0.0041057607	0.0	0.0	0.0019181925
26123	vascular associated smooth muscle cell	89840cec-5734-455d-b68e-34d27650e148	4008	male	influenza	128.0	0.0	0.0	0.7828527	0.0	0.0	0.035448838	0.0	0.0	0.017380096
26163	vascular associated smooth muscle cell	89840cec-5734-455d-b68e-34d27650e148	4008	male	influenza	966.0	0.0	0.0	0.085593686	0.0	0.0	0.014095209	0.0	0.0	0.00048279823
26194	vascular associated smooth muscle cell	89840cec-5734-455d-b68e-34d27650e148	4008	male	influenza	1305.0	0.0	0.0	0.08747761	0.0	0.0	0.0059686676	0.0	0.0	0.0016644261
26239	vascular associated smooth muscle cell	89840cec-5734-455d-b68e-34d27650e148	4008	male	influenza	612.0	0.0	0.0	0.1524265	0.0	0.0	0.0074944682	0.0	0.0	0.0016339516
26277	vascular associated smooth muscle cell	89840cec-5734-455d-b68e-34d27650e148	4008	male	influenza	568.0	0.0	0.0	0.35210168	0.0	0.0	0.05146668	0.0	0.0	0.00899838
26306	vascular associated smooth muscle cell	89840cec-5734-455d-b68e-34d27650e148	4008	male	influenza	714.0	0.0	0.0	0.05497595	0.0	0.0	0.0072823334	0.0	0.0	0.0008879222
26307	vascular associated smooth muscle cell	89840cec-5734-455d-b68e-34d27650e148	4008	male	influenza	370.0	0.0	0.0	0.73617196	0.0	0.0	0.043387186	0.0	0.0	0.0065583694
26345	vascular associated smooth muscle cell	89840cec-5734-455d-b68e-34d27650e148	4008	male	influenza	757.0	0.0	0.0	0.1273011	0.0	0.0	0.005157025	0.0	0.0	0.00095916167
26385	vascular associated smooth muscle cell	89840cec-5734-455d-b68e-34d27650e148	4008	male	influenza	407.0	0.0	0.0	0.2677415	0.0	0.0	0.049816415	0.0	0.0	0.012190963
26404	vascular associated smooth muscle cell	89840cec-5734-455d-b68e-34d27650e148	4008	male	influenza	954.0	0.0	0.0	0.06839739	0.0	0.0	0.0020310855	0.0	0.0	0.006913682
26419	vascular associated smooth muscle cell	89840cec-5734-455d-b68e-34d27650e148	4008	male	influenza	525.0	0.0	0.0	0.41798866	0.0	0.0	0.0097815525	0.0	0.0	0.008799103
18678	vascular associated smooth muscle cell	89840cec-5734-455d-b68e-34d27650e148	4010	male	influenza	1564.0	0.0	0.0	0.13972534	0.0	0.0	0.005350316	0.0	0.0	0.0047928765
18679	vascular associated smooth muscle cell	89840cec-5734-455d-b68e-34d27650e148	4010	male	influenza	270.0	0.0	0.0	0.3351953	0.0	0.0	0.013548662	0.0	0.0	0.0046351193
18787	vascular associated smooth muscle cell	89840cec-5734-455d-b68e-34d27650e148	4010	male	influenza	689.0	0.0	0.0	0.44912022	0.0	0.0	0.022661656	0.0	0.0	0.0020364407
18816	vascular associated smooth muscle cell	89840cec-5734-455d-b68e-34d27650e148	4010	male	influenza	876.0	0.0	0.0	0.21630745	0.0	0.0	0.012844335	0.0	0.0	0.0050869305
18853	vascular associated smooth muscle cell	89840cec-5734-455d-b68e-34d27650e148	4010	male	influenza	1141.0	0.0	0.0	0.10535006	0.0	0.0	0.00400512	0.0	0.0	0.0070181517
18858	vascular associated smooth muscle cell	89840cec-5734-455d-b68e-34d27650e148	4010	male	influenza	1214.0	0.0	0.0	0.10380243	0.0	0.0	0.010320034	0.0	0.0	0.0016648374
18874	vascular associated smooth muscle cell	89840cec-5734-455d-b68e-34d27650e148	4010	male	influenza	1567.0	0.0	0.0	0.18575394	0.0	0.0	0.01047096	0.0	0.0	0.0038584298
18910	vascular associated smooth muscle cell	89840cec-5734-455d-b68e-34d27650e148	4010	male	influenza	237.0	0.0	0.0	0.8136502	0.0	0.0	0.042270374	0.0	0.0	0.0017829753
18919	vascular associated smooth muscle cell	89840cec-5734-455d-b68e-34d27650e148	4010	male	influenza	204.0	0.0	0.0	0.699184	0.0	0.0	0.020446248	0.0	0.0	0.0022988596
18941	vascular associated smooth muscle cell	89840cec-5734-455d-b68e-34d27650e148	4010	male	influenza	236.0	0.0	0.0	0.834833	0.0	0.0	0.021503823	0.0	0.0	0.0022762266
19029	vascular associated smooth muscle cell	89840cec-5734-455d-b68e-34d27650e148	4010	male	influenza	596.0	0.0	0.0	0.6468295	0.0	0.0	0.011649152	0.0	0.0	0.023538852
19044	vascular associated smooth muscle cell	89840cec-5734-455d-b68e-34d27650e148	4010	male	influenza	350.0	0.0	0.0	0.30874166	0.0	0.0	0.018866012	0.0	0.0	0.0005722208
19096	vascular associated smooth muscle cell	89840cec-5734-455d-b68e-34d27650e148	4010	male	influenza	974.0	0.0	0.0	0.18431921	0.0	0.0	0.012375793	0.0	0.0	0.0015338224
19110	vascular associated smooth muscle cell	89840cec-5734-455d-b68e-34d27650e148	4010	male	influenza	1264.0	0.0	0.0	0.23057847	0.0	0.0	0.010303067	0.0	0.0	0.0020060232
19138	vascular associated smooth muscle cell	89840cec-5734-455d-b68e-34d27650e148	4010	male	influenza	494.0	0.0	0.0	0.28763503	0.0	0.0	0.021067929	0.0	0.0	0.0025328
19230	vascular associated smooth muscle cell	89840cec-5734-455d-b68e-34d27650e148	4010	male	influenza	1469.0	0.0	0.0	0.30994886	0.0	0.0	0.0074967514	0.0	0.0	0.0019094797
19243	vascular associated smooth muscle cell	89840cec-5734-455d-b68e-34d27650e148	4010	male	influenza	894.0	0.0	0.0	0.62310654	0.0	0.0	0.039806925	0.0	0.0	0.014493096
19326	vascular associated smooth muscle cell	89840cec-5734-455d-b68e-34d27650e148	4010	male	influenza	334.0	0.0	0.0	0.49562883	0.0	0.0	0.036698006	0.0	0.0	0.001018668
19391	vascular associated smooth muscle cell	89840cec-5734-455d-b68e-34d27650e148	4010	male	influenza	1119.0	0.0	0.0	0.22798713	0.0	0.0	0.00679969	0.0	0.0	0.0021922006
19440	vascular associated smooth muscle cell	89840cec-5734-455d-b68e-34d27650e148	4010	male	influenza	640.0	0.0	0.0	0.37547034	0.0	0.0	0.01519026	0.0	0.0	0.0030477175
19441	vascular associated smooth muscle cell	89840cec-5734-455d-b68e-34d27650e148	4010	male	influenza	679.0	0.0	0.0	0.15100142	0.0	0.0	0.01668236	0.0	0.0	0.004425866
19449	vascular associated smooth muscle cell	89840cec-5734-455d-b68e-34d27650e148	4010	male	influenza	138.0	0.0	0.0	0.5208017	0.0	0.0	0.020461017	0.0	0.0	0.003857482
19475	vascular associated smooth muscle cell	89840cec-5734-455d-b68e-34d27650e148	4010	male	influenza	534.0	0.0	0.0	0.11988895	0.0	0.0	0.010293253	0.0	0.0	0.0026874002
19498	vascular associated smooth muscle cell	89840cec-5734-455d-b68e-34d27650e148	4010	male	influenza	1404.0	0.0	0.0	0.53530765	0.0	0.0	0.03560013	0.0	0.0	0.009959139
19500	vascular associated smooth muscle cell	89840cec-5734-455d-b68e-34d27650e148	4010	male	influenza	291.0	0.0	0.0	0.2067756	0.0	0.0	0.008099037	0.0	0.0	0.005233562
19506	vascular associated smooth muscle cell	89840cec-5734-455d-b68e-34d27650e148	4010	male	influenza	968.0	0.0	0.0	0.2922834	0.0	0.0	0.026314558	0.0	0.0	0.0024957627
19566	vascular associated smooth muscle cell	89840cec-5734-455d-b68e-34d27650e148	4010	male	influenza	1056.0	0.0	0.0	0.06428459	0.0	0.0	0.0038030276	0.0	0.0	0.009073597
19643	vascular associated smooth muscle cell	89840cec-5734-455d-b68e-34d27650e148	4010	male	influenza	1326.0	0.0	0.0	0.15482937	0.0	0.0	0.0051920554	0.0	0.0	0.02452066
19646	vascular associated smooth muscle cell	89840cec-5734-455d-b68e-34d27650e148	4010	male	influenza	1862.0	0.0	0.0	0.76386464	0.0	0.0	0.047473196	0.0	0.0	0.029580306
19721	vascular associated smooth muscle cell	89840cec-5734-455d-b68e-34d27650e148	4010	male	influenza	717.0	0.0	0.0	0.3352437	0.0	0.0	0.033605646	0.0	0.0	0.0019464325
19754	vascular associated smooth muscle cell	89840cec-5734-455d-b68e-34d27650e148	4010	male	influenza	847.0	0.0	0.0	0.12548216	0.0	0.0	0.014352727	0.0	0.0	0.0007663857
19770	vascular associated smooth muscle cell	89840cec-5734-455d-b68e-34d27650e148	4010	male	influenza	628.0	0.0	0.0	0.3474458	0.0	0.0	0.013879428	0.0	0.0	0.0019047592
19779	vascular associated smooth muscle cell	89840cec-5734-455d-b68e-34d27650e148	4010	male	influenza	609.0	0.0	0.0	0.49614304	0.0	0.0	0.03837321	0.0	0.0	0.009191269
19790	vascular associated smooth muscle cell	89840cec-5734-455d-b68e-34d27650e148	4010	male	influenza	791.0	0.0	0.0	0.23584884	0.0	0.0	0.023724843	0.0	0.0	0.017046487
19852	vascular associated smooth muscle cell	89840cec-5734-455d-b68e-34d27650e148	4010	male	influenza	1199.0	0.0	0.0	0.09143675	0.0	0.0	0.0034755594	0.0	0.0	0.0048682224
19863	vascular associated smooth muscle cell	89840cec-5734-455d-b68e-34d27650e148	4010	male	influenza	1113.0	0.0	0.0	0.10054208	0.0	0.0	0.002255336	0.0	0.0	0.001458097
19898	vascular associated smooth muscle cell	89840cec-5734-455d-b68e-34d27650e148	4010	male	influenza	274.0	0.0	0.0	0.5332397	0.0	0.0	0.02073294	0.0	0.0	0.0044694324
19912	vascular associated smooth muscle cell	89840cec-5734-455d-b68e-34d27650e148	4010	male	influenza	474.0	0.0	0.0	0.20720541	0.0	0.0	0.010745057	0.0	0.0	0.037886016
19949	vascular associated smooth muscle cell	89840cec-5734-455d-b68e-34d27650e148	4010	male	influenza	850.0	0.0	0.0	0.4906122	0.0	0.0	0.022903712	0.0	0.0	0.051096093
19998	vascular associated smooth muscle cell	89840cec-5734-455d-b68e-34d27650e148	4010	male	influenza	448.0	0.0	0.0	0.100076355	0.0	0.0	0.02518858	0.0	0.0	0.0017338229
20025	vascular associated smooth muscle cell	89840cec-5734-455d-b68e-34d27650e148	4010	male	influenza	459.0	0.0	0.0	0.14511111	0.0	0.0	0.0060930536	0.0	0.0	0.00085302314
20031	vascular associated smooth muscle cell	89840cec-5734-455d-b68e-34d27650e148	4010	male	influenza	588.0	0.0	0.0	0.25939018	0.0	0.0	0.010007837	0.0	0.0	0.008132595
20042	vascular associated smooth muscle cell	89840cec-5734-455d-b68e-34d27650e148	4010	male	influenza	634.0	0.0	0.0	0.27827996	0.0	0.0	0.026954941	0.0	0.0	0.0035296506
20049	vascular associated smooth muscle cell	89840cec-5734-455d-b68e-34d27650e148	4010	male	influenza	417.0	0.0	0.0	0.165057	0.0	0.0	0.0075763315	0.0	0.0	0.009045816
20076	vascular associated smooth muscle cell	89840cec-5734-455d-b68e-34d27650e148	4010	male	influenza	987.0	0.0	0.0	0.09327827	0.0	0.0	0.010324368	0.0	0.0	0.0022371633
20082	vascular associated smooth muscle cell	89840cec-5734-455d-b68e-34d27650e148	4010	male	influenza	736.0	0.0	0.0	0.22170708	0.0	0.0	0.008836217	0.0	0.0	0.0069310595
20114	vascular associated smooth muscle cell	89840cec-5734-455d-b68e-34d27650e148	4010	male	influenza	1314.0	0.0	0.0	0.071480714	0.0	0.0	0.0058015026	0.0	0.0	0.0024195432
20124	vascular associated smooth muscle cell	89840cec-5734-455d-b68e-34d27650e148	4010	male	influenza	618.0	0.0	0.0	0.123193175	0.0	0.0	0.006594645	0.0	0.0	0.0033223266
20127	vascular associated smooth muscle cell	89840cec-5734-455d-b68e-34d27650e148	4010	male	influenza	1443.0	0.0	0.0	0.11231236	0.0	0.0	0.0024553991	0.0	0.0	0.007981053
20176	vascular associated smooth muscle cell	89840cec-5734-455d-b68e-34d27650e148	4010	male	influenza	1075.0	0.0	0.0	0.16558574	0.0	0.0	0.01726099	0.0	0.0	0.0015146894
20216	vascular associated smooth muscle cell	89840cec-5734-455d-b68e-34d27650e148	4010	male	influenza	705.0	0.0	0.0	0.08600844	0.0	0.0	0.0063425223	0.0	0.0	0.0013163077
20236	vascular associated smooth muscle cell	89840cec-5734-455d-b68e-34d27650e148	4010	male	influenza	1401.0	0.0	0.0	0.5428031	0.0	0.0	0.0020013878	0.0	0.0	0.0011003036
20241	vascular associated smooth muscle cell	89840cec-5734-455d-b68e-34d27650e148	4010	male	influenza	333.0	0.0	0.0	0.5019412	0.0	0.0	0.018108878	0.0	0.0	0.004341208
20276	vascular associated smooth muscle cell	89840cec-5734-455d-b68e-34d27650e148	4010	male	influenza	329.0	0.0	0.0	0.41492715	0.0	0.0	0.028528951	0.0	0.0	0.0021344654
20331	vascular associated smooth muscle cell	89840cec-5734-455d-b68e-34d27650e148	4010	male	influenza	495.0	0.0	0.0	0.4568321	0.0	0.0	0.01898783	0.0	0.0	0.002156557
20372	vascular associated smooth muscle cell	89840cec-5734-455d-b68e-34d27650e148	4010	male	influenza	1359.0	0.0	0.0	0.20438132	0.0	0.0	0.013659907	0.0	0.0	0.0068224045
20373	vascular associated smooth muscle cell	89840cec-5734-455d-b68e-34d27650e148	4010	male	influenza	1661.0	0.0	0.0	0.12692223	0.0	0.0	0.006356839	0.0	0.0	0.0010935353
20409	vascular associated smooth muscle cell	89840cec-5734-455d-b68e-34d27650e148	4010	male	influenza	343.0	0.0	0.0	0.196199	0.0	0.0	0.006010581	0.0	0.0	0.001889921
28218	vascular associated smooth muscle cell	89840cec-5734-455d-b68e-34d27650e148	5023	female	normal	229.0	0.0	0.0	0.34008402	0.0	0.0	0.006544125	0.0	0.0	0.003990505
28292	vascular associated smooth muscle cell	89840cec-5734-455d-b68e-34d27650e148	5023	female	normal	456.0	0.0	0.0	0.21603675	0.0	0.0	0.009020949	0.0	0.0	0.013761548
28353	vascular associated smooth muscle cell	89840cec-5734-455d-b68e-34d27650e148	5023	female	normal	940.0	0.0	0.0	0.12173274	0.0	0.0	0.0075252843	0.0	0.0	0.0011435206
28515	vascular associated smooth muscle cell	89840cec-5734-455d-b68e-34d27650e148	5023	female	normal	673.0	0.0	0.0	0.17376168	0.0	0.0	0.007479199	0.0	0.0	0.00080514903
28550	vascular associated smooth muscle cell	89840cec-5734-455d-b68e-34d27650e148	5023	female	normal	654.0	0.0	0.0	0.070538476	0.0	0.0	0.005705609	0.0	0.0	0.0032220038
28583	vascular associated smooth muscle cell	89840cec-5734-455d-b68e-34d27650e148	5023	female	normal	1312.0	0.0	0.0	0.09131873	0.0	0.0	0.011812361	0.0	0.0	0.00071246125
28587	vascular associated smooth muscle cell	89840cec-5734-455d-b68e-34d27650e148	5023	female	normal	1014.0	0.0	0.0	0.08274879	0.0	0.0	0.00874225	0.0	0.0	0.009337346
28641	vascular associated smooth muscle cell	89840cec-5734-455d-b68e-34d27650e148	5023	female	normal	534.0	0.0	0.0	0.1786813	0.0	0.0	0.01345242	0.0	0.0	0.00058255444
28693	vascular associated smooth muscle cell	89840cec-5734-455d-b68e-34d27650e148	5023	female	normal	981.0	1.0	0.6368685	0.18517295	0.0	0.0	0.009859061	0.0	0.0	0.001545136
28761	vascular associated smooth muscle cell	89840cec-5734-455d-b68e-34d27650e148	5023	female	normal	619.0	0.0	0.0	0.54966813	0.0	0.0	0.024281917	0.0	0.0	0.0011461141
28762	vascular associated smooth muscle cell	89840cec-5734-455d-b68e-34d27650e148	5023	female	normal	622.0	0.0	0.0	0.61944926	0.0	0.0	0.041736174	0.0	0.0	0.0015567569
28769	vascular associated smooth muscle cell	89840cec-5734-455d-b68e-34d27650e148	5023	female	normal	627.0	0.0	0.0	0.37044668	0.0	0.0	0.05516804	0.0	0.0	0.008777965
28793	vascular associated smooth muscle cell	89840cec-5734-455d-b68e-34d27650e148	5023	female	normal	521.0	0.0	0.0	0.18164392	0.0	0.0	0.007849518	0.0	0.0	0.0014658747
28809	vascular associated smooth muscle cell	89840cec-5734-455d-b68e-34d27650e148	5023	female	normal	645.0	0.0	0.0	0.30781195	0.0	0.0	0.022036986	0.0	0.0	0.0016572407
28843	vascular associated smooth muscle cell	89840cec-5734-455d-b68e-34d27650e148	5023	female	normal	854.0	0.0	0.0	0.1868258	0.0	0.0	0.0076625524	0.0	0.0	0.0026576864
28846	vascular associated smooth muscle cell	89840cec-5734-455d-b68e-34d27650e148	5023	female	normal	811.0	0.0	0.0	0.14464076	0.0	0.0	0.005335124	0.0	0.0	0.0033765556
28922	vascular associated smooth muscle cell	89840cec-5734-455d-b68e-34d27650e148	5023	female	normal	298.0	0.0	0.0	0.61209595	0.0	0.0	0.018135617	0.0	0.0	0.0011045451
28979	vascular associated smooth muscle cell	89840cec-5734-455d-b68e-34d27650e148	5023	female	normal	223.0	0.0	0.0	0.38250896	0.0	0.0	0.03676254	0.0	0.0	0.0039391723
29014	vascular associated smooth muscle cell	89840cec-5734-455d-b68e-34d27650e148	5023	female	normal	813.0	0.0	0.0	0.32610127	0.0	0.0	0.02767614	0.0	0.0	0.0071277134
29015	vascular associated smooth muscle cell	89840cec-5734-455d-b68e-34d27650e148	5023	female	normal	502.0	0.0	0.0	0.26753095	0.0	0.0	0.016103303	0.0	0.0	0.0009420654
29057	vascular associated smooth muscle cell	89840cec-5734-455d-b68e-34d27650e148	5023	female	normal	678.0	0.0	0.0	0.22959585	0.0	0.0	0.015055905	0.0	0.0	0.0051539983
29082	vascular associated smooth muscle cell	89840cec-5734-455d-b68e-34d27650e148	5023	female	normal	323.0	0.0	0.0	0.6198993	0.0	0.0	0.035441276	0.0	0.0	0.016069643
29101	vascular associated smooth muscle cell	89840cec-5734-455d-b68e-34d27650e148	5023	female	normal	471.0	0.0	0.0	0.3343514	0.0	0.0	0.034832925	0.0	0.0	0.0033676685
29103	vascular associated smooth muscle cell	89840cec-5734-455d-b68e-34d27650e148	5023	female	normal	292.0	0.0	0.0	0.53162384	0.0	0.0	0.045360092	0.0	0.0	0.005784528
29109	vascular associated smooth muscle cell	89840cec-5734-455d-b68e-34d27650e148	5023	female	normal	747.0	0.0	0.0	0.06908191	0.0	0.0	0.0037708494	0.0	0.0	0.004019379
29161	vascular associated smooth muscle cell	89840cec-5734-455d-b68e-34d27650e148	5023	female	normal	658.0	0.0	0.0	0.17670321	0.0	0.0	0.012644335	0.0	0.0	0.0021533687
29164	vascular associated smooth muscle cell	89840cec-5734-455d-b68e-34d27650e148	5023	female	normal	421.0	0.0	0.0	0.64958435	0.0	0.0	0.056281656	0.0	0.0	0.0018748873
29220	vascular associated smooth muscle cell	89840cec-5734-455d-b68e-34d27650e148	5023	female	normal	530.0	0.0	0.0	0.72622055	0.0	0.0	0.038125455	0.0	0.0	0.0023796102
29227	vascular associated smooth muscle cell	89840cec-5734-455d-b68e-34d27650e148	5023	female	normal	467.0	0.0	0.0	0.40363893	0.0	0.0	0.06833038	0.0	0.0	0.0096369535
29270	vascular associated smooth muscle cell	89840cec-5734-455d-b68e-34d27650e148	5023	female	normal	448.0	0.0	0.0	0.17785099	0.0	0.0	0.007204697	0.0	0.0	0.0013392154
29335	vascular associated smooth muscle cell	89840cec-5734-455d-b68e-34d27650e148	5023	female	normal	2280.0	0.0	0.0	0.1600468	0.0	0.0	0.018660901	0.0	0.0	0.0032743784
29339	vascular associated smooth muscle cell	89840cec-5734-455d-b68e-34d27650e148	5023	female	normal	848.0	0.0	0.0	0.09642329	0.0	0.0	0.004683836	0.0	0.0	0.0063100345
29389	vascular associated smooth muscle cell	89840cec-5734-455d-b68e-34d27650e148	5023	female	normal	477.0	0.0	0.0	0.0754207	0.0	0.0	0.0036213002	0.0	0.0	0.0044297604
29433	vascular associated smooth muscle cell	89840cec-5734-455d-b68e-34d27650e148	5023	female	normal	849.0	0.0	0.0	0.23826572	0.0	0.0	0.02525031	0.0	0.0	0.0018926352
29551	vascular associated smooth muscle cell	89840cec-5734-455d-b68e-34d27650e148	5023	female	normal	37.0	0.0	0.0	2.0368688	0.0	0.0	0.03332246	0.0	0.0	0.0038608816
29559	vascular associated smooth muscle cell	89840cec-5734-455d-b68e-34d27650e148	5023	female	normal	401.0	0.0	0.0	0.593539	0.0	0.0	0.038928386	0.0	0.0	0.0022701656
29585	vascular associated smooth muscle cell	89840cec-5734-455d-b68e-34d27650e148	5023	female	normal	359.0	0.0	0.0	0.5635849	0.0	0.0	0.06391544	0.0	0.0	0.0016659853
29622	vascular associated smooth muscle cell	89840cec-5734-455d-b68e-34d27650e148	5023	female	normal	890.0	0.0	0.0	0.2914257	0.0	0.0	0.19187711	0.0	0.0	0.030901253
29626	vascular associated smooth muscle cell	89840cec-5734-455d-b68e-34d27650e148	5023	female	normal	417.0	0.0	0.0	0.5147325	0.0	0.0	0.020307893	0.0	0.0	0.00224379
29655	vascular associated smooth muscle cell	89840cec-5734-455d-b68e-34d27650e148	5023	female	normal	381.0	0.0	0.0	0.23268424	0.0	0.0	0.015237014	0.0	0.0	0.007678507
29658	vascular associated smooth muscle cell	89840cec-5734-455d-b68e-34d27650e148	5023	female	normal	428.0	0.0	0.0	0.26651782	0.0	0.0	0.009629124	0.0	0.0	0.005291095
29677	vascular associated smooth muscle cell	89840cec-5734-455d-b68e-34d27650e148	5023	female	normal	656.0	0.0	0.0	0.259398	0.0	0.0	0.0075773583	0.0	0.0	0.003016082
29705	vascular associated smooth muscle cell	89840cec-5734-455d-b68e-34d27650e148	5023	female	normal	462.0	0.0	0.0	0.3152075	0.0	0.0	0.026060283	0.0	0.0	0.0016723757
29765	vascular associated smooth muscle cell	89840cec-5734-455d-b68e-34d27650e148	5023	female	normal	224.0	0.0	0.0	0.52373743	0.0	0.0	0.062301878	0.0	0.0	0.0019035189
29783	vascular associated smooth muscle cell	89840cec-5734-455d-b68e-34d27650e148	5023	female	normal	553.0	0.0	0.0	0.24969749	0.0	0.0	0.016158078	0.0	0.0	0.0005520899
29785	vascular associated smooth muscle cell	89840cec-5734-455d-b68e-34d27650e148	5023	female	normal	933.0	0.0	0.0	0.14115825	0.0	0.0	0.008146703	0.0	0.0	0.0010471958
29811	vascular associated smooth muscle cell	89840cec-5734-455d-b68e-34d27650e148	5023	female	normal	598.0	0.0	0.0	0.13039227	0.0	0.0	0.008152802	0.0	0.0	0.00059544796
29842	vascular associated smooth muscle cell	89840cec-5734-455d-b68e-34d27650e148	5262	male	influenza	2175.0	0.0	0.0	0.1884898	0.0	0.0	0.00265325	0.0	0.0	0.011690091
29856	vascular associated smooth muscle cell	89840cec-5734-455d-b68e-34d27650e148	5262	male	influenza	144.0	0.0	0.0	1.1119175	0.0	0.0	0.005551294	0.0	0.0	0.015675731
29874	vascular associated smooth muscle cell	89840cec-5734-455d-b68e-34d27650e148	5262	male	influenza	512.0	0.0	0.0	0.1888987	0.0	0.0	0.016662218	0.0	0.0	0.0029746122
29894	vascular associated smooth muscle cell	89840cec-5734-455d-b68e-34d27650e148	5262	male	influenza	1344.0	0.0	0.0	0.13705313	0.0	0.0	0.0063935947	0.0	0.0	0.019542309
29898	vascular associated smooth muscle cell	89840cec-5734-455d-b68e-34d27650e148	5262	male	influenza	512.0	0.0	0.0	0.35935742	0.0	0.0	0.0054863864	0.0	0.0	0.003511061
29912	vascular associated smooth muscle cell	89840cec-5734-455d-b68e-34d27650e148	5262	male	influenza	193.0	0.0	0.0	0.53928745	0.0	0.0	0.027297	0.0	0.0	0.002528096
29985	vascular associated smooth muscle cell	89840cec-5734-455d-b68e-34d27650e148	5262	male	influenza	312.0	0.0	0.0	0.23866113	0.0	0.0	0.017385647	0.0	0.0	0.032077633
30110	vascular associated smooth muscle cell	89840cec-5734-455d-b68e-34d27650e148	5262	male	influenza	104.0	0.0	0.0	1.2359843	0.0	0.0	0.051894113	0.0	0.0	0.0020294823
30144	vascular associated smooth muscle cell	89840cec-5734-455d-b68e-34d27650e148	5262	male	influenza	1666.0	0.0	0.0	0.17333049	0.0	0.0	0.0023414572	0.0	0.0	0.0013404158
30214	vascular associated smooth muscle cell	89840cec-5734-455d-b68e-34d27650e148	5262	male	influenza	1392.0	0.0	0.0	0.16601357	0.0	0.0	0.0082181385	0.0	0.0	0.008948181
30267	vascular associated smooth muscle cell	89840cec-5734-455d-b68e-34d27650e148	5262	male	influenza	671.0	0.0	0.0	0.28792223	0.0	0.0	0.011590282	0.0	0.0	0.012240545
30273	vascular associated smooth muscle cell	89840cec-5734-455d-b68e-34d27650e148	5262	male	influenza	3458.0	0.0	0.0	0.06701683	0.0	0.0	0.0011539237	0.0	0.0	0.00287166
30309	vascular associated smooth muscle cell	89840cec-5734-455d-b68e-34d27650e148	5262	male	influenza	369.0	0.0	0.0	0.26456827	0.0	0.0	0.017270856	0.0	0.0	0.032348573
30336	vascular associated smooth muscle cell	89840cec-5734-455d-b68e-34d27650e148	5262	male	influenza	296.0	0.0	0.0	0.3735656	0.0	0.0	0.009110464	0.0	0.0	0.007099702
30337	vascular associated smooth muscle cell	89840cec-5734-455d-b68e-34d27650e148	5262	male	influenza	2471.0	0.0	0.0	0.13018544	0.0	0.0	0.0017760479	0.0	0.0	0.004680577
30341	vascular associated smooth muscle cell	89840cec-5734-455d-b68e-34d27650e148	5262	male	influenza	2606.0	0.0	0.0	0.31047016	0.0	0.0	0.015574734	0.0	0.0	0.0076480387
30344	vascular associated smooth muscle cell	89840cec-5734-455d-b68e-34d27650e148	5262	male	influenza	1243.0	0.0	0.0	0.1473888	0.0	0.0	0.002258585	0.0	0.0	0.014660803
30384	vascular associated smooth muscle cell	89840cec-5734-455d-b68e-34d27650e148	5262	male	influenza	1163.0	0.0	0.0	0.48923916	0.0	0.0	0.03248482	0.0	0.0	0.02882028
30390	vascular associated smooth muscle cell	89840cec-5734-455d-b68e-34d27650e148	5262	male	influenza	345.0	0.0	0.0	0.40356144	0.0	0.0	0.027454795	0.0	0.0	0.0013382834
30416	vascular associated smooth muscle cell	89840cec-5734-455d-b68e-34d27650e148	5262	male	influenza	977.0	0.0	0.0	0.16920099	0.0	0.0	0.009896213	0.0	0.0	0.0073404363
30441	vascular associated smooth muscle cell	89840cec-5734-455d-b68e-34d27650e148	5262	male	influenza	1741.0	0.0	0.0	0.06619527	0.0	0.0	0.00365131	0.0	0.0	0.002230633
30487	vascular associated smooth muscle cell	89840cec-5734-455d-b68e-34d27650e148	5262	male	influenza	161.0	0.0	0.0	0.1494237	0.0	0.0	0.009665206	0.0	0.0	0.020317296
30499	vascular associated smooth muscle cell	89840cec-5734-455d-b68e-34d27650e148	5262	male	influenza	295.0	0.0	0.0	0.2850716	0.0	0.0	0.028469391	0.0	0.0	0.0045271865
30531	vascular associated smooth muscle cell	89840cec-5734-455d-b68e-34d27650e148	5262	male	influenza	199.0	0.0	0.0	0.40005246	0.0	0.0	0.01733485	0.0	0.0	0.004854095
30563	vascular associated smooth muscle cell	89840cec-5734-455d-b68e-34d27650e148	5262	male	influenza	124.0	0.0	0.0	0.2197953	0.0	0.0	0.11514319	0.0	0.0	0.0077050044
30565	vascular associated smooth muscle cell	89840cec-5734-455d-b68e-34d27650e148	5262	male	influenza	185.0	0.0	0.0	0.22559652	0.0	0.0	0.0074714483	0.0	0.0	0.002994849
30609	vascular associated smooth muscle cell	89840cec-5734-455d-b68e-34d27650e148	5262	male	influenza	550.0	0.0	0.0	0.25577953	0.0	0.0	0.007368711	0.0	0.0	0.010520251
30653	vascular associated smooth muscle cell	89840cec-5734-455d-b68e-34d27650e148	5262	male	influenza	1556.0	0.0	0.0	0.12396953	0.0	0.0	0.0036068005	0.0	0.0	0.0078680115
30665	vascular associated smooth muscle cell	89840cec-5734-455d-b68e-34d27650e148	5262	male	influenza	117.0	0.0	0.0	0.10965061	0.0	0.0	0.010072244	0.0	0.0	0.01409497
30674	vascular associated smooth muscle cell	89840cec-5734-455d-b68e-34d27650e148	5262	male	influenza	1529.0	0.0	0.0	0.09940539	0.0	0.0	0.0049986294	0.0	0.0	0.016915077
30684	vascular associated smooth muscle cell	89840cec-5734-455d-b68e-34d27650e148	5262	male	influenza	879.0	0.0	0.0	0.15369123	0.0	0.0	0.0033862635	0.0	0.0	0.015949516
30692	vascular associated smooth muscle cell	89840cec-5734-455d-b68e-34d27650e148	5262	male	influenza	1315.0	0.0	0.0	0.08433358	0.0	0.0	0.008346119	0.0	0.0	0.001012613
30722	vascular associated smooth muscle cell	89840cec-5734-455d-b68e-34d27650e148	5262	male	influenza	3142.0	0.0	0.0	0.081727535	0.0	0.0	0.001253993	0.0	0.0	0.0034755815
30739	vascular associated smooth muscle cell	89840cec-5734-455d-b68e-34d27650e148	5262	male	influenza	2465.0	0.0	0.0	0.16731015	0.0	0.0	0.0020597235	0.0	0.0	0.010683243
30775	vascular associated smooth muscle cell	89840cec-5734-455d-b68e-34d27650e148	5262	male	influenza	1500.0	0.0	0.0	0.114148356	0.0	0.0	0.0031437825	0.0	0.0	0.014298944
30779	vascular associated smooth muscle cell	89840cec-5734-455d-b68e-34d27650e148	5262	male	influenza	2195.0	0.0	0.0	0.4314012	0.0	0.0	0.0042731585	0.0	0.0	0.006433319
30780	vascular associated smooth muscle cell	89840cec-5734-455d-b68e-34d27650e148	5262	male	influenza	408.0	0.0	0.0	0.27418852	0.0	0.0	0.014358266	0.0	0.0	0.0092349155
30845	vascular associated smooth muscle cell	89840cec-5734-455d-b68e-34d27650e148	5262	male	influenza	1003.0	0.0	0.0	0.27826497	0.0	0.0	0.012226242	0.0	0.0	0.020509949
30871	vascular associated smooth muscle cell	89840cec-5734-455d-b68e-34d27650e148	5262	male	influenza	1333.0	0.0	0.0	0.107094996	0.0	0.0	0.0021921536	0.0	0.0	0.0039630053
30882	vascular associated smooth muscle cell	89840cec-5734-455d-b68e-34d27650e148	5262	male	influenza	2988.0	0.0	0.0	0.17791164	0.0	0.0	0.0068114647	0.0	0.0	0.009907876
30910	vascular associated smooth muscle cell	89840cec-5734-455d-b68e-34d27650e148	5262	male	influenza	3025.0	0.0	0.0	0.07099323	0.0	0.0	0.0015790487	0.0	0.0	0.004872603
30929	vascular associated smooth muscle cell	89840cec-5734-455d-b68e-34d27650e148	5262	male	influenza	2003.0	0.0	0.0	0.09733693	0.0	0.0	0.001390588	0.0	0.0	0.008615075
30961	vascular associated smooth muscle cell	89840cec-5734-455d-b68e-34d27650e148	5262	male	influenza	438.0	0.0	0.0	0.31648555	0.0	0.0	0.0057407618	0.0	0.0	0.0028074996
30964	vascular associated smooth muscle cell	89840cec-5734-455d-b68e-34d27650e148	5262	male	influenza	1249.0	1.0	0.6664124	0.17989865	0.0	0.0	0.0041877143	0.0	0.0	0.009671112
30980	vascular associated smooth muscle cell	89840cec-5734-455d-b68e-34d27650e148	5262	male	influenza	1059.0	0.0	0.0	0.30544809	0.0	0.0	0.011061602	0.0	0.0	0.014198475
31021	vascular associated smooth muscle cell	89840cec-5734-455d-b68e-34d27650e148	5262	male	influenza	417.0	0.0	0.0	0.2661503	0.0	0.0	0.020090768	0.0	0.0	0.0034417666
31036	vascular associated smooth muscle cell	89840cec-5734-455d-b68e-34d27650e148	5262	male	influenza	1455.0	0.0	0.0	0.103357986	0.0	0.0	0.0029680668	0.0	0.0	0.0039015037
31051	vascular associated smooth muscle cell	89840cec-5734-455d-b68e-34d27650e148	5262	male	influenza	89.0	0.0	0.0	0.40292174	0.0	0.0	0.03711822	0.0	0.0	0.0050041554
31054	vascular associated smooth muscle cell	89840cec-5734-455d-b68e-34d27650e148	5262	male	influenza	1776.0	0.0	0.0	0.15343691	0.0	0.0	0.003766796	0.0	0.0	0.0029780136
31055	vascular associated smooth muscle cell	89840cec-5734-455d-b68e-34d27650e148	5262	male	influenza	966.0	0.0	0.0	0.1755157	0.0	0.0	0.0034051698	0.0	0.0	0.0013529896
31073	vascular associated smooth muscle cell	89840cec-5734-455d-b68e-34d27650e148	5262	male	influenza	1554.0	0.0	0.0	0.6010736	0.0	0.0	0.008673224	0.0	0.0	0.02502748
31085	vascular associated smooth muscle cell	89840cec-5734-455d-b68e-34d27650e148	5262	male	influenza	118.0	0.0	0.0	0.42400825	0.0	0.0	0.012267544	0.0	0.0	0.08723515
31128	vascular associated smooth muscle cell	89840cec-5734-455d-b68e-34d27650e148	5262	male	influenza	2623.0	0.0	0.0	0.70609564	0.0	0.0	0.010635601	0.0	0.0	0.029018924
31135	vascular associated smooth muscle cell	89840cec-5734-455d-b68e-34d27650e148	5262	male	influenza	543.0	0.0	0.0	0.3406729	0.0	0.0	0.006070719	0.0	0.0	0.008721464
31154	vascular associated smooth muscle cell	89840cec-5734-455d-b68e-34d27650e148	5262	male	influenza	1551.0	0.0	0.0	0.1295764	0.0	0.0	0.00414839	0.0	0.0	0.014117231
31180	vascular associated smooth muscle cell	89840cec-5734-455d-b68e-34d27650e148	5262	male	influenza	144.0	0.0	0.0	0.26009104	0.0	0.0	0.007188595	0.0	0.0	0.003433427
31183	vascular associated smooth muscle cell	89840cec-5734-455d-b68e-34d27650e148	5262	male	influenza	1163.0	0.0	0.0	0.4679466	0.0	0.0	0.0048651765	0.0	0.0	0.013780682
31246	vascular associated smooth muscle cell	89840cec-5734-455d-b68e-34d27650e148	5262	male	influenza	1930.0	0.0	0.0	0.07838847	0.0	0.0	0.0018659929	0.0	0.0	0.0047108526
31342	vascular associated smooth muscle cell	89840cec-5734-455d-b68e-34d27650e148	5262	male	influenza	1849.0	0.0	0.0	0.07342459	0.0	0.0	0.0021366067	0.0	0.0	0.0049364157
31357	vascular associated smooth muscle cell	89840cec-5734-455d-b68e-34d27650e148	5262	male	influenza	309.0	0.0	0.0	0.37044355	0.0	0.0	0.01060439	0.0	0.0	0.00048144173
31362	vascular associated smooth muscle cell	89840cec-5734-455d-b68e-34d27650e148	5262	male	influenza	147.0	0.0	0.0	0.3760787	0.0	0.0	0.015116116	0.0	0.0	0.0019456038
31394	vascular associated smooth muscle cell	89840cec-5734-455d-b68e-34d27650e148	5262	male	influenza	639.0	0.0	0.0	0.14661965	0.0	0.0	0.0042832727	0.0	0.0	0.0035670828
31447	vascular associated smooth muscle cell	89840cec-5734-455d-b68e-34d27650e148	5262	male	influenza	1309.0	0.0	0.0	0.086222924	0.0	0.0	0.0049876687	0.0	0.0	0.0021291608
31481	vascular associated smooth muscle cell	89840cec-5734-455d-b68e-34d27650e148	5262	male	influenza	98.0	0.0	0.0	0.4186503	0.0	0.0	0.056617476	0.0	0.0	0.0067115547
31508	vascular associated smooth muscle cell	89840cec-5734-455d-b68e-34d27650e148	5262	male	influenza	138.0	0.0	0.0	0.18056999	0.0	0.0	0.05249059	0.0	0.0	0.0019334238
31516	vascular associated smooth muscle cell	89840cec-5734-455d-b68e-34d27650e148	5262	male	influenza	1205.0	0.0	0.0	0.21895672	0.0	0.0	0.018224211	0.0	0.0	0.012436265
31524	vascular associated smooth muscle cell	89840cec-5734-455d-b68e-34d27650e148	5262	male	influenza	120.0	0.0	0.0	0.20792854	0.0	0.0	0.010306753	0.0	0.0	0.001131695
31528	vascular associated smooth muscle cell	89840cec-5734-455d-b68e-34d27650e148	5262	male	influenza	1594.0	0.0	0.0	0.22131433	0.0	0.0	0.004146383	0.0	0.0	0.0019162471
31543	vascular associated smooth muscle cell	89840cec-5734-455d-b68e-34d27650e148	5262	male	influenza	1181.0	0.0	0.0	0.089823335	0.0	0.0	0.0025108445	0.0	0.0	0.0051261294
31558	vascular associated smooth muscle cell	89840cec-5734-455d-b68e-34d27650e148	5262	male	influenza	1027.0	0.0	0.0	0.14609239	0.0	0.0	0.0045378287	0.0	0.0	0.008522824
31608	vascular associated smooth muscle cell	89840cec-5734-455d-b68e-34d27650e148	5262	male	influenza	1531.0	0.0	0.0	0.53090584	0.0	0.0	0.0068611084	0.0	0.0	0.025929738
31654	vascular associated smooth muscle cell	89840cec-5734-455d-b68e-34d27650e148	5262	male	influenza	1018.0	0.0	0.0	0.30436796	0.0	0.0	0.017103441	0.0	0.0	0.0013389549
31656	vascular associated smooth muscle cell	89840cec-5734-455d-b68e-34d27650e148	5262	male	influenza	1330.0	0.0	0.0	0.054184664	0.0	0.0	0.002780715	0.0	0.0	0.0044169757
31663	vascular associated smooth muscle cell	89840cec-5734-455d-b68e-34d27650e148	5262	male	influenza	259.0	0.0	0.0	0.4022443	0.0	0.0	0.021243444	0.0	0.0	0.00097376347
40292	vascular associated smooth muscle cell	89840cec-5734-455d-b68e-34d27650e148	5264	female	influenza	1210.0	0.0	0.0	0.22004536	0.0	0.0	0.07681123	0.0	0.0	0.017736675
40374	vascular associated smooth muscle cell	89840cec-5734-455d-b68e-34d27650e148	5264	female	influenza	624.0	0.0	0.0	0.38583982	0.0	0.0	0.016454525	0.0	0.0	0.008291947
40379	vascular associated smooth muscle cell	89840cec-5734-455d-b68e-34d27650e148	5264	female	influenza	504.0	0.0	0.0	0.16352013	0.0	0.0	0.010613114	0.0	0.0	0.0017633693
40424	vascular associated smooth muscle cell	89840cec-5734-455d-b68e-34d27650e148	5264	female	influenza	703.0	0.0	0.0	0.74389446	0.0	0.0	0.15118173	0.0	0.0	0.005631325
40437	vascular associated smooth muscle cell	89840cec-5734-455d-b68e-34d27650e148	5264	female	influenza	440.0	0.0	0.0	0.4183883	0.0	0.0	0.010699271	0.0	0.0	0.0026259646
40609	vascular associated smooth muscle cell	89840cec-5734-455d-b68e-34d27650e148	5264	female	influenza	306.0	0.0	0.0	0.4616373	0.0	0.0	0.008615125	0.0	0.0	0.015616616
40664	vascular associated smooth muscle cell	89840cec-5734-455d-b68e-34d27650e148	5264	female	influenza	285.0	0.0	0.0	0.44079134	0.0	0.0	0.024058802	0.0	0.0	0.010946505
40694	vascular associated smooth muscle cell	89840cec-5734-455d-b68e-34d27650e148	5264	female	influenza	118.0	0.0	0.0	0.3406471	0.0	0.0	0.024514047	0.0	0.0	0.0018503674
40804	vascular associated smooth muscle cell	89840cec-5734-455d-b68e-34d27650e148	5264	female	influenza	399.0	0.0	0.0	0.41516036	0.0	0.0	0.024110034	0.0	0.0	0.0031508186
41000	vascular associated smooth muscle cell	89840cec-5734-455d-b68e-34d27650e148	5264	female	influenza	362.0	0.0	0.0	0.32283077	0.0	0.0	0.016429128	0.0	0.0	0.0019777697
41046	vascular associated smooth muscle cell	89840cec-5734-455d-b68e-34d27650e148	5264	female	influenza	407.0	0.0	0.0	0.74768895	0.0	0.0	0.018247388	0.0	0.0	0.0045057647
41304	vascular associated smooth muscle cell	89840cec-5734-455d-b68e-34d27650e148	5264	female	influenza	204.0	0.0	0.0	0.52838546	0.0	0.0	0.03455859	0.0	0.0	0.0033810148
41671	vascular associated smooth muscle cell	89840cec-5734-455d-b68e-34d27650e148	5264	female	influenza	306.0	0.0	0.0	0.39639288	0.0	0.0	0.06555238	0.0	0.0	0.0030681929
38274	vascular associated smooth muscle cell	89840cec-5734-455d-b68e-34d27650e148	5400	male	influenza	244.0	0.0	0.0	1.0961657	0.0	0.0	0.030236779	0.0	0.0	0.0027423284
38340	vascular associated smooth muscle cell	89840cec-5734-455d-b68e-34d27650e148	5400	male	influenza	936.0	0.0	0.0	0.18561493	0.0	0.0	0.019291157	0.0	0.0	0.00291403
38350	vascular associated smooth muscle cell	89840cec-5734-455d-b68e-34d27650e148	5400	male	influenza	239.0	0.0	0.0	0.82677174	0.0	0.0	0.029304821	0.0	0.0	0.0014633815
38419	vascular associated smooth muscle cell	89840cec-5734-455d-b68e-34d27650e148	5400	male	influenza	428.0	0.0	0.0	0.5310443	0.0	0.0	0.06339286	0.0	0.0	0.003370623
38510	vascular associated smooth muscle cell	89840cec-5734-455d-b68e-34d27650e148	5400	male	influenza	561.0	0.0	0.0	0.49219957	0.0	0.0	0.006545338	0.0	0.0	0.0050160326
38588	vascular associated smooth muscle cell	89840cec-5734-455d-b68e-34d27650e148	5400	male	influenza	373.0	0.0	0.0	0.8073906	0.0	0.0	0.046268247	0.0	0.0	0.006220405
38698	vascular associated smooth muscle cell	89840cec-5734-455d-b68e-34d27650e148	5400	male	influenza	178.0	0.0	0.0	0.373817	0.0	0.0	0.06785877	0.0	0.0	0.0025598358
38711	vascular associated smooth muscle cell	89840cec-5734-455d-b68e-34d27650e148	5400	male	influenza	301.0	0.0	0.0	0.3859902	0.0	0.0	0.0132080475	0.0	0.0	0.0028995525
38884	vascular associated smooth muscle cell	89840cec-5734-455d-b68e-34d27650e148	5400	male	influenza	460.0	0.0	0.0	0.25157732	0.0	0.0	0.014619856	0.0	0.0	0.0017783163
38902	vascular associated smooth muscle cell	89840cec-5734-455d-b68e-34d27650e148	5400	male	influenza	190.0	0.0	0.0	0.29042467	0.0	0.0	0.009508868	0.0	0.0	0.0031094407
38926	vascular associated smooth muscle cell	89840cec-5734-455d-b68e-34d27650e148	5400	male	influenza	207.0	0.0	0.0	0.38413695	0.0	0.0	0.023808049	0.0	0.0	0.0059580817
38928	vascular associated smooth muscle cell	89840cec-5734-455d-b68e-34d27650e148	5400	male	influenza	893.0	0.0	0.0	0.5379471	0.0	0.0	0.06966458	0.0	0.0	0.015657987
38973	vascular associated smooth muscle cell	89840cec-5734-455d-b68e-34d27650e148	5400	male	influenza	384.0	0.0	0.0	0.4079248	0.0	0.0	0.13993438	0.0	0.0	0.012510543
39063	vascular associated smooth muscle cell	89840cec-5734-455d-b68e-34d27650e148	5400	male	influenza	594.0	0.0	0.0	0.19539057	0.0	0.0	0.007564225	0.0	0.0	0.0056222905
39071	vascular associated smooth muscle cell	89840cec-5734-455d-b68e-34d27650e148	5400	male	influenza	472.0	0.0	0.0	0.21517128	0.0	0.0	0.0071150674	0.0	0.0	0.004226165
39173	vascular associated smooth muscle cell	89840cec-5734-455d-b68e-34d27650e148	5400	male	influenza	84.0	0.0	0.0	0.22603585	0.0	0.0	0.18115117	0.0	0.0	0.0073253163
39346	vascular associated smooth muscle cell	89840cec-5734-455d-b68e-34d27650e148	5400	male	influenza	96.0	0.0	0.0	1.2249377	0.0	0.0	0.07736606	0.0	0.0	0.003802431
39462	vascular associated smooth muscle cell	89840cec-5734-455d-b68e-34d27650e148	5400	male	influenza	550.0	0.0	0.0	0.1466653	0.0	0.0	0.032228764	0.0	0.0	0.0033983816
39465	vascular associated smooth muscle cell	89840cec-5734-455d-b68e-34d27650e148	5400	male	influenza	107.0	0.0	0.0	0.76757187	0.0	0.0	0.012190732	0.0	0.0	0.0017888199
39531	vascular associated smooth muscle cell	89840cec-5734-455d-b68e-34d27650e148	5400	male	influenza	758.0	0.0	0.0	0.28529698	0.0	0.0	0.016539218	0.0	0.0	0.0058323164
39534	vascular associated smooth muscle cell	89840cec-5734-455d-b68e-34d27650e148	5400	male	influenza	289.0	0.0	0.0	0.8700465	0.0	0.0	0.12757136	0.0	0.0	0.0009822358
39573	vascular associated smooth muscle cell	89840cec-5734-455d-b68e-34d27650e148	5400	male	influenza	130.0	0.0	0.0	1.0280463	0.0	0.0	0.07911404	0.0	0.0	0.01809858
39614	vascular associated smooth muscle cell	89840cec-5734-455d-b68e-34d27650e148	5400	male	influenza	432.0	0.0	0.0	0.21920109	0.0	0.0	0.01366857	0.0	0.0	0.0045630326
39629	vascular associated smooth muscle cell	89840cec-5734-455d-b68e-34d27650e148	5400	male	influenza	921.0	0.0	0.0	0.20936729	0.0	0.0	0.015502359	0.0	0.0	0.011184981
39666	vascular associated smooth muscle cell	89840cec-5734-455d-b68e-34d27650e148	5400	male	influenza	443.0	0.0	0.0	0.5154904	0.0	0.0	0.052364856	0.0	0.0	0.0042685336
39673	vascular associated smooth muscle cell	89840cec-5734-455d-b68e-34d27650e148	5400	male	influenza	411.0	0.0	0.0	0.4680745	0.0	0.0	0.0250367	0.0	0.0	0.0007685904
39748	vascular associated smooth muscle cell	89840cec-5734-455d-b68e-34d27650e148	5400	male	influenza	549.0	0.0	0.0	0.18450746	0.0	0.0	0.013522277	0.0	0.0	0.0020346828
39796	vascular associated smooth muscle cell	89840cec-5734-455d-b68e-34d27650e148	5400	male	influenza	258.0	0.0	0.0	0.71486187	0.0	0.0	0.048961367	0.0	0.0	0.0072126803
39885	vascular associated smooth muscle cell	89840cec-5734-455d-b68e-34d27650e148	5400	male	influenza	820.0	0.0	0.0	0.15451403	0.0	0.0	0.008422364	0.0	0.0	0.0037481277
39904	vascular associated smooth muscle cell	89840cec-5734-455d-b68e-34d27650e148	5400	male	influenza	594.0	0.0	0.0	0.07993848	0.0	0.0	0.017636364	0.0	0.0	0.0018843525
39905	vascular associated smooth muscle cell	89840cec-5734-455d-b68e-34d27650e148	5400	male	influenza	590.0	0.0	0.0	0.4159164	0.0	0.0	0.019599304	0.0	0.0	0.0054644165
39968	vascular associated smooth muscle cell	89840cec-5734-455d-b68e-34d27650e148	5400	male	influenza	616.0	0.0	0.0	0.33308366	0.0	0.0	0.16596039	0.0	0.0	0.01591628
40005	vascular associated smooth muscle cell	89840cec-5734-455d-b68e-34d27650e148	5400	male	influenza	720.0	0.0	0.0	0.3554123	0.0	0.0	0.013277584	0.0	0.0	0.0026435968
40019	vascular associated smooth muscle cell	89840cec-5734-455d-b68e-34d27650e148	5400	male	influenza	779.0	0.0	0.0	0.67591506	0.0	0.0	0.012821026	0.0	0.0	0.010600522
41780	vascular associated smooth muscle cell	89840cec-5734-455d-b68e-34d27650e148	5457	female	influenza	38.0	0.0	0.0	0.7145514	0.0	0.0	0.03497799	0.0	0.0	0.0021018616
41784	vascular associated smooth muscle cell	89840cec-5734-455d-b68e-34d27650e148	5457	female	influenza	760.0	0.0	0.0	0.13122663	0.0	0.0	0.012541773	0.0	0.0	0.0027608736
41798	vascular associated smooth muscle cell	89840cec-5734-455d-b68e-34d27650e148	5457	female	influenza	534.0	0.0	0.0	0.15213631	0.0	0.0	0.022559378	0.0	0.0	0.0010573013
41825	vascular associated smooth muscle cell	89840cec-5734-455d-b68e-34d27650e148	5457	female	influenza	373.0	0.0	0.0	0.5761836	0.0	0.0	0.03914818	0.0	0.0	0.004192505
41872	vascular associated smooth muscle cell	89840cec-5734-455d-b68e-34d27650e148	5457	female	influenza	290.0	0.0	0.0	0.5670776	0.0	0.0	0.17108606	0.0	0.0	0.007739332
41888	vascular associated smooth muscle cell	89840cec-5734-455d-b68e-34d27650e148	5457	female	influenza	301.0	0.0	0.0	0.3705347	0.0	0.0	0.05759489	0.0	0.0	0.0013663716
41892	vascular associated smooth muscle cell	89840cec-5734-455d-b68e-34d27650e148	5457	female	influenza	1469.0	0.0	0.0	0.9753567	1.0	0.4507625	0.1714296	0.0	0.0	0.01985887
41957	vascular associated smooth muscle cell	89840cec-5734-455d-b68e-34d27650e148	5457	female	influenza	290.0	0.0	0.0	0.17857853	0.0	0.0	0.018972136	0.0	0.0	0.0034761182
42052	vascular associated smooth muscle cell	89840cec-5734-455d-b68e-34d27650e148	5457	female	influenza	677.0	0.0	0.0	0.16711245	0.0	0.0	0.0060750325	0.0	0.0	0.0024991997
42089	vascular associated smooth muscle cell	89840cec-5734-455d-b68e-34d27650e148	5457	female	influenza	704.0	0.0	0.0	0.6438291	0.0	0.0	0.04364778	0.0	0.0	0.0044187945
42152	vascular associated smooth muscle cell	89840cec-5734-455d-b68e-34d27650e148	5457	female	influenza	1300.0	0.0	0.0	0.38963026	0.0	0.0	0.013242787	0.0	0.0	0.010569016
42179	vascular associated smooth muscle cell	89840cec-5734-455d-b68e-34d27650e148	5457	female	influenza	115.0	0.0	0.0	0.47067302	0.0	0.0	0.07052966	0.0	0.0	0.0022206758
42188	vascular associated smooth muscle cell	89840cec-5734-455d-b68e-34d27650e148	5457	female	influenza	134.0	0.0	0.0	0.38644522	0.0	0.0	0.012525224	0.0	0.0	0.0016250033
42359	vascular associated smooth muscle cell	89840cec-5734-455d-b68e-34d27650e148	5457	female	influenza	571.0	0.0	0.0	0.1438826	0.0	0.0	0.009251508	0.0	0.0	0.014579752
42422	vascular associated smooth muscle cell	89840cec-5734-455d-b68e-34d27650e148	5457	female	influenza	526.0	0.0	0.0	0.15304685	0.0	0.0	0.005973622	0.0	0.0	0.0050925724
42456	vascular associated smooth muscle cell	89840cec-5734-455d-b68e-34d27650e148	5457	female	influenza	315.0	0.0	0.0	0.1573023	0.0	0.0	0.035881788	0.0	0.0	0.0032279377
42532	vascular associated smooth muscle cell	89840cec-5734-455d-b68e-34d27650e148	5457	female	influenza	210.0	0.0	0.0	0.5848192	0.0	0.0	0.07044631	0.0	0.0	0.0019627512
42560	vascular associated smooth muscle cell	89840cec-5734-455d-b68e-34d27650e148	5457	female	influenza	546.0	0.0	0.0	0.23280112	0.0	0.0	0.013977789	0.0	0.0	0.0008550729
42604	vascular associated smooth muscle cell	89840cec-5734-455d-b68e-34d27650e148	5457	female	influenza	280.0	0.0	0.0	0.83144295	0.0	0.0	0.043623775	0.0	0.0	0.0046966686
42616	vascular associated smooth muscle cell	89840cec-5734-455d-b68e-34d27650e148	5457	female	influenza	688.0	0.0	0.0	0.14086224	0.0	0.0	0.012190642	0.0	0.0	0.0029372266
42712	vascular associated smooth muscle cell	89840cec-5734-455d-b68e-34d27650e148	5457	female	influenza	664.0	0.0	0.0	0.34811968	0.0	0.0	0.026528658	0.0	0.0	0.004055979
42793	vascular associated smooth muscle cell	89840cec-5734-455d-b68e-34d27650e148	5457	female	influenza	818.0	0.0	0.0	0.17742154	0.0	0.0	0.008108564	0.0	0.0	0.016313657
42814	vascular associated smooth muscle cell	89840cec-5734-455d-b68e-34d27650e148	5457	female	influenza	420.0	0.0	0.0	0.25151923	0.0	0.0	0.053992346	0.0	0.0	0.0026066508
42914	vascular associated smooth muscle cell	89840cec-5734-455d-b68e-34d27650e148	5457	female	influenza	636.0	0.0	0.0	0.19723342	0.0	0.0	0.010848689	0.0	0.0	0.004187646
42947	vascular associated smooth muscle cell	89840cec-5734-455d-b68e-34d27650e148	5457	female	influenza	1320.0	0.0	0.0	0.57827073	0.0	0.0	0.0887349	0.0	0.0	0.0053445823
43038	vascular associated smooth muscle cell	89840cec-5734-455d-b68e-34d27650e148	5457	female	influenza	347.0	0.0	0.0	0.3934897	0.0	0.0	0.04608933	0.0	0.0	0.0025858365
43063	vascular associated smooth muscle cell	89840cec-5734-455d-b68e-34d27650e148	5457	female	influenza	269.0	0.0	0.0	0.27359465	0.0	0.0	0.023822593	0.0	0.0	0.0007506016
43067	vascular associated smooth muscle cell	89840cec-5734-455d-b68e-34d27650e148	5457	female	influenza	546.0	0.0	0.0	0.10609021	0.0	0.0	0.005496878	0.0	0.0	0.0027234033
43107	vascular associated smooth muscle cell	89840cec-5734-455d-b68e-34d27650e148	5457	female	influenza	594.0	0.0	0.0	0.20655704	0.0	0.0	0.03474784	0.0	0.0	0.002363005
43113	vascular associated smooth muscle cell	89840cec-5734-455d-b68e-34d27650e148	5457	female	influenza	866.0	0.0	0.0	0.768259	0.0	0.0	0.024206014	0.0	0.0	0.0021880153
43120	vascular associated smooth muscle cell	89840cec-5734-455d-b68e-34d27650e148	5457	female	influenza	1345.0	0.0	0.0	0.41148958	0.0	0.0	0.02707718	0.0	0.0	0.009924616
43163	vascular associated smooth muscle cell	89840cec-5734-455d-b68e-34d27650e148	5457	female	influenza	484.0	0.0	0.0	0.1816432	0.0	0.0	0.024857895	0.0	0.0	0.0019296058
43260	vascular associated smooth muscle cell	89840cec-5734-455d-b68e-34d27650e148	5457	female	influenza	791.0	0.0	0.0	0.27015635	0.0	0.0	0.0099066235	0.0	0.0	0.0012593068
43316	vascular associated smooth muscle cell	89840cec-5734-455d-b68e-34d27650e148	5457	female	influenza	348.0	0.0	0.0	0.16328381	0.0	0.0	0.008035398	0.0	0.0	0.0036812255
43329	vascular associated smooth muscle cell	89840cec-5734-455d-b68e-34d27650e148	5457	female	influenza	566.0	0.0	0.0	0.864117	0.0	0.0	0.032791246	0.0	0.0	0.0087178
43352	vascular associated smooth muscle cell	89840cec-5734-455d-b68e-34d27650e148	5457	female	influenza	479.0	0.0	0.0	0.24868399	0.0	0.0	0.014370206	0.0	0.0	0.017447306
43365	vascular associated smooth muscle cell	89840cec-5734-455d-b68e-34d27650e148	5457	female	influenza	636.0	0.0	0.0	0.33694583	0.0	0.0	0.009820588	0.0	0.0	0.012111386
43397	vascular associated smooth muscle cell	89840cec-5734-455d-b68e-34d27650e148	5457	female	influenza	422.0	0.0	0.0	0.30083188	0.0	0.0	0.03297028	0.0	0.0	0.0061977417
43402	vascular associated smooth muscle cell	89840cec-5734-455d-b68e-34d27650e148	5457	female	influenza	318.0	0.0	0.0	0.69894505	0.0	0.0	0.045518853	0.0	0.0	0.00998455
43417	vascular associated smooth muscle cell	89840cec-5734-455d-b68e-34d27650e148	5457	female	influenza	595.0	0.0	0.0	0.16285004	0.0	0.0	0.023217553	0.0	0.0	0.0012769479
43523	vascular associated smooth muscle cell	89840cec-5734-455d-b68e-34d27650e148	5457	female	influenza	93.0	0.0	0.0	0.59297645	0.0	0.0	0.03185802	0.0	0.0	0.0014300983
43649	vascular associated smooth muscle cell	89840cec-5734-455d-b68e-34d27650e148	5457	female	influenza	1263.0	0.0	0.0	0.03919168	0.0	0.0	0.0044071986	0.0	0.0	0.0005277595
33673	vascular associated smooth muscle cell	89840cec-5734-455d-b68e-34d27650e148	5514	male	influenza	762.0	0.0	0.0	0.09681084	0.0	0.0	0.004284848	0.0	0.0	0.06661478
33676	vascular associated smooth muscle cell	89840cec-5734-455d-b68e-34d27650e148	5514	male	influenza	164.0	0.0	0.0	0.44432008	0.0	0.0	0.024560397	0.0	0.0	0.001497675
33688	vascular associated smooth muscle cell	89840cec-5734-455d-b68e-34d27650e148	5514	male	influenza	982.0	0.0	0.0	0.7249759	0.0	0.0	0.034683086	0.0	0.0	0.0113666905
33732	vascular associated smooth muscle cell	89840cec-5734-455d-b68e-34d27650e148	5514	male	influenza	148.0	0.0	0.0	0.85617626	0.0	0.0	0.008034813	0.0	0.0	0.019593047
33733	vascular associated smooth muscle cell	89840cec-5734-455d-b68e-34d27650e148	5514	male	influenza	696.0	0.0	0.0	0.60553217	0.0	0.0	0.041383065	0.0	0.0	0.0072724824
33737	vascular associated smooth muscle cell	89840cec-5734-455d-b68e-34d27650e148	5514	male	influenza	1043.0	0.0	0.0	0.1302671	0.0	0.0	0.004711322	0.0	0.0	0.017411139
33768	vascular associated smooth muscle cell	89840cec-5734-455d-b68e-34d27650e148	5514	male	influenza	739.0	0.0	0.0	0.28345373	0.0	0.0	0.028915066	0.0	0.0	0.01127808
33774	vascular associated smooth muscle cell	89840cec-5734-455d-b68e-34d27650e148	5514	male	influenza	1091.0	0.0	0.0	0.7533681	0.0	0.0	0.02806195	0.0	0.0	0.006488639
33783	vascular associated smooth muscle cell	89840cec-5734-455d-b68e-34d27650e148	5514	male	influenza	504.0	0.0	0.0	0.50137466	0.0	0.0	0.01577913	0.0	0.0	0.004536583
33787	vascular associated smooth muscle cell	89840cec-5734-455d-b68e-34d27650e148	5514	male	influenza	902.0	0.0	0.0	0.15864758	0.0	0.0	0.009025303	0.0	0.0	0.0044221347
33816	vascular associated smooth muscle cell	89840cec-5734-455d-b68e-34d27650e148	5514	male	influenza	682.0	0.0	0.0	0.27857035	0.0	0.0	0.021145478	0.0	0.0	0.0062020286
33818	vascular associated smooth muscle cell	89840cec-5734-455d-b68e-34d27650e148	5514	male	influenza	790.0	0.0	0.0	0.32180703	0.0	0.0	0.015152781	0.0	0.0	0.0051664626
33823	vascular associated smooth muscle cell	89840cec-5734-455d-b68e-34d27650e148	5514	male	influenza	773.0	0.0	0.0	0.087675445	0.0	0.0	0.0034038993	0.0	0.0	0.004495904
33832	vascular associated smooth muscle cell	89840cec-5734-455d-b68e-34d27650e148	5514	male	influenza	328.0	0.0	0.0	0.35037625	0.0	0.0	0.031399682	0.0	0.0	0.0034956585
33843	vascular associated smooth muscle cell	89840cec-5734-455d-b68e-34d27650e148	5514	male	influenza	330.0	0.0	0.0	0.38118437	0.0	0.0	0.00862592	0.0	0.0	0.0061903857
33856	vascular associated smooth muscle cell	89840cec-5734-455d-b68e-34d27650e148	5514	male	influenza	157.0	0.0	0.0	0.9030476	0.0	0.0	0.063906	0.0	0.0	0.0041653146
33886	vascular associated smooth muscle cell	89840cec-5734-455d-b68e-34d27650e148	5514	male	influenza	1362.0	0.0	0.0	0.28475532	0.0	0.0	0.008906097	0.0	0.0	0.0035529358
33892	vascular associated smooth muscle cell	89840cec-5734-455d-b68e-34d27650e148	5514	male	influenza	977.0	0.0	0.0	0.8134477	0.0	0.0	0.0028170175	0.0	0.0	0.005424968
33907	vascular associated smooth muscle cell	89840cec-5734-455d-b68e-34d27650e148	5514	male	influenza	793.0	0.0	0.0	0.1065269	0.0	0.0	0.00382755	0.0	0.0	0.019877061
33917	vascular associated smooth muscle cell	89840cec-5734-455d-b68e-34d27650e148	5514	male	influenza	875.0	0.0	0.0	0.13707335	0.0	0.0	0.005629233	0.0	0.0	0.006979043
33931	vascular associated smooth muscle cell	89840cec-5734-455d-b68e-34d27650e148	5514	male	influenza	623.0	0.0	0.0	0.69110036	0.0	0.0	0.028156593	0.0	0.0	0.001109138
33985	vascular associated smooth muscle cell	89840cec-5734-455d-b68e-34d27650e148	5514	male	influenza	1042.0	0.0	0.0	0.26532516	0.0	0.0	0.014664744	0.0	0.0	0.009065045
33991	vascular associated smooth muscle cell	89840cec-5734-455d-b68e-34d27650e148	5514	male	influenza	1229.0	0.0	0.0	0.62848514	0.0	0.0	0.02354952	0.0	0.0	0.0024897046
34033	vascular associated smooth muscle cell	89840cec-5734-455d-b68e-34d27650e148	5514	male	influenza	608.0	0.0	0.0	0.37598258	0.0	0.0	0.03380139	0.0	0.0	0.01736443
34047	vascular associated smooth muscle cell	89840cec-5734-455d-b68e-34d27650e148	5514	male	influenza	182.0	0.0	0.0	0.82003987	0.0	0.0	0.018017026	0.0	0.0	0.09898193
34057	vascular associated smooth muscle cell	89840cec-5734-455d-b68e-34d27650e148	5514	male	influenza	737.0	0.0	0.0	0.20997967	0.0	0.0	0.015420591	0.0	0.0	0.003009433
34064	vascular associated smooth muscle cell	89840cec-5734-455d-b68e-34d27650e148	5514	male	influenza	79.0	0.0	0.0	0.57931024	0.0	0.0	0.058950026	0.0	0.0	0.013708394
34080	vascular associated smooth muscle cell	89840cec-5734-455d-b68e-34d27650e148	5514	male	influenza	680.0	0.0	0.0	0.14458081	0.0	0.0	0.005405878	0.0	0.0	0.014861033
34112	vascular associated smooth muscle cell	89840cec-5734-455d-b68e-34d27650e148	5514	male	influenza	1027.0	0.0	0.0	0.09304143	0.0	0.0	0.0034853562	0.0	0.0	0.017665267
34163	vascular associated smooth muscle cell	89840cec-5734-455d-b68e-34d27650e148	5514	male	influenza	776.0	0.0	0.0	0.24573068	0.0	0.0	0.01589889	0.0	0.0	0.018005949
34194	vascular associated smooth muscle cell	89840cec-5734-455d-b68e-34d27650e148	5514	male	influenza	197.0	0.0	0.0	0.62425107	0.0	0.0	0.012324014	0.0	0.0	0.017073553
34247	vascular associated smooth muscle cell	89840cec-5734-455d-b68e-34d27650e148	5514	male	influenza	373.0	0.0	0.0	0.27146035	0.0	0.0	0.025464544	0.0	0.0	0.022528717
34263	vascular associated smooth muscle cell	89840cec-5734-455d-b68e-34d27650e148	5514	male	influenza	129.0	0.0	0.0	0.33691046	0.0	0.0	0.016399924	0.0	0.0	0.004220504
34283	vascular associated smooth muscle cell	89840cec-5734-455d-b68e-34d27650e148	5514	male	influenza	458.0	0.0	0.0	0.3054811	0.0	0.0	0.013269978	0.0	0.0	0.003679984
34312	vascular associated smooth muscle cell	89840cec-5734-455d-b68e-34d27650e148	5514	male	influenza	80.0	0.0	0.0	0.53035223	0.0	0.0	0.015000156	0.0	0.0	0.013456509
34334	vascular associated smooth muscle cell	89840cec-5734-455d-b68e-34d27650e148	5514	male	influenza	1438.0	0.0	0.0	0.11014626	0.0	0.0	0.004807221	0.0	0.0	0.007040916
34339	vascular associated smooth muscle cell	89840cec-5734-455d-b68e-34d27650e148	5514	male	influenza	672.0	0.0	0.0	0.29388556	0.0	0.0	0.010359918	0.0	0.0	0.0039372034
34349	vascular associated smooth muscle cell	89840cec-5734-455d-b68e-34d27650e148	5514	male	influenza	935.0	0.0	0.0	0.23946193	0.0	0.0	0.003595751	0.0	0.0	0.0026610005
34351	vascular associated smooth muscle cell	89840cec-5734-455d-b68e-34d27650e148	5514	male	influenza	160.0	0.0	0.0	0.594256	0.0	0.0	0.040296424	0.0	0.0	0.004402109
34395	vascular associated smooth muscle cell	89840cec-5734-455d-b68e-34d27650e148	5514	male	influenza	99.0	0.0	0.0	1.0160421	0.0	0.0	0.013062864	0.0	0.0	0.0062359003
34399	vascular associated smooth muscle cell	89840cec-5734-455d-b68e-34d27650e148	5514	male	influenza	812.0	0.0	0.0	0.16846956	0.0	0.0	0.006569547	0.0	0.0	0.007659133
34442	vascular associated smooth muscle cell	89840cec-5734-455d-b68e-34d27650e148	5514	male	influenza	1275.0	0.0	0.0	0.46201402	0.0	0.0	0.008634696	0.0	0.0	0.0074142898
34444	vascular associated smooth muscle cell	89840cec-5734-455d-b68e-34d27650e148	5514	male	influenza	1249.0	0.0	0.0	0.067643404	0.0	0.0	0.0047442564	0.0	0.0	0.008429303
34489	vascular associated smooth muscle cell	89840cec-5734-455d-b68e-34d27650e148	5514	male	influenza	167.0	0.0	0.0	0.4958985	0.0	0.0	0.019414766	0.0	0.0	0.016368866
34520	vascular associated smooth muscle cell	89840cec-5734-455d-b68e-34d27650e148	5514	male	influenza	1123.0	0.0	0.0	0.09868355	0.0	0.0	0.0073659793	0.0	0.0	0.0014223586
34582	vascular associated smooth muscle cell	89840cec-5734-455d-b68e-34d27650e148	5514	male	influenza	847.0	0.0	0.0	0.32694855	0.0	0.0	0.012187185	0.0	0.0	0.0013593358
34605	vascular associated smooth muscle cell	89840cec-5734-455d-b68e-34d27650e148	5514	male	influenza	145.0	0.0	0.0	0.40755665	0.0	0.0	0.042830467	0.0	0.0	0.059273295
34630	vascular associated smooth muscle cell	89840cec-5734-455d-b68e-34d27650e148	5514	male	influenza	799.0	0.0	0.0	0.26451102	0.0	0.0	0.005350432	0.0	0.0	0.0029548847
34647	vascular associated smooth muscle cell	89840cec-5734-455d-b68e-34d27650e148	5514	male	influenza	969.0	0.0	0.0	0.1365033	0.0	0.0	0.011766817	0.0	0.0	0.00682537
34705	vascular associated smooth muscle cell	89840cec-5734-455d-b68e-34d27650e148	5514	male	influenza	640.0	0.0	0.0	0.26703677	0.0	0.0	0.009696694	0.0	0.0	0.0074883765
34725	vascular associated smooth muscle cell	89840cec-5734-455d-b68e-34d27650e148	5514	male	influenza	242.0	0.0	0.0	0.28176105	0.0	0.0	0.0060368953	0.0	0.0	0.018170219
34728	vascular associated smooth muscle cell	89840cec-5734-455d-b68e-34d27650e148	5514	male	influenza	785.0	0.0	0.0	0.1315684	0.0	0.0	0.005834999	0.0	0.0	0.015701963
34748	vascular associated smooth muscle cell	89840cec-5734-455d-b68e-34d27650e148	5514	male	influenza	607.0	0.0	0.0	0.50633055	0.0	0.0	0.018431606	0.0	0.0	0.004027681
34759	vascular associated smooth muscle cell	89840cec-5734-455d-b68e-34d27650e148	5514	male	influenza	1383.0	1.0	0.3908368	0.38080695	0.0	0.0	0.01265022	0.0	0.0	0.0515815
34790	vascular associated smooth muscle cell	89840cec-5734-455d-b68e-34d27650e148	5514	male	influenza	535.0	0.0	0.0	0.13810904	0.0	0.0	0.003420408	0.0	0.0	0.0027123108
34814	vascular associated smooth muscle cell	89840cec-5734-455d-b68e-34d27650e148	5514	male	influenza	727.0	0.0	0.0	0.4390637	0.0	0.0	0.009955823	0.0	0.0	0.0045213676
34824	vascular associated smooth muscle cell	89840cec-5734-455d-b68e-34d27650e148	5514	male	influenza	914.0	0.0	0.0	0.16815631	0.0	0.0	0.007875874	0.0	0.0	0.032526515
34825	vascular associated smooth muscle cell	89840cec-5734-455d-b68e-34d27650e148	5514	male	influenza	683.0	0.0	0.0	0.23073159	0.0	0.0	0.009371826	0.0	0.0	0.0054539656
34832	vascular associated smooth muscle cell	89840cec-5734-455d-b68e-34d27650e148	5514	male	influenza	739.0	0.0	0.0	0.91724074	0.0	0.0	0.040467683	0.0	0.0	0.0033744848
34847	vascular associated smooth muscle cell	89840cec-5734-455d-b68e-34d27650e148	5514	male	influenza	1609.0	0.0	0.0	0.21659309	0.0	0.0	0.009914764	0.0	0.0	0.009428161
34893	vascular associated smooth muscle cell	89840cec-5734-455d-b68e-34d27650e148	5514	male	influenza	557.0	0.0	0.0	0.15575285	0.0	0.0	0.010087111	0.0	0.0	0.008023893
34910	vascular associated smooth muscle cell	89840cec-5734-455d-b68e-34d27650e148	5514	male	influenza	1045.0	0.0	0.0	0.16925077	0.0	0.0	0.01399617	0.0	0.0	0.014665056
34934	vascular associated smooth muscle cell	89840cec-5734-455d-b68e-34d27650e148	5514	male	influenza	235.0	0.0	0.0	0.18093064	0.0	0.0	0.008642387	0.0	0.0	0.030866679
34935	vascular associated smooth muscle cell	89840cec-5734-455d-b68e-34d27650e148	5514	male	influenza	595.0	0.0	0.0	0.3830114	0.0	0.0	0.047630128	0.0	0.0	0.045788374
34983	vascular associated smooth muscle cell	89840cec-5734-455d-b68e-34d27650e148	5514	male	influenza	974.0	0.0	0.0	0.20676273	0.0	0.0	0.025531579	0.0	0.0	0.013320044
34986	vascular associated smooth muscle cell	89840cec-5734-455d-b68e-34d27650e148	5514	male	influenza	89.0	0.0	0.0	0.9000424	0.0	0.0	0.035882425	0.0	0.0	0.009116935
35011	vascular associated smooth muscle cell	89840cec-5734-455d-b68e-34d27650e148	5514	male	influenza	1331.0	0.0	0.0	0.23074345	0.0	0.0	0.0076300874	0.0	0.0	0.0063622915
35103	vascular associated smooth muscle cell	89840cec-5734-455d-b68e-34d27650e148	5514	male	influenza	975.0	0.0	0.0	0.10736467	0.0	0.0	0.004621899	0.0	0.0	0.009884357
35114	vascular associated smooth muscle cell	89840cec-5734-455d-b68e-34d27650e148	5514	male	influenza	78.0	0.0	0.0	0.79386544	0.0	0.0	0.019687643	0.0	0.0	0.04885254
35124	vascular associated smooth muscle cell	89840cec-5734-455d-b68e-34d27650e148	5514	male	influenza	1306.0	0.0	0.0	0.10417827	0.0	0.0	0.004340513	0.0	0.0	0.01377389
35172	vascular associated smooth muscle cell	89840cec-5734-455d-b68e-34d27650e148	5514	male	influenza	982.0	0.0	0.0	0.24097838	0.0	0.0	0.008574436	0.0	0.0	0.0031699443
35216	vascular associated smooth muscle cell	89840cec-5734-455d-b68e-34d27650e148	5514	male	influenza	501.0	0.0	0.0	0.06793855	0.0	0.0	0.0023301519	0.0	0.0	0.0067837085
35219	vascular associated smooth muscle cell	89840cec-5734-455d-b68e-34d27650e148	5514	male	influenza	73.0	0.0	0.0	0.72075206	0.0	0.0	0.046942063	0.0	0.0	0.017037455
35226	vascular associated smooth muscle cell	89840cec-5734-455d-b68e-34d27650e148	5514	male	influenza	128.0	0.0	0.0	0.53436714	0.0	0.0	0.054515198	0.0	0.0	0.006148212
35230	vascular associated smooth muscle cell	89840cec-5734-455d-b68e-34d27650e148	5514	male	influenza	211.0	0.0	0.0	0.22143641	0.0	0.0	0.005700496	0.0	0.0	0.011699771
35239	vascular associated smooth muscle cell	89840cec-5734-455d-b68e-34d27650e148	5514	male	influenza	735.0	0.0	0.0	0.17501429	0.0	0.0	0.01766985	0.0	0.0	0.006909189
35304	vascular associated smooth muscle cell	89840cec-5734-455d-b68e-34d27650e148	5514	male	influenza	680.0	0.0	0.0	0.1050877	0.0	0.0	0.008263628	0.0	0.0	0.0044406215
35324	vascular associated smooth muscle cell	89840cec-5734-455d-b68e-34d27650e148	5514	male	influenza	1073.0	0.0	0.0	0.16316696	0.0	0.0	0.009364702	0.0	0.0	0.023386318
35352	vascular associated smooth muscle cell	89840cec-5734-455d-b68e-34d27650e148	5514	male	influenza	92.0	0.0	0.0	1.0067854	0.0	0.0	0.06634076	0.0	0.0	0.012024711
36807	vascular associated smooth muscle cell	89840cec-5734-455d-b68e-34d27650e148	5515	female	influenza	1346.0	0.0	0.0	0.16181093	0.0	0.0	0.0041236435	0.0	0.0	0.0055517135
36872	vascular associated smooth muscle cell	89840cec-5734-455d-b68e-34d27650e148	5515	female	influenza	148.0	0.0	0.0	0.24257447	0.0	0.0	0.008439405	0.0	0.0	0.002702282
36891	vascular associated smooth muscle cell	89840cec-5734-455d-b68e-34d27650e148	5515	female	influenza	131.0	0.0	0.0	1.2728871	0.0	0.0	0.028529307	0.0	0.0	0.034306902
36906	vascular associated smooth muscle cell	89840cec-5734-455d-b68e-34d27650e148	5515	female	influenza	93.0	0.0	0.0	1.1048384	0.0	0.0	0.0847771	0.0	0.0	0.0073603787
36925	vascular associated smooth muscle cell	89840cec-5734-455d-b68e-34d27650e148	5515	female	influenza	182.0	0.0	0.0	0.31980208	0.0	0.0	0.03341735	0.0	0.0	0.006740933
36939	vascular associated smooth muscle cell	89840cec-5734-455d-b68e-34d27650e148	5515	female	influenza	407.0	0.0	0.0	0.73620456	0.0	0.0	0.011613532	0.0	0.0	0.024119077
36996	vascular associated smooth muscle cell	89840cec-5734-455d-b68e-34d27650e148	5515	female	influenza	936.0	0.0	0.0	0.16186687	0.0	0.0	0.017365761	0.0	0.0	0.008931872
37034	vascular associated smooth muscle cell	89840cec-5734-455d-b68e-34d27650e148	5515	female	influenza	1279.0	0.0	0.0	0.16131978	0.0	0.0	0.005253038	0.0	0.0	0.06564457
37062	vascular associated smooth muscle cell	89840cec-5734-455d-b68e-34d27650e148	5515	female	influenza	234.0	0.0	0.0	0.3221748	0.0	0.0	0.031383332	0.0	0.0	0.019644838
37169	vascular associated smooth muscle cell	89840cec-5734-455d-b68e-34d27650e148	5515	female	influenza	1309.0	0.0	0.0	0.13129672	0.0	0.0	0.0054014013	0.0	0.0	0.025915055
37212	vascular associated smooth muscle cell	89840cec-5734-455d-b68e-34d27650e148	5515	female	influenza	425.0	0.0	0.0	0.32625523	0.0	0.0	0.010208347	0.0	0.0	0.0070452862
37218	vascular associated smooth muscle cell	89840cec-5734-455d-b68e-34d27650e148	5515	female	influenza	702.0	0.0	0.0	0.58656347	0.0	0.0	0.024316842	0.0	0.0	0.03821905
37292	vascular associated smooth muscle cell	89840cec-5734-455d-b68e-34d27650e148	5515	female	influenza	807.0	0.0	0.0	0.10679219	0.0	0.0	0.0059798756	0.0	0.0	0.012395204
37297	vascular associated smooth muscle cell	89840cec-5734-455d-b68e-34d27650e148	5515	female	influenza	639.0	0.0	0.0	0.10770929	0.0	0.0	0.0034736465	0.0	0.0	0.015264924
37331	vascular associated smooth muscle cell	89840cec-5734-455d-b68e-34d27650e148	5515	female	influenza	1291.0	0.0	0.0	0.39424676	0.0	0.0	0.016969629	0.0	0.0	0.002942041
37349	vascular associated smooth muscle cell	89840cec-5734-455d-b68e-34d27650e148	5515	female	influenza	722.0	0.0	0.0	0.11887475	0.0	0.0	0.008488789	0.0	0.0	0.027293047
37409	vascular associated smooth muscle cell	89840cec-5734-455d-b68e-34d27650e148	5515	female	influenza	895.0	0.0	0.0	0.11250018	0.0	0.0	0.012760439	0.0	0.0	0.010667052
37461	vascular associated smooth muscle cell	89840cec-5734-455d-b68e-34d27650e148	5515	female	influenza	977.0	0.0	0.0	0.1447727	0.0	0.0	0.0035170682	0.0	0.0	0.0064596743
37479	vascular associated smooth muscle cell	89840cec-5734-455d-b68e-34d27650e148	5515	female	influenza	592.0	0.0	0.0	0.3481854	0.0	0.0	0.020114763	0.0	0.0	0.0016119655
37522	vascular associated smooth muscle cell	89840cec-5734-455d-b68e-34d27650e148	5515	female	influenza	439.0	0.0	0.0	0.61548686	0.0	0.0	0.008997455	0.0	0.0	0.008886429
37579	vascular associated smooth muscle cell	89840cec-5734-455d-b68e-34d27650e148	5515	female	influenza	226.0	0.0	0.0	0.4364618	0.0	0.0	0.016417608	0.0	0.0	0.01745811
37612	vascular associated smooth muscle cell	89840cec-5734-455d-b68e-34d27650e148	5515	female	influenza	767.0	0.0	0.0	0.29548123	0.0	0.0	0.03278219	0.0	0.0	0.015490295
37613	vascular associated smooth muscle cell	89840cec-5734-455d-b68e-34d27650e148	5515	female	influenza	947.0	0.0	0.0	0.45981705	0.0	0.0	0.036704857	0.0	0.0	0.019149434
37624	vascular associated smooth muscle cell	89840cec-5734-455d-b68e-34d27650e148	5515	female	influenza	631.0	0.0	0.0	0.5221633	0.0	0.0	0.013326768	0.0	0.0	0.004968204
37707	vascular associated smooth muscle cell	89840cec-5734-455d-b68e-34d27650e148	5515	female	influenza	619.0	1.0	0.87643814	0.54547167	0.0	0.0	0.05847005	0.0	0.0	0.023354955
37722	vascular associated smooth muscle cell	89840cec-5734-455d-b68e-34d27650e148	5515	female	influenza	873.0	0.0	0.0	0.19333558	0.0	0.0	0.009888702	0.0	0.0	0.047335815
37734	vascular associated smooth muscle cell	89840cec-5734-455d-b68e-34d27650e148	5515	female	influenza	1097.0	0.0	0.0	0.46780348	0.0	0.0	0.006899605	0.0	0.0	0.00855335
37770	vascular associated smooth muscle cell	89840cec-5734-455d-b68e-34d27650e148	5515	female	influenza	876.0	0.0	0.0	0.24137849	0.0	0.0	0.007884584	0.0	0.0	0.0033517207
37807	vascular associated smooth muscle cell	89840cec-5734-455d-b68e-34d27650e148	5515	female	influenza	1069.0	0.0	0.0	0.21618351	0.0	0.0	0.004895872	0.0	0.0	0.014689164
37825	vascular associated smooth muscle cell	89840cec-5734-455d-b68e-34d27650e148	5515	female	influenza	699.0	0.0	0.0	0.8790382	0.0	0.0	0.024142414	0.0	0.0	0.015137768
37860	vascular associated smooth muscle cell	89840cec-5734-455d-b68e-34d27650e148	5515	female	influenza	1479.0	0.0	0.0	0.12088569	0.0	0.0	0.014091238	0.0	0.0	0.0077068126
37879	vascular associated smooth muscle cell	89840cec-5734-455d-b68e-34d27650e148	5515	female	influenza	659.0	0.0	0.0	0.47163606	0.0	0.0	0.029798508	0.0	0.0	0.008533634
37889	vascular associated smooth muscle cell	89840cec-5734-455d-b68e-34d27650e148	5515	female	influenza	544.0	0.0	0.0	0.8523602	0.0	0.0	0.036540247	0.0	0.0	0.003747961
37997	vascular associated smooth muscle cell	89840cec-5734-455d-b68e-34d27650e148	5515	female	influenza	798.0	0.0	0.0	0.27921665	0.0	0.0	0.010358875	0.0	0.0	0.004676285
38007	vascular associated smooth muscle cell	89840cec-5734-455d-b68e-34d27650e148	5515	female	influenza	271.0	0.0	0.0	0.5280013	0.0	0.0	0.017972723	0.0	0.0	0.018354407
38017	vascular associated smooth muscle cell	89840cec-5734-455d-b68e-34d27650e148	5515	female	influenza	872.0	0.0	0.0	0.12323797	0.0	0.0	0.0053068516	0.0	0.0	0.0032036288
38108	vascular associated smooth muscle cell	89840cec-5734-455d-b68e-34d27650e148	5515	female	influenza	251.0	0.0	0.0	0.23373134	0.0	0.0	0.015100179	0.0	0.0	0.002478164
38141	vascular associated smooth muscle cell	89840cec-5734-455d-b68e-34d27650e148	5515	female	influenza	863.0	0.0	0.0	0.17900696	0.0	0.0	0.0070107854	0.0	0.0	0.003273104
38161	vascular associated smooth muscle cell	89840cec-5734-455d-b68e-34d27650e148	5515	female	influenza	563.0	0.0	0.0	0.30946642	0.0	0.0	0.020079182	0.0	0.0	0.0018250258
38170	vascular associated smooth muscle cell	89840cec-5734-455d-b68e-34d27650e148	5515	female	influenza	213.0	0.0	0.0	0.47551316	0.0	0.0	0.03862591	0.0	0.0	0.005046912
38178	vascular associated smooth muscle cell	89840cec-5734-455d-b68e-34d27650e148	5515	female	influenza	253.0	0.0	0.0	0.35139373	0.0	0.0	0.03455882	0.0	0.0	0.0060147364
38193	vascular associated smooth muscle cell	89840cec-5734-455d-b68e-34d27650e148	5515	female	influenza	745.0	0.0	0.0	0.17248876	0.0	0.0	0.031457134	0.0	0.0	0.017415933
38197	vascular associated smooth muscle cell	89840cec-5734-455d-b68e-34d27650e148	5515	female	influenza	1523.0	0.0	0.0	0.08813379	0.0	0.0	0.006853878	0.0	0.0	0.00891674
38201	vascular associated smooth muscle cell	89840cec-5734-455d-b68e-34d27650e148	5515	female	influenza	1147.0	0.0	0.0	0.16533749	0.0	0.0	0.009877012	0.0	0.0	0.012237031
35373	vascular associated smooth muscle cell	89840cec-5734-455d-b68e-34d27650e148	5516	female	influenza	1588.0	0.0	0.0	0.09003512	0.0	0.0	0.03367309	0.0	0.0	0.020765418
35375	vascular associated smooth muscle cell	89840cec-5734-455d-b68e-34d27650e148	5516	female	influenza	564.0	0.0	0.0	0.65121245	0.0	0.0	0.030261092	0.0	0.0	0.002195308
35395	vascular associated smooth muscle cell	89840cec-5734-455d-b68e-34d27650e148	5516	female	influenza	260.0	0.0	0.0	0.43052542	0.0	0.0	0.0062709786	0.0	0.0	0.010797436
35421	vascular associated smooth muscle cell	89840cec-5734-455d-b68e-34d27650e148	5516	female	influenza	439.0	0.0	0.0	0.3564153	0.0	0.0	0.011363443	0.0	0.0	0.004435291
35428	vascular associated smooth muscle cell	89840cec-5734-455d-b68e-34d27650e148	5516	female	influenza	1163.0	1.0	0.7116472	0.15516347	0.0	0.0	0.009340304	0.0	0.0	0.017975722
35441	vascular associated smooth muscle cell	89840cec-5734-455d-b68e-34d27650e148	5516	female	influenza	879.0	0.0	0.0	0.21096939	0.0	0.0	0.010201694	0.0	0.0	0.0063597695
35453	vascular associated smooth muscle cell	89840cec-5734-455d-b68e-34d27650e148	5516	female	influenza	1366.0	0.0	0.0	0.2831368	0.0	0.0	0.010886343	0.0	0.0	0.0038078297
35465	vascular associated smooth muscle cell	89840cec-5734-455d-b68e-34d27650e148	5516	female	influenza	1563.0	0.0	0.0	0.11357026	0.0	0.0	0.007542628	0.0	0.0	0.006282242
35471	vascular associated smooth muscle cell	89840cec-5734-455d-b68e-34d27650e148	5516	female	influenza	1266.0	0.0	0.0	0.392214	0.0	0.0	0.014045163	0.0	0.0	0.0043533957
35494	vascular associated smooth muscle cell	89840cec-5734-455d-b68e-34d27650e148	5516	female	influenza	381.0	0.0	0.0	0.43769443	0.0	0.0	0.023605024	0.0	0.0	0.0054471986
35504	vascular associated smooth muscle cell	89840cec-5734-455d-b68e-34d27650e148	5516	female	influenza	1038.0	0.0	0.0	0.26113227	0.0	0.0	0.014412627	0.0	0.0	0.0101975575
35520	vascular associated smooth muscle cell	89840cec-5734-455d-b68e-34d27650e148	5516	female	influenza	532.0	0.0	0.0	0.5308139	0.0	0.0	0.009318102	0.0	0.0	0.00535384
35522	vascular associated smooth muscle cell	89840cec-5734-455d-b68e-34d27650e148	5516	female	influenza	492.0	0.0	0.0	0.6790568	0.0	0.0	0.02476041	0.0	0.0	0.0026771822
35578	vascular associated smooth muscle cell	89840cec-5734-455d-b68e-34d27650e148	5516	female	influenza	447.0	0.0	0.0	0.1668638	0.0	0.0	0.0101582045	0.0	0.0	0.01384599
35581	vascular associated smooth muscle cell	89840cec-5734-455d-b68e-34d27650e148	5516	female	influenza	645.0	0.0	0.0	0.19331495	0.0	0.0	0.004421479	0.0	0.0	0.028294392
35623	vascular associated smooth muscle cell	89840cec-5734-455d-b68e-34d27650e148	5516	female	influenza	629.0	0.0	0.0	0.26194948	0.0	0.0	0.017564537	0.0	0.0	0.0011093019
35629	vascular associated smooth muscle cell	89840cec-5734-455d-b68e-34d27650e148	5516	female	influenza	1172.0	0.0	0.0	0.38051325	0.0	0.0	0.012679363	0.0	0.0	0.008427185
35631	vascular associated smooth muscle cell	89840cec-5734-455d-b68e-34d27650e148	5516	female	influenza	976.0	0.0	0.0	0.07580425	0.0	0.0	0.006692051	0.0	0.0	0.021973569
35640	vascular associated smooth muscle cell	89840cec-5734-455d-b68e-34d27650e148	5516	female	influenza	804.0	0.0	0.0	0.26548046	0.0	0.0	0.013331877	0.0	0.0	0.009950779
35674	vascular associated smooth muscle cell	89840cec-5734-455d-b68e-34d27650e148	5516	female	influenza	1071.0	0.0	0.0	0.21214192	0.0	0.0	0.0046028974	0.0	0.0	0.0065316744
35677	vascular associated smooth muscle cell	89840cec-5734-455d-b68e-34d27650e148	5516	female	influenza	1382.0	0.0	0.0	0.17467555	0.0	0.0	0.0051707434	0.0	0.0	0.0040025823
35680	vascular associated smooth muscle cell	89840cec-5734-455d-b68e-34d27650e148	5516	female	influenza	865.0	0.0	0.0	0.28826907	0.0	0.0	0.009784204	0.0	0.0	0.013114563
35701	vascular associated smooth muscle cell	89840cec-5734-455d-b68e-34d27650e148	5516	female	influenza	1267.0	0.0	0.0	0.16563737	0.0	0.0	0.0068705925	0.0	0.0	0.0026506216
35713	vascular associated smooth muscle cell	89840cec-5734-455d-b68e-34d27650e148	5516	female	influenza	1384.0	0.0	0.0	0.2486322	0.0	0.0	0.024221303	0.0	0.0	0.004056161
35724	vascular associated smooth muscle cell	89840cec-5734-455d-b68e-34d27650e148	5516	female	influenza	1085.0	0.0	0.0	0.08988655	0.0	0.0	0.0036955948	0.0	0.0	0.010572084
35732	vascular associated smooth muscle cell	89840cec-5734-455d-b68e-34d27650e148	5516	female	influenza	772.0	0.0	0.0	0.53038514	0.0	0.0	0.01160609	0.0	0.0	0.011170475
35802	vascular associated smooth muscle cell	89840cec-5734-455d-b68e-34d27650e148	5516	female	influenza	361.0	0.0	0.0	0.49597833	0.0	0.0	0.020750618	0.0	0.0	0.010603191
35814	vascular associated smooth muscle cell	89840cec-5734-455d-b68e-34d27650e148	5516	female	influenza	831.0	0.0	0.0	0.14810199	0.0	0.0	0.0050925533	0.0	0.0	0.006391213
35819	vascular associated smooth muscle cell	89840cec-5734-455d-b68e-34d27650e148	5516	female	influenza	876.0	0.0	0.0	0.5913203	0.0	0.0	0.031575024	0.0	0.0	0.028482905
35824	vascular associated smooth muscle cell	89840cec-5734-455d-b68e-34d27650e148	5516	female	influenza	1126.0	0.0	0.0	0.08576955	0.0	0.0	0.00199309	0.0	0.0	0.011715312
35834	vascular associated smooth muscle cell	89840cec-5734-455d-b68e-34d27650e148	5516	female	influenza	414.0	0.0	0.0	0.42638367	0.0	0.0	0.01302287	0.0	0.0	0.002392631
35854	vascular associated smooth muscle cell	89840cec-5734-455d-b68e-34d27650e148	5516	female	influenza	938.0	0.0	0.0	0.118303254	0.0	0.0	0.004348773	0.0	0.0	0.007843804
35873	vascular associated smooth muscle cell	89840cec-5734-455d-b68e-34d27650e148	5516	female	influenza	1205.0	0.0	0.0	0.3431606	0.0	0.0	0.06036198	0.0	0.0	0.0225813
35877	vascular associated smooth muscle cell	89840cec-5734-455d-b68e-34d27650e148	5516	female	influenza	1245.0	0.0	0.0	0.19438322	0.0	0.0	0.014265803	0.0	0.0	0.0039143413
35878	vascular associated smooth muscle cell	89840cec-5734-455d-b68e-34d27650e148	5516	female	influenza	648.0	0.0	0.0	0.41947404	0.0	0.0	0.01575408	0.0	0.0	0.003051126
35909	vascular associated smooth muscle cell	89840cec-5734-455d-b68e-34d27650e148	5516	female	influenza	331.0	0.0	0.0	0.87453246	0.0	0.0	0.03938094	0.0	0.0	0.0073162084
35911	vascular associated smooth muscle cell	89840cec-5734-455d-b68e-34d27650e148	5516	female	influenza	515.0	0.0	0.0	0.1525844	0.0	0.0	0.006368258	0.0	0.0	0.02477816
35934	vascular associated smooth muscle cell	89840cec-5734-455d-b68e-34d27650e148	5516	female	influenza	1064.0	0.0	0.0	0.1618831	0.0	0.0	0.0061875735	0.0	0.0	0.0037823883
35937	vascular associated smooth muscle cell	89840cec-5734-455d-b68e-34d27650e148	5516	female	influenza	949.0	0.0	0.0	0.32928443	0.0	0.0	0.02879644	0.0	0.0	0.0046584676
35940	vascular associated smooth muscle cell	89840cec-5734-455d-b68e-34d27650e148	5516	female	influenza	1878.0	0.0	0.0	0.33060363	0.0	0.0	0.02940908	0.0	0.0	0.0032849195
35974	vascular associated smooth muscle cell	89840cec-5734-455d-b68e-34d27650e148	5516	female	influenza	799.0	0.0	0.0	0.44396162	0.0	0.0	0.035027843	0.0	0.0	0.0014977393
35994	vascular associated smooth muscle cell	89840cec-5734-455d-b68e-34d27650e148	5516	female	influenza	1020.0	0.0	0.0	0.3732203	0.0	0.0	0.012947709	0.0	0.0	0.0052704876
36034	vascular associated smooth muscle cell	89840cec-5734-455d-b68e-34d27650e148	5516	female	influenza	154.0	0.0	0.0	0.75024635	0.0	0.0	0.022925688	0.0	0.0	0.0077942247
36052	vascular associated smooth muscle cell	89840cec-5734-455d-b68e-34d27650e148	5516	female	influenza	96.0	0.0	0.0	0.53880644	0.0	0.0	0.018628974	0.0	0.0	0.018478418
36087	vascular associated smooth muscle cell	89840cec-5734-455d-b68e-34d27650e148	5516	female	influenza	2306.0	0.0	0.0	0.15743475	0.0	0.0	0.0076839174	0.0	0.0	0.022098478
36097	vascular associated smooth muscle cell	89840cec-5734-455d-b68e-34d27650e148	5516	female	influenza	1863.0	0.0	0.0	0.19395344	0.0	0.0	0.005445937	0.0	0.0	0.009460812
36105	vascular associated smooth muscle cell	89840cec-5734-455d-b68e-34d27650e148	5516	female	influenza	1174.0	0.0	0.0	0.1913381	0.0	0.0	0.005453065	0.0	0.0	0.016165659
36136	vascular associated smooth muscle cell	89840cec-5734-455d-b68e-34d27650e148	5516	female	influenza	198.0	0.0	0.0	0.45573115	0.0	0.0	0.01625368	0.0	0.0	0.0007700044
36144	vascular associated smooth muscle cell	89840cec-5734-455d-b68e-34d27650e148	5516	female	influenza	481.0	0.0	0.0	0.33990508	0.0	0.0	0.011721837	0.0	0.0	0.0035191916
36145	vascular associated smooth muscle cell	89840cec-5734-455d-b68e-34d27650e148	5516	female	influenza	758.0	0.0	0.0	0.18543722	0.0	0.0	0.0035752086	0.0	0.0	0.0064304606
36187	vascular associated smooth muscle cell	89840cec-5734-455d-b68e-34d27650e148	5516	female	influenza	645.0	0.0	0.0	0.34780207	0.0	0.0	0.02675948	0.0	0.0	0.014128833
36232	vascular associated smooth muscle cell	89840cec-5734-455d-b68e-34d27650e148	5516	female	influenza	703.0	0.0	0.0	0.17126851	0.0	0.0	0.0068325168	0.0	0.0	0.02711416
36238	vascular associated smooth muscle cell	89840cec-5734-455d-b68e-34d27650e148	5516	female	influenza	1175.0	0.0	0.0	0.13623694	0.0	0.0	0.011370239	0.0	0.0	0.0018138726
36244	vascular associated smooth muscle cell	89840cec-5734-455d-b68e-34d27650e148	5516	female	influenza	597.0	0.0	0.0	0.59494656	0.0	0.0	0.0076852744	0.0	0.0	0.012945311
36257	vascular associated smooth muscle cell	89840cec-5734-455d-b68e-34d27650e148	5516	female	influenza	497.0	0.0	0.0	0.38536656	0.0	0.0	0.015748922	0.0	0.0	0.0015083918
36261	vascular associated smooth muscle cell	89840cec-5734-455d-b68e-34d27650e148	5516	female	influenza	293.0	0.0	0.0	0.2809127	0.0	0.0	0.018147215	0.0	0.0	0.0025640135
36262	vascular associated smooth muscle cell	89840cec-5734-455d-b68e-34d27650e148	5516	female	influenza	647.0	0.0	0.0	0.43621773	0.0	0.0	0.028731037	0.0	0.0	0.0019465422
36277	vascular associated smooth muscle cell	89840cec-5734-455d-b68e-34d27650e148	5516	female	influenza	518.0	0.0	0.0	0.24287751	0.0	0.0	0.009438587	0.0	0.0	0.007570128
36279	vascular associated smooth muscle cell	89840cec-5734-455d-b68e-34d27650e148	5516	female	influenza	867.0	0.0	0.0	0.21161345	0.0	0.0	0.0044352286	0.0	0.0	0.0136896325
36284	vascular associated smooth muscle cell	89840cec-5734-455d-b68e-34d27650e148	5516	female	influenza	838.0	0.0	0.0	0.23441963	0.0	0.0	0.016548507	0.0	0.0	0.015144273
36328	vascular associated smooth muscle cell	89840cec-5734-455d-b68e-34d27650e148	5516	female	influenza	1165.0	0.0	0.0	0.0999689	0.0	0.0	0.004659841	0.0	0.0	0.024507036
36333	vascular associated smooth muscle cell	89840cec-5734-455d-b68e-34d27650e148	5516	female	influenza	850.0	0.0	0.0	0.30960518	0.0	0.0	0.0068523725	0.0	0.0	0.007703816
36337	vascular associated smooth muscle cell	89840cec-5734-455d-b68e-34d27650e148	5516	female	influenza	760.0	0.0	0.0	0.22845115	0.0	0.0	0.010954135	0.0	0.0	0.00797385
36362	vascular associated smooth muscle cell	89840cec-5734-455d-b68e-34d27650e148	5516	female	influenza	1300.0	0.0	0.0	0.40308255	0.0	0.0	0.0077654375	0.0	0.0	0.0145982355
36428	vascular associated smooth muscle cell	89840cec-5734-455d-b68e-34d27650e148	5516	female	influenza	782.0	0.0	0.0	0.22011696	0.0	0.0	0.041635532	0.0	0.0	0.015881948
36444	vascular associated smooth muscle cell	89840cec-5734-455d-b68e-34d27650e148	5516	female	influenza	1633.0	0.0	0.0	0.17877738	0.0	0.0	0.0055080117	0.0	0.0	0.0008085354
36457	vascular associated smooth muscle cell	89840cec-5734-455d-b68e-34d27650e148	5516	female	influenza	671.0	0.0	0.0	0.7334457	0.0	0.0	0.032594886	0.0	0.0	0.0042036045
36459	vascular associated smooth muscle cell	89840cec-5734-455d-b68e-34d27650e148	5516	female	influenza	535.0	0.0	0.0	0.2029565	0.0	0.0	0.009257433	0.0	0.0	0.007830449
36475	vascular associated smooth muscle cell	89840cec-5734-455d-b68e-34d27650e148	5516	female	influenza	1179.0	0.0	0.0	0.23129688	0.0	0.0	0.009565611	0.0	0.0	0.012512859
36484	vascular associated smooth muscle cell	89840cec-5734-455d-b68e-34d27650e148	5516	female	influenza	911.0	0.0	0.0	0.4806908	0.0	0.0	0.03354648	0.0	0.0	0.012790874
36509	vascular associated smooth muscle cell	89840cec-5734-455d-b68e-34d27650e148	5516	female	influenza	1018.0	0.0	0.0	0.094024844	0.0	0.0	0.004220235	0.0	0.0	0.034331635
36511	vascular associated smooth muscle cell	89840cec-5734-455d-b68e-34d27650e148	5516	female	influenza	1059.0	0.0	0.0	0.3389126	0.0	0.0	0.010801508	0.0	0.0	0.01142132
36538	vascular associated smooth muscle cell	89840cec-5734-455d-b68e-34d27650e148	5516	female	influenza	633.0	0.0	0.0	0.19503619	0.0	0.0	0.010942072	0.0	0.0	0.010092612
36541	vascular associated smooth muscle cell	89840cec-5734-455d-b68e-34d27650e148	5516	female	influenza	796.0	0.0	0.0	0.23772122	0.0	0.0	0.005025748	0.0	0.0	0.016047617
36554	vascular associated smooth muscle cell	89840cec-5734-455d-b68e-34d27650e148	5516	female	influenza	786.0	0.0	0.0	0.26093096	0.0	0.0	0.009647034	0.0	0.0	0.0031271104
36565	vascular associated smooth muscle cell	89840cec-5734-455d-b68e-34d27650e148	5516	female	influenza	975.0	0.0	0.0	0.538114	0.0	0.0	0.020559032	0.0	0.0	0.0018818695
36594	vascular associated smooth muscle cell	89840cec-5734-455d-b68e-34d27650e148	5516	female	influenza	1433.0	0.0	0.0	0.11411569	0.0	0.0	0.0074569886	0.0	0.0	0.0039659934
36605	vascular associated smooth muscle cell	89840cec-5734-455d-b68e-34d27650e148	5516	female	influenza	1221.0	0.0	0.0	0.19542159	0.0	0.0	0.005041774	0.0	0.0	0.039875284
36606	vascular associated smooth muscle cell	89840cec-5734-455d-b68e-34d27650e148	5516	female	influenza	1629.0	0.0	0.0	0.26488578	0.0	0.0	0.029181214	0.0	0.0	0.024472777
36608	vascular associated smooth muscle cell	89840cec-5734-455d-b68e-34d27650e148	5516	female	influenza	867.0	0.0	0.0	0.2672067	0.0	0.0	0.029791897	0.0	0.0	0.01683796
36612	vascular associated smooth muscle cell	89840cec-5734-455d-b68e-34d27650e148	5516	female	influenza	747.0	0.0	0.0	0.971618	0.0	0.0	0.039211016	0.0	0.0	0.0537077
36623	vascular associated smooth muscle cell	89840cec-5734-455d-b68e-34d27650e148	5516	female	influenza	922.0	0.0	0.0	0.45238733	0.0	0.0	0.045009516	0.0	0.0	0.035598706
36643	vascular associated smooth muscle cell	89840cec-5734-455d-b68e-34d27650e148	5516	female	influenza	602.0	0.0	0.0	0.29455814	0.0	0.0	0.009000021	0.0	0.0	0.0014369737
36690	vascular associated smooth muscle cell	89840cec-5734-455d-b68e-34d27650e148	5516	female	influenza	693.0	0.0	0.0	0.1605297	0.0	0.0	0.016244315	0.0	0.0	0.0055526197
36699	vascular associated smooth muscle cell	89840cec-5734-455d-b68e-34d27650e148	5516	female	influenza	200.0	0.0	0.0	0.097350806	0.0	0.0	0.012804821	0.0	0.0	0.0025359185
36702	vascular associated smooth muscle cell	89840cec-5734-455d-b68e-34d27650e148	5516	female	influenza	1312.0	0.0	0.0	0.10330525	0.0	0.0	0.0066717877	0.0	0.0	0.0034315796
36736	vascular associated smooth muscle cell	89840cec-5734-455d-b68e-34d27650e148	5516	female	influenza	1200.0	0.0	0.0	0.38543358	0.0	0.0	0.008393862	0.0	0.0	0.0042493264
36755	vascular associated smooth muscle cell	89840cec-5734-455d-b68e-34d27650e148	5516	female	influenza	1717.0	0.0	0.0	0.29663894	0.0	0.0	0.011869514	0.0	0.0	0.008563281
36785	vascular associated smooth muscle cell	89840cec-5734-455d-b68e-34d27650e148	5516	female	influenza	527.0	0.0	0.0	0.572632	0.0	0.0	0.017605966	0.0	0.0	0.0007935406
43708	vascular associated smooth muscle cell	89840cec-5734-455d-b68e-34d27650e148	5565	male	influenza	535.0	0.0	0.0	0.1918561	0.0	0.0	0.012270562	0.0	0.0	0.00995878
43735	vascular associated smooth muscle cell	89840cec-5734-455d-b68e-34d27650e148	5565	male	influenza	558.0	0.0	0.0	0.12486949	0.0	0.0	0.0072760344	0.0	0.0	0.0019801038
43815	vascular associated smooth muscle cell	89840cec-5734-455d-b68e-34d27650e148	5565	male	influenza	1324.0	0.0	0.0	0.13419	0.0	0.0	0.0103933625	0.0	0.0	0.002470478
43849	vascular associated smooth muscle cell	89840cec-5734-455d-b68e-34d27650e148	5565	male	influenza	446.0	0.0	0.0	0.16514868	0.0	0.0	0.024584204	0.0	0.0	0.021858506
43870	vascular associated smooth muscle cell	89840cec-5734-455d-b68e-34d27650e148	5565	male	influenza	385.0	0.0	0.0	0.33618367	0.0	0.0	0.007379468	0.0	0.0	0.004465735
43940	vascular associated smooth muscle cell	89840cec-5734-455d-b68e-34d27650e148	5565	male	influenza	348.0	0.0	0.0	0.60905033	0.0	0.0	0.033603385	0.0	0.0	0.0011446532
43970	vascular associated smooth muscle cell	89840cec-5734-455d-b68e-34d27650e148	5565	male	influenza	716.0	0.0	0.0	0.15945853	0.0	0.0	0.008042143	0.0	0.0	0.010174825
44038	vascular associated smooth muscle cell	89840cec-5734-455d-b68e-34d27650e148	5565	male	influenza	635.0	0.0	0.0	0.8635029	0.0	0.0	0.030628027	0.0	0.0	0.0021394524
44066	vascular associated smooth muscle cell	89840cec-5734-455d-b68e-34d27650e148	5565	male	influenza	711.0	0.0	0.0	0.39205065	0.0	0.0	0.013937634	0.0	0.0	0.0032883903
44071	vascular associated smooth muscle cell	89840cec-5734-455d-b68e-34d27650e148	5565	male	influenza	569.0	0.0	0.0	0.40381256	0.0	0.0	0.0124724135	0.0	0.0	0.002196002
44086	vascular associated smooth muscle cell	89840cec-5734-455d-b68e-34d27650e148	5565	male	influenza	1086.0	0.0	0.0	0.076093815	0.0	0.0	0.0030371998	0.0	0.0	0.0014257462
44135	vascular associated smooth muscle cell	89840cec-5734-455d-b68e-34d27650e148	5565	male	influenza	997.0	0.0	0.0	0.09956047	0.0	0.0	0.006617767	0.0	0.0	0.015617863
44162	vascular associated smooth muscle cell	89840cec-5734-455d-b68e-34d27650e148	5565	male	influenza	1079.0	0.0	0.0	0.3187924	0.0	0.0	0.15771794	0.0	0.0	0.025672063
44179	vascular associated smooth muscle cell	89840cec-5734-455d-b68e-34d27650e148	5565	male	influenza	1038.0	0.0	0.0	0.108519584	0.0	0.0	0.007919842	0.0	0.0	0.00410991
44192	vascular associated smooth muscle cell	89840cec-5734-455d-b68e-34d27650e148	5565	male	influenza	109.0	0.0	0.0	1.3363014	0.0	0.0	0.013168654	0.0	0.0	0.001818269
44195	vascular associated smooth muscle cell	89840cec-5734-455d-b68e-34d27650e148	5565	male	influenza	685.0	0.0	0.0	0.14079839	0.0	0.0	0.010729778	0.0	0.0	0.0006630549
44273	vascular associated smooth muscle cell	89840cec-5734-455d-b68e-34d27650e148	5565	male	influenza	752.0	0.0	0.0	0.14925958	0.0	0.0	0.008005244	0.0	0.0	0.004443928
44325	vascular associated smooth muscle cell	89840cec-5734-455d-b68e-34d27650e148	5565	male	influenza	992.0	0.0	0.0	0.26104745	0.0	0.0	0.0062526297	0.0	0.0	0.0041365786
44329	vascular associated smooth muscle cell	89840cec-5734-455d-b68e-34d27650e148	5565	male	influenza	728.0	0.0	0.0	0.045297816	0.0	0.0	0.0029405917	0.0	0.0	0.0041481704
44338	vascular associated smooth muscle cell	89840cec-5734-455d-b68e-34d27650e148	5565	male	influenza	494.0	0.0	0.0	0.057216424	0.0	0.0	0.0038952762	0.0	0.0	0.0005992432
44341	vascular associated smooth muscle cell	89840cec-5734-455d-b68e-34d27650e148	5565	male	influenza	298.0	0.0	0.0	0.5124663	0.0	0.0	0.0228245	0.0	0.0	0.00091141276
44357	vascular associated smooth muscle cell	89840cec-5734-455d-b68e-34d27650e148	5565	male	influenza	768.0	0.0	0.0	0.23919985	0.0	0.0	0.015132368	0.0	0.0	0.0021892367
44400	vascular associated smooth muscle cell	89840cec-5734-455d-b68e-34d27650e148	5565	male	influenza	316.0	0.0	0.0	0.23573545	0.0	0.0	0.022644307	0.0	0.0	0.008223585
44407	vascular associated smooth muscle cell	89840cec-5734-455d-b68e-34d27650e148	5565	male	influenza	631.0	0.0	0.0	0.24510272	0.0	0.0	0.022402914	0.0	0.0	0.006772796
44414	vascular associated smooth muscle cell	89840cec-5734-455d-b68e-34d27650e148	5565	male	influenza	804.0	0.0	0.0	0.120812714	0.0	0.0	0.006803871	0.0	0.0	0.0100108525
44434	vascular associated smooth muscle cell	89840cec-5734-455d-b68e-34d27650e148	5565	male	influenza	866.0	0.0	0.0	0.29381752	0.0	0.0	0.015029887	0.0	0.0	0.025722317
44455	vascular associated smooth muscle cell	89840cec-5734-455d-b68e-34d27650e148	5565	male	influenza	682.0	0.0	0.0	0.31696463	0.0	0.0	0.022457724	0.0	0.0	0.021544216
44475	vascular associated smooth muscle cell	89840cec-5734-455d-b68e-34d27650e148	5565	male	influenza	1857.0	0.0	0.0	0.30102897	0.0	0.0	0.21938625	0.0	0.0	0.02260091
44524	vascular associated smooth muscle cell	89840cec-5734-455d-b68e-34d27650e148	5565	male	influenza	847.0	0.0	0.0	0.13441667	0.0	0.0	0.006387729	0.0	0.0	0.02006241
44550	vascular associated smooth muscle cell	89840cec-5734-455d-b68e-34d27650e148	5565	male	influenza	974.0	0.0	0.0	0.28560397	0.0	0.0	0.014462252	0.0	0.0	0.0043754526
44599	vascular associated smooth muscle cell	89840cec-5734-455d-b68e-34d27650e148	5565	male	influenza	287.0	0.0	0.0	0.18929155	0.0	0.0	0.025860947	0.0	0.0	0.0019419078
44609	vascular associated smooth muscle cell	89840cec-5734-455d-b68e-34d27650e148	5565	male	influenza	503.0	0.0	0.0	0.8033335	0.0	0.0	0.03379012	0.0	0.0	0.015024744
44631	vascular associated smooth muscle cell	89840cec-5734-455d-b68e-34d27650e148	5565	male	influenza	1345.0	0.0	0.0	0.27058792	0.0	0.0	0.0042167315	0.0	0.0	0.0024413422
44633	vascular associated smooth muscle cell	89840cec-5734-455d-b68e-34d27650e148	5565	male	influenza	599.0	0.0	0.0	0.13680917	0.0	0.0	0.0066183647	0.0	0.0	0.011590111
44656	vascular associated smooth muscle cell	89840cec-5734-455d-b68e-34d27650e148	5565	male	influenza	978.0	0.0	0.0	0.23525386	0.0	0.0	0.17513064	0.0	0.0	0.0240817
44677	vascular associated smooth muscle cell	89840cec-5734-455d-b68e-34d27650e148	5565	male	influenza	1089.0	0.0	0.0	0.26011002	0.0	0.0	0.014899477	0.0	0.0	0.009731734
44686	vascular associated smooth muscle cell	89840cec-5734-455d-b68e-34d27650e148	5565	male	influenza	650.0	0.0	0.0	0.1861221	0.0	0.0	0.007634097	0.0	0.0	0.012543702
44691	vascular associated smooth muscle cell	89840cec-5734-455d-b68e-34d27650e148	5565	male	influenza	550.0	0.0	0.0	0.45317066	0.0	0.0	0.012281899	0.0	0.0	0.003821012
44762	vascular associated smooth muscle cell	89840cec-5734-455d-b68e-34d27650e148	5565	male	influenza	1537.0	0.0	0.0	0.12145873	0.0	0.0	0.00964279	0.0	0.0	0.0028497786
44774	vascular associated smooth muscle cell	89840cec-5734-455d-b68e-34d27650e148	5565	male	influenza	76.0	0.0	0.0	1.4364011	0.0	0.0	0.047250424	0.0	0.0	0.0058771586
44816	vascular associated smooth muscle cell	89840cec-5734-455d-b68e-34d27650e148	5565	male	influenza	777.0	0.0	0.0	0.12036006	0.0	0.0	0.043534316	0.0	0.0	0.016606128
44819	vascular associated smooth muscle cell	89840cec-5734-455d-b68e-34d27650e148	5565	male	influenza	656.0	0.0	0.0	0.29869685	0.0	0.0	0.019118514	0.0	0.0	0.0024317557
44835	vascular associated smooth muscle cell	89840cec-5734-455d-b68e-34d27650e148	5565	male	influenza	580.0	0.0	0.0	0.15326515	0.0	0.0	0.013020214	0.0	0.0	0.0010713175
44859	vascular associated smooth muscle cell	89840cec-5734-455d-b68e-34d27650e148	5565	male	influenza	435.0	0.0	0.0	0.22483705	0.0	0.0	0.0111336475	0.0	0.0	0.0034731028
44874	vascular associated smooth muscle cell	89840cec-5734-455d-b68e-34d27650e148	5565	male	influenza	660.0	0.0	0.0	0.23421405	0.0	0.0	0.010405507	0.0	0.0	0.008045075
44880	vascular associated smooth muscle cell	89840cec-5734-455d-b68e-34d27650e148	5565	male	influenza	457.0	0.0	0.0	0.3832613	0.0	0.0	0.018865706	0.0	0.0	0.0024093266
44978	vascular associated smooth muscle cell	89840cec-5734-455d-b68e-34d27650e148	5565	male	influenza	622.0	0.0	0.0	0.13637374	0.0	0.0	0.0075785452	0.0	0.0	0.0025700035
45001	vascular associated smooth muscle cell	89840cec-5734-455d-b68e-34d27650e148	5565	male	influenza	529.0	0.0	0.0	0.43603122	0.0	0.0	0.013037131	0.0	0.0	0.0076826857
45061	vascular associated smooth muscle cell	89840cec-5734-455d-b68e-34d27650e148	5565	male	influenza	608.0	0.0	0.0	0.17063396	0.0	0.0	0.01102664	0.0	0.0	0.0015980841
45252	vascular associated smooth muscle cell	89840cec-5734-455d-b68e-34d27650e148	5565	male	influenza	764.0	0.0	0.0	0.0992117	0.0	0.0	0.005554569	0.0	0.0	0.0040593343
45267	vascular associated smooth muscle cell	89840cec-5734-455d-b68e-34d27650e148	5565	male	influenza	440.0	0.0	0.0	0.2192853	0.0	0.0	0.018786684	0.0	0.0	0.0039563333
45323	vascular associated smooth muscle cell	89840cec-5734-455d-b68e-34d27650e148	5565	male	influenza	621.0	0.0	0.0	0.10063611	0.0	0.0	0.005707913	0.0	0.0	0.0028585398
45359	vascular associated smooth muscle cell	89840cec-5734-455d-b68e-34d27650e148	5565	male	influenza	344.0	0.0	0.0	0.31637347	0.0	0.0	0.028011877	0.0	0.0	0.0018338857
45403	vascular associated smooth muscle cell	89840cec-5734-455d-b68e-34d27650e148	5565	male	influenza	573.0	0.0	0.0	0.50142413	0.0	0.0	0.037378073	0.0	0.0	0.00476933
31711	vascular associated smooth muscle cell	89840cec-5734-455d-b68e-34d27650e148	5572	female	normal	254.0	0.0	0.0	0.2120741	0.0	0.0	0.07009819	0.0	0.0	0.013948818
31748	vascular associated smooth muscle cell	89840cec-5734-455d-b68e-34d27650e148	5572	female	normal	757.0	0.0	0.0	0.22787383	0.0	0.0	0.016255902	0.0	0.0	0.007540389
31760	vascular associated smooth muscle cell	89840cec-5734-455d-b68e-34d27650e148	5572	female	normal	1499.0	0.0	0.0	0.09567928	0.0	0.0	0.013565412	0.0	0.0	0.003598287
31762	vascular associated smooth muscle cell	89840cec-5734-455d-b68e-34d27650e148	5572	female	normal	442.0	0.0	0.0	0.42252064	0.0	0.0	0.03270173	0.0	0.0	0.0023602038
31763	vascular associated smooth muscle cell	89840cec-5734-455d-b68e-34d27650e148	5572	female	normal	862.0	0.0	0.0	0.34244418	0.0	0.0	0.03221624	0.0	0.0	0.013412614
31767	vascular associated smooth muscle cell	89840cec-5734-455d-b68e-34d27650e148	5572	female	normal	530.0	0.0	0.0	0.09781612	0.0	0.0	0.012461492	0.0	0.0	0.0002942974
31769	vascular associated smooth muscle cell	89840cec-5734-455d-b68e-34d27650e148	5572	female	normal	128.0	0.0	0.0	0.79815215	0.0	0.0	0.10585243	0.0	0.0	0.0025968978
31772	vascular associated smooth muscle cell	89840cec-5734-455d-b68e-34d27650e148	5572	female	normal	486.0	0.0	0.0	0.24436735	0.0	0.0	0.058327086	0.0	0.0	0.006564722
31788	vascular associated smooth muscle cell	89840cec-5734-455d-b68e-34d27650e148	5572	female	normal	496.0	0.0	0.0	0.28162146	0.0	0.0	0.03326887	0.0	0.0	0.012488438
31809	vascular associated smooth muscle cell	89840cec-5734-455d-b68e-34d27650e148	5572	female	normal	640.0	0.0	0.0	0.20668532	0.0	0.0	0.02684782	0.0	0.0	0.004927975
31819	vascular associated smooth muscle cell	89840cec-5734-455d-b68e-34d27650e148	5572	female	normal	648.0	0.0	0.0	0.2513048	0.0	0.0	0.019181227	0.0	0.0	0.0047742953
31845	vascular associated smooth muscle cell	89840cec-5734-455d-b68e-34d27650e148	5572	female	normal	882.0	0.0	0.0	0.10953525	0.0	0.0	0.008915629	0.0	0.0	0.0025686873
31848	vascular associated smooth muscle cell	89840cec-5734-455d-b68e-34d27650e148	5572	female	normal	219.0	0.0	0.0	0.24074876	0.0	0.0	0.0075888447	0.0	0.0	0.008670494
31871	vascular associated smooth muscle cell	89840cec-5734-455d-b68e-34d27650e148	5572	female	normal	611.0	0.0	0.0	0.14927277	0.0	0.0	0.017007172	0.0	0.0	0.0029824467
31877	vascular associated smooth muscle cell	89840cec-5734-455d-b68e-34d27650e148	5572	female	normal	779.0	0.0	0.0	0.3100937	0.0	0.0	0.01959838	0.0	0.0	0.0065140696
31883	vascular associated smooth muscle cell	89840cec-5734-455d-b68e-34d27650e148	5572	female	normal	400.0	0.0	0.0	0.24956056	0.0	0.0	0.008948986	0.0	0.0	0.0025705856
31884	vascular associated smooth muscle cell	89840cec-5734-455d-b68e-34d27650e148	5572	female	normal	934.0	0.0	0.0	0.41690212	0.0	0.0	0.067753896	0.0	0.0	0.022434905
31886	vascular associated smooth muscle cell	89840cec-5734-455d-b68e-34d27650e148	5572	female	normal	346.0	0.0	0.0	0.22469287	0.0	0.0	0.0062415837	0.0	0.0	0.03812325
31927	vascular associated smooth muscle cell	89840cec-5734-455d-b68e-34d27650e148	5572	female	normal	714.0	0.0	0.0	0.21913624	0.0	0.0	0.006017951	0.0	0.0	0.007987732
31942	vascular associated smooth muscle cell	89840cec-5734-455d-b68e-34d27650e148	5572	female	normal	534.0	0.0	0.0	0.07403571	0.0	0.0	0.0057116216	0.0	0.0	0.0051687323
31965	vascular associated smooth muscle cell	89840cec-5734-455d-b68e-34d27650e148	5572	female	normal	786.0	0.0	0.0	0.28092003	0.0	0.0	0.0086015295	0.0	0.0	0.005697803
31971	vascular associated smooth muscle cell	89840cec-5734-455d-b68e-34d27650e148	5572	female	normal	837.0	0.0	0.0	0.10620847	0.0	0.0	0.009507965	0.0	0.0	0.002961321
31972	vascular associated smooth muscle cell	89840cec-5734-455d-b68e-34d27650e148	5572	female	normal	1026.0	0.0	0.0	0.13917498	0.0	0.0	0.010346122	0.0	0.0	0.014816522
31985	vascular associated smooth muscle cell	89840cec-5734-455d-b68e-34d27650e148	5572	female	normal	440.0	0.0	0.0	0.1322992	0.0	0.0	0.025120301	0.0	0.0	0.0026569448
31986	vascular associated smooth muscle cell	89840cec-5734-455d-b68e-34d27650e148	5572	female	normal	882.0	0.0	0.0	0.102599345	0.0	0.0	0.0049239364	0.0	0.0	0.005457791
32019	vascular associated smooth muscle cell	89840cec-5734-455d-b68e-34d27650e148	5572	female	normal	823.0	0.0	0.0	0.100694776	0.0	0.0	0.0044606654	0.0	0.0	0.0100441305
32034	vascular associated smooth muscle cell	89840cec-5734-455d-b68e-34d27650e148	5572	female	normal	63.0	0.0	0.0	0.36640278	0.0	0.0	0.028570844	0.0	0.0	0.001771687
32040	vascular associated smooth muscle cell	89840cec-5734-455d-b68e-34d27650e148	5572	female	normal	684.0	0.0	0.0	0.47192526	0.0	0.0	0.026293889	0.0	0.0	0.0076838816
32051	vascular associated smooth muscle cell	89840cec-5734-455d-b68e-34d27650e148	5572	female	normal	633.0	1.0	0.91996646	0.22143744	0.0	0.0	0.039639212	0.0	0.0	0.011878165
32062	vascular associated smooth muscle cell	89840cec-5734-455d-b68e-34d27650e148	5572	female	normal	805.0	0.0	0.0	0.38946873	0.0	0.0	0.0077035124	0.0	0.0	0.007868022
32080	vascular associated smooth muscle cell	89840cec-5734-455d-b68e-34d27650e148	5572	female	normal	183.0	0.0	0.0	0.42875433	0.0	0.0	0.028603751	0.0	0.0	0.0068902555
32099	vascular associated smooth muscle cell	89840cec-5734-455d-b68e-34d27650e148	5572	female	normal	914.0	0.0	0.0	0.1118707	0.0	0.0	0.007179016	0.0	0.0	0.008531604
32103	vascular associated smooth muscle cell	89840cec-5734-455d-b68e-34d27650e148	5572	female	normal	159.0	0.0	0.0	0.6420912	0.0	0.0	0.045069415	0.0	0.0	0.0050578252
32111	vascular associated smooth muscle cell	89840cec-5734-455d-b68e-34d27650e148	5572	female	normal	733.0	0.0	0.0	0.23488174	0.0	0.0	0.022816323	0.0	0.0	0.00933004
32119	vascular associated smooth muscle cell	89840cec-5734-455d-b68e-34d27650e148	5572	female	normal	462.0	0.0	0.0	0.22776574	0.0	0.0	0.012555365	0.0	0.0	0.0024551973
32142	vascular associated smooth muscle cell	89840cec-5734-455d-b68e-34d27650e148	5572	female	normal	388.0	0.0	0.0	0.8245901	0.0	0.0	0.057099074	0.0	0.0	0.0054612425
32167	vascular associated smooth muscle cell	89840cec-5734-455d-b68e-34d27650e148	5572	female	normal	683.0	0.0	0.0	0.18252495	0.0	0.0	0.005676607	0.0	0.0	0.00967199
32172	vascular associated smooth muscle cell	89840cec-5734-455d-b68e-34d27650e148	5572	female	normal	856.0	0.0	0.0	0.11527359	0.0	0.0	0.003123716	0.0	0.0	0.027357101
32193	vascular associated smooth muscle cell	89840cec-5734-455d-b68e-34d27650e148	5572	female	normal	676.0	0.0	0.0	0.18036802	0.0	0.0	0.007217545	0.0	0.0	0.008605082
32197	vascular associated smooth muscle cell	89840cec-5734-455d-b68e-34d27650e148	5572	female	normal	1196.0	0.0	0.0	0.09456941	0.0	0.0	0.017869696	0.0	0.0	0.0038699962
32205	vascular associated smooth muscle cell	89840cec-5734-455d-b68e-34d27650e148	5572	female	normal	1677.0	0.0	0.0	0.045708746	0.0	0.0	0.0065624528	0.0	0.0	0.0037580866
32210	vascular associated smooth muscle cell	89840cec-5734-455d-b68e-34d27650e148	5572	female	normal	930.0	0.0	0.0	0.12875845	0.0	0.0	0.012869652	0.0	0.0	0.005858881
32214	vascular associated smooth muscle cell	89840cec-5734-455d-b68e-34d27650e148	5572	female	normal	1184.0	0.0	0.0	0.14245534	0.0	0.0	0.0047094603	0.0	0.0	0.012311694
32216	vascular associated smooth muscle cell	89840cec-5734-455d-b68e-34d27650e148	5572	female	normal	438.0	0.0	0.0	0.1047617	0.0	0.0	0.0062884246	0.0	0.0	0.004878393
32218	vascular associated smooth muscle cell	89840cec-5734-455d-b68e-34d27650e148	5572	female	normal	978.0	0.0	0.0	0.09877086	0.0	0.0	0.007144997	0.0	0.0	0.0055088275
32257	vascular associated smooth muscle cell	89840cec-5734-455d-b68e-34d27650e148	5572	female	normal	134.0	0.0	0.0	0.6670827	0.0	0.0	0.053320084	0.0	0.0	0.0036011972
32260	vascular associated smooth muscle cell	89840cec-5734-455d-b68e-34d27650e148	5572	female	normal	1364.0	0.0	0.0	0.06681465	0.0	0.0	0.0032528592	0.0	0.0	0.018836789
32292	vascular associated smooth muscle cell	89840cec-5734-455d-b68e-34d27650e148	5572	female	normal	642.0	0.0	0.0	1.0991453	0.0	0.0	0.0067032613	0.0	0.0	0.03804239
32301	vascular associated smooth muscle cell	89840cec-5734-455d-b68e-34d27650e148	5572	female	normal	884.0	0.0	0.0	0.26624525	0.0	0.0	0.03418975	0.0	0.0	0.0029260982
32311	vascular associated smooth muscle cell	89840cec-5734-455d-b68e-34d27650e148	5572	female	normal	740.0	0.0	0.0	0.15396614	0.0	0.0	0.016879093	0.0	0.0	0.009604167
32340	vascular associated smooth muscle cell	89840cec-5734-455d-b68e-34d27650e148	5572	female	normal	1201.0	0.0	0.0	0.23392966	0.0	0.0	0.21374659	0.0	0.0	0.019343713
32351	vascular associated smooth muscle cell	89840cec-5734-455d-b68e-34d27650e148	5572	female	normal	433.0	0.0	0.0	0.2420508	0.0	0.0	0.032644622	0.0	0.0	0.004802091
32359	vascular associated smooth muscle cell	89840cec-5734-455d-b68e-34d27650e148	5572	female	normal	960.0	0.0	0.0	0.13382483	0.0	0.0	0.011318249	0.0	0.0	0.0035436759
32361	vascular associated smooth muscle cell	89840cec-5734-455d-b68e-34d27650e148	5572	female	normal	424.0	0.0	0.0	0.30822045	0.0	0.0	0.03216807	0.0	0.0	0.005607615
32391	vascular associated smooth muscle cell	89840cec-5734-455d-b68e-34d27650e148	5572	female	normal	728.0	0.0	0.0	0.12644914	0.0	0.0	0.009211096	0.0	0.0	0.0030428704
32405	vascular associated smooth muscle cell	89840cec-5734-455d-b68e-34d27650e148	5572	female	normal	943.0	0.0	0.0	0.09623974	0.0	0.0	0.0722154	0.0	0.0	0.013070321
32410	vascular associated smooth muscle cell	89840cec-5734-455d-b68e-34d27650e148	5572	female	normal	1299.0	0.0	0.0	0.07033737	0.0	0.0	0.005007704	0.0	0.0	0.010716285
32425	vascular associated smooth muscle cell	89840cec-5734-455d-b68e-34d27650e148	5572	female	normal	592.0	0.0	0.0	0.21016468	0.0	0.0	0.046676554	0.0	0.0	0.0033202972
32428	vascular associated smooth muscle cell	89840cec-5734-455d-b68e-34d27650e148	5572	female	normal	1074.0	0.0	0.0	0.113631606	0.0	0.0	0.011535912	0.0	0.0	0.0023197264
32437	vascular associated smooth muscle cell	89840cec-5734-455d-b68e-34d27650e148	5572	female	normal	615.0	0.0	0.0	0.61253697	0.0	0.0	0.03750598	0.0	0.0	0.007612638
32450	vascular associated smooth muscle cell	89840cec-5734-455d-b68e-34d27650e148	5572	female	normal	55.0	0.0	0.0	0.4296275	0.0	0.0	0.016547002	0.0	0.0	0.001987108
32500	vascular associated smooth muscle cell	89840cec-5734-455d-b68e-34d27650e148	5572	female	normal	762.0	0.0	0.0	0.13170384	0.0	0.0	0.010249446	0.0	0.0	0.003614349
32512	vascular associated smooth muscle cell	89840cec-5734-455d-b68e-34d27650e148	5572	female	normal	1085.0	0.0	0.0	0.13527997	0.0	0.0	0.0083399	0.0	0.0	0.0036332107
32517	vascular associated smooth muscle cell	89840cec-5734-455d-b68e-34d27650e148	5572	female	normal	490.0	0.0	0.0	0.318472	0.0	0.0	0.019244842	0.0	0.0	0.019893153
32538	vascular associated smooth muscle cell	89840cec-5734-455d-b68e-34d27650e148	5572	female	normal	1092.0	0.0	0.0	0.06274963	0.0	0.0	0.0027030907	0.0	0.0	0.0017589532
32558	vascular associated smooth muscle cell	89840cec-5734-455d-b68e-34d27650e148	5572	female	normal	1055.0	0.0	0.0	0.23445876	0.0	0.0	0.010365368	0.0	0.0	0.006778066
32560	vascular associated smooth muscle cell	89840cec-5734-455d-b68e-34d27650e148	5572	female	normal	52.0	0.0	0.0	0.4184231	0.0	0.0	0.06820582	0.0	0.0	0.0015220039
32561	vascular associated smooth muscle cell	89840cec-5734-455d-b68e-34d27650e148	5572	female	normal	674.0	0.0	0.0	0.14202754	0.0	0.0	0.011049345	0.0	0.0	0.03125421
32562	vascular associated smooth muscle cell	89840cec-5734-455d-b68e-34d27650e148	5572	female	normal	88.0	0.0	0.0	0.55391	0.0	0.0	0.028775038	0.0	0.0	0.008814758
32563	vascular associated smooth muscle cell	89840cec-5734-455d-b68e-34d27650e148	5572	female	normal	639.0	0.0	0.0	0.18920548	0.0	0.0	0.00940172	0.0	0.0	0.005127683
32571	vascular associated smooth muscle cell	89840cec-5734-455d-b68e-34d27650e148	5572	female	normal	221.0	0.0	0.0	0.51040715	0.0	0.0	0.053897813	0.0	0.0	0.0023353654
32575	vascular associated smooth muscle cell	89840cec-5734-455d-b68e-34d27650e148	5572	female	normal	526.0	0.0	0.0	0.85745806	0.0	0.0	0.014218203	0.0	0.0	0.016281048
32577	vascular associated smooth muscle cell	89840cec-5734-455d-b68e-34d27650e148	5572	female	normal	918.0	0.0	0.0	0.19843115	0.0	0.0	0.007671372	0.0	0.0	0.003047188
32604	vascular associated smooth muscle cell	89840cec-5734-455d-b68e-34d27650e148	5572	female	normal	1549.0	0.0	0.0	0.08520974	0.0	0.0	0.22783518	0.0	0.0	0.019875096
32614	vascular associated smooth muscle cell	89840cec-5734-455d-b68e-34d27650e148	5572	female	normal	704.0	0.0	0.0	0.8270809	0.0	0.0	0.012822166	0.0	0.0	0.03699552
32615	vascular associated smooth muscle cell	89840cec-5734-455d-b68e-34d27650e148	5572	female	normal	685.0	0.0	0.0	0.110345565	0.0	0.0	0.013288069	0.0	0.0	0.0013034377
32635	vascular associated smooth muscle cell	89840cec-5734-455d-b68e-34d27650e148	5572	female	normal	847.0	0.0	0.0	0.15657203	0.0	0.0	0.018085785	0.0	0.0	0.0008135185
32644	vascular associated smooth muscle cell	89840cec-5734-455d-b68e-34d27650e148	5572	female	normal	370.0	0.0	0.0	0.40756494	0.0	0.0	0.044619378	0.0	0.0	0.0013638372
32658	vascular associated smooth muscle cell	89840cec-5734-455d-b68e-34d27650e148	5572	female	normal	544.0	0.0	0.0	0.22830962	0.0	0.0	0.004053817	0.0	0.0	0.004785975
32667	vascular associated smooth muscle cell	89840cec-5734-455d-b68e-34d27650e148	5572	female	normal	565.0	0.0	0.0	0.15774094	0.0	0.0	0.003272518	0.0	0.0	0.0042036977
32682	vascular associated smooth muscle cell	89840cec-5734-455d-b68e-34d27650e148	5572	female	normal	518.0	0.0	0.0	0.38932398	0.0	0.0	0.035091564	0.0	0.0	0.005350787
32693	vascular associated smooth muscle cell	89840cec-5734-455d-b68e-34d27650e148	5572	female	normal	711.0	0.0	0.0	0.14014715	0.0	0.0	0.01175616	0.0	0.0	0.0045325262
32696	vascular associated smooth muscle cell	89840cec-5734-455d-b68e-34d27650e148	5572	female	normal	1060.0	1.0	0.8034345	0.093939304	0.0	0.0	0.0060830964	0.0	0.0	0.020056149
32714	vascular associated smooth muscle cell	89840cec-5734-455d-b68e-34d27650e148	5572	female	normal	860.0	0.0	0.0	0.10170783	0.0	0.0	0.005038576	0.0	0.0	0.0131310485
32722	vascular associated smooth muscle cell	89840cec-5734-455d-b68e-34d27650e148	5572	female	normal	406.0	0.0	0.0	0.12880751	0.0	0.0	0.00976124	0.0	0.0	0.004210958
32732	vascular associated smooth muscle cell	89840cec-5734-455d-b68e-34d27650e148	5572	female	normal	1266.0	0.0	0.0	0.20209755	0.0	0.0	0.009194044	0.0	0.0	0.029041732
32745	vascular associated smooth muscle cell	89840cec-5734-455d-b68e-34d27650e148	5572	female	normal	727.0	0.0	0.0	0.120406695	0.0	0.0	0.008019395	0.0	0.0	0.0061561586
32752	vascular associated smooth muscle cell	89840cec-5734-455d-b68e-34d27650e148	5572	female	normal	919.0	0.0	0.0	0.46284783	0.0	0.0	0.1157048	0.0	0.0	0.002710539
32764	vascular associated smooth muscle cell	89840cec-5734-455d-b68e-34d27650e148	5572	female	normal	859.0	1.0	0.76711094	0.26281458	0.0	0.0	0.0043240422	0.0	0.0	0.0068947775
32782	vascular associated smooth muscle cell	89840cec-5734-455d-b68e-34d27650e148	5572	female	normal	971.0	0.0	0.0	0.14038202	0.0	0.0	0.0071156607	0.0	0.0	0.0021217398
32793	vascular associated smooth muscle cell	89840cec-5734-455d-b68e-34d27650e148	5572	female	normal	701.0	0.0	0.0	0.5104293	0.0	0.0	0.007491331	0.0	0.0	0.0042754007
32816	vascular associated smooth muscle cell	89840cec-5734-455d-b68e-34d27650e148	5572	female	normal	449.0	0.0	0.0	0.24253373	0.0	0.0	0.014146357	0.0	0.0	0.001469864
32824	vascular associated smooth muscle cell	89840cec-5734-455d-b68e-34d27650e148	5572	female	normal	658.0	0.0	0.0	0.16101	0.0	0.0	0.0058218036	0.0	0.0	0.0137133
32825	vascular associated smooth muscle cell	89840cec-5734-455d-b68e-34d27650e148	5572	female	normal	809.0	0.0	0.0	0.23584192	0.0	0.0	0.014624964	0.0	0.0	0.003459514
32826	vascular associated smooth muscle cell	89840cec-5734-455d-b68e-34d27650e148	5572	female	normal	652.0	0.0	0.0	0.12025835	0.0	0.0	0.00812815	0.0	0.0	0.014089272
32843	vascular associated smooth muscle cell	89840cec-5734-455d-b68e-34d27650e148	5572	female	normal	1061.0	0.0	0.0	0.105553545	0.0	0.0	0.006162805	0.0	0.0	0.023995088
32854	vascular associated smooth muscle cell	89840cec-5734-455d-b68e-34d27650e148	5572	female	normal	825.0	0.0	0.0	0.24440461	0.0	0.0	0.018201245	0.0	0.0	0.002549363
32869	vascular associated smooth muscle cell	89840cec-5734-455d-b68e-34d27650e148	5572	female	normal	275.0	0.0	0.0	0.4341161	0.0	0.0	0.011783067	0.0	0.0	0.0015465851
32870	vascular associated smooth muscle cell	89840cec-5734-455d-b68e-34d27650e148	5572	female	normal	663.0	0.0	0.0	0.2249125	1.0	1.0196077	0.0019425023	0.0	0.0	0.0010896942
32902	vascular associated smooth muscle cell	89840cec-5734-455d-b68e-34d27650e148	5572	female	normal	496.0	0.0	0.0	0.15723187	0.0	0.0	0.011296027	0.0	0.0	0.064325735
32905	vascular associated smooth muscle cell	89840cec-5734-455d-b68e-34d27650e148	5572	female	normal	787.0	0.0	0.0	0.104890704	0.0	0.0	0.016610228	0.0	0.0	0.0008751082
32907	vascular associated smooth muscle cell	89840cec-5734-455d-b68e-34d27650e148	5572	female	normal	709.0	0.0	0.0	0.12565693	0.0	0.0	0.012112333	0.0	0.0	0.004687221
32943	vascular associated smooth muscle cell	89840cec-5734-455d-b68e-34d27650e148	5572	female	normal	323.0	0.0	0.0	0.25479656	0.0	0.0	0.048708007	0.0	0.0	0.009460045
32952	vascular associated smooth muscle cell	89840cec-5734-455d-b68e-34d27650e148	5572	female	normal	905.0	0.0	0.0	0.22090921	0.0	0.0	0.009118888	0.0	0.0	0.013888205
32966	vascular associated smooth muscle cell	89840cec-5734-455d-b68e-34d27650e148	5572	female	normal	95.0	0.0	0.0	0.34718788	0.0	0.0	0.00978035	0.0	0.0	0.0065552867
32984	vascular associated smooth muscle cell	89840cec-5734-455d-b68e-34d27650e148	5572	female	normal	238.0	0.0	0.0	0.22391066	0.0	0.0	0.0123554785	0.0	0.0	0.0083147045
33011	vascular associated smooth muscle cell	89840cec-5734-455d-b68e-34d27650e148	5572	female	normal	628.0	0.0	0.0	0.06569497	0.0	0.0	0.004798125	0.0	0.0	0.011486021
33024	vascular associated smooth muscle cell	89840cec-5734-455d-b68e-34d27650e148	5572	female	normal	598.0	0.0	0.0	0.11859588	0.0	0.0	0.0058406857	0.0	0.0	0.0022246789
33025	vascular associated smooth muscle cell	89840cec-5734-455d-b68e-34d27650e148	5572	female	normal	669.0	0.0	0.0	0.18826492	0.0	0.0	0.007132474	0.0	0.0	0.0027604396
33057	vascular associated smooth muscle cell	89840cec-5734-455d-b68e-34d27650e148	5572	female	normal	366.0	0.0	0.0	0.19690086	0.0	0.0	0.012662751	0.0	0.0	0.0040022316
33066	vascular associated smooth muscle cell	89840cec-5734-455d-b68e-34d27650e148	5572	female	normal	617.0	0.0	0.0	0.24717608	0.0	0.0	0.010666066	0.0	0.0	0.0020933729
33077	vascular associated smooth muscle cell	89840cec-5734-455d-b68e-34d27650e148	5572	female	normal	1099.0	0.0	0.0	0.08670609	0.0	0.0	0.0032735507	0.0	0.0	0.0069093597
33079	vascular associated smooth muscle cell	89840cec-5734-455d-b68e-34d27650e148	5572	female	normal	648.0	0.0	0.0	0.25210264	0.0	0.0	0.024274519	0.0	0.0	0.007850067
33090	vascular associated smooth muscle cell	89840cec-5734-455d-b68e-34d27650e148	5572	female	normal	759.0	0.0	0.0	0.14477073	0.0	0.0	0.01062498	0.0	0.0	0.022073623
33108	vascular associated smooth muscle cell	89840cec-5734-455d-b68e-34d27650e148	5572	female	normal	1089.0	0.0	0.0	0.13436557	0.0	0.0	0.0039307764	0.0	0.0	0.010851309
33121	vascular associated smooth muscle cell	89840cec-5734-455d-b68e-34d27650e148	5572	female	normal	719.0	0.0	0.0	0.1730504	0.0	0.0	0.0067572366	0.0	0.0	0.010939891
33148	vascular associated smooth muscle cell	89840cec-5734-455d-b68e-34d27650e148	5572	female	normal	728.0	0.0	0.0	0.11304152	0.0	0.0	0.020229543	0.0	0.0	0.008011128
33154	vascular associated smooth muscle cell	89840cec-5734-455d-b68e-34d27650e148	5572	female	normal	394.0	0.0	0.0	0.09329789	0.0	0.0	0.005920301	0.0	0.0	0.010517787
33180	vascular associated smooth muscle cell	89840cec-5734-455d-b68e-34d27650e148	5572	female	normal	58.0	0.0	0.0	0.5763144	0.0	0.0	0.036760952	0.0	0.0	0.0021528758
33200	vascular associated smooth muscle cell	89840cec-5734-455d-b68e-34d27650e148	5572	female	normal	366.0	0.0	0.0	0.26834643	0.0	0.0	0.009923363	0.0	0.0	0.0037931246
33208	vascular associated smooth muscle cell	89840cec-5734-455d-b68e-34d27650e148	5572	female	normal	438.0	0.0	0.0	0.05322936	0.0	0.0	0.006290707	0.0	0.0	0.0042798086
33215	vascular associated smooth muscle cell	89840cec-5734-455d-b68e-34d27650e148	5572	female	normal	616.0	0.0	0.0	0.3643917	0.0	0.0	0.022849396	0.0	0.0	0.08507924
33235	vascular associated smooth muscle cell	89840cec-5734-455d-b68e-34d27650e148	5572	female	normal	1062.0	0.0	0.0	0.11773857	0.0	0.0	0.005930434	0.0	0.0	0.012821172
33239	vascular associated smooth muscle cell	89840cec-5734-455d-b68e-34d27650e148	5572	female	normal	609.0	0.0	0.0	0.1756131	0.0	0.0	0.008742727	0.0	0.0	0.008918527
33243	vascular associated smooth muscle cell	89840cec-5734-455d-b68e-34d27650e148	5572	female	normal	475.0	0.0	0.0	0.14426711	0.0	0.0	0.006652932	0.0	0.0	0.005738255
33258	vascular associated smooth muscle cell	89840cec-5734-455d-b68e-34d27650e148	5572	female	normal	794.0	0.0	0.0	0.30172625	0.0	0.0	0.022176148	0.0	0.0	0.008219679
33290	vascular associated smooth muscle cell	89840cec-5734-455d-b68e-34d27650e148	5572	female	normal	971.0	0.0	0.0	0.25329876	0.0	0.0	0.0073438934	0.0	0.0	0.01028506
33305	vascular associated smooth muscle cell	89840cec-5734-455d-b68e-34d27650e148	5572	female	normal	85.0	0.0	0.0	0.4059102	0.0	0.0	0.019536402	0.0	0.0	0.0006130391
33349	vascular associated smooth muscle cell	89840cec-5734-455d-b68e-34d27650e148	5572	female	normal	441.0	0.0	0.0	0.1329529	0.0	0.0	0.005043407	0.0	0.0	0.022140699
33370	vascular associated smooth muscle cell	89840cec-5734-455d-b68e-34d27650e148	5572	female	normal	836.0	0.0	0.0	0.068382286	0.0	0.0	0.006875468	0.0	0.0	0.0066908686
33377	vascular associated smooth muscle cell	89840cec-5734-455d-b68e-34d27650e148	5572	female	normal	805.0	0.0	0.0	0.19520287	0.0	0.0	0.006713143	0.0	0.0	0.008253296
33384	vascular associated smooth muscle cell	89840cec-5734-455d-b68e-34d27650e148	5572	female	normal	1695.0	0.0	0.0	0.34438083	0.0	0.0	0.17448029	0.0	0.0	0.08393019
33395	vascular associated smooth muscle cell	89840cec-5734-455d-b68e-34d27650e148	5572	female	normal	1186.0	0.0	0.0	0.045661375	0.0	0.0	0.002903249	0.0	0.0	0.004179915
33402	vascular associated smooth muscle cell	89840cec-5734-455d-b68e-34d27650e148	5572	female	normal	627.0	0.0	0.0	0.33310506	0.0	0.0	0.016731843	0.0	0.0	0.016285293
33411	vascular associated smooth muscle cell	89840cec-5734-455d-b68e-34d27650e148	5572	female	normal	745.0	0.0	0.0	0.4575554	0.0	0.0	0.029550795	0.0	0.0	0.0032369425
33412	vascular associated smooth muscle cell	89840cec-5734-455d-b68e-34d27650e148	5572	female	normal	1016.0	0.0	0.0	0.14879712	0.0	0.0	0.0063289884	0.0	0.0	0.0043073883
33432	vascular associated smooth muscle cell	89840cec-5734-455d-b68e-34d27650e148	5572	female	normal	560.0	0.0	0.0	0.19776164	0.0	0.0	0.0120244445	0.0	0.0	0.0015375654
33435	vascular associated smooth muscle cell	89840cec-5734-455d-b68e-34d27650e148	5572	female	normal	955.0	0.0	0.0	0.13944532	0.0	0.0	0.016532598	0.0	0.0	0.0075162654
33437	vascular associated smooth muscle cell	89840cec-5734-455d-b68e-34d27650e148	5572	female	normal	1572.0	0.0	0.0	0.23993783	0.0	0.0	0.19433662	0.0	0.0	0.07414554
33445	vascular associated smooth muscle cell	89840cec-5734-455d-b68e-34d27650e148	5572	female	normal	715.0	0.0	0.0	0.21789104	0.0	0.0	0.011766894	0.0	0.0	0.0030721144
33450	vascular associated smooth muscle cell	89840cec-5734-455d-b68e-34d27650e148	5572	female	normal	582.0	0.0	0.0	0.070792034	0.0	0.0	0.0065361154	0.0	0.0	0.00715532
33519	vascular associated smooth muscle cell	89840cec-5734-455d-b68e-34d27650e148	5572	female	normal	482.0	0.0	0.0	0.15602708	0.0	0.0	0.012282845	0.0	0.0	0.0023603057
33525	vascular associated smooth muscle cell	89840cec-5734-455d-b68e-34d27650e148	5572	female	normal	789.0	0.0	0.0	0.31329396	0.0	0.0	0.03881596	0.0	0.0	0.0021790636
33529	vascular associated smooth muscle cell	89840cec-5734-455d-b68e-34d27650e148	5572	female	normal	613.0	0.0	0.0	0.20545608	0.0	0.0	0.008323185	0.0	0.0	0.020671172
33548	vascular associated smooth muscle cell	89840cec-5734-455d-b68e-34d27650e148	5572	female	normal	1010.0	0.0	0.0	0.28724763	0.0	0.0	0.012514136	0.0	0.0	0.0034287574
33557	vascular associated smooth muscle cell	89840cec-5734-455d-b68e-34d27650e148	5572	female	normal	662.0	0.0	0.0	0.29935026	0.0	0.0	0.013187853	0.0	0.0	0.003847771
33565	vascular associated smooth muscle cell	89840cec-5734-455d-b68e-34d27650e148	5572	female	normal	504.0	0.0	0.0	0.13962986	0.0	0.0	0.011428752	0.0	0.0	0.0038170551
33569	vascular associated smooth muscle cell	89840cec-5734-455d-b68e-34d27650e148	5572	female	normal	654.0	0.0	0.0	0.20401797	0.0	0.0	0.004327365	0.0	0.0	0.006700353
33572	vascular associated smooth muscle cell	89840cec-5734-455d-b68e-34d27650e148	5572	female	normal	661.0	0.0	0.0	0.21307738	0.0	0.0	0.010562105	0.0	0.0	0.0072138044
33573	vascular associated smooth muscle cell	89840cec-5734-455d-b68e-34d27650e148	5572	female	normal	392.0	0.0	0.0	0.20028006	0.0	0.0	0.013855527	0.0	0.0	0.0046379985
33613	vascular associated smooth muscle cell	89840cec-5734-455d-b68e-34d27650e148	5572	female	normal	1210.0	0.0	0.0	0.08144646	0.0	0.0	0.007972307	0.0	0.0	0.023916734
52874	vascular associated smooth muscle cell	89840cec-5734-455d-b68e-34d27650e148	6093	male	influenza	788.0	0.0	0.0	0.08547146	0.0	0.0	0.007820273	0.0	0.0	0.0029302572
52945	vascular associated smooth muscle cell	89840cec-5734-455d-b68e-34d27650e148	6093	male	influenza	156.0	0.0	0.0	0.42390907	0.0	0.0	0.014579069	0.0	0.0	0.0011248466
52952	vascular associated smooth muscle cell	89840cec-5734-455d-b68e-34d27650e148	6093	male	influenza	667.0	0.0	0.0	0.20036651	0.0	0.0	0.042853903	0.0	0.0	0.0023680027
52997	vascular associated smooth muscle cell	89840cec-5734-455d-b68e-34d27650e148	6093	male	influenza	460.0	0.0	0.0	0.2769704	0.0	0.0	0.008381223	0.0	0.0	0.02001884
53389	vascular associated smooth muscle cell	89840cec-5734-455d-b68e-34d27650e148	6093	male	influenza	99.0	0.0	0.0	0.19851841	0.0	0.0	0.009124192	0.0	0.0	0.0016129328
53480	vascular associated smooth muscle cell	89840cec-5734-455d-b68e-34d27650e148	6093	male	influenza	272.0	0.0	0.0	0.12672836	0.0	0.0	0.0079180505	0.0	0.0	0.0012732644
53553	vascular associated smooth muscle cell	89840cec-5734-455d-b68e-34d27650e148	6093	male	influenza	514.0	0.0	0.0	0.32810825	0.0	0.0	0.029873226	0.0	0.0	0.0033105726
53675	vascular associated smooth muscle cell	89840cec-5734-455d-b68e-34d27650e148	6093	male	influenza	955.0	0.0	0.0	0.07940857	0.0	0.0	0.0071401414	0.0	0.0	0.0011499767
53682	vascular associated smooth muscle cell	89840cec-5734-455d-b68e-34d27650e148	6093	male	influenza	352.0	0.0	0.0	0.09976616	0.0	0.0	0.006235416	0.0	0.0	0.0007043974
53778	vascular associated smooth muscle cell	89840cec-5734-455d-b68e-34d27650e148	6093	male	influenza	128.0	0.0	0.0	0.29853857	0.0	0.0	0.006529195	0.0	0.0	0.0007601837
53792	vascular associated smooth muscle cell	89840cec-5734-455d-b68e-34d27650e148	6093	male	influenza	489.0	0.0	0.0	0.44514552	0.0	0.0	0.013216741	0.0	0.0	0.01080825
53842	vascular associated smooth muscle cell	89840cec-5734-455d-b68e-34d27650e148	6093	male	influenza	257.0	0.0	0.0	0.6845515	0.0	0.0	0.07924171	0.0	0.0	0.0032195933
53847	vascular associated smooth muscle cell	89840cec-5734-455d-b68e-34d27650e148	6093	male	influenza	653.0	0.0	0.0	0.36544704	0.0	0.0	0.01492743	0.0	0.0	0.013557339
53898	vascular associated smooth muscle cell	89840cec-5734-455d-b68e-34d27650e148	6093	male	influenza	780.0	0.0	0.0	0.36290213	0.0	0.0	0.020539518	0.0	0.0	0.016876033
53942	vascular associated smooth muscle cell	89840cec-5734-455d-b68e-34d27650e148	6093	male	influenza	1002.0	0.0	0.0	0.25049436	0.0	0.0	0.019590087	0.0	0.0	0.002775526
53999	vascular associated smooth muscle cell	89840cec-5734-455d-b68e-34d27650e148	6093	male	influenza	88.0	0.0	0.0	0.43182665	0.0	0.0	0.007499708	0.0	0.0	0.000678628
54184	vascular associated smooth muscle cell	89840cec-5734-455d-b68e-34d27650e148	6093	male	influenza	266.0	0.0	0.0	0.64037186	0.0	0.0	0.02966241	0.0	0.0	0.010466781
54193	vascular associated smooth muscle cell	89840cec-5734-455d-b68e-34d27650e148	6093	male	influenza	82.0	0.0	0.0	0.6227385	0.0	0.0	0.06464028	0.0	0.0	0.0037639681
54251	vascular associated smooth muscle cell	89840cec-5734-455d-b68e-34d27650e148	6093	male	influenza	356.0	0.0	0.0	0.56269777	0.0	0.0	0.023360165	0.0	0.0	0.00150093
48996	vascular associated smooth muscle cell	89840cec-5734-455d-b68e-34d27650e148	6094	male	influenza	928.0	0.0	0.0	0.19084412	0.0	0.0	0.008766019	0.0	0.0	0.0004434669
49005	vascular associated smooth muscle cell	89840cec-5734-455d-b68e-34d27650e148	6094	male	influenza	509.0	0.0	0.0	0.51759344	0.0	0.0	0.0056650722	0.0	0.0	0.0048504546
49028	vascular associated smooth muscle cell	89840cec-5734-455d-b68e-34d27650e148	6094	male	influenza	275.0	0.0	0.0	0.34718952	0.0	0.0	0.01617545	0.0	0.0	0.0076895794
49119	vascular associated smooth muscle cell	89840cec-5734-455d-b68e-34d27650e148	6094	male	influenza	1053.0	0.0	0.0	0.15714721	0.0	0.0	0.0129050035	0.0	0.0	0.0006754468
49181	vascular associated smooth muscle cell	89840cec-5734-455d-b68e-34d27650e148	6094	male	influenza	347.0	0.0	0.0	0.13175362	0.0	0.0	0.005832239	0.0	0.0	0.00069750525
49206	vascular associated smooth muscle cell	89840cec-5734-455d-b68e-34d27650e148	6094	male	influenza	670.0	0.0	0.0	0.35816738	0.0	0.0	0.041265287	0.0	0.0	0.01072732
49223	vascular associated smooth muscle cell	89840cec-5734-455d-b68e-34d27650e148	6094	male	influenza	388.0	0.0	0.0	0.52836406	0.0	0.0	0.018478924	0.0	0.0	0.00086866744
49235	vascular associated smooth muscle cell	89840cec-5734-455d-b68e-34d27650e148	6094	male	influenza	355.0	0.0	0.0	0.6284514	0.0	0.0	0.06082427	0.0	0.0	0.005411237
49275	vascular associated smooth muscle cell	89840cec-5734-455d-b68e-34d27650e148	6094	male	influenza	665.0	0.0	0.0	0.1496573	0.0	0.0	0.013884382	0.0	0.0	0.0034251886
49348	vascular associated smooth muscle cell	89840cec-5734-455d-b68e-34d27650e148	6094	male	influenza	391.0	0.0	0.0	0.176197	0.0	0.0	0.0039605694	0.0	0.0	0.004910166
49384	vascular associated smooth muscle cell	89840cec-5734-455d-b68e-34d27650e148	6094	male	influenza	463.0	0.0	0.0	0.5164203	0.0	0.0	0.025674168	0.0	0.0	0.0037490625
49385	vascular associated smooth muscle cell	89840cec-5734-455d-b68e-34d27650e148	6094	male	influenza	438.0	0.0	0.0	0.06753449	0.0	0.0	0.003835826	0.0	0.0	0.00054770365
49425	vascular associated smooth muscle cell	89840cec-5734-455d-b68e-34d27650e148	6094	male	influenza	399.0	0.0	0.0	0.24035119	0.0	0.0	0.01621809	0.0	0.0	0.00072250323
49428	vascular associated smooth muscle cell	89840cec-5734-455d-b68e-34d27650e148	6094	male	influenza	670.0	0.0	0.0	0.32865113	0.0	0.0	0.008083954	0.0	0.0	0.016284775
49478	vascular associated smooth muscle cell	89840cec-5734-455d-b68e-34d27650e148	6094	male	influenza	802.0	0.0	0.0	0.08155556	0.0	0.0	0.0060922997	0.0	0.0	0.0022733123
49489	vascular associated smooth muscle cell	89840cec-5734-455d-b68e-34d27650e148	6094	male	influenza	73.0	0.0	0.0	0.21170802	0.0	0.0	0.0118446825	0.0	0.0	0.0013318114
49508	vascular associated smooth muscle cell	89840cec-5734-455d-b68e-34d27650e148	6094	male	influenza	809.0	0.0	0.0	0.12039362	0.0	0.0	0.00531627	0.0	0.0	0.00087974797
49548	vascular associated smooth muscle cell	89840cec-5734-455d-b68e-34d27650e148	6094	male	influenza	1005.0	0.0	0.0	0.41205296	0.0	0.0	0.01430379	0.0	0.0	0.0007857526
49588	vascular associated smooth muscle cell	89840cec-5734-455d-b68e-34d27650e148	6094	male	influenza	189.0	0.0	0.0	0.49716425	0.0	0.0	0.04851882	0.0	0.0	0.0046194843
49750	vascular associated smooth muscle cell	89840cec-5734-455d-b68e-34d27650e148	6094	male	influenza	367.0	0.0	0.0	0.06477591	0.0	0.0	0.0060917907	0.0	0.0	0.00057058345
49767	vascular associated smooth muscle cell	89840cec-5734-455d-b68e-34d27650e148	6094	male	influenza	712.0	0.0	0.0	0.07181175	0.0	0.0	0.005737043	0.0	0.0	0.0006206526
49965	vascular associated smooth muscle cell	89840cec-5734-455d-b68e-34d27650e148	6094	male	influenza	376.0	0.0	0.0	0.3892274	0.0	0.0	0.031603444	0.0	0.0	0.0016753677
49986	vascular associated smooth muscle cell	89840cec-5734-455d-b68e-34d27650e148	6094	male	influenza	1650.0	0.0	0.0	0.29924408	0.0	0.0	0.060909722	0.0	0.0	0.0025675592
50076	vascular associated smooth muscle cell	89840cec-5734-455d-b68e-34d27650e148	6094	male	influenza	232.0	0.0	0.0	0.52088857	0.0	0.0	0.030835463	0.0	0.0	0.0015015317
50112	vascular associated smooth muscle cell	89840cec-5734-455d-b68e-34d27650e148	6094	male	influenza	610.0	0.0	0.0	0.59264827	0.0	0.0	0.07853344	0.0	0.0	0.0070292437
50138	vascular associated smooth muscle cell	89840cec-5734-455d-b68e-34d27650e148	6094	male	influenza	911.0	0.0	0.0	0.054006513	0.0	0.0	0.0028397634	0.0	0.0	0.00081881945
50262	vascular associated smooth muscle cell	89840cec-5734-455d-b68e-34d27650e148	6094	male	influenza	113.0	0.0	0.0	0.18417946	0.0	0.0	0.008740568	0.0	0.0	0.0012367183
50371	vascular associated smooth muscle cell	89840cec-5734-455d-b68e-34d27650e148	6094	male	influenza	753.0	0.0	0.0	0.10469756	0.0	0.0	0.0058845687	0.0	0.0	0.003891643
54338	vascular associated smooth muscle cell	89840cec-5734-455d-b68e-34d27650e148	6096	female	influenza	831.0	0.0	0.0	0.24684946	0.0	0.0	0.020558171	0.0	0.0	0.0009729257
54348	vascular associated smooth muscle cell	89840cec-5734-455d-b68e-34d27650e148	6096	female	influenza	90.0	0.0	0.0	0.8621238	0.0	0.0	0.025425171	0.0	0.0	0.005812905
54427	vascular associated smooth muscle cell	89840cec-5734-455d-b68e-34d27650e148	6096	female	influenza	1447.0	0.0	0.0	0.1903168	0.0	0.0	0.005309894	0.0	0.0	0.004242491
54520	vascular associated smooth muscle cell	89840cec-5734-455d-b68e-34d27650e148	6096	female	influenza	832.0	0.0	0.0	0.19689745	0.0	0.0	0.016504616	0.0	0.0	0.0023390392
54619	vascular associated smooth muscle cell	89840cec-5734-455d-b68e-34d27650e148	6096	female	influenza	617.0	0.0	0.0	1.0812546	0.0	0.0	0.047846496	0.0	0.0	0.0065840916
54664	vascular associated smooth muscle cell	89840cec-5734-455d-b68e-34d27650e148	6096	female	influenza	1059.0	0.0	0.0	0.6146424	0.0	0.0	0.01763482	0.0	0.0	0.012456798
54739	vascular associated smooth muscle cell	89840cec-5734-455d-b68e-34d27650e148	6096	female	influenza	277.0	0.0	0.0	0.16732231	0.0	0.0	0.02509348	0.0	0.0	0.008435409
54817	vascular associated smooth muscle cell	89840cec-5734-455d-b68e-34d27650e148	6096	female	influenza	451.0	0.0	0.0	1.0599895	0.0	0.0	0.045285273	0.0	0.0	0.0070729237
54840	vascular associated smooth muscle cell	89840cec-5734-455d-b68e-34d27650e148	6096	female	influenza	526.0	0.0	0.0	0.54944557	0.0	0.0	0.04739887	0.0	0.0	0.004936056
54869	vascular associated smooth muscle cell	89840cec-5734-455d-b68e-34d27650e148	6096	female	influenza	128.0	0.0	0.0	0.3001276	0.0	0.0	0.009462447	0.0	0.0	0.004741587
54968	vascular associated smooth muscle cell	89840cec-5734-455d-b68e-34d27650e148	6096	female	influenza	359.0	0.0	0.0	0.31804946	1.0	1.0636113	0.023253107	0.0	0.0	0.0056430683
54997	vascular associated smooth muscle cell	89840cec-5734-455d-b68e-34d27650e148	6096	female	influenza	92.0	0.0	0.0	0.6954884	0.0	0.0	0.02474702	0.0	0.0	0.0037863322
55011	vascular associated smooth muscle cell	89840cec-5734-455d-b68e-34d27650e148	6096	female	influenza	463.0	0.0	0.0	0.845951	0.0	0.0	0.047587246	0.0	0.0	0.0049426514
55022	vascular associated smooth muscle cell	89840cec-5734-455d-b68e-34d27650e148	6096	female	influenza	497.0	0.0	0.0	0.7645185	0.0	0.0	0.024665637	0.0	0.0	0.0064820815
55079	vascular associated smooth muscle cell	89840cec-5734-455d-b68e-34d27650e148	6096	female	influenza	793.0	0.0	0.0	0.27401853	0.0	0.0	0.006887196	0.0	0.0	0.0024762936
55091	vascular associated smooth muscle cell	89840cec-5734-455d-b68e-34d27650e148	6096	female	influenza	112.0	0.0	0.0	1.0239353	0.0	0.0	0.022376828	0.0	0.0	0.0045638923
55156	vascular associated smooth muscle cell	89840cec-5734-455d-b68e-34d27650e148	6096	female	influenza	167.0	0.0	0.0	0.71818805	0.0	0.0	0.017467417	0.0	0.0	0.0041434625
55212	vascular associated smooth muscle cell	89840cec-5734-455d-b68e-34d27650e148	6096	female	influenza	218.0	0.0	0.0	0.47626618	0.0	0.0	0.027665632	0.0	0.0	0.007269403
55264	vascular associated smooth muscle cell	89840cec-5734-455d-b68e-34d27650e148	6096	female	influenza	479.0	0.0	0.0	0.22940338	0.0	0.0	0.007219913	0.0	0.0	0.0046913843
55319	vascular associated smooth muscle cell	89840cec-5734-455d-b68e-34d27650e148	6096	female	influenza	228.0	0.0	0.0	0.5584778	0.0	0.0	0.01725633	0.0	0.0	0.021878237
55328	vascular associated smooth muscle cell	89840cec-5734-455d-b68e-34d27650e148	6096	female	influenza	349.0	0.0	0.0	0.8443458	0.0	0.0	0.008055364	0.0	0.0	0.0013143263
55346	vascular associated smooth muscle cell	89840cec-5734-455d-b68e-34d27650e148	6096	female	influenza	277.0	0.0	0.0	0.32484335	0.0	0.0	0.02427499	0.0	0.0	0.008706345
55536	vascular associated smooth muscle cell	89840cec-5734-455d-b68e-34d27650e148	6096	female	influenza	503.0	0.0	0.0	1.026598	0.0	0.0	0.03794535	0.0	0.0	0.0336194
55578	vascular associated smooth muscle cell	89840cec-5734-455d-b68e-34d27650e148	6096	female	influenza	607.0	0.0	0.0	0.64409846	0.0	0.0	0.02359154	0.0	0.0	0.0017187785
55602	vascular associated smooth muscle cell	89840cec-5734-455d-b68e-34d27650e148	6096	female	influenza	103.0	0.0	0.0	0.74490845	0.0	0.0	0.10131222	0.0	0.0	0.012098781
50453	vascular associated smooth muscle cell	89840cec-5734-455d-b68e-34d27650e148	6097	male	influenza	197.0	0.0	0.0	0.34418994	0.0	0.0	0.01819629	0.0	0.0	0.0011173598
50515	vascular associated smooth muscle cell	89840cec-5734-455d-b68e-34d27650e148	6097	male	influenza	475.0	0.0	0.0	0.42033908	0.0	0.0	0.04029303	0.0	0.0	0.0028475425
50658	vascular associated smooth muscle cell	89840cec-5734-455d-b68e-34d27650e148	6097	male	influenza	214.0	0.0	0.0	1.3709021	0.0	0.0	0.09802987	0.0	0.0	0.010807898
50715	vascular associated smooth muscle cell	89840cec-5734-455d-b68e-34d27650e148	6097	male	influenza	510.0	0.0	0.0	0.14565787	0.0	0.0	0.0063236463	0.0	0.0	0.012500945
50777	vascular associated smooth muscle cell	89840cec-5734-455d-b68e-34d27650e148	6097	male	influenza	1007.0	0.0	0.0	0.2442483	0.0	0.0	0.01962597	0.0	0.0	0.0039843456
50860	vascular associated smooth muscle cell	89840cec-5734-455d-b68e-34d27650e148	6097	male	influenza	129.0	0.0	0.0	0.90999126	0.0	0.0	0.036245335	0.0	0.0	0.0044717104
50975	vascular associated smooth muscle cell	89840cec-5734-455d-b68e-34d27650e148	6097	male	influenza	349.0	0.0	0.0	0.5328138	0.0	0.0	0.020250762	0.0	0.0	0.0010867965
51009	vascular associated smooth muscle cell	89840cec-5734-455d-b68e-34d27650e148	6097	male	influenza	525.0	0.0	0.0	0.32338807	0.0	0.0	0.020146636	0.0	0.0	0.0017499964
51014	vascular associated smooth muscle cell	89840cec-5734-455d-b68e-34d27650e148	6097	male	influenza	562.0	0.0	0.0	0.16879912	0.0	0.0	0.017359443	0.0	0.0	0.0031834082
51066	vascular associated smooth muscle cell	89840cec-5734-455d-b68e-34d27650e148	6097	male	influenza	700.0	0.0	0.0	0.262251	0.0	0.0	0.020136222	0.0	0.0	0.002849624
51113	vascular associated smooth muscle cell	89840cec-5734-455d-b68e-34d27650e148	6097	male	influenza	491.0	0.0	0.0	0.25237647	0.0	0.0	0.0108677065	0.0	0.0	0.013129016
51162	vascular associated smooth muscle cell	89840cec-5734-455d-b68e-34d27650e148	6097	male	influenza	528.0	0.0	0.0	0.25964293	0.0	0.0	0.010423462	0.0	0.0	0.01068349
51166	vascular associated smooth muscle cell	89840cec-5734-455d-b68e-34d27650e148	6097	male	influenza	551.0	0.0	0.0	0.18094853	0.0	0.0	0.00912521	0.0	0.0	0.0020898203
51237	vascular associated smooth muscle cell	89840cec-5734-455d-b68e-34d27650e148	6097	male	influenza	617.0	0.0	0.0	0.311354	0.0	0.0	0.037855886	0.0	0.0	0.0059492253
51286	vascular associated smooth muscle cell	89840cec-5734-455d-b68e-34d27650e148	6097	male	influenza	416.0	0.0	0.0	0.44757435	0.0	0.0	0.02812034	0.0	0.0	0.0029996708
51292	vascular associated smooth muscle cell	89840cec-5734-455d-b68e-34d27650e148	6097	male	influenza	495.0	0.0	0.0	0.25805914	0.0	0.0	0.0112657165	0.0	0.0	0.0054990007
51305	vascular associated smooth muscle cell	89840cec-5734-455d-b68e-34d27650e148	6097	male	influenza	888.0	0.0	0.0	0.4124186	0.0	0.0	0.1173536	0.0	0.0	0.04242911
51335	vascular associated smooth muscle cell	89840cec-5734-455d-b68e-34d27650e148	6097	male	influenza	891.0	0.0	0.0	0.4013373	0.0	0.0	0.025651392	0.0	0.0	0.006299311
51365	vascular associated smooth muscle cell	89840cec-5734-455d-b68e-34d27650e148	6097	male	influenza	242.0	0.0	0.0	0.5942872	0.0	0.0	0.016919434	0.0	0.0	0.0016658584
51383	vascular associated smooth muscle cell	89840cec-5734-455d-b68e-34d27650e148	6097	male	influenza	261.0	0.0	0.0	0.20607492	0.0	0.0	0.018138958	0.0	0.0	0.0016677141
51517	vascular associated smooth muscle cell	89840cec-5734-455d-b68e-34d27650e148	6097	male	influenza	720.0	0.0	0.0	0.24107702	0.0	0.0	0.0077905166	0.0	0.0	0.0037314561
51527	vascular associated smooth muscle cell	89840cec-5734-455d-b68e-34d27650e148	6097	male	influenza	939.0	0.0	0.0	0.117166065	0.0	0.0	0.008350472	0.0	0.0	0.003020188
51541	vascular associated smooth muscle cell	89840cec-5734-455d-b68e-34d27650e148	6097	male	influenza	561.0	0.0	0.0	0.09489569	0.0	0.0	0.004626395	0.0	0.0	0.0038563188
51549	vascular associated smooth muscle cell	89840cec-5734-455d-b68e-34d27650e148	6097	male	influenza	664.0	0.0	0.0	0.17294607	0.0	0.0	0.008944247	0.0	0.0	0.0027106488
51586	vascular associated smooth muscle cell	89840cec-5734-455d-b68e-34d27650e148	6097	male	influenza	90.0	0.0	0.0	1.3342583	0.0	0.0	0.037875187	0.0	0.0	0.016284276
51622	vascular associated smooth muscle cell	89840cec-5734-455d-b68e-34d27650e148	6097	male	influenza	211.0	0.0	0.0	0.56930435	0.0	0.0	0.008010799	0.0	0.0	0.009152213
51625	vascular associated smooth muscle cell	89840cec-5734-455d-b68e-34d27650e148	6097	male	influenza	585.0	0.0	0.0	0.085109785	0.0	0.0	0.009287607	0.0	0.0	0.002049914
51655	vascular associated smooth muscle cell	89840cec-5734-455d-b68e-34d27650e148	6097	male	influenza	652.0	0.0	0.0	0.20763485	0.0	0.0	0.0102124335	0.0	0.0	0.0025330936
51666	vascular associated smooth muscle cell	89840cec-5734-455d-b68e-34d27650e148	6097	male	influenza	358.0	0.0	0.0	0.44114888	0.0	0.0	0.008628261	0.0	0.0	0.0023596666
51676	vascular associated smooth muscle cell	89840cec-5734-455d-b68e-34d27650e148	6097	male	influenza	1746.0	0.0	0.0	0.42856598	0.0	0.0	0.13199823	0.0	0.0	0.00797661
51699	vascular associated smooth muscle cell	89840cec-5734-455d-b68e-34d27650e148	6097	male	influenza	2044.0	0.0	0.0	0.4564153	0.0	0.0	0.13169383	0.0	0.0	0.03582655
51705	vascular associated smooth muscle cell	89840cec-5734-455d-b68e-34d27650e148	6097	male	influenza	182.0	0.0	0.0	0.6772698	0.0	0.0	0.006965405	0.0	0.0	0.0006809851
51730	vascular associated smooth muscle cell	89840cec-5734-455d-b68e-34d27650e148	6097	male	influenza	130.0	0.0	0.0	0.2494617	0.0	0.0	0.02231464	0.0	0.0	0.0033025756
51748	vascular associated smooth muscle cell	89840cec-5734-455d-b68e-34d27650e148	6097	male	influenza	535.0	0.0	0.0	0.11046779	0.0	0.0	0.008992941	0.0	0.0	0.0009424475
51777	vascular associated smooth muscle cell	89840cec-5734-455d-b68e-34d27650e148	6097	male	influenza	419.0	0.0	0.0	0.4581189	0.0	0.0	0.012529414	0.0	0.0	0.005598997
51797	vascular associated smooth muscle cell	89840cec-5734-455d-b68e-34d27650e148	6097	male	influenza	1168.0	0.0	0.0	0.13189062	0.0	0.0	0.0054505067	0.0	0.0	0.003890777
51907	vascular associated smooth muscle cell	89840cec-5734-455d-b68e-34d27650e148	6097	male	influenza	684.0	0.0	0.0	0.4011394	0.0	0.0	0.037289727	0.0	0.0	0.034893226
51953	vascular associated smooth muscle cell	89840cec-5734-455d-b68e-34d27650e148	6097	male	influenza	682.0	0.0	0.0	0.19439347	0.0	0.0	0.037721764	0.0	0.0	0.0027476395
52052	vascular associated smooth muscle cell	89840cec-5734-455d-b68e-34d27650e148	6097	male	influenza	443.0	0.0	0.0	0.3157448	0.0	0.0	0.012275186	0.0	0.0	0.008202801
52187	vascular associated smooth muscle cell	89840cec-5734-455d-b68e-34d27650e148	6097	male	influenza	1283.0	0.0	0.0	0.15706058	0.0	0.0	0.010227044	0.0	0.0	0.0019808544
52285	vascular associated smooth muscle cell	89840cec-5734-455d-b68e-34d27650e148	6097	male	influenza	593.0	0.0	0.0	0.29434073	0.0	0.0	0.016163854	0.0	0.0	0.0055623767
52346	vascular associated smooth muscle cell	89840cec-5734-455d-b68e-34d27650e148	6097	male	influenza	284.0	0.0	0.0	0.20660615	0.0	0.0	0.014316323	0.0	0.0	0.001889649
52392	vascular associated smooth muscle cell	89840cec-5734-455d-b68e-34d27650e148	6097	male	influenza	641.0	0.0	0.0	0.054254383	0.0	0.0	0.003212389	0.0	0.0	0.0027918734
52448	vascular associated smooth muscle cell	89840cec-5734-455d-b68e-34d27650e148	6097	male	influenza	468.0	0.0	0.0	0.1974846	0.0	0.0	0.016109299	0.0	0.0	0.013415125
52539	vascular associated smooth muscle cell	89840cec-5734-455d-b68e-34d27650e148	6097	male	influenza	546.0	0.0	0.0	0.13624828	0.0	0.0	0.011342126	0.0	0.0	0.003833273
52612	vascular associated smooth muscle cell	89840cec-5734-455d-b68e-34d27650e148	6097	male	influenza	783.0	0.0	0.0	0.2849368	0.0	0.0	0.18086748	0.0	0.0	0.019544529
52714	vascular associated smooth muscle cell	89840cec-5734-455d-b68e-34d27650e148	6097	male	influenza	1056.0	0.0	0.0	0.1610026	0.0	0.0	0.018729575	0.0	0.0	0.0028703231
52738	vascular associated smooth muscle cell	89840cec-5734-455d-b68e-34d27650e148	6097	male	influenza	1592.0	0.0	0.0	0.07430349	0.0	0.0	0.009572542	0.0	0.0	0.006182095
46635	vascular associated smooth muscle cell	89840cec-5734-455d-b68e-34d27650e148	6099	male	influenza	656.0	0.0	0.0	0.33443618	0.0	0.0	0.0054943413	0.0	0.0	0.0043443823
46669	vascular associated smooth muscle cell	89840cec-5734-455d-b68e-34d27650e148	6099	male	influenza	911.0	0.0	0.0	0.23914583	0.0	0.0	0.23046142	0.0	0.0	0.022162333
46677	vascular associated smooth muscle cell	89840cec-5734-455d-b68e-34d27650e148	6099	male	influenza	698.0	0.0	0.0	1.0640147	0.0	0.0	0.003899867	0.0	0.0	0.0029265299
46741	vascular associated smooth muscle cell	89840cec-5734-455d-b68e-34d27650e148	6099	male	influenza	981.0	0.0	0.0	0.31739852	0.0	0.0	0.011909986	0.0	0.0	0.0049475003
46742	vascular associated smooth muscle cell	89840cec-5734-455d-b68e-34d27650e148	6099	male	influenza	343.0	0.0	0.0	0.6557488	0.0	0.0	0.047596682	0.0	0.0	0.0010673992
46755	vascular associated smooth muscle cell	89840cec-5734-455d-b68e-34d27650e148	6099	male	influenza	384.0	0.0	0.0	0.64728945	0.0	0.0	0.048217125	0.0	0.0	0.012766351
46760	vascular associated smooth muscle cell	89840cec-5734-455d-b68e-34d27650e148	6099	male	influenza	551.0	0.0	0.0	0.60967255	0.0	0.0	0.045850504	0.0	0.0	0.055683974
46788	vascular associated smooth muscle cell	89840cec-5734-455d-b68e-34d27650e148	6099	male	influenza	538.0	0.0	0.0	0.24023926	0.0	0.0	0.020171912	0.0	0.0	0.0024462875
46796	vascular associated smooth muscle cell	89840cec-5734-455d-b68e-34d27650e148	6099	male	influenza	827.0	0.0	0.0	0.5163863	0.0	0.0	0.026491959	0.0	0.0	0.0015483166
46818	vascular associated smooth muscle cell	89840cec-5734-455d-b68e-34d27650e148	6099	male	influenza	495.0	0.0	0.0	0.88695717	0.0	0.0	0.03685038	0.0	0.0	0.003029549
46825	vascular associated smooth muscle cell	89840cec-5734-455d-b68e-34d27650e148	6099	male	influenza	59.0	0.0	0.0	0.28370246	0.0	0.0	0.07224554	0.0	0.0	0.008390743
46847	vascular associated smooth muscle cell	89840cec-5734-455d-b68e-34d27650e148	6099	male	influenza	540.0	0.0	0.0	0.5233827	0.0	0.0	0.009313553	0.0	0.0	0.003892711
46889	vascular associated smooth muscle cell	89840cec-5734-455d-b68e-34d27650e148	6099	male	influenza	481.0	0.0	0.0	0.37228468	0.0	0.0	0.023678225	0.0	0.0	0.001861537
46956	vascular associated smooth muscle cell	89840cec-5734-455d-b68e-34d27650e148	6099	male	influenza	511.0	0.0	0.0	0.4234713	0.0	0.0	0.02020935	0.0	0.0	0.00062158913
46985	vascular associated smooth muscle cell	89840cec-5734-455d-b68e-34d27650e148	6099	male	influenza	498.0	0.0	0.0	0.30686155	0.0	0.0	0.03079525	0.0	0.0	0.002556646
47026	vascular associated smooth muscle cell	89840cec-5734-455d-b68e-34d27650e148	6099	male	influenza	323.0	0.0	0.0	0.8293148	0.0	0.0	0.01975875	0.0	0.0	0.0035158533
47052	vascular associated smooth muscle cell	89840cec-5734-455d-b68e-34d27650e148	6099	male	influenza	51.0	0.0	0.0	0.34753153	0.0	0.0	0.029473592	0.0	0.0	0.0032023822
47161	vascular associated smooth muscle cell	89840cec-5734-455d-b68e-34d27650e148	6099	male	influenza	101.0	0.0	0.0	0.718276	0.0	0.0	0.047529507	0.0	0.0	0.0062753884
47199	vascular associated smooth muscle cell	89840cec-5734-455d-b68e-34d27650e148	6099	male	influenza	146.0	0.0	0.0	0.692215	0.0	0.0	0.06383601	0.0	0.0	0.0076493053
47208	vascular associated smooth muscle cell	89840cec-5734-455d-b68e-34d27650e148	6099	male	influenza	1179.0	0.0	0.0	0.13010944	0.0	0.0	0.010733751	0.0	0.0	0.0037115093
47250	vascular associated smooth muscle cell	89840cec-5734-455d-b68e-34d27650e148	6099	male	influenza	94.0	0.0	0.0	1.0635623	0.0	0.0	0.033874698	0.0	0.0	0.0045976285
47262	vascular associated smooth muscle cell	89840cec-5734-455d-b68e-34d27650e148	6099	male	influenza	457.0	0.0	0.0	0.23867834	0.0	0.0	0.015739882	0.0	0.0	0.0084780995
47278	vascular associated smooth muscle cell	89840cec-5734-455d-b68e-34d27650e148	6099	male	influenza	1175.0	0.0	0.0	0.1447579	0.0	0.0	0.010369582	0.0	0.0	0.003166717
47296	vascular associated smooth muscle cell	89840cec-5734-455d-b68e-34d27650e148	6099	male	influenza	536.0	0.0	0.0	0.39281264	0.0	0.0	0.018716583	0.0	0.0	0.0043224874
47297	vascular associated smooth muscle cell	89840cec-5734-455d-b68e-34d27650e148	6099	male	influenza	626.0	0.0	0.0	1.2348151	0.0	0.0	0.13242586	0.0	0.0	0.020968735
47326	vascular associated smooth muscle cell	89840cec-5734-455d-b68e-34d27650e148	6099	male	influenza	578.0	0.0	0.0	0.48886245	0.0	0.0	0.06934391	0.0	0.0	0.009982842
47368	vascular associated smooth muscle cell	89840cec-5734-455d-b68e-34d27650e148	6099	male	influenza	540.0	0.0	0.0	0.35602278	0.0	0.0	0.0060307602	0.0	0.0	0.0070348894
47478	vascular associated smooth muscle cell	89840cec-5734-455d-b68e-34d27650e148	6099	male	influenza	514.0	0.0	0.0	0.58085066	0.0	0.0	0.023759376	0.0	0.0	0.0022245436
47498	vascular associated smooth muscle cell	89840cec-5734-455d-b68e-34d27650e148	6099	male	influenza	338.0	0.0	0.0	0.29282004	0.0	0.0	0.012174752	0.0	0.0	0.01062938
47525	vascular associated smooth muscle cell	89840cec-5734-455d-b68e-34d27650e148	6099	male	influenza	427.0	0.0	0.0	0.5630498	0.0	0.0	0.022480225	0.0	0.0	0.006427045
47532	vascular associated smooth muscle cell	89840cec-5734-455d-b68e-34d27650e148	6099	male	influenza	561.0	0.0	0.0	0.1686262	0.0	0.0	0.009502474	0.0	0.0	0.0012239688
47625	vascular associated smooth muscle cell	89840cec-5734-455d-b68e-34d27650e148	6099	male	influenza	777.0	0.0	0.0	0.3166825	0.0	0.0	0.0064976756	0.0	0.0	0.0010305634
47661	vascular associated smooth muscle cell	89840cec-5734-455d-b68e-34d27650e148	6099	male	influenza	798.0	0.0	0.0	0.2299083	0.0	0.0	0.011215467	0.0	0.0	0.014599173
47808	vascular associated smooth muscle cell	89840cec-5734-455d-b68e-34d27650e148	6099	male	influenza	719.0	1.0	0.79635054	0.3142572	0.0	0.0	0.016319847	0.0	0.0	0.0025900416
47833	vascular associated smooth muscle cell	89840cec-5734-455d-b68e-34d27650e148	6099	male	influenza	334.0	0.0	0.0	0.69939643	0.0	0.0	0.022373836	0.0	0.0	0.0021292027
47835	vascular associated smooth muscle cell	89840cec-5734-455d-b68e-34d27650e148	6099	male	influenza	681.0	0.0	0.0	0.25302288	0.0	0.0	0.01690426	0.0	0.0	0.02307319
47909	vascular associated smooth muscle cell	89840cec-5734-455d-b68e-34d27650e148	6099	male	influenza	226.0	0.0	0.0	0.30864543	0.0	0.0	0.015638713	0.0	0.0	0.0027659894
47924	vascular associated smooth muscle cell	89840cec-5734-455d-b68e-34d27650e148	6099	male	influenza	345.0	0.0	0.0	0.43800357	0.0	0.0	0.0146940155	0.0	0.0	0.0014386307
47927	vascular associated smooth muscle cell	89840cec-5734-455d-b68e-34d27650e148	6099	male	influenza	788.0	0.0	0.0	0.39593977	0.0	0.0	0.033098426	0.0	0.0	0.0013317307
47947	vascular associated smooth muscle cell	89840cec-5734-455d-b68e-34d27650e148	6099	male	influenza	466.0	0.0	0.0	0.11655048	0.0	0.0	0.016050009	0.0	0.0	0.015745431
47959	vascular associated smooth muscle cell	89840cec-5734-455d-b68e-34d27650e148	6099	male	influenza	686.0	0.0	0.0	0.9665116	0.0	0.0	0.0044668154	0.0	0.0	0.0011301014
48010	vascular associated smooth muscle cell	89840cec-5734-455d-b68e-34d27650e148	6099	male	influenza	523.0	0.0	0.0	0.24524629	0.0	0.0	0.020038178	0.0	0.0	0.016294155
48040	vascular associated smooth muscle cell	89840cec-5734-455d-b68e-34d27650e148	6099	male	influenza	438.0	0.0	0.0	0.21572296	0.0	0.0	0.0125687625	0.0	0.0	0.0019710134
48155	vascular associated smooth muscle cell	89840cec-5734-455d-b68e-34d27650e148	6099	male	influenza	520.0	0.0	0.0	0.20781264	0.0	0.0	0.00720475	0.0	0.0	0.008933471
48254	vascular associated smooth muscle cell	89840cec-5734-455d-b68e-34d27650e148	6099	male	influenza	1013.0	0.0	0.0	0.17136432	0.0	0.0	0.007957104	0.0	0.0	0.0051631387
48273	vascular associated smooth muscle cell	89840cec-5734-455d-b68e-34d27650e148	6099	male	influenza	447.0	0.0	0.0	0.36051577	0.0	0.0	0.020322843	0.0	0.0	0.0057894597
48324	vascular associated smooth muscle cell	89840cec-5734-455d-b68e-34d27650e148	6099	male	influenza	330.0	0.0	0.0	0.33492795	0.0	0.0	0.03662046	0.0	0.0	0.002956945
48326	vascular associated smooth muscle cell	89840cec-5734-455d-b68e-34d27650e148	6099	male	influenza	444.0	0.0	0.0	0.25228062	0.0	0.0	0.029494645	0.0	0.0	0.003855462
48366	vascular associated smooth muscle cell	89840cec-5734-455d-b68e-34d27650e148	6099	male	influenza	64.0	0.0	0.0	0.47468603	0.0	0.0	0.06542642	0.0	0.0	0.0024655703
48420	vascular associated smooth muscle cell	89840cec-5734-455d-b68e-34d27650e148	6099	male	influenza	521.0	0.0	0.0	0.22006842	0.0	0.0	0.0059261466	0.0	0.0	0.0063681263
48454	vascular associated smooth muscle cell	89840cec-5734-455d-b68e-34d27650e148	6099	male	influenza	668.0	0.0	0.0	0.1683204	0.0	0.0	0.009934038	0.0	0.0	0.008716598
48464	vascular associated smooth muscle cell	89840cec-5734-455d-b68e-34d27650e148	6099	male	influenza	1225.0	0.0	0.0	0.15799712	0.0	0.0	0.31004608	0.0	0.0	0.08656672
48465	vascular associated smooth muscle cell	89840cec-5734-455d-b68e-34d27650e148	6099	male	influenza	564.0	0.0	0.0	0.29995942	0.0	0.0	0.0201113	0.0	0.0	0.00064091483
48469	vascular associated smooth muscle cell	89840cec-5734-455d-b68e-34d27650e148	6099	male	influenza	523.0	0.0	0.0	0.43406954	0.0	0.0	0.010495294	0.0	0.0	0.007624525
48472	vascular associated smooth muscle cell	89840cec-5734-455d-b68e-34d27650e148	6099	male	influenza	602.0	0.0	0.0	0.4297547	0.0	0.0	0.023994785	0.0	0.0	0.014601764
48487	vascular associated smooth muscle cell	89840cec-5734-455d-b68e-34d27650e148	6099	male	influenza	1193.0	0.0	0.0	0.08262751	0.0	0.0	0.0094019305	0.0	0.0	0.008404317
48494	vascular associated smooth muscle cell	89840cec-5734-455d-b68e-34d27650e148	6099	male	influenza	225.0	0.0	0.0	0.95680976	0.0	0.0	0.032761745	0.0	0.0	0.0010997322
48557	vascular associated smooth muscle cell	89840cec-5734-455d-b68e-34d27650e148	6099	male	influenza	896.0	0.0	0.0	0.3217401	0.0	0.0	0.025779005	0.0	0.0	0.0034172682
48611	vascular associated smooth muscle cell	89840cec-5734-455d-b68e-34d27650e148	6099	male	influenza	722.0	0.0	0.0	0.2749566	0.0	0.0	0.0080572935	0.0	0.0	0.0029745908
48633	vascular associated smooth muscle cell	89840cec-5734-455d-b68e-34d27650e148	6099	male	influenza	745.0	0.0	0.0	0.21106462	0.0	0.0	0.019091126	0.0	0.0	0.0038176642
48637	vascular associated smooth muscle cell	89840cec-5734-455d-b68e-34d27650e148	6099	male	influenza	532.0	0.0	0.0	0.49626237	0.0	0.0	0.0145994155	0.0	0.0	0.0068555363
48695	vascular associated smooth muscle cell	89840cec-5734-455d-b68e-34d27650e148	6099	male	influenza	468.0	0.0	0.0	0.89032364	0.0	0.0	0.06191348	0.0	0.0	0.0039829346
48700	vascular associated smooth muscle cell	89840cec-5734-455d-b68e-34d27650e148	6099	male	influenza	188.0	0.0	0.0	0.74209374	0.0	0.0	0.02354114	0.0	0.0	0.0027066024
55753	vascular associated smooth muscle cell	89840cec-5734-455d-b68e-34d27650e148	6103	female	influenza	650.0	0.0	0.0	0.67753965	0.0	0.0	0.027387109	0.0	0.0	0.015726514
55803	vascular associated smooth muscle cell	89840cec-5734-455d-b68e-34d27650e148	6103	female	influenza	235.0	0.0	0.0	0.19823931	0.0	0.0	0.00534282	0.0	0.0	0.001090501
55832	vascular associated smooth muscle cell	89840cec-5734-455d-b68e-34d27650e148	6103	female	influenza	83.0	0.0	0.0	0.460271	0.0	0.0	0.021760155	0.0	0.0	0.010196626
55876	vascular associated smooth muscle cell	89840cec-5734-455d-b68e-34d27650e148	6103	female	influenza	172.0	0.0	0.0	0.20861818	0.0	0.0	0.029999435	0.0	0.0	0.0016852721
55923	vascular associated smooth muscle cell	89840cec-5734-455d-b68e-34d27650e148	6103	female	influenza	903.0	0.0	0.0	0.54082716	0.0	0.0	0.03715205	0.0	0.0	0.0039161774
55931	vascular associated smooth muscle cell	89840cec-5734-455d-b68e-34d27650e148	6103	female	influenza	775.0	0.0	0.0	0.5046831	0.0	0.0	0.018417459	0.0	0.0	0.001994619
55934	vascular associated smooth muscle cell	89840cec-5734-455d-b68e-34d27650e148	6103	female	influenza	555.0	0.0	0.0	0.6942149	0.0	0.0	0.059672333	0.0	0.0	0.022344252
56035	vascular associated smooth muscle cell	89840cec-5734-455d-b68e-34d27650e148	6103	female	influenza	755.0	0.0	0.0	0.5741555	0.0	0.0	0.040892694	0.0	0.0	0.0048275357
56090	vascular associated smooth muscle cell	89840cec-5734-455d-b68e-34d27650e148	6103	female	influenza	755.0	0.0	0.0	0.15957472	0.0	0.0	0.004379996	0.0	0.0	0.011142042
56101	vascular associated smooth muscle cell	89840cec-5734-455d-b68e-34d27650e148	6103	female	influenza	976.0	0.0	0.0	0.17979339	0.0	0.0	0.04294207	0.0	0.0	0.0012301361
56154	vascular associated smooth muscle cell	89840cec-5734-455d-b68e-34d27650e148	6103	female	influenza	71.0	0.0	0.0	0.4677303	0.0	0.0	0.034693856	0.0	0.0	0.0025555058
56185	vascular associated smooth muscle cell	89840cec-5734-455d-b68e-34d27650e148	6103	female	influenza	109.0	0.0	0.0	0.6197357	0.0	0.0	0.049855918	0.0	0.0	0.0011878941
56187	vascular associated smooth muscle cell	89840cec-5734-455d-b68e-34d27650e148	6103	female	influenza	169.0	0.0	0.0	1.33758	0.0	0.0	0.052738857	0.0	0.0	0.014968185
56230	vascular associated smooth muscle cell	89840cec-5734-455d-b68e-34d27650e148	6103	female	influenza	710.0	0.0	0.0	0.2870684	0.0	0.0	0.0033487435	0.0	0.0	0.0021615727
56238	vascular associated smooth muscle cell	89840cec-5734-455d-b68e-34d27650e148	6103	female	influenza	1075.0	0.0	0.0	0.31848094	0.0	0.0	0.01780472	0.0	0.0	0.009466577
56269	vascular associated smooth muscle cell	89840cec-5734-455d-b68e-34d27650e148	6103	female	influenza	364.0	0.0	0.0	0.39355388	0.0	0.0	0.016334932	0.0	0.0	0.0025837705
56420	vascular associated smooth muscle cell	89840cec-5734-455d-b68e-34d27650e148	6103	female	influenza	1767.0	0.0	0.0	0.37241194	0.0	0.0	0.048180323	0.0	0.0	0.029188838
56465	vascular associated smooth muscle cell	89840cec-5734-455d-b68e-34d27650e148	6103	female	influenza	377.0	0.0	0.0	0.28366682	0.0	0.0	0.02790267	0.0	0.0	0.00090126036
56471	vascular associated smooth muscle cell	89840cec-5734-455d-b68e-34d27650e148	6103	female	influenza	506.0	0.0	0.0	1.0112715	0.0	0.0	0.025338443	0.0	0.0	0.0030435869
56521	vascular associated smooth muscle cell	89840cec-5734-455d-b68e-34d27650e148	6103	female	influenza	793.0	0.0	0.0	0.26271096	0.0	0.0	0.024727102	0.0	0.0	0.0015900965
56569	vascular associated smooth muscle cell	89840cec-5734-455d-b68e-34d27650e148	6103	female	influenza	887.0	0.0	0.0	0.25115156	0.0	0.0	0.0076871677	0.0	0.0	0.0054158038
56633	vascular associated smooth muscle cell	89840cec-5734-455d-b68e-34d27650e148	6103	female	influenza	446.0	0.0	0.0	0.5298767	0.0	0.0	0.012488483	0.0	0.0	0.008200372
45474	vascular associated smooth muscle cell	89840cec-5734-455d-b68e-34d27650e148	6239	male	influenza	612.0	0.0	0.0	0.13426156	0.0	0.0	0.007096838	0.0	0.0	0.003059445
45612	vascular associated smooth muscle cell	89840cec-5734-455d-b68e-34d27650e148	6239	male	influenza	312.0	0.0	0.0	0.4735669	0.0	0.0	0.010200177	0.0	0.0	0.0026423258
45642	vascular associated smooth muscle cell	89840cec-5734-455d-b68e-34d27650e148	6239	male	influenza	764.0	0.0	0.0	1.2166933	0.0	0.0	0.022626849	0.0	0.0	0.031589147
45765	vascular associated smooth muscle cell	89840cec-5734-455d-b68e-34d27650e148	6239	male	influenza	579.0	0.0	0.0	0.1595017	0.0	0.0	0.008241101	0.0	0.0	0.0050823344
45852	vascular associated smooth muscle cell	89840cec-5734-455d-b68e-34d27650e148	6239	male	influenza	210.0	0.0	0.0	0.52521735	0.0	0.0	0.03229849	0.0	0.0	0.0012123573
46058	vascular associated smooth muscle cell	89840cec-5734-455d-b68e-34d27650e148	6239	male	influenza	507.0	0.0	0.0	0.21896465	0.0	0.0	0.010680955	0.0	0.0	0.00446068
46072	vascular associated smooth muscle cell	89840cec-5734-455d-b68e-34d27650e148	6239	male	influenza	395.0	0.0	0.0	0.40562278	0.0	0.0	0.014119484	0.0	0.0	0.0012971426
46113	vascular associated smooth muscle cell	89840cec-5734-455d-b68e-34d27650e148	6239	male	influenza	2157.0	0.0	0.0	0.088266425	0.0	0.0	0.008868256	0.0	0.0	0.0069106547
46215	vascular associated smooth muscle cell	89840cec-5734-455d-b68e-34d27650e148	6239	male	influenza	381.0	0.0	0.0	0.35958248	0.0	0.0	0.011908224	0.0	0.0	0.002007566
46293	vascular associated smooth muscle cell	89840cec-5734-455d-b68e-34d27650e148	6239	male	influenza	221.0	0.0	0.0	0.2692447	0.0	0.0	0.030516166	0.0	0.0	0.029879263
46314	vascular associated smooth muscle cell	89840cec-5734-455d-b68e-34d27650e148	6239	male	influenza	397.0	0.0	0.0	0.36794457	0.0	0.0	0.0174082	0.0	0.0	0.0035080144
46369	vascular associated smooth muscle cell	89840cec-5734-455d-b68e-34d27650e148	6239	male	influenza	1728.0	0.0	0.0	0.42755508	0.0	0.0	0.011582825	0.0	0.0	0.0058240807
46487	vascular associated smooth muscle cell	89840cec-5734-455d-b68e-34d27650e148	6239	male	influenza	317.0	0.0	0.0	0.62090904	0.0	0.0	0.020302711	0.0	0.0	0.0025733076
46488	vascular associated smooth muscle cell	89840cec-5734-455d-b68e-34d27650e148	6239	male	influenza	571.0	0.0	0.0	0.16869831	0.0	0.0	0.024197116	0.0	0.0	0.00079188147
46586	vascular associated smooth muscle cell	89840cec-5734-455d-b68e-34d27650e148	6239	male	influenza	416.0	0.0	0.0	0.36512956	0.0	0.0	0.015004697	0.0	0.0	0.0026830265
56668	pericyte	98e5ea9f-16d6-47ec-a529-686e76515e39	18_46_F	female	normal	401398.0	2980.0	2.5044093	3.2153852	0.0	0.0	0.006293496	0.0	0.0	0.013412855
56676	pericyte	98e5ea9f-16d6-47ec-a529-686e76515e39	18_46_F	female	normal	420538.0	5267.0	3.104692	3.3856378	0.0	0.0	0.0039618504	0.0	0.0	0.004021909
56805	pericyte	98e5ea9f-16d6-47ec-a529-686e76515e39	18_46_F	female	normal	274460.0	953.0	1.9666138	2.7529635	0.0	0.0	0.0049224133	0.0	0.0	0.0017964691
56807	pericyte	98e5ea9f-16d6-47ec-a529-686e76515e39	18_46_F	female	normal	383743.0	2317.0	2.497056	2.8252492	0.0	0.0	0.003582546	0.0	0.0	0.0053447294
56871	pericyte	98e5ea9f-16d6-47ec-a529-686e76515e39	18_46_F	female	normal	269832.0	2585.0	2.899868	3.137697	0.0	0.0	0.0030488903	0.0	0.0	0.0035189681
56965	pericyte	98e5ea9f-16d6-47ec-a529-686e76515e39	18_46_F	female	normal	120114.0	1006.0	2.6093607	3.2049246	0.0	0.0	0.008483354	0.0	0.0	0.008881621
56979	pericyte	98e5ea9f-16d6-47ec-a529-686e76515e39	18_46_F	female	normal	180684.0	1296.0	2.6746676	2.5451553	0.0	0.0	0.0056142053	0.0	0.0	0.0036659276
57007	pericyte	98e5ea9f-16d6-47ec-a529-686e76515e39	18_46_F	female	normal	300101.0	1893.0	2.4706373	2.5955806	0.0	0.0	0.02500186	0.0	0.0	0.03463374
57129	pericyte	98e5ea9f-16d6-47ec-a529-686e76515e39	18_46_F	female	normal	126752.0	543.0	2.0950773	3.115543	0.0	0.0	0.010541798	0.0	0.0	0.011490228
57144	pericyte	98e5ea9f-16d6-47ec-a529-686e76515e39	18_46_F	female	normal	565738.0	4175.0	2.608032	2.7072194	0.0	0.0	0.008272316	0.0	0.0	0.009107461
57209	pericyte	98e5ea9f-16d6-47ec-a529-686e76515e39	18_47_F	female	normal	676682.0	6931.0	3.22876	3.1997135	0.0	0.0	0.0045127585	0.0	0.0	0.012334186
57214	pericyte	98e5ea9f-16d6-47ec-a529-686e76515e39	18_47_F	female	normal	101264.0	928.0	2.7466106	3.191127	0.0	0.0	0.0067239045	0.0	0.0	0.00563809
57217	pericyte	98e5ea9f-16d6-47ec-a529-686e76515e39	18_47_F	female	normal	231461.0	2456.0	3.0470767	2.8251731	0.0	0.0	0.0055859117	0.0	0.0	0.010428789
57219	pericyte	98e5ea9f-16d6-47ec-a529-686e76515e39	18_47_F	female	normal	412920.0	1600.0	2.209854	2.1389303	0.0	0.0	0.012511846	0.0	0.0	0.03705252
57220	pericyte	98e5ea9f-16d6-47ec-a529-686e76515e39	18_47_F	female	normal	46554.0	219.0	2.281494	3.028333	0.0	0.0	0.007833384	0.0	0.0	0.0070504993
57222	pericyte	98e5ea9f-16d6-47ec-a529-686e76515e39	18_47_F	female	normal	200818.0	659.0	2.0703075	3.2519934	0.0	0.0	0.0050540566	0.0	0.0	0.0024290017
57223	pericyte	98e5ea9f-16d6-47ec-a529-686e76515e39	18_47_F	female	normal	371540.0	3082.0	2.8808713	2.8519049	0.0	0.0	0.0052658883	0.0	0.0	0.011254217
57225	pericyte	98e5ea9f-16d6-47ec-a529-686e76515e39	18_47_F	female	normal	567739.0	766.0	1.4022983	0.81784415	0.0	0.0	0.00340916	0.0	0.0	0.00075448334
56670	pericyte	98e5ea9f-16d6-47ec-a529-686e76515e39	18_53_M	male	normal	301203.0	290.0	1.0889822	3.0776951	0.0	0.0	0.003495659	0.0	0.0	0.0011549366
57456	pericyte	98e5ea9f-16d6-47ec-a529-686e76515e39	24_58_M	male	normal	93826.0	0.0	0.0	0.37747106	0.0	0.0	0.004455081	0.0	0.0	0.005410687
57284	pericyte	98e5ea9f-16d6-47ec-a529-686e76515e39	24_60_M	male	normal	278018.0	767.0	2.04035	2.7354612	0.0	0.0	0.002147858	0.0	0.0	0.0032059352
57493	pericyte	98e5ea9f-16d6-47ec-a529-686e76515e39	24_60_M	male	normal	157369.0	210.0	1.263443	1.9427818	0.0	0.0	0.005967803	0.0	0.0	0.005792005
57603	pericyte	98e5ea9f-16d6-47ec-a529-686e76515e39	24_61_M	male	normal	224210.0	0.0	0.0	0.622548	0.0	0.0	0.0008406232	0.0	0.0	0.0015514916
57925	pericyte	98e5ea9f-16d6-47ec-a529-686e76515e39	3_10_M	male	normal	26074.0	32.0	1.1790116	3.0689182	0.0	0.0	0.0040710946	0.0	0.0	0.0039904388
57819	pericyte	98e5ea9f-16d6-47ec-a529-686e76515e39	3_11_M	male	normal	79825.0	607.0	2.684886	2.732856	0.0	0.0	0.00492156	0.0	0.0	0.026614053
57938	pericyte	98e5ea9f-16d6-47ec-a529-686e76515e39	3_11_M	male	normal	73032.0	273.0	1.923776	3.6886246	0.0	0.0	0.0016945829	0.0	0.0	0.0015775338
57791	pericyte	98e5ea9f-16d6-47ec-a529-686e76515e39	3_38_F	female	normal	37980.0	39.0	0.74885255	1.6943749	0.0	0.0	0.0014607522	0.0	0.0	0.003028547
57924	pericyte	98e5ea9f-16d6-47ec-a529-686e76515e39	3_38_F	female	normal	41781.0	117.0	1.3804765	2.8303392	0.0	0.0	0.011099834	0.0	0.0	0.0089582885
57781	pericyte	98e5ea9f-16d6-47ec-a529-686e76515e39	3_39_F	female	normal	12689.0	124.0	2.7964592	2.9881022	0.0	0.0	0.0037587127	0.0	0.0	0.008623738
57907	pericyte	98e5ea9f-16d6-47ec-a529-686e76515e39	3_39_F	female	normal	38527.0	123.0	1.715622	3.4027097	0.0	0.0	0.02003038	0.0	0.0	0.009970873
57986	pericyte	98e5ea9f-16d6-47ec-a529-686e76515e39	3_39_F	female	normal	27106.0	117.0	2.177374	3.7490847	0.0	0.0	0.006142355	0.0	0.0	0.007106526
57811	pericyte	98e5ea9f-16d6-47ec-a529-686e76515e39	3_8_M	male	normal	115543.0	639.0	2.300246	2.8011436	0.0	0.0	0.0016476219	0.0	0.0	0.0058620754
57928	pericyte	98e5ea9f-16d6-47ec-a529-686e76515e39	3_8_M	male	normal	142975.0	487.0	2.038481	2.4875917	0.0	0.0	0.0078912275	0.0	0.0	0.021758555
58031	pericyte	98e5ea9f-16d6-47ec-a529-686e76515e39	3_8_M	male	normal	57918.0	50.0	0.8435034	2.9512522	0.0	0.0	0.0028762242	0.0	0.0	0.0023644029
57730	pericyte	98e5ea9f-16d6-47ec-a529-686e76515e39	3_9_M	male	normal	83449.0	1209.0	3.1587758	2.9536812	0.0	0.0	0.0008429812	0.0	0.0	0.0018075472
57797	pericyte	98e5ea9f-16d6-47ec-a529-686e76515e39	3_9_M	male	normal	94164.0	1268.0	3.2479756	3.5472505	0.0	0.0	0.00037264862	0.0	0.0	0.0016451733
57956	pericyte	98e5ea9f-16d6-47ec-a529-686e76515e39	3_9_M	male	normal	76251.0	0.0	0.0	0.2780435	0.0	0.0	0.011722828	0.0	0.0	0.000640541
57990	pericyte	98e5ea9f-16d6-47ec-a529-686e76515e39	3_9_M	male	normal	121966.0	583.0	2.0865817	1.7962065	0.0	0.0	0.016335506	0.0	0.0	0.015631838
56717	smooth muscle cell of the pulmonary artery	98e5ea9f-16d6-47ec-a529-686e76515e39	18_45_M	male	normal	57526.0	0.0	0.0	0.087914824	0.0	0.0	0.010060765	0.0	0.0	0.015638502
56751	smooth muscle cell of the pulmonary artery	98e5ea9f-16d6-47ec-a529-686e76515e39	18_45_M	male	normal	122112.0	0.0	0.0	0.01904303	0.0	0.0	0.0020562343	0.0	0.0	0.5127672
56799	smooth muscle cell of the pulmonary artery	98e5ea9f-16d6-47ec-a529-686e76515e39	18_45_M	male	normal	87651.0	0.0	0.0	0.34901503	0.0	0.0	0.0030209091	0.0	0.0	0.0041772416
56806	smooth muscle cell of the pulmonary artery	98e5ea9f-16d6-47ec-a529-686e76515e39	18_45_M	male	normal	79136.0	0.0	0.0	0.23034482	0.0	0.0	0.023503361	0.0	0.0	0.059095502
56836	smooth muscle cell of the pulmonary artery	98e5ea9f-16d6-47ec-a529-686e76515e39	18_45_M	male	normal	67706.0	0.0	0.0	0.02976059	0.0	0.0	0.0012616444	0.0	0.0	0.001232991
56890	smooth muscle cell of the pulmonary artery	98e5ea9f-16d6-47ec-a529-686e76515e39	18_45_M	male	normal	81180.0	0.0	0.0	0.0056240126	0.0	0.0	0.001988278	0.0	0.0	0.010906402
56943	smooth muscle cell of the pulmonary artery	98e5ea9f-16d6-47ec-a529-686e76515e39	18_45_M	male	normal	99778.0	0.0	0.0	0.30099046	0.0	0.0	0.06267261	0.0	0.0	0.01926751
56990	smooth muscle cell of the pulmonary artery	98e5ea9f-16d6-47ec-a529-686e76515e39	18_45_M	male	normal	108838.0	0.0	0.0	0.45379362	0.0	0.0	0.012740817	0.0	0.0	0.11757091
57045	smooth muscle cell of the pulmonary artery	98e5ea9f-16d6-47ec-a529-686e76515e39	18_45_M	male	normal	144833.0	0.0	0.0	0.0050705336	0.0	0.0	0.0005594761	0.0	0.0	0.03905152
57084	smooth muscle cell of the pulmonary artery	98e5ea9f-16d6-47ec-a529-686e76515e39	18_45_M	male	normal	271164.0	0.0	0.0	0.011646736	0.0	0.0	0.002261485	0.0	0.0	0.012172831
57130	smooth muscle cell of the pulmonary artery	98e5ea9f-16d6-47ec-a529-686e76515e39	18_45_M	male	normal	61684.0	0.0	0.0	0.04856128	0.0	0.0	0.017692445	0.0	0.0	0.19272494
57190	smooth muscle cell of the pulmonary artery	98e5ea9f-16d6-47ec-a529-686e76515e39	18_45_M	male	normal	106929.0	0.0	0.0	0.012552393	0.0	0.0	0.011176101	0.0	0.0	0.0058705583
56677	smooth muscle cell of the pulmonary artery	98e5ea9f-16d6-47ec-a529-686e76515e39	18_46_F	female	normal	57004.0	0.0	0.0	0.022123486	0.0	0.0	0.0016433821	0.0	0.0	0.016008582
56771	smooth muscle cell of the pulmonary artery	98e5ea9f-16d6-47ec-a529-686e76515e39	18_46_F	female	normal	79980.0	0.0	0.0	0.14548275	0.0	0.0	0.00024963936	0.0	0.0	0.00085522275
56814	smooth muscle cell of the pulmonary artery	98e5ea9f-16d6-47ec-a529-686e76515e39	18_46_F	female	normal	95166.0	0.0	0.0	0.029579462	0.0	0.0	0.0014655321	0.0	0.0	0.81404096
56824	smooth muscle cell of the pulmonary artery	98e5ea9f-16d6-47ec-a529-686e76515e39	18_46_F	female	normal	143484.0	0.0	0.0	0.061642345	0.0	0.0	0.0013311194	0.0	0.0	0.9627906
56828	smooth muscle cell of the pulmonary artery	98e5ea9f-16d6-47ec-a529-686e76515e39	18_46_F	female	normal	84094.0	0.0	0.0	0.012119413	0.0	0.0	0.0030618308	0.0	0.0	0.022667812
56858	smooth muscle cell of the pulmonary artery	98e5ea9f-16d6-47ec-a529-686e76515e39	18_46_F	female	normal	91699.0	0.0	0.0	0.20381878	0.0	0.0	0.0065549477	0.0	0.0	0.7070787
56862	smooth muscle cell of the pulmonary artery	98e5ea9f-16d6-47ec-a529-686e76515e39	18_46_F	female	normal	148081.0	0.0	0.0	0.0113247745	0.0	0.0	0.0036982698	0.0	0.0	0.29163697
56894	smooth muscle cell of the pulmonary artery	98e5ea9f-16d6-47ec-a529-686e76515e39	18_46_F	female	normal	123195.0	0.0	0.0	0.117595784	0.0	0.0	0.01622441	0.0	0.0	0.47060856
56935	smooth muscle cell of the pulmonary artery	98e5ea9f-16d6-47ec-a529-686e76515e39	18_46_F	female	normal	81389.0	4.0	0.03227854	0.14299466	0.0	0.0	0.0024888657	0.0	0.0	0.019954428
56991	smooth muscle cell of the pulmonary artery	98e5ea9f-16d6-47ec-a529-686e76515e39	18_46_F	female	normal	60135.0	0.0	0.0	0.032991704	0.0	0.0	0.024783986	0.0	0.0	0.6555294
57024	smooth muscle cell of the pulmonary artery	98e5ea9f-16d6-47ec-a529-686e76515e39	18_46_F	female	normal	115158.0	0.0	0.0	0.1146578	0.0	0.0	0.003921688	0.0	0.0	0.015785838
57052	smooth muscle cell of the pulmonary artery	98e5ea9f-16d6-47ec-a529-686e76515e39	18_46_F	female	normal	90154.0	0.0	0.0	0.0334906	0.0	0.0	0.0018820134	0.0	0.0	0.00089811994
57135	smooth muscle cell of the pulmonary artery	98e5ea9f-16d6-47ec-a529-686e76515e39	18_46_F	female	normal	97315.0	0.0	0.0	0.20622562	0.0	0.0	0.00095726183	0.0	0.0	0.20326515
57145	smooth muscle cell of the pulmonary artery	98e5ea9f-16d6-47ec-a529-686e76515e39	18_46_F	female	normal	115132.0	0.0	0.0	0.030945938	0.0	0.0	0.0037129552	0.0	0.0	0.48524046
56674	smooth muscle cell of the pulmonary artery	98e5ea9f-16d6-47ec-a529-686e76515e39	18_47_F	female	normal	179632.0	0.0	0.0	0.0081140995	0.0	0.0	0.00023626995	0.0	0.0	0.0024647932
56686	smooth muscle cell of the pulmonary artery	98e5ea9f-16d6-47ec-a529-686e76515e39	18_47_F	female	normal	57715.0	0.0	0.0	0.023876706	0.0	0.0	0.004143495	0.0	0.0	1.4331136
56750	smooth muscle cell of the pulmonary artery	98e5ea9f-16d6-47ec-a529-686e76515e39	18_47_F	female	normal	40980.0	0.0	0.0	0.0425045	0.0	0.0	0.0057520363	0.0	0.0	0.1027476
56785	smooth muscle cell of the pulmonary artery	98e5ea9f-16d6-47ec-a529-686e76515e39	18_47_F	female	normal	106106.0	0.0	0.0	0.024492817	0.0	0.0	0.0053893845	0.0	0.0	0.88081414
56819	smooth muscle cell of the pulmonary artery	98e5ea9f-16d6-47ec-a529-686e76515e39	18_47_F	female	normal	108421.0	0.0	0.0	0.0090279905	0.0	0.0	0.003985977	0.0	0.0	0.1112545
56821	smooth muscle cell of the pulmonary artery	98e5ea9f-16d6-47ec-a529-686e76515e39	18_47_F	female	normal	8757.0	0.0	0.0	0.028067082	0.0	0.0	0.012240888	0.0	0.0	0.009050531
56932	smooth muscle cell of the pulmonary artery	98e5ea9f-16d6-47ec-a529-686e76515e39	18_47_F	female	normal	114909.0	0.0	0.0	0.026858386	0.0	0.0	0.0325936	0.0	0.0	0.74366355
57056	smooth muscle cell of the pulmonary artery	98e5ea9f-16d6-47ec-a529-686e76515e39	18_47_F	female	normal	190670.0	0.0	0.0	0.012792933	0.0	0.0	0.005649685	0.0	0.0	0.24026436
57111	smooth muscle cell of the pulmonary artery	98e5ea9f-16d6-47ec-a529-686e76515e39	18_47_F	female	normal	101260.0	0.0	0.0	0.007964233	0.0	0.0	0.0012746273	0.0	0.0	0.39922968
57123	smooth muscle cell of the pulmonary artery	98e5ea9f-16d6-47ec-a529-686e76515e39	18_47_F	female	normal	124383.0	0.0	0.0	0.022640672	0.0	0.0	0.003711216	0.0	0.0	0.4651835
57154	smooth muscle cell of the pulmonary artery	98e5ea9f-16d6-47ec-a529-686e76515e39	18_47_F	female	normal	213811.0	0.0	0.0	0.07528808	0.0	0.0	0.0147041455	0.0	0.0	0.093260184
56690	smooth muscle cell of the pulmonary artery	98e5ea9f-16d6-47ec-a529-686e76515e39	18_53_M	male	normal	90728.0	0.0	0.0	0.06198535	0.0	0.0	0.008320236	0.0	0.0	1.3156049
56749	smooth muscle cell of the pulmonary artery	98e5ea9f-16d6-47ec-a529-686e76515e39	18_53_M	male	normal	135315.0	0.0	0.0	0.01733946	0.0	0.0	0.0030216712	0.0	0.0	1.2123004
56755	smooth muscle cell of the pulmonary artery	98e5ea9f-16d6-47ec-a529-686e76515e39	18_53_M	male	normal	49805.0	0.0	0.0	0.008988868	0.0	0.0	0.0006243761	0.0	0.0	0.01294139
56817	smooth muscle cell of the pulmonary artery	98e5ea9f-16d6-47ec-a529-686e76515e39	18_53_M	male	normal	69659.0	0.0	0.0	0.008012518	0.0	0.0	0.0033295164	0.0	0.0	0.0024062986
56854	smooth muscle cell of the pulmonary artery	98e5ea9f-16d6-47ec-a529-686e76515e39	18_53_M	male	normal	57077.0	0.0	0.0	0.048799668	0.0	0.0	0.0022499503	0.0	0.0	0.06368081
56885	smooth muscle cell of the pulmonary artery	98e5ea9f-16d6-47ec-a529-686e76515e39	18_53_M	male	normal	24735.0	0.0	0.0	0.030102741	0.0	0.0	0.019299213	0.0	0.0	0.31233516
56887	smooth muscle cell of the pulmonary artery	98e5ea9f-16d6-47ec-a529-686e76515e39	18_53_M	male	normal	42555.0	0.0	0.0	0.011051954	0.0	0.0	0.0015303066	0.0	0.0	0.23972504
56987	smooth muscle cell of the pulmonary artery	98e5ea9f-16d6-47ec-a529-686e76515e39	18_53_M	male	normal	60311.0	0.0	0.0	0.13064738	0.0	0.0	0.004610746	0.0	0.0	0.08904401
57021	smooth muscle cell of the pulmonary artery	98e5ea9f-16d6-47ec-a529-686e76515e39	18_53_M	male	normal	148491.0	0.0	0.0	0.4758549	0.0	0.0	0.014953069	0.0	0.0	0.06355018
57122	smooth muscle cell of the pulmonary artery	98e5ea9f-16d6-47ec-a529-686e76515e39	18_53_M	male	normal	218595.0	0.0	0.0	0.010559372	0.0	0.0	0.005729511	0.0	0.0	0.055873405
57355	smooth muscle cell of the pulmonary artery	98e5ea9f-16d6-47ec-a529-686e76515e39	24_59_M	male	normal	241792.0	0.0	0.0	0.060991902	0.0	0.0	0.0036476457	0.0	0.0	0.060694553
57359	smooth muscle cell of the pulmonary artery	98e5ea9f-16d6-47ec-a529-686e76515e39	24_59_M	male	normal	225028.0	0.0	0.0	0.001063685	0.0	0.0	0.000490624	0.0	0.0	0.010910414
57238	smooth muscle cell of the pulmonary artery	98e5ea9f-16d6-47ec-a529-686e76515e39	24_60_M	male	normal	53972.0	0.0	0.0	0.08558101	0.0	0.0	0.014289483	0.0	0.0	0.03212332
57256	smooth muscle cell of the pulmonary artery	98e5ea9f-16d6-47ec-a529-686e76515e39	24_60_M	male	normal	112995.0	0.0	0.0	0.5831808	0.0	0.0	0.005011746	0.0	0.0	0.39282337
57295	smooth muscle cell of the pulmonary artery	98e5ea9f-16d6-47ec-a529-686e76515e39	24_60_M	male	normal	15742.0	0.0	0.0	0.0040335814	0.0	0.0	0.0064951344	0.0	0.0	0.07774524
57305	smooth muscle cell of the pulmonary artery	98e5ea9f-16d6-47ec-a529-686e76515e39	24_60_M	male	normal	48492.0	0.0	0.0	0.022772575	0.0	0.0	0.0040178	0.0	0.0	0.0063344548
57332	smooth muscle cell of the pulmonary artery	98e5ea9f-16d6-47ec-a529-686e76515e39	24_60_M	male	normal	142383.0	0.0	0.0	0.012356857	0.0	0.0	0.00025406206	0.0	0.0	0.016517734
57581	smooth muscle cell of the pulmonary artery	98e5ea9f-16d6-47ec-a529-686e76515e39	24_61_M	male	normal	22103.0	0.0	0.0	0.0070736245	0.0	0.0	0.0011918665	0.0	0.0	0.009585814
57604	smooth muscle cell of the pulmonary artery	98e5ea9f-16d6-47ec-a529-686e76515e39	24_61_M	male	normal	77203.0	0.0	0.0	0.088111974	0.0	0.0	0.0036155279	0.0	0.0	0.029831773
57810	smooth muscle cell of the pulmonary artery	98e5ea9f-16d6-47ec-a529-686e76515e39	3_11_M	male	normal	26248.0	0.0	0.0	0.008906446	0.0	0.0	0.002550444	0.0	0.0	0.0047179884
57685	smooth muscle cell of the pulmonary artery	98e5ea9f-16d6-47ec-a529-686e76515e39	3_38_F	female	normal	31695.0	0.0	0.0	0.0040979343	0.0	0.0	0.0019558864	0.0	0.0	0.09926388
57737	smooth muscle cell of the pulmonary artery	98e5ea9f-16d6-47ec-a529-686e76515e39	3_38_F	female	normal	46748.0	0.0	0.0	0.004600514	0.0	0.0	0.0017071157	0.0	0.0	1.4208673
57748	smooth muscle cell of the pulmonary artery	98e5ea9f-16d6-47ec-a529-686e76515e39	3_38_F	female	normal	64793.0	0.0	0.0	0.014455171	0.0	0.0	0.0018739818	0.0	0.0	0.55564433
57754	smooth muscle cell of the pulmonary artery	98e5ea9f-16d6-47ec-a529-686e76515e39	3_38_F	female	normal	41267.0	0.0	0.0	0.012159962	0.0	0.0	0.0025355448	0.0	0.0	0.032663412
57768	smooth muscle cell of the pulmonary artery	98e5ea9f-16d6-47ec-a529-686e76515e39	3_38_F	female	normal	11630.0	0.0	0.0	0.01498351	0.0	0.0	0.0034244712	0.0	0.0	0.025052872
57820	smooth muscle cell of the pulmonary artery	98e5ea9f-16d6-47ec-a529-686e76515e39	3_38_F	female	normal	17631.0	0.0	0.0	0.011559979	0.0	0.0	0.0011619331	0.0	0.0	0.69336253
57822	smooth muscle cell of the pulmonary artery	98e5ea9f-16d6-47ec-a529-686e76515e39	3_38_F	female	normal	32011.0	0.0	0.0	0.0006277105	0.0	0.0	0.00047137385	0.0	0.0	0.4965772
57827	smooth muscle cell of the pulmonary artery	98e5ea9f-16d6-47ec-a529-686e76515e39	3_38_F	female	normal	63105.0	0.0	0.0	0.06842455	0.0	0.0	0.016132936	0.0	0.0	0.15342118
57834	smooth muscle cell of the pulmonary artery	98e5ea9f-16d6-47ec-a529-686e76515e39	3_38_F	female	normal	17200.0	0.0	0.0	0.085246705	0.0	0.0	0.004901347	0.0	0.0	0.13244906
57867	smooth muscle cell of the pulmonary artery	98e5ea9f-16d6-47ec-a529-686e76515e39	3_38_F	female	normal	30114.0	0.0	0.0	0.0021436098	0.0	0.0	0.0011856174	0.0	0.0	0.33492598
57892	smooth muscle cell of the pulmonary artery	98e5ea9f-16d6-47ec-a529-686e76515e39	3_38_F	female	normal	40421.0	0.0	0.0	0.029621866	0.0	0.0	0.0065842276	0.0	0.0	0.44989723
57957	smooth muscle cell of the pulmonary artery	98e5ea9f-16d6-47ec-a529-686e76515e39	3_38_F	female	normal	41006.0	0.0	0.0	0.035659175	0.0	0.0	0.00506345	0.0	0.0	0.37471634
57963	smooth muscle cell of the pulmonary artery	98e5ea9f-16d6-47ec-a529-686e76515e39	3_38_F	female	normal	51108.0	0.0	0.0	0.019423597	0.0	0.0	0.0047969106	0.0	0.0	0.14922038
58002	smooth muscle cell of the pulmonary artery	98e5ea9f-16d6-47ec-a529-686e76515e39	3_38_F	female	normal	57920.0	0.0	0.0	0.07106297	0.0	0.0	0.008337197	0.0	0.0	0.5169743
58003	smooth muscle cell of the pulmonary artery	98e5ea9f-16d6-47ec-a529-686e76515e39	3_38_F	female	normal	67904.0	0.0	0.0	0.0096510695	0.0	0.0	0.0035448	0.0	0.0	0.1494029
58006	smooth muscle cell of the pulmonary artery	98e5ea9f-16d6-47ec-a529-686e76515e39	3_38_F	female	normal	40062.0	0.0	0.0	0.03683846	0.0	0.0	0.0021870153	0.0	0.0	0.8098655
58027	smooth muscle cell of the pulmonary artery	98e5ea9f-16d6-47ec-a529-686e76515e39	3_38_F	female	normal	22026.0	0.0	0.0	0.060458228	0.0	0.0	0.006948286	0.0	0.0	0.20008789
57694	smooth muscle cell of the pulmonary artery	98e5ea9f-16d6-47ec-a529-686e76515e39	3_39_F	female	normal	72733.0	0.0	0.0	0.0036788094	0.0	0.0	0.001053227	0.0	0.0	0.24626437
57695	smooth muscle cell of the pulmonary artery	98e5ea9f-16d6-47ec-a529-686e76515e39	3_39_F	female	normal	34595.0	0.0	0.0	0.0059252516	0.0	0.0	0.0010020442	0.0	0.0	1.0323551
57716	smooth muscle cell of the pulmonary artery	98e5ea9f-16d6-47ec-a529-686e76515e39	3_39_F	female	normal	71843.0	0.0	0.0	0.006117515	0.0	0.0	0.0016151011	0.0	0.0	1.4757626
57724	smooth muscle cell of the pulmonary artery	98e5ea9f-16d6-47ec-a529-686e76515e39	3_39_F	female	normal	86774.0	0.0	0.0	0.003237283	0.0	0.0	0.0011328104	0.0	0.0	0.27926272
57742	smooth muscle cell of the pulmonary artery	98e5ea9f-16d6-47ec-a529-686e76515e39	3_39_F	female	normal	94343.0	0.0	0.0	0.0034689344	0.0	0.0	0.0015999823	0.0	0.0	0.5379075
57744	smooth muscle cell of the pulmonary artery	98e5ea9f-16d6-47ec-a529-686e76515e39	3_39_F	female	normal	55591.0	0.0	0.0	0.024817234	0.0	0.0	0.0120328525	0.0	0.0	0.024362179
57770	smooth muscle cell of the pulmonary artery	98e5ea9f-16d6-47ec-a529-686e76515e39	3_39_F	female	normal	104403.0	0.0	0.0	0.018591143	0.0	0.0	0.0023302971	0.0	0.0	0.8819806
57771	smooth muscle cell of the pulmonary artery	98e5ea9f-16d6-47ec-a529-686e76515e39	3_39_F	female	normal	126393.0	0.0	0.0	0.06056296	0.0	0.0	0.0031530159	0.0	0.0	0.24473283
57803	smooth muscle cell of the pulmonary artery	98e5ea9f-16d6-47ec-a529-686e76515e39	3_39_F	female	normal	80058.0	0.0	0.0	0.05011851	0.0	0.0	0.016566116	0.0	0.0	0.09387311
57821	smooth muscle cell of the pulmonary artery	98e5ea9f-16d6-47ec-a529-686e76515e39	3_39_F	female	normal	99804.0	0.0	0.0	0.018431135	0.0	0.0	0.0023073428	0.0	0.0	0.4707372
57838	smooth muscle cell of the pulmonary artery	98e5ea9f-16d6-47ec-a529-686e76515e39	3_39_F	female	normal	93213.0	0.0	0.0	0.008027578	0.0	0.0	0.0027555868	0.0	0.0	0.6872581
57845	smooth muscle cell of the pulmonary artery	98e5ea9f-16d6-47ec-a529-686e76515e39	3_39_F	female	normal	50698.0	0.0	0.0	0.034844697	0.0	0.0	0.0034599279	0.0	0.0	0.106357895
57864	smooth muscle cell of the pulmonary artery	98e5ea9f-16d6-47ec-a529-686e76515e39	3_39_F	female	normal	56782.0	0.0	0.0	0.12158122	0.0	0.0	0.004987323	0.0	0.0	0.4371218
57868	smooth muscle cell of the pulmonary artery	98e5ea9f-16d6-47ec-a529-686e76515e39	3_39_F	female	normal	87226.0	0.0	0.0	0.004115468	0.0	0.0	0.0005778583	0.0	0.0	0.5471015
57874	smooth muscle cell of the pulmonary artery	98e5ea9f-16d6-47ec-a529-686e76515e39	3_39_F	female	normal	44476.0	0.0	0.0	0.024134161	0.0	0.0	0.0040148986	0.0	0.0	0.004023291
57943	smooth muscle cell of the pulmonary artery	98e5ea9f-16d6-47ec-a529-686e76515e39	3_39_F	female	normal	30967.0	0.0	0.0	0.007284835	0.0	0.0	0.0012907296	0.0	0.0	1.0820417
57955	smooth muscle cell of the pulmonary artery	98e5ea9f-16d6-47ec-a529-686e76515e39	3_39_F	female	normal	93139.0	0.0	0.0	0.036881376	0.0	0.0	0.005848084	0.0	0.0	0.17661898
57961	smooth muscle cell of the pulmonary artery	98e5ea9f-16d6-47ec-a529-686e76515e39	3_39_F	female	normal	39206.0	0.0	0.0	0.046533242	0.0	0.0	0.0061680065	0.0	0.0	0.7592958
57966	smooth muscle cell of the pulmonary artery	98e5ea9f-16d6-47ec-a529-686e76515e39	3_39_F	female	normal	70527.0	0.0	0.0	0.021963147	0.0	0.0	0.0019141383	0.0	0.0	0.20204093
57994	smooth muscle cell of the pulmonary artery	98e5ea9f-16d6-47ec-a529-686e76515e39	3_39_F	female	normal	50661.0	0.0	0.0	0.0020066027	0.0	0.0	0.00077438354	0.0	0.0	1.6624507
57996	smooth muscle cell of the pulmonary artery	98e5ea9f-16d6-47ec-a529-686e76515e39	3_39_F	female	normal	55110.0	0.0	0.0	0.018524488	0.0	0.0	0.0009286179	0.0	0.0	0.08077211
58019	smooth muscle cell of the pulmonary artery	98e5ea9f-16d6-47ec-a529-686e76515e39	3_39_F	female	normal	32094.0	0.0	0.0	0.042529225	0.0	0.0	0.002459456	0.0	0.0	1.856733
58037	smooth muscle cell of the pulmonary artery	98e5ea9f-16d6-47ec-a529-686e76515e39	3_39_F	female	normal	24584.0	0.0	0.0	0.0036313243	0.0	0.0	0.0012847856	0.0	0.0	0.8994602
58041	smooth muscle cell of the pulmonary artery	98e5ea9f-16d6-47ec-a529-686e76515e39	3_39_F	female	normal	46555.0	0.0	0.0	0.007026171	0.0	0.0	0.0014351468	0.0	0.0	0.049851775
57723	smooth muscle cell of the pulmonary artery	98e5ea9f-16d6-47ec-a529-686e76515e39	3_8_M	male	normal	71537.0	0.0	0.0	0.011841988	0.0	0.0	0.0019696087	0.0	0.0	0.016980289
57749	smooth muscle cell of the pulmonary artery	98e5ea9f-16d6-47ec-a529-686e76515e39	3_8_M	male	normal	32520.0	0.0	0.0	0.017038887	0.0	0.0	0.00029806708	0.0	0.0	0.053807802
57809	smooth muscle cell of the pulmonary artery	98e5ea9f-16d6-47ec-a529-686e76515e39	3_8_M	male	normal	89526.0	0.0	0.0	0.021601	0.0	0.0	0.0006552209	0.0	0.0	0.6172433
57844	smooth muscle cell of the pulmonary artery	98e5ea9f-16d6-47ec-a529-686e76515e39	3_8_M	male	normal	94382.0	0.0	0.0	0.2484348	0.0	0.0	0.049205936	0.0	0.0	0.042480905
57897	smooth muscle cell of the pulmonary artery	98e5ea9f-16d6-47ec-a529-686e76515e39	3_8_M	male	normal	59331.0	0.0	0.0	0.031554062	0.0	0.0	0.011074074	0.0	0.0	0.01710549
58044	smooth muscle cell of the pulmonary artery	98e5ea9f-16d6-47ec-a529-686e76515e39	3_8_M	male	normal	94447.0	0.0	0.0	0.2900712	0.0	0.0	0.018084213	0.0	0.0	0.108623244
57698	smooth muscle cell of the pulmonary artery	98e5ea9f-16d6-47ec-a529-686e76515e39	3_9_M	male	normal	36503.0	0.0	0.0	0.19579999	0.0	0.0	0.0136414245	0.0	0.0	0.02585002
57722	smooth muscle cell of the pulmonary artery	98e5ea9f-16d6-47ec-a529-686e76515e39	3_9_M	male	normal	36037.0	0.0	0.0	0.003782574	0.0	0.0	0.0005273882	0.0	0.0	0.020982662
57752	smooth muscle cell of the pulmonary artery	98e5ea9f-16d6-47ec-a529-686e76515e39	3_9_M	male	normal	65728.0	0.0	0.0	0.0083918255	0.0	0.0	0.0015124185	0.0	0.0	0.0372999
57774	smooth muscle cell of the pulmonary artery	98e5ea9f-16d6-47ec-a529-686e76515e39	3_9_M	male	normal	62571.0	0.0	0.0	0.00888823	0.0	0.0	0.0035768978	0.0	0.0	0.25516272
57808	smooth muscle cell of the pulmonary artery	98e5ea9f-16d6-47ec-a529-686e76515e39	3_9_M	male	normal	56400.0	0.0	0.0	0.022983717	0.0	0.0	0.001450356	0.0	0.0	0.16165747
57971	smooth muscle cell of the pulmonary artery	98e5ea9f-16d6-47ec-a529-686e76515e39	3_9_M	male	normal	73051.0	0.0	0.0	0.12363771	0.0	0.0	0.003153175	0.0	0.0	0.51309776
58043	smooth muscle cell of the pulmonary artery	98e5ea9f-16d6-47ec-a529-686e76515e39	3_9_M	male	normal	22343.0	0.0	0.0	0.0030520752	0.0	0.0	0.0005902802	0.0	0.0	0.15122736
