Estimate	Std. Error	t value	Pr(>|t|)	term
-0.340017387626549	0.240170503281004	-1.41573333519946	0.166822726420732	(Intercept)
0.646317923646394	0.308612016368639	2.09427335737427	0.0445052151236486	disease_groupFibrotic_ILD
0.77248521873454	0.33397522723785	2.31300155141265	0.0275261843419347	disease_groupOther
0.00428240011883712	0.00414274972440108	1.03370958994059	0.309269226075085	age
0.0781132999377981	0.176951270616655	0.441439610270004	0.661958635142815	sexmale
