contrast	estimate	SE	df	t.ratio	p.value
Healthy - Fibrotic_ILD	-0.646317923646394	0.284964493563969	31	-2.26806475278054	0.0456622813749222
Healthy - Other	-0.77248521873454	0.328725467349522	31	-2.34994028592614	0.0456622813749222
Fibrotic_ILD - Other	-0.126167295088146	0.411591306241448	31	-0.306535374229049	0.761246539877857
