Estimate	Std. Error	t value	Pr(>|t|)	term
-0.297380905121931	0.138569714546077	-2.14607431426184	0.0398062076562467	(Intercept)
0.469107342713696	0.264528464711411	1.77337188731456	0.0859928580404844	disease_groupFibrotic_ILD
0.560578092896446	0.300136598039039	1.86774320945536	0.0712771928381328	disease_groupOther
0.00380671798967409	0.00261755876151221	1.45430087211294	0.155913764906159	age
0.0775358180718018	0.111506203005216	0.695349818952899	0.492016042812892	sexmale
