Estimate	Std. Error	t value	Pr(>|t|)	term
-0.343326917348108	0.322550616094525	-1.06441253005542	0.295362877135639	(Intercept)
0.728979145310574	0.337713988172218	2.15856959096059	0.0387409829248541	disease_groupFibrotic_ILD
1.11255012202478	0.319005285063388	3.48756015689117	0.00148160213875555	disease_groupOther
0.00350379064690182	0.00488317859883368	0.717522526769486	0.47842414157	age
0.0695493463127476	0.211591582082604	0.328696187382332	0.744595546100048	sexmale
