contrast	estimate	SE	df	t.ratio	p.value
Healthy - Fibrotic_ILD	-0.507465919144702	0.220986542875251	31	-2.2963657087082	0.0428620247568508
Healthy - Other	-0.847666214727166	0.254922652559572	31	-3.32518984176613	0.00684198738034113
Fibrotic_ILD - Other	-0.340200295582464	0.319184115558553	31	-1.0658434395682	0.294725651356305
