disease_group	emmean	SE	df	lower.CL	upper.CL
Healthy	-0.164118207525003	0.122817092967499	31	-0.414605320079535	0.0863689050295293
Fibrotic_ILD	0.564860937785571	0.316566595815271	31	-0.0807808910596098	1.21050276663075
Other	0.94843191449978	0.35969819954184	31	0.21482259988962	1.68204122910994
