disease_group	emmean	SE	df	lower.CL	upper.CL
Healthy	-0.135694373604851	0.0813687724667279	31	-0.301647079167512	0.0302583319578106
Fibrotic_ILD	0.371771545539851	0.209731680526552	31	-0.0559790370293667	0.79952212810907
Other	0.711971841122315	0.238307227829898	31	0.225941045589785	1.19800263665485
