disease_group	emmean	SE	df	lower.CL	upper.CL
Healthy	-0.101691621178353	0.068527340587922	31	-0.241454053753207	0.0380708113965
Fibrotic_ILD	0.367415721535343	0.176632310747925	31	0.00717174869688147	0.727659694373805
Other	0.458886471718093	0.20069813112568	31	0.0495599346206388	0.868213008815547
