Sum Sq	Df	F value	Pr(>F)
disease_group	2.49811667231418	2	7.43932228511099	0.00229690104042694
age	0.153027442969586	1	0.911422976623902	0.347122925381857
sex	0.0360533081154282	1	0.214731506728718	0.646321005076067
Residuals	5.20488385055791	31	NA	NA
