disease_group	emmean	SE	df	lower.CL	upper.CL
Healthy	-0.124430688314475	0.10492589610306	31	-0.338428464291858	0.0895670876629072
Fibrotic_ILD	0.521887235331919	0.270451229056547	31	-0.0297016829233431	1.07347615358718
Other	0.648054530420065	0.307299700731169	31	0.0213126587052536	1.27479640213488
