contrast	estimate	SE	df	t.ratio	p.value
Healthy - Fibrotic_ILD	-0.469107342713696	0.186110956695974	31	-2.52057885812718	0.0256152004919069
Healthy - Other	-0.560578092896446	0.21469134787144	31	-2.61108842277206	0.0256152004919069
Fibrotic_ILD - Other	-0.0914707501827496	0.268811215089666	31	-0.340278772045423	0.735941719535793
