Estimate	Std. Error	t value	Pr(>|t|)	term
-0.290031314217334	0.202505041658108	-1.43221774550679	0.162088496354089	(Intercept)
0.507465919144702	0.245334998720808	2.06846117264419	0.0470250702407031	disease_groupFibrotic_ILD
0.847666214727166	0.286232692161785	2.96145841456868	0.00582998350726511	disease_groupOther
0.00290918798544802	0.00323201074100656	0.90011705361536	0.374997512455265	age
0.0688274939802521	0.138271082954092	0.497772148086119	0.622157476041615	sexmale
