Sum Sq	Df	F value	Pr(>F)
disease_group	4.5638530336525	2	5.96554612193524	0.00642896731441787
age	0.221973969621184	1	0.580297368859161	0.451952705800665
sex	0.0368135170678823	1	0.0962400552163896	0.758465340056794
Residuals	11.8580462837266	31	NA	NA
