Sum Sq	Df	F value	Pr(>F)
disease_group	1.41828437086967	2	5.95486260094312	0.00647876740608145
age	0.262015606289649	1	2.20021734259249	0.148087833531504
sex	0.0457536718195124	1	0.384206206836746	0.539890468901886
Residuals	3.69167338050726	31	NA	NA
