contrast	estimate	SE	df	t.ratio	p.value
Healthy - Fibrotic_ILD	-0.54706136136491	0.27035895777227	31	-2.02346305028189	0.155159399150627
Healthy - Other	0.0156359792652267	0.311877011884179	31	0.0501350810396804	0.960336389225095
Fibrotic_ILD - Other	0.562697340630136	0.390495655061621	31	1.44098233446757	0.239422510216469
