Estimate	Std. Error	t value	Pr(>|t|)	term
0.0722304546590783	0.295715773891804	0.244256346925565	0.808641730177792	(Intercept)
0.0395954422202072	0.310356873507217	0.127580361835571	0.899305089544618	disease_groupFibrotic_ILD
-0.863302193992393	0.240720697195787	-3.58632308750018	0.00113602943484659	disease_groupOther
0.00559434707828927	0.00432890573818336	1.2923236070825	0.205795701050687	age
-0.272191749995634	0.233167365420042	-1.16736640869657	0.251963411396147	sexmale
