disease_group	emmean	SE	df	lower.CL	upper.CL
Healthy	0.0310516245058905	0.0995480368763089	31	-0.171977935265707	0.234081184277488
Fibrotic_ILD	0.5781129858708	0.256589554373881	31	0.0547951395204077	1.10143083222119
Other	0.0154156452406638	0.291549398924534	31	-0.579203274154713	0.610034564636041
