Estimate	Std. Error	t value	Pr(>|t|)	term
-0.217800859558256	0.247994759390411	-0.878247831097827	0.386565767946457	(Intercept)
0.54706136136491	0.1956577401689	2.79601185668741	0.00880415386731525	disease_groupFibrotic_ILD
-0.0156359792652267	0.473924632757532	-0.0329925439288705	0.973892049930264	disease_groupOther
0.00850353506373729	0.00397775532916075	2.13777227608703	0.0405282933537287	age
-0.203364256015381	0.200096943772478	-1.0163286464116	0.317339844706159	sexmale
