disease_group	emmean	SE	df	lower.CL	upper.CL
Healthy	0.155482312820366	0.128453930200374	31	-0.106501205065763	0.417465830706494
Fibrotic_ILD	0.0562257505388809	0.331095797987872	31	-0.619048581502732	0.731500082580494
Other	-0.632638885179401	0.376206978204367	31	-1.39991807585537	0.134640305496566
