Estimate	Std. Error	t value	Pr(>|t|)	term
0.0795800455636746	0.250659871586872	0.31748219234244	0.753006348230218	(Intercept)
0.0779540186512128	0.254884297786977	0.305840804349447	0.76177034704637	disease_groupFibrotic_ILD
-0.576214072161673	0.20875074883064	-2.76029703073858	0.00961055659508028	disease_groupOther
0.0046968170740632	0.00418569665099307	1.12211119574298	0.270431619903492	age
-0.280900074087183	0.201804283329325	-1.39194307203471	0.17384651149268	sexmale
