Estimate	Std. Error	t value	Pr(>|t|)	term
0.122216528068293	0.274932523035184	0.444532813793924	0.659745548471146	(Intercept)
-0.0992565622814848	0.294766835915378	-0.336729069175134	0.738590177030921	disease_groupFibrotic_ILD
-0.788121197999766	0.211423768464437	-3.72768494159318	0.000773821001657231	disease_groupOther
0.00422113494490017	0.00481660331139649	0.876371723391172	0.387568718116768	age
-0.281477555953179	0.232547742617791	-1.21040760398095	0.235270924123312	sexmale
