Sum Sq	Df	F value	Pr(>F)
disease_group	1.97473723927393	2	3.02216682922448	0.063229325969992
age	0.565880286246067	1	1.73206297667604	0.197796903002291
sex	0.563859785105182	1	1.72587856752534	0.198577960058193
Residuals	10.1279740458936	31	NA	NA
