contrast	estimate	SE	df	t.ratio	p.value
Healthy - Fibrotic_ILD	-0.0779540186512128	0.296968131000433	31	-0.262499610273329	0.794672924172025
Healthy - Other	0.576214072161673	0.34257246027431	31	1.6820209998792	0.206051430098418
Fibrotic_ILD - Other	0.654168090812886	0.428928879601317	31	1.52512018174417	0.206051430098418
