disease_group	emmean	SE	df	lower.CL	upper.CL
Healthy	0.195169832030894	0.138327719849333	31	-0.0869514126111755	0.477291076672963
Fibrotic_ILD	0.0132520480852284	0.356545936087086	31	-0.713928182822377	0.740432278992834
Other	-0.933016269259117	0.40512464978877	31	-1.75927343996995	-0.106759098548284
