disease_group	emmean	SE	df	lower.CL	upper.CL
Healthy	0.166745998110741	0.113504618389098	31	-0.0647481973219176	0.3982401935434
Fibrotic_ILD	0.206341440330949	0.292563272624086	31	-0.390345288107613	0.80302816876951
Other	-0.696556195881651	0.33242446867755	31	-1.3745403696607	-0.0185720221026059
