disease_group	emmean	SE	df	lower.CL	upper.CL
Healthy	0.132743245684244	0.109345718372021	31	-0.0902688172413672	0.355755308609855
Fibrotic_ILD	0.210697264335457	0.281843520275847	31	-0.364126385046831	0.785520913717744
Other	-0.443470826477429	0.320244170218498	31	-1.09661311776812	0.209671464813258
