contrast	estimate	SE	df	t.ratio	p.value
Healthy - Fibrotic_ILD	0.181917783945665	0.375679313655861	31	0.48423689389592	0.631621405024387
Healthy - Other	1.12818610129001	0.43337103654757	31	2.60327988293276	0.0421286550381178
Fibrotic_ILD - Other	0.946268317344345	0.54261616070704	31	1.74389999020917	0.136630330839277
