Sum Sq	Df	F value	Pr(>F)
disease_group	1.04673489749943	2	2.08260778614443	0.141693637960089
age	1.30744902167059	1	5.20266118770456	0.0295793787220074
sex	0.314753414680348	1	1.2524812418021	0.271676075878176
Residuals	7.790420749976	31	NA	NA
