Sum Sq	Df	F value	Pr(>F)
disease_group	3.30976533067746	2	3.41047562743294	0.0458409187517601
age	0.451982228339949	1	0.931470493994635	0.341950286692419
sex	0.566854462306871	1	1.16820567916426	0.288107278017622
Residuals	15.0422897653472	31	NA	NA
