Sum Sq	Df	F value	Pr(>F)
disease_group	0.917406773000558	2	1.51284544527795	0.236101362745611
age	0.398871533660044	1	1.31551455844388	0.260174279672292
sex	0.600516456644906	1	1.98055783538269	0.169279801956895
Residuals	9.39937719738189	31	NA	NA
