contrast	estimate	SE	df	t.ratio	p.value
Healthy - Fibrotic_ILD	-0.0395954422202072	0.308263139012427	31	-0.128446892311088	0.898625025517078
Healthy - Other	0.863302193992393	0.355602002099056	31	2.42772028530906	0.0635840522333158
Fibrotic_ILD - Other	0.9028976362126	0.445242936989736	31	2.02787638208715	0.076862715389728
