Estimate	Std. Error	t value	Pr(>|t|)	term
0.125526057789851	0.343983934438118	0.364918373280696	0.717650187781395	(Intercept)
-0.181917783945665	0.382102254650309	-0.476097122515418	0.637343568425553	disease_groupFibrotic_ILD
-1.12818610129001	0.228831262407253	-4.93020966375725	2.62312678966403e-05	disease_groupOther
0.00499974441683547	0.00513322770617167	0.973996226745267	0.337597850879257	age
-0.272913602328129	0.270394770154296	-1.00931538791374	0.320637032586812	sexmale
