predictor	n_donors	model	spearman_rho	spearman_p	adj_estimate	adj_se	adj_p	adj_p_BH
sender_TGFB1	105	lmer(+1|dataset)	0.239853201891408	0.0137231188463587	0.412916520536912	0.173682398542535	0.0194145683413761	0.0194145683413761
sender_ligand_mean	105	lmer(+1|dataset)	0.540400165871864	4.41686346666396e-09	0.648653450947202	0.125436111875395	1.24084433935196e-06	2.48168867870392e-06
