analysis	n	beta_ever_minus_never	se	p
within-Healthy smoking effect	21	-0.123677870860624	0.172169555038636	0.483731844991349
