test_ligand	receiver	scheme	aupr_corrected	rank
TGFB2	Pericyte_activated_migratory	stable_program	0.221478716045	1
TGFB1	Pericyte_activated_migratory	stable_program	0.219137969576877	2
CCN2	Pericyte_activated_migratory	stable_program	0.214942583259932	3
TIMP2	Pericyte_activated_migratory	stable_program	0.199304474287671	4
AGT	Pericyte_activated_migratory	stable_program	0.192846614430999	5
NAMPT	Pericyte_activated_migratory	stable_program	0.181804116094703	6
ICAM1	Pericyte_activated_migratory	stable_program	0.180834575265391	7
IL1RN	Pericyte_activated_migratory	stable_program	0.177297269253083	8
COPA	Pericyte_activated_migratory	stable_program	0.175112323188407	9
C4BPA	Pericyte_activated_migratory	stable_program	0.166144804275739	10
ANXA1	Pericyte_activated_migratory	stable_program	0.165731874026812	11
EDN1	Pericyte_activated_migratory	stable_program	0.165118497933073	12
VTN	Pericyte_activated_migratory	stable_program	0.162483359206438	13
PLA2G2A	Pericyte_activated_migratory	stable_program	0.161603649404642	14
SELE	Pericyte_activated_migratory	stable_program	0.159832150313118	15
NTN1	Pericyte_activated_migratory	stable_program	0.158954358392566	16
COL4A1	Pericyte_activated_migratory	stable_program	0.157889056631033	17
S100A9	Pericyte_activated_migratory	stable_program	0.154821215956869	18
VCAM1	Pericyte_activated_migratory	stable_program	0.147699738906837	19
MMP14	Pericyte_activated_migratory	stable_program	0.14597611997171	20
SIRPB2	Pericyte_activated_migratory	stable_program	0.145714116626294	21
COL1A1	Pericyte_activated_migratory	stable_program	0.144657653540716	22
TNC	Pericyte_activated_migratory	stable_program	0.143963159774959	23
C3	Pericyte_activated_migratory	stable_program	0.141918798705493	24
ITGB2	Pericyte_activated_migratory	stable_program	0.141709887327361	25
FN1	Pericyte_activated_migratory	stable_program	0.137865831235458	26
JAM3	Pericyte_activated_migratory	stable_program	0.137462275540801	27
CCN1	Pericyte_activated_migratory	stable_program	0.136433359010165	28
VWF	Pericyte_activated_migratory	stable_program	0.135738155863543	29
SIGLEC9	Pericyte_activated_migratory	stable_program	0.1340546613349	30
THBS2	Pericyte_activated_migratory	stable_program	0.133692463711125	31
TGFBI	Pericyte_activated_migratory	stable_program	0.133364034364631	32
PGF	Pericyte_activated_migratory	stable_program	0.133308452812976	33
PRG4	Pericyte_activated_migratory	stable_program	0.131804819727741	34
SPON2	Pericyte_activated_migratory	stable_program	0.131525036764976	35
RELN	Pericyte_activated_migratory	stable_program	0.131439175737543	36
ITGAL	Pericyte_activated_migratory	stable_program	0.131326271879967	37
ENG	Pericyte_activated_migratory	stable_program	0.131264675528794	38
TGM2	Pericyte_activated_migratory	stable_program	0.129524388297006	39
COL5A1	Pericyte_activated_migratory	stable_program	0.129367187663495	40
S100B	Pericyte_activated_migratory	stable_program	0.129096625782997	41
SHISA4	Pericyte_activated_migratory	stable_program	0.126286819372043	42
ADAM9	Pericyte_activated_migratory	stable_program	0.126123522007381	43
CD99	Pericyte_activated_migratory	stable_program	0.12551140078333	44
APOA1	Pericyte_activated_migratory	stable_program	0.124382210724576	45
GGT1	Pericyte_activated_migratory	stable_program	0.124187791248367	46
NTS	Pericyte_activated_migratory	stable_program	0.12306215345708	47
MMP9	Pericyte_activated_migratory	stable_program	0.123026800182054	48
HLA-DQB1	Pericyte_activated_migratory	stable_program	0.122948324532082	49
C1QB	Pericyte_activated_migratory	stable_program	0.122585872340553	50
SPP1	Pericyte_activated_migratory	stable_program	0.122382840215981	51
LGALS3	Pericyte_activated_migratory	stable_program	0.119947731136517	52
IL16	Pericyte_activated_migratory	stable_program	0.119844010113295	53
CTSG	Pericyte_activated_migratory	stable_program	0.119780162539824	54
IL1B	Pericyte_activated_migratory	stable_program	0.119250272750256	55
WNT5A	Pericyte_activated_migratory	stable_program	0.117282610396582	56
FGA	Pericyte_activated_migratory	stable_program	0.116613058694418	57
LAMA3	Pericyte_activated_migratory	stable_program	0.116458257496256	58
CLEC11A	Pericyte_activated_migratory	stable_program	0.116342897456695	59
ITGAM	Pericyte_activated_migratory	stable_program	0.116333819596727	60
TIMP3	Pericyte_activated_migratory	stable_program	0.115839918875031	61
SEMA3F	Pericyte_activated_migratory	stable_program	0.115778912581323	62
ICAM4	Pericyte_activated_migratory	stable_program	0.115648576891978	63
PLAT	Pericyte_activated_migratory	stable_program	0.114905640929456	64
FLRT2	Pericyte_activated_migratory	stable_program	0.114876570091035	65
MMP2	Pericyte_activated_migratory	stable_program	0.114831499374969	66
A2M	Pericyte_activated_migratory	stable_program	0.114803269860362	67
CTSD	Pericyte_activated_migratory	stable_program	0.113381218923245	68
SERPING1	Pericyte_activated_migratory	stable_program	0.11270963991377	69
CD14	Pericyte_activated_migratory	stable_program	0.112443877318864	70
FCN1	Pericyte_activated_migratory	stable_program	0.111889191786135	71
SEMA3A	Pericyte_activated_migratory	stable_program	0.111640630253966	72
ANG	Pericyte_activated_migratory	stable_program	0.111409907037792	73
TIMP1	Pericyte_activated_migratory	stable_program	0.111098079581329	74
CDCP1	Pericyte_activated_migratory	stable_program	0.110481750773671	75
CALM3	Pericyte_activated_migratory	stable_program	0.110200278564977	76
FGG	Pericyte_activated_migratory	stable_program	0.109964755325705	77
SIGLEC7	Pericyte_activated_migratory	stable_program	0.109738540482269	78
DCN	Pericyte_activated_migratory	stable_program	0.109710506699363	79
LUM	Pericyte_activated_migratory	stable_program	0.10959185733948	80
SIRPA	Pericyte_activated_migratory	stable_program	0.109548476524521	81
CORIN	Pericyte_activated_migratory	stable_program	0.109100670298771	82
WNT3A	Pericyte_activated_migratory	stable_program	0.108905180031486	83
VCAN	Pericyte_activated_migratory	stable_program	0.107490828061293	84
COL14A1	Pericyte_activated_migratory	stable_program	0.106825811924303	85
OCLN	Pericyte_activated_migratory	stable_program	0.106422470955285	86
LAMC3	Pericyte_activated_migratory	stable_program	0.106280070213625	87
NRG3	Pericyte_activated_migratory	stable_program	0.106081871670754	88
PTPRK	Pericyte_activated_migratory	stable_program	0.105987525738938	89
IL1A	Pericyte_activated_migratory	stable_program	0.105798770977518	90
COL5A3	Pericyte_activated_migratory	stable_program	0.105653373329379	91
LGALS3BP	Pericyte_activated_migratory	stable_program	0.105336604945774	92
COL4A3	Pericyte_activated_migratory	stable_program	0.105097951648923	93
GPC6	Pericyte_activated_migratory	stable_program	0.104906222536828	94
COL27A1	Pericyte_activated_migratory	stable_program	0.104431833936802	95
ADAM17	Pericyte_activated_migratory	stable_program	0.104367248990648	96
LAMA5	Pericyte_activated_migratory	stable_program	0.104359232916825	97
GPC3	Pericyte_activated_migratory	stable_program	0.103843304243836	98
GNAS	Pericyte_activated_migratory	stable_program	0.103751132989689	99
C1QA	Pericyte_activated_migratory	stable_program	0.103696032002289	100
SLPI	Pericyte_activated_migratory	stable_program	0.103533844129764	101
LAMB3	Pericyte_activated_migratory	stable_program	0.103481123690475	102
FGF14	Pericyte_activated_migratory	stable_program	0.103164463186784	103
PTPRC	Pericyte_activated_migratory	stable_program	0.102783445765927	104
TNFSF14	Pericyte_activated_migratory	stable_program	0.102721839604721	105
HSPG2	Pericyte_activated_migratory	stable_program	0.101693918956478	106
COL3A1	Pericyte_activated_migratory	stable_program	0.101640566221325	107
JAM2	Pericyte_activated_migratory	stable_program	0.101484415264345	108
IGFBP3	Pericyte_activated_migratory	stable_program	0.101435946173709	109
EREG	Pericyte_activated_migratory	stable_program	0.100916013926508	110
COL6A6	Pericyte_activated_migratory	stable_program	0.100793278733044	111
LAMC1	Pericyte_activated_migratory	stable_program	0.100388453438965	112
PECAM1	Pericyte_activated_migratory	stable_program	0.100355719682158	113
COL6A2	Pericyte_activated_migratory	stable_program	0.100284436273681	114
FBN1	Pericyte_activated_migratory	stable_program	0.100103282506433	115
RTN4	Pericyte_activated_migratory	stable_program	0.0999384903057782	116
KIRREL1	Pericyte_activated_migratory	stable_program	0.0999329042528524	117
BACE1	Pericyte_activated_migratory	stable_program	0.099817711727071	118
COL1A2	Pericyte_activated_migratory	stable_program	0.099683760012171	119
COL10A1	Pericyte_activated_migratory	stable_program	0.0995221568430286	120
TFPI	Pericyte_activated_migratory	stable_program	0.099341750234965	121
THY1	Pericyte_activated_migratory	stable_program	0.0988641133102625	122
GRN	Pericyte_activated_migratory	stable_program	0.0988265937510855	123
CD320	Pericyte_activated_migratory	stable_program	0.0987312947054096	124
CP	Pericyte_activated_migratory	stable_program	0.0984782904132968	125
PROS1	Pericyte_activated_migratory	stable_program	0.0982398741780225	126
NRP1	Pericyte_activated_migratory	stable_program	0.0982038552047499	127
FST	Pericyte_activated_migratory	stable_program	0.0981617813296396	128
COL8A1	Pericyte_activated_migratory	stable_program	0.0976426748853856	129
ANGPTL1	Pericyte_activated_migratory	stable_program	0.0972696885339487	130
LGALS9	Pericyte_activated_migratory	stable_program	0.097230209737481	131
LTBP1	Pericyte_activated_migratory	stable_program	0.0970152021796976	132
COL18A1	Pericyte_activated_migratory	stable_program	0.0964331847233137	133
DLL4	Pericyte_activated_migratory	stable_program	0.096066395519765	134
ADAM15	Pericyte_activated_migratory	stable_program	0.0960043638784737	135
AZGP1	Pericyte_activated_migratory	stable_program	0.0957011552363116	136
F8	Pericyte_activated_migratory	stable_program	0.0956937024132684	137
LIN7C	Pericyte_activated_migratory	stable_program	0.0953835175776398	138
COL21A1	Pericyte_activated_migratory	stable_program	0.0949185215427738	139
SLITRK6	Pericyte_activated_migratory	stable_program	0.0948876723416246	140
PTN	Pericyte_activated_migratory	stable_program	0.094859805764667	141
LRFN5	Pericyte_activated_migratory	stable_program	0.094407361518261	142
LPL	Pericyte_activated_migratory	stable_program	0.0943900810444852	143
HLA-DRB5	Pericyte_activated_migratory	stable_program	0.0943507973413717	144
SERPINE1	Pericyte_activated_migratory	stable_program	0.0941972169702275	145
CD55	Pericyte_activated_migratory	stable_program	0.0941889833020068	146
SDC2	Pericyte_activated_migratory	stable_program	0.0938881239622593	147
AGRN	Pericyte_activated_migratory	stable_program	0.0937629596833838	148
SYT1	Pericyte_activated_migratory	stable_program	0.093517558330301	149
THBS1	Pericyte_activated_migratory	stable_program	0.0935025202205109	150
MMP7	Pericyte_activated_migratory	stable_program	0.0934970739085165	151
CD1B	Pericyte_activated_migratory	stable_program	0.0930350821947295	152
VEGFD	Pericyte_activated_migratory	stable_program	0.0928945319292689	153
HAS1	Pericyte_activated_migratory	stable_program	0.0923003775025983	154
HAS2	Pericyte_activated_migratory	stable_program	0.0922169589019955	155
VEGFB	Pericyte_activated_migratory	stable_program	0.0919492003949141	156
S100A4	Pericyte_activated_migratory	stable_program	0.0919471456758281	157
LAMC2	Pericyte_activated_migratory	stable_program	0.0917391456563026	158
LAMA4	Pericyte_activated_migratory	stable_program	0.0915704294573982	159
NCAM1	Pericyte_activated_migratory	stable_program	0.0910015358187532	160
LRPAP1	Pericyte_activated_migratory	stable_program	0.0904120057475178	161
SEMA4A	Pericyte_activated_migratory	stable_program	0.090375148869239	162
DUSP18	Pericyte_activated_migratory	stable_program	0.0903614663842516	163
COL12A1	Pericyte_activated_migratory	stable_program	0.0903529454979518	164
LAMB1	Pericyte_activated_migratory	stable_program	0.0901957900428344	165
MFGE8	Pericyte_activated_migratory	stable_program	0.0901821434373564	166
SOSTDC1	Pericyte_activated_migratory	stable_program	0.0898660372166825	167
SIGLEC5	Pericyte_activated_migratory	stable_program	0.0897437138890739	168
CDH1	Pericyte_activated_migratory	stable_program	0.0895824868548457	169
CALM1	Pericyte_activated_migratory	stable_program	0.0895353273702906	170
ADAM12	Pericyte_activated_migratory	stable_program	0.0895157883806209	171
SEMA3D	Pericyte_activated_migratory	stable_program	0.0892521851740753	172
COL24A1	Pericyte_activated_migratory	stable_program	0.088932658961548	173
BMP1	Pericyte_activated_migratory	stable_program	0.0887156989757009	174
COMP	Pericyte_activated_migratory	stable_program	0.0885485985580611	175
PLEKHO2	Pericyte_activated_migratory	stable_program	0.0885357160887868	176
TSPAN33	Pericyte_activated_migratory	stable_program	0.0880997607744789	177
CAMP	Pericyte_activated_migratory	stable_program	0.0880653908118646	178
COL4A5	Pericyte_activated_migratory	stable_program	0.087785722336204	179
COL13A1	Pericyte_activated_migratory	stable_program	0.0876019570866622	180
AREG	Pericyte_activated_migratory	stable_program	0.0873406099186222	181
SEMA3E	Pericyte_activated_migratory	stable_program	0.0873260758770421	182
LIPH	Pericyte_activated_migratory	stable_program	0.0873140911389042	183
COL4A2	Pericyte_activated_migratory	stable_program	0.0869226405548666	184
SLIT3	Pericyte_activated_migratory	stable_program	0.0867435564944879	185
COL4A4	Pericyte_activated_migratory	stable_program	0.0864605804650603	186
SEMA3B	Pericyte_activated_migratory	stable_program	0.0864026682076797	187
BMP4	Pericyte_activated_migratory	stable_program	0.0863113718025287	188
FLRT3	Pericyte_activated_migratory	stable_program	0.0860911273192817	189
GDF10	Pericyte_activated_migratory	stable_program	0.0858501192062854	190
ITM2B	Pericyte_activated_migratory	stable_program	0.0857649387066467	191
PAM	Pericyte_activated_migratory	stable_program	0.0855505736027777	192
MDK	Pericyte_activated_migratory	stable_program	0.0851175621426154	193
PSAP	Pericyte_activated_migratory	stable_program	0.0849184206707707	194
LAMB2	Pericyte_activated_migratory	stable_program	0.0846861556420894	195
CNTN6	Pericyte_activated_migratory	stable_program	0.0842307506219967	196
LGALS1	Pericyte_activated_migratory	stable_program	0.0840110431366384	197
APOE	Pericyte_activated_migratory	stable_program	0.0836753533018931	198
NECTIN4	Pericyte_activated_migratory	stable_program	0.083524903236593	199
COL6A3	Pericyte_activated_migratory	stable_program	0.0834857540825863	200
BMP5	Pericyte_activated_migratory	stable_program	0.0834298787858902	201
CEACAM6	Pericyte_activated_migratory	stable_program	0.0832445845406413	202
NFASC	Pericyte_activated_migratory	stable_program	0.0830077534512968	203
CEACAM1	Pericyte_activated_migratory	stable_program	0.0829884093801807	204
HSP90B1	Pericyte_activated_migratory	stable_program	0.0824379635141364	205
NPNT	Pericyte_activated_migratory	stable_program	0.0819222627058701	206
EFEMP1	Pericyte_activated_migratory	stable_program	0.0815497589212321	207
COL8A2	Pericyte_activated_migratory	stable_program	0.0815360976672835	208
COL16A1	Pericyte_activated_migratory	stable_program	0.0814774036538835	209
CX3CL1	Pericyte_activated_migratory	stable_program	0.0811783475453257	210
FAM3C	Pericyte_activated_migratory	stable_program	0.0804933605916362	211
LRIG1	Pericyte_activated_migratory	stable_program	0.0797689806248129	212
TSPAN3	Pericyte_activated_migratory	stable_program	0.0797687591464796	213
ADAM10	Pericyte_activated_migratory	stable_program	0.0792932270024807	214
F13A1	Pericyte_activated_migratory	stable_program	0.0789811113164898	215
SLIT2	Pericyte_activated_migratory	stable_program	0.0781633291087264	216
COL15A1	Pericyte_activated_migratory	stable_program	0.0780761892975895	217
RGMA	Pericyte_activated_migratory	stable_program	0.0780534159182713	218
PI16	Pericyte_activated_migratory	stable_program	0.0779527662707817	219
EDIL3	Pericyte_activated_migratory	stable_program	0.0778896596966367	220
BMP3	Pericyte_activated_migratory	stable_program	0.0771686806935056	221
PCSK9	Pericyte_activated_migratory	stable_program	0.0770540867058629	222
COL5A2	Pericyte_activated_migratory	stable_program	0.0767264322478691	223
CNTN4	Pericyte_activated_migratory	stable_program	0.0767218005512598	224
COL6A1	Pericyte_activated_migratory	stable_program	0.0766105130169744	225
SIGLEC1	Pericyte_activated_migratory	stable_program	0.0761402499121243	226
IGF2	Pericyte_activated_migratory	stable_program	0.0752417838705026	227
SPON1	Pericyte_activated_migratory	stable_program	0.0745826154753345	228
MXRA5	Pericyte_activated_migratory	stable_program	0.0740532228126956	229
ANXA2	Pericyte_activated_migratory	stable_program	0.0737194257536137	230
OLFM2	Pericyte_activated_migratory	stable_program	0.0734422515812243	231
ANGPT2	Pericyte_activated_migratory	stable_program	0.0734410888751515	232
CALM2	Pericyte_activated_migratory	stable_program	0.0725450111095631	233
PSEN1	Pericyte_activated_migratory	stable_program	0.0724600631601198	234
NID1	Pericyte_activated_migratory	stable_program	0.0720700784737563	235
ANGPT1	Pericyte_activated_migratory	stable_program	0.0706576340035023	236
SERPINE2	Pericyte_activated_migratory	stable_program	0.0700477539914376	237
FGF2	Pericyte_activated_migratory	stable_program	0.0689975003848684	238
GAS6	Pericyte_activated_migratory	stable_program	0.0689300304609538	239
ESAM	Pericyte_activated_migratory	stable_program	0.0684624720559553	240
IFITM1	Pericyte_activated_migratory	stable_program	0.0680470924825344	241
VSIG10	Pericyte_activated_migratory	stable_program	0.0679668665688897	242
CXCL12	Pericyte_activated_migratory	stable_program	0.0677215630339337	243
ALCAM	Pericyte_activated_migratory	stable_program	0.067092144863528	244
OSM	Pericyte_activated_migratory	stable_program	0.0669421796360661	245
LTBP3	Pericyte_activated_migratory	stable_program	0.0659364052587975	246
BACE2	Pericyte_activated_migratory	stable_program	0.0644593527055728	247
HBEGF	Pericyte_activated_migratory	stable_program	0.0630703354578701	248
FBLN1	Pericyte_activated_migratory	stable_program	0.0614162697994114	249
PLTP	Pericyte_activated_migratory	stable_program	0.0608920875761221	250
APP	Pericyte_activated_migratory	stable_program	0.0601948620270271	251
FGF7	Pericyte_activated_migratory	stable_program	0.0598495009828946	252
BDNF	Pericyte_activated_migratory	stable_program	0.059635348210982	253
WNT7B	Pericyte_activated_migratory	stable_program	0.0594178379202698	254
JAG2	Pericyte_activated_migratory	stable_program	0.0593640787849961	255
EFEMP2	Pericyte_activated_migratory	stable_program	0.0582671090333711	256
FGF18	Pericyte_activated_migratory	stable_program	0.058045771303232	257
SEMA3C	Pericyte_activated_migratory	stable_program	0.0579408652893868	258
CLCF1	Pericyte_activated_migratory	stable_program	0.057822067122704	259
NRG1	Pericyte_activated_migratory	stable_program	0.0571100417768951	260
VEGFA	Pericyte_activated_migratory	stable_program	0.0564366938654044	261
NECTIN3	Pericyte_activated_migratory	stable_program	0.0563875515654425	262
DLL1	Pericyte_activated_migratory	stable_program	0.056348250986287	263
HGF	Pericyte_activated_migratory	stable_program	0.0545641100962269	264
ANGPTL4	Pericyte_activated_migratory	stable_program	0.0540396174789717	265
CMTM8	Pericyte_activated_migratory	stable_program	0.0536163162387802	266
CCN4	Pericyte_activated_migratory	stable_program	0.0534712119876771	267
ANGPTL2	Pericyte_activated_migratory	stable_program	0.0534690058239755	268
MFNG	Pericyte_activated_migratory	stable_program	0.0534358470131776	269
LFNG	Pericyte_activated_migratory	stable_program	0.0530265198911066	270
PDGFC	Pericyte_activated_migratory	stable_program	0.0528882880850333	271
CLDN1	Pericyte_activated_migratory	stable_program	0.0522565375852541	272
ANOS1	Pericyte_activated_migratory	stable_program	0.0522120836458506	273
LRIG2	Pericyte_activated_migratory	stable_program	0.0514505445490448	274
PTPRM	Pericyte_activated_migratory	stable_program	0.0514493509910293	275
SPARC	Pericyte_activated_migratory	stable_program	0.049913362435732	276
POSTN	Pericyte_activated_migratory	stable_program	0.0479477480527375	277
LTB	Pericyte_activated_migratory	stable_program	0.0473348778678038	278
NECTIN2	Pericyte_activated_migratory	stable_program	0.047122570644017	279
TNFSF13	Pericyte_activated_migratory	stable_program	0.0469774537331442	280
PDGFA	Pericyte_activated_migratory	stable_program	0.0447559991369916	281
INHBA	Pericyte_activated_migratory	stable_program	0.0428060469534247	282
JAG1	Pericyte_activated_migratory	stable_program	0.0425761191040693	283
MIF	Pericyte_activated_migratory	stable_program	0.0423607303487254	284
BMP2	Pericyte_activated_migratory	stable_program	0.0411276292935027	285
BMP6	Pericyte_activated_migratory	stable_program	0.0409013311910485	286
CTHRC1	Pericyte_activated_migratory	stable_program	0.0406591897719692	287
IL6	Pericyte_activated_migratory	stable_program	0.0403578072061839	288
WIF1	Pericyte_activated_migratory	stable_program	0.040026439506208	289
NGF	Pericyte_activated_migratory	stable_program	0.0397078333475179	290
CALR	Pericyte_activated_migratory	stable_program	0.038896711169681	291
LAMA2	Pericyte_activated_migratory	stable_program	0.0373923680603414	292
SCGB3A1	Pericyte_activated_migratory	stable_program	0.0362094294553038	293
LIF	Pericyte_activated_migratory	stable_program	0.0361251359479017	294
CXCL8	Pericyte_activated_migratory	stable_program	0.0357984402623452	295
FURIN	Pericyte_activated_migratory	stable_program	0.0349029056082295	296
TGFB3	Pericyte_activated_migratory	stable_program	0.0339809869153395	297
ST6GAL1	Pericyte_activated_migratory	stable_program	0.0320519587392141	298
CRTAM	Pericyte_activated_migratory	stable_program	0.0314786289233131	299
CADM1	Pericyte_activated_migratory	stable_program	0.0309832793454665	300
SIGLEC6	Pericyte_activated_migratory	stable_program	0.0289063267534673	301
PDGFB	Pericyte_activated_migratory	stable_program	0.0282525961541077	302
IGF1	Pericyte_activated_migratory	stable_program	0.0278860755105026	303
CADM3	Pericyte_activated_migratory	stable_program	0.0276889957952853	304
CSF2	Pericyte_activated_migratory	stable_program	0.0242216903196613	305
LTF	Pericyte_activated_migratory	stable_program	0.0210545842053928	306
MMRN2	Pericyte_activated_migratory	stable_program	0.0190985825980097	307
PDGFD	Pericyte_activated_migratory	stable_program	0.0175866035642479	308
PLAU	Pericyte_activated_migratory	stable_program	0.0137547877355121	309
EPHA4	Pericyte_activated_migratory	stable_program	0.0126247202460334	310
TGFB2	Pericyte_basement_membrane	stable_program	0.23126968366859	1
TGFB1	Pericyte_basement_membrane	stable_program	0.222251495879124	2
COPA	Pericyte_basement_membrane	stable_program	0.154091161053701	3
CCN2	Pericyte_basement_membrane	stable_program	0.140828277519685	4
COL4A1	Pericyte_basement_membrane	stable_program	0.134348241822637	5
COL1A1	Pericyte_basement_membrane	stable_program	0.125556642540615	6
RELN	Pericyte_basement_membrane	stable_program	0.114336540131741	7
COL5A1	Pericyte_basement_membrane	stable_program	0.113293282583138	8
MMP14	Pericyte_basement_membrane	stable_program	0.11309894153644	9
LTBP1	Pericyte_basement_membrane	stable_program	0.11295716373032	10
AGT	Pericyte_basement_membrane	stable_program	0.111023800653619	11
BMP1	Pericyte_basement_membrane	stable_program	0.109684745124208	12
TIMP2	Pericyte_basement_membrane	stable_program	0.108613913879114	13
FN1	Pericyte_basement_membrane	stable_program	0.107959103136125	14
INHBB	Pericyte_basement_membrane	stable_program	0.103364613466366	15
TGM2	Pericyte_basement_membrane	stable_program	0.102429671241337	16
OCLN	Pericyte_basement_membrane	stable_program	0.102274594327364	17
BMP5	Pericyte_basement_membrane	stable_program	0.100797341839721	18
FST	Pericyte_basement_membrane	stable_program	0.100436458905606	19
IGFBP3	Pericyte_basement_membrane	stable_program	0.0993449678228209	20
VTN	Pericyte_basement_membrane	stable_program	0.0979634971999482	21
ICAM1	Pericyte_basement_membrane	stable_program	0.0897297228908156	22
CRB3	Pericyte_basement_membrane	stable_program	0.0894807880041	23
SHISA4	Pericyte_basement_membrane	stable_program	0.0893215341078732	24
BMP4	Pericyte_basement_membrane	stable_program	0.0864945505513459	25
GGT1	Pericyte_basement_membrane	stable_program	0.0853635875288189	26
WNT3A	Pericyte_basement_membrane	stable_program	0.0853281006550642	27
ENG	Pericyte_basement_membrane	stable_program	0.0850166687352881	28
SEMA3F	Pericyte_basement_membrane	stable_program	0.0826977177546222	29
CALM3	Pericyte_basement_membrane	stable_program	0.0793497647777112	30
PSAP	Pericyte_basement_membrane	stable_program	0.0789882973459804	31
S100A9	Pericyte_basement_membrane	stable_program	0.0785048172211648	32
LGALS3BP	Pericyte_basement_membrane	stable_program	0.0777507721957379	33
NTS	Pericyte_basement_membrane	stable_program	0.0774574310063724	34
C4BPA	Pericyte_basement_membrane	stable_program	0.0754634262333465	35
COL10A1	Pericyte_basement_membrane	stable_program	0.0753494855355905	36
JAM3	Pericyte_basement_membrane	stable_program	0.0752728129106056	37
COL3A1	Pericyte_basement_membrane	stable_program	0.0750692943761159	38
LIN7C	Pericyte_basement_membrane	stable_program	0.0749181845613631	39
VCAN	Pericyte_basement_membrane	stable_program	0.0746312700179782	40
PVR	Pericyte_basement_membrane	stable_program	0.0740472655148011	41
ANXA1	Pericyte_basement_membrane	stable_program	0.0737555093318171	42
F11R	Pericyte_basement_membrane	stable_program	0.0732971934294475	43
C1QB	Pericyte_basement_membrane	stable_program	0.0731272338357124	44
LAMA3	Pericyte_basement_membrane	stable_program	0.0720093184099416	45
IL1RN	Pericyte_basement_membrane	stable_program	0.0718428817255015	46
BMP3	Pericyte_basement_membrane	stable_program	0.0717883087567473	47
COL5A3	Pericyte_basement_membrane	stable_program	0.0716076117440211	48
CTSD	Pericyte_basement_membrane	stable_program	0.0708642658080526	49
C3	Pericyte_basement_membrane	stable_program	0.0706856411820888	50
MMP2	Pericyte_basement_membrane	stable_program	0.070584110757589	51
EDN1	Pericyte_basement_membrane	stable_program	0.0703832801397954	52
RTN4	Pericyte_basement_membrane	stable_program	0.0703802118214203	53
CDCP1	Pericyte_basement_membrane	stable_program	0.0703661559757988	54
TIMP3	Pericyte_basement_membrane	stable_program	0.0700980036942689	55
FCN1	Pericyte_basement_membrane	stable_program	0.0698241573453635	56
LAMC1	Pericyte_basement_membrane	stable_program	0.069759376957069	57
DCN	Pericyte_basement_membrane	stable_program	0.0697281331869444	58
CCN1	Pericyte_basement_membrane	stable_program	0.0694869811813335	59
CXCL12	Pericyte_basement_membrane	stable_program	0.0693797809936376	60
RSPO2	Pericyte_basement_membrane	stable_program	0.0693455432733055	61
S100A4	Pericyte_basement_membrane	stable_program	0.0691939230597749	62
ITGB2	Pericyte_basement_membrane	stable_program	0.0690383417356701	63
TIMP1	Pericyte_basement_membrane	stable_program	0.068599340644017	64
DLL4	Pericyte_basement_membrane	stable_program	0.068159448295079	65
SIGLEC7	Pericyte_basement_membrane	stable_program	0.067767604906844	66
SEMA3A	Pericyte_basement_membrane	stable_program	0.0676455559304549	67
PRG4	Pericyte_basement_membrane	stable_program	0.0676426373223257	68
COL1A2	Pericyte_basement_membrane	stable_program	0.0675782243661835	69
LUM	Pericyte_basement_membrane	stable_program	0.0675616563376346	70
GDF10	Pericyte_basement_membrane	stable_program	0.0672239404310233	71
FGA	Pericyte_basement_membrane	stable_program	0.0671116647813366	72
PROS1	Pericyte_basement_membrane	stable_program	0.0663255911152051	73
NEGR1	Pericyte_basement_membrane	stable_program	0.0662566385030428	74
LAMA5	Pericyte_basement_membrane	stable_program	0.0662544116992172	75
NTM	Pericyte_basement_membrane	stable_program	0.0659242857586504	76
CORIN	Pericyte_basement_membrane	stable_program	0.0658558011547298	77
ADAM9	Pericyte_basement_membrane	stable_program	0.0656797890428031	78
SELE	Pericyte_basement_membrane	stable_program	0.065553942450386	79
CTSG	Pericyte_basement_membrane	stable_program	0.0655339751448352	80
LAMB3	Pericyte_basement_membrane	stable_program	0.0654635551359108	81
COL14A1	Pericyte_basement_membrane	stable_program	0.0651402658184976	82
A2M	Pericyte_basement_membrane	stable_program	0.0647943823605445	83
SERPING1	Pericyte_basement_membrane	stable_program	0.064773788146788	84
SIGLEC9	Pericyte_basement_membrane	stable_program	0.0645572173410194	85
VCAM1	Pericyte_basement_membrane	stable_program	0.0643973561335331	86
GPC3	Pericyte_basement_membrane	stable_program	0.0643941637200467	87
RGMA	Pericyte_basement_membrane	stable_program	0.0641296739817306	88
COL24A1	Pericyte_basement_membrane	stable_program	0.0640988179814116	89
COL6A2	Pericyte_basement_membrane	stable_program	0.0640848833783461	90
GNAS	Pericyte_basement_membrane	stable_program	0.0637983659138746	91
VWF	Pericyte_basement_membrane	stable_program	0.0636497152229656	92
FLRT2	Pericyte_basement_membrane	stable_program	0.0634292251077285	93
COL27A1	Pericyte_basement_membrane	stable_program	0.0632688325146128	94
HDC	Pericyte_basement_membrane	stable_program	0.0630421093132361	95
JAM2	Pericyte_basement_membrane	stable_program	0.0629775586548428	96
PLA2G2A	Pericyte_basement_membrane	stable_program	0.0629225587068592	97
CD14	Pericyte_basement_membrane	stable_program	0.0628468006650956	98
LAMC3	Pericyte_basement_membrane	stable_program	0.0627751675168426	99
AZGP1	Pericyte_basement_membrane	stable_program	0.0627098358883313	100
SEMA3G	Pericyte_basement_membrane	stable_program	0.0625498803239617	101
BDNF	Pericyte_basement_membrane	stable_program	0.0624111374633742	102
LGALS3	Pericyte_basement_membrane	stable_program	0.0623705216393898	103
SIRPB2	Pericyte_basement_membrane	stable_program	0.0623611169417749	104
CLEC11A	Pericyte_basement_membrane	stable_program	0.0623237499653473	105
COL6A6	Pericyte_basement_membrane	stable_program	0.0622926101701552	106
FBN1	Pericyte_basement_membrane	stable_program	0.0621618266570914	107
KIRREL1	Pericyte_basement_membrane	stable_program	0.0621131628802888	108
EFEMP1	Pericyte_basement_membrane	stable_program	0.0619513161025926	109
COL21A1	Pericyte_basement_membrane	stable_program	0.0619049572417005	110
RARRES1	Pericyte_basement_membrane	stable_program	0.0618014824510279	111
ADAM15	Pericyte_basement_membrane	stable_program	0.0614892017036694	112
PTPRK	Pericyte_basement_membrane	stable_program	0.0613679151683111	113
MMP9	Pericyte_basement_membrane	stable_program	0.0611327048368293	114
FGG	Pericyte_basement_membrane	stable_program	0.0610217363140934	115
CNTN6	Pericyte_basement_membrane	stable_program	0.0607196904190483	116
NTN1	Pericyte_basement_membrane	stable_program	0.0607064318682962	117
TFPI	Pericyte_basement_membrane	stable_program	0.0606534030834581	118
NRG3	Pericyte_basement_membrane	stable_program	0.0606354428380741	119
SLPI	Pericyte_basement_membrane	stable_program	0.0604928312629242	120
BACE1	Pericyte_basement_membrane	stable_program	0.0604794801472278	121
CD55	Pericyte_basement_membrane	stable_program	0.0604427395937712	122
LRFN5	Pericyte_basement_membrane	stable_program	0.0604391320631633	123
SOSTDC1	Pericyte_basement_membrane	stable_program	0.0602867402434666	124
COL12A1	Pericyte_basement_membrane	stable_program	0.0599073510230949	125
TGFBI	Pericyte_basement_membrane	stable_program	0.0591717060926707	126
SIGLEC5	Pericyte_basement_membrane	stable_program	0.0590786317352619	127
NAMPT	Pericyte_basement_membrane	stable_program	0.0589932691672212	128
THBS2	Pericyte_basement_membrane	stable_program	0.0589347540057779	129
CDH1	Pericyte_basement_membrane	stable_program	0.0589061435732628	130
OSM	Pericyte_basement_membrane	stable_program	0.0588186337209733	131
CD320	Pericyte_basement_membrane	stable_program	0.0585974759951897	132
LGALS9	Pericyte_basement_membrane	stable_program	0.0585110244533961	133
SEMA3E	Pericyte_basement_membrane	stable_program	0.058244908500747	134
LAMC2	Pericyte_basement_membrane	stable_program	0.058226825163552	135
SLITRK6	Pericyte_basement_membrane	stable_program	0.0582091625162098	136
SEMA3B	Pericyte_basement_membrane	stable_program	0.0581936124261044	137
NLGN2	Pericyte_basement_membrane	stable_program	0.0581924205158983	138
NCAM1	Pericyte_basement_membrane	stable_program	0.0581321377764809	139
NFASC	Pericyte_basement_membrane	stable_program	0.0580620124785183	140
NRP1	Pericyte_basement_membrane	stable_program	0.0578771691926106	141
CD99	Pericyte_basement_membrane	stable_program	0.0576671562187673	142
LAMA4	Pericyte_basement_membrane	stable_program	0.0576481487546716	143
CEACAM6	Pericyte_basement_membrane	stable_program	0.0576088677013148	144
CD1B	Pericyte_basement_membrane	stable_program	0.057473373155634	145
MFGE8	Pericyte_basement_membrane	stable_program	0.0572899619378585	146
LTBP3	Pericyte_basement_membrane	stable_program	0.0572305655160707	147
SLIT3	Pericyte_basement_membrane	stable_program	0.0572305112220165	148
SPP1	Pericyte_basement_membrane	stable_program	0.0571912404515343	149
SEMA4A	Pericyte_basement_membrane	stable_program	0.0569214450913088	150
THY1	Pericyte_basement_membrane	stable_program	0.0568712034056015	151
SEMA3D	Pericyte_basement_membrane	stable_program	0.0568299362006261	152
S100B	Pericyte_basement_membrane	stable_program	0.0568176999601798	153
SIRPA	Pericyte_basement_membrane	stable_program	0.0567801925319051	154
LAMB1	Pericyte_basement_membrane	stable_program	0.0566152347607452	155
GRN	Pericyte_basement_membrane	stable_program	0.0565893789749983	156
IL16	Pericyte_basement_membrane	stable_program	0.0563777296598969	157
COL18A1	Pericyte_basement_membrane	stable_program	0.0563570039525923	158
ANGPTL1	Pericyte_basement_membrane	stable_program	0.0562951760324849	159
HSPG2	Pericyte_basement_membrane	stable_program	0.0561742652707312	160
COL4A3	Pericyte_basement_membrane	stable_program	0.0561552208507053	161
THBS1	Pericyte_basement_membrane	stable_program	0.0561416568818204	162
PLAT	Pericyte_basement_membrane	stable_program	0.0557214534858317	163
COL13A1	Pericyte_basement_membrane	stable_program	0.0554057151854206	164
ADAM12	Pericyte_basement_membrane	stable_program	0.0553130607962804	165
C1QA	Pericyte_basement_membrane	stable_program	0.0548437918999911	166
COL8A1	Pericyte_basement_membrane	stable_program	0.0547656811733702	167
SYT1	Pericyte_basement_membrane	stable_program	0.0547505606222518	168
SDC2	Pericyte_basement_membrane	stable_program	0.0544699409124117	169
PLEKHO2	Pericyte_basement_membrane	stable_program	0.0543822794017619	170
APOA1	Pericyte_basement_membrane	stable_program	0.0542177437901354	171
VEGFD	Pericyte_basement_membrane	stable_program	0.0541238029501734	172
IGF2	Pericyte_basement_membrane	stable_program	0.0541233359666165	173
EREG	Pericyte_basement_membrane	stable_program	0.0540287607326988	174
FGF2	Pericyte_basement_membrane	stable_program	0.0539927355396171	175
FLRT3	Pericyte_basement_membrane	stable_program	0.0537289421391814	176
HLA-DQB1	Pericyte_basement_membrane	stable_program	0.0536633858974226	177
ATP1B1	Pericyte_basement_membrane	stable_program	0.0535943803098953	178
COL4A2	Pericyte_basement_membrane	stable_program	0.0534626345853783	179
NID1	Pericyte_basement_membrane	stable_program	0.0533801685611316	180
SEMA4B	Pericyte_basement_membrane	stable_program	0.0532979508135896	181
HLA-DRB5	Pericyte_basement_membrane	stable_program	0.0530616947991562	182
NECTIN4	Pericyte_basement_membrane	stable_program	0.0528650770037808	183
LIPH	Pericyte_basement_membrane	stable_program	0.0525903247405634	184
CALM1	Pericyte_basement_membrane	stable_program	0.0525782153146452	185
LGALS1	Pericyte_basement_membrane	stable_program	0.0524224070459423	186
IL1A	Pericyte_basement_membrane	stable_program	0.0522198037679348	187
LRIG1	Pericyte_basement_membrane	stable_program	0.0521975507177814	188
COL4A5	Pericyte_basement_membrane	stable_program	0.0519998229322343	189
COL8A2	Pericyte_basement_membrane	stable_program	0.0517340296968052	190
ICAM4	Pericyte_basement_membrane	stable_program	0.0516875419488673	191
ECM1	Pericyte_basement_membrane	stable_program	0.0516519010316596	192
COL6A3	Pericyte_basement_membrane	stable_program	0.0516247931142168	193
TNC	Pericyte_basement_membrane	stable_program	0.0516039396611327	194
SERPINE1	Pericyte_basement_membrane	stable_program	0.0515450784998367	195
LSAMP	Pericyte_basement_membrane	stable_program	0.0515307212823485	196
PECAM1	Pericyte_basement_membrane	stable_program	0.0514956181198535	197
HAS1	Pericyte_basement_membrane	stable_program	0.0513407800123758	198
HSP90B1	Pericyte_basement_membrane	stable_program	0.0512389623618107	199
TSPAN3	Pericyte_basement_membrane	stable_program	0.0508834169353649	200
ANG	Pericyte_basement_membrane	stable_program	0.0507650586651932	201
COMP	Pericyte_basement_membrane	stable_program	0.0506612183110324	202
CEACAM1	Pericyte_basement_membrane	stable_program	0.0504470746472146	203
DUSP18	Pericyte_basement_membrane	stable_program	0.0504028003155816	204
AGRN	Pericyte_basement_membrane	stable_program	0.0503972167039353	205
IL1B	Pericyte_basement_membrane	stable_program	0.0500983667882601	206
TSPAN33	Pericyte_basement_membrane	stable_program	0.0499629245839055	207
FAM3C	Pericyte_basement_membrane	stable_program	0.0498363141685572	208
MXRA5	Pericyte_basement_membrane	stable_program	0.0493674157037423	209
COL6A1	Pericyte_basement_membrane	stable_program	0.0493071316559721	210
MPZL3	Pericyte_basement_membrane	stable_program	0.0492764223141347	211
SLIT2	Pericyte_basement_membrane	stable_program	0.0491897836182377	212
LTB	Pericyte_basement_membrane	stable_program	0.0488280260221543	213
ANXA2	Pericyte_basement_membrane	stable_program	0.0488149788115893	214
LPL	Pericyte_basement_membrane	stable_program	0.0487853942494682	215
GPC6	Pericyte_basement_membrane	stable_program	0.0486556043984602	216
COL4A4	Pericyte_basement_membrane	stable_program	0.0485342637802191	217
F13A1	Pericyte_basement_membrane	stable_program	0.0485025524738963	218
COL15A1	Pericyte_basement_membrane	stable_program	0.0482265864913773	219
LRPAP1	Pericyte_basement_membrane	stable_program	0.0482065881970048	220
COL5A2	Pericyte_basement_membrane	stable_program	0.0482025036394593	221
LAMB2	Pericyte_basement_membrane	stable_program	0.048167492602307	222
F8	Pericyte_basement_membrane	stable_program	0.0480054224558886	223
CNTN4	Pericyte_basement_membrane	stable_program	0.047964814039476	224
SEMA4D	Pericyte_basement_membrane	stable_program	0.0479203392992741	225
APOE	Pericyte_basement_membrane	stable_program	0.0478197357047033	226
COL16A1	Pericyte_basement_membrane	stable_program	0.0476196949343934	227
PGF	Pericyte_basement_membrane	stable_program	0.0475367645635637	228
NRG1	Pericyte_basement_membrane	stable_program	0.0464530119212973	229
EDIL3	Pericyte_basement_membrane	stable_program	0.046144922844474	230
PCSK9	Pericyte_basement_membrane	stable_program	0.046085838532422	231
MDK	Pericyte_basement_membrane	stable_program	0.0460014174696939	232
HGF	Pericyte_basement_membrane	stable_program	0.0457126335253953	233
HAS2	Pericyte_basement_membrane	stable_program	0.0456973119012704	234
PI16	Pericyte_basement_membrane	stable_program	0.0455839611486365	235
VEGFA	Pericyte_basement_membrane	stable_program	0.0455794134144957	236
JAG2	Pericyte_basement_membrane	stable_program	0.0449109145327597	237
MFNG	Pericyte_basement_membrane	stable_program	0.0448798858975113	238
EFEMP2	Pericyte_basement_membrane	stable_program	0.0447462753871565	239
PSEN1	Pericyte_basement_membrane	stable_program	0.0435292038165791	240
SEMA4C	Pericyte_basement_membrane	stable_program	0.0433368075559961	241
NPNT	Pericyte_basement_membrane	stable_program	0.0431994382217533	242
ADAM10	Pericyte_basement_membrane	stable_program	0.0428456895082281	243
CALM2	Pericyte_basement_membrane	stable_program	0.0425492754893911	244
ADAM17	Pericyte_basement_membrane	stable_program	0.0424573037591518	245
LFNG	Pericyte_basement_membrane	stable_program	0.042179313406988	246
SEMA3C	Pericyte_basement_membrane	stable_program	0.041764456466469	247
ADAM28	Pericyte_basement_membrane	stable_program	0.0415678215826077	248
AREG	Pericyte_basement_membrane	stable_program	0.0411660960955188	249
PTPRC	Pericyte_basement_membrane	stable_program	0.0409507682594996	250
ANGPT2	Pericyte_basement_membrane	stable_program	0.0408279682013827	251
MXRA8	Pericyte_basement_membrane	stable_program	0.0405787181324439	252
SPON1	Pericyte_basement_membrane	stable_program	0.0403034343820972	253
FBLN1	Pericyte_basement_membrane	stable_program	0.0402541450839821	254
SPON2	Pericyte_basement_membrane	stable_program	0.0401051956993084	255
DLL1	Pericyte_basement_membrane	stable_program	0.0400860130204586	256
INHBA	Pericyte_basement_membrane	stable_program	0.0393038832884528	257
HBEGF	Pericyte_basement_membrane	stable_program	0.0389550145078287	258
RSPO3	Pericyte_basement_membrane	stable_program	0.037708798910086	259
VSIG10	Pericyte_basement_membrane	stable_program	0.0375499073343447	260
SIGLEC1	Pericyte_basement_membrane	stable_program	0.0374621602041987	261
BACE2	Pericyte_basement_membrane	stable_program	0.0371690141518442	262
CD34	Pericyte_basement_membrane	stable_program	0.0366446705626831	263
IFITM1	Pericyte_basement_membrane	stable_program	0.0366243168037799	264
GAS6	Pericyte_basement_membrane	stable_program	0.0362477973896315	265
PTN	Pericyte_basement_membrane	stable_program	0.0354800830051815	266
LAMA2	Pericyte_basement_membrane	stable_program	0.0340071078988512	267
ALCAM	Pericyte_basement_membrane	stable_program	0.0337731353488404	268
NECTIN3	Pericyte_basement_membrane	stable_program	0.0337407237223796	269
PLTP	Pericyte_basement_membrane	stable_program	0.0330336763771321	270
ANGPT1	Pericyte_basement_membrane	stable_program	0.0322498120308996	271
MMP7	Pericyte_basement_membrane	stable_program	0.0321404722040212	272
TNFSF14	Pericyte_basement_membrane	stable_program	0.0311110067993255	273
SERPINE2	Pericyte_basement_membrane	stable_program	0.0305816291360396	274
ANGPTL4	Pericyte_basement_membrane	stable_program	0.0301693498413508	275
WNT5A	Pericyte_basement_membrane	stable_program	0.0301293004569883	276
ESAM	Pericyte_basement_membrane	stable_program	0.0300994424051537	277
ANGPTL2	Pericyte_basement_membrane	stable_program	0.0300479804453994	278
BMP6	Pericyte_basement_membrane	stable_program	0.0296620552590687	279
BMP2	Pericyte_basement_membrane	stable_program	0.0293497119024708	280
ZNRF3	Pericyte_basement_membrane	stable_program	0.0291630777941014	281
PDGFC	Pericyte_basement_membrane	stable_program	0.0290468185227511	282
SCGB3A1	Pericyte_basement_membrane	stable_program	0.0288512580173449	283
PDGFA	Pericyte_basement_membrane	stable_program	0.0282804949844756	284
IGFBP4	Pericyte_basement_membrane	stable_program	0.0280464553491955	285
NECTIN2	Pericyte_basement_membrane	stable_program	0.0279770306390896	286
CLCF1	Pericyte_basement_membrane	stable_program	0.0278781333262514	287
TNFSF13	Pericyte_basement_membrane	stable_program	0.0274270138332743	288
VEGFC	Pericyte_basement_membrane	stable_program	0.0271714511423392	289
CX3CL1	Pericyte_basement_membrane	stable_program	0.0269996468423459	290
ANOS1	Pericyte_basement_membrane	stable_program	0.0264844370519566	291
CCN4	Pericyte_basement_membrane	stable_program	0.0262990262783473	292
IL6	Pericyte_basement_membrane	stable_program	0.0261504938137004	293
PTPRM	Pericyte_basement_membrane	stable_program	0.0259648940404816	294
SPARC	Pericyte_basement_membrane	stable_program	0.0257287908743181	295
TGFB3	Pericyte_basement_membrane	stable_program	0.025254874159418	296
CALR	Pericyte_basement_membrane	stable_program	0.0251080076305743	297
JAG1	Pericyte_basement_membrane	stable_program	0.0246655266146411	298
LRIG2	Pericyte_basement_membrane	stable_program	0.0243221002161042	299
LIF	Pericyte_basement_membrane	stable_program	0.0232314828451689	300
POSTN	Pericyte_basement_membrane	stable_program	0.0226104498836355	301
APP	Pericyte_basement_membrane	stable_program	0.022473538694358	302
IGF1	Pericyte_basement_membrane	stable_program	0.0224265758668759	303
MMRN2	Pericyte_basement_membrane	stable_program	0.0223929339818493	304
WNT9A	Pericyte_basement_membrane	stable_program	0.0217831388566375	305
FURIN	Pericyte_basement_membrane	stable_program	0.0214653802284007	306
CADM1	Pericyte_basement_membrane	stable_program	0.02130076257843	307
WIF1	Pericyte_basement_membrane	stable_program	0.020771229324431	308
CRTAM	Pericyte_basement_membrane	stable_program	0.0206544415067212	309
ST6GAL1	Pericyte_basement_membrane	stable_program	0.0203004910835786	310
CMTM8	Pericyte_basement_membrane	stable_program	0.0202148209771525	311
WNT2	Pericyte_basement_membrane	stable_program	0.0195447976267547	312
WNT7B	Pericyte_basement_membrane	stable_program	0.0193701127549667	313
SIGLEC6	Pericyte_basement_membrane	stable_program	0.0192568470549248	314
PDGFB	Pericyte_basement_membrane	stable_program	0.0186162254211124	315
CADM3	Pericyte_basement_membrane	stable_program	0.017590392010087	316
WNT2B	Pericyte_basement_membrane	stable_program	0.0170509737339012	317
NLGN1	Pericyte_basement_membrane	stable_program	0.017050216407518	318
CAMP	Pericyte_basement_membrane	stable_program	0.0169897416279588	319
MIF	Pericyte_basement_membrane	stable_program	0.0169599758093715	320
ADM	Pericyte_basement_membrane	stable_program	0.0167719417312699	321
NGF	Pericyte_basement_membrane	stable_program	0.0161761694365361	322
LTF	Pericyte_basement_membrane	stable_program	0.0158687533510103	323
CSF2	Pericyte_basement_membrane	stable_program	0.0153133560077937	324
CXCL8	Pericyte_basement_membrane	stable_program	0.0125894094895638	325
CKLF	Pericyte_basement_membrane	stable_program	0.0125331080295755	326
PLAU	Pericyte_basement_membrane	stable_program	0.00995298464200181	327
PDGFD	Pericyte_basement_membrane	stable_program	0.00880093936692146	328
TGFB2	Pericyte_cg_basement_membrane	cogaps	0.246195299449776	1
TGFB1	Pericyte_cg_basement_membrane	cogaps	0.213065646711795	2
RELN	Pericyte_cg_basement_membrane	cogaps	0.169206002608033	3
COPA	Pericyte_cg_basement_membrane	cogaps	0.16338607308463	4
CCN2	Pericyte_cg_basement_membrane	cogaps	0.147272039037226	5
COL4A1	Pericyte_cg_basement_membrane	cogaps	0.142451421754508	6
COL1A1	Pericyte_cg_basement_membrane	cogaps	0.127842703630153	7
LGALS3BP	Pericyte_cg_basement_membrane	cogaps	0.125076781295444	8
LTBP1	Pericyte_cg_basement_membrane	cogaps	0.124122311504738	9
AGT	Pericyte_cg_basement_membrane	cogaps	0.121359431381623	10
TIMP2	Pericyte_cg_basement_membrane	cogaps	0.117749066934615	11
COL5A1	Pericyte_cg_basement_membrane	cogaps	0.117660344179861	12
MMP14	Pericyte_cg_basement_membrane	cogaps	0.117222489235161	13
BMP1	Pericyte_cg_basement_membrane	cogaps	0.11647281076264	14
FN1	Pericyte_cg_basement_membrane	cogaps	0.116011502015489	15
BMP5	Pericyte_cg_basement_membrane	cogaps	0.11386402083206	16
IGFBP3	Pericyte_cg_basement_membrane	cogaps	0.112192092574713	17
DLL4	Pericyte_cg_basement_membrane	cogaps	0.112116290081847	18
OCLN	Pericyte_cg_basement_membrane	cogaps	0.109328767028	19
INHBB	Pericyte_cg_basement_membrane	cogaps	0.106360290920974	20
VTN	Pericyte_cg_basement_membrane	cogaps	0.104811719842022	21
ICAM1	Pericyte_cg_basement_membrane	cogaps	0.103810954441634	22
TGM2	Pericyte_cg_basement_membrane	cogaps	0.102095081786863	23
CRB3	Pericyte_cg_basement_membrane	cogaps	0.0972354011305086	24
GGT1	Pericyte_cg_basement_membrane	cogaps	0.094701848542177	25
ENG	Pericyte_cg_basement_membrane	cogaps	0.0936211718669523	26
SEMA3F	Pericyte_cg_basement_membrane	cogaps	0.0931206898133562	27
OLFM2	Pericyte_cg_basement_membrane	cogaps	0.090616779002195	28
S100A9	Pericyte_cg_basement_membrane	cogaps	0.0873419961198636	29
JAM3	Pericyte_cg_basement_membrane	cogaps	0.0871516878049853	30
WNT3A	Pericyte_cg_basement_membrane	cogaps	0.0871151351416289	31
NTS	Pericyte_cg_basement_membrane	cogaps	0.0847938274097584	32
C1QB	Pericyte_cg_basement_membrane	cogaps	0.0839917404737584	33
PSAP	Pericyte_cg_basement_membrane	cogaps	0.0839209429908595	34
F11R	Pericyte_cg_basement_membrane	cogaps	0.0837408921854052	35
PVR	Pericyte_cg_basement_membrane	cogaps	0.0834396492445685	36
ANXA1	Pericyte_cg_basement_membrane	cogaps	0.0833419848112975	37
LIN7C	Pericyte_cg_basement_membrane	cogaps	0.0832250715286638	38
C4BPA	Pericyte_cg_basement_membrane	cogaps	0.0829276760041465	39
CALM3	Pericyte_cg_basement_membrane	cogaps	0.0827765759991006	40
BMP4	Pericyte_cg_basement_membrane	cogaps	0.0826688550238402	41
EDN1	Pericyte_cg_basement_membrane	cogaps	0.082227372605464	42
ITGB2	Pericyte_cg_basement_membrane	cogaps	0.0811168394812901	43
VCAN	Pericyte_cg_basement_membrane	cogaps	0.0810286088528998	44
IL1RN	Pericyte_cg_basement_membrane	cogaps	0.0807769092005564	45
MMP2	Pericyte_cg_basement_membrane	cogaps	0.080518324718705	46
LAMA3	Pericyte_cg_basement_membrane	cogaps	0.0803809830617197	47
FCN1	Pericyte_cg_basement_membrane	cogaps	0.0800170785679416	48
CTSD	Pericyte_cg_basement_membrane	cogaps	0.0796603191875281	49
C3	Pericyte_cg_basement_membrane	cogaps	0.0791274459584737	50
COL10A1	Pericyte_cg_basement_membrane	cogaps	0.0786665893098639	51
CLEC11A	Pericyte_cg_basement_membrane	cogaps	0.0783174136185707	52
RTN4	Pericyte_cg_basement_membrane	cogaps	0.0780979860181126	53
COL5A3	Pericyte_cg_basement_membrane	cogaps	0.0780818202714971	54
CDCP1	Pericyte_cg_basement_membrane	cogaps	0.0776233373611435	55
PRG4	Pericyte_cg_basement_membrane	cogaps	0.0770063396604864	56
TIMP3	Pericyte_cg_basement_membrane	cogaps	0.0770013449943255	57
COL3A1	Pericyte_cg_basement_membrane	cogaps	0.0769055624095802	58
FST	Pericyte_cg_basement_membrane	cogaps	0.0759577631682692	59
DCN	Pericyte_cg_basement_membrane	cogaps	0.075832553686947	60
CCN1	Pericyte_cg_basement_membrane	cogaps	0.075824778215691	61
VCAM1	Pericyte_cg_basement_membrane	cogaps	0.0757785041132742	62
SIGLEC7	Pericyte_cg_basement_membrane	cogaps	0.0757070468525644	63
LAMC1	Pericyte_cg_basement_membrane	cogaps	0.0756765387350639	64
BMP3	Pericyte_cg_basement_membrane	cogaps	0.0756720571078165	65
GDF10	Pericyte_cg_basement_membrane	cogaps	0.075611303992714	66
LGALS3	Pericyte_cg_basement_membrane	cogaps	0.0754608828614442	67
LUM	Pericyte_cg_basement_membrane	cogaps	0.0752641394543141	68
LAMB3	Pericyte_cg_basement_membrane	cogaps	0.0752041034323577	69
HDC	Pericyte_cg_basement_membrane	cogaps	0.0751606087259295	70
COL14A1	Pericyte_cg_basement_membrane	cogaps	0.0751507143927665	71
LAMA5	Pericyte_cg_basement_membrane	cogaps	0.0750527186843814	72
PROS1	Pericyte_cg_basement_membrane	cogaps	0.0748520696670025	73
NTM	Pericyte_cg_basement_membrane	cogaps	0.0744441208021522	74
FGA	Pericyte_cg_basement_membrane	cogaps	0.0741782071159831	75
COL1A2	Pericyte_cg_basement_membrane	cogaps	0.0739600696394148	76
CTSG	Pericyte_cg_basement_membrane	cogaps	0.0738931224875329	77
SELE	Pericyte_cg_basement_membrane	cogaps	0.0738154578258576	78
A2M	Pericyte_cg_basement_membrane	cogaps	0.0737524946037944	79
CORIN	Pericyte_cg_basement_membrane	cogaps	0.0734548597025926	80
SERPING1	Pericyte_cg_basement_membrane	cogaps	0.0734189681382544	81
PLA2G2A	Pericyte_cg_basement_membrane	cogaps	0.0733863052029738	82
SIGLEC9	Pericyte_cg_basement_membrane	cogaps	0.073002668424902	83
ADAM9	Pericyte_cg_basement_membrane	cogaps	0.0729400154382273	84
COL24A1	Pericyte_cg_basement_membrane	cogaps	0.072599187741376	85
RSPO2	Pericyte_cg_basement_membrane	cogaps	0.0725341866274893	86
S100A4	Pericyte_cg_basement_membrane	cogaps	0.0723797108105184	87
NTN1	Pericyte_cg_basement_membrane	cogaps	0.0723796237801033	88
COL6A2	Pericyte_cg_basement_membrane	cogaps	0.0722859401348256	89
SEMA3A	Pericyte_cg_basement_membrane	cogaps	0.0721723352421352	90
EFEMP1	Pericyte_cg_basement_membrane	cogaps	0.0721585841535007	91
FLRT2	Pericyte_cg_basement_membrane	cogaps	0.0718370684285659	92
TIMP1	Pericyte_cg_basement_membrane	cogaps	0.0715535994044587	93
COL27A1	Pericyte_cg_basement_membrane	cogaps	0.0715499882849401	94
RGMA	Pericyte_cg_basement_membrane	cogaps	0.0715077334339713	95
ADAM15	Pericyte_cg_basement_membrane	cogaps	0.0712455911977094	96
THBS2	Pericyte_cg_basement_membrane	cogaps	0.0710748713062459	97
SIRPB2	Pericyte_cg_basement_membrane	cogaps	0.0708979737949959	98
COL21A1	Pericyte_cg_basement_membrane	cogaps	0.0701629240700139	99
GNAS	Pericyte_cg_basement_membrane	cogaps	0.0701068943085564	100
GPC3	Pericyte_cg_basement_membrane	cogaps	0.0698583600623098	101
LAMC3	Pericyte_cg_basement_membrane	cogaps	0.0696615337714878	102
CD14	Pericyte_cg_basement_membrane	cogaps	0.0693439356623452	103
CD55	Pericyte_cg_basement_membrane	cogaps	0.0689226598599498	104
TFPI	Pericyte_cg_basement_membrane	cogaps	0.0687499645129546	105
COL6A6	Pericyte_cg_basement_membrane	cogaps	0.0687374102933389	106
NEGR1	Pericyte_cg_basement_membrane	cogaps	0.0687265903937925	107
COL12A1	Pericyte_cg_basement_membrane	cogaps	0.0686901017530827	108
AZGP1	Pericyte_cg_basement_membrane	cogaps	0.0686709439867501	109
KIRREL1	Pericyte_cg_basement_membrane	cogaps	0.0686508609498128	110
TGFBI	Pericyte_cg_basement_membrane	cogaps	0.0684565092446424	111
MMP9	Pericyte_cg_basement_membrane	cogaps	0.0681662503814837	112
PTPRK	Pericyte_cg_basement_membrane	cogaps	0.0680964755537784	113
SEMA3G	Pericyte_cg_basement_membrane	cogaps	0.0680755278635611	114
VWF	Pericyte_cg_basement_membrane	cogaps	0.0679803530957149	115
BACE1	Pericyte_cg_basement_membrane	cogaps	0.0679202344229446	116
FBN1	Pericyte_cg_basement_membrane	cogaps	0.0679144048734991	117
CNTN6	Pericyte_cg_basement_membrane	cogaps	0.0675429841134641	118
NLGN2	Pericyte_cg_basement_membrane	cogaps	0.0673116596673526	119
LRFN5	Pericyte_cg_basement_membrane	cogaps	0.0672515931788518	120
FGF14	Pericyte_cg_basement_membrane	cogaps	0.06721684862035	121
SOSTDC1	Pericyte_cg_basement_membrane	cogaps	0.0669519236232905	122
SELL	Pericyte_cg_basement_membrane	cogaps	0.066898789510109	123
SLPI	Pericyte_cg_basement_membrane	cogaps	0.0668954914745477	124
SLITRK6	Pericyte_cg_basement_membrane	cogaps	0.0668936154424896	125
CXCL12	Pericyte_cg_basement_membrane	cogaps	0.0668258878925763	126
FGG	Pericyte_cg_basement_membrane	cogaps	0.0666716229051974	127
RARRES1	Pericyte_cg_basement_membrane	cogaps	0.0665880242576156	128
LRRC4B	Pericyte_cg_basement_membrane	cogaps	0.0658617142438382	129
NRG3	Pericyte_cg_basement_membrane	cogaps	0.0656517795634153	130
CEACAM6	Pericyte_cg_basement_membrane	cogaps	0.0654731119541224	131
CD79B	Pericyte_cg_basement_membrane	cogaps	0.0653160383733993	132
MFGE8	Pericyte_cg_basement_membrane	cogaps	0.0653146645511216	133
SEMA3E	Pericyte_cg_basement_membrane	cogaps	0.0648578727897933	134
NFASC	Pericyte_cg_basement_membrane	cogaps	0.0644932817893422	135
JAM2	Pericyte_cg_basement_membrane	cogaps	0.0644351000403764	136
SEMA3B	Pericyte_cg_basement_membrane	cogaps	0.0643153753501373	137
SIGLEC5	Pericyte_cg_basement_membrane	cogaps	0.0642588965248207	138
NAMPT	Pericyte_cg_basement_membrane	cogaps	0.0642558992984217	139
NRP1	Pericyte_cg_basement_membrane	cogaps	0.0641131595699017	140
ANGPTL1	Pericyte_cg_basement_membrane	cogaps	0.06404149928774	141
CD1B	Pericyte_cg_basement_membrane	cogaps	0.0639275899881896	142
SIRPA	Pericyte_cg_basement_membrane	cogaps	0.063800634546047	143
IL16	Pericyte_cg_basement_membrane	cogaps	0.0636949676066475	144
SPP1	Pericyte_cg_basement_membrane	cogaps	0.0636450990481	145
PLXNA1	Pericyte_cg_basement_membrane	cogaps	0.0636436067800593	146
LGALS9	Pericyte_cg_basement_membrane	cogaps	0.0636044321284639	147
COL4A3	Pericyte_cg_basement_membrane	cogaps	0.0635380313484554	148
SEMA3D	Pericyte_cg_basement_membrane	cogaps	0.0634338653335547	149
GRN	Pericyte_cg_basement_membrane	cogaps	0.0632207342031845	150
SEMA4A	Pericyte_cg_basement_membrane	cogaps	0.0631917395842241	151
THBS1	Pericyte_cg_basement_membrane	cogaps	0.063185158411159	152
BDNF	Pericyte_cg_basement_membrane	cogaps	0.063172082588609	153
LAMC2	Pericyte_cg_basement_membrane	cogaps	0.0630310516530517	154
LAMB1	Pericyte_cg_basement_membrane	cogaps	0.062848318862249	155
COL18A1	Pericyte_cg_basement_membrane	cogaps	0.0628355841085329	156
SLIT3	Pericyte_cg_basement_membrane	cogaps	0.062739593817718	157
PLEKHO2	Pericyte_cg_basement_membrane	cogaps	0.0623954202276954	158
NCAM1	Pericyte_cg_basement_membrane	cogaps	0.0621779672850658	159
COL8A1	Pericyte_cg_basement_membrane	cogaps	0.0620208407984087	160
S100B	Pericyte_cg_basement_membrane	cogaps	0.061938407559527	161
HSPG2	Pericyte_cg_basement_membrane	cogaps	0.06168511664673	162
NID1	Pericyte_cg_basement_membrane	cogaps	0.0614407437219898	163
PLAT	Pericyte_cg_basement_membrane	cogaps	0.0614105434982797	164
C1QA	Pericyte_cg_basement_membrane	cogaps	0.0613748195250537	165
CDH1	Pericyte_cg_basement_membrane	cogaps	0.060976083484311	166
CD99	Pericyte_cg_basement_membrane	cogaps	0.0609721623805194	167
LTBP3	Pericyte_cg_basement_membrane	cogaps	0.0607600225772901	168
ICAM4	Pericyte_cg_basement_membrane	cogaps	0.0606133827650322	169
LAMA4	Pericyte_cg_basement_membrane	cogaps	0.0602953365832047	170
SEMA4B	Pericyte_cg_basement_membrane	cogaps	0.060183522225652	171
BOC	Pericyte_cg_basement_membrane	cogaps	0.0601075269590821	172
ATP1B1	Pericyte_cg_basement_membrane	cogaps	0.05966087780344	173
LIPH	Pericyte_cg_basement_membrane	cogaps	0.0596313988059255	174
THY1	Pericyte_cg_basement_membrane	cogaps	0.0593299710574571	175
SYT1	Pericyte_cg_basement_membrane	cogaps	0.0592978618004313	176
VEGFB	Pericyte_cg_basement_membrane	cogaps	0.05924504802966	177
APOA1	Pericyte_cg_basement_membrane	cogaps	0.0591255746242659	178
VEGFD	Pericyte_cg_basement_membrane	cogaps	0.0591074008846734	179
OSM	Pericyte_cg_basement_membrane	cogaps	0.0590659942107467	180
COL4A2	Pericyte_cg_basement_membrane	cogaps	0.0590207754443709	181
HLA-DQB1	Pericyte_cg_basement_membrane	cogaps	0.0590196901124922	182
LRIG1	Pericyte_cg_basement_membrane	cogaps	0.058881812013308	183
ADAM12	Pericyte_cg_basement_membrane	cogaps	0.0583286421301706	184
HLA-DRB5	Pericyte_cg_basement_membrane	cogaps	0.0582617279414853	185
COL13A1	Pericyte_cg_basement_membrane	cogaps	0.0581363682187028	186
COL4A5	Pericyte_cg_basement_membrane	cogaps	0.0580002666931981	187
EREG	Pericyte_cg_basement_membrane	cogaps	0.0575389812088452	188
SDC2	Pericyte_cg_basement_membrane	cogaps	0.0575286772516033	189
IGFBP4	Pericyte_cg_basement_membrane	cogaps	0.0574998978900974	190
SERPINE1	Pericyte_cg_basement_membrane	cogaps	0.0573285159033688	191
TSPAN33	Pericyte_cg_basement_membrane	cogaps	0.0572810574014533	192
ECM1	Pericyte_cg_basement_membrane	cogaps	0.0572372418076461	193
PECAM1	Pericyte_cg_basement_membrane	cogaps	0.0571701778321789	194
NECTIN4	Pericyte_cg_basement_membrane	cogaps	0.0570257212673889	195
COL8A2	Pericyte_cg_basement_membrane	cogaps	0.056597225144083	196
HSP90B1	Pericyte_cg_basement_membrane	cogaps	0.0565233961510607	197
LGALS1	Pericyte_cg_basement_membrane	cogaps	0.0564335017594205	198
FLRT3	Pericyte_cg_basement_membrane	cogaps	0.0563008380602966	199
COL6A3	Pericyte_cg_basement_membrane	cogaps	0.0562474702927368	200
TSPAN3	Pericyte_cg_basement_membrane	cogaps	0.0560271257227334	201
HAS1	Pericyte_cg_basement_membrane	cogaps	0.0559505213667899	202
TNC	Pericyte_cg_basement_membrane	cogaps	0.0555852512789201	203
F13A1	Pericyte_cg_basement_membrane	cogaps	0.0552475755496419	204
DUSP18	Pericyte_cg_basement_membrane	cogaps	0.0552421456000498	205
COMP	Pericyte_cg_basement_membrane	cogaps	0.055027295092206	206
GPC6	Pericyte_cg_basement_membrane	cogaps	0.055019554303648	207
MXRA5	Pericyte_cg_basement_membrane	cogaps	0.0549405153329913	208
CALM1	Pericyte_cg_basement_membrane	cogaps	0.0549037042548042	209
CNTN4	Pericyte_cg_basement_membrane	cogaps	0.054864908141466	210
JAG2	Pericyte_cg_basement_membrane	cogaps	0.0547124160059319	211
MPZL3	Pericyte_cg_basement_membrane	cogaps	0.0546155052970151	212
MFNG	Pericyte_cg_basement_membrane	cogaps	0.0543981245597057	213
AGRN	Pericyte_cg_basement_membrane	cogaps	0.0537921821887592	214
PENK	Pericyte_cg_basement_membrane	cogaps	0.0534207482681461	215
CEACAM1	Pericyte_cg_basement_membrane	cogaps	0.0532181945157277	216
FAM3C	Pericyte_cg_basement_membrane	cogaps	0.0531432491443301	217
ANXA2	Pericyte_cg_basement_membrane	cogaps	0.052959119276601	218
LAMB2	Pericyte_cg_basement_membrane	cogaps	0.0526655323344528	219
PI16	Pericyte_cg_basement_membrane	cogaps	0.0525721513230031	220
LRPAP1	Pericyte_cg_basement_membrane	cogaps	0.052539392314112	221
COL15A1	Pericyte_cg_basement_membrane	cogaps	0.0525328237956109	222
SLIT2	Pericyte_cg_basement_membrane	cogaps	0.0522553811924336	223
MDK	Pericyte_cg_basement_membrane	cogaps	0.0520002295899743	224
ANG	Pericyte_cg_basement_membrane	cogaps	0.0519602955561313	225
SEMA4D	Pericyte_cg_basement_membrane	cogaps	0.0519111769822879	226
PGF	Pericyte_cg_basement_membrane	cogaps	0.0517607289799465	227
IL1A	Pericyte_cg_basement_membrane	cogaps	0.0516820619845322	228
HAS2	Pericyte_cg_basement_membrane	cogaps	0.0516350263999331	229
COL16A1	Pericyte_cg_basement_membrane	cogaps	0.0511527598586872	230
ICOSLG	Pericyte_cg_basement_membrane	cogaps	0.0507379964390834	231
ADAM10	Pericyte_cg_basement_membrane	cogaps	0.0506572108352925	232
EDIL3	Pericyte_cg_basement_membrane	cogaps	0.0504744522308966	233
LTB	Pericyte_cg_basement_membrane	cogaps	0.0503414113637016	234
F8	Pericyte_cg_basement_membrane	cogaps	0.0501920872242264	235
COL4A4	Pericyte_cg_basement_membrane	cogaps	0.0501895247752687	236
LFNG	Pericyte_cg_basement_membrane	cogaps	0.0498859462414635	237
FGF2	Pericyte_cg_basement_membrane	cogaps	0.0498453547057426	238
LPL	Pericyte_cg_basement_membrane	cogaps	0.0497405807000013	239
HGF	Pericyte_cg_basement_membrane	cogaps	0.0496554438188761	240
APOE	Pericyte_cg_basement_membrane	cogaps	0.049295597088608	241
COL5A2	Pericyte_cg_basement_membrane	cogaps	0.0489572345991216	242
COL6A1	Pericyte_cg_basement_membrane	cogaps	0.0476753879833004	243
ADAM17	Pericyte_cg_basement_membrane	cogaps	0.0475032431784393	244
CALM2	Pericyte_cg_basement_membrane	cogaps	0.0464565356805402	245
PSEN1	Pericyte_cg_basement_membrane	cogaps	0.0463789725070183	246
VEGFA	Pericyte_cg_basement_membrane	cogaps	0.0462695847976856	247
SPON1	Pericyte_cg_basement_membrane	cogaps	0.0460954692270697	248
IL1B	Pericyte_cg_basement_membrane	cogaps	0.0460129190406708	249
PCSK9	Pericyte_cg_basement_membrane	cogaps	0.0460054104592722	250
SEMA4C	Pericyte_cg_basement_membrane	cogaps	0.0458781000644135	251
IGF2	Pericyte_cg_basement_membrane	cogaps	0.0458526212926431	252
SCGB1A1	Pericyte_cg_basement_membrane	cogaps	0.0458065059425156	253
SEMA3C	Pericyte_cg_basement_membrane	cogaps	0.0451134611736604	254
ADAM28	Pericyte_cg_basement_membrane	cogaps	0.0448984419384348	255
MXRA8	Pericyte_cg_basement_membrane	cogaps	0.044442934916949	256
SPON2	Pericyte_cg_basement_membrane	cogaps	0.0442153829043302	257
LSAMP	Pericyte_cg_basement_membrane	cogaps	0.0440315200434253	258
FBLN1	Pericyte_cg_basement_membrane	cogaps	0.0438456807373564	259
PTPRC	Pericyte_cg_basement_membrane	cogaps	0.0437229886163484	260
EFEMP2	Pericyte_cg_basement_membrane	cogaps	0.0434803708284442	261
SIGLEC1	Pericyte_cg_basement_membrane	cogaps	0.0430066525226138	262
ANGPT2	Pericyte_cg_basement_membrane	cogaps	0.0420076177981576	263
DLL1	Pericyte_cg_basement_membrane	cogaps	0.0419161733654	264
BACE2	Pericyte_cg_basement_membrane	cogaps	0.0408809229768045	265
RSPO3	Pericyte_cg_basement_membrane	cogaps	0.0405290823054842	266
CD34	Pericyte_cg_basement_membrane	cogaps	0.0400613555451467	267
VSIG10	Pericyte_cg_basement_membrane	cogaps	0.0399448416245671	268
FGF7	Pericyte_cg_basement_membrane	cogaps	0.0391984948150193	269
MFAP2	Pericyte_cg_basement_membrane	cogaps	0.0391607729592248	270
GAS6	Pericyte_cg_basement_membrane	cogaps	0.0389201814834576	271
NRG1	Pericyte_cg_basement_membrane	cogaps	0.0383903079326359	272
INHBA	Pericyte_cg_basement_membrane	cogaps	0.0376098834008857	273
PTN	Pericyte_cg_basement_membrane	cogaps	0.0375943807444746	274
IFITM1	Pericyte_cg_basement_membrane	cogaps	0.0353769872333035	275
AREG	Pericyte_cg_basement_membrane	cogaps	0.0353318650602523	276
NPNT	Pericyte_cg_basement_membrane	cogaps	0.0352628719171985	277
ALCAM	Pericyte_cg_basement_membrane	cogaps	0.0342154292952896	278
NECTIN3	Pericyte_cg_basement_membrane	cogaps	0.0340820104126355	279
PLTP	Pericyte_cg_basement_membrane	cogaps	0.0337342661919039	280
MMP7	Pericyte_cg_basement_membrane	cogaps	0.0334891062542783	281
HBEGF	Pericyte_cg_basement_membrane	cogaps	0.0328812626822092	282
FGF18	Pericyte_cg_basement_membrane	cogaps	0.0328505777329437	283
WNT5A	Pericyte_cg_basement_membrane	cogaps	0.0327203661312803	284
ZNRF3	Pericyte_cg_basement_membrane	cogaps	0.0321483365313178	285
SCGB3A1	Pericyte_cg_basement_membrane	cogaps	0.0320079754359727	286
ANGPT1	Pericyte_cg_basement_membrane	cogaps	0.0317254254244355	287
TNFSF14	Pericyte_cg_basement_membrane	cogaps	0.0316480011761146	288
SERPINE2	Pericyte_cg_basement_membrane	cogaps	0.0312782106084268	289
ESAM	Pericyte_cg_basement_membrane	cogaps	0.0306563085690365	290
ANGPTL4	Pericyte_cg_basement_membrane	cogaps	0.0296675552009328	291
NECTIN2	Pericyte_cg_basement_membrane	cogaps	0.0294008503385801	292
ANOS1	Pericyte_cg_basement_membrane	cogaps	0.0293430296664887	293
PDGFA	Pericyte_cg_basement_membrane	cogaps	0.0291455244077204	294
CLCF1	Pericyte_cg_basement_membrane	cogaps	0.0284594687420923	295
PTPRM	Pericyte_cg_basement_membrane	cogaps	0.0280619077178394	296
TNFSF13	Pericyte_cg_basement_membrane	cogaps	0.0279425230736582	297
MFAP5	Pericyte_cg_basement_membrane	cogaps	0.0279137822408528	298
CCN4	Pericyte_cg_basement_membrane	cogaps	0.0276826723681004	299
VEGFC	Pericyte_cg_basement_membrane	cogaps	0.0267632800019909	300
PDGFC	Pericyte_cg_basement_membrane	cogaps	0.0266680733943032	301
LAMA2	Pericyte_cg_basement_membrane	cogaps	0.0263265774421329	302
IL6	Pericyte_cg_basement_membrane	cogaps	0.0259516713673034	303
ANGPTL2	Pericyte_cg_basement_membrane	cogaps	0.0259132032764756	304
BMP2	Pericyte_cg_basement_membrane	cogaps	0.0256998520125009	305
PCDHA10	Pericyte_cg_basement_membrane	cogaps	0.0250013147480668	306
CX3CL1	Pericyte_cg_basement_membrane	cogaps	0.024529183115298	307
JAG1	Pericyte_cg_basement_membrane	cogaps	0.0242541102045201	308
BMP6	Pericyte_cg_basement_membrane	cogaps	0.024097505532521	309
CALR	Pericyte_cg_basement_membrane	cogaps	0.0236831996913389	310
LRIG2	Pericyte_cg_basement_membrane	cogaps	0.0236458801002064	311
SPARC	Pericyte_cg_basement_membrane	cogaps	0.0229411774823341	312
MMRN2	Pericyte_cg_basement_membrane	cogaps	0.0228683586407734	313
NTF3	Pericyte_cg_basement_membrane	cogaps	0.0224645009799091	314
WIF1	Pericyte_cg_basement_membrane	cogaps	0.0222820598730259	315
TGFB3	Pericyte_cg_basement_membrane	cogaps	0.0221651476313929	316
APP	Pericyte_cg_basement_membrane	cogaps	0.0218575598756108	317
WNT9A	Pericyte_cg_basement_membrane	cogaps	0.0215397684872027	318
CADM1	Pericyte_cg_basement_membrane	cogaps	0.0215147917565223	319
LIF	Pericyte_cg_basement_membrane	cogaps	0.0209231884840177	320
CRTAM	Pericyte_cg_basement_membrane	cogaps	0.0205712501730163	321
ST6GAL1	Pericyte_cg_basement_membrane	cogaps	0.0205459509398476	322
FURIN	Pericyte_cg_basement_membrane	cogaps	0.0204599138539757	323
POSTN	Pericyte_cg_basement_membrane	cogaps	0.0201682214019765	324
WNT2	Pericyte_cg_basement_membrane	cogaps	0.0191420119353113	325
WNT7B	Pericyte_cg_basement_membrane	cogaps	0.0190603455254076	326
CMTM8	Pericyte_cg_basement_membrane	cogaps	0.018416580269662	327
SIGLEC6	Pericyte_cg_basement_membrane	cogaps	0.0180662627267973	328
CADM3	Pericyte_cg_basement_membrane	cogaps	0.0178085754054327	329
CAMP	Pericyte_cg_basement_membrane	cogaps	0.0175728000924222	330
WNT2B	Pericyte_cg_basement_membrane	cogaps	0.0173482776983993	331
NLGN1	Pericyte_cg_basement_membrane	cogaps	0.0170363167857847	332
NGF	Pericyte_cg_basement_membrane	cogaps	0.0162506910934822	333
MIF	Pericyte_cg_basement_membrane	cogaps	0.0155127126537791	334
LTF	Pericyte_cg_basement_membrane	cogaps	0.0154104185206544	335
PDGFB	Pericyte_cg_basement_membrane	cogaps	0.0149466367830563	336
CSF2	Pericyte_cg_basement_membrane	cogaps	0.0149421245406872	337
ADM	Pericyte_cg_basement_membrane	cogaps	0.0148323313408002	338
IGF1	Pericyte_cg_basement_membrane	cogaps	0.0139238914899994	339
CKLF	Pericyte_cg_basement_membrane	cogaps	0.0125494014428298	340
CXCL8	Pericyte_cg_basement_membrane	cogaps	0.0123352273706105	341
PLAU	Pericyte_cg_basement_membrane	cogaps	0.00980278487353777	342
EPHA4	Pericyte_cg_basement_membrane	cogaps	0.0088578637878266	343
PDGFD	Pericyte_cg_basement_membrane	cogaps	0.0079112075748529	344
TGFB2	Pericyte_cg_fibroblast_like	cogaps	0.209909683044793	1
TGFB1	Pericyte_cg_fibroblast_like	cogaps	0.205583871781838	2
CCN2	Pericyte_cg_fibroblast_like	cogaps	0.162671813982134	3
TIMP2	Pericyte_cg_fibroblast_like	cogaps	0.147473411337521	4
COPA	Pericyte_cg_fibroblast_like	cogaps	0.140638297751616	5
VTN	Pericyte_cg_fibroblast_like	cogaps	0.130658600868387	6
COL4A1	Pericyte_cg_fibroblast_like	cogaps	0.12089153451938	7
MMP14	Pericyte_cg_fibroblast_like	cogaps	0.112070488174282	8
AGT	Pericyte_cg_fibroblast_like	cogaps	0.104062380644434	9
COL1A1	Pericyte_cg_fibroblast_like	cogaps	0.1039767692925	10
FN1	Pericyte_cg_fibroblast_like	cogaps	0.10352751447673	11
ENG	Pericyte_cg_fibroblast_like	cogaps	0.102824193850369	12
SIRPB2	Pericyte_cg_fibroblast_like	cogaps	0.101149206271417	13
VCAM1	Pericyte_cg_fibroblast_like	cogaps	0.100378411481231	14
COL5A1	Pericyte_cg_fibroblast_like	cogaps	0.0983772201657011	15
COL10A1	Pericyte_cg_fibroblast_like	cogaps	0.097528061353483	16
NAMPT	Pericyte_cg_fibroblast_like	cogaps	0.0957972579125562	17
TGM2	Pericyte_cg_fibroblast_like	cogaps	0.0956186941559794	18
RELN	Pericyte_cg_fibroblast_like	cogaps	0.0950853460701	19
THBS2	Pericyte_cg_fibroblast_like	cogaps	0.0944316346934251	20
ICAM1	Pericyte_cg_fibroblast_like	cogaps	0.0904928164777103	21
TNC	Pericyte_cg_fibroblast_like	cogaps	0.087377634707529	22
BMP4	Pericyte_cg_fibroblast_like	cogaps	0.0871843840676146	23
WNT3A	Pericyte_cg_fibroblast_like	cogaps	0.0859176196564974	24
NTS	Pericyte_cg_fibroblast_like	cogaps	0.0846041194720836	25
ANG	Pericyte_cg_fibroblast_like	cogaps	0.0843378389762313	26
SEMA3F	Pericyte_cg_fibroblast_like	cogaps	0.0818059324561153	27
DLL4	Pericyte_cg_fibroblast_like	cogaps	0.0787227358830135	28
SHISA4	Pericyte_cg_fibroblast_like	cogaps	0.0780189816884244	29
C4BPA	Pericyte_cg_fibroblast_like	cogaps	0.0774180246480201	30
LGALS3BP	Pericyte_cg_fibroblast_like	cogaps	0.0757934044842805	31
LTBP1	Pericyte_cg_fibroblast_like	cogaps	0.0751354112339054	32
GGT1	Pericyte_cg_fibroblast_like	cogaps	0.0751214712774098	33
C1QB	Pericyte_cg_fibroblast_like	cogaps	0.0746475241259447	34
OCLN	Pericyte_cg_fibroblast_like	cogaps	0.0744126474707683	35
EDN1	Pericyte_cg_fibroblast_like	cogaps	0.0742635907568035	36
TIMP3	Pericyte_cg_fibroblast_like	cogaps	0.0732183368680908	37
MMP9	Pericyte_cg_fibroblast_like	cogaps	0.0731658345787045	38
JAM3	Pericyte_cg_fibroblast_like	cogaps	0.0727686283104869	39
SEMA3A	Pericyte_cg_fibroblast_like	cogaps	0.0719265511131318	40
IL1B	Pericyte_cg_fibroblast_like	cogaps	0.0713444969452523	41
PSAP	Pericyte_cg_fibroblast_like	cogaps	0.0711473679572829	42
ANXA1	Pericyte_cg_fibroblast_like	cogaps	0.0711437961619158	43
MMP2	Pericyte_cg_fibroblast_like	cogaps	0.0705316470988281	44
FBN1	Pericyte_cg_fibroblast_like	cogaps	0.0703493913744149	45
TIMP1	Pericyte_cg_fibroblast_like	cogaps	0.069740055448808	46
CTSG	Pericyte_cg_fibroblast_like	cogaps	0.0695661948584711	47
PLAT	Pericyte_cg_fibroblast_like	cogaps	0.0693322182844539	48
LAMA3	Pericyte_cg_fibroblast_like	cogaps	0.0691634217766706	49
C3	Pericyte_cg_fibroblast_like	cogaps	0.069106956087466	50
FGA	Pericyte_cg_fibroblast_like	cogaps	0.0689079320287048	51
COL1A2	Pericyte_cg_fibroblast_like	cogaps	0.0686851796515693	52
COL3A1	Pericyte_cg_fibroblast_like	cogaps	0.0684154949001965	53
PTPRK	Pericyte_cg_fibroblast_like	cogaps	0.068152600772526	54
FCN1	Pericyte_cg_fibroblast_like	cogaps	0.068030766691216	55
DCN	Pericyte_cg_fibroblast_like	cogaps	0.0676593040644167	56
MMP7	Pericyte_cg_fibroblast_like	cogaps	0.0675831049457624	57
FLRT2	Pericyte_cg_fibroblast_like	cogaps	0.0675065426737887	58
SELE	Pericyte_cg_fibroblast_like	cogaps	0.0674948455739448	59
FAM3C	Pericyte_cg_fibroblast_like	cogaps	0.0673834308388224	60
BMP1	Pericyte_cg_fibroblast_like	cogaps	0.06720684217114	61
VCAN	Pericyte_cg_fibroblast_like	cogaps	0.0665009291848344	62
COL5A3	Pericyte_cg_fibroblast_like	cogaps	0.0664930028720428	63
CDCP1	Pericyte_cg_fibroblast_like	cogaps	0.0662690852898574	64
CTSD	Pericyte_cg_fibroblast_like	cogaps	0.0660093925663197	65
CALM3	Pericyte_cg_fibroblast_like	cogaps	0.0657679951245705	66
LAMA5	Pericyte_cg_fibroblast_like	cogaps	0.0656651202138072	67
FST	Pericyte_cg_fibroblast_like	cogaps	0.0651999564065383	68
A2M	Pericyte_cg_fibroblast_like	cogaps	0.0648406956200688	69
COL19A1	Pericyte_cg_fibroblast_like	cogaps	0.0644262947101384	70
CD14	Pericyte_cg_fibroblast_like	cogaps	0.0642944175575307	71
LAMC1	Pericyte_cg_fibroblast_like	cogaps	0.0642614844790226	72
CXCL12	Pericyte_cg_fibroblast_like	cogaps	0.0642285216011878	73
LUM	Pericyte_cg_fibroblast_like	cogaps	0.0639991139716727	74
SERPING1	Pericyte_cg_fibroblast_like	cogaps	0.0637776861052438	75
FGG	Pericyte_cg_fibroblast_like	cogaps	0.0637079096945251	76
GRN	Pericyte_cg_fibroblast_like	cogaps	0.0635846497078621	77
ITGB2	Pericyte_cg_fibroblast_like	cogaps	0.0634407613121089	78
LGALS9	Pericyte_cg_fibroblast_like	cogaps	0.0634212920981077	79
TFPI	Pericyte_cg_fibroblast_like	cogaps	0.063043960714487	80
VWF	Pericyte_cg_fibroblast_like	cogaps	0.0628506005700784	81
CORIN	Pericyte_cg_fibroblast_like	cogaps	0.0624989051389493	82
SIGLEC7	Pericyte_cg_fibroblast_like	cogaps	0.0622822126661202	83
LAMB3	Pericyte_cg_fibroblast_like	cogaps	0.0621384311325935	84
COL6A2	Pericyte_cg_fibroblast_like	cogaps	0.0620689129928063	85
S100A4	Pericyte_cg_fibroblast_like	cogaps	0.0619328764206612	86
TGFBI	Pericyte_cg_fibroblast_like	cogaps	0.0618491295680167	87
PLA2G2A	Pericyte_cg_fibroblast_like	cogaps	0.0618487457964754	88
BMP5	Pericyte_cg_fibroblast_like	cogaps	0.0618144315256362	89
SPARC	Pericyte_cg_fibroblast_like	cogaps	0.0618021363244457	90
CCN1	Pericyte_cg_fibroblast_like	cogaps	0.0616020440696023	91
BACE1	Pericyte_cg_fibroblast_like	cogaps	0.0614781878507919	92
SIGLEC9	Pericyte_cg_fibroblast_like	cogaps	0.0614276455002121	93
LIN7C	Pericyte_cg_fibroblast_like	cogaps	0.0611942778075834	94
CP	Pericyte_cg_fibroblast_like	cogaps	0.0609755473366788	95
THBS1	Pericyte_cg_fibroblast_like	cogaps	0.0608652016409173	96
IL1A	Pericyte_cg_fibroblast_like	cogaps	0.0608582729763444	97
NRG3	Pericyte_cg_fibroblast_like	cogaps	0.06046715676765	98
SLPI	Pericyte_cg_fibroblast_like	cogaps	0.060460814931227	99
NRP1	Pericyte_cg_fibroblast_like	cogaps	0.0604439597972638	100
GNAS	Pericyte_cg_fibroblast_like	cogaps	0.0604394821700328	101
COL6A6	Pericyte_cg_fibroblast_like	cogaps	0.0602995244782896	102
GPC6	Pericyte_cg_fibroblast_like	cogaps	0.0601823090883215	103
COL14A1	Pericyte_cg_fibroblast_like	cogaps	0.0601614795003865	104
HSPG2	Pericyte_cg_fibroblast_like	cogaps	0.0601168656085956	105
PROS1	Pericyte_cg_fibroblast_like	cogaps	0.0601097293478573	106
SIRPA	Pericyte_cg_fibroblast_like	cogaps	0.0598027416137618	107
ADAM15	Pericyte_cg_fibroblast_like	cogaps	0.0596725697433852	108
NTN1	Pericyte_cg_fibroblast_like	cogaps	0.0596616883338355	109
IL1RN	Pericyte_cg_fibroblast_like	cogaps	0.0596032269952355	110
ADAM9	Pericyte_cg_fibroblast_like	cogaps	0.0595980595749766	111
COL27A1	Pericyte_cg_fibroblast_like	cogaps	0.0594585944155782	112
GPC3	Pericyte_cg_fibroblast_like	cogaps	0.059377039159197	113
SPP1	Pericyte_cg_fibroblast_like	cogaps	0.05937572390078	114
LAMC3	Pericyte_cg_fibroblast_like	cogaps	0.0592625968343841	115
GDF10	Pericyte_cg_fibroblast_like	cogaps	0.0588458708506739	116
COL21A1	Pericyte_cg_fibroblast_like	cogaps	0.0588100014152681	117
SEMA3G	Pericyte_cg_fibroblast_like	cogaps	0.0584480089973659	118
CDH1	Pericyte_cg_fibroblast_like	cogaps	0.0582576439685584	119
BMP3	Pericyte_cg_fibroblast_like	cogaps	0.0581965270984708	120
IGFBP3	Pericyte_cg_fibroblast_like	cogaps	0.058084859476816	121
APOA1	Pericyte_cg_fibroblast_like	cogaps	0.0580660996096674	122
COL24A1	Pericyte_cg_fibroblast_like	cogaps	0.0579467116775438	123
CD99	Pericyte_cg_fibroblast_like	cogaps	0.0577862956974331	124
EREG	Pericyte_cg_fibroblast_like	cogaps	0.0576349119372374	125
F8	Pericyte_cg_fibroblast_like	cogaps	0.0575521158494974	126
ANGPTL1	Pericyte_cg_fibroblast_like	cogaps	0.0575154778838921	127
PECAM1	Pericyte_cg_fibroblast_like	cogaps	0.0574946436946199	128
COL18A1	Pericyte_cg_fibroblast_like	cogaps	0.0574456751221972	129
COMP	Pericyte_cg_fibroblast_like	cogaps	0.0573466812567859	130
CLEC11A	Pericyte_cg_fibroblast_like	cogaps	0.0572379386842199	131
BDNF	Pericyte_cg_fibroblast_like	cogaps	0.0571752691029875	132
RARRES1	Pericyte_cg_fibroblast_like	cogaps	0.0571502151552296	133
SERPINE1	Pericyte_cg_fibroblast_like	cogaps	0.0570423244038317	134
THY1	Pericyte_cg_fibroblast_like	cogaps	0.0569825527359308	135
COL4A3	Pericyte_cg_fibroblast_like	cogaps	0.0569774426213718	136
JAM2	Pericyte_cg_fibroblast_like	cogaps	0.0568338459683782	137
RGMA	Pericyte_cg_fibroblast_like	cogaps	0.0566525765456109	138
SYT1	Pericyte_cg_fibroblast_like	cogaps	0.0566196514698834	139
KIRREL1	Pericyte_cg_fibroblast_like	cogaps	0.0565024608354525	140
ICAM4	Pericyte_cg_fibroblast_like	cogaps	0.056448976552985	141
OSM	Pericyte_cg_fibroblast_like	cogaps	0.0563689042712195	142
SEMA3B	Pericyte_cg_fibroblast_like	cogaps	0.0562372449938274	143
EFEMP1	Pericyte_cg_fibroblast_like	cogaps	0.0562279446621372	144
F10	Pericyte_cg_fibroblast_like	cogaps	0.0561684817455143	145
CD55	Pericyte_cg_fibroblast_like	cogaps	0.0561482031940908	146
NCAM1	Pericyte_cg_fibroblast_like	cogaps	0.0560935048471858	147
LAMC2	Pericyte_cg_fibroblast_like	cogaps	0.0560928290465355	148
SEMA3D	Pericyte_cg_fibroblast_like	cogaps	0.0559949568003513	149
VEGFD	Pericyte_cg_fibroblast_like	cogaps	0.0558810348665432	150
AZGP1	Pericyte_cg_fibroblast_like	cogaps	0.0558793924407785	151
SOSTDC1	Pericyte_cg_fibroblast_like	cogaps	0.0557240563388873	152
LRPAP1	Pericyte_cg_fibroblast_like	cogaps	0.0556198328978903	153
LAMB1	Pericyte_cg_fibroblast_like	cogaps	0.0555994827845681	154
HAS1	Pericyte_cg_fibroblast_like	cogaps	0.0555353806829927	155
LGALS3	Pericyte_cg_fibroblast_like	cogaps	0.0554634941243636	156
LRFN5	Pericyte_cg_fibroblast_like	cogaps	0.055366086128936	157
CD320	Pericyte_cg_fibroblast_like	cogaps	0.0552532044127815	158
PRG4	Pericyte_cg_fibroblast_like	cogaps	0.0552438233209541	159
COL4A4	Pericyte_cg_fibroblast_like	cogaps	0.0546185939002889	160
LRRC4B	Pericyte_cg_fibroblast_like	cogaps	0.0544386926667964	161
COL13A1	Pericyte_cg_fibroblast_like	cogaps	0.0543612622076104	162
SLITRK6	Pericyte_cg_fibroblast_like	cogaps	0.0541850312568085	163
LIPH	Pericyte_cg_fibroblast_like	cogaps	0.0541647471110293	164
SEMA3E	Pericyte_cg_fibroblast_like	cogaps	0.0541400490363972	165
COL12A1	Pericyte_cg_fibroblast_like	cogaps	0.0540975992127632	166
CNTN6	Pericyte_cg_fibroblast_like	cogaps	0.0540359592954159	167
ADAM12	Pericyte_cg_fibroblast_like	cogaps	0.0539814545294315	168
SEMA4A	Pericyte_cg_fibroblast_like	cogaps	0.05361324670676	169
CALM1	Pericyte_cg_fibroblast_like	cogaps	0.0535644285484572	170
C1QA	Pericyte_cg_fibroblast_like	cogaps	0.0534667007927067	171
LAMA4	Pericyte_cg_fibroblast_like	cogaps	0.0532846917862045	172
SEMA4D	Pericyte_cg_fibroblast_like	cogaps	0.0532804133091681	173
SIGLEC5	Pericyte_cg_fibroblast_like	cogaps	0.052911184509256	174
NPNT	Pericyte_cg_fibroblast_like	cogaps	0.0528473058472423	175
NFASC	Pericyte_cg_fibroblast_like	cogaps	0.0526998897805662	176
AGRN	Pericyte_cg_fibroblast_like	cogaps	0.0526120784133562	177
CEACAM6	Pericyte_cg_fibroblast_like	cogaps	0.0525568366602849	178
FGF2	Pericyte_cg_fibroblast_like	cogaps	0.0525252223232837	179
COL6A1	Pericyte_cg_fibroblast_like	cogaps	0.0524109605663774	180
CD1B	Pericyte_cg_fibroblast_like	cogaps	0.0524069435398071	181
IGF2	Pericyte_cg_fibroblast_like	cogaps	0.0521955780625059	182
CEACAM1	Pericyte_cg_fibroblast_like	cogaps	0.0521918553241987	183
IL16	Pericyte_cg_fibroblast_like	cogaps	0.0521177532028977	184
HLA-DQB1	Pericyte_cg_fibroblast_like	cogaps	0.0519225615614295	185
ADAM17	Pericyte_cg_fibroblast_like	cogaps	0.0517705975194826	186
COL4A5	Pericyte_cg_fibroblast_like	cogaps	0.0514393158750865	187
TSPAN33	Pericyte_cg_fibroblast_like	cogaps	0.0513875432610275	188
VEGFA	Pericyte_cg_fibroblast_like	cogaps	0.051181696684024	189
MFGE8	Pericyte_cg_fibroblast_like	cogaps	0.0509646206345717	190
SEMA4B	Pericyte_cg_fibroblast_like	cogaps	0.0509330660202508	191
COL4A2	Pericyte_cg_fibroblast_like	cogaps	0.050922470870562	192
COL6A3	Pericyte_cg_fibroblast_like	cogaps	0.0506675104023014	193
LPL	Pericyte_cg_fibroblast_like	cogaps	0.0502718561808392	194
LGALS1	Pericyte_cg_fibroblast_like	cogaps	0.0501933963082402	195
PLEKHO2	Pericyte_cg_fibroblast_like	cogaps	0.0499305774874418	196
COL15A1	Pericyte_cg_fibroblast_like	cogaps	0.049894571120729	197
SDC2	Pericyte_cg_fibroblast_like	cogaps	0.0498205323317591	198
MDK	Pericyte_cg_fibroblast_like	cogaps	0.0495938459327615	199
COL8A2	Pericyte_cg_fibroblast_like	cogaps	0.0494490863565517	200
NECTIN4	Pericyte_cg_fibroblast_like	cogaps	0.0492122187419792	201
HLA-DRB5	Pericyte_cg_fibroblast_like	cogaps	0.0490125468632709	202
LRIG1	Pericyte_cg_fibroblast_like	cogaps	0.0489594228765546	203
APOE	Pericyte_cg_fibroblast_like	cogaps	0.0488552839442871	204
DUSP18	Pericyte_cg_fibroblast_like	cogaps	0.0487658696406007	205
F13A1	Pericyte_cg_fibroblast_like	cogaps	0.0486665328338586	206
COL16A1	Pericyte_cg_fibroblast_like	cogaps	0.0484734140003555	207
CLDN1	Pericyte_cg_fibroblast_like	cogaps	0.0481848416987886	208
PGF	Pericyte_cg_fibroblast_like	cogaps	0.0481324556610291	209
LAMB2	Pericyte_cg_fibroblast_like	cogaps	0.0479921853591513	210
FLRT3	Pericyte_cg_fibroblast_like	cogaps	0.0479106773372327	211
ANXA2	Pericyte_cg_fibroblast_like	cogaps	0.0476931357941632	212
HBEGF	Pericyte_cg_fibroblast_like	cogaps	0.0474518925557132	213
TSPAN3	Pericyte_cg_fibroblast_like	cogaps	0.0469330120001199	214
COL5A2	Pericyte_cg_fibroblast_like	cogaps	0.0466049575878052	215
CNTN4	Pericyte_cg_fibroblast_like	cogaps	0.0463665454425703	216
HAS2	Pericyte_cg_fibroblast_like	cogaps	0.0463100881873273	217
COL8A1	Pericyte_cg_fibroblast_like	cogaps	0.0462787195826537	218
HSP90B1	Pericyte_cg_fibroblast_like	cogaps	0.0462433702744265	219
ADAM10	Pericyte_cg_fibroblast_like	cogaps	0.0458633585072994	220
MXRA5	Pericyte_cg_fibroblast_like	cogaps	0.0458539022167916	221
PSEN1	Pericyte_cg_fibroblast_like	cogaps	0.0447286205640976	222
RSPO3	Pericyte_cg_fibroblast_like	cogaps	0.0440304858432918	223
CALM2	Pericyte_cg_fibroblast_like	cogaps	0.043797808512289	224
EDIL3	Pericyte_cg_fibroblast_like	cogaps	0.0435555301245851	225
NID1	Pericyte_cg_fibroblast_like	cogaps	0.0431913837930933	226
INHBA	Pericyte_cg_fibroblast_like	cogaps	0.0428628311983588	227
FBLN1	Pericyte_cg_fibroblast_like	cogaps	0.0426543327178426	228
PCSK9	Pericyte_cg_fibroblast_like	cogaps	0.0421766337357595	229
PTPRC	Pericyte_cg_fibroblast_like	cogaps	0.0418374964115823	230
SPON1	Pericyte_cg_fibroblast_like	cogaps	0.0418037201375431	231
PI16	Pericyte_cg_fibroblast_like	cogaps	0.0415089798710206	232
HGF	Pericyte_cg_fibroblast_like	cogaps	0.0412315771717034	233
SIGLEC1	Pericyte_cg_fibroblast_like	cogaps	0.040815067938976	234
NRG1	Pericyte_cg_fibroblast_like	cogaps	0.0407895421522571	235
SERPINE2	Pericyte_cg_fibroblast_like	cogaps	0.0402067557573033	236
SEMA3C	Pericyte_cg_fibroblast_like	cogaps	0.0401611230291607	237
BACE2	Pericyte_cg_fibroblast_like	cogaps	0.0399738482318816	238
SPON2	Pericyte_cg_fibroblast_like	cogaps	0.0395092988585072	239
SEMA4C	Pericyte_cg_fibroblast_like	cogaps	0.0394430294093577	240
EFEMP2	Pericyte_cg_fibroblast_like	cogaps	0.0393752625406011	241
ADAM28	Pericyte_cg_fibroblast_like	cogaps	0.0387760928695228	242
AREG	Pericyte_cg_fibroblast_like	cogaps	0.0383379507073842	243
PTN	Pericyte_cg_fibroblast_like	cogaps	0.0379775505782852	244
JAG2	Pericyte_cg_fibroblast_like	cogaps	0.037883978743293	245
DLL1	Pericyte_cg_fibroblast_like	cogaps	0.0376079261269864	246
IFITM1	Pericyte_cg_fibroblast_like	cogaps	0.0374180276710469	247
ANGPT2	Pericyte_cg_fibroblast_like	cogaps	0.03726710038797	248
GAS6	Pericyte_cg_fibroblast_like	cogaps	0.0369475809696207	249
VSIG10	Pericyte_cg_fibroblast_like	cogaps	0.0368311652820335	250
LFNG	Pericyte_cg_fibroblast_like	cogaps	0.0355475827324857	251
PLTP	Pericyte_cg_fibroblast_like	cogaps	0.0352776660850362	252
CX3CL1	Pericyte_cg_fibroblast_like	cogaps	0.0344886606510933	253
CCN4	Pericyte_cg_fibroblast_like	cogaps	0.0343761823930346	254
PAM	Pericyte_cg_fibroblast_like	cogaps	0.0335883606851707	255
MFNG	Pericyte_cg_fibroblast_like	cogaps	0.0334978371230639	256
WIF1	Pericyte_cg_fibroblast_like	cogaps	0.0331976272749594	257
NECTIN3	Pericyte_cg_fibroblast_like	cogaps	0.033075394750107	258
PDGFC	Pericyte_cg_fibroblast_like	cogaps	0.0328151721708638	259
ANGPTL4	Pericyte_cg_fibroblast_like	cogaps	0.0326581106427168	260
BMP6	Pericyte_cg_fibroblast_like	cogaps	0.0325409256487395	261
ANGPTL2	Pericyte_cg_fibroblast_like	cogaps	0.0322038316601343	262
TNFSF14	Pericyte_cg_fibroblast_like	cogaps	0.0320327580127433	263
ESAM	Pericyte_cg_fibroblast_like	cogaps	0.0317783654317023	264
NECTIN2	Pericyte_cg_fibroblast_like	cogaps	0.031527976507236	265
ZNRF3	Pericyte_cg_fibroblast_like	cogaps	0.0312344096654063	266
MYOC	Pericyte_cg_fibroblast_like	cogaps	0.030847399447651	267
LAMA2	Pericyte_cg_fibroblast_like	cogaps	0.0302779159347592	268
WNT5A	Pericyte_cg_fibroblast_like	cogaps	0.0299285155061188	269
CLCF1	Pericyte_cg_fibroblast_like	cogaps	0.0297862321341312	270
POSTN	Pericyte_cg_fibroblast_like	cogaps	0.0295134272270256	271
BMP2	Pericyte_cg_fibroblast_like	cogaps	0.0293442006234075	272
PDGFA	Pericyte_cg_fibroblast_like	cogaps	0.0289430631624418	273
IL6	Pericyte_cg_fibroblast_like	cogaps	0.028792133886951	274
TNFSF13	Pericyte_cg_fibroblast_like	cogaps	0.0283980444327574	275
ANGPT1	Pericyte_cg_fibroblast_like	cogaps	0.0280183585483652	276
VEGFC	Pericyte_cg_fibroblast_like	cogaps	0.0279997597567262	277
PCDHA10	Pericyte_cg_fibroblast_like	cogaps	0.0276906190050374	278
CALR	Pericyte_cg_fibroblast_like	cogaps	0.0272924646177517	279
IGFBP4	Pericyte_cg_fibroblast_like	cogaps	0.0260390467020729	280
LIF	Pericyte_cg_fibroblast_like	cogaps	0.0257926159117008	281
LRIG2	Pericyte_cg_fibroblast_like	cogaps	0.0257318799441495	282
MIF	Pericyte_cg_fibroblast_like	cogaps	0.0256661838366615	283
APP	Pericyte_cg_fibroblast_like	cogaps	0.0251577916447419	284
TGFB3	Pericyte_cg_fibroblast_like	cogaps	0.0249651159927474	285
WNT9A	Pericyte_cg_fibroblast_like	cogaps	0.0248790399035512	286
LTBP3	Pericyte_cg_fibroblast_like	cogaps	0.0241504566919952	287
NGF	Pericyte_cg_fibroblast_like	cogaps	0.0236785679256104	288
CMTM8	Pericyte_cg_fibroblast_like	cogaps	0.0234584945011707	289
WNT2	Pericyte_cg_fibroblast_like	cogaps	0.0231266657404867	290
SCGB3A1	Pericyte_cg_fibroblast_like	cogaps	0.0230475414763507	291
ANOS1	Pericyte_cg_fibroblast_like	cogaps	0.022965378987858	292
JAG1	Pericyte_cg_fibroblast_like	cogaps	0.0228413546901364	293
WNT7B	Pericyte_cg_fibroblast_like	cogaps	0.0227386665120585	294
FURIN	Pericyte_cg_fibroblast_like	cogaps	0.0220663541821878	295
CRTAM	Pericyte_cg_fibroblast_like	cogaps	0.0216655787700186	296
ST6GAL1	Pericyte_cg_fibroblast_like	cogaps	0.0210738241316308	297
CADM1	Pericyte_cg_fibroblast_like	cogaps	0.0210021753261091	298
SIGLEC6	Pericyte_cg_fibroblast_like	cogaps	0.019623404226173	299
WNT2B	Pericyte_cg_fibroblast_like	cogaps	0.0188843262119973	300
IGF1	Pericyte_cg_fibroblast_like	cogaps	0.0185459764486729	301
LTB	Pericyte_cg_fibroblast_like	cogaps	0.0183498181578744	302
CADM3	Pericyte_cg_fibroblast_like	cogaps	0.0180176310073642	303
CAMP	Pericyte_cg_fibroblast_like	cogaps	0.0179936678158196	304
PDGFB	Pericyte_cg_fibroblast_like	cogaps	0.0174819035655687	305
CXCL8	Pericyte_cg_fibroblast_like	cogaps	0.0159639651490288	306
CSF2	Pericyte_cg_fibroblast_like	cogaps	0.015567572770355	307
LTF	Pericyte_cg_fibroblast_like	cogaps	0.0150768529169215	308
MMRN2	Pericyte_cg_fibroblast_like	cogaps	0.0147447596625598	309
CKLF	Pericyte_cg_fibroblast_like	cogaps	0.0108229755857317	310
PLAU	Pericyte_cg_fibroblast_like	cogaps	0.0104986203713947	311
PDGFD	Pericyte_cg_fibroblast_like	cogaps	0.0101210111790458	312
CCN2	Pericyte_cg_inflammatory	cogaps	0.253926475703456	1
TGFB2	Pericyte_cg_inflammatory	cogaps	0.208056409608805	2
TGFB1	Pericyte_cg_inflammatory	cogaps	0.201804777734645	3
TIMP2	Pericyte_cg_inflammatory	cogaps	0.191813835149116	4
VTN	Pericyte_cg_inflammatory	cogaps	0.184893226036941	5
COPA	Pericyte_cg_inflammatory	cogaps	0.18035190801956	6
ICAM1	Pericyte_cg_inflammatory	cogaps	0.177834991716763	7
IL1RN	Pericyte_cg_inflammatory	cogaps	0.175368705047931	8
FN1	Pericyte_cg_inflammatory	cogaps	0.175221102198626	9
NAMPT	Pericyte_cg_inflammatory	cogaps	0.171967275889677	10
C4BPA	Pericyte_cg_inflammatory	cogaps	0.162579212018441	11
PLA2G2A	Pericyte_cg_inflammatory	cogaps	0.157483691019057	12
RELN	Pericyte_cg_inflammatory	cogaps	0.15204366519487	13
EDN1	Pericyte_cg_inflammatory	cogaps	0.151278861662907	14
AGT	Pericyte_cg_inflammatory	cogaps	0.150253031122527	15
VCAM1	Pericyte_cg_inflammatory	cogaps	0.146618363100926	16
MMP14	Pericyte_cg_inflammatory	cogaps	0.146023135953908	17
SIRPB2	Pericyte_cg_inflammatory	cogaps	0.142478893465851	18
SELE	Pericyte_cg_inflammatory	cogaps	0.140987595885629	19
TGFBI	Pericyte_cg_inflammatory	cogaps	0.14070206106054	20
COL4A1	Pericyte_cg_inflammatory	cogaps	0.139900650210272	21
TNC	Pericyte_cg_inflammatory	cogaps	0.138319366927286	22
C3	Pericyte_cg_inflammatory	cogaps	0.136179623214819	23
COL1A1	Pericyte_cg_inflammatory	cogaps	0.135476357551268	24
PRG4	Pericyte_cg_inflammatory	cogaps	0.134361096975257	25
COL5A1	Pericyte_cg_inflammatory	cogaps	0.13433287155956	26
NTS	Pericyte_cg_inflammatory	cogaps	0.132303208794431	27
THBS2	Pericyte_cg_inflammatory	cogaps	0.132156425342204	28
SIGLEC9	Pericyte_cg_inflammatory	cogaps	0.131884587897217	29
JAM3	Pericyte_cg_inflammatory	cogaps	0.131712827334161	30
APOA1	Pericyte_cg_inflammatory	cogaps	0.131386843549429	31
SHISA4	Pericyte_cg_inflammatory	cogaps	0.130862155834319	32
ITGB2	Pericyte_cg_inflammatory	cogaps	0.130488904877751	33
F8	Pericyte_cg_inflammatory	cogaps	0.130378234644687	34
GGT1	Pericyte_cg_inflammatory	cogaps	0.127793248283695	35
ICAM4	Pericyte_cg_inflammatory	cogaps	0.125288747186915	36
HDC	Pericyte_cg_inflammatory	cogaps	0.125237227956474	37
SPON2	Pericyte_cg_inflammatory	cogaps	0.125085317500106	38
COL8A2	Pericyte_cg_inflammatory	cogaps	0.125023420783212	39
CCL2	Pericyte_cg_inflammatory	cogaps	0.125015611330123	40
CLEC11A	Pericyte_cg_inflammatory	cogaps	0.12479997304025	41
C1QB	Pericyte_cg_inflammatory	cogaps	0.124095030906539	42
VWF	Pericyte_cg_inflammatory	cogaps	0.123750776073482	43
ENG	Pericyte_cg_inflammatory	cogaps	0.123587154586103	44
CD99	Pericyte_cg_inflammatory	cogaps	0.121719889070865	45
CTSG	Pericyte_cg_inflammatory	cogaps	0.121685678965536	46
CCN1	Pericyte_cg_inflammatory	cogaps	0.120759486997464	47
SPP1	Pericyte_cg_inflammatory	cogaps	0.120373292355388	48
HLA-DQB1	Pericyte_cg_inflammatory	cogaps	0.118929953108679	49
TIMP3	Pericyte_cg_inflammatory	cogaps	0.118558886200549	50
MMP9	Pericyte_cg_inflammatory	cogaps	0.118319312819441	51
IL1B	Pericyte_cg_inflammatory	cogaps	0.118311866199487	52
SERPING1	Pericyte_cg_inflammatory	cogaps	0.117922606693587	53
LAMA3	Pericyte_cg_inflammatory	cogaps	0.117443213412155	54
ADAM9	Pericyte_cg_inflammatory	cogaps	0.117241729314725	55
ITGAL	Pericyte_cg_inflammatory	cogaps	0.116821738238174	56
ITGAM	Pericyte_cg_inflammatory	cogaps	0.116564631206816	57
IL16	Pericyte_cg_inflammatory	cogaps	0.116090932687793	58
LGALS3	Pericyte_cg_inflammatory	cogaps	0.114798133103495	59
LPL	Pericyte_cg_inflammatory	cogaps	0.114577209358289	60
A2M	Pericyte_cg_inflammatory	cogaps	0.114533594039044	61
FAM3C	Pericyte_cg_inflammatory	cogaps	0.113452793980812	62
SLPI	Pericyte_cg_inflammatory	cogaps	0.112914323418737	63
CD14	Pericyte_cg_inflammatory	cogaps	0.112192947303002	64
SIGLEC7	Pericyte_cg_inflammatory	cogaps	0.111390759019614	65
FCN1	Pericyte_cg_inflammatory	cogaps	0.111284452640225	66
TGM2	Pericyte_cg_inflammatory	cogaps	0.111016197572406	67
MMP2	Pericyte_cg_inflammatory	cogaps	0.110468568470418	68
CCL7	Pericyte_cg_inflammatory	cogaps	0.110214922445849	69
LUM	Pericyte_cg_inflammatory	cogaps	0.11011043261179	70
FGA	Pericyte_cg_inflammatory	cogaps	0.109989713146791	71
CTSD	Pericyte_cg_inflammatory	cogaps	0.109866704949707	72
COL5A3	Pericyte_cg_inflammatory	cogaps	0.109309330668521	73
LGALS3BP	Pericyte_cg_inflammatory	cogaps	0.108727459837463	74
SIRPA	Pericyte_cg_inflammatory	cogaps	0.108368268114137	75
PLAT	Pericyte_cg_inflammatory	cogaps	0.10828582311054	76
COL14A1	Pericyte_cg_inflammatory	cogaps	0.108239482568675	77
OCLN	Pericyte_cg_inflammatory	cogaps	0.107804911841295	78
LAMB3	Pericyte_cg_inflammatory	cogaps	0.107727999022707	79
GPC6	Pericyte_cg_inflammatory	cogaps	0.107705075886206	80
LAMC3	Pericyte_cg_inflammatory	cogaps	0.107448050924425	81
COL19A1	Pericyte_cg_inflammatory	cogaps	0.106662605795502	82
FGG	Pericyte_cg_inflammatory	cogaps	0.106603905312884	83
COL27A1	Pericyte_cg_inflammatory	cogaps	0.106507423932242	84
ADAM17	Pericyte_cg_inflammatory	cogaps	0.106046853623688	85
COL10A1	Pericyte_cg_inflammatory	cogaps	0.105616033073694	86
GPC3	Pericyte_cg_inflammatory	cogaps	0.105495542774593	87
LAMA5	Pericyte_cg_inflammatory	cogaps	0.105252193088431	88
LAMC1	Pericyte_cg_inflammatory	cogaps	0.104752094035142	89
COL4A3	Pericyte_cg_inflammatory	cogaps	0.104230724849473	90
COL3A1	Pericyte_cg_inflammatory	cogaps	0.1035582807481	91
SYT1	Pericyte_cg_inflammatory	cogaps	0.102562605791299	92
DCN	Pericyte_cg_inflammatory	cogaps	0.102504180807815	93
COL6A6	Pericyte_cg_inflammatory	cogaps	0.102290073027437	94
PECAM1	Pericyte_cg_inflammatory	cogaps	0.102091501119759	95
WNT5A	Pericyte_cg_inflammatory	cogaps	0.102090864829573	96
COL6A2	Pericyte_cg_inflammatory	cogaps	0.101994205685378	97
VCAN	Pericyte_cg_inflammatory	cogaps	0.101732920684575	98
IL1A	Pericyte_cg_inflammatory	cogaps	0.101683304807243	99
GRN	Pericyte_cg_inflammatory	cogaps	0.10164942561239	100
TFPI	Pericyte_cg_inflammatory	cogaps	0.101556519404984	101
BACE1	Pericyte_cg_inflammatory	cogaps	0.101356747940211	102
COL1A2	Pericyte_cg_inflammatory	cogaps	0.101330845072143	103
FBN1	Pericyte_cg_inflammatory	cogaps	0.101279001379812	104
CALM3	Pericyte_cg_inflammatory	cogaps	0.100938358959441	105
PROS1	Pericyte_cg_inflammatory	cogaps	0.100784768491442	106
CP	Pericyte_cg_inflammatory	cogaps	0.100708564452565	107
LIN7C	Pericyte_cg_inflammatory	cogaps	0.100468054427381	108
NRP1	Pericyte_cg_inflammatory	cogaps	0.10030834233971	109
TIMP1	Pericyte_cg_inflammatory	cogaps	0.100080460691525	110
FGF14	Pericyte_cg_inflammatory	cogaps	0.0998696905972802	111
F10	Pericyte_cg_inflammatory	cogaps	0.0997861095287589	112
HSPG2	Pericyte_cg_inflammatory	cogaps	0.0996420079158802	113
GNAS	Pericyte_cg_inflammatory	cogaps	0.0985379383160577	114
CD55	Pericyte_cg_inflammatory	cogaps	0.0984473540289895	115
ANGPTL1	Pericyte_cg_inflammatory	cogaps	0.0983621147827268	116
CD320	Pericyte_cg_inflammatory	cogaps	0.0982767208229099	117
LAMA4	Pericyte_cg_inflammatory	cogaps	0.097749352235149	118
LRFN5	Pericyte_cg_inflammatory	cogaps	0.097721708125392	119
PTPRC	Pericyte_cg_inflammatory	cogaps	0.097552126077069	120
ADAM15	Pericyte_cg_inflammatory	cogaps	0.0974563568254507	121
COL18A1	Pericyte_cg_inflammatory	cogaps	0.0966780013075833	122
WNT3A	Pericyte_cg_inflammatory	cogaps	0.0966658036005063	123
COL21A1	Pericyte_cg_inflammatory	cogaps	0.0965796106202265	124
AZGP1	Pericyte_cg_inflammatory	cogaps	0.095581912102444	125
HAS1	Pericyte_cg_inflammatory	cogaps	0.0954567906513923	126
THY1	Pericyte_cg_inflammatory	cogaps	0.0952351788697277	127
SEMA4A	Pericyte_cg_inflammatory	cogaps	0.0947703432352951	128
NCAM1	Pericyte_cg_inflammatory	cogaps	0.0945240447000363	129
FST	Pericyte_cg_inflammatory	cogaps	0.0945077796886975	130
C1QA	Pericyte_cg_inflammatory	cogaps	0.094308919634557	131
THBS1	Pericyte_cg_inflammatory	cogaps	0.0938286586715903	132
MFGE8	Pericyte_cg_inflammatory	cogaps	0.0936348264500475	133
CD1B	Pericyte_cg_inflammatory	cogaps	0.093569180810415	134
SIGLEC5	Pericyte_cg_inflammatory	cogaps	0.0933522549464833	135
LAMC2	Pericyte_cg_inflammatory	cogaps	0.0932922748076235	136
PTN	Pericyte_cg_inflammatory	cogaps	0.093203882818916	137
LAMB1	Pericyte_cg_inflammatory	cogaps	0.0931854627366164	138
LTBP1	Pericyte_cg_inflammatory	cogaps	0.0931336380770443	139
TNFSF14	Pericyte_cg_inflammatory	cogaps	0.093117551856571	140
CALM1	Pericyte_cg_inflammatory	cogaps	0.0930266949761213	141
LGALS9	Pericyte_cg_inflammatory	cogaps	0.092890080264711	142
COL13A1	Pericyte_cg_inflammatory	cogaps	0.0924817008621949	143
SERPINE1	Pericyte_cg_inflammatory	cogaps	0.0923093251153066	144
COL8A1	Pericyte_cg_inflammatory	cogaps	0.0921682861940044	145
LRPAP1	Pericyte_cg_inflammatory	cogaps	0.0919332811208775	146
TSPAN33	Pericyte_cg_inflammatory	cogaps	0.0917437600129047	147
AGRN	Pericyte_cg_inflammatory	cogaps	0.0917250076916219	148
JAM2	Pericyte_cg_inflammatory	cogaps	0.0915553296910387	149
HLA-DRB5	Pericyte_cg_inflammatory	cogaps	0.0909784482784333	150
GDF10	Pericyte_cg_inflammatory	cogaps	0.0906813479940278	151
NRXN3	Pericyte_cg_inflammatory	cogaps	0.0906066853641104	152
COL24A1	Pericyte_cg_inflammatory	cogaps	0.0901860861210442	153
PLEKHO2	Pericyte_cg_inflammatory	cogaps	0.089924644295296	154
COMP	Pericyte_cg_inflammatory	cogaps	0.0897678224084557	155
SEMA3D	Pericyte_cg_inflammatory	cogaps	0.0892586784200108	156
BMP1	Pericyte_cg_inflammatory	cogaps	0.0889174229060183	157
COL4A4	Pericyte_cg_inflammatory	cogaps	0.08883851838203	158
DLL4	Pericyte_cg_inflammatory	cogaps	0.0887736023394555	159
COL4A5	Pericyte_cg_inflammatory	cogaps	0.0884233380100478	160
CNTN6	Pericyte_cg_inflammatory	cogaps	0.0882345370168505	161
SDC2	Pericyte_cg_inflammatory	cogaps	0.0882058433569806	162
SEMA3E	Pericyte_cg_inflammatory	cogaps	0.088068494238833	163
CEACAM6	Pericyte_cg_inflammatory	cogaps	0.087508216070559	164
PENK	Pericyte_cg_inflammatory	cogaps	0.0873734023409722	165
ADAM12	Pericyte_cg_inflammatory	cogaps	0.0870113257796476	166
LIPH	Pericyte_cg_inflammatory	cogaps	0.0869767472102393	167
NFASC	Pericyte_cg_inflammatory	cogaps	0.0868480459369234	168
DUSP18	Pericyte_cg_inflammatory	cogaps	0.0866781564741217	169
CALM2	Pericyte_cg_inflammatory	cogaps	0.0865543361148966	170
PAM	Pericyte_cg_inflammatory	cogaps	0.086390364337242	171
MMP7	Pericyte_cg_inflammatory	cogaps	0.0863201074374932	172
COL6A3	Pericyte_cg_inflammatory	cogaps	0.0861118334621468	173
LAMB2	Pericyte_cg_inflammatory	cogaps	0.0857898294922034	174
PSAP	Pericyte_cg_inflammatory	cogaps	0.0856771349441547	175
HAS2	Pericyte_cg_inflammatory	cogaps	0.0853328669066504	176
COL4A2	Pericyte_cg_inflammatory	cogaps	0.0852923607930791	177
NECTIN4	Pericyte_cg_inflammatory	cogaps	0.0848052243602865	178
MCAM	Pericyte_cg_inflammatory	cogaps	0.0847624546187043	179
ADAM10	Pericyte_cg_inflammatory	cogaps	0.0842639540108686	180
CX3CL1	Pericyte_cg_inflammatory	cogaps	0.0834141685682065	181
COL12A1	Pericyte_cg_inflammatory	cogaps	0.0832780569907002	182
BMP4	Pericyte_cg_inflammatory	cogaps	0.0826399683450198	183
NPNT	Pericyte_cg_inflammatory	cogaps	0.0826275983375988	184
VEGFD	Pericyte_cg_inflammatory	cogaps	0.0820277726879306	185
APOE	Pericyte_cg_inflammatory	cogaps	0.0819529442271015	186
EDIL3	Pericyte_cg_inflammatory	cogaps	0.0818280262912826	187
BMP5	Pericyte_cg_inflammatory	cogaps	0.0816607046189017	188
MDK	Pericyte_cg_inflammatory	cogaps	0.081409477616101	189
LGALS1	Pericyte_cg_inflammatory	cogaps	0.0813392514092789	190
F13A1	Pericyte_cg_inflammatory	cogaps	0.081027686091476	191
COL15A1	Pericyte_cg_inflammatory	cogaps	0.0808978440948357	192
HSP90B1	Pericyte_cg_inflammatory	cogaps	0.0803882574431424	193
COL6A1	Pericyte_cg_inflammatory	cogaps	0.0796364518375666	194
COL16A1	Pericyte_cg_inflammatory	cogaps	0.0792685443697653	195
RGMA	Pericyte_cg_inflammatory	cogaps	0.0791543622011817	196
IGF2	Pericyte_cg_inflammatory	cogaps	0.0784519667381123	197
TSPAN3	Pericyte_cg_inflammatory	cogaps	0.0784052411442027	198
PTDSS1	Pericyte_cg_inflammatory	cogaps	0.0782724697486048	199
CNTN4	Pericyte_cg_inflammatory	cogaps	0.0777897412552146	200
MXRA5	Pericyte_cg_inflammatory	cogaps	0.0771332453570572	201
PI16	Pericyte_cg_inflammatory	cogaps	0.0768722144697443	202
SERPINE2	Pericyte_cg_inflammatory	cogaps	0.0767073260449893	203
ANXA2	Pericyte_cg_inflammatory	cogaps	0.075324136395178	204
COL5A2	Pericyte_cg_inflammatory	cogaps	0.0746647907961918	205
BMP3	Pericyte_cg_inflammatory	cogaps	0.0745323860195051	206
SPON1	Pericyte_cg_inflammatory	cogaps	0.0741412433132833	207
SIGLEC1	Pericyte_cg_inflammatory	cogaps	0.0739985813890835	208
BACE2	Pericyte_cg_inflammatory	cogaps	0.073263227922661	209
ESAM	Pericyte_cg_inflammatory	cogaps	0.0706898079150342	210
FGF2	Pericyte_cg_inflammatory	cogaps	0.0704932010570637	211
ANGPT2	Pericyte_cg_inflammatory	cogaps	0.0700733544210062	212
PSEN1	Pericyte_cg_inflammatory	cogaps	0.0699857893149521	213
HBEGF	Pericyte_cg_inflammatory	cogaps	0.0699313815045364	214
CCN4	Pericyte_cg_inflammatory	cogaps	0.0698833579670404	215
GAS6	Pericyte_cg_inflammatory	cogaps	0.06957558920714	216
IFITM1	Pericyte_cg_inflammatory	cogaps	0.0695634346964623	217
PLTP	Pericyte_cg_inflammatory	cogaps	0.0687492117088667	218
SPARC	Pericyte_cg_inflammatory	cogaps	0.0672925350739234	219
NID1	Pericyte_cg_inflammatory	cogaps	0.0671760276292594	220
VSIG10	Pericyte_cg_inflammatory	cogaps	0.0671233733227366	221
OSM	Pericyte_cg_inflammatory	cogaps	0.0659988643928075	222
FBLN1	Pericyte_cg_inflammatory	cogaps	0.0656346149876387	223
DLL1	Pericyte_cg_inflammatory	cogaps	0.0647250169589789	224
PCSK9	Pericyte_cg_inflammatory	cogaps	0.0645665447978238	225
CXCL8	Pericyte_cg_inflammatory	cogaps	0.0640510258677831	226
CXCL12	Pericyte_cg_inflammatory	cogaps	0.0633654935897082	227
ADAM28	Pericyte_cg_inflammatory	cogaps	0.0629516491998117	228
ANGPT1	Pericyte_cg_inflammatory	cogaps	0.0602943812399864	229
CLCF1	Pericyte_cg_inflammatory	cogaps	0.0599298626854532	230
SEMA3C	Pericyte_cg_inflammatory	cogaps	0.0590229756814264	231
APP	Pericyte_cg_inflammatory	cogaps	0.05848837086104	232
LTBP3	Pericyte_cg_inflammatory	cogaps	0.058418266520772	233
JAG2	Pericyte_cg_inflammatory	cogaps	0.0583701044971733	234
WNT7B	Pericyte_cg_inflammatory	cogaps	0.0583503719740233	235
POSTN	Pericyte_cg_inflammatory	cogaps	0.0576934097817319	236
ANGPTL4	Pericyte_cg_inflammatory	cogaps	0.056536270731688	237
FGF7	Pericyte_cg_inflammatory	cogaps	0.0560578990318718	238
BDNF	Pericyte_cg_inflammatory	cogaps	0.0552973922994369	239
NECTIN2	Pericyte_cg_inflammatory	cogaps	0.0547819588854163	240
LFNG	Pericyte_cg_inflammatory	cogaps	0.0547092756232757	241
FGF18	Pericyte_cg_inflammatory	cogaps	0.0535197775470335	242
PCDHA10	Pericyte_cg_inflammatory	cogaps	0.05281944136523	243
NECTIN3	Pericyte_cg_inflammatory	cogaps	0.0525920181590111	244
FGF1	Pericyte_cg_inflammatory	cogaps	0.0517754862689602	245
ANGPTL2	Pericyte_cg_inflammatory	cogaps	0.0516579464985055	246
MFNG	Pericyte_cg_inflammatory	cogaps	0.0513818695888925	247
PDGFC	Pericyte_cg_inflammatory	cogaps	0.0483032667279634	248
ANOS1	Pericyte_cg_inflammatory	cogaps	0.0480630355622054	249
CLDN1	Pericyte_cg_inflammatory	cogaps	0.0471564704213984	250
TNFSF13	Pericyte_cg_inflammatory	cogaps	0.0467303626708453	251
INHBA	Pericyte_cg_inflammatory	cogaps	0.0458286694277442	252
HGF	Pericyte_cg_inflammatory	cogaps	0.0456096373665322	253
NRG1	Pericyte_cg_inflammatory	cogaps	0.0451077876753893	254
BMP6	Pericyte_cg_inflammatory	cogaps	0.0442502974010911	255
MIF	Pericyte_cg_inflammatory	cogaps	0.0416747702364102	256
JAG1	Pericyte_cg_inflammatory	cogaps	0.0412375022953469	257
PDGFA	Pericyte_cg_inflammatory	cogaps	0.0409563783112615	258
IL6	Pericyte_cg_inflammatory	cogaps	0.0407683115910337	259
BMP2	Pericyte_cg_inflammatory	cogaps	0.0395579657726309	260
CALR	Pericyte_cg_inflammatory	cogaps	0.0386612873872164	261
LIF	Pericyte_cg_inflammatory	cogaps	0.0386146077688723	262
LAMA2	Pericyte_cg_inflammatory	cogaps	0.0351399856495597	263
SCGB3A1	Pericyte_cg_inflammatory	cogaps	0.0345320985793725	264
NGF	Pericyte_cg_inflammatory	cogaps	0.0341276962152792	265
TGFB3	Pericyte_cg_inflammatory	cogaps	0.0317147545682812	266
CRTAM	Pericyte_cg_inflammatory	cogaps	0.0314047764905613	267
FURIN	Pericyte_cg_inflammatory	cogaps	0.0302590273116933	268
CADM1	Pericyte_cg_inflammatory	cogaps	0.0301270781228979	269
SIGLEC6	Pericyte_cg_inflammatory	cogaps	0.0289931920709305	270
PDGFB	Pericyte_cg_inflammatory	cogaps	0.0289930224902561	271
CADM3	Pericyte_cg_inflammatory	cogaps	0.0275080970358964	272
CCL28	Pericyte_cg_inflammatory	cogaps	0.0265366773389364	273
IGF1	Pericyte_cg_inflammatory	cogaps	0.0241649708759031	274
CSF2	Pericyte_cg_inflammatory	cogaps	0.0234876268054602	275
LTB	Pericyte_cg_inflammatory	cogaps	0.0212399633282758	276
LTF	Pericyte_cg_inflammatory	cogaps	0.0200738331425849	277
PDGFD	Pericyte_cg_inflammatory	cogaps	0.0178779302655802	278
MMRN2	Pericyte_cg_inflammatory	cogaps	0.0173955743689274	279
PLAU	Pericyte_cg_inflammatory	cogaps	0.0155514680485214	280
EPHA4	Pericyte_cg_inflammatory	cogaps	0.0139025175097466	281
TGFB1	Pericyte_cg_synthetic_contractile	cogaps	0.173912408817553	1
TGFB2	Pericyte_cg_synthetic_contractile	cogaps	0.171171521012449	2
COPA	Pericyte_cg_synthetic_contractile	cogaps	0.150810863261795	3
TIMP2	Pericyte_cg_synthetic_contractile	cogaps	0.131754181858965	4
VTN	Pericyte_cg_synthetic_contractile	cogaps	0.119351275549412	5
RELN	Pericyte_cg_synthetic_contractile	cogaps	0.118088301771781	6
COL1A1	Pericyte_cg_synthetic_contractile	cogaps	0.11368165085607	7
COL4A1	Pericyte_cg_synthetic_contractile	cogaps	0.113552698182186	8
COL5A1	Pericyte_cg_synthetic_contractile	cogaps	0.112376027695071	9
CCN2	Pericyte_cg_synthetic_contractile	cogaps	0.109615880090225	10
MMP14	Pericyte_cg_synthetic_contractile	cogaps	0.0993931370849241	11
TGM2	Pericyte_cg_synthetic_contractile	cogaps	0.0938665258653134	12
COL10A1	Pericyte_cg_synthetic_contractile	cogaps	0.0921615024407522	13
AGT	Pericyte_cg_synthetic_contractile	cogaps	0.0897148868978238	14
ENG	Pericyte_cg_synthetic_contractile	cogaps	0.0874467880126433	15
VCAM1	Pericyte_cg_synthetic_contractile	cogaps	0.0867552490650913	16
SIRPB2	Pericyte_cg_synthetic_contractile	cogaps	0.0860868945934233	17
PLXNA1	Pericyte_cg_synthetic_contractile	cogaps	0.0847555665991496	18
WNT3A	Pericyte_cg_synthetic_contractile	cogaps	0.0843159306019084	19
FN1	Pericyte_cg_synthetic_contractile	cogaps	0.0836622339791511	20
NAMPT	Pericyte_cg_synthetic_contractile	cogaps	0.0821930855526459	21
BMP4	Pericyte_cg_synthetic_contractile	cogaps	0.0819473625936653	22
THBS2	Pericyte_cg_synthetic_contractile	cogaps	0.0801950460233634	23
TNC	Pericyte_cg_synthetic_contractile	cogaps	0.078574007064742	24
ICAM1	Pericyte_cg_synthetic_contractile	cogaps	0.0778699920493718	25
ANG	Pericyte_cg_synthetic_contractile	cogaps	0.0762071434268335	26
GRN	Pericyte_cg_synthetic_contractile	cogaps	0.075343197578144	27
SEMA3F	Pericyte_cg_synthetic_contractile	cogaps	0.0733000463063071	28
NTS	Pericyte_cg_synthetic_contractile	cogaps	0.0708786584668907	29
C4BPA	Pericyte_cg_synthetic_contractile	cogaps	0.0701844961624299	30
S100A9	Pericyte_cg_synthetic_contractile	cogaps	0.0670056074988524	31
SHISA4	Pericyte_cg_synthetic_contractile	cogaps	0.0652740342974994	32
LGALS3BP	Pericyte_cg_synthetic_contractile	cogaps	0.0642979012808279	33
C1QB	Pericyte_cg_synthetic_contractile	cogaps	0.0638374925686095	34
EDN1	Pericyte_cg_synthetic_contractile	cogaps	0.0630189314467878	35
DLL4	Pericyte_cg_synthetic_contractile	cogaps	0.0627477730069801	36
GGT1	Pericyte_cg_synthetic_contractile	cogaps	0.0623326414693861	37
CALM3	Pericyte_cg_synthetic_contractile	cogaps	0.062314086826535	38
PLAT	Pericyte_cg_synthetic_contractile	cogaps	0.0623062367728491	39
MMP7	Pericyte_cg_synthetic_contractile	cogaps	0.0622727026922143	40
TIMP1	Pericyte_cg_synthetic_contractile	cogaps	0.0608986759897571	41
MMP9	Pericyte_cg_synthetic_contractile	cogaps	0.0605994770849808	42
PSAP	Pericyte_cg_synthetic_contractile	cogaps	0.0596650713012525	43
OCLN	Pericyte_cg_synthetic_contractile	cogaps	0.0594505091917351	44
SEMA3A	Pericyte_cg_synthetic_contractile	cogaps	0.0593769605506623	45
FBN1	Pericyte_cg_synthetic_contractile	cogaps	0.0592417192899073	46
COL8A2	Pericyte_cg_synthetic_contractile	cogaps	0.0589695505513396	47
JAM3	Pericyte_cg_synthetic_contractile	cogaps	0.0588976830225789	48
SPARC	Pericyte_cg_synthetic_contractile	cogaps	0.0588835485191375	49
SELE	Pericyte_cg_synthetic_contractile	cogaps	0.0586548364758963	50
ANXA1	Pericyte_cg_synthetic_contractile	cogaps	0.0585754483424087	51
TIMP3	Pericyte_cg_synthetic_contractile	cogaps	0.058335260148714	52
DCN	Pericyte_cg_synthetic_contractile	cogaps	0.0580126878132875	53
LTBP1	Pericyte_cg_synthetic_contractile	cogaps	0.0578814953621667	54
LAMA3	Pericyte_cg_synthetic_contractile	cogaps	0.0574724428364579	55
C3	Pericyte_cg_synthetic_contractile	cogaps	0.0571168511704066	56
OSM	Pericyte_cg_synthetic_contractile	cogaps	0.0569928912520459	57
FGA	Pericyte_cg_synthetic_contractile	cogaps	0.0568567224643719	58
ITGB2	Pericyte_cg_synthetic_contractile	cogaps	0.0566032935881474	59
COL1A2	Pericyte_cg_synthetic_contractile	cogaps	0.0565852589842641	60
MMP2	Pericyte_cg_synthetic_contractile	cogaps	0.0564071703690689	61
FCN1	Pericyte_cg_synthetic_contractile	cogaps	0.0563048745750796	62
FAM3C	Pericyte_cg_synthetic_contractile	cogaps	0.0559763520328571	63
IL1A	Pericyte_cg_synthetic_contractile	cogaps	0.0557998485286627	64
IL1B	Pericyte_cg_synthetic_contractile	cogaps	0.0556317762766982	65
PTPRK	Pericyte_cg_synthetic_contractile	cogaps	0.0555486097766285	66
CTSG	Pericyte_cg_synthetic_contractile	cogaps	0.0552600856902071	67
VCAN	Pericyte_cg_synthetic_contractile	cogaps	0.0551886545850591	68
BMP1	Pericyte_cg_synthetic_contractile	cogaps	0.0551112545492823	69
COL3A1	Pericyte_cg_synthetic_contractile	cogaps	0.0548999002045494	70
LAMC1	Pericyte_cg_synthetic_contractile	cogaps	0.0543552337014423	71
FLRT2	Pericyte_cg_synthetic_contractile	cogaps	0.0541887559299158	72
CDCP1	Pericyte_cg_synthetic_contractile	cogaps	0.0541202089178144	73
VWF	Pericyte_cg_synthetic_contractile	cogaps	0.0540888733955192	74
TFPI	Pericyte_cg_synthetic_contractile	cogaps	0.0540703909378119	75
COL5A3	Pericyte_cg_synthetic_contractile	cogaps	0.0539869155625034	76
RARRES1	Pericyte_cg_synthetic_contractile	cogaps	0.0538435593509959	77
A2M	Pericyte_cg_synthetic_contractile	cogaps	0.0535833026226395	78
CTSD	Pericyte_cg_synthetic_contractile	cogaps	0.0533580252080237	79
CD14	Pericyte_cg_synthetic_contractile	cogaps	0.0531738858959109	80
LUM	Pericyte_cg_synthetic_contractile	cogaps	0.0530664165599019	81
LAMA5	Pericyte_cg_synthetic_contractile	cogaps	0.0528171523921253	82
PVR	Pericyte_cg_synthetic_contractile	cogaps	0.0527454377271266	83
FGG	Pericyte_cg_synthetic_contractile	cogaps	0.052634522027119	84
HDC	Pericyte_cg_synthetic_contractile	cogaps	0.0525198687501352	85
SIGLEC7	Pericyte_cg_synthetic_contractile	cogaps	0.0523522479118091	86
WIF1	Pericyte_cg_synthetic_contractile	cogaps	0.0521905098905383	87
CP	Pericyte_cg_synthetic_contractile	cogaps	0.0521243065070583	88
CCN1	Pericyte_cg_synthetic_contractile	cogaps	0.0520766309649673	89
SPP1	Pericyte_cg_synthetic_contractile	cogaps	0.0519867213024031	90
SERPING1	Pericyte_cg_synthetic_contractile	cogaps	0.0518375468077774	91
SARAF	Pericyte_cg_synthetic_contractile	cogaps	0.0518212550142021	92
S100A4	Pericyte_cg_synthetic_contractile	cogaps	0.0518059730396611	93
COL19A1	Pericyte_cg_synthetic_contractile	cogaps	0.0515122697818809	94
LAMB3	Pericyte_cg_synthetic_contractile	cogaps	0.0514479842760916	95
SLPI	Pericyte_cg_synthetic_contractile	cogaps	0.0514424955527205	96
CORIN	Pericyte_cg_synthetic_contractile	cogaps	0.0507901781393798	97
IL1RN	Pericyte_cg_synthetic_contractile	cogaps	0.050722797923019	98
COL6A2	Pericyte_cg_synthetic_contractile	cogaps	0.0506521312702379	99
PLA2G2A	Pericyte_cg_synthetic_contractile	cogaps	0.0506176784317697	100
NRP1	Pericyte_cg_synthetic_contractile	cogaps	0.0505810375910978	101
FGF2	Pericyte_cg_synthetic_contractile	cogaps	0.0502615807271672	102
BACE1	Pericyte_cg_synthetic_contractile	cogaps	0.0501753480805316	103
SEMA3G	Pericyte_cg_synthetic_contractile	cogaps	0.0501741602019852	104
FST	Pericyte_cg_synthetic_contractile	cogaps	0.0500645855731164	105
LGALS9	Pericyte_cg_synthetic_contractile	cogaps	0.050031915604004	106
SIRPA	Pericyte_cg_synthetic_contractile	cogaps	0.0498894629310258	107
NRG3	Pericyte_cg_synthetic_contractile	cogaps	0.0498732603551836	108
TGFBI	Pericyte_cg_synthetic_contractile	cogaps	0.0498591693293524	109
GNAS	Pericyte_cg_synthetic_contractile	cogaps	0.0497956572859943	110
PECAM1	Pericyte_cg_synthetic_contractile	cogaps	0.0496331640251146	111
CDH1	Pericyte_cg_synthetic_contractile	cogaps	0.0496330255681776	112
COL14A1	Pericyte_cg_synthetic_contractile	cogaps	0.0495788572145769	113
PROS1	Pericyte_cg_synthetic_contractile	cogaps	0.0495519365167039	114
THBS1	Pericyte_cg_synthetic_contractile	cogaps	0.0495071034528868	115
COL6A6	Pericyte_cg_synthetic_contractile	cogaps	0.0493952207372782	116
LIN7C	Pericyte_cg_synthetic_contractile	cogaps	0.0493441250355395	117
SIGLEC9	Pericyte_cg_synthetic_contractile	cogaps	0.0492572653163089	118
ADAM9	Pericyte_cg_synthetic_contractile	cogaps	0.0490314093489662	119
S100B	Pericyte_cg_synthetic_contractile	cogaps	0.0489983725412896	120
COL27A1	Pericyte_cg_synthetic_contractile	cogaps	0.0487697826541349	121
HSPG2	Pericyte_cg_synthetic_contractile	cogaps	0.0486491684471689	122
THY1	Pericyte_cg_synthetic_contractile	cogaps	0.0486191490855416	123
APOA1	Pericyte_cg_synthetic_contractile	cogaps	0.0485484252307405	124
JAM2	Pericyte_cg_synthetic_contractile	cogaps	0.0485468645510364	125
ADAM15	Pericyte_cg_synthetic_contractile	cogaps	0.0483859717522439	126
GPC6	Pericyte_cg_synthetic_contractile	cogaps	0.0481807735320952	127
CRB3	Pericyte_cg_synthetic_contractile	cogaps	0.0481387508661037	128
BOC	Pericyte_cg_synthetic_contractile	cogaps	0.0481033734856445	129
VEGFA	Pericyte_cg_synthetic_contractile	cogaps	0.0480343533853194	130
FGF14	Pericyte_cg_synthetic_contractile	cogaps	0.0477768806482695	131
GPC3	Pericyte_cg_synthetic_contractile	cogaps	0.0476416878387509	132
LAMC3	Pericyte_cg_synthetic_contractile	cogaps	0.0476384718486361	133
EFNB1	Pericyte_cg_synthetic_contractile	cogaps	0.0473590084273167	134
BMP5	Pericyte_cg_synthetic_contractile	cogaps	0.047357952954597	135
ADAM17	Pericyte_cg_synthetic_contractile	cogaps	0.0470660981201333	136
COL18A1	Pericyte_cg_synthetic_contractile	cogaps	0.0470246391804889	137
COL21A1	Pericyte_cg_synthetic_contractile	cogaps	0.0467708699256	138
KIRREL1	Pericyte_cg_synthetic_contractile	cogaps	0.0467347145384963	139
EREG	Pericyte_cg_synthetic_contractile	cogaps	0.0466392634825869	140
LAMC2	Pericyte_cg_synthetic_contractile	cogaps	0.0464769958370695	141
NTN1	Pericyte_cg_synthetic_contractile	cogaps	0.0464689640605339	142
COMP	Pericyte_cg_synthetic_contractile	cogaps	0.0464083480896673	143
LAMB1	Pericyte_cg_synthetic_contractile	cogaps	0.0463607966102587	144
BMP3	Pericyte_cg_synthetic_contractile	cogaps	0.046307757749203	145
COL12A1	Pericyte_cg_synthetic_contractile	cogaps	0.0462592326455228	146
COL4A4	Pericyte_cg_synthetic_contractile	cogaps	0.0461298886216664	147
F8	Pericyte_cg_synthetic_contractile	cogaps	0.0459321216605388	148
SYT1	Pericyte_cg_synthetic_contractile	cogaps	0.0459260297265831	149
SEMA3D	Pericyte_cg_synthetic_contractile	cogaps	0.0458607669913719	150
NCAM1	Pericyte_cg_synthetic_contractile	cogaps	0.0458333250244954	151
CLDN1	Pericyte_cg_synthetic_contractile	cogaps	0.0458281470447316	152
SERPINE1	Pericyte_cg_synthetic_contractile	cogaps	0.0458101490081083	153
CD99	Pericyte_cg_synthetic_contractile	cogaps	0.0457674449486209	154
COL24A1	Pericyte_cg_synthetic_contractile	cogaps	0.0457402788670632	155
GDF10	Pericyte_cg_synthetic_contractile	cogaps	0.0457294998513776	156
COL4A3	Pericyte_cg_synthetic_contractile	cogaps	0.0453367019163139	157
ICAM4	Pericyte_cg_synthetic_contractile	cogaps	0.0453236701705422	158
SEMA3B	Pericyte_cg_synthetic_contractile	cogaps	0.0453011922094809	159
SEMA3E	Pericyte_cg_synthetic_contractile	cogaps	0.045158810719038	160
VEGFD	Pericyte_cg_synthetic_contractile	cogaps	0.0451455326129425	161
C1QA	Pericyte_cg_synthetic_contractile	cogaps	0.045083525728563	162
COL13A1	Pericyte_cg_synthetic_contractile	cogaps	0.0450507097793183	163
LGALS3	Pericyte_cg_synthetic_contractile	cogaps	0.0447676369083045	164
CD55	Pericyte_cg_synthetic_contractile	cogaps	0.0446602997169063	165
CEACAM1	Pericyte_cg_synthetic_contractile	cogaps	0.0446316639558836	166
LRFN5	Pericyte_cg_synthetic_contractile	cogaps	0.0446230654232058	167
IGFBP3	Pericyte_cg_synthetic_contractile	cogaps	0.0446085251528599	168
LRRC4B	Pericyte_cg_synthetic_contractile	cogaps	0.0445781264405841	169
RGMA	Pericyte_cg_synthetic_contractile	cogaps	0.0444992359169017	170
F10	Pericyte_cg_synthetic_contractile	cogaps	0.0444157941803122	171
MCAM	Pericyte_cg_synthetic_contractile	cogaps	0.044374905418289	172
SEMA4A	Pericyte_cg_synthetic_contractile	cogaps	0.0442240289229631	173
CLEC11A	Pericyte_cg_synthetic_contractile	cogaps	0.0440937306140012	174
ANGPTL1	Pericyte_cg_synthetic_contractile	cogaps	0.0440167924387616	175
LRPAP1	Pericyte_cg_synthetic_contractile	cogaps	0.0440010810932031	176
SOSTDC1	Pericyte_cg_synthetic_contractile	cogaps	0.0438563071879264	177
LAMA4	Pericyte_cg_synthetic_contractile	cogaps	0.0433817588081992	178
SLITRK6	Pericyte_cg_synthetic_contractile	cogaps	0.0432929207024028	179
CNTN6	Pericyte_cg_synthetic_contractile	cogaps	0.0431361941328501	180
LGALS1	Pericyte_cg_synthetic_contractile	cogaps	0.0431183578973192	181
HLA-DQB1	Pericyte_cg_synthetic_contractile	cogaps	0.0430381605931773	182
CD320	Pericyte_cg_synthetic_contractile	cogaps	0.0429525584687962	183
SEMA4D	Pericyte_cg_synthetic_contractile	cogaps	0.0429474567012459	184
COL15A1	Pericyte_cg_synthetic_contractile	cogaps	0.042908885042429	185
CEACAM6	Pericyte_cg_synthetic_contractile	cogaps	0.042799656921368	186
ADAM12	Pericyte_cg_synthetic_contractile	cogaps	0.042797594004046	187
LIPH	Pericyte_cg_synthetic_contractile	cogaps	0.0427118667061863	188
FGF7	Pericyte_cg_synthetic_contractile	cogaps	0.0425266080921745	189
IL16	Pericyte_cg_synthetic_contractile	cogaps	0.0424501099269411	190
AGRN	Pericyte_cg_synthetic_contractile	cogaps	0.0423797898198587	191
COL16A1	Pericyte_cg_synthetic_contractile	cogaps	0.0423652294692649	192
EFEMP1	Pericyte_cg_synthetic_contractile	cogaps	0.0422371030376855	193
COL6A1	Pericyte_cg_synthetic_contractile	cogaps	0.0422212218440203	194
MDK	Pericyte_cg_synthetic_contractile	cogaps	0.0422124774181262	195
CALM1	Pericyte_cg_synthetic_contractile	cogaps	0.0421534968152401	196
SIGLEC5	Pericyte_cg_synthetic_contractile	cogaps	0.0421333166854442	197
CD1B	Pericyte_cg_synthetic_contractile	cogaps	0.0417697433982528	198
NFASC	Pericyte_cg_synthetic_contractile	cogaps	0.0416563538077036	199
HBEGF	Pericyte_cg_synthetic_contractile	cogaps	0.0416023328325733	200
ANXA2	Pericyte_cg_synthetic_contractile	cogaps	0.0415006499825282	201
COL4A5	Pericyte_cg_synthetic_contractile	cogaps	0.0414670268420983	202
TSPAN33	Pericyte_cg_synthetic_contractile	cogaps	0.0414137594163102	203
SDC2	Pericyte_cg_synthetic_contractile	cogaps	0.0414079370577442	204
LPL	Pericyte_cg_synthetic_contractile	cogaps	0.0411826818655073	205
AZGP1	Pericyte_cg_synthetic_contractile	cogaps	0.0410811459291434	206
COL4A2	Pericyte_cg_synthetic_contractile	cogaps	0.0409607499578757	207
COL6A3	Pericyte_cg_synthetic_contractile	cogaps	0.040924007469137	208
SEMA4B	Pericyte_cg_synthetic_contractile	cogaps	0.0408294614364214	209
MFGE8	Pericyte_cg_synthetic_contractile	cogaps	0.0405150210692166	210
LRIG1	Pericyte_cg_synthetic_contractile	cogaps	0.0404728531647598	211
NECTIN4	Pericyte_cg_synthetic_contractile	cogaps	0.040222327726932	212
DUSP18	Pericyte_cg_synthetic_contractile	cogaps	0.0401568917879597	213
APOE	Pericyte_cg_synthetic_contractile	cogaps	0.0399769207153163	214
HLA-DRB5	Pericyte_cg_synthetic_contractile	cogaps	0.0399631328804778	215
INHBA	Pericyte_cg_synthetic_contractile	cogaps	0.0395977451342535	216
PLEKHO2	Pericyte_cg_synthetic_contractile	cogaps	0.0395639300878962	217
NPNT	Pericyte_cg_synthetic_contractile	cogaps	0.0394637818543257	218
COL5A2	Pericyte_cg_synthetic_contractile	cogaps	0.0394163536823225	219
F13A1	Pericyte_cg_synthetic_contractile	cogaps	0.0388135960401556	220
FLRT3	Pericyte_cg_synthetic_contractile	cogaps	0.0384678876514708	221
RSPO3	Pericyte_cg_synthetic_contractile	cogaps	0.038439501172968	222
NRXN3	Pericyte_cg_synthetic_contractile	cogaps	0.0382579307307924	223
IGF2	Pericyte_cg_synthetic_contractile	cogaps	0.0379731031649729	224
LAMB2	Pericyte_cg_synthetic_contractile	cogaps	0.0378972200888056	225
PSEN1	Pericyte_cg_synthetic_contractile	cogaps	0.0375559522774714	226
AREG	Pericyte_cg_synthetic_contractile	cogaps	0.0375307978668652	227
CALM2	Pericyte_cg_synthetic_contractile	cogaps	0.0374363920352514	228
PCSK9	Pericyte_cg_synthetic_contractile	cogaps	0.0374073177102329	229
HAS2	Pericyte_cg_synthetic_contractile	cogaps	0.0372432884643192	230
FGF1	Pericyte_cg_synthetic_contractile	cogaps	0.0369857143919405	231
MXRA5	Pericyte_cg_synthetic_contractile	cogaps	0.036646990285734	232
EDIL3	Pericyte_cg_synthetic_contractile	cogaps	0.0363134666923692	233
PTPRC	Pericyte_cg_synthetic_contractile	cogaps	0.0359414842186932	234
COL8A1	Pericyte_cg_synthetic_contractile	cogaps	0.0359121260280324	235
HSP90B1	Pericyte_cg_synthetic_contractile	cogaps	0.0355268821379333	236
CNTN4	Pericyte_cg_synthetic_contractile	cogaps	0.0354429400088295	237
TSPAN3	Pericyte_cg_synthetic_contractile	cogaps	0.035375003058753	238
ADAM10	Pericyte_cg_synthetic_contractile	cogaps	0.0349210169896547	239
FBLN1	Pericyte_cg_synthetic_contractile	cogaps	0.0346196899376548	240
SPON2	Pericyte_cg_synthetic_contractile	cogaps	0.0345911081796894	241
PGF	Pericyte_cg_synthetic_contractile	cogaps	0.0343617398863737	242
NID1	Pericyte_cg_synthetic_contractile	cogaps	0.0339653019596207	243
PTN	Pericyte_cg_synthetic_contractile	cogaps	0.0334580968969675	244
PI16	Pericyte_cg_synthetic_contractile	cogaps	0.0332769983370369	245
MFAP2	Pericyte_cg_synthetic_contractile	cogaps	0.0326638674372928	246
EFEMP2	Pericyte_cg_synthetic_contractile	cogaps	0.0319496093422683	247
ALCAM	Pericyte_cg_synthetic_contractile	cogaps	0.0314451410262221	248
BACE2	Pericyte_cg_synthetic_contractile	cogaps	0.0314363340232791	249
PDGFC	Pericyte_cg_synthetic_contractile	cogaps	0.0313754052809537	250
SPON1	Pericyte_cg_synthetic_contractile	cogaps	0.0313205620106756	251
ANGPT2	Pericyte_cg_synthetic_contractile	cogaps	0.031249253992119	252
GAS6	Pericyte_cg_synthetic_contractile	cogaps	0.0310572933946046	253
VSIG10	Pericyte_cg_synthetic_contractile	cogaps	0.0309176295870926	254
WNT5A	Pericyte_cg_synthetic_contractile	cogaps	0.0308766955936946	255
PLTP	Pericyte_cg_synthetic_contractile	cogaps	0.0307517761030236	256
ADAM28	Pericyte_cg_synthetic_contractile	cogaps	0.0306185189648963	257
IFITM1	Pericyte_cg_synthetic_contractile	cogaps	0.0304181752964209	258
SCGB1A1	Pericyte_cg_synthetic_contractile	cogaps	0.0303229567990076	259
POSTN	Pericyte_cg_synthetic_contractile	cogaps	0.0302999661867648	260
FGF18	Pericyte_cg_synthetic_contractile	cogaps	0.0300011156387266	261
SIGLEC1	Pericyte_cg_synthetic_contractile	cogaps	0.0295717735991051	262
HGF	Pericyte_cg_synthetic_contractile	cogaps	0.0295432528564914	263
NECTIN3	Pericyte_cg_synthetic_contractile	cogaps	0.0290253432364454	264
IL6	Pericyte_cg_synthetic_contractile	cogaps	0.0288172080053015	265
SEMA4C	Pericyte_cg_synthetic_contractile	cogaps	0.0286960519629149	266
BMP6	Pericyte_cg_synthetic_contractile	cogaps	0.0280947714190701	267
SERPINE2	Pericyte_cg_synthetic_contractile	cogaps	0.0280688340336524	268
SEMA3C	Pericyte_cg_synthetic_contractile	cogaps	0.0280606482586954	269
MIF	Pericyte_cg_synthetic_contractile	cogaps	0.0279417168024878	270
LAMA2	Pericyte_cg_synthetic_contractile	cogaps	0.0276737919194378	271
DLL1	Pericyte_cg_synthetic_contractile	cogaps	0.0275913888103265	272
TNFSF14	Pericyte_cg_synthetic_contractile	cogaps	0.0274241298212666	273
JAG2	Pericyte_cg_synthetic_contractile	cogaps	0.0270686068904097	274
BMP2	Pericyte_cg_synthetic_contractile	cogaps	0.0266392799700327	275
CX3CL1	Pericyte_cg_synthetic_contractile	cogaps	0.0263795159099748	276
NRG1	Pericyte_cg_synthetic_contractile	cogaps	0.0263655880250345	277
ANGPTL2	Pericyte_cg_synthetic_contractile	cogaps	0.0262965118261142	278
MYOC	Pericyte_cg_synthetic_contractile	cogaps	0.0259837050210101	279
PDGFA	Pericyte_cg_synthetic_contractile	cogaps	0.025787180258738	280
VEGFC	Pericyte_cg_synthetic_contractile	cogaps	0.0254022496166978	281
LFNG	Pericyte_cg_synthetic_contractile	cogaps	0.0252451423675515	282
NECTIN2	Pericyte_cg_synthetic_contractile	cogaps	0.0252013093528937	283
ANGPT1	Pericyte_cg_synthetic_contractile	cogaps	0.0251976484082133	284
CCN4	Pericyte_cg_synthetic_contractile	cogaps	0.0250734547991473	285
ZNRF3	Pericyte_cg_synthetic_contractile	cogaps	0.0248774353991393	286
ESAM	Pericyte_cg_synthetic_contractile	cogaps	0.0247473869915689	287
NGF	Pericyte_cg_synthetic_contractile	cogaps	0.0246992692788456	288
PAM	Pericyte_cg_synthetic_contractile	cogaps	0.0246184001751612	289
CXCL12	Pericyte_cg_synthetic_contractile	cogaps	0.0245281452276472	290
TNFSF13	Pericyte_cg_synthetic_contractile	cogaps	0.0240821161225043	291
TGFB3	Pericyte_cg_synthetic_contractile	cogaps	0.0238005782643254	292
CD34	Pericyte_cg_synthetic_contractile	cogaps	0.0233213376788942	293
CALR	Pericyte_cg_synthetic_contractile	cogaps	0.0230779766847345	294
LIF	Pericyte_cg_synthetic_contractile	cogaps	0.023046875742426	295
CLCF1	Pericyte_cg_synthetic_contractile	cogaps	0.0229512921328529	296
MFNG	Pericyte_cg_synthetic_contractile	cogaps	0.0226574184502579	297
ANGPTL4	Pericyte_cg_synthetic_contractile	cogaps	0.0220321082973569	298
APP	Pericyte_cg_synthetic_contractile	cogaps	0.0217286480320408	299
LRIG2	Pericyte_cg_synthetic_contractile	cogaps	0.0216734345594949	300
CMTM8	Pericyte_cg_synthetic_contractile	cogaps	0.0211210188908372	301
WNT9A	Pericyte_cg_synthetic_contractile	cogaps	0.0211120940908744	302
JAG1	Pericyte_cg_synthetic_contractile	cogaps	0.0209534289860306	303
BDNF	Pericyte_cg_synthetic_contractile	cogaps	0.0209342226221024	304
CRTAM	Pericyte_cg_synthetic_contractile	cogaps	0.02004246878123	305
CADM1	Pericyte_cg_synthetic_contractile	cogaps	0.0199645456016262	306
ADM	Pericyte_cg_synthetic_contractile	cogaps	0.0195286768197821	307
WNT2	Pericyte_cg_synthetic_contractile	cogaps	0.019490601591234	308
WNT7B	Pericyte_cg_synthetic_contractile	cogaps	0.0193159989280326	309
FURIN	Pericyte_cg_synthetic_contractile	cogaps	0.0190885269023786	310
PDGFB	Pericyte_cg_synthetic_contractile	cogaps	0.018315113817724	311
ST6GAL1	Pericyte_cg_synthetic_contractile	cogaps	0.0178361703551427	312
IGFBP4	Pericyte_cg_synthetic_contractile	cogaps	0.0174974507804542	313
LTB	Pericyte_cg_synthetic_contractile	cogaps	0.0171811053184821	314
CAMP	Pericyte_cg_synthetic_contractile	cogaps	0.0164910227145907	315
CADM3	Pericyte_cg_synthetic_contractile	cogaps	0.0163898306480188	316
CXCL8	Pericyte_cg_synthetic_contractile	cogaps	0.0160367644914037	317
SIGLEC6	Pericyte_cg_synthetic_contractile	cogaps	0.0159896830488539	318
WNT2B	Pericyte_cg_synthetic_contractile	cogaps	0.0157460073837793	319
SCGB3A1	Pericyte_cg_synthetic_contractile	cogaps	0.0157344833162523	320
IGF1	Pericyte_cg_synthetic_contractile	cogaps	0.0156198306563113	321
ANOS1	Pericyte_cg_synthetic_contractile	cogaps	0.0153186264979903	322
LTBP3	Pericyte_cg_synthetic_contractile	cogaps	0.0147253218796815	323
CSF2	Pericyte_cg_synthetic_contractile	cogaps	0.0144940052146047	324
MFAP5	Pericyte_cg_synthetic_contractile	cogaps	0.0130415997143687	325
MMRN2	Pericyte_cg_synthetic_contractile	cogaps	0.0128947339737912	326
LTF	Pericyte_cg_synthetic_contractile	cogaps	0.00989694464048293	327
PLAU	Pericyte_cg_synthetic_contractile	cogaps	0.00899239525226112	328
EPHA4	Pericyte_cg_synthetic_contractile	cogaps	0.0086670709397323	329
PDGFD	Pericyte_cg_synthetic_contractile	cogaps	0.00804668105562184	330
CKLF	Pericyte_cg_synthetic_contractile	cogaps	0.00590199920874785	331
TGFB1	Pericyte_cg_vascular_stabilizing	cogaps	0.178111911704451	1
FN1	Pericyte_cg_vascular_stabilizing	cogaps	0.135136618888533	2
VTN	Pericyte_cg_vascular_stabilizing	cogaps	0.130615529021333	3
TGFB2	Pericyte_cg_vascular_stabilizing	cogaps	0.125213174102166	4
CCN2	Pericyte_cg_vascular_stabilizing	cogaps	0.116312015206828	5
TGM2	Pericyte_cg_vascular_stabilizing	cogaps	0.10377999311849	6
WNT3A	Pericyte_cg_vascular_stabilizing	cogaps	0.0991428511625886	7
AGT	Pericyte_cg_vascular_stabilizing	cogaps	0.0971402368556712	8
VCAM1	Pericyte_cg_vascular_stabilizing	cogaps	0.0928637335210722	9
SIRPB2	Pericyte_cg_vascular_stabilizing	cogaps	0.0919204435648461	10
NAMPT	Pericyte_cg_vascular_stabilizing	cogaps	0.0910683077885588	11
ENG	Pericyte_cg_vascular_stabilizing	cogaps	0.0903105321003725	12
THBS2	Pericyte_cg_vascular_stabilizing	cogaps	0.0873924998602121	13
TNC	Pericyte_cg_vascular_stabilizing	cogaps	0.0855536225804662	14
ANG	Pericyte_cg_vascular_stabilizing	cogaps	0.085038486133462	15
TIMP2	Pericyte_cg_vascular_stabilizing	cogaps	0.0816954336786409	16
ICAM1	Pericyte_cg_vascular_stabilizing	cogaps	0.0809538798634947	17
COPA	Pericyte_cg_vascular_stabilizing	cogaps	0.0778273798519199	18
BMP4	Pericyte_cg_vascular_stabilizing	cogaps	0.0768220371174025	19
C4BPA	Pericyte_cg_vascular_stabilizing	cogaps	0.0748488189774083	20
MMP14	Pericyte_cg_vascular_stabilizing	cogaps	0.0748476580662802	21
NTS	Pericyte_cg_vascular_stabilizing	cogaps	0.07368726225188	22
RELN	Pericyte_cg_vascular_stabilizing	cogaps	0.0722387542523492	23
MMP7	Pericyte_cg_vascular_stabilizing	cogaps	0.0699266205778585	24
EDN1	Pericyte_cg_vascular_stabilizing	cogaps	0.069804171323498	25
PSAP	Pericyte_cg_vascular_stabilizing	cogaps	0.069051498578382	26
COL5A1	Pericyte_cg_vascular_stabilizing	cogaps	0.069020380060283	27
SHISA4	Pericyte_cg_vascular_stabilizing	cogaps	0.0685886411052959	28
DLL4	Pericyte_cg_vascular_stabilizing	cogaps	0.0684505709339197	29
COL1A1	Pericyte_cg_vascular_stabilizing	cogaps	0.0683308213127059	30
SPARC	Pericyte_cg_vascular_stabilizing	cogaps	0.0677253223774376	31
C1QB	Pericyte_cg_vascular_stabilizing	cogaps	0.0671050480964968	32
MMP9	Pericyte_cg_vascular_stabilizing	cogaps	0.0662749946099632	33
DCN	Pericyte_cg_vascular_stabilizing	cogaps	0.0657893123336879	34
GGT1	Pericyte_cg_vascular_stabilizing	cogaps	0.065560336548411	35
FBN1	Pericyte_cg_vascular_stabilizing	cogaps	0.0653734771696041	36
SELE	Pericyte_cg_vascular_stabilizing	cogaps	0.0624895734460462	37
OSM	Pericyte_cg_vascular_stabilizing	cogaps	0.0620669721101367	38
COL8A2	Pericyte_cg_vascular_stabilizing	cogaps	0.0619344312577338	39
VCAN	Pericyte_cg_vascular_stabilizing	cogaps	0.0609437713815009	40
JAM3	Pericyte_cg_vascular_stabilizing	cogaps	0.0607802767226075	41
FAM3C	Pericyte_cg_vascular_stabilizing	cogaps	0.060697311353639	42
TIMP3	Pericyte_cg_vascular_stabilizing	cogaps	0.0604583231109743	43
FCN1	Pericyte_cg_vascular_stabilizing	cogaps	0.0602286233157933	44
CCN1	Pericyte_cg_vascular_stabilizing	cogaps	0.0595186096773262	45
TFPI	Pericyte_cg_vascular_stabilizing	cogaps	0.0591323617221109	46
HDC	Pericyte_cg_vascular_stabilizing	cogaps	0.0588679449513336	47
LAMA3	Pericyte_cg_vascular_stabilizing	cogaps	0.0588637407895601	48
FGA	Pericyte_cg_vascular_stabilizing	cogaps	0.0583843562675608	49
MMP2	Pericyte_cg_vascular_stabilizing	cogaps	0.0582428733726899	50
COL1A2	Pericyte_cg_vascular_stabilizing	cogaps	0.0580176059951957	51
CD14	Pericyte_cg_vascular_stabilizing	cogaps	0.0579470973481493	52
C3	Pericyte_cg_vascular_stabilizing	cogaps	0.0578466923715102	53
CTSG	Pericyte_cg_vascular_stabilizing	cogaps	0.0574294264135825	54
BMP1	Pericyte_cg_vascular_stabilizing	cogaps	0.0573625462329159	55
CALM3	Pericyte_cg_vascular_stabilizing	cogaps	0.0570352078454849	56
PLAT	Pericyte_cg_vascular_stabilizing	cogaps	0.0564678878209946	57
COL5A3	Pericyte_cg_vascular_stabilizing	cogaps	0.0564317386319839	58
COL3A1	Pericyte_cg_vascular_stabilizing	cogaps	0.0564031091979815	59
SERPING1	Pericyte_cg_vascular_stabilizing	cogaps	0.0562783626165857	60
FST	Pericyte_cg_vascular_stabilizing	cogaps	0.0561830879505164	61
GPC6	Pericyte_cg_vascular_stabilizing	cogaps	0.056150550616078	62
CTSD	Pericyte_cg_vascular_stabilizing	cogaps	0.0553815239031944	63
A2M	Pericyte_cg_vascular_stabilizing	cogaps	0.0553185873002273	64
GRN	Pericyte_cg_vascular_stabilizing	cogaps	0.0550831197300398	65
LAMA5	Pericyte_cg_vascular_stabilizing	cogaps	0.0546813211063157	66
SPP1	Pericyte_cg_vascular_stabilizing	cogaps	0.0545834266195092	67
FGG	Pericyte_cg_vascular_stabilizing	cogaps	0.0544140550266721	68
SIGLEC7	Pericyte_cg_vascular_stabilizing	cogaps	0.0543107740699361	69
COL19A1	Pericyte_cg_vascular_stabilizing	cogaps	0.05427764858746	70
ITGB2	Pericyte_cg_vascular_stabilizing	cogaps	0.0541856030636201	71
TGFBI	Pericyte_cg_vascular_stabilizing	cogaps	0.054129983461837	72
PLA2G2A	Pericyte_cg_vascular_stabilizing	cogaps	0.0539221636356402	73
PROS1	Pericyte_cg_vascular_stabilizing	cogaps	0.0537610871373529	74
LUM	Pericyte_cg_vascular_stabilizing	cogaps	0.0537021803960435	75
LAMC1	Pericyte_cg_vascular_stabilizing	cogaps	0.0536831083104906	76
LGALS9	Pericyte_cg_vascular_stabilizing	cogaps	0.0536752454561561	77
APOA1	Pericyte_cg_vascular_stabilizing	cogaps	0.0535554143648649	78
LAMB3	Pericyte_cg_vascular_stabilizing	cogaps	0.0534180305175337	79
CP	Pericyte_cg_vascular_stabilizing	cogaps	0.0533407129779037	80
SIGLEC9	Pericyte_cg_vascular_stabilizing	cogaps	0.0533250398982225	81
SLPI	Pericyte_cg_vascular_stabilizing	cogaps	0.0532119620841926	82
COL6A2	Pericyte_cg_vascular_stabilizing	cogaps	0.0530795917442987	83
FGF2	Pericyte_cg_vascular_stabilizing	cogaps	0.0530531712909279	84
THBS1	Pericyte_cg_vascular_stabilizing	cogaps	0.0528510104057782	85
GNAS	Pericyte_cg_vascular_stabilizing	cogaps	0.0526287932865173	86
BACE1	Pericyte_cg_vascular_stabilizing	cogaps	0.0524142729373243	87
FGF14	Pericyte_cg_vascular_stabilizing	cogaps	0.0521891409923281	88
SIRPA	Pericyte_cg_vascular_stabilizing	cogaps	0.0519788788201851	89
COL6A6	Pericyte_cg_vascular_stabilizing	cogaps	0.0519705956349559	90
COL14A1	Pericyte_cg_vascular_stabilizing	cogaps	0.0518857114576753	91
NRP1	Pericyte_cg_vascular_stabilizing	cogaps	0.0518733533946896	92
HSPG2	Pericyte_cg_vascular_stabilizing	cogaps	0.0517148609372731	93
JAM2	Pericyte_cg_vascular_stabilizing	cogaps	0.0515211110938356	94
LAMC3	Pericyte_cg_vascular_stabilizing	cogaps	0.0512460936158812	95
COL27A1	Pericyte_cg_vascular_stabilizing	cogaps	0.0511618481180308	96
ADAM17	Pericyte_cg_vascular_stabilizing	cogaps	0.0509307971317229	97
LGALS3BP	Pericyte_cg_vascular_stabilizing	cogaps	0.0506793638059767	98
F8	Pericyte_cg_vascular_stabilizing	cogaps	0.0505652412112539	99
BMP5	Pericyte_cg_vascular_stabilizing	cogaps	0.0505313532880144	100
HAS1	Pericyte_cg_vascular_stabilizing	cogaps	0.0505278725104781	101
ADAM9	Pericyte_cg_vascular_stabilizing	cogaps	0.0505236968544573	102
BMP3	Pericyte_cg_vascular_stabilizing	cogaps	0.050348775460416	103
CALM1	Pericyte_cg_vascular_stabilizing	cogaps	0.0503001013189011	104
COMP	Pericyte_cg_vascular_stabilizing	cogaps	0.0502297513129397	105
COL21A1	Pericyte_cg_vascular_stabilizing	cogaps	0.0500902161407966	106
HBEGF	Pericyte_cg_vascular_stabilizing	cogaps	0.049967810756916	107
CD99	Pericyte_cg_vascular_stabilizing	cogaps	0.0498512309724295	108
COL13A1	Pericyte_cg_vascular_stabilizing	cogaps	0.0497136875919138	109
CLDN1	Pericyte_cg_vascular_stabilizing	cogaps	0.0495961365935858	110
SERPINE1	Pericyte_cg_vascular_stabilizing	cogaps	0.0494294234357877	111
NCAM1	Pericyte_cg_vascular_stabilizing	cogaps	0.0494246795378268	112
INHBA	Pericyte_cg_vascular_stabilizing	cogaps	0.0493267267012162	113
GDF10	Pericyte_cg_vascular_stabilizing	cogaps	0.0492334305873995	114
GPC3	Pericyte_cg_vascular_stabilizing	cogaps	0.0491824984912073	115
MCAM	Pericyte_cg_vascular_stabilizing	cogaps	0.0491094273003668	116
COL18A1	Pericyte_cg_vascular_stabilizing	cogaps	0.0490725529183	117
ICAM4	Pericyte_cg_vascular_stabilizing	cogaps	0.0490590218107947	118
SOSTDC1	Pericyte_cg_vascular_stabilizing	cogaps	0.048917795074492	119
LAMA4	Pericyte_cg_vascular_stabilizing	cogaps	0.0487980291349415	120
LAMC2	Pericyte_cg_vascular_stabilizing	cogaps	0.0486142372325767	121
COL24A1	Pericyte_cg_vascular_stabilizing	cogaps	0.0485947961375713	122
ADAM15	Pericyte_cg_vascular_stabilizing	cogaps	0.0484531940990538	123
PRG4	Pericyte_cg_vascular_stabilizing	cogaps	0.0483784270033574	124
RGMA	Pericyte_cg_vascular_stabilizing	cogaps	0.0483515478259347	125
FGF1	Pericyte_cg_vascular_stabilizing	cogaps	0.0483151283326867	126
COL12A1	Pericyte_cg_vascular_stabilizing	cogaps	0.0481946141972099	127
LRFN5	Pericyte_cg_vascular_stabilizing	cogaps	0.0481005599170923	128
COL4A4	Pericyte_cg_vascular_stabilizing	cogaps	0.0480630038321116	129
LAMB1	Pericyte_cg_vascular_stabilizing	cogaps	0.048019670645262	130
LGALS3	Pericyte_cg_vascular_stabilizing	cogaps	0.0479953206418754	131
LRPAP1	Pericyte_cg_vascular_stabilizing	cogaps	0.0478998496499329	132
SEMA3D	Pericyte_cg_vascular_stabilizing	cogaps	0.0478209979513117	133
CNTN6	Pericyte_cg_vascular_stabilizing	cogaps	0.0477811634872904	134
COL4A3	Pericyte_cg_vascular_stabilizing	cogaps	0.0477252806463268	135
CD320	Pericyte_cg_vascular_stabilizing	cogaps	0.0476691717858182	136
SEMA3E	Pericyte_cg_vascular_stabilizing	cogaps	0.0472826277765572	137
TIMP1	Pericyte_cg_vascular_stabilizing	cogaps	0.047174894359674	138
ADAM12	Pericyte_cg_vascular_stabilizing	cogaps	0.0469509444546249	139
ANGPTL1	Pericyte_cg_vascular_stabilizing	cogaps	0.0469090414361462	140
SEMA4A	Pericyte_cg_vascular_stabilizing	cogaps	0.046746525094857	141
HLA-DQB1	Pericyte_cg_vascular_stabilizing	cogaps	0.0466504776647283	142
NPNT	Pericyte_cg_vascular_stabilizing	cogaps	0.0466264039443891	143
FGF7	Pericyte_cg_vascular_stabilizing	cogaps	0.0466158215435852	144
SEMA4B	Pericyte_cg_vascular_stabilizing	cogaps	0.0463894529421691	145
LGALS1	Pericyte_cg_vascular_stabilizing	cogaps	0.0463549131381915	146
C1QA	Pericyte_cg_vascular_stabilizing	cogaps	0.0462788026357732	147
COL15A1	Pericyte_cg_vascular_stabilizing	cogaps	0.0458489114247257	148
CEACAM6	Pericyte_cg_vascular_stabilizing	cogaps	0.0454194630776972	149
NFASC	Pericyte_cg_vascular_stabilizing	cogaps	0.0454077213361918	150
CD1B	Pericyte_cg_vascular_stabilizing	cogaps	0.0454052057697329	151
COL6A1	Pericyte_cg_vascular_stabilizing	cogaps	0.0451447194935602	152
SEMA4D	Pericyte_cg_vascular_stabilizing	cogaps	0.0450586935600092	153
SIGLEC5	Pericyte_cg_vascular_stabilizing	cogaps	0.0448014286917182	154
VEGFD	Pericyte_cg_vascular_stabilizing	cogaps	0.0446910121765088	155
SDC2	Pericyte_cg_vascular_stabilizing	cogaps	0.0446302738273174	156
COL6A3	Pericyte_cg_vascular_stabilizing	cogaps	0.0446217338605777	157
IL16	Pericyte_cg_vascular_stabilizing	cogaps	0.0444577363383816	158
F13A1	Pericyte_cg_vascular_stabilizing	cogaps	0.0444472230874269	159
APOE	Pericyte_cg_vascular_stabilizing	cogaps	0.0444013000065807	160
LPL	Pericyte_cg_vascular_stabilizing	cogaps	0.0442003948765596	161
PLEKHO2	Pericyte_cg_vascular_stabilizing	cogaps	0.0439862651562871	162
HLA-DRB5	Pericyte_cg_vascular_stabilizing	cogaps	0.0439002269251488	163
MFGE8	Pericyte_cg_vascular_stabilizing	cogaps	0.0438798609169554	164
ANXA2	Pericyte_cg_vascular_stabilizing	cogaps	0.0438173077337577	165
MDK	Pericyte_cg_vascular_stabilizing	cogaps	0.0438089137000305	166
AGRN	Pericyte_cg_vascular_stabilizing	cogaps	0.043805392061283	167
COL4A2	Pericyte_cg_vascular_stabilizing	cogaps	0.0437426119857559	168
COL4A5	Pericyte_cg_vascular_stabilizing	cogaps	0.0435144109412324	169
NECTIN4	Pericyte_cg_vascular_stabilizing	cogaps	0.0432604401193057	170
DUSP18	Pericyte_cg_vascular_stabilizing	cogaps	0.0429715070652227	171
CLEC11A	Pericyte_cg_vascular_stabilizing	cogaps	0.0427566081101284	172
RSPO3	Pericyte_cg_vascular_stabilizing	cogaps	0.042571831913457	173
COL16A1	Pericyte_cg_vascular_stabilizing	cogaps	0.04250240485218	174
CALM2	Pericyte_cg_vascular_stabilizing	cogaps	0.0424643785893927	175
PSEN1	Pericyte_cg_vascular_stabilizing	cogaps	0.0422424289434773	176
NRXN3	Pericyte_cg_vascular_stabilizing	cogaps	0.0416503981357677	177
COL5A2	Pericyte_cg_vascular_stabilizing	cogaps	0.0416062001713817	178
ADAM10	Pericyte_cg_vascular_stabilizing	cogaps	0.0413787147594964	179
IGF2	Pericyte_cg_vascular_stabilizing	cogaps	0.0409686463007159	180
CNTN4	Pericyte_cg_vascular_stabilizing	cogaps	0.0407631170047981	181
HSP90B1	Pericyte_cg_vascular_stabilizing	cogaps	0.040660604656439	182
LAMB2	Pericyte_cg_vascular_stabilizing	cogaps	0.0400537443029745	183
COL4A1	Pericyte_cg_vascular_stabilizing	cogaps	0.0398282112298796	184
PTPRC	Pericyte_cg_vascular_stabilizing	cogaps	0.0398056184366815	185
PDGFC	Pericyte_cg_vascular_stabilizing	cogaps	0.0396887260128786	186
HAS2	Pericyte_cg_vascular_stabilizing	cogaps	0.0396738440975378	187
EDIL3	Pericyte_cg_vascular_stabilizing	cogaps	0.0396657369847415	188
COL8A1	Pericyte_cg_vascular_stabilizing	cogaps	0.039144270122919	189
FBLN1	Pericyte_cg_vascular_stabilizing	cogaps	0.0390822765057297	190
MXRA5	Pericyte_cg_vascular_stabilizing	cogaps	0.0389014812165496	191
PCSK9	Pericyte_cg_vascular_stabilizing	cogaps	0.0382293059495635	192
BACE2	Pericyte_cg_vascular_stabilizing	cogaps	0.0374361015577626	193
PTN	Pericyte_cg_vascular_stabilizing	cogaps	0.0367610713525015	194
EFEMP2	Pericyte_cg_vascular_stabilizing	cogaps	0.0363768329935354	195
NID1	Pericyte_cg_vascular_stabilizing	cogaps	0.0363746209665232	196
ADAM28	Pericyte_cg_vascular_stabilizing	cogaps	0.0359711825125535	197
SPON1	Pericyte_cg_vascular_stabilizing	cogaps	0.0358203599670288	198
PI16	Pericyte_cg_vascular_stabilizing	cogaps	0.0357366832923126	199
VSIG10	Pericyte_cg_vascular_stabilizing	cogaps	0.0353455297455046	200
SPON2	Pericyte_cg_vascular_stabilizing	cogaps	0.0350706475451631	201
BMP6	Pericyte_cg_vascular_stabilizing	cogaps	0.035013847996264	202
POSTN	Pericyte_cg_vascular_stabilizing	cogaps	0.0348515534167917	203
ANGPT2	Pericyte_cg_vascular_stabilizing	cogaps	0.0348058271626039	204
COL10A1	Pericyte_cg_vascular_stabilizing	cogaps	0.0347942859267693	205
IFITM1	Pericyte_cg_vascular_stabilizing	cogaps	0.0346903876631549	206
CX3CL1	Pericyte_cg_vascular_stabilizing	cogaps	0.0345803049562864	207
NECTIN3	Pericyte_cg_vascular_stabilizing	cogaps	0.0344449871009504	208
GAS6	Pericyte_cg_vascular_stabilizing	cogaps	0.0344214330302872	209
SERPINE2	Pericyte_cg_vascular_stabilizing	cogaps	0.0341373052334796	210
FGF18	Pericyte_cg_vascular_stabilizing	cogaps	0.0341006046345382	211
HGF	Pericyte_cg_vascular_stabilizing	cogaps	0.0335388349745043	212
ANGPTL2	Pericyte_cg_vascular_stabilizing	cogaps	0.0329480599371311	213
SIGLEC1	Pericyte_cg_vascular_stabilizing	cogaps	0.0329096336131163	214
BMP2	Pericyte_cg_vascular_stabilizing	cogaps	0.0327306740234627	215
DLL1	Pericyte_cg_vascular_stabilizing	cogaps	0.032040074294629	216
TNFSF14	Pericyte_cg_vascular_stabilizing	cogaps	0.031959045182314	217
SEMA4C	Pericyte_cg_vascular_stabilizing	cogaps	0.0316912517805586	218
WNT5A	Pericyte_cg_vascular_stabilizing	cogaps	0.0313195865188797	219
LAMA2	Pericyte_cg_vascular_stabilizing	cogaps	0.0312693275221536	220
SEMA3C	Pericyte_cg_vascular_stabilizing	cogaps	0.0311647246576433	221
JAG2	Pericyte_cg_vascular_stabilizing	cogaps	0.0308755211438655	222
CCN4	Pericyte_cg_vascular_stabilizing	cogaps	0.0304763077925142	223
NECTIN2	Pericyte_cg_vascular_stabilizing	cogaps	0.0297118972225046	224
MIF	Pericyte_cg_vascular_stabilizing	cogaps	0.029612187217471	225
ZNRF3	Pericyte_cg_vascular_stabilizing	cogaps	0.029590562092703	226
ESAM	Pericyte_cg_vascular_stabilizing	cogaps	0.0293188524933431	227
LFNG	Pericyte_cg_vascular_stabilizing	cogaps	0.0291487931599369	228
IL6	Pericyte_cg_vascular_stabilizing	cogaps	0.0284117906027091	229
ANGPTL4	Pericyte_cg_vascular_stabilizing	cogaps	0.0282797708024154	230
PAM	Pericyte_cg_vascular_stabilizing	cogaps	0.027205703590515	231
CXCL12	Pericyte_cg_vascular_stabilizing	cogaps	0.0267895832318467	232
TNFSF13	Pericyte_cg_vascular_stabilizing	cogaps	0.0267805828120132	233
JAG1	Pericyte_cg_vascular_stabilizing	cogaps	0.0266635904375683	234
ANGPT1	Pericyte_cg_vascular_stabilizing	cogaps	0.0266000627108221	235
LIF	Pericyte_cg_vascular_stabilizing	cogaps	0.0265383824439328	236
CLCF1	Pericyte_cg_vascular_stabilizing	cogaps	0.0265193864308633	237
PCDHA10	Pericyte_cg_vascular_stabilizing	cogaps	0.0262028661794125	238
TGFB3	Pericyte_cg_vascular_stabilizing	cogaps	0.0260409367635905	239
NGF	Pericyte_cg_vascular_stabilizing	cogaps	0.0260391757012184	240
MFNG	Pericyte_cg_vascular_stabilizing	cogaps	0.0259181886756982	241
APP	Pericyte_cg_vascular_stabilizing	cogaps	0.0256461320267856	242
MYOC	Pericyte_cg_vascular_stabilizing	cogaps	0.0251689112514394	243
WNT9A	Pericyte_cg_vascular_stabilizing	cogaps	0.025100646892396	244
CALR	Pericyte_cg_vascular_stabilizing	cogaps	0.0242312462111807	245
CRTAM	Pericyte_cg_vascular_stabilizing	cogaps	0.0241508168356763	246
CADM1	Pericyte_cg_vascular_stabilizing	cogaps	0.024106969765766	247
WNT2	Pericyte_cg_vascular_stabilizing	cogaps	0.0236646914352104	248
WNT7B	Pericyte_cg_vascular_stabilizing	cogaps	0.0230799504823157	249
IGFBP4	Pericyte_cg_vascular_stabilizing	cogaps	0.0218009650396299	250
BDNF	Pericyte_cg_vascular_stabilizing	cogaps	0.0213554195259562	251
FURIN	Pericyte_cg_vascular_stabilizing	cogaps	0.0212195731645871	252
CADM3	Pericyte_cg_vascular_stabilizing	cogaps	0.0201599733776445	253
SCGB3A1	Pericyte_cg_vascular_stabilizing	cogaps	0.0192101326487866	254
PDGFB	Pericyte_cg_vascular_stabilizing	cogaps	0.0186463129290572	255
SIGLEC6	Pericyte_cg_vascular_stabilizing	cogaps	0.0185367052777441	256
LTB	Pericyte_cg_vascular_stabilizing	cogaps	0.0184486504996437	257
WNT2B	Pericyte_cg_vascular_stabilizing	cogaps	0.0179665954285621	258
CXCL8	Pericyte_cg_vascular_stabilizing	cogaps	0.0179218672682781	259
IGF1	Pericyte_cg_vascular_stabilizing	cogaps	0.0166663710849862	260
MMRN2	Pericyte_cg_vascular_stabilizing	cogaps	0.0151013894083932	261
ANOS1	Pericyte_cg_vascular_stabilizing	cogaps	0.0149702782372328	262
PDGFA	Pericyte_cg_vascular_stabilizing	cogaps	0.0149367283335876	263
CSF2	Pericyte_cg_vascular_stabilizing	cogaps	0.014775775540726	264
LTF	Pericyte_cg_vascular_stabilizing	cogaps	0.0113323747426332	265
PLAU	Pericyte_cg_vascular_stabilizing	cogaps	0.0103813368761951	266
EPHA4	Pericyte_cg_vascular_stabilizing	cogaps	0.0101520474367813	267
PDGFD	Pericyte_cg_vascular_stabilizing	cogaps	0.00853779223361488	268
CKLF	Pericyte_cg_vascular_stabilizing	cogaps	0.00767278000115249	269
CCN2	Pericyte_vascular_stabilizing	stable_program	0.226624143210132	1
TGFB1	Pericyte_vascular_stabilizing	stable_program	0.213711126352517	2
TGFB2	Pericyte_vascular_stabilizing	stable_program	0.210051152943388	3
COPA	Pericyte_vascular_stabilizing	stable_program	0.178200060178692	4
TIMP2	Pericyte_vascular_stabilizing	stable_program	0.174717243039	5
ICAM1	Pericyte_vascular_stabilizing	stable_program	0.153310827938371	6
ANXA1	Pericyte_vascular_stabilizing	stable_program	0.152556685490789	7
RELN	Pericyte_vascular_stabilizing	stable_program	0.145623678935668	8
VTN	Pericyte_vascular_stabilizing	stable_program	0.14519010140369	9
PLA2G2A	Pericyte_vascular_stabilizing	stable_program	0.144140901100893	10
NAMPT	Pericyte_vascular_stabilizing	stable_program	0.1426950697525	11
MMP14	Pericyte_vascular_stabilizing	stable_program	0.140112981967429	12
EDN1	Pericyte_vascular_stabilizing	stable_program	0.135548477357507	13
COL4A1	Pericyte_vascular_stabilizing	stable_program	0.13404284762917	14
VCAM1	Pericyte_vascular_stabilizing	stable_program	0.133688786769935	15
SIRPB2	Pericyte_vascular_stabilizing	stable_program	0.13234347512567	16
TNC	Pericyte_vascular_stabilizing	stable_program	0.130883632851445	17
FN1	Pericyte_vascular_stabilizing	stable_program	0.130121039508639	18
COL1A1	Pericyte_vascular_stabilizing	stable_program	0.130097476388055	19
AGT	Pericyte_vascular_stabilizing	stable_program	0.129926377741271	20
COL5A1	Pericyte_vascular_stabilizing	stable_program	0.129291245407626	21
THBS2	Pericyte_vascular_stabilizing	stable_program	0.124824876582656	22
IL1RN	Pericyte_vascular_stabilizing	stable_program	0.12481414075829	23
C3	Pericyte_vascular_stabilizing	stable_program	0.124543055151639	24
TGM2	Pericyte_vascular_stabilizing	stable_program	0.122125361659281	25
C4BPA	Pericyte_vascular_stabilizing	stable_program	0.121389258963182	26
ENG	Pericyte_vascular_stabilizing	stable_program	0.119842671584956	27
SIGLEC9	Pericyte_vascular_stabilizing	stable_program	0.118500929737298	28
APOA1	Pericyte_vascular_stabilizing	stable_program	0.117630103343302	29
SHISA4	Pericyte_vascular_stabilizing	stable_program	0.117428854827446	30
ITGB2	Pericyte_vascular_stabilizing	stable_program	0.116686351817784	31
PGF	Pericyte_vascular_stabilizing	stable_program	0.116599068922571	32
PRG4	Pericyte_vascular_stabilizing	stable_program	0.113892314396969	33
NTS	Pericyte_vascular_stabilizing	stable_program	0.112797617373502	34
GGT1	Pericyte_vascular_stabilizing	stable_program	0.11266676947158	35
TIMP3	Pericyte_vascular_stabilizing	stable_program	0.112234671836148	36
CCN1	Pericyte_vascular_stabilizing	stable_program	0.111226312959092	37
ADAM9	Pericyte_vascular_stabilizing	stable_program	0.111065312983127	38
JAM3	Pericyte_vascular_stabilizing	stable_program	0.11038204441878	39
IL1B	Pericyte_vascular_stabilizing	stable_program	0.108328146939383	40
LGALS3	Pericyte_vascular_stabilizing	stable_program	0.107960193061719	41
SPON2	Pericyte_vascular_stabilizing	stable_program	0.107465679382402	42
HLA-DQB1	Pericyte_vascular_stabilizing	stable_program	0.107124842000468	43
C1QB	Pericyte_vascular_stabilizing	stable_program	0.10706549947713	44
SEMA3F	Pericyte_vascular_stabilizing	stable_program	0.106547672831744	45
ANG	Pericyte_vascular_stabilizing	stable_program	0.106384639185622	46
IL16	Pericyte_vascular_stabilizing	stable_program	0.106210449474965	47
ICAM4	Pericyte_vascular_stabilizing	stable_program	0.104698823095145	48
CTSG	Pericyte_vascular_stabilizing	stable_program	0.103941398304341	49
SEMA3A	Pericyte_vascular_stabilizing	stable_program	0.103305460946687	50
COL10A1	Pericyte_vascular_stabilizing	stable_program	0.102390523961303	51
WNT3A	Pericyte_vascular_stabilizing	stable_program	0.102340060075818	52
LAMA3	Pericyte_vascular_stabilizing	stable_program	0.102076216577863	53
OCLN	Pericyte_vascular_stabilizing	stable_program	0.101653324218626	54
FAM3C	Pericyte_vascular_stabilizing	stable_program	0.101589632610089	55
WNT5A	Pericyte_vascular_stabilizing	stable_program	0.101210531209525	56
PTPRK	Pericyte_vascular_stabilizing	stable_program	0.10117103931199	57
CDCP1	Pericyte_vascular_stabilizing	stable_program	0.100229748139673	58
COL5A3	Pericyte_vascular_stabilizing	stable_program	0.100072377466496	59
MMP2	Pericyte_vascular_stabilizing	stable_program	0.100008599474213	60
LGALS3BP	Pericyte_vascular_stabilizing	stable_program	0.0996873693503635	61
CTSD	Pericyte_vascular_stabilizing	stable_program	0.0994428915239407	62
FCN1	Pericyte_vascular_stabilizing	stable_program	0.0992318306366495	63
A2M	Pericyte_vascular_stabilizing	stable_program	0.09895057845071	64
MMP9	Pericyte_vascular_stabilizing	stable_program	0.0987624386163366	65
COL3A1	Pericyte_vascular_stabilizing	stable_program	0.0983671444662217	66
SERPING1	Pericyte_vascular_stabilizing	stable_program	0.0976831470488496	67
LTBP1	Pericyte_vascular_stabilizing	stable_program	0.0976743824670985	68
BACE1	Pericyte_vascular_stabilizing	stable_program	0.0975763214452828	69
LUM	Pericyte_vascular_stabilizing	stable_program	0.0974373274557688	70
TGFBI	Pericyte_vascular_stabilizing	stable_program	0.0969202666145216	71
PLAT	Pericyte_vascular_stabilizing	stable_program	0.0964096913995918	72
COL1A2	Pericyte_vascular_stabilizing	stable_program	0.0962930676572056	73
HDC	Pericyte_vascular_stabilizing	stable_program	0.0961552470719733	74
VCAN	Pericyte_vascular_stabilizing	stable_program	0.095437454707902	75
LAMA5	Pericyte_vascular_stabilizing	stable_program	0.0953634182002413	76
LAMC1	Pericyte_vascular_stabilizing	stable_program	0.0950636285754259	77
FGA	Pericyte_vascular_stabilizing	stable_program	0.0949902331458809	78
COL14A1	Pericyte_vascular_stabilizing	stable_program	0.0949750806484295	79
SELE	Pericyte_vascular_stabilizing	stable_program	0.0949240351754158	80
ADAM17	Pericyte_vascular_stabilizing	stable_program	0.094833597693633	81
SIGLEC7	Pericyte_vascular_stabilizing	stable_program	0.094748573427178	82
GPC6	Pericyte_vascular_stabilizing	stable_program	0.0936830633054429	83
FST	Pericyte_vascular_stabilizing	stable_program	0.0932216621094824	84
CLEC11A	Pericyte_vascular_stabilizing	stable_program	0.0928860308898154	85
COL27A1	Pericyte_vascular_stabilizing	stable_program	0.0928645585202448	86
FGG	Pericyte_vascular_stabilizing	stable_program	0.0924809967807448	87
LAMC3	Pericyte_vascular_stabilizing	stable_program	0.0924587697532728	88
GPC3	Pericyte_vascular_stabilizing	stable_program	0.0923848884939467	89
HAS1	Pericyte_vascular_stabilizing	stable_program	0.092314221472852	90
COL6A2	Pericyte_vascular_stabilizing	stable_program	0.0923094955295535	91
NRG3	Pericyte_vascular_stabilizing	stable_program	0.0921043205602799	92
DCN	Pericyte_vascular_stabilizing	stable_program	0.0918503973903778	93
EREG	Pericyte_vascular_stabilizing	stable_program	0.0916712767461676	94
COL8A2	Pericyte_vascular_stabilizing	stable_program	0.091401792197472	95
CD14	Pericyte_vascular_stabilizing	stable_program	0.091099669464313	96
TFPI	Pericyte_vascular_stabilizing	stable_program	0.0909808516711901	97
COL6A6	Pericyte_vascular_stabilizing	stable_program	0.0908200765111961	98
CALM3	Pericyte_vascular_stabilizing	stable_program	0.0907618010266141	99
HSPG2	Pericyte_vascular_stabilizing	stable_program	0.0906842330632156	100
FBN1	Pericyte_vascular_stabilizing	stable_program	0.0905256775960584	101
COL4A3	Pericyte_vascular_stabilizing	stable_program	0.0902600273340556	102
LAMB3	Pericyte_vascular_stabilizing	stable_program	0.0901164748091894	103
GRN	Pericyte_vascular_stabilizing	stable_program	0.0897011307904279	104
PROS1	Pericyte_vascular_stabilizing	stable_program	0.0896581664655895	105
SIRPA	Pericyte_vascular_stabilizing	stable_program	0.0896106954326305	106
ADAM15	Pericyte_vascular_stabilizing	stable_program	0.089566911634403	107
CEACAM1	Pericyte_vascular_stabilizing	stable_program	0.0894966490208877	108
NRP1	Pericyte_vascular_stabilizing	stable_program	0.0894227610525221	109
CD55	Pericyte_vascular_stabilizing	stable_program	0.0893804730420384	110
CCL7	Pericyte_vascular_stabilizing	stable_program	0.0893515651232128	111
COL21A1	Pericyte_vascular_stabilizing	stable_program	0.0892586054217023	112
DLL4	Pericyte_vascular_stabilizing	stable_program	0.0891193241035693	113
TIMP1	Pericyte_vascular_stabilizing	stable_program	0.0888521438243581	114
S100A4	Pericyte_vascular_stabilizing	stable_program	0.0885819294293462	115
GNAS	Pericyte_vascular_stabilizing	stable_program	0.0885191277548232	116
CP	Pericyte_vascular_stabilizing	stable_program	0.0880369216539284	117
TNFSF14	Pericyte_vascular_stabilizing	stable_program	0.087663212106923	118
PTPRC	Pericyte_vascular_stabilizing	stable_program	0.0875387879019531	119
SLPI	Pericyte_vascular_stabilizing	stable_program	0.0875083532790848	120
LGALS9	Pericyte_vascular_stabilizing	stable_program	0.0873830805531843	121
IL1A	Pericyte_vascular_stabilizing	stable_program	0.0872058804572707	122
COL18A1	Pericyte_vascular_stabilizing	stable_program	0.0870840200218611	123
SEMA4D	Pericyte_vascular_stabilizing	stable_program	0.0870130836291393	124
F10	Pericyte_vascular_stabilizing	stable_program	0.0869294908753024	125
PTN	Pericyte_vascular_stabilizing	stable_program	0.0866366200060561	126
SEMA3B	Pericyte_vascular_stabilizing	stable_program	0.0866130252962881	127
PECAM1	Pericyte_vascular_stabilizing	stable_program	0.0865109133720902	128
LAMA4	Pericyte_vascular_stabilizing	stable_program	0.0862363036869441	129
THBS1	Pericyte_vascular_stabilizing	stable_program	0.0859910892229979	130
BMP1	Pericyte_vascular_stabilizing	stable_program	0.0859854853638483	131
TSPAN33	Pericyte_vascular_stabilizing	stable_program	0.0857793490647051	132
PSAP	Pericyte_vascular_stabilizing	stable_program	0.0855311970700271	133
COMP	Pericyte_vascular_stabilizing	stable_program	0.085525360450134	134
SEMA4A	Pericyte_vascular_stabilizing	stable_program	0.085518559725586	135
CD320	Pericyte_vascular_stabilizing	stable_program	0.0854815912243492	136
FGF14	Pericyte_vascular_stabilizing	stable_program	0.0853366779014691	137
C1QA	Pericyte_vascular_stabilizing	stable_program	0.0853177354648974	138
LRFN5	Pericyte_vascular_stabilizing	stable_program	0.0852352385683035	139
VWF	Pericyte_vascular_stabilizing	stable_program	0.0851937952362863	140
PLEKHO2	Pericyte_vascular_stabilizing	stable_program	0.0849923813029782	141
ANGPTL1	Pericyte_vascular_stabilizing	stable_program	0.0849733713411697	142
COL24A1	Pericyte_vascular_stabilizing	stable_program	0.0846168448223382	143
SOSTDC1	Pericyte_vascular_stabilizing	stable_program	0.0844508979523823	144
AZGP1	Pericyte_vascular_stabilizing	stable_program	0.0843432203955067	145
BMP4	Pericyte_vascular_stabilizing	stable_program	0.0840568635207263	146
GDF10	Pericyte_vascular_stabilizing	stable_program	0.0839269332286073	147
CDH1	Pericyte_vascular_stabilizing	stable_program	0.0838011268890868	148
F8	Pericyte_vascular_stabilizing	stable_program	0.0836583875686874	149
CD1B	Pericyte_vascular_stabilizing	stable_program	0.0832750652760283	150
SIGLEC5	Pericyte_vascular_stabilizing	stable_program	0.0831770160821638	151
SEMA3G	Pericyte_vascular_stabilizing	stable_program	0.0831612515803509	152
LRPAP1	Pericyte_vascular_stabilizing	stable_program	0.0829277656062533	153
SYT1	Pericyte_vascular_stabilizing	stable_program	0.0827176461534344	154
LAMC2	Pericyte_vascular_stabilizing	stable_program	0.0826305444108586	155
LAMB1	Pericyte_vascular_stabilizing	stable_program	0.0826024279996842	156
LIPH	Pericyte_vascular_stabilizing	stable_program	0.0824440185412158	157
THY1	Pericyte_vascular_stabilizing	stable_program	0.0823094308129586	158
EFEMP1	Pericyte_vascular_stabilizing	stable_program	0.0820654001356133	159
NCAM1	Pericyte_vascular_stabilizing	stable_program	0.0819408560983477	160
CD99	Pericyte_vascular_stabilizing	stable_program	0.0817842480026846	161
COL13A1	Pericyte_vascular_stabilizing	stable_program	0.08124869774363	162
PAM	Pericyte_vascular_stabilizing	stable_program	0.0812303375469897	163
BMP5	Pericyte_vascular_stabilizing	stable_program	0.0811741743764051	164
CALM1	Pericyte_vascular_stabilizing	stable_program	0.0810231080982622	165
SEMA3D	Pericyte_vascular_stabilizing	stable_program	0.0809837094113564	166
IGFBP3	Pericyte_vascular_stabilizing	stable_program	0.0809812646725001	167
COL4A5	Pericyte_vascular_stabilizing	stable_program	0.0809797607427778	168
SPP1	Pericyte_vascular_stabilizing	stable_program	0.0806600604311764	169
MMP7	Pericyte_vascular_stabilizing	stable_program	0.0806435729361812	170
NRXN3	Pericyte_vascular_stabilizing	stable_program	0.0801344525756976	171
SEMA3E	Pericyte_vascular_stabilizing	stable_program	0.0797506736825396	172
DUSP18	Pericyte_vascular_stabilizing	stable_program	0.0795692121329666	173
NFASC	Pericyte_vascular_stabilizing	stable_program	0.0793869168164426	174
AREG	Pericyte_vascular_stabilizing	stable_program	0.0791992752532319	175
COL4A4	Pericyte_vascular_stabilizing	stable_program	0.07875592661762	176
SERPINE1	Pericyte_vascular_stabilizing	stable_program	0.0787030707182832	177
CNTN6	Pericyte_vascular_stabilizing	stable_program	0.0785593271014985	178
MFGE8	Pericyte_vascular_stabilizing	stable_program	0.0784215737505222	179
COL8A1	Pericyte_vascular_stabilizing	stable_program	0.0777284941113097	180
CEACAM6	Pericyte_vascular_stabilizing	stable_program	0.0776838673954107	181
JAM2	Pericyte_vascular_stabilizing	stable_program	0.0776487483042539	182
AGRN	Pericyte_vascular_stabilizing	stable_program	0.0776067808230585	183
CNTN4	Pericyte_vascular_stabilizing	stable_program	0.077437892943096	184
NPNT	Pericyte_vascular_stabilizing	stable_program	0.0770421494463662	185
ADAM12	Pericyte_vascular_stabilizing	stable_program	0.0768128942160436	186
SDC2	Pericyte_vascular_stabilizing	stable_program	0.0766600981242787	187
RGMA	Pericyte_vascular_stabilizing	stable_program	0.0763283203575738	188
APOE	Pericyte_vascular_stabilizing	stable_program	0.076313493876272	189
COL4A2	Pericyte_vascular_stabilizing	stable_program	0.0761456263546783	190
CALM2	Pericyte_vascular_stabilizing	stable_program	0.0760714159202894	191
MCAM	Pericyte_vascular_stabilizing	stable_program	0.0760218338630603	192
LPL	Pericyte_vascular_stabilizing	stable_program	0.0760198375782122	193
COL6A3	Pericyte_vascular_stabilizing	stable_program	0.0759951632057331	194
IGF2	Pericyte_vascular_stabilizing	stable_program	0.075968723956233	195
NECTIN4	Pericyte_vascular_stabilizing	stable_program	0.0759038371845489	196
SEMA4B	Pericyte_vascular_stabilizing	stable_program	0.0758047947844067	197
ADAM10	Pericyte_vascular_stabilizing	stable_program	0.0750115884261774	198
BMP3	Pericyte_vascular_stabilizing	stable_program	0.0748978305291958	199
CX3CL1	Pericyte_vascular_stabilizing	stable_program	0.0747032557509721	200
HLA-DRB5	Pericyte_vascular_stabilizing	stable_program	0.0746359100740531	201
PTDSS1	Pericyte_vascular_stabilizing	stable_program	0.0744879105675144	202
COL12A1	Pericyte_vascular_stabilizing	stable_program	0.0741942683023415	203
VEGFD	Pericyte_vascular_stabilizing	stable_program	0.0736853572555623	204
TSPAN3	Pericyte_vascular_stabilizing	stable_program	0.0736291716052708	205
LAMB2	Pericyte_vascular_stabilizing	stable_program	0.0733741744173009	206
F13A1	Pericyte_vascular_stabilizing	stable_program	0.072433203397851	207
EDIL3	Pericyte_vascular_stabilizing	stable_program	0.0722253160411155	208
WNT2B	Pericyte_vascular_stabilizing	stable_program	0.0721668861769377	209
HSP90B1	Pericyte_vascular_stabilizing	stable_program	0.0720078374380171	210
LRIG1	Pericyte_vascular_stabilizing	stable_program	0.0714051625047452	211
LGALS1	Pericyte_vascular_stabilizing	stable_program	0.071363121901543	212
COL15A1	Pericyte_vascular_stabilizing	stable_program	0.0706492997734965	213
COL6A1	Pericyte_vascular_stabilizing	stable_program	0.0706185943475485	214
MDK	Pericyte_vascular_stabilizing	stable_program	0.0704215878916751	215
BACE2	Pericyte_vascular_stabilizing	stable_program	0.0700679903379125	216
HAS2	Pericyte_vascular_stabilizing	stable_program	0.0697297127708835	217
COL16A1	Pericyte_vascular_stabilizing	stable_program	0.06903363039287	218
SPON1	Pericyte_vascular_stabilizing	stable_program	0.0684046716543014	219
CCL2	Pericyte_vascular_stabilizing	stable_program	0.067876895134417	220
ANXA2	Pericyte_vascular_stabilizing	stable_program	0.0677989562173585	221
FGF2	Pericyte_vascular_stabilizing	stable_program	0.0670776779785395	222
COL5A2	Pericyte_vascular_stabilizing	stable_program	0.0667988358689642	223
MXRA5	Pericyte_vascular_stabilizing	stable_program	0.0665888356847552	224
RSPO3	Pericyte_vascular_stabilizing	stable_program	0.0656926900086089	225
ANGPT2	Pericyte_vascular_stabilizing	stable_program	0.0652198480854835	226
HBEGF	Pericyte_vascular_stabilizing	stable_program	0.0649918123174758	227
PI16	Pericyte_vascular_stabilizing	stable_program	0.0647877557614758	228
SIGLEC1	Pericyte_vascular_stabilizing	stable_program	0.0638976209806918	229
SPARC	Pericyte_vascular_stabilizing	stable_program	0.0636991396892117	230
CXCL12	Pericyte_vascular_stabilizing	stable_program	0.0630897488381676	231
PSEN1	Pericyte_vascular_stabilizing	stable_program	0.0626711856583121	232
FBLN1	Pericyte_vascular_stabilizing	stable_program	0.0625790192384247	233
OSM	Pericyte_vascular_stabilizing	stable_program	0.0624517605089345	234
NID1	Pericyte_vascular_stabilizing	stable_program	0.0603899081696556	235
SERPINE2	Pericyte_vascular_stabilizing	stable_program	0.0596814612266754	236
DLL1	Pericyte_vascular_stabilizing	stable_program	0.0584228750332362	237
RARRES1	Pericyte_vascular_stabilizing	stable_program	0.0575916310580243	238
IFITM1	Pericyte_vascular_stabilizing	stable_program	0.0569443942675116	239
VEGFA	Pericyte_vascular_stabilizing	stable_program	0.0564742087460741	240
PCSK9	Pericyte_vascular_stabilizing	stable_program	0.0560178337031231	241
WNT9A	Pericyte_vascular_stabilizing	stable_program	0.0559197714432286	242
APP	Pericyte_vascular_stabilizing	stable_program	0.055814353493246	243
BDNF	Pericyte_vascular_stabilizing	stable_program	0.0556913932439727	244
ADAM28	Pericyte_vascular_stabilizing	stable_program	0.0552875140156373	245
CCN4	Pericyte_vascular_stabilizing	stable_program	0.055208244185933	246
SEMA3C	Pericyte_vascular_stabilizing	stable_program	0.0548084944409183	247
ESAM	Pericyte_vascular_stabilizing	stable_program	0.0545895640536247	248
VSIG10	Pericyte_vascular_stabilizing	stable_program	0.0545863994400743	249
GAS6	Pericyte_vascular_stabilizing	stable_program	0.0542980826182166	250
WNT2	Pericyte_vascular_stabilizing	stable_program	0.0541342102562977	251
WNT7B	Pericyte_vascular_stabilizing	stable_program	0.0538294487960134	252
JAG2	Pericyte_vascular_stabilizing	stable_program	0.0529853240275631	253
CAMP	Pericyte_vascular_stabilizing	stable_program	0.0525053422128089	254
SEMA4C	Pericyte_vascular_stabilizing	stable_program	0.0522231851755294	255
LFNG	Pericyte_vascular_stabilizing	stable_program	0.0519202716943935	256
FGF7	Pericyte_vascular_stabilizing	stable_program	0.0515945933475028	257
ZNRF3	Pericyte_vascular_stabilizing	stable_program	0.0509527975414128	258
POSTN	Pericyte_vascular_stabilizing	stable_program	0.0490011549890633	259
LTBP3	Pericyte_vascular_stabilizing	stable_program	0.0487882113012111	260
NECTIN2	Pericyte_vascular_stabilizing	stable_program	0.0481909925402561	261
ANGPT1	Pericyte_vascular_stabilizing	stable_program	0.0478432466009647	262
MFNG	Pericyte_vascular_stabilizing	stable_program	0.0470036305100612	263
INHBA	Pericyte_vascular_stabilizing	stable_program	0.0467209682681964	264
CLCF1	Pericyte_vascular_stabilizing	stable_program	0.0466395792892742	265
CLDN1	Pericyte_vascular_stabilizing	stable_program	0.0461140360955934	266
FGF18	Pericyte_vascular_stabilizing	stable_program	0.0448956162276392	267
NECTIN3	Pericyte_vascular_stabilizing	stable_program	0.044731150431245	268
PDGFC	Pericyte_vascular_stabilizing	stable_program	0.0442661699931837	269
IGFBP4	Pericyte_vascular_stabilizing	stable_program	0.0437307451735185	270
PDGFA	Pericyte_vascular_stabilizing	stable_program	0.043585548733669	271
HGF	Pericyte_vascular_stabilizing	stable_program	0.0433458602648574	272
WIF1	Pericyte_vascular_stabilizing	stable_program	0.04193775013606	273
NRG1	Pericyte_vascular_stabilizing	stable_program	0.0413867267884734	274
LRIG2	Pericyte_vascular_stabilizing	stable_program	0.0412017731935236	275
BMP6	Pericyte_vascular_stabilizing	stable_program	0.0406907373711547	276
ANGPTL4	Pericyte_vascular_stabilizing	stable_program	0.0406005091354739	277
ANGPTL2	Pericyte_vascular_stabilizing	stable_program	0.0403500898307675	278
ANOS1	Pericyte_vascular_stabilizing	stable_program	0.0394731747744415	279
MIF	Pericyte_vascular_stabilizing	stable_program	0.0394390765654066	280
JAG1	Pericyte_vascular_stabilizing	stable_program	0.0389410306440792	281
CMTM8	Pericyte_vascular_stabilizing	stable_program	0.0385884763901494	282
TNFSF13	Pericyte_vascular_stabilizing	stable_program	0.0381515029661661	283
BMP2	Pericyte_vascular_stabilizing	stable_program	0.0367537966787321	284
MYOC	Pericyte_vascular_stabilizing	stable_program	0.0366394730963104	285
CALR	Pericyte_vascular_stabilizing	stable_program	0.0345389611365936	286
NGF	Pericyte_vascular_stabilizing	stable_program	0.0341697459225149	287
IL6	Pericyte_vascular_stabilizing	stable_program	0.0338132218843089	288
LIF	Pericyte_vascular_stabilizing	stable_program	0.0335634510769502	289
LAMA2	Pericyte_vascular_stabilizing	stable_program	0.0317936326517792	290
VEGFC	Pericyte_vascular_stabilizing	stable_program	0.0309244893781263	291
TGFB3	Pericyte_vascular_stabilizing	stable_program	0.0307968055130632	292
SCGB3A1	Pericyte_vascular_stabilizing	stable_program	0.0297441679156859	293
PDGFB	Pericyte_vascular_stabilizing	stable_program	0.029081061608733	294
CRTAM	Pericyte_vascular_stabilizing	stable_program	0.0280575828525167	295
CXCL8	Pericyte_vascular_stabilizing	stable_program	0.0279194811998652	296
CADM1	Pericyte_vascular_stabilizing	stable_program	0.0273566583356654	297
FURIN	Pericyte_vascular_stabilizing	stable_program	0.0265536339680937	298
SIGLEC6	Pericyte_vascular_stabilizing	stable_program	0.0261709308435106	299
ST6GAL1	Pericyte_vascular_stabilizing	stable_program	0.0251014366226492	300
CADM3	Pericyte_vascular_stabilizing	stable_program	0.0242243482398394	301
CCL28	Pericyte_vascular_stabilizing	stable_program	0.0226320385549387	302
IGF1	Pericyte_vascular_stabilizing	stable_program	0.0221353454969903	303
LTB	Pericyte_vascular_stabilizing	stable_program	0.0194842747916983	304
CSF2	Pericyte_vascular_stabilizing	stable_program	0.0191506472928855	305
CKLF	Pericyte_vascular_stabilizing	stable_program	0.0191367167313498	306
LTF	Pericyte_vascular_stabilizing	stable_program	0.0181171778111567	307
MMRN2	Pericyte_vascular_stabilizing	stable_program	0.0170640832240571	308
PDGFD	Pericyte_vascular_stabilizing	stable_program	0.0133509598899602	309
EPHA4	Pericyte_vascular_stabilizing	stable_program	0.0124958034591612	310
PLAU	Pericyte_vascular_stabilizing	stable_program	0.0117848786051129	311
TGFB2	Pericytes	whole	0.208170306721241	1
TGFB1	Pericytes	whole	0.2030569287902	2
CCN2	Pericytes	whole	0.158998327486667	3
TIMP2	Pericytes	whole	0.146083452147181	4
COPA	Pericytes	whole	0.13852941971183	5
VTN	Pericytes	whole	0.12887517289011	6
COL4A1	Pericytes	whole	0.121277247355698	7
COL1A1	Pericytes	whole	0.107306389764533	8
MMP14	Pericytes	whole	0.103919588314249	9
COL5A1	Pericytes	whole	0.103344551086895	10
AGT	Pericytes	whole	0.102744838353057	11
ENG	Pericytes	whole	0.102339758308924	12
SIRPB2	Pericytes	whole	0.100088913619808	13
VCAM1	Pericytes	whole	0.0989730367689061	14
FN1	Pericytes	whole	0.0956954831852978	15
RELN	Pericytes	whole	0.0951689614659528	16
NAMPT	Pericytes	whole	0.0950738842539528	17
THBS2	Pericytes	whole	0.0931076112478326	18
TGM2	Pericytes	whole	0.092948240344352	19
ICAM1	Pericytes	whole	0.0873564816898791	20
TNC	Pericytes	whole	0.0863933442655254	21
BMP4	Pericytes	whole	0.08533396195016	22
ANG	Pericytes	whole	0.0839745362064393	23
WNT3A	Pericytes	whole	0.0839172948439343	24
NTS	Pericytes	whole	0.0816279701361454	25
SEMA3F	Pericytes	whole	0.0794509652862885	26
DLL4	Pericytes	whole	0.0777105202694205	27
C4BPA	Pericytes	whole	0.0764189084552329	28
SHISA4	Pericytes	whole	0.0763690556211291	29
LGALS3BP	Pericytes	whole	0.0747588252367856	30
GGT1	Pericytes	whole	0.0743091328090485	31
C1QB	Pericytes	whole	0.0739647686741691	32
OCLN	Pericytes	whole	0.0732563409883554	33
LTBP1	Pericytes	whole	0.073168772314913	34
JAM3	Pericytes	whole	0.0716298117121812	35
EDN1	Pericytes	whole	0.0715255815907329	36
TIMP3	Pericytes	whole	0.0706530555650109	37
SEMA3A	Pericytes	whole	0.0704655567355334	38
PSAP	Pericytes	whole	0.0703579584653636	39
MMP9	Pericytes	whole	0.0697452544111374	40
ANXA1	Pericytes	whole	0.0692701373182946	41
TIMP1	Pericytes	whole	0.0685572309005836	42
MMP2	Pericytes	whole	0.0684925951937477	43
C3	Pericytes	whole	0.0681527713726105	44
COL1A2	Pericytes	whole	0.0679970887114916	45
FBN1	Pericytes	whole	0.0678045114154984	46
COL3A1	Pericytes	whole	0.0676191534595755	47
PLAT	Pericytes	whole	0.0675002827213952	48
LAMA3	Pericytes	whole	0.0674705608315087	49
VCAN	Pericytes	whole	0.0673884213806335	50
CALM3	Pericytes	whole	0.0672451357547388	51
DCN	Pericytes	whole	0.0672102140030701	52
COL10A1	Pericytes	whole	0.0671329398678508	53
CTSG	Pericytes	whole	0.0670758277676853	54
MMP7	Pericytes	whole	0.0670746808683973	55
BMP1	Pericytes	whole	0.0670220207024986	56
FGA	Pericytes	whole	0.0669438414003644	57
FCN1	Pericytes	whole	0.0668481788641164	58
PTPRK	Pericytes	whole	0.0658056828061612	59
COL5A3	Pericytes	whole	0.0655322254942965	60
FLRT2	Pericytes	whole	0.0652236736187425	61
NEGR1	Pericytes	whole	0.0652199535187805	62
LAMA5	Pericytes	whole	0.0647332040892507	63
CTSD	Pericytes	whole	0.0645953817295048	64
FST	Pericytes	whole	0.0643202282574419	65
CDCP1	Pericytes	whole	0.063811104351039	66
SELE	Pericytes	whole	0.0637202361578452	67
LAMC1	Pericytes	whole	0.0633538568033651	68
A2M	Pericytes	whole	0.0633037100649395	69
HDC	Pericytes	whole	0.0630251893694482	70
CXCL12	Pericytes	whole	0.0629886953274773	71
LUM	Pericytes	whole	0.0628758606497369	72
GRN	Pericytes	whole	0.0626605642283635	73
ITGB2	Pericytes	whole	0.0624755828398465	74
CD14	Pericytes	whole	0.0623406745866006	75
SERPING1	Pericytes	whole	0.0621643707842395	76
IL1B	Pericytes	whole	0.0619109371522095	77
VWF	Pericytes	whole	0.0618652031070882	78
FAM3C	Pericytes	whole	0.0616479023307426	79
FGG	Pericytes	whole	0.061500726757183	80
LAMB3	Pericytes	whole	0.0614592756526951	81
BMP5	Pericytes	whole	0.061287069604613	82
LGALS9	Pericytes	whole	0.061265763038598	83
TFPI	Pericytes	whole	0.0611551753843855	84
COL6A2	Pericytes	whole	0.0611514406571874	85
CCN1	Pericytes	whole	0.0611234502773197	86
CORIN	Pericytes	whole	0.0610992310329997	87
S100A4	Pericytes	whole	0.0610712177285981	88
TGFBI	Pericytes	whole	0.0609402543581274	89
PLA2G2A	Pericytes	whole	0.0609328308309646	90
SIGLEC7	Pericytes	whole	0.0605615810857819	91
LIN7C	Pericytes	whole	0.0603216052989669	92
SPARC	Pericytes	whole	0.0602347875480588	93
SIGLEC9	Pericytes	whole	0.0600998270753222	94
CP	Pericytes	whole	0.0596478974173336	95
GPC6	Pericytes	whole	0.059515379167645	96
BACE1	Pericytes	whole	0.0593857260064534	97
GNAS	Pericytes	whole	0.0593154689641262	98
IL1RN	Pericytes	whole	0.059291535302901	99
NRG3	Pericytes	whole	0.0591778079153749	100
NRP1	Pericytes	whole	0.0591720941224714	101
THBS1	Pericytes	whole	0.0591278234788892	102
COL14A1	Pericytes	whole	0.0590825676184907	103
COL6A6	Pericytes	whole	0.0590605180825311	104
PROS1	Pericytes	whole	0.0590384681125196	105
SLPI	Pericytes	whole	0.0589344663413165	106
COL27A1	Pericytes	whole	0.0588322970624378	107
SIRPA	Pericytes	whole	0.0585815332607473	108
GPC3	Pericytes	whole	0.058129784403669	109
COL21A1	Pericytes	whole	0.0580583309342215	110
ADAM15	Pericytes	whole	0.0580570734865958	111
BMP3	Pericytes	whole	0.0576270331099406	112
CDH1	Pericytes	whole	0.0575044478326747	113
IL1A	Pericytes	whole	0.057265742777395	114
HSPG2	Pericytes	whole	0.0571618713060939	115
ADAM9	Pericytes	whole	0.0570694776038269	116
SPP1	Pericytes	whole	0.0570637154830084	117
SEMA3G	Pericytes	whole	0.0570584654043593	118
IGFBP3	Pericytes	whole	0.0568364750376677	119
APOA1	Pericytes	whole	0.0568216280201765	120
COL24A1	Pericytes	whole	0.056811065936329	121
PECAM1	Pericytes	whole	0.0565986243163791	122
CLEC11A	Pericytes	whole	0.0564633814916989	123
NTN1	Pericytes	whole	0.0561653293688532	124
F8	Pericytes	whole	0.0561383385249727	125
NTM	Pericytes	whole	0.0561337240941807	126
COMP	Pericytes	whole	0.0559979173539227	127
COL18A1	Pericytes	whole	0.0559230710653012	128
RGMA	Pericytes	whole	0.0559013999891718	129
THY1	Pericytes	whole	0.0558751903802505	130
ICAM4	Pericytes	whole	0.0558528912373744	131
ANGPTL1	Pericytes	whole	0.0556534325264911	132
COL4A3	Pericytes	whole	0.0555815221600274	133
JAM2	Pericytes	whole	0.0555197710016778	134
SEMA3B	Pericytes	whole	0.0555189137803377	135
CD55	Pericytes	whole	0.0554275804033623	136
GDF10	Pericytes	whole	0.0554047486753429	137
BDNF	Pericytes	whole	0.0552522818571391	138
OSM	Pericytes	whole	0.0552432123304416	139
LAMC2	Pericytes	whole	0.0551630347594245	140
SERPINE1	Pericytes	whole	0.0551445611819284	141
EFEMP1	Pericytes	whole	0.0551432467288993	142
FGF14	Pericytes	whole	0.0550668896125711	143
VEGFD	Pericytes	whole	0.0550563465873243	144
KIRREL1	Pericytes	whole	0.055049846358455	145
AZGP1	Pericytes	whole	0.0549075029656568	146
SOSTDC1	Pericytes	whole	0.0548700962787714	147
RARRES1	Pericytes	whole	0.05477340718465	148
EREG	Pericytes	whole	0.054752341930909	149
LAMB1	Pericytes	whole	0.0547349663142517	150
PRG4	Pericytes	whole	0.0544922996034312	151
SEMA3D	Pericytes	whole	0.0544880861715026	152
NCAM1	Pericytes	whole	0.0544045182671043	153
HAS1	Pericytes	whole	0.0542495671039834	154
LRFN5	Pericytes	whole	0.0541497223346247	155
LRPAP1	Pericytes	whole	0.0540811195576143	156
COL4A4	Pericytes	whole	0.0537691180920635	157
COL13A1	Pericytes	whole	0.0537257597683801	158
COL12A1	Pericytes	whole	0.0536618689253399	159
SYT1	Pericytes	whole	0.0535877284897193	160
ADAM12	Pericytes	whole	0.053429499392106	161
ATP1B1	Pericytes	whole	0.0533434070694894	162
MCAM	Pericytes	whole	0.0533104183659679	163
CD99	Pericytes	whole	0.0532822455860248	164
CD320	Pericytes	whole	0.0531954740299376	165
SEMA3E	Pericytes	whole	0.0530083651592029	166
LIPH	Pericytes	whole	0.0529859156935667	167
CNTN6	Pericytes	whole	0.0528883555478525	168
LAMA4	Pericytes	whole	0.0527076476829295	169
LGALS3	Pericytes	whole	0.0526611866576706	170
C1QA	Pericytes	whole	0.0525025644283432	171
SEMA4D	Pericytes	whole	0.0524016326788432	172
SEMA4A	Pericytes	whole	0.0522831152498357	173
CALM1	Pericytes	whole	0.052047667322929	174
SIGLEC5	Pericytes	whole	0.0519841198451746	175
SLITRK6	Pericytes	whole	0.0517236296455495	176
NFASC	Pericytes	whole	0.0517092780616769	177
AGRN	Pericytes	whole	0.0516038079674511	178
CEACAM6	Pericytes	whole	0.0513904433065292	179
SLIT3	Pericytes	whole	0.0512129787591667	180
CD1B	Pericytes	whole	0.0509955689165223	181
IL16	Pericytes	whole	0.0508130188090554	182
LSAMP	Pericytes	whole	0.0507353487093647	183
COL4A5	Pericytes	whole	0.0505257785315392	184
HLA-DQB1	Pericytes	whole	0.0505174434836669	185
FGF2	Pericytes	whole	0.050422175413832	186
SEMA4B	Pericytes	whole	0.0503971906820951	187
NPNT	Pericytes	whole	0.0503883306233641	188
ADAM17	Pericytes	whole	0.0503164568605694	189
COL4A2	Pericytes	whole	0.0500754595908632	190
CEACAM1	Pericytes	whole	0.0499636322116696	191
COL6A1	Pericytes	whole	0.0499118020957253	192
TSPAN33	Pericytes	whole	0.0496571598605857	193
COL6A3	Pericytes	whole	0.0496312446974669	194
MFGE8	Pericytes	whole	0.0493703411397419	195
LGALS1	Pericytes	whole	0.049241808880373	196
COL15A1	Pericytes	whole	0.0490367985382476	197
VEGFA	Pericytes	whole	0.0490092028460803	198
COL8A2	Pericytes	whole	0.0486825386949676	199
NECTIN4	Pericytes	whole	0.0486771690892186	200
PLEKHO2	Pericytes	whole	0.0484917784069881	201
MDK	Pericytes	whole	0.0484356479833751	202
SDC2	Pericytes	whole	0.0483987799600402	203
DUSP18	Pericytes	whole	0.0477776510020133	204
LPL	Pericytes	whole	0.0477410591741126	205
HLA-DRB5	Pericytes	whole	0.0476824138960992	206
LRIG1	Pericytes	whole	0.0475752947482304	207
F13A1	Pericytes	whole	0.0475646201444154	208
COL8A1	Pericytes	whole	0.0475631788320374	209
APOE	Pericytes	whole	0.0474183732063925	210
IGF2	Pericytes	whole	0.0469742417813682	211
ANXA2	Pericytes	whole	0.0469438127696121	212
FLRT3	Pericytes	whole	0.0467613426550277	213
NRXN3	Pericytes	whole	0.0466144801183895	214
TSPAN3	Pericytes	whole	0.0465451126243575	215
LAMB2	Pericytes	whole	0.0465317535048915	216
CLDN1	Pericytes	whole	0.0457839407998419	217
HAS2	Pericytes	whole	0.0456509184759724	218
PGF	Pericytes	whole	0.0456197669413301	219
COL5A2	Pericytes	whole	0.0452583138251233	220
COL16A1	Pericytes	whole	0.0448943729877254	221
HSP90B1	Pericytes	whole	0.0446432489608175	222
MXRA5	Pericytes	whole	0.0444086685911077	223
CNTN4	Pericytes	whole	0.0443810435452543	224
ADAM10	Pericytes	whole	0.0443378373506434	225
HBEGF	Pericytes	whole	0.0441704647378184	226
SLIT2	Pericytes	whole	0.043511811486727	227
PSEN1	Pericytes	whole	0.0429769551333308	228
NID1	Pericytes	whole	0.0428336575416193	229
EDIL3	Pericytes	whole	0.0427041387276043	230
FGF7	Pericytes	whole	0.0425394363634908	231
RSPO3	Pericytes	whole	0.0420079745878284	232
CALM2	Pericytes	whole	0.0419875068629404	233
INHBA	Pericytes	whole	0.0416056787935229	234
PCSK9	Pericytes	whole	0.0413763562821638	235
FBLN1	Pericytes	whole	0.0411186719936423	236
PI16	Pericytes	whole	0.0409462435771493	237
PTPRC	Pericytes	whole	0.0399089136927081	238
SPON1	Pericytes	whole	0.0397589280092047	239
HGF	Pericytes	whole	0.0396026095167719	240
NRG1	Pericytes	whole	0.0390466378412216	241
SEMA3C	Pericytes	whole	0.0390277295924562	242
EFEMP2	Pericytes	whole	0.0388992111737065	243
SERPINE2	Pericytes	whole	0.0387923255857963	244
SIGLEC1	Pericytes	whole	0.0386614777502229	245
SPON2	Pericytes	whole	0.0385280959242631	246
PTN	Pericytes	whole	0.0380939681901569	247
ADAM28	Pericytes	whole	0.0378003003685151	248
BACE2	Pericytes	whole	0.0377798889267032	249
SEMA4C	Pericytes	whole	0.0377047971784814	250
JAG2	Pericytes	whole	0.0369908371776475	251
DLL1	Pericytes	whole	0.0361988028292954	252
IFITM1	Pericytes	whole	0.0360896047940984	253
AREG	Pericytes	whole	0.0359886975496109	254
VSIG10	Pericytes	whole	0.0359042951466671	255
GAS6	Pericytes	whole	0.0356953146284991	256
ANGPT2	Pericytes	whole	0.0353190343029008	257
LFNG	Pericytes	whole	0.0346071703460461	258
CCN4	Pericytes	whole	0.0335879460776413	259
FGF18	Pericytes	whole	0.0332801972582867	260
PAM	Pericytes	whole	0.0326552080134071	261
MFNG	Pericytes	whole	0.0326423255282478	262
WIF1	Pericytes	whole	0.0323456802976959	263
PLTP	Pericytes	whole	0.0320211711379933	264
NECTIN3	Pericytes	whole	0.0317279566620855	265
ANGPTL4	Pericytes	whole	0.0315306582498914	266
ESAM	Pericytes	whole	0.0306247263218139	267
TNFSF14	Pericytes	whole	0.0305944731316443	268
CX3CL1	Pericytes	whole	0.0304787027673391	269
ZNRF3	Pericytes	whole	0.0304593078182209	270
PDGFC	Pericytes	whole	0.0302921239371262	271
BMP6	Pericytes	whole	0.0302655186955619	272
PTPRM	Pericytes	whole	0.0297954694934714	273
NECTIN2	Pericytes	whole	0.0294538043931514	274
WNT5A	Pericytes	whole	0.029431628878416	275
ANGPTL2	Pericytes	whole	0.0292180545251642	276
MYOC	Pericytes	whole	0.0285326285545204	277
CLCF1	Pericytes	whole	0.0284728127513599	278
LAMA2	Pericytes	whole	0.0281535298148544	279
POSTN	Pericytes	whole	0.0277580782605005	280
IL6	Pericytes	whole	0.0275893898512452	281
PDGFA	Pericytes	whole	0.0274718909924507	282
TNFSF13	Pericytes	whole	0.0273944774509681	283
ANGPT1	Pericytes	whole	0.0270677034762267	284
BMP2	Pericytes	whole	0.0269273738747071	285
VEGFC	Pericytes	whole	0.0261569623113085	286
CALR	Pericytes	whole	0.0251656216688462	287
WNT9A	Pericytes	whole	0.0244226054351456	288
MIF	Pericytes	whole	0.0243371674038612	289
IGFBP4	Pericytes	whole	0.0242629384516491	290
LRIG2	Pericytes	whole	0.023968401762873	291
LIF	Pericytes	whole	0.0238722135210544	292
LTBP3	Pericytes	whole	0.0238132430152794	293
APP	Pericytes	whole	0.0235831713311804	294
TGFB3	Pericytes	whole	0.0230989851695325	295
NGF	Pericytes	whole	0.0230930536398706	296
ANOS1	Pericytes	whole	0.0226185333765099	297
WNT2	Pericytes	whole	0.0225518432756764	298
JAG1	Pericytes	whole	0.0223954540760611	299
WNT7B	Pericytes	whole	0.0222558159293145	300
SCGB3A1	Pericytes	whole	0.0222382494300523	301
CMTM8	Pericytes	whole	0.0215029662003992	302
CRTAM	Pericytes	whole	0.0206259627311005	303
FURIN	Pericytes	whole	0.0205345838688103	304
CADM1	Pericytes	whole	0.0202413410780222	305
ST6GAL1	Pericytes	whole	0.0197931459595693	306
WNT2B	Pericytes	whole	0.0185585777567291	307
SIGLEC6	Pericytes	whole	0.0184277559516543	308
LTB	Pericytes	whole	0.0181731926974044	309
IGF1	Pericytes	whole	0.0178345285795184	310
CAMP	Pericytes	whole	0.0173440819284712	311
CADM3	Pericytes	whole	0.0172037502847131	312
PDGFB	Pericytes	whole	0.0166585764081147	313
CXCL8	Pericytes	whole	0.015153012799526	314
CSF2	Pericytes	whole	0.0151336748733045	315
LTF	Pericytes	whole	0.0144586962925209	316
MMRN2	Pericytes	whole	0.0140581829395079	317
CKLF	Pericytes	whole	0.0103032753044016	318
PLAU	Pericytes	whole	0.00988046207905562	319
PDGFD	Pericytes	whole	0.00899436730813013	320
EPHA4	Pericytes	whole	0.00864100266914595	321
