,sum_sq,df,F,PR(>F)
C(leiden_pericytes),1089.3693295354685,4.0,319.388104516111,1.292011102525447e-252
C(donor_id),6252.62350096414,372.0,19.711647457183265,2.588468125374476e-119
C(sex),0.18716800751925883,2.0,0.10975017108866926,0.7404387530112876
C(disease),289.0422658425697,15.0,22.598191182015643,1.4368299878747544e-18
C(self_reported_ethnicity),43.948001703842195,4.0,12.88494965013054,2.597228508719023e-06
age_or_mean_of_age_range,0.4477320369919969,1.0,0.5250755010221914,0.46870906074316376
Residual,5912.623876868514,6934.0,,
