CC=  which cc: /usr/bin/cc
installing fdrtool
trying URL 'https://cloud.r-project.org/src/contrib/fdrtool_1.2.18.tar.gz'
Content type 'application/x-gzip' length 60023 bytes (58 KB)
==================================================
downloaded 58 KB

* installing *source* package 'fdrtool' ...
** package 'fdrtool' successfully unpacked and MD5 sums checked
** using staged installation
** libs
using C compiler: 'x86_64-conda-linux-gnu-cc (Anaconda gcc) 11.2.0'
x86_64-conda-linux-gnu-cc -I"/ocean/projects/bio250020p/shared/opt/env/R_env/lib/R/include" -DNDEBUG   -DNDEBUG -D_FORTIFY_SOURCE=2 -O2 -isystem /ocean/projects/bio250020p/shared/opt/env/R_env/include -I/ocean/projects/bio250020p/shared/opt/env/R_env/include -Wl,-rpath-link,/ocean/projects/bio250020p/shared/opt/env/R_env/lib    -fpic  -march=nocona -mtune=haswell -ftree-vectorize -fPIC -fstack-protector-strong -fno-plt -O2 -ffunction-sections -pipe -isystem /ocean/projects/bio250020p/shared/opt/env/R_env/include -fdebug-prefix-map=/home/conda/feedstock_root/build_artifacts/r-base-split_1740766681150/work=/usr/local/src/conda/r-base-4.4.3 -fdebug-prefix-map=/ocean/projects/bio250020p/shared/opt/env/R_env=/usr/local/src/conda-prefix  -c fdrtool_init.c -o fdrtool_init.o
x86_64-conda-linux-gnu-cc -I"/ocean/projects/bio250020p/shared/opt/env/R_env/lib/R/include" -DNDEBUG   -DNDEBUG -D_FORTIFY_SOURCE=2 -O2 -isystem /ocean/projects/bio250020p/shared/opt/env/R_env/include -I/ocean/projects/bio250020p/shared/opt/env/R_env/include -Wl,-rpath-link,/ocean/projects/bio250020p/shared/opt/env/R_env/lib    -fpic  -march=nocona -mtune=haswell -ftree-vectorize -fPIC -fstack-protector-strong -fno-plt -O2 -ffunction-sections -pipe -isystem /ocean/projects/bio250020p/shared/opt/env/R_env/include -fdebug-prefix-map=/home/conda/feedstock_root/build_artifacts/r-base-split_1740766681150/work=/usr/local/src/conda/r-base-4.4.3 -fdebug-prefix-map=/ocean/projects/bio250020p/shared/opt/env/R_env=/usr/local/src/conda-prefix  -c isomean.c -o isomean.o
x86_64-conda-linux-gnu-cc -shared -L/ocean/projects/bio250020p/shared/opt/env/R_env/lib/R/lib -Wl,-O2 -Wl,--sort-common -Wl,--as-needed -Wl,-z,relro -Wl,-z,now -Wl,--disable-new-dtags -Wl,--gc-sections -Wl,--allow-shlib-undefined -Wl,-rpath,/ocean/projects/bio250020p/shared/opt/env/R_env/lib -Wl,-rpath-link,/ocean/projects/bio250020p/shared/opt/env/R_env/lib -L/ocean/projects/bio250020p/shared/opt/env/R_env/lib -o fdrtool.so fdrtool_init.o isomean.o -L/ocean/projects/bio250020p/shared/opt/env/R_env/lib/R/lib -lR
installing to /ocean/projects/bio260021p/kbenjamin/projects/angiotensinII_lung/.Rlib/00LOCK-fdrtool/00new/fdrtool/libs
** R
** data
** byte-compile and prepare package for lazy loading
** help
*** installing help indices
** building package indices
** testing if installed package can be loaded from temporary location
** checking absolute paths in shared objects and dynamic libraries
** testing if installed package can be loaded from final location
** testing if installed package keeps a record of temporary installation path
* DONE (fdrtool)

The downloaded source packages are in
	'/tmp/RtmpsgLu5K/downloaded_packages'
installing parallelMap
also installing the dependency 'BBmisc'

trying URL 'https://cloud.r-project.org/src/contrib/BBmisc_1.13.1.tar.gz'
Content type 'application/x-gzip' length 88087 bytes (86 KB)
==================================================
downloaded 86 KB

trying URL 'https://cloud.r-project.org/src/contrib/parallelMap_1.5.1.tar.gz'
Content type 'application/x-gzip' length 29651 bytes (28 KB)
==================================================
downloaded 28 KB

* installing *source* package 'BBmisc' ...
** package 'BBmisc' successfully unpacked and MD5 sums checked
** using staged installation
** libs
using C compiler: 'x86_64-conda-linux-gnu-cc (Anaconda gcc) 11.2.0'
x86_64-conda-linux-gnu-cc -I"/ocean/projects/bio250020p/shared/opt/env/R_env/lib/R/include" -DNDEBUG   -DNDEBUG -D_FORTIFY_SOURCE=2 -O2 -isystem /ocean/projects/bio250020p/shared/opt/env/R_env/include -I/ocean/projects/bio250020p/shared/opt/env/R_env/include -Wl,-rpath-link,/ocean/projects/bio250020p/shared/opt/env/R_env/lib    -fpic  -march=nocona -mtune=haswell -ftree-vectorize -fPIC -fstack-protector-strong -fno-plt -O2 -ffunction-sections -pipe -isystem /ocean/projects/bio250020p/shared/opt/env/R_env/include -fdebug-prefix-map=/home/conda/feedstock_root/build_artifacts/r-base-split_1740766681150/work=/usr/local/src/conda/r-base-4.4.3 -fdebug-prefix-map=/ocean/projects/bio250020p/shared/opt/env/R_env=/usr/local/src/conda-prefix  -c getMaxColRowIndex.c -o getMaxColRowIndex.o
x86_64-conda-linux-gnu-cc -I"/ocean/projects/bio250020p/shared/opt/env/R_env/lib/R/include" -DNDEBUG   -DNDEBUG -D_FORTIFY_SOURCE=2 -O2 -isystem /ocean/projects/bio250020p/shared/opt/env/R_env/include -I/ocean/projects/bio250020p/shared/opt/env/R_env/include -Wl,-rpath-link,/ocean/projects/bio250020p/shared/opt/env/R_env/lib    -fpic  -march=nocona -mtune=haswell -ftree-vectorize -fPIC -fstack-protector-strong -fno-plt -O2 -ffunction-sections -pipe -isystem /ocean/projects/bio250020p/shared/opt/env/R_env/include -fdebug-prefix-map=/home/conda/feedstock_root/build_artifacts/r-base-split_1740766681150/work=/usr/local/src/conda/r-base-4.4.3 -fdebug-prefix-map=/ocean/projects/bio250020p/shared/opt/env/R_env=/usr/local/src/conda-prefix  -c getMaxIndex.c -o getMaxIndex.o
x86_64-conda-linux-gnu-cc -I"/ocean/projects/bio250020p/shared/opt/env/R_env/lib/R/include" -DNDEBUG   -DNDEBUG -D_FORTIFY_SOURCE=2 -O2 -isystem /ocean/projects/bio250020p/shared/opt/env/R_env/include -I/ocean/projects/bio250020p/shared/opt/env/R_env/include -Wl,-rpath-link,/ocean/projects/bio250020p/shared/opt/env/R_env/lib    -fpic  -march=nocona -mtune=haswell -ftree-vectorize -fPIC -fstack-protector-strong -fno-plt -O2 -ffunction-sections -pipe -isystem /ocean/projects/bio250020p/shared/opt/env/R_env/include -fdebug-prefix-map=/home/conda/feedstock_root/build_artifacts/r-base-split_1740766681150/work=/usr/local/src/conda/r-base-4.4.3 -fdebug-prefix-map=/ocean/projects/bio250020p/shared/opt/env/R_env=/usr/local/src/conda-prefix  -c init.c -o init.o
x86_64-conda-linux-gnu-cc -I"/ocean/projects/bio250020p/shared/opt/env/R_env/lib/R/include" -DNDEBUG   -DNDEBUG -D_FORTIFY_SOURCE=2 -O2 -isystem /ocean/projects/bio250020p/shared/opt/env/R_env/include -I/ocean/projects/bio250020p/shared/opt/env/R_env/include -Wl,-rpath-link,/ocean/projects/bio250020p/shared/opt/env/R_env/lib    -fpic  -march=nocona -mtune=haswell -ftree-vectorize -fPIC -fstack-protector-strong -fno-plt -O2 -ffunction-sections -pipe -isystem /ocean/projects/bio250020p/shared/opt/env/R_env/include -fdebug-prefix-map=/home/conda/feedstock_root/build_artifacts/r-base-split_1740766681150/work=/usr/local/src/conda/r-base-4.4.3 -fdebug-prefix-map=/ocean/projects/bio250020p/shared/opt/env/R_env=/usr/local/src/conda-prefix  -c itostr.c -o itostr.o
x86_64-conda-linux-gnu-cc -shared -L/ocean/projects/bio250020p/shared/opt/env/R_env/lib/R/lib -Wl,-O2 -Wl,--sort-common -Wl,--as-needed -Wl,-z,relro -Wl,-z,now -Wl,--disable-new-dtags -Wl,--gc-sections -Wl,--allow-shlib-undefined -Wl,-rpath,/ocean/projects/bio250020p/shared/opt/env/R_env/lib -Wl,-rpath-link,/ocean/projects/bio250020p/shared/opt/env/R_env/lib -L/ocean/projects/bio250020p/shared/opt/env/R_env/lib -o BBmisc.so getMaxColRowIndex.o getMaxIndex.o init.o itostr.o -L/ocean/projects/bio250020p/shared/opt/env/R_env/lib/R/lib -lR
installing to /ocean/projects/bio260021p/kbenjamin/projects/angiotensinII_lung/.Rlib/00LOCK-BBmisc/00new/BBmisc/libs
** R
** byte-compile and prepare package for lazy loading
** help
*** installing help indices
** building package indices
** testing if installed package can be loaded from temporary location
** checking absolute paths in shared objects and dynamic libraries
** testing if installed package can be loaded from final location
** testing if installed package keeps a record of temporary installation path
* DONE (BBmisc)
* installing *source* package 'parallelMap' ...
** package 'parallelMap' successfully unpacked and MD5 sums checked
** using staged installation
** R
** inst
** byte-compile and prepare package for lazy loading
** help
*** installing help indices
** building package indices
** testing if installed package can be loaded from temporary location
** testing if installed package can be loaded from final location
** testing if installed package keeps a record of temporary installation path
* DONE (parallelMap)

The downloaded source packages are in
	'/tmp/RtmpsgLu5K/downloaded_packages'
installing emoa
trying URL 'https://cloud.r-project.org/src/contrib/emoa_0.5-3.tar.gz'
Content type 'application/x-gzip' length 94035 bytes (91 KB)
==================================================
downloaded 91 KB

* installing *source* package 'emoa' ...
** package 'emoa' successfully unpacked and MD5 sums checked
** using staged installation
** libs
using C compiler: 'x86_64-conda-linux-gnu-cc (Anaconda gcc) 11.2.0'
x86_64-conda-linux-gnu-cc -I"/ocean/projects/bio250020p/shared/opt/env/R_env/lib/R/include" -DNDEBUG   -DNDEBUG -D_FORTIFY_SOURCE=2 -O2 -isystem /ocean/projects/bio250020p/shared/opt/env/R_env/include -I/ocean/projects/bio250020p/shared/opt/env/R_env/include -Wl,-rpath-link,/ocean/projects/bio250020p/shared/opt/env/R_env/lib    -fpic  -march=nocona -mtune=haswell -ftree-vectorize -fPIC -fstack-protector-strong -fno-plt -O2 -ffunction-sections -pipe -isystem /ocean/projects/bio250020p/shared/opt/env/R_env/include -fdebug-prefix-map=/home/conda/feedstock_root/build_artifacts/r-base-split_1740766681150/work=/usr/local/src/conda/r-base-4.4.3 -fdebug-prefix-map=/ocean/projects/bio250020p/shared/opt/env/R_env=/usr/local/src/conda-prefix  -c avl.c -o avl.o
x86_64-conda-linux-gnu-cc -I"/ocean/projects/bio250020p/shared/opt/env/R_env/lib/R/include" -DNDEBUG   -DNDEBUG -D_FORTIFY_SOURCE=2 -O2 -isystem /ocean/projects/bio250020p/shared/opt/env/R_env/include -I/ocean/projects/bio250020p/shared/opt/env/R_env/include -Wl,-rpath-link,/ocean/projects/bio250020p/shared/opt/env/R_env/lib    -fpic  -march=nocona -mtune=haswell -ftree-vectorize -fPIC -fstack-protector-strong -fno-plt -O2 -ffunction-sections -pipe -isystem /ocean/projects/bio250020p/shared/opt/env/R_env/include -fdebug-prefix-map=/home/conda/feedstock_root/build_artifacts/r-base-split_1740766681150/work=/usr/local/src/conda/r-base-4.4.3 -fdebug-prefix-map=/ocean/projects/bio250020p/shared/opt/env/R_env=/usr/local/src/conda-prefix  -c cec2009.c -o cec2009.o
x86_64-conda-linux-gnu-cc -I"/ocean/projects/bio250020p/shared/opt/env/R_env/lib/R/include" -DNDEBUG   -DNDEBUG -D_FORTIFY_SOURCE=2 -O2 -isystem /ocean/projects/bio250020p/shared/opt/env/R_env/include -I/ocean/projects/bio250020p/shared/opt/env/R_env/include -Wl,-rpath-link,/ocean/projects/bio250020p/shared/opt/env/R_env/lib    -fpic  -march=nocona -mtune=haswell -ftree-vectorize -fPIC -fstack-protector-strong -fno-plt -O2 -ffunction-sections -pipe -isystem /ocean/projects/bio250020p/shared/opt/env/R_env/include -fdebug-prefix-map=/home/conda/feedstock_root/build_artifacts/r-base-split_1740766681150/work=/usr/local/src/conda/r-base-4.4.3 -fdebug-prefix-map=/ocean/projects/bio250020p/shared/opt/env/R_env=/usr/local/src/conda-prefix  -c crowding_distance.c -o crowding_distance.o
x86_64-conda-linux-gnu-cc -I"/ocean/projects/bio250020p/shared/opt/env/R_env/lib/R/include" -DNDEBUG   -DNDEBUG -D_FORTIFY_SOURCE=2 -O2 -isystem /ocean/projects/bio250020p/shared/opt/env/R_env/include -I/ocean/projects/bio250020p/shared/opt/env/R_env/include -Wl,-rpath-link,/ocean/projects/bio250020p/shared/opt/env/R_env/lib    -fpic  -march=nocona -mtune=haswell -ftree-vectorize -fPIC -fstack-protector-strong -fno-plt -O2 -ffunction-sections -pipe -isystem /ocean/projects/bio250020p/shared/opt/env/R_env/include -fdebug-prefix-map=/home/conda/feedstock_root/build_artifacts/r-base-split_1740766681150/work=/usr/local/src/conda/r-base-4.4.3 -fdebug-prefix-map=/ocean/projects/bio250020p/shared/opt/env/R_env=/usr/local/src/conda-prefix  -c dominance.c -o dominance.o
x86_64-conda-linux-gnu-cc -I"/ocean/projects/bio250020p/shared/opt/env/R_env/lib/R/include" -DNDEBUG   -DNDEBUG -D_FORTIFY_SOURCE=2 -O2 -isystem /ocean/projects/bio250020p/shared/opt/env/R_env/include -I/ocean/projects/bio250020p/shared/opt/env/R_env/include -Wl,-rpath-link,/ocean/projects/bio250020p/shared/opt/env/R_env/lib    -fpic  -march=nocona -mtune=haswell -ftree-vectorize -fPIC -fstack-protector-strong -fno-plt -O2 -ffunction-sections -pipe -isystem /ocean/projects/bio250020p/shared/opt/env/R_env/include -fdebug-prefix-map=/home/conda/feedstock_root/build_artifacts/r-base-split_1740766681150/work=/usr/local/src/conda/r-base-4.4.3 -fdebug-prefix-map=/ocean/projects/bio250020p/shared/opt/env/R_env=/usr/local/src/conda-prefix  -c emoa.c -o emoa.o
x86_64-conda-linux-gnu-cc -I"/ocean/projects/bio250020p/shared/opt/env/R_env/lib/R/include" -DNDEBUG   -DNDEBUG -D_FORTIFY_SOURCE=2 -O2 -isystem /ocean/projects/bio250020p/shared/opt/env/R_env/include -I/ocean/projects/bio250020p/shared/opt/env/R_env/include -Wl,-rpath-link,/ocean/projects/bio250020p/shared/opt/env/R_env/lib    -fpic  -march=nocona -mtune=haswell -ftree-vectorize -fPIC -fstack-protector-strong -fno-plt -O2 -ffunction-sections -pipe -isystem /ocean/projects/bio250020p/shared/opt/env/R_env/include -fdebug-prefix-map=/home/conda/feedstock_root/build_artifacts/r-base-split_1740766681150/work=/usr/local/src/conda/r-base-4.4.3 -fdebug-prefix-map=/ocean/projects/bio250020p/shared/opt/env/R_env=/usr/local/src/conda-prefix  -c eps_ind.c -o eps_ind.o
x86_64-conda-linux-gnu-cc -I"/ocean/projects/bio250020p/shared/opt/env/R_env/lib/R/include" -DNDEBUG   -DNDEBUG -D_FORTIFY_SOURCE=2 -O2 -isystem /ocean/projects/bio250020p/shared/opt/env/R_env/include -I/ocean/projects/bio250020p/shared/opt/env/R_env/include -Wl,-rpath-link,/ocean/projects/bio250020p/shared/opt/env/R_env/lib    -fpic  -march=nocona -mtune=haswell -ftree-vectorize -fPIC -fstack-protector-strong -fno-plt -O2 -ffunction-sections -pipe -isystem /ocean/projects/bio250020p/shared/opt/env/R_env/include -fdebug-prefix-map=/home/conda/feedstock_root/build_artifacts/r-base-split_1740766681150/work=/usr/local/src/conda/r-base-4.4.3 -fdebug-prefix-map=/ocean/projects/bio250020p/shared/opt/env/R_env=/usr/local/src/conda-prefix  -c front_edge.c -o front_edge.o
x86_64-conda-linux-gnu-cc -I"/ocean/projects/bio250020p/shared/opt/env/R_env/lib/R/include" -DNDEBUG   -DNDEBUG -D_FORTIFY_SOURCE=2 -O2 -isystem /ocean/projects/bio250020p/shared/opt/env/R_env/include -I/ocean/projects/bio250020p/shared/opt/env/R_env/include -Wl,-rpath-link,/ocean/projects/bio250020p/shared/opt/env/R_env/lib    -fpic  -march=nocona -mtune=haswell -ftree-vectorize -fPIC -fstack-protector-strong -fno-plt -O2 -ffunction-sections -pipe -isystem /ocean/projects/bio250020p/shared/opt/env/R_env/include -fdebug-prefix-map=/home/conda/feedstock_root/build_artifacts/r-base-split_1740766681150/work=/usr/local/src/conda/r-base-4.4.3 -fdebug-prefix-map=/ocean/projects/bio250020p/shared/opt/env/R_env=/usr/local/src/conda-prefix  -c hv.c -o hv.o
x86_64-conda-linux-gnu-cc -I"/ocean/projects/bio250020p/shared/opt/env/R_env/lib/R/include" -DNDEBUG   -DNDEBUG -D_FORTIFY_SOURCE=2 -O2 -isystem /ocean/projects/bio250020p/shared/opt/env/R_env/include -I/ocean/projects/bio250020p/shared/opt/env/R_env/include -Wl,-rpath-link,/ocean/projects/bio250020p/shared/opt/env/R_env/lib    -fpic  -march=nocona -mtune=haswell -ftree-vectorize -fPIC -fstack-protector-strong -fno-plt -O2 -ffunction-sections -pipe -isystem /ocean/projects/bio250020p/shared/opt/env/R_env/include -fdebug-prefix-map=/home/conda/feedstock_root/build_artifacts/r-base-split_1740766681150/work=/usr/local/src/conda/r-base-4.4.3 -fdebug-prefix-map=/ocean/projects/bio250020p/shared/opt/env/R_env=/usr/local/src/conda-prefix  -c hypervolume.c -o hypervolume.o
x86_64-conda-linux-gnu-cc -I"/ocean/projects/bio250020p/shared/opt/env/R_env/lib/R/include" -DNDEBUG   -DNDEBUG -D_FORTIFY_SOURCE=2 -O2 -isystem /ocean/projects/bio250020p/shared/opt/env/R_env/include -I/ocean/projects/bio250020p/shared/opt/env/R_env/include -Wl,-rpath-link,/ocean/projects/bio250020p/shared/opt/env/R_env/lib    -fpic  -march=nocona -mtune=haswell -ftree-vectorize -fPIC -fstack-protector-strong -fno-plt -O2 -ffunction-sections -pipe -isystem /ocean/projects/bio250020p/shared/opt/env/R_env/include -fdebug-prefix-map=/home/conda/feedstock_root/build_artifacts/r-base-split_1740766681150/work=/usr/local/src/conda/r-base-4.4.3 -fdebug-prefix-map=/ocean/projects/bio250020p/shared/opt/env/R_env=/usr/local/src/conda-prefix  -c poly_mutation.c -o poly_mutation.o
x86_64-conda-linux-gnu-cc -I"/ocean/projects/bio250020p/shared/opt/env/R_env/lib/R/include" -DNDEBUG   -DNDEBUG -D_FORTIFY_SOURCE=2 -O2 -isystem /ocean/projects/bio250020p/shared/opt/env/R_env/include -I/ocean/projects/bio250020p/shared/opt/env/R_env/include -Wl,-rpath-link,/ocean/projects/bio250020p/shared/opt/env/R_env/lib    -fpic  -march=nocona -mtune=haswell -ftree-vectorize -fPIC -fstack-protector-strong -fno-plt -O2 -ffunction-sections -pipe -isystem /ocean/projects/bio250020p/shared/opt/env/R_env/include -fdebug-prefix-map=/home/conda/feedstock_root/build_artifacts/r-base-split_1740766681150/work=/usr/local/src/conda/r-base-4.4.3 -fdebug-prefix-map=/ocean/projects/bio250020p/shared/opt/env/R_env=/usr/local/src/conda-prefix  -c r_ind.c -o r_ind.o
x86_64-conda-linux-gnu-cc -I"/ocean/projects/bio250020p/shared/opt/env/R_env/lib/R/include" -DNDEBUG   -DNDEBUG -D_FORTIFY_SOURCE=2 -O2 -isystem /ocean/projects/bio250020p/shared/opt/env/R_env/include -I/ocean/projects/bio250020p/shared/opt/env/R_env/include -Wl,-rpath-link,/ocean/projects/bio250020p/shared/opt/env/R_env/lib    -fpic  -march=nocona -mtune=haswell -ftree-vectorize -fPIC -fstack-protector-strong -fno-plt -O2 -ffunction-sections -pipe -isystem /ocean/projects/bio250020p/shared/opt/env/R_env/include -fdebug-prefix-map=/home/conda/feedstock_root/build_artifacts/r-base-split_1740766681150/work=/usr/local/src/conda/r-base-4.4.3 -fdebug-prefix-map=/ocean/projects/bio250020p/shared/opt/env/R_env=/usr/local/src/conda-prefix  -c sb_crossover.c -o sb_crossover.o
x86_64-conda-linux-gnu-cc -I"/ocean/projects/bio250020p/shared/opt/env/R_env/lib/R/include" -DNDEBUG   -DNDEBUG -D_FORTIFY_SOURCE=2 -O2 -isystem /ocean/projects/bio250020p/shared/opt/env/R_env/include -I/ocean/projects/bio250020p/shared/opt/env/R_env/include -Wl,-rpath-link,/ocean/projects/bio250020p/shared/opt/env/R_env/lib    -fpic  -march=nocona -mtune=haswell -ftree-vectorize -fPIC -fstack-protector-strong -fno-plt -O2 -ffunction-sections -pipe -isystem /ocean/projects/bio250020p/shared/opt/env/R_env/include -fdebug-prefix-map=/home/conda/feedstock_root/build_artifacts/r-base-split_1740766681150/work=/usr/local/src/conda/r-base-4.4.3 -fdebug-prefix-map=/ocean/projects/bio250020p/shared/opt/env/R_env=/usr/local/src/conda-prefix  -c sympart.c -o sympart.o
x86_64-conda-linux-gnu-cc -I"/ocean/projects/bio250020p/shared/opt/env/R_env/lib/R/include" -DNDEBUG   -DNDEBUG -D_FORTIFY_SOURCE=2 -O2 -isystem /ocean/projects/bio250020p/shared/opt/env/R_env/include -I/ocean/projects/bio250020p/shared/opt/env/R_env/include -Wl,-rpath-link,/ocean/projects/bio250020p/shared/opt/env/R_env/lib    -fpic  -march=nocona -mtune=haswell -ftree-vectorize -fPIC -fstack-protector-strong -fno-plt -O2 -ffunction-sections -pipe -isystem /ocean/projects/bio250020p/shared/opt/env/R_env/include -fdebug-prefix-map=/home/conda/feedstock_root/build_artifacts/r-base-split_1740766681150/work=/usr/local/src/conda/r-base-4.4.3 -fdebug-prefix-map=/ocean/projects/bio250020p/shared/opt/env/R_env=/usr/local/src/conda-prefix  -c utilities.c -o utilities.o
x86_64-conda-linux-gnu-cc -shared -L/ocean/projects/bio250020p/shared/opt/env/R_env/lib/R/lib -Wl,-O2 -Wl,--sort-common -Wl,--as-needed -Wl,-z,relro -Wl,-z,now -Wl,--disable-new-dtags -Wl,--gc-sections -Wl,--allow-shlib-undefined -Wl,-rpath,/ocean/projects/bio250020p/shared/opt/env/R_env/lib -Wl,-rpath-link,/ocean/projects/bio250020p/shared/opt/env/R_env/lib -L/ocean/projects/bio250020p/shared/opt/env/R_env/lib -o emoa.so avl.o cec2009.o crowding_distance.o dominance.o emoa.o eps_ind.o front_edge.o hv.o hypervolume.o poly_mutation.o r_ind.o sb_crossover.o sympart.o utilities.o -L/ocean/projects/bio250020p/shared/opt/env/R_env/lib/R/lib -lR
installing to /ocean/projects/bio260021p/kbenjamin/projects/angiotensinII_lung/.Rlib/00LOCK-emoa/00new/emoa/libs
** R
** data
*** moving datasets to lazyload DB
** byte-compile and prepare package for lazy loading
** help
*** installing help indices
** building package indices
** testing if installed package can be loaded from temporary location
** checking absolute paths in shared objects and dynamic libraries
** testing if installed package can be loaded from final location
** testing if installed package keeps a record of temporary installation path
* DONE (emoa)

The downloaded source packages are in
	'/tmp/RtmpsgLu5K/downloaded_packages'
installing DiceKriging
trying URL 'https://cloud.r-project.org/src/contrib/DiceKriging_1.6.1.tar.gz'
Content type 'application/x-gzip' length 109173 bytes (106 KB)
==================================================
downloaded 106 KB

* installing *source* package 'DiceKriging' ...
** package 'DiceKriging' successfully unpacked and MD5 sums checked
** using staged installation
** libs
using C compiler: 'x86_64-conda-linux-gnu-cc (Anaconda gcc) 11.2.0'
x86_64-conda-linux-gnu-cc -I"/ocean/projects/bio250020p/shared/opt/env/R_env/lib/R/include" -DNDEBUG   -DNDEBUG -D_FORTIFY_SOURCE=2 -O2 -isystem /ocean/projects/bio250020p/shared/opt/env/R_env/include -I/ocean/projects/bio250020p/shared/opt/env/R_env/include -Wl,-rpath-link,/ocean/projects/bio250020p/shared/opt/env/R_env/lib    -fpic  -march=nocona -mtune=haswell -ftree-vectorize -fPIC -fstack-protector-strong -fno-plt -O2 -ffunction-sections -pipe -isystem /ocean/projects/bio250020p/shared/opt/env/R_env/include -fdebug-prefix-map=/home/conda/feedstock_root/build_artifacts/r-base-split_1740766681150/work=/usr/local/src/conda/r-base-4.4.3 -fdebug-prefix-map=/ocean/projects/bio250020p/shared/opt/env/R_env=/usr/local/src/conda-prefix  -c CovFuns.c -o CovFuns.o
x86_64-conda-linux-gnu-cc -I"/ocean/projects/bio250020p/shared/opt/env/R_env/lib/R/include" -DNDEBUG   -DNDEBUG -D_FORTIFY_SOURCE=2 -O2 -isystem /ocean/projects/bio250020p/shared/opt/env/R_env/include -I/ocean/projects/bio250020p/shared/opt/env/R_env/include -Wl,-rpath-link,/ocean/projects/bio250020p/shared/opt/env/R_env/lib    -fpic  -march=nocona -mtune=haswell -ftree-vectorize -fPIC -fstack-protector-strong -fno-plt -O2 -ffunction-sections -pipe -isystem /ocean/projects/bio250020p/shared/opt/env/R_env/include -fdebug-prefix-map=/home/conda/feedstock_root/build_artifacts/r-base-split_1740766681150/work=/usr/local/src/conda/r-base-4.4.3 -fdebug-prefix-map=/ocean/projects/bio250020p/shared/opt/env/R_env=/usr/local/src/conda-prefix  -c Scaling.c -o Scaling.o
x86_64-conda-linux-gnu-cc -I"/ocean/projects/bio250020p/shared/opt/env/R_env/lib/R/include" -DNDEBUG   -DNDEBUG -D_FORTIFY_SOURCE=2 -O2 -isystem /ocean/projects/bio250020p/shared/opt/env/R_env/include -I/ocean/projects/bio250020p/shared/opt/env/R_env/include -Wl,-rpath-link,/ocean/projects/bio250020p/shared/opt/env/R_env/lib    -fpic  -march=nocona -mtune=haswell -ftree-vectorize -fPIC -fstack-protector-strong -fno-plt -O2 -ffunction-sections -pipe -isystem /ocean/projects/bio250020p/shared/opt/env/R_env/include -fdebug-prefix-map=/home/conda/feedstock_root/build_artifacts/r-base-split_1740766681150/work=/usr/local/src/conda/r-base-4.4.3 -fdebug-prefix-map=/ocean/projects/bio250020p/shared/opt/env/R_env=/usr/local/src/conda-prefix  -c init.c -o init.o
x86_64-conda-linux-gnu-cc -shared -L/ocean/projects/bio250020p/shared/opt/env/R_env/lib/R/lib -Wl,-O2 -Wl,--sort-common -Wl,--as-needed -Wl,-z,relro -Wl,-z,now -Wl,--disable-new-dtags -Wl,--gc-sections -Wl,--allow-shlib-undefined -Wl,-rpath,/ocean/projects/bio250020p/shared/opt/env/R_env/lib -Wl,-rpath-link,/ocean/projects/bio250020p/shared/opt/env/R_env/lib -L/ocean/projects/bio250020p/shared/opt/env/R_env/lib -o DiceKriging.so CovFuns.o Scaling.o init.o -L/ocean/projects/bio250020p/shared/opt/env/R_env/lib/R/lib -lR
installing to /ocean/projects/bio260021p/kbenjamin/projects/angiotensinII_lung/.Rlib/00LOCK-DiceKriging/00new/DiceKriging/libs
** R
** inst
** byte-compile and prepare package for lazy loading
Note: ... may be used in an incorrect context 
** help
*** installing help indices
** building package indices
** testing if installed package can be loaded from temporary location
** checking absolute paths in shared objects and dynamic libraries
** testing if installed package can be loaded from final location
** testing if installed package keeps a record of temporary installation path
* DONE (DiceKriging)

The downloaded source packages are in
	'/tmp/RtmpsgLu5K/downloaded_packages'
installing smoof
also installing the dependency 'ParamHelpers'

trying URL 'https://cloud.r-project.org/src/contrib/ParamHelpers_1.14.2.tar.gz'
Content type 'application/x-gzip' length 114877 bytes (112 KB)
==================================================
downloaded 112 KB

trying URL 'https://cloud.r-project.org/src/contrib/smoof_1.7.0.tar.gz'
Content type 'application/x-gzip' length 236301 bytes (230 KB)
==================================================
downloaded 230 KB

* installing *source* package 'ParamHelpers' ...
** package 'ParamHelpers' successfully unpacked and MD5 sums checked
** using staged installation
** libs
using C compiler: 'x86_64-conda-linux-gnu-cc (Anaconda gcc) 11.2.0'
x86_64-conda-linux-gnu-cc -I"/ocean/projects/bio250020p/shared/opt/env/R_env/lib/R/include" -DNDEBUG   -DNDEBUG -D_FORTIFY_SOURCE=2 -O2 -isystem /ocean/projects/bio250020p/shared/opt/env/R_env/include -I/ocean/projects/bio250020p/shared/opt/env/R_env/include -Wl,-rpath-link,/ocean/projects/bio250020p/shared/opt/env/R_env/lib    -fpic  -march=nocona -mtune=haswell -ftree-vectorize -fPIC -fstack-protector-strong -fno-plt -O2 -ffunction-sections -pipe -isystem /ocean/projects/bio250020p/shared/opt/env/R_env/include -fdebug-prefix-map=/home/conda/feedstock_root/build_artifacts/r-base-split_1740766681150/work=/usr/local/src/conda/r-base-4.4.3 -fdebug-prefix-map=/ocean/projects/bio250020p/shared/opt/env/R_env=/usr/local/src/conda-prefix  -c c_dfRowsToList.c -o c_dfRowsToList.o
x86_64-conda-linux-gnu-cc -I"/ocean/projects/bio250020p/shared/opt/env/R_env/lib/R/include" -DNDEBUG   -DNDEBUG -D_FORTIFY_SOURCE=2 -O2 -isystem /ocean/projects/bio250020p/shared/opt/env/R_env/include -I/ocean/projects/bio250020p/shared/opt/env/R_env/include -Wl,-rpath-link,/ocean/projects/bio250020p/shared/opt/env/R_env/lib    -fpic  -march=nocona -mtune=haswell -ftree-vectorize -fPIC -fstack-protector-strong -fno-plt -O2 -ffunction-sections -pipe -isystem /ocean/projects/bio250020p/shared/opt/env/R_env/include -fdebug-prefix-map=/home/conda/feedstock_root/build_artifacts/r-base-split_1740766681150/work=/usr/local/src/conda/r-base-4.4.3 -fdebug-prefix-map=/ocean/projects/bio250020p/shared/opt/env/R_env=/usr/local/src/conda-prefix  -c init.c -o init.o
x86_64-conda-linux-gnu-cc -shared -L/ocean/projects/bio250020p/shared/opt/env/R_env/lib/R/lib -Wl,-O2 -Wl,--sort-common -Wl,--as-needed -Wl,-z,relro -Wl,-z,now -Wl,--disable-new-dtags -Wl,--gc-sections -Wl,--allow-shlib-undefined -Wl,-rpath,/ocean/projects/bio250020p/shared/opt/env/R_env/lib -Wl,-rpath-link,/ocean/projects/bio250020p/shared/opt/env/R_env/lib -L/ocean/projects/bio250020p/shared/opt/env/R_env/lib -o ParamHelpers.so c_dfRowsToList.o init.o -L/ocean/projects/bio250020p/shared/opt/env/R_env/lib/R/lib -lR
installing to /ocean/projects/bio260021p/kbenjamin/projects/angiotensinII_lung/.Rlib/00LOCK-ParamHelpers/00new/ParamHelpers/libs
** R
** byte-compile and prepare package for lazy loading
** help
*** installing help indices
** building package indices
** testing if installed package can be loaded from temporary location
** checking absolute paths in shared objects and dynamic libraries
** testing if installed package can be loaded from final location
** testing if installed package keeps a record of temporary installation path
* DONE (ParamHelpers)
* installing *source* package 'smoof' ...
** package 'smoof' successfully unpacked and MD5 sums checked
** using staged installation
** libs
using C compiler: 'x86_64-conda-linux-gnu-cc (Anaconda gcc) 11.2.0'
using C++ compiler: 'x86_64-conda-linux-gnu-c++ (Anaconda gcc) 11.2.0'
x86_64-conda-linux-gnu-c++ -std=gnu++17 -I"/ocean/projects/bio250020p/shared/opt/env/R_env/lib/R/include" -DNDEBUG  -I'/ocean/projects/bio250020p/shared/opt/env/R_env/lib/R/library/Rcpp/include' -I'/ocean/projects/bio250020p/shared/opt/env/R_env/lib/R/library/RcppArmadillo/include' -DNDEBUG -D_FORTIFY_SOURCE=2 -O2 -isystem /ocean/projects/bio250020p/shared/opt/env/R_env/include -I/ocean/projects/bio250020p/shared/opt/env/R_env/include -Wl,-rpath-link,/ocean/projects/bio250020p/shared/opt/env/R_env/lib    -fpic  -fvisibility-inlines-hidden  -fmessage-length=0 -march=nocona -mtune=haswell -ftree-vectorize -fPIC -fstack-protector-strong -fno-plt -O2 -ffunction-sections -pipe -isystem /ocean/projects/bio250020p/shared/opt/env/R_env/include -fdebug-prefix-map=/home/conda/feedstock_root/build_artifacts/r-base-split_1740766681150/work=/usr/local/src/conda/r-base-4.4.3 -fdebug-prefix-map=/ocean/projects/bio250020p/shared/opt/env/R_env=/usr/local/src/conda-prefix   -c RcppExports.cpp -o RcppExports.o
x86_64-conda-linux-gnu-cc -I"/ocean/projects/bio250020p/shared/opt/env/R_env/lib/R/include" -DNDEBUG  -I'/ocean/projects/bio250020p/shared/opt/env/R_env/lib/R/library/Rcpp/include' -I'/ocean/projects/bio250020p/shared/opt/env/R_env/lib/R/library/RcppArmadillo/include' -DNDEBUG -D_FORTIFY_SOURCE=2 -O2 -isystem /ocean/projects/bio250020p/shared/opt/env/R_env/include -I/ocean/projects/bio250020p/shared/opt/env/R_env/include -Wl,-rpath-link,/ocean/projects/bio250020p/shared/opt/env/R_env/lib    -fpic  -march=nocona -mtune=haswell -ftree-vectorize -fPIC -fstack-protector-strong -fno-plt -O2 -ffunction-sections -pipe -isystem /ocean/projects/bio250020p/shared/opt/env/R_env/include -fdebug-prefix-map=/home/conda/feedstock_root/build_artifacts/r-base-split_1740766681150/work=/usr/local/src/conda/r-base-4.4.3 -fdebug-prefix-map=/ocean/projects/bio250020p/shared/opt/env/R_env=/usr/local/src/conda-prefix  -c bbob_r_to_c_interface.c -o bbob_r_to_c_interface.o
x86_64-conda-linux-gnu-cc -I"/ocean/projects/bio250020p/shared/opt/env/R_env/lib/R/include" -DNDEBUG  -I'/ocean/projects/bio250020p/shared/opt/env/R_env/lib/R/library/Rcpp/include' -I'/ocean/projects/bio250020p/shared/opt/env/R_env/lib/R/library/RcppArmadillo/include' -DNDEBUG -D_FORTIFY_SOURCE=2 -O2 -isystem /ocean/projects/bio250020p/shared/opt/env/R_env/include -I/ocean/projects/bio250020p/shared/opt/env/R_env/include -Wl,-rpath-link,/ocean/projects/bio250020p/shared/opt/env/R_env/lib    -fpic  -march=nocona -mtune=haswell -ftree-vectorize -fPIC -fstack-protector-strong -fno-plt -O2 -ffunction-sections -pipe -isystem /ocean/projects/bio250020p/shared/opt/env/R_env/include -fdebug-prefix-map=/home/conda/feedstock_root/build_artifacts/r-base-split_1740766681150/work=/usr/local/src/conda/r-base-4.4.3 -fdebug-prefix-map=/ocean/projects/bio250020p/shared/opt/env/R_env=/usr/local/src/conda-prefix  -c benchmarks.c -o benchmarks.o
x86_64-conda-linux-gnu-cc -I"/ocean/projects/bio250020p/shared/opt/env/R_env/lib/R/include" -DNDEBUG  -I'/ocean/projects/bio250020p/shared/opt/env/R_env/lib/R/library/Rcpp/include' -I'/ocean/projects/bio250020p/shared/opt/env/R_env/lib/R/library/RcppArmadillo/include' -DNDEBUG -D_FORTIFY_SOURCE=2 -O2 -isystem /ocean/projects/bio250020p/shared/opt/env/R_env/include -I/ocean/projects/bio250020p/shared/opt/env/R_env/include -Wl,-rpath-link,/ocean/projects/bio250020p/shared/opt/env/R_env/lib    -fpic  -march=nocona -mtune=haswell -ftree-vectorize -fPIC -fstack-protector-strong -fno-plt -O2 -ffunction-sections -pipe -isystem /ocean/projects/bio250020p/shared/opt/env/R_env/include -fdebug-prefix-map=/home/conda/feedstock_root/build_artifacts/r-base-split_1740766681150/work=/usr/local/src/conda/r-base-4.4.3 -fdebug-prefix-map=/ocean/projects/bio250020p/shared/opt/env/R_env=/usr/local/src/conda-prefix  -c benchmarkshelper.c -o benchmarkshelper.o
x86_64-conda-linux-gnu-cc -I"/ocean/projects/bio250020p/shared/opt/env/R_env/lib/R/include" -DNDEBUG  -I'/ocean/projects/bio250020p/shared/opt/env/R_env/lib/R/library/Rcpp/include' -I'/ocean/projects/bio250020p/shared/opt/env/R_env/lib/R/library/RcppArmadillo/include' -DNDEBUG -D_FORTIFY_SOURCE=2 -O2 -isystem /ocean/projects/bio250020p/shared/opt/env/R_env/include -I/ocean/projects/bio250020p/shared/opt/env/R_env/include -Wl,-rpath-link,/ocean/projects/bio250020p/shared/opt/env/R_env/lib    -fpic  -march=nocona -mtune=haswell -ftree-vectorize -fPIC -fstack-protector-strong -fno-plt -O2 -ffunction-sections -pipe -isystem /ocean/projects/bio250020p/shared/opt/env/R_env/include -fdebug-prefix-map=/home/conda/feedstock_root/build_artifacts/r-base-split_1740766681150/work=/usr/local/src/conda/r-base-4.4.3 -fdebug-prefix-map=/ocean/projects/bio250020p/shared/opt/env/R_env=/usr/local/src/conda-prefix  -c cec09.c -o cec09.o
x86_64-conda-linux-gnu-cc -I"/ocean/projects/bio250020p/shared/opt/env/R_env/lib/R/include" -DNDEBUG  -I'/ocean/projects/bio250020p/shared/opt/env/R_env/lib/R/library/Rcpp/include' -I'/ocean/projects/bio250020p/shared/opt/env/R_env/lib/R/library/RcppArmadillo/include' -DNDEBUG -D_FORTIFY_SOURCE=2 -O2 -isystem /ocean/projects/bio250020p/shared/opt/env/R_env/include -I/ocean/projects/bio250020p/shared/opt/env/R_env/include -Wl,-rpath-link,/ocean/projects/bio250020p/shared/opt/env/R_env/lib    -fpic  -march=nocona -mtune=haswell -ftree-vectorize -fPIC -fstack-protector-strong -fno-plt -O2 -ffunction-sections -pipe -isystem /ocean/projects/bio250020p/shared/opt/env/R_env/include -fdebug-prefix-map=/home/conda/feedstock_root/build_artifacts/r-base-split_1740766681150/work=/usr/local/src/conda/r-base-4.4.3 -fdebug-prefix-map=/ocean/projects/bio250020p/shared/opt/env/R_env=/usr/local/src/conda-prefix  -c cec09_r_to_c_interface.c -o cec09_r_to_c_interface.o
x86_64-conda-linux-gnu-c++ -std=gnu++17 -I"/ocean/projects/bio250020p/shared/opt/env/R_env/lib/R/include" -DNDEBUG  -I'/ocean/projects/bio250020p/shared/opt/env/R_env/lib/R/library/Rcpp/include' -I'/ocean/projects/bio250020p/shared/opt/env/R_env/lib/R/library/RcppArmadillo/include' -DNDEBUG -D_FORTIFY_SOURCE=2 -O2 -isystem /ocean/projects/bio250020p/shared/opt/env/R_env/include -I/ocean/projects/bio250020p/shared/opt/env/R_env/include -Wl,-rpath-link,/ocean/projects/bio250020p/shared/opt/env/R_env/lib    -fpic  -fvisibility-inlines-hidden  -fmessage-length=0 -march=nocona -mtune=haswell -ftree-vectorize -fPIC -fstack-protector-strong -fno-plt -O2 -ffunction-sections -pipe -isystem /ocean/projects/bio250020p/shared/opt/env/R_env/include -fdebug-prefix-map=/home/conda/feedstock_root/build_artifacts/r-base-split_1740766681150/work=/usr/local/src/conda/r-base-4.4.3 -fdebug-prefix-map=/ocean/projects/bio250020p/shared/opt/env/R_env=/usr/local/src/conda-prefix   -c dtlz.cpp -o dtlz.o
x86_64-conda-linux-gnu-cc -I"/ocean/projects/bio250020p/shared/opt/env/R_env/lib/R/include" -DNDEBUG  -I'/ocean/projects/bio250020p/shared/opt/env/R_env/lib/R/library/Rcpp/include' -I'/ocean/projects/bio250020p/shared/opt/env/R_env/lib/R/library/RcppArmadillo/include' -DNDEBUG -D_FORTIFY_SOURCE=2 -O2 -isystem /ocean/projects/bio250020p/shared/opt/env/R_env/include -I/ocean/projects/bio250020p/shared/opt/env/R_env/include -Wl,-rpath-link,/ocean/projects/bio250020p/shared/opt/env/R_env/lib    -fpic  -march=nocona -mtune=haswell -ftree-vectorize -fPIC -fstack-protector-strong -fno-plt -O2 -ffunction-sections -pipe -isystem /ocean/projects/bio250020p/shared/opt/env/R_env/include -fdebug-prefix-map=/home/conda/feedstock_root/build_artifacts/r-base-split_1740766681150/work=/usr/local/src/conda/r-base-4.4.3 -fdebug-prefix-map=/ocean/projects/bio250020p/shared/opt/env/R_env=/usr/local/src/conda-prefix  -c mof.BK1.c -o mof.BK1.o
x86_64-conda-linux-gnu-c++ -std=gnu++17 -I"/ocean/projects/bio250020p/shared/opt/env/R_env/lib/R/include" -DNDEBUG  -I'/ocean/projects/bio250020p/shared/opt/env/R_env/lib/R/library/Rcpp/include' -I'/ocean/projects/bio250020p/shared/opt/env/R_env/lib/R/library/RcppArmadillo/include' -DNDEBUG -D_FORTIFY_SOURCE=2 -O2 -isystem /ocean/projects/bio250020p/shared/opt/env/R_env/include -I/ocean/projects/bio250020p/shared/opt/env/R_env/include -Wl,-rpath-link,/ocean/projects/bio250020p/shared/opt/env/R_env/lib    -fpic  -fvisibility-inlines-hidden  -fmessage-length=0 -march=nocona -mtune=haswell -ftree-vectorize -fPIC -fstack-protector-strong -fno-plt -O2 -ffunction-sections -pipe -isystem /ocean/projects/bio250020p/shared/opt/env/R_env/include -fdebug-prefix-map=/home/conda/feedstock_root/build_artifacts/r-base-split_1740766681150/work=/usr/local/src/conda/r-base-4.4.3 -fdebug-prefix-map=/ocean/projects/bio250020p/shared/opt/env/R_env=/usr/local/src/conda-prefix   -c mof.ED.cpp -o mof.ED.o
x86_64-conda-linux-gnu-cc -I"/ocean/projects/bio250020p/shared/opt/env/R_env/lib/R/include" -DNDEBUG  -I'/ocean/projects/bio250020p/shared/opt/env/R_env/lib/R/library/Rcpp/include' -I'/ocean/projects/bio250020p/shared/opt/env/R_env/lib/R/library/RcppArmadillo/include' -DNDEBUG -D_FORTIFY_SOURCE=2 -O2 -isystem /ocean/projects/bio250020p/shared/opt/env/R_env/include -I/ocean/projects/bio250020p/shared/opt/env/R_env/include -Wl,-rpath-link,/ocean/projects/bio250020p/shared/opt/env/R_env/lib    -fpic  -march=nocona -mtune=haswell -ftree-vectorize -fPIC -fstack-protector-strong -fno-plt -O2 -ffunction-sections -pipe -isystem /ocean/projects/bio250020p/shared/opt/env/R_env/include -fdebug-prefix-map=/home/conda/feedstock_root/build_artifacts/r-base-split_1740766681150/work=/usr/local/src/conda/r-base-4.4.3 -fdebug-prefix-map=/ocean/projects/bio250020p/shared/opt/env/R_env=/usr/local/src/conda-prefix  -c mof.MOP1.c -o mof.MOP1.o
x86_64-conda-linux-gnu-cc -I"/ocean/projects/bio250020p/shared/opt/env/R_env/lib/R/include" -DNDEBUG  -I'/ocean/projects/bio250020p/shared/opt/env/R_env/lib/R/library/Rcpp/include' -I'/ocean/projects/bio250020p/shared/opt/env/R_env/lib/R/library/RcppArmadillo/include' -DNDEBUG -D_FORTIFY_SOURCE=2 -O2 -isystem /ocean/projects/bio250020p/shared/opt/env/R_env/include -I/ocean/projects/bio250020p/shared/opt/env/R_env/include -Wl,-rpath-link,/ocean/projects/bio250020p/shared/opt/env/R_env/lib    -fpic  -march=nocona -mtune=haswell -ftree-vectorize -fPIC -fstack-protector-strong -fno-plt -O2 -ffunction-sections -pipe -isystem /ocean/projects/bio250020p/shared/opt/env/R_env/include -fdebug-prefix-map=/home/conda/feedstock_root/build_artifacts/r-base-split_1740766681150/work=/usr/local/src/conda/r-base-4.4.3 -fdebug-prefix-map=/ocean/projects/bio250020p/shared/opt/env/R_env=/usr/local/src/conda-prefix  -c mof.MOP2.c -o mof.MOP2.o
x86_64-conda-linux-gnu-cc -I"/ocean/projects/bio250020p/shared/opt/env/R_env/lib/R/include" -DNDEBUG  -I'/ocean/projects/bio250020p/shared/opt/env/R_env/lib/R/library/Rcpp/include' -I'/ocean/projects/bio250020p/shared/opt/env/R_env/lib/R/library/RcppArmadillo/include' -DNDEBUG -D_FORTIFY_SOURCE=2 -O2 -isystem /ocean/projects/bio250020p/shared/opt/env/R_env/include -I/ocean/projects/bio250020p/shared/opt/env/R_env/include -Wl,-rpath-link,/ocean/projects/bio250020p/shared/opt/env/R_env/lib    -fpic  -march=nocona -mtune=haswell -ftree-vectorize -fPIC -fstack-protector-strong -fno-plt -O2 -ffunction-sections -pipe -isystem /ocean/projects/bio250020p/shared/opt/env/R_env/include -fdebug-prefix-map=/home/conda/feedstock_root/build_artifacts/r-base-split_1740766681150/work=/usr/local/src/conda/r-base-4.4.3 -fdebug-prefix-map=/ocean/projects/bio250020p/shared/opt/env/R_env=/usr/local/src/conda-prefix  -c mof.MOP3.c -o mof.MOP3.o
x86_64-conda-linux-gnu-cc -I"/ocean/projects/bio250020p/shared/opt/env/R_env/lib/R/include" -DNDEBUG  -I'/ocean/projects/bio250020p/shared/opt/env/R_env/lib/R/library/Rcpp/include' -I'/ocean/projects/bio250020p/shared/opt/env/R_env/lib/R/library/RcppArmadillo/include' -DNDEBUG -D_FORTIFY_SOURCE=2 -O2 -isystem /ocean/projects/bio250020p/shared/opt/env/R_env/include -I/ocean/projects/bio250020p/shared/opt/env/R_env/include -Wl,-rpath-link,/ocean/projects/bio250020p/shared/opt/env/R_env/lib    -fpic  -march=nocona -mtune=haswell -ftree-vectorize -fPIC -fstack-protector-strong -fno-plt -O2 -ffunction-sections -pipe -isystem /ocean/projects/bio250020p/shared/opt/env/R_env/include -fdebug-prefix-map=/home/conda/feedstock_root/build_artifacts/r-base-split_1740766681150/work=/usr/local/src/conda/r-base-4.4.3 -fdebug-prefix-map=/ocean/projects/bio250020p/shared/opt/env/R_env=/usr/local/src/conda-prefix  -c mof.MOP4.c -o mof.MOP4.o
x86_64-conda-linux-gnu-cc -I"/ocean/projects/bio250020p/shared/opt/env/R_env/lib/R/include" -DNDEBUG  -I'/ocean/projects/bio250020p/shared/opt/env/R_env/lib/R/library/Rcpp/include' -I'/ocean/projects/bio250020p/shared/opt/env/R_env/lib/R/library/RcppArmadillo/include' -DNDEBUG -D_FORTIFY_SOURCE=2 -O2 -isystem /ocean/projects/bio250020p/shared/opt/env/R_env/include -I/ocean/projects/bio250020p/shared/opt/env/R_env/include -Wl,-rpath-link,/ocean/projects/bio250020p/shared/opt/env/R_env/lib    -fpic  -march=nocona -mtune=haswell -ftree-vectorize -fPIC -fstack-protector-strong -fno-plt -O2 -ffunction-sections -pipe -isystem /ocean/projects/bio250020p/shared/opt/env/R_env/include -fdebug-prefix-map=/home/conda/feedstock_root/build_artifacts/r-base-split_1740766681150/work=/usr/local/src/conda/r-base-4.4.3 -fdebug-prefix-map=/ocean/projects/bio250020p/shared/opt/env/R_env=/usr/local/src/conda-prefix  -c mof.MOP5.c -o mof.MOP5.o
x86_64-conda-linux-gnu-cc -I"/ocean/projects/bio250020p/shared/opt/env/R_env/lib/R/include" -DNDEBUG  -I'/ocean/projects/bio250020p/shared/opt/env/R_env/lib/R/library/Rcpp/include' -I'/ocean/projects/bio250020p/shared/opt/env/R_env/lib/R/library/RcppArmadillo/include' -DNDEBUG -D_FORTIFY_SOURCE=2 -O2 -isystem /ocean/projects/bio250020p/shared/opt/env/R_env/include -I/ocean/projects/bio250020p/shared/opt/env/R_env/include -Wl,-rpath-link,/ocean/projects/bio250020p/shared/opt/env/R_env/lib    -fpic  -march=nocona -mtune=haswell -ftree-vectorize -fPIC -fstack-protector-strong -fno-plt -O2 -ffunction-sections -pipe -isystem /ocean/projects/bio250020p/shared/opt/env/R_env/include -fdebug-prefix-map=/home/conda/feedstock_root/build_artifacts/r-base-split_1740766681150/work=/usr/local/src/conda/r-base-4.4.3 -fdebug-prefix-map=/ocean/projects/bio250020p/shared/opt/env/R_env=/usr/local/src/conda-prefix  -c mof.MOP6.c -o mof.MOP6.o
x86_64-conda-linux-gnu-cc -I"/ocean/projects/bio250020p/shared/opt/env/R_env/lib/R/include" -DNDEBUG  -I'/ocean/projects/bio250020p/shared/opt/env/R_env/lib/R/library/Rcpp/include' -I'/ocean/projects/bio250020p/shared/opt/env/R_env/lib/R/library/RcppArmadillo/include' -DNDEBUG -D_FORTIFY_SOURCE=2 -O2 -isystem /ocean/projects/bio250020p/shared/opt/env/R_env/include -I/ocean/projects/bio250020p/shared/opt/env/R_env/include -Wl,-rpath-link,/ocean/projects/bio250020p/shared/opt/env/R_env/lib    -fpic  -march=nocona -mtune=haswell -ftree-vectorize -fPIC -fstack-protector-strong -fno-plt -O2 -ffunction-sections -pipe -isystem /ocean/projects/bio250020p/shared/opt/env/R_env/include -fdebug-prefix-map=/home/conda/feedstock_root/build_artifacts/r-base-split_1740766681150/work=/usr/local/src/conda/r-base-4.4.3 -fdebug-prefix-map=/ocean/projects/bio250020p/shared/opt/env/R_env=/usr/local/src/conda-prefix  -c mof.MOP7.c -o mof.MOP7.o
x86_64-conda-linux-gnu-c++ -std=gnu++17 -I"/ocean/projects/bio250020p/shared/opt/env/R_env/lib/R/include" -DNDEBUG  -I'/ocean/projects/bio250020p/shared/opt/env/R_env/lib/R/library/Rcpp/include' -I'/ocean/projects/bio250020p/shared/opt/env/R_env/lib/R/library/RcppArmadillo/include' -DNDEBUG -D_FORTIFY_SOURCE=2 -O2 -isystem /ocean/projects/bio250020p/shared/opt/env/R_env/include -I/ocean/projects/bio250020p/shared/opt/env/R_env/include -Wl,-rpath-link,/ocean/projects/bio250020p/shared/opt/env/R_env/lib    -fpic  -fvisibility-inlines-hidden  -fmessage-length=0 -march=nocona -mtune=haswell -ftree-vectorize -fPIC -fstack-protector-strong -fno-plt -O2 -ffunction-sections -pipe -isystem /ocean/projects/bio250020p/shared/opt/env/R_env/include -fdebug-prefix-map=/home/conda/feedstock_root/build_artifacts/r-base-split_1740766681150/work=/usr/local/src/conda/r-base-4.4.3 -fdebug-prefix-map=/ocean/projects/bio250020p/shared/opt/env/R_env=/usr/local/src/conda-prefix   -c mof.cec2019.cpp -o mof.cec2019.o
x86_64-conda-linux-gnu-c++ -std=gnu++17 -I"/ocean/projects/bio250020p/shared/opt/env/R_env/lib/R/include" -DNDEBUG  -I'/ocean/projects/bio250020p/shared/opt/env/R_env/lib/R/library/Rcpp/include' -I'/ocean/projects/bio250020p/shared/opt/env/R_env/lib/R/library/RcppArmadillo/include' -DNDEBUG -D_FORTIFY_SOURCE=2 -O2 -isystem /ocean/projects/bio250020p/shared/opt/env/R_env/include -I/ocean/projects/bio250020p/shared/opt/env/R_env/include -Wl,-rpath-link,/ocean/projects/bio250020p/shared/opt/env/R_env/lib    -fpic  -fvisibility-inlines-hidden  -fmessage-length=0 -march=nocona -mtune=haswell -ftree-vectorize -fPIC -fstack-protector-strong -fno-plt -O2 -ffunction-sections -pipe -isystem /ocean/projects/bio250020p/shared/opt/env/R_env/include -fdebug-prefix-map=/home/conda/feedstock_root/build_artifacts/r-base-split_1740766681150/work=/usr/local/src/conda/r-base-4.4.3 -fdebug-prefix-map=/ocean/projects/bio250020p/shared/opt/env/R_env=/usr/local/src/conda-prefix   -c mof.kursawe.cpp -o mof.kursawe.o
x86_64-conda-linux-gnu-cc -I"/ocean/projects/bio250020p/shared/opt/env/R_env/lib/R/include" -DNDEBUG  -I'/ocean/projects/bio250020p/shared/opt/env/R_env/lib/R/library/Rcpp/include' -I'/ocean/projects/bio250020p/shared/opt/env/R_env/lib/R/library/RcppArmadillo/include' -DNDEBUG -D_FORTIFY_SOURCE=2 -O2 -isystem /ocean/projects/bio250020p/shared/opt/env/R_env/include -I/ocean/projects/bio250020p/shared/opt/env/R_env/include -Wl,-rpath-link,/ocean/projects/bio250020p/shared/opt/env/R_env/lib    -fpic  -march=nocona -mtune=haswell -ftree-vectorize -fPIC -fstack-protector-strong -fno-plt -O2 -ffunction-sections -pipe -isystem /ocean/projects/bio250020p/shared/opt/env/R_env/include -fdebug-prefix-map=/home/conda/feedstock_root/build_artifacts/r-base-split_1740766681150/work=/usr/local/src/conda/r-base-4.4.3 -fdebug-prefix-map=/ocean/projects/bio250020p/shared/opt/env/R_env=/usr/local/src/conda-prefix  -c mof.viennet.c -o mof.viennet.o
x86_64-conda-linux-gnu-c++ -std=gnu++17 -I"/ocean/projects/bio250020p/shared/opt/env/R_env/lib/R/include" -DNDEBUG  -I'/ocean/projects/bio250020p/shared/opt/env/R_env/lib/R/library/Rcpp/include' -I'/ocean/projects/bio250020p/shared/opt/env/R_env/lib/R/library/RcppArmadillo/include' -DNDEBUG -D_FORTIFY_SOURCE=2 -O2 -isystem /ocean/projects/bio250020p/shared/opt/env/R_env/include -I/ocean/projects/bio250020p/shared/opt/env/R_env/include -Wl,-rpath-link,/ocean/projects/bio250020p/shared/opt/env/R_env/lib    -fpic  -fvisibility-inlines-hidden  -fmessage-length=0 -march=nocona -mtune=haswell -ftree-vectorize -fPIC -fstack-protector-strong -fno-plt -O2 -ffunction-sections -pipe -isystem /ocean/projects/bio250020p/shared/opt/env/R_env/include -fdebug-prefix-map=/home/conda/feedstock_root/build_artifacts/r-base-split_1740766681150/work=/usr/local/src/conda/r-base-4.4.3 -fdebug-prefix-map=/ocean/projects/bio250020p/shared/opt/env/R_env=/usr/local/src/conda-prefix   -c mof.wfg.cpp -o mof.wfg.o
x86_64-conda-linux-gnu-c++ -std=gnu++17 -I"/ocean/projects/bio250020p/shared/opt/env/R_env/lib/R/include" -DNDEBUG  -I'/ocean/projects/bio250020p/shared/opt/env/R_env/lib/R/library/Rcpp/include' -I'/ocean/projects/bio250020p/shared/opt/env/R_env/lib/R/library/RcppArmadillo/include' -DNDEBUG -D_FORTIFY_SOURCE=2 -O2 -isystem /ocean/projects/bio250020p/shared/opt/env/R_env/include -I/ocean/projects/bio250020p/shared/opt/env/R_env/include -Wl,-rpath-link,/ocean/projects/bio250020p/shared/opt/env/R_env/lib    -fpic  -fvisibility-inlines-hidden  -fmessage-length=0 -march=nocona -mtune=haswell -ftree-vectorize -fPIC -fstack-protector-strong -fno-plt -O2 -ffunction-sections -pipe -isystem /ocean/projects/bio250020p/shared/opt/env/R_env/include -fdebug-prefix-map=/home/conda/feedstock_root/build_artifacts/r-base-split_1740766681150/work=/usr/local/src/conda/r-base-4.4.3 -fdebug-prefix-map=/ocean/projects/bio250020p/shared/opt/env/R_env=/usr/local/src/conda-prefix   -c nk_landscapes.cpp -o nk_landscapes.o
x86_64-conda-linux-gnu-c++ -std=gnu++17 -shared -L/ocean/projects/bio250020p/shared/opt/env/R_env/lib/R/lib -Wl,-O2 -Wl,--sort-common -Wl,--as-needed -Wl,-z,relro -Wl,-z,now -Wl,--disable-new-dtags -Wl,--gc-sections -Wl,--allow-shlib-undefined -Wl,-rpath,/ocean/projects/bio250020p/shared/opt/env/R_env/lib -Wl,-rpath-link,/ocean/projects/bio250020p/shared/opt/env/R_env/lib -L/ocean/projects/bio250020p/shared/opt/env/R_env/lib -o smoof.so RcppExports.o bbob_r_to_c_interface.o benchmarks.o benchmarkshelper.o cec09.o cec09_r_to_c_interface.o dtlz.o mof.BK1.o mof.ED.o mof.MOP1.o mof.MOP2.o mof.MOP3.o mof.MOP4.o mof.MOP5.o mof.MOP6.o mof.MOP7.o mof.cec2019.o mof.kursawe.o mof.viennet.o mof.wfg.o nk_landscapes.o -L/ocean/projects/bio250020p/shared/opt/env/R_env/lib/R/lib -lR
installing to /ocean/projects/bio260021p/kbenjamin/projects/angiotensinII_lung/.Rlib/00LOCK-smoof/00new/smoof/libs
** R
** inst
** byte-compile and prepare package for lazy loading
** help
*** installing help indices
** building package indices
** testing if installed package can be loaded from temporary location
** checking absolute paths in shared objects and dynamic libraries
** testing if installed package can be loaded from final location
** testing if installed package keeps a record of temporary installation path
* DONE (smoof)

The downloaded source packages are in
	'/tmp/RtmpsgLu5K/downloaded_packages'
installing lhs
trying URL 'https://cloud.r-project.org/src/contrib/lhs_1.3.0.tar.gz'
Content type 'application/x-gzip' length 243654 bytes (237 KB)
==================================================
downloaded 237 KB

* installing *source* package 'lhs' ...
** package 'lhs' successfully unpacked and MD5 sums checked
** using staged installation
** libs
using C compiler: 'x86_64-conda-linux-gnu-cc (Anaconda gcc) 11.2.0'
using C++ compiler: 'x86_64-conda-linux-gnu-c++ (Anaconda gcc) 11.2.0'
x86_64-conda-linux-gnu-c++ -std=gnu++17 -I"/ocean/projects/bio250020p/shared/opt/env/R_env/lib/R/include" -DNDEBUG -DRCOMPILE -I'/ocean/projects/bio250020p/shared/opt/env/R_env/lib/R/library/Rcpp/include' -DNDEBUG -D_FORTIFY_SOURCE=2 -O2 -isystem /ocean/projects/bio250020p/shared/opt/env/R_env/include -I/ocean/projects/bio250020p/shared/opt/env/R_env/include -Wl,-rpath-link,/ocean/projects/bio250020p/shared/opt/env/R_env/lib    -fpic  -fvisibility-inlines-hidden  -fmessage-length=0 -march=nocona -mtune=haswell -ftree-vectorize -fPIC -fstack-protector-strong -fno-plt -O2 -ffunction-sections -pipe -isystem /ocean/projects/bio250020p/shared/opt/env/R_env/include -fdebug-prefix-map=/home/conda/feedstock_root/build_artifacts/r-base-split_1740766681150/work=/usr/local/src/conda/r-base-4.4.3 -fdebug-prefix-map=/ocean/projects/bio250020p/shared/opt/env/R_env=/usr/local/src/conda-prefix   -c COrthogonalArray.cpp -o COrthogonalArray.o
x86_64-conda-linux-gnu-c++ -std=gnu++17 -I"/ocean/projects/bio250020p/shared/opt/env/R_env/lib/R/include" -DNDEBUG -DRCOMPILE -I'/ocean/projects/bio250020p/shared/opt/env/R_env/lib/R/library/Rcpp/include' -DNDEBUG -D_FORTIFY_SOURCE=2 -O2 -isystem /ocean/projects/bio250020p/shared/opt/env/R_env/include -I/ocean/projects/bio250020p/shared/opt/env/R_env/include -Wl,-rpath-link,/ocean/projects/bio250020p/shared/opt/env/R_env/lib    -fpic  -fvisibility-inlines-hidden  -fmessage-length=0 -march=nocona -mtune=haswell -ftree-vectorize -fPIC -fstack-protector-strong -fno-plt -O2 -ffunction-sections -pipe -isystem /ocean/projects/bio250020p/shared/opt/env/R_env/include -fdebug-prefix-map=/home/conda/feedstock_root/build_artifacts/r-base-split_1740766681150/work=/usr/local/src/conda/r-base-4.4.3 -fdebug-prefix-map=/ocean/projects/bio250020p/shared/opt/env/R_env=/usr/local/src/conda-prefix   -c GaloisField.cpp -o GaloisField.o
x86_64-conda-linux-gnu-c++ -std=gnu++17 -I"/ocean/projects/bio250020p/shared/opt/env/R_env/lib/R/include" -DNDEBUG -DRCOMPILE -I'/ocean/projects/bio250020p/shared/opt/env/R_env/lib/R/library/Rcpp/include' -DNDEBUG -D_FORTIFY_SOURCE=2 -O2 -isystem /ocean/projects/bio250020p/shared/opt/env/R_env/include -I/ocean/projects/bio250020p/shared/opt/env/R_env/include -Wl,-rpath-link,/ocean/projects/bio250020p/shared/opt/env/R_env/lib    -fpic  -fvisibility-inlines-hidden  -fmessage-length=0 -march=nocona -mtune=haswell -ftree-vectorize -fPIC -fstack-protector-strong -fno-plt -O2 -ffunction-sections -pipe -isystem /ocean/projects/bio250020p/shared/opt/env/R_env/include -fdebug-prefix-map=/home/conda/feedstock_root/build_artifacts/r-base-split_1740766681150/work=/usr/local/src/conda/r-base-4.4.3 -fdebug-prefix-map=/ocean/projects/bio250020p/shared/opt/env/R_env=/usr/local/src/conda-prefix   -c ak3.cpp -o ak3.o
x86_64-conda-linux-gnu-c++ -std=gnu++17 -I"/ocean/projects/bio250020p/shared/opt/env/R_env/lib/R/include" -DNDEBUG -DRCOMPILE -I'/ocean/projects/bio250020p/shared/opt/env/R_env/lib/R/library/Rcpp/include' -DNDEBUG -D_FORTIFY_SOURCE=2 -O2 -isystem /ocean/projects/bio250020p/shared/opt/env/R_env/include -I/ocean/projects/bio250020p/shared/opt/env/R_env/include -Wl,-rpath-link,/ocean/projects/bio250020p/shared/opt/env/R_env/lib    -fpic  -fvisibility-inlines-hidden  -fmessage-length=0 -march=nocona -mtune=haswell -ftree-vectorize -fPIC -fstack-protector-strong -fno-plt -O2 -ffunction-sections -pipe -isystem /ocean/projects/bio250020p/shared/opt/env/R_env/include -fdebug-prefix-map=/home/conda/feedstock_root/build_artifacts/r-base-split_1740766681150/work=/usr/local/src/conda/r-base-4.4.3 -fdebug-prefix-map=/ocean/projects/bio250020p/shared/opt/env/R_env=/usr/local/src/conda-prefix   -c akconst.cpp -o akconst.o
x86_64-conda-linux-gnu-c++ -std=gnu++17 -I"/ocean/projects/bio250020p/shared/opt/env/R_env/lib/R/include" -DNDEBUG -DRCOMPILE -I'/ocean/projects/bio250020p/shared/opt/env/R_env/lib/R/library/Rcpp/include' -DNDEBUG -D_FORTIFY_SOURCE=2 -O2 -isystem /ocean/projects/bio250020p/shared/opt/env/R_env/include -I/ocean/projects/bio250020p/shared/opt/env/R_env/include -Wl,-rpath-link,/ocean/projects/bio250020p/shared/opt/env/R_env/lib    -fpic  -fvisibility-inlines-hidden  -fmessage-length=0 -march=nocona -mtune=haswell -ftree-vectorize -fPIC -fstack-protector-strong -fno-plt -O2 -ffunction-sections -pipe -isystem /ocean/projects/bio250020p/shared/opt/env/R_env/include -fdebug-prefix-map=/home/conda/feedstock_root/build_artifacts/r-base-split_1740766681150/work=/usr/local/src/conda/r-base-4.4.3 -fdebug-prefix-map=/ocean/projects/bio250020p/shared/opt/env/R_env=/usr/local/src/conda-prefix   -c akn.cpp -o akn.o
x86_64-conda-linux-gnu-c++ -std=gnu++17 -I"/ocean/projects/bio250020p/shared/opt/env/R_env/lib/R/include" -DNDEBUG -DRCOMPILE -I'/ocean/projects/bio250020p/shared/opt/env/R_env/lib/R/library/Rcpp/include' -DNDEBUG -D_FORTIFY_SOURCE=2 -O2 -isystem /ocean/projects/bio250020p/shared/opt/env/R_env/include -I/ocean/projects/bio250020p/shared/opt/env/R_env/include -Wl,-rpath-link,/ocean/projects/bio250020p/shared/opt/env/R_env/lib    -fpic  -fvisibility-inlines-hidden  -fmessage-length=0 -march=nocona -mtune=haswell -ftree-vectorize -fPIC -fstack-protector-strong -fno-plt -O2 -ffunction-sections -pipe -isystem /ocean/projects/bio250020p/shared/opt/env/R_env/include -fdebug-prefix-map=/home/conda/feedstock_root/build_artifacts/r-base-split_1740766681150/work=/usr/local/src/conda/r-base-4.4.3 -fdebug-prefix-map=/ocean/projects/bio250020p/shared/opt/env/R_env=/usr/local/src/conda-prefix   -c construct.cpp -o construct.o
x86_64-conda-linux-gnu-c++ -std=gnu++17 -I"/ocean/projects/bio250020p/shared/opt/env/R_env/lib/R/include" -DNDEBUG -DRCOMPILE -I'/ocean/projects/bio250020p/shared/opt/env/R_env/lib/R/library/Rcpp/include' -DNDEBUG -D_FORTIFY_SOURCE=2 -O2 -isystem /ocean/projects/bio250020p/shared/opt/env/R_env/include -I/ocean/projects/bio250020p/shared/opt/env/R_env/include -Wl,-rpath-link,/ocean/projects/bio250020p/shared/opt/env/R_env/lib    -fpic  -fvisibility-inlines-hidden  -fmessage-length=0 -march=nocona -mtune=haswell -ftree-vectorize -fPIC -fstack-protector-strong -fno-plt -O2 -ffunction-sections -pipe -isystem /ocean/projects/bio250020p/shared/opt/env/R_env/include -fdebug-prefix-map=/home/conda/feedstock_root/build_artifacts/r-base-split_1740766681150/work=/usr/local/src/conda/r-base-4.4.3 -fdebug-prefix-map=/ocean/projects/bio250020p/shared/opt/env/R_env=/usr/local/src/conda-prefix   -c geneticLHS.cpp -o geneticLHS.o
x86_64-conda-linux-gnu-c++ -std=gnu++17 -I"/ocean/projects/bio250020p/shared/opt/env/R_env/lib/R/include" -DNDEBUG -DRCOMPILE -I'/ocean/projects/bio250020p/shared/opt/env/R_env/lib/R/library/Rcpp/include' -DNDEBUG -D_FORTIFY_SOURCE=2 -O2 -isystem /ocean/projects/bio250020p/shared/opt/env/R_env/include -I/ocean/projects/bio250020p/shared/opt/env/R_env/include -Wl,-rpath-link,/ocean/projects/bio250020p/shared/opt/env/R_env/lib    -fpic  -fvisibility-inlines-hidden  -fmessage-length=0 -march=nocona -mtune=haswell -ftree-vectorize -fPIC -fstack-protector-strong -fno-plt -O2 -ffunction-sections -pipe -isystem /ocean/projects/bio250020p/shared/opt/env/R_env/include -fdebug-prefix-map=/home/conda/feedstock_root/build_artifacts/r-base-split_1740766681150/work=/usr/local/src/conda/r-base-4.4.3 -fdebug-prefix-map=/ocean/projects/bio250020p/shared/opt/env/R_env=/usr/local/src/conda-prefix   -c improvedLHS.cpp -o improvedLHS.o
x86_64-conda-linux-gnu-cc -I"/ocean/projects/bio250020p/shared/opt/env/R_env/lib/R/include" -DNDEBUG -DRCOMPILE -I'/ocean/projects/bio250020p/shared/opt/env/R_env/lib/R/library/Rcpp/include' -DNDEBUG -D_FORTIFY_SOURCE=2 -O2 -isystem /ocean/projects/bio250020p/shared/opt/env/R_env/include -I/ocean/projects/bio250020p/shared/opt/env/R_env/include -Wl,-rpath-link,/ocean/projects/bio250020p/shared/opt/env/R_env/lib    -fpic  -march=nocona -mtune=haswell -ftree-vectorize -fPIC -fstack-protector-strong -fno-plt -O2 -ffunction-sections -pipe -isystem /ocean/projects/bio250020p/shared/opt/env/R_env/include -fdebug-prefix-map=/home/conda/feedstock_root/build_artifacts/r-base-split_1740766681150/work=/usr/local/src/conda/r-base-4.4.3 -fdebug-prefix-map=/ocean/projects/bio250020p/shared/opt/env/R_env=/usr/local/src/conda-prefix  -c init.c -o init.o
x86_64-conda-linux-gnu-c++ -std=gnu++17 -I"/ocean/projects/bio250020p/shared/opt/env/R_env/lib/R/include" -DNDEBUG -DRCOMPILE -I'/ocean/projects/bio250020p/shared/opt/env/R_env/lib/R/library/Rcpp/include' -DNDEBUG -D_FORTIFY_SOURCE=2 -O2 -isystem /ocean/projects/bio250020p/shared/opt/env/R_env/include -I/ocean/projects/bio250020p/shared/opt/env/R_env/include -Wl,-rpath-link,/ocean/projects/bio250020p/shared/opt/env/R_env/lib    -fpic  -fvisibility-inlines-hidden  -fmessage-length=0 -march=nocona -mtune=haswell -ftree-vectorize -fPIC -fstack-protector-strong -fno-plt -O2 -ffunction-sections -pipe -isystem /ocean/projects/bio250020p/shared/opt/env/R_env/include -fdebug-prefix-map=/home/conda/feedstock_root/build_artifacts/r-base-split_1740766681150/work=/usr/local/src/conda/r-base-4.4.3 -fdebug-prefix-map=/ocean/projects/bio250020p/shared/opt/env/R_env=/usr/local/src/conda-prefix   -c lhs_r.cpp -o lhs_r.o
x86_64-conda-linux-gnu-c++ -std=gnu++17 -I"/ocean/projects/bio250020p/shared/opt/env/R_env/lib/R/include" -DNDEBUG -DRCOMPILE -I'/ocean/projects/bio250020p/shared/opt/env/R_env/lib/R/library/Rcpp/include' -DNDEBUG -D_FORTIFY_SOURCE=2 -O2 -isystem /ocean/projects/bio250020p/shared/opt/env/R_env/include -I/ocean/projects/bio250020p/shared/opt/env/R_env/include -Wl,-rpath-link,/ocean/projects/bio250020p/shared/opt/env/R_env/lib    -fpic  -fvisibility-inlines-hidden  -fmessage-length=0 -march=nocona -mtune=haswell -ftree-vectorize -fPIC -fstack-protector-strong -fno-plt -O2 -ffunction-sections -pipe -isystem /ocean/projects/bio250020p/shared/opt/env/R_env/include -fdebug-prefix-map=/home/conda/feedstock_root/build_artifacts/r-base-split_1740766681150/work=/usr/local/src/conda/r-base-4.4.3 -fdebug-prefix-map=/ocean/projects/bio250020p/shared/opt/env/R_env=/usr/local/src/conda-prefix   -c lhs_r_utilities.cpp -o lhs_r_utilities.o
x86_64-conda-linux-gnu-c++ -std=gnu++17 -I"/ocean/projects/bio250020p/shared/opt/env/R_env/lib/R/include" -DNDEBUG -DRCOMPILE -I'/ocean/projects/bio250020p/shared/opt/env/R_env/lib/R/library/Rcpp/include' -DNDEBUG -D_FORTIFY_SOURCE=2 -O2 -isystem /ocean/projects/bio250020p/shared/opt/env/R_env/include -I/ocean/projects/bio250020p/shared/opt/env/R_env/include -Wl,-rpath-link,/ocean/projects/bio250020p/shared/opt/env/R_env/lib    -fpic  -fvisibility-inlines-hidden  -fmessage-length=0 -march=nocona -mtune=haswell -ftree-vectorize -fPIC -fstack-protector-strong -fno-plt -O2 -ffunction-sections -pipe -isystem /ocean/projects/bio250020p/shared/opt/env/R_env/include -fdebug-prefix-map=/home/conda/feedstock_root/build_artifacts/r-base-split_1740766681150/work=/usr/local/src/conda/r-base-4.4.3 -fdebug-prefix-map=/ocean/projects/bio250020p/shared/opt/env/R_env=/usr/local/src/conda-prefix   -c maximinLHS.cpp -o maximinLHS.o
x86_64-conda-linux-gnu-c++ -std=gnu++17 -I"/ocean/projects/bio250020p/shared/opt/env/R_env/lib/R/include" -DNDEBUG -DRCOMPILE -I'/ocean/projects/bio250020p/shared/opt/env/R_env/lib/R/library/Rcpp/include' -DNDEBUG -D_FORTIFY_SOURCE=2 -O2 -isystem /ocean/projects/bio250020p/shared/opt/env/R_env/include -I/ocean/projects/bio250020p/shared/opt/env/R_env/include -Wl,-rpath-link,/ocean/projects/bio250020p/shared/opt/env/R_env/lib    -fpic  -fvisibility-inlines-hidden  -fmessage-length=0 -march=nocona -mtune=haswell -ftree-vectorize -fPIC -fstack-protector-strong -fno-plt -O2 -ffunction-sections -pipe -isystem /ocean/projects/bio250020p/shared/opt/env/R_env/include -fdebug-prefix-map=/home/conda/feedstock_root/build_artifacts/r-base-split_1740766681150/work=/usr/local/src/conda/r-base-4.4.3 -fdebug-prefix-map=/ocean/projects/bio250020p/shared/opt/env/R_env=/usr/local/src/conda-prefix   -c oa.cpp -o oa.o
x86_64-conda-linux-gnu-c++ -std=gnu++17 -I"/ocean/projects/bio250020p/shared/opt/env/R_env/lib/R/include" -DNDEBUG -DRCOMPILE -I'/ocean/projects/bio250020p/shared/opt/env/R_env/lib/R/library/Rcpp/include' -DNDEBUG -D_FORTIFY_SOURCE=2 -O2 -isystem /ocean/projects/bio250020p/shared/opt/env/R_env/include -I/ocean/projects/bio250020p/shared/opt/env/R_env/include -Wl,-rpath-link,/ocean/projects/bio250020p/shared/opt/env/R_env/lib    -fpic  -fvisibility-inlines-hidden  -fmessage-length=0 -march=nocona -mtune=haswell -ftree-vectorize -fPIC -fstack-protector-strong -fno-plt -O2 -ffunction-sections -pipe -isystem /ocean/projects/bio250020p/shared/opt/env/R_env/include -fdebug-prefix-map=/home/conda/feedstock_root/build_artifacts/r-base-split_1740766681150/work=/usr/local/src/conda/r-base-4.4.3 -fdebug-prefix-map=/ocean/projects/bio250020p/shared/opt/env/R_env=/usr/local/src/conda-prefix   -c oaLHS.cpp -o oaLHS.o
x86_64-conda-linux-gnu-c++ -std=gnu++17 -I"/ocean/projects/bio250020p/shared/opt/env/R_env/lib/R/include" -DNDEBUG -DRCOMPILE -I'/ocean/projects/bio250020p/shared/opt/env/R_env/lib/R/library/Rcpp/include' -DNDEBUG -D_FORTIFY_SOURCE=2 -O2 -isystem /ocean/projects/bio250020p/shared/opt/env/R_env/include -I/ocean/projects/bio250020p/shared/opt/env/R_env/include -Wl,-rpath-link,/ocean/projects/bio250020p/shared/opt/env/R_env/lib    -fpic  -fvisibility-inlines-hidden  -fmessage-length=0 -march=nocona -mtune=haswell -ftree-vectorize -fPIC -fstack-protector-strong -fno-plt -O2 -ffunction-sections -pipe -isystem /ocean/projects/bio250020p/shared/opt/env/R_env/include -fdebug-prefix-map=/home/conda/feedstock_root/build_artifacts/r-base-split_1740766681150/work=/usr/local/src/conda/r-base-4.4.3 -fdebug-prefix-map=/ocean/projects/bio250020p/shared/opt/env/R_env=/usr/local/src/conda-prefix   -c oa_r.cpp -o oa_r.o
x86_64-conda-linux-gnu-c++ -std=gnu++17 -I"/ocean/projects/bio250020p/shared/opt/env/R_env/lib/R/include" -DNDEBUG -DRCOMPILE -I'/ocean/projects/bio250020p/shared/opt/env/R_env/lib/R/library/Rcpp/include' -DNDEBUG -D_FORTIFY_SOURCE=2 -O2 -isystem /ocean/projects/bio250020p/shared/opt/env/R_env/include -I/ocean/projects/bio250020p/shared/opt/env/R_env/include -Wl,-rpath-link,/ocean/projects/bio250020p/shared/opt/env/R_env/lib    -fpic  -fvisibility-inlines-hidden  -fmessage-length=0 -march=nocona -mtune=haswell -ftree-vectorize -fPIC -fstack-protector-strong -fno-plt -O2 -ffunction-sections -pipe -isystem /ocean/projects/bio250020p/shared/opt/env/R_env/include -fdebug-prefix-map=/home/conda/feedstock_root/build_artifacts/r-base-split_1740766681150/work=/usr/local/src/conda/r-base-4.4.3 -fdebug-prefix-map=/ocean/projects/bio250020p/shared/opt/env/R_env=/usr/local/src/conda-prefix   -c oa_r_utils.cpp -o oa_r_utils.o
x86_64-conda-linux-gnu-c++ -std=gnu++17 -I"/ocean/projects/bio250020p/shared/opt/env/R_env/lib/R/include" -DNDEBUG -DRCOMPILE -I'/ocean/projects/bio250020p/shared/opt/env/R_env/lib/R/library/Rcpp/include' -DNDEBUG -D_FORTIFY_SOURCE=2 -O2 -isystem /ocean/projects/bio250020p/shared/opt/env/R_env/include -I/ocean/projects/bio250020p/shared/opt/env/R_env/include -Wl,-rpath-link,/ocean/projects/bio250020p/shared/opt/env/R_env/lib    -fpic  -fvisibility-inlines-hidden  -fmessage-length=0 -march=nocona -mtune=haswell -ftree-vectorize -fPIC -fstack-protector-strong -fno-plt -O2 -ffunction-sections -pipe -isystem /ocean/projects/bio250020p/shared/opt/env/R_env/include -fdebug-prefix-map=/home/conda/feedstock_root/build_artifacts/r-base-split_1740766681150/work=/usr/local/src/conda/r-base-4.4.3 -fdebug-prefix-map=/ocean/projects/bio250020p/shared/opt/env/R_env=/usr/local/src/conda-prefix   -c oalhs_r.cpp -o oalhs_r.o
x86_64-conda-linux-gnu-c++ -std=gnu++17 -I"/ocean/projects/bio250020p/shared/opt/env/R_env/lib/R/include" -DNDEBUG -DRCOMPILE -I'/ocean/projects/bio250020p/shared/opt/env/R_env/lib/R/library/Rcpp/include' -DNDEBUG -D_FORTIFY_SOURCE=2 -O2 -isystem /ocean/projects/bio250020p/shared/opt/env/R_env/include -I/ocean/projects/bio250020p/shared/opt/env/R_env/include -Wl,-rpath-link,/ocean/projects/bio250020p/shared/opt/env/R_env/lib    -fpic  -fvisibility-inlines-hidden  -fmessage-length=0 -march=nocona -mtune=haswell -ftree-vectorize -fPIC -fstack-protector-strong -fno-plt -O2 -ffunction-sections -pipe -isystem /ocean/projects/bio250020p/shared/opt/env/R_env/include -fdebug-prefix-map=/home/conda/feedstock_root/build_artifacts/r-base-split_1740766681150/work=/usr/local/src/conda/r-base-4.4.3 -fdebug-prefix-map=/ocean/projects/bio250020p/shared/opt/env/R_env=/usr/local/src/conda-prefix   -c optSeededLHS.cpp -o optSeededLHS.o
x86_64-conda-linux-gnu-c++ -std=gnu++17 -I"/ocean/projects/bio250020p/shared/opt/env/R_env/lib/R/include" -DNDEBUG -DRCOMPILE -I'/ocean/projects/bio250020p/shared/opt/env/R_env/lib/R/library/Rcpp/include' -DNDEBUG -D_FORTIFY_SOURCE=2 -O2 -isystem /ocean/projects/bio250020p/shared/opt/env/R_env/include -I/ocean/projects/bio250020p/shared/opt/env/R_env/include -Wl,-rpath-link,/ocean/projects/bio250020p/shared/opt/env/R_env/lib    -fpic  -fvisibility-inlines-hidden  -fmessage-length=0 -march=nocona -mtune=haswell -ftree-vectorize -fPIC -fstack-protector-strong -fno-plt -O2 -ffunction-sections -pipe -isystem /ocean/projects/bio250020p/shared/opt/env/R_env/include -fdebug-prefix-map=/home/conda/feedstock_root/build_artifacts/r-base-split_1740766681150/work=/usr/local/src/conda/r-base-4.4.3 -fdebug-prefix-map=/ocean/projects/bio250020p/shared/opt/env/R_env=/usr/local/src/conda-prefix   -c optimumLHS.cpp -o optimumLHS.o
x86_64-conda-linux-gnu-c++ -std=gnu++17 -I"/ocean/projects/bio250020p/shared/opt/env/R_env/lib/R/include" -DNDEBUG -DRCOMPILE -I'/ocean/projects/bio250020p/shared/opt/env/R_env/lib/R/library/Rcpp/include' -DNDEBUG -D_FORTIFY_SOURCE=2 -O2 -isystem /ocean/projects/bio250020p/shared/opt/env/R_env/include -I/ocean/projects/bio250020p/shared/opt/env/R_env/include -Wl,-rpath-link,/ocean/projects/bio250020p/shared/opt/env/R_env/lib    -fpic  -fvisibility-inlines-hidden  -fmessage-length=0 -march=nocona -mtune=haswell -ftree-vectorize -fPIC -fstack-protector-strong -fno-plt -O2 -ffunction-sections -pipe -isystem /ocean/projects/bio250020p/shared/opt/env/R_env/include -fdebug-prefix-map=/home/conda/feedstock_root/build_artifacts/r-base-split_1740766681150/work=/usr/local/src/conda/r-base-4.4.3 -fdebug-prefix-map=/ocean/projects/bio250020p/shared/opt/env/R_env=/usr/local/src/conda-prefix   -c primes.cpp -o primes.o
x86_64-conda-linux-gnu-c++ -std=gnu++17 -I"/ocean/projects/bio250020p/shared/opt/env/R_env/lib/R/include" -DNDEBUG -DRCOMPILE -I'/ocean/projects/bio250020p/shared/opt/env/R_env/lib/R/library/Rcpp/include' -DNDEBUG -D_FORTIFY_SOURCE=2 -O2 -isystem /ocean/projects/bio250020p/shared/opt/env/R_env/include -I/ocean/projects/bio250020p/shared/opt/env/R_env/include -Wl,-rpath-link,/ocean/projects/bio250020p/shared/opt/env/R_env/lib    -fpic  -fvisibility-inlines-hidden  -fmessage-length=0 -march=nocona -mtune=haswell -ftree-vectorize -fPIC -fstack-protector-strong -fno-plt -O2 -ffunction-sections -pipe -isystem /ocean/projects/bio250020p/shared/opt/env/R_env/include -fdebug-prefix-map=/home/conda/feedstock_root/build_artifacts/r-base-split_1740766681150/work=/usr/local/src/conda/r-base-4.4.3 -fdebug-prefix-map=/ocean/projects/bio250020p/shared/opt/env/R_env=/usr/local/src/conda-prefix   -c randomLHS.cpp -o randomLHS.o
x86_64-conda-linux-gnu-c++ -std=gnu++17 -I"/ocean/projects/bio250020p/shared/opt/env/R_env/lib/R/include" -DNDEBUG -DRCOMPILE -I'/ocean/projects/bio250020p/shared/opt/env/R_env/lib/R/library/Rcpp/include' -DNDEBUG -D_FORTIFY_SOURCE=2 -O2 -isystem /ocean/projects/bio250020p/shared/opt/env/R_env/include -I/ocean/projects/bio250020p/shared/opt/env/R_env/include -Wl,-rpath-link,/ocean/projects/bio250020p/shared/opt/env/R_env/lib    -fpic  -fvisibility-inlines-hidden  -fmessage-length=0 -march=nocona -mtune=haswell -ftree-vectorize -fPIC -fstack-protector-strong -fno-plt -O2 -ffunction-sections -pipe -isystem /ocean/projects/bio250020p/shared/opt/env/R_env/include -fdebug-prefix-map=/home/conda/feedstock_root/build_artifacts/r-base-split_1740766681150/work=/usr/local/src/conda/r-base-4.4.3 -fdebug-prefix-map=/ocean/projects/bio250020p/shared/opt/env/R_env=/usr/local/src/conda-prefix   -c runif.cpp -o runif.o
x86_64-conda-linux-gnu-c++ -std=gnu++17 -I"/ocean/projects/bio250020p/shared/opt/env/R_env/lib/R/include" -DNDEBUG -DRCOMPILE -I'/ocean/projects/bio250020p/shared/opt/env/R_env/lib/R/library/Rcpp/include' -DNDEBUG -D_FORTIFY_SOURCE=2 -O2 -isystem /ocean/projects/bio250020p/shared/opt/env/R_env/include -I/ocean/projects/bio250020p/shared/opt/env/R_env/include -Wl,-rpath-link,/ocean/projects/bio250020p/shared/opt/env/R_env/lib    -fpic  -fvisibility-inlines-hidden  -fmessage-length=0 -march=nocona -mtune=haswell -ftree-vectorize -fPIC -fstack-protector-strong -fno-plt -O2 -ffunction-sections -pipe -isystem /ocean/projects/bio250020p/shared/opt/env/R_env/include -fdebug-prefix-map=/home/conda/feedstock_root/build_artifacts/r-base-split_1740766681150/work=/usr/local/src/conda/r-base-4.4.3 -fdebug-prefix-map=/ocean/projects/bio250020p/shared/opt/env/R_env=/usr/local/src/conda-prefix   -c rutils.cpp -o rutils.o
x86_64-conda-linux-gnu-c++ -std=gnu++17 -I"/ocean/projects/bio250020p/shared/opt/env/R_env/lib/R/include" -DNDEBUG -DRCOMPILE -I'/ocean/projects/bio250020p/shared/opt/env/R_env/lib/R/library/Rcpp/include' -DNDEBUG -D_FORTIFY_SOURCE=2 -O2 -isystem /ocean/projects/bio250020p/shared/opt/env/R_env/include -I/ocean/projects/bio250020p/shared/opt/env/R_env/include -Wl,-rpath-link,/ocean/projects/bio250020p/shared/opt/env/R_env/lib    -fpic  -fvisibility-inlines-hidden  -fmessage-length=0 -march=nocona -mtune=haswell -ftree-vectorize -fPIC -fstack-protector-strong -fno-plt -O2 -ffunction-sections -pipe -isystem /ocean/projects/bio250020p/shared/opt/env/R_env/include -fdebug-prefix-map=/home/conda/feedstock_root/build_artifacts/r-base-split_1740766681150/work=/usr/local/src/conda/r-base-4.4.3 -fdebug-prefix-map=/ocean/projects/bio250020p/shared/opt/env/R_env=/usr/local/src/conda-prefix   -c utilityLHS.cpp -o utilityLHS.o
x86_64-conda-linux-gnu-c++ -std=gnu++17 -shared -L/ocean/projects/bio250020p/shared/opt/env/R_env/lib/R/lib -Wl,-O2 -Wl,--sort-common -Wl,--as-needed -Wl,-z,relro -Wl,-z,now -Wl,--disable-new-dtags -Wl,--gc-sections -Wl,--allow-shlib-undefined -Wl,-rpath,/ocean/projects/bio250020p/shared/opt/env/R_env/lib -Wl,-rpath-link,/ocean/projects/bio250020p/shared/opt/env/R_env/lib -L/ocean/projects/bio250020p/shared/opt/env/R_env/lib -o lhs.so COrthogonalArray.o GaloisField.o ak3.o akconst.o akn.o construct.o geneticLHS.o improvedLHS.o init.o lhs_r.o lhs_r_utilities.o maximinLHS.o oa.o oaLHS.o oa_r.o oa_r_utils.o oalhs_r.o optSeededLHS.o optimumLHS.o primes.o randomLHS.o runif.o rutils.o utilityLHS.o -L/ocean/projects/bio250020p/shared/opt/env/R_env/lib/R/lib -lR
installing to /ocean/projects/bio260021p/kbenjamin/projects/angiotensinII_lung/.Rlib/00LOCK-lhs/00new/lhs/libs
** R
** inst
** byte-compile and prepare package for lazy loading
** help
*** installing help indices
** building package indices
** installing vignettes
** testing if installed package can be loaded from temporary location
** checking absolute paths in shared objects and dynamic libraries
** testing if installed package can be loaded from final location
** testing if installed package keeps a record of temporary installation path
* DONE (lhs)

The downloaded source packages are in
	'/tmp/RtmpsgLu5K/downloaded_packages'
installing archive mlr 2.19.2
trying URL 'https://cran.r-project.org/src/contrib/Archive/mlr/mlr_2.19.2.tar.gz'
Content type 'application/x-gzip' length 2942566 bytes (2.8 MB)
==================================================
downloaded 2.8 MB

* installing *source* package 'mlr' ...
** package 'mlr' successfully unpacked and MD5 sums checked
** using staged installation
** libs
using C compiler: 'x86_64-conda-linux-gnu-cc (Anaconda gcc) 11.2.0'
x86_64-conda-linux-gnu-cc -I"/ocean/projects/bio250020p/shared/opt/env/R_env/lib/R/include" -DNDEBUG   -DNDEBUG -D_FORTIFY_SOURCE=2 -O2 -isystem /ocean/projects/bio250020p/shared/opt/env/R_env/include -I/ocean/projects/bio250020p/shared/opt/env/R_env/include -Wl,-rpath-link,/ocean/projects/bio250020p/shared/opt/env/R_env/lib    -fpic  -march=nocona -mtune=haswell -ftree-vectorize -fPIC -fstack-protector-strong -fno-plt -O2 -ffunction-sections -pipe -isystem /ocean/projects/bio250020p/shared/opt/env/R_env/include -fdebug-prefix-map=/home/conda/feedstock_root/build_artifacts/r-base-split_1740766681150/work=/usr/local/src/conda/r-base-4.4.3 -fdebug-prefix-map=/ocean/projects/bio250020p/shared/opt/env/R_env=/usr/local/src/conda-prefix  -c init.c -o init.o
x86_64-conda-linux-gnu-cc -I"/ocean/projects/bio250020p/shared/opt/env/R_env/lib/R/include" -DNDEBUG   -DNDEBUG -D_FORTIFY_SOURCE=2 -O2 -isystem /ocean/projects/bio250020p/shared/opt/env/R_env/include -I/ocean/projects/bio250020p/shared/opt/env/R_env/include -Wl,-rpath-link,/ocean/projects/bio250020p/shared/opt/env/R_env/lib    -fpic  -march=nocona -mtune=haswell -ftree-vectorize -fPIC -fstack-protector-strong -fno-plt -O2 -ffunction-sections -pipe -isystem /ocean/projects/bio250020p/shared/opt/env/R_env/include -fdebug-prefix-map=/home/conda/feedstock_root/build_artifacts/r-base-split_1740766681150/work=/usr/local/src/conda/r-base-4.4.3 -fdebug-prefix-map=/ocean/projects/bio250020p/shared/opt/env/R_env=/usr/local/src/conda-prefix  -c smote.c -o smote.o
x86_64-conda-linux-gnu-cc -shared -L/ocean/projects/bio250020p/shared/opt/env/R_env/lib/R/lib -Wl,-O2 -Wl,--sort-common -Wl,--as-needed -Wl,-z,relro -Wl,-z,now -Wl,--disable-new-dtags -Wl,--gc-sections -Wl,--allow-shlib-undefined -Wl,-rpath,/ocean/projects/bio250020p/shared/opt/env/R_env/lib -Wl,-rpath-link,/ocean/projects/bio250020p/shared/opt/env/R_env/lib -L/ocean/projects/bio250020p/shared/opt/env/R_env/lib -o mlr.so init.o smote.o -L/ocean/projects/bio250020p/shared/opt/env/R_env/lib/R/lib -lR
installing to /ocean/projects/bio260021p/kbenjamin/projects/angiotensinII_lung/.Rlib/00LOCK-mlr/00new/mlr/libs
** R
** data
*** moving datasets to lazyload DB
** inst
** byte-compile and prepare package for lazy loading
** help
*** installing help indices
** building package indices
** installing vignettes
** testing if installed package can be loaded from temporary location
** checking absolute paths in shared objects and dynamic libraries
** testing if installed package can be loaded from final location
** testing if installed package keeps a record of temporary installation path
* DONE (mlr)
installing archive mlrMBO 1.1.5.1
trying URL 'https://cran.r-project.org/src/contrib/Archive/mlrMBO/mlrMBO_1.1.5.1.tar.gz'
Content type 'application/x-gzip' length 823677 bytes (804 KB)
==================================================
downloaded 804 KB

* installing *source* package 'mlrMBO' ...
** package 'mlrMBO' successfully unpacked and MD5 sums checked
** using staged installation
** libs
using C compiler: 'x86_64-conda-linux-gnu-cc (Anaconda gcc) 11.2.0'
x86_64-conda-linux-gnu-cc -I"/ocean/projects/bio250020p/shared/opt/env/R_env/lib/R/include" -DNDEBUG   -DNDEBUG -D_FORTIFY_SOURCE=2 -O2 -isystem /ocean/projects/bio250020p/shared/opt/env/R_env/include -I/ocean/projects/bio250020p/shared/opt/env/R_env/include -Wl,-rpath-link,/ocean/projects/bio250020p/shared/opt/env/R_env/lib    -fpic  -march=nocona -mtune=haswell -ftree-vectorize -fPIC -fstack-protector-strong -fno-plt -O2 -ffunction-sections -pipe -isystem /ocean/projects/bio250020p/shared/opt/env/R_env/include -fdebug-prefix-map=/home/conda/feedstock_root/build_artifacts/r-base-split_1740766681150/work=/usr/local/src/conda/r-base-4.4.3 -fdebug-prefix-map=/ocean/projects/bio250020p/shared/opt/env/R_env=/usr/local/src/conda-prefix  -c avl.c -o avl.o
x86_64-conda-linux-gnu-cc -I"/ocean/projects/bio250020p/shared/opt/env/R_env/lib/R/include" -DNDEBUG   -DNDEBUG -D_FORTIFY_SOURCE=2 -O2 -isystem /ocean/projects/bio250020p/shared/opt/env/R_env/include -I/ocean/projects/bio250020p/shared/opt/env/R_env/include -Wl,-rpath-link,/ocean/projects/bio250020p/shared/opt/env/R_env/lib    -fpic  -march=nocona -mtune=haswell -ftree-vectorize -fPIC -fstack-protector-strong -fno-plt -O2 -ffunction-sections -pipe -isystem /ocean/projects/bio250020p/shared/opt/env/R_env/include -fdebug-prefix-map=/home/conda/feedstock_root/build_artifacts/r-base-split_1740766681150/work=/usr/local/src/conda/r-base-4.4.3 -fdebug-prefix-map=/ocean/projects/bio250020p/shared/opt/env/R_env=/usr/local/src/conda-prefix  -c hv.c -o hv.o
x86_64-conda-linux-gnu-cc -I"/ocean/projects/bio250020p/shared/opt/env/R_env/lib/R/include" -DNDEBUG   -DNDEBUG -D_FORTIFY_SOURCE=2 -O2 -isystem /ocean/projects/bio250020p/shared/opt/env/R_env/include -I/ocean/projects/bio250020p/shared/opt/env/R_env/include -Wl,-rpath-link,/ocean/projects/bio250020p/shared/opt/env/R_env/lib    -fpic  -march=nocona -mtune=haswell -ftree-vectorize -fPIC -fstack-protector-strong -fno-plt -O2 -ffunction-sections -pipe -isystem /ocean/projects/bio250020p/shared/opt/env/R_env/include -fdebug-prefix-map=/home/conda/feedstock_root/build_artifacts/r-base-split_1740766681150/work=/usr/local/src/conda/r-base-4.4.3 -fdebug-prefix-map=/ocean/projects/bio250020p/shared/opt/env/R_env=/usr/local/src/conda-prefix  -c infill.c -o infill.o
x86_64-conda-linux-gnu-cc -I"/ocean/projects/bio250020p/shared/opt/env/R_env/lib/R/include" -DNDEBUG   -DNDEBUG -D_FORTIFY_SOURCE=2 -O2 -isystem /ocean/projects/bio250020p/shared/opt/env/R_env/include -I/ocean/projects/bio250020p/shared/opt/env/R_env/include -Wl,-rpath-link,/ocean/projects/bio250020p/shared/opt/env/R_env/lib    -fpic  -march=nocona -mtune=haswell -ftree-vectorize -fPIC -fstack-protector-strong -fno-plt -O2 -ffunction-sections -pipe -isystem /ocean/projects/bio250020p/shared/opt/env/R_env/include -fdebug-prefix-map=/home/conda/feedstock_root/build_artifacts/r-base-split_1740766681150/work=/usr/local/src/conda/r-base-4.4.3 -fdebug-prefix-map=/ocean/projects/bio250020p/shared/opt/env/R_env=/usr/local/src/conda-prefix  -c init.c -o init.o
x86_64-conda-linux-gnu-cc -shared -L/ocean/projects/bio250020p/shared/opt/env/R_env/lib/R/lib -Wl,-O2 -Wl,--sort-common -Wl,--as-needed -Wl,-z,relro -Wl,-z,now -Wl,--disable-new-dtags -Wl,--gc-sections -Wl,--allow-shlib-undefined -Wl,-rpath,/ocean/projects/bio250020p/shared/opt/env/R_env/lib -Wl,-rpath-link,/ocean/projects/bio250020p/shared/opt/env/R_env/lib -L/ocean/projects/bio250020p/shared/opt/env/R_env/lib -o mlrMBO.so avl.o hv.o infill.o init.o -L/ocean/projects/bio250020p/shared/opt/env/R_env/lib/R/lib -lR
installing to /ocean/projects/bio260021p/kbenjamin/projects/angiotensinII_lung/.Rlib/00LOCK-mlrMBO/00new/mlrMBO/libs
** R
** inst
** byte-compile and prepare package for lazy loading
** help
*** installing help indices
** building package indices
** installing vignettes
** testing if installed package can be loaded from temporary location
** checking absolute paths in shared objects and dynamic libraries
** testing if installed package can be loaded from final location
** testing if installed package keeps a record of temporary installation path
* DONE (mlrMBO)
fdrtool        TRUE
parallelMap    TRUE
emoa           TRUE
DiceKriging    TRUE
mlr            TRUE
mlrMBO         TRUE
===== now installing nichenetr =====
libPaths: /ocean/projects/bio260021p/kbenjamin/projects/angiotensinII_lung/.Rlib | /ocean/projects/bio250020p/shared/opt/env/R_env/lib/R/library
Downloading GitHub repo saeyslab/nichenetr@HEAD
Installing 14 packages: wk, diffobj, urca, fracdiff, forecast, units, s2, classInt, waldo, brio, sf, covr, mco, testthat
trying URL 'https://cloud.r-project.org/src/contrib/wk_0.9.5.tar.gz'
Content type 'application/x-gzip' length 1041465 bytes (1017 KB)
==================================================
downloaded 1017 KB

trying URL 'https://cloud.r-project.org/src/contrib/diffobj_0.3.6.tar.gz'
Content type 'application/x-gzip' length 472960 bytes (461 KB)
==================================================
downloaded 461 KB

trying URL 'https://cloud.r-project.org/src/contrib/urca_1.3-4.tar.gz'
Content type 'application/x-gzip' length 680691 bytes (664 KB)
==================================================
downloaded 664 KB

trying URL 'https://cloud.r-project.org/src/contrib/fracdiff_1.5-4.tar.gz'
Content type 'application/x-gzip' length 59652 bytes (58 KB)
==================================================
downloaded 58 KB

trying URL 'https://cloud.r-project.org/src/contrib/forecast_9.0.2.tar.gz'
Content type 'application/x-gzip' length 590857 bytes (577 KB)
==================================================
downloaded 577 KB

trying URL 'https://cloud.r-project.org/src/contrib/units_1.0-1.tar.gz'
Content type 'application/x-gzip' length 369348 bytes (360 KB)
==================================================
downloaded 360 KB

trying URL 'https://cloud.r-project.org/src/contrib/s2_1.1.11.tar.gz'
Content type 'application/x-gzip' length 2974506 bytes (2.8 MB)
==================================================
downloaded 2.8 MB

trying URL 'https://cloud.r-project.org/src/contrib/classInt_0.4-11.tar.gz'
Content type 'application/x-gzip' length 440406 bytes (430 KB)
==================================================
downloaded 430 KB

trying URL 'https://cloud.r-project.org/src/contrib/waldo_0.6.2.tar.gz'
Content type 'application/x-gzip' length 45913 bytes (44 KB)
==================================================
downloaded 44 KB

trying URL 'https://cloud.r-project.org/src/contrib/brio_1.1.5.tar.gz'
Content type 'application/x-gzip' length 13172 bytes (12 KB)
==================================================
downloaded 12 KB

trying URL 'https://cloud.r-project.org/src/contrib/sf_1.1-1.tar.gz'
Content type 'application/x-gzip' length 4408116 bytes (4.2 MB)
==================================================
downloaded 4.2 MB

trying URL 'https://cloud.r-project.org/src/contrib/covr_3.6.5.tar.gz'
Content type 'application/x-gzip' length 173724 bytes (169 KB)
==================================================
downloaded 169 KB

trying URL 'https://cloud.r-project.org/src/contrib/mco_1.17.tar.gz'
Content type 'application/x-gzip' length 37370 bytes (36 KB)
==================================================
downloaded 36 KB

trying URL 'https://cloud.r-project.org/src/contrib/testthat_3.3.2.tar.gz'
Content type 'application/x-gzip' length 834043 bytes (814 KB)
==================================================
downloaded 814 KB

* installing *source* package 'wk' ...
** package 'wk' successfully unpacked and MD5 sums checked
** using staged installation
** libs
using C compiler: 'x86_64-conda-linux-gnu-cc (Anaconda gcc) 11.2.0'
using C++ compiler: 'x86_64-conda-linux-gnu-c++ (Anaconda gcc) 11.2.0'
x86_64-conda-linux-gnu-cc -I"/ocean/projects/bio250020p/shared/opt/env/R_env/lib/R/include" -DNDEBUG -I../inst/include/  -DNDEBUG -D_FORTIFY_SOURCE=2 -O2 -isystem /ocean/projects/bio250020p/shared/opt/env/R_env/include -I/ocean/projects/bio250020p/shared/opt/env/R_env/include -Wl,-rpath-link,/ocean/projects/bio250020p/shared/opt/env/R_env/lib    -fpic  -march=nocona -mtune=haswell -ftree-vectorize -fPIC -fstack-protector-strong -fno-plt -O2 -ffunction-sections -pipe -isystem /ocean/projects/bio250020p/shared/opt/env/R_env/include -fdebug-prefix-map=/home/conda/feedstock_root/build_artifacts/r-base-split_1740766681150/work=/usr/local/src/conda/r-base-4.4.3 -fdebug-prefix-map=/ocean/projects/bio250020p/shared/opt/env/R_env=/usr/local/src/conda-prefix  -c bbox-handler.c -o bbox-handler.o
x86_64-conda-linux-gnu-cc -I"/ocean/projects/bio250020p/shared/opt/env/R_env/lib/R/include" -DNDEBUG -I../inst/include/  -DNDEBUG -D_FORTIFY_SOURCE=2 -O2 -isystem /ocean/projects/bio250020p/shared/opt/env/R_env/include -I/ocean/projects/bio250020p/shared/opt/env/R_env/include -Wl,-rpath-link,/ocean/projects/bio250020p/shared/opt/env/R_env/lib    -fpic  -march=nocona -mtune=haswell -ftree-vectorize -fPIC -fstack-protector-strong -fno-plt -O2 -ffunction-sections -pipe -isystem /ocean/projects/bio250020p/shared/opt/env/R_env/include -fdebug-prefix-map=/home/conda/feedstock_root/build_artifacts/r-base-split_1740766681150/work=/usr/local/src/conda/r-base-4.4.3 -fdebug-prefix-map=/ocean/projects/bio250020p/shared/opt/env/R_env=/usr/local/src/conda-prefix  -c count-handler.c -o count-handler.o
x86_64-conda-linux-gnu-cc -I"/ocean/projects/bio250020p/shared/opt/env/R_env/lib/R/include" -DNDEBUG -I../inst/include/  -DNDEBUG -D_FORTIFY_SOURCE=2 -O2 -isystem /ocean/projects/bio250020p/shared/opt/env/R_env/include -I/ocean/projects/bio250020p/shared/opt/env/R_env/include -Wl,-rpath-link,/ocean/projects/bio250020p/shared/opt/env/R_env/lib    -fpic  -march=nocona -mtune=haswell -ftree-vectorize -fPIC -fstack-protector-strong -fno-plt -O2 -ffunction-sections -pipe -isystem /ocean/projects/bio250020p/shared/opt/env/R_env/include -fdebug-prefix-map=/home/conda/feedstock_root/build_artifacts/r-base-split_1740766681150/work=/usr/local/src/conda/r-base-4.4.3 -fdebug-prefix-map=/ocean/projects/bio250020p/shared/opt/env/R_env=/usr/local/src/conda-prefix  -c debug-filter.c -o debug-filter.o
x86_64-conda-linux-gnu-cc -I"/ocean/projects/bio250020p/shared/opt/env/R_env/lib/R/include" -DNDEBUG -I../inst/include/  -DNDEBUG -D_FORTIFY_SOURCE=2 -O2 -isystem /ocean/projects/bio250020p/shared/opt/env/R_env/include -I/ocean/projects/bio250020p/shared/opt/env/R_env/include -Wl,-rpath-link,/ocean/projects/bio250020p/shared/opt/env/R_env/lib    -fpic  -march=nocona -mtune=haswell -ftree-vectorize -fPIC -fstack-protector-strong -fno-plt -O2 -ffunction-sections -pipe -isystem /ocean/projects/bio250020p/shared/opt/env/R_env/include -fdebug-prefix-map=/home/conda/feedstock_root/build_artifacts/r-base-split_1740766681150/work=/usr/local/src/conda/r-base-4.4.3 -fdebug-prefix-map=/ocean/projects/bio250020p/shared/opt/env/R_env=/usr/local/src/conda-prefix  -c flatten-filter.c -o flatten-filter.o
x86_64-conda-linux-gnu-cc -I"/ocean/projects/bio250020p/shared/opt/env/R_env/lib/R/include" -DNDEBUG -I../inst/include/  -DNDEBUG -D_FORTIFY_SOURCE=2 -O2 -isystem /ocean/projects/bio250020p/shared/opt/env/R_env/include -I/ocean/projects/bio250020p/shared/opt/env/R_env/include -Wl,-rpath-link,/ocean/projects/bio250020p/shared/opt/env/R_env/lib    -fpic  -march=nocona -mtune=haswell -ftree-vectorize -fPIC -fstack-protector-strong -fno-plt -O2 -ffunction-sections -pipe -isystem /ocean/projects/bio250020p/shared/opt/env/R_env/include -fdebug-prefix-map=/home/conda/feedstock_root/build_artifacts/r-base-split_1740766681150/work=/usr/local/src/conda/r-base-4.4.3 -fdebug-prefix-map=/ocean/projects/bio250020p/shared/opt/env/R_env=/usr/local/src/conda-prefix  -c handle-crc.c -o handle-crc.o
x86_64-conda-linux-gnu-cc -I"/ocean/projects/bio250020p/shared/opt/env/R_env/lib/R/include" -DNDEBUG -I../inst/include/  -DNDEBUG -D_FORTIFY_SOURCE=2 -O2 -isystem /ocean/projects/bio250020p/shared/opt/env/R_env/include -I/ocean/projects/bio250020p/shared/opt/env/R_env/include -Wl,-rpath-link,/ocean/projects/bio250020p/shared/opt/env/R_env/lib    -fpic  -march=nocona -mtune=haswell -ftree-vectorize -fPIC -fstack-protector-strong -fno-plt -O2 -ffunction-sections -pipe -isystem /ocean/projects/bio250020p/shared/opt/env/R_env/include -fdebug-prefix-map=/home/conda/feedstock_root/build_artifacts/r-base-split_1740766681150/work=/usr/local/src/conda/r-base-4.4.3 -fdebug-prefix-map=/ocean/projects/bio250020p/shared/opt/env/R_env=/usr/local/src/conda-prefix  -c handle-rct.c -o handle-rct.o
x86_64-conda-linux-gnu-cc -I"/ocean/projects/bio250020p/shared/opt/env/R_env/lib/R/include" -DNDEBUG -I../inst/include/  -DNDEBUG -D_FORTIFY_SOURCE=2 -O2 -isystem /ocean/projects/bio250020p/shared/opt/env/R_env/include -I/ocean/projects/bio250020p/shared/opt/env/R_env/include -Wl,-rpath-link,/ocean/projects/bio250020p/shared/opt/env/R_env/lib    -fpic  -march=nocona -mtune=haswell -ftree-vectorize -fPIC -fstack-protector-strong -fno-plt -O2 -ffunction-sections -pipe -isystem /ocean/projects/bio250020p/shared/opt/env/R_env/include -fdebug-prefix-map=/home/conda/feedstock_root/build_artifacts/r-base-split_1740766681150/work=/usr/local/src/conda/r-base-4.4.3 -fdebug-prefix-map=/ocean/projects/bio250020p/shared/opt/env/R_env=/usr/local/src/conda-prefix  -c handle-sfc.c -o handle-sfc.o
x86_64-conda-linux-gnu-cc -I"/ocean/projects/bio250020p/shared/opt/env/R_env/lib/R/include" -DNDEBUG -I../inst/include/  -DNDEBUG -D_FORTIFY_SOURCE=2 -O2 -isystem /ocean/projects/bio250020p/shared/opt/env/R_env/include -I/ocean/projects/bio250020p/shared/opt/env/R_env/include -Wl,-rpath-link,/ocean/projects/bio250020p/shared/opt/env/R_env/lib    -fpic  -march=nocona -mtune=haswell -ftree-vectorize -fPIC -fstack-protector-strong -fno-plt -O2 -ffunction-sections -pipe -isystem /ocean/projects/bio250020p/shared/opt/env/R_env/include -fdebug-prefix-map=/home/conda/feedstock_root/build_artifacts/r-base-split_1740766681150/work=/usr/local/src/conda/r-base-4.4.3 -fdebug-prefix-map=/ocean/projects/bio250020p/shared/opt/env/R_env=/usr/local/src/conda-prefix  -c handle-wkb.c -o handle-wkb.o
x86_64-conda-linux-gnu-c++ -std=gnu++17 -I"/ocean/projects/bio250020p/shared/opt/env/R_env/lib/R/include" -DNDEBUG -I../inst/include/  -DNDEBUG -D_FORTIFY_SOURCE=2 -O2 -isystem /ocean/projects/bio250020p/shared/opt/env/R_env/include -I/ocean/projects/bio250020p/shared/opt/env/R_env/include -Wl,-rpath-link,/ocean/projects/bio250020p/shared/opt/env/R_env/lib    -fpic  -fvisibility-inlines-hidden  -fmessage-length=0 -march=nocona -mtune=haswell -ftree-vectorize -fPIC -fstack-protector-strong -fno-plt -O2 -ffunction-sections -pipe -isystem /ocean/projects/bio250020p/shared/opt/env/R_env/include -fdebug-prefix-map=/home/conda/feedstock_root/build_artifacts/r-base-split_1740766681150/work=/usr/local/src/conda/r-base-4.4.3 -fdebug-prefix-map=/ocean/projects/bio250020p/shared/opt/env/R_env=/usr/local/src/conda-prefix   -c handle-wkt.cpp -o handle-wkt.o
x86_64-conda-linux-gnu-cc -I"/ocean/projects/bio250020p/shared/opt/env/R_env/lib/R/include" -DNDEBUG -I../inst/include/  -DNDEBUG -D_FORTIFY_SOURCE=2 -O2 -isystem /ocean/projects/bio250020p/shared/opt/env/R_env/include -I/ocean/projects/bio250020p/shared/opt/env/R_env/include -Wl,-rpath-link,/ocean/projects/bio250020p/shared/opt/env/R_env/lib    -fpic  -march=nocona -mtune=haswell -ftree-vectorize -fPIC -fstack-protector-strong -fno-plt -O2 -ffunction-sections -pipe -isystem /ocean/projects/bio250020p/shared/opt/env/R_env/include -fdebug-prefix-map=/home/conda/feedstock_root/build_artifacts/r-base-split_1740766681150/work=/usr/local/src/conda/r-base-4.4.3 -fdebug-prefix-map=/ocean/projects/bio250020p/shared/opt/env/R_env=/usr/local/src/conda-prefix  -c handle-xy.c -o handle-xy.o
x86_64-conda-linux-gnu-cc -I"/ocean/projects/bio250020p/shared/opt/env/R_env/lib/R/include" -DNDEBUG -I../inst/include/  -DNDEBUG -D_FORTIFY_SOURCE=2 -O2 -isystem /ocean/projects/bio250020p/shared/opt/env/R_env/include -I/ocean/projects/bio250020p/shared/opt/env/R_env/include -Wl,-rpath-link,/ocean/projects/bio250020p/shared/opt/env/R_env/lib    -fpic  -march=nocona -mtune=haswell -ftree-vectorize -fPIC -fstack-protector-strong -fno-plt -O2 -ffunction-sections -pipe -isystem /ocean/projects/bio250020p/shared/opt/env/R_env/include -fdebug-prefix-map=/home/conda/feedstock_root/build_artifacts/r-base-split_1740766681150/work=/usr/local/src/conda/r-base-4.4.3 -fdebug-prefix-map=/ocean/projects/bio250020p/shared/opt/env/R_env=/usr/local/src/conda-prefix  -c identity-filter.c -o identity-filter.o
x86_64-conda-linux-gnu-cc -I"/ocean/projects/bio250020p/shared/opt/env/R_env/lib/R/include" -DNDEBUG -I../inst/include/  -DNDEBUG -D_FORTIFY_SOURCE=2 -O2 -isystem /ocean/projects/bio250020p/shared/opt/env/R_env/include -I/ocean/projects/bio250020p/shared/opt/env/R_env/include -Wl,-rpath-link,/ocean/projects/bio250020p/shared/opt/env/R_env/lib    -fpic  -march=nocona -mtune=haswell -ftree-vectorize -fPIC -fstack-protector-strong -fno-plt -O2 -ffunction-sections -pipe -isystem /ocean/projects/bio250020p/shared/opt/env/R_env/include -fdebug-prefix-map=/home/conda/feedstock_root/build_artifacts/r-base-split_1740766681150/work=/usr/local/src/conda/r-base-4.4.3 -fdebug-prefix-map=/ocean/projects/bio250020p/shared/opt/env/R_env=/usr/local/src/conda-prefix  -c init.c -o init.o
x86_64-conda-linux-gnu-cc -I"/ocean/projects/bio250020p/shared/opt/env/R_env/lib/R/include" -DNDEBUG -I../inst/include/  -DNDEBUG -D_FORTIFY_SOURCE=2 -O2 -isystem /ocean/projects/bio250020p/shared/opt/env/R_env/include -I/ocean/projects/bio250020p/shared/opt/env/R_env/include -Wl,-rpath-link,/ocean/projects/bio250020p/shared/opt/env/R_env/lib    -fpic  -march=nocona -mtune=haswell -ftree-vectorize -fPIC -fstack-protector-strong -fno-plt -O2 -ffunction-sections -pipe -isystem /ocean/projects/bio250020p/shared/opt/env/R_env/include -fdebug-prefix-map=/home/conda/feedstock_root/build_artifacts/r-base-split_1740766681150/work=/usr/local/src/conda/r-base-4.4.3 -fdebug-prefix-map=/ocean/projects/bio250020p/shared/opt/env/R_env=/usr/local/src/conda-prefix  -c make-collection-filter.c -o make-collection-filter.o
x86_64-conda-linux-gnu-cc -I"/ocean/projects/bio250020p/shared/opt/env/R_env/lib/R/include" -DNDEBUG -I../inst/include/  -DNDEBUG -D_FORTIFY_SOURCE=2 -O2 -isystem /ocean/projects/bio250020p/shared/opt/env/R_env/include -I/ocean/projects/bio250020p/shared/opt/env/R_env/include -Wl,-rpath-link,/ocean/projects/bio250020p/shared/opt/env/R_env/lib    -fpic  -march=nocona -mtune=haswell -ftree-vectorize -fPIC -fstack-protector-strong -fno-plt -O2 -ffunction-sections -pipe -isystem /ocean/projects/bio250020p/shared/opt/env/R_env/include -fdebug-prefix-map=/home/conda/feedstock_root/build_artifacts/r-base-split_1740766681150/work=/usr/local/src/conda/r-base-4.4.3 -fdebug-prefix-map=/ocean/projects/bio250020p/shared/opt/env/R_env=/usr/local/src/conda-prefix  -c make-linestring-filter.c -o make-linestring-filter.o
x86_64-conda-linux-gnu-cc -I"/ocean/projects/bio250020p/shared/opt/env/R_env/lib/R/include" -DNDEBUG -I../inst/include/  -DNDEBUG -D_FORTIFY_SOURCE=2 -O2 -isystem /ocean/projects/bio250020p/shared/opt/env/R_env/include -I/ocean/projects/bio250020p/shared/opt/env/R_env/include -Wl,-rpath-link,/ocean/projects/bio250020p/shared/opt/env/R_env/lib    -fpic  -march=nocona -mtune=haswell -ftree-vectorize -fPIC -fstack-protector-strong -fno-plt -O2 -ffunction-sections -pipe -isystem /ocean/projects/bio250020p/shared/opt/env/R_env/include -fdebug-prefix-map=/home/conda/feedstock_root/build_artifacts/r-base-split_1740766681150/work=/usr/local/src/conda/r-base-4.4.3 -fdebug-prefix-map=/ocean/projects/bio250020p/shared/opt/env/R_env=/usr/local/src/conda-prefix  -c make-polygon-filter.c -o make-polygon-filter.o
x86_64-conda-linux-gnu-cc -I"/ocean/projects/bio250020p/shared/opt/env/R_env/lib/R/include" -DNDEBUG -I../inst/include/  -DNDEBUG -D_FORTIFY_SOURCE=2 -O2 -isystem /ocean/projects/bio250020p/shared/opt/env/R_env/include -I/ocean/projects/bio250020p/shared/opt/env/R_env/include -Wl,-rpath-link,/ocean/projects/bio250020p/shared/opt/env/R_env/lib    -fpic  -march=nocona -mtune=haswell -ftree-vectorize -fPIC -fstack-protector-strong -fno-plt -O2 -ffunction-sections -pipe -isystem /ocean/projects/bio250020p/shared/opt/env/R_env/include -fdebug-prefix-map=/home/conda/feedstock_root/build_artifacts/r-base-split_1740766681150/work=/usr/local/src/conda/r-base-4.4.3 -fdebug-prefix-map=/ocean/projects/bio250020p/shared/opt/env/R_env=/usr/local/src/conda-prefix  -c meta-handler.c -o meta-handler.o
x86_64-conda-linux-gnu-c++ -std=gnu++17 -I"/ocean/projects/bio250020p/shared/opt/env/R_env/lib/R/include" -DNDEBUG -I../inst/include/  -DNDEBUG -D_FORTIFY_SOURCE=2 -O2 -isystem /ocean/projects/bio250020p/shared/opt/env/R_env/include -I/ocean/projects/bio250020p/shared/opt/env/R_env/include -Wl,-rpath-link,/ocean/projects/bio250020p/shared/opt/env/R_env/lib    -fpic  -fvisibility-inlines-hidden  -fmessage-length=0 -march=nocona -mtune=haswell -ftree-vectorize -fPIC -fstack-protector-strong -fno-plt -O2 -ffunction-sections -pipe -isystem /ocean/projects/bio250020p/shared/opt/env/R_env/include -fdebug-prefix-map=/home/conda/feedstock_root/build_artifacts/r-base-split_1740766681150/work=/usr/local/src/conda/r-base-4.4.3 -fdebug-prefix-map=/ocean/projects/bio250020p/shared/opt/env/R_env=/usr/local/src/conda-prefix   -c orient-filter.cpp -o orient-filter.o
x86_64-conda-linux-gnu-cc -I"/ocean/projects/bio250020p/shared/opt/env/R_env/lib/R/include" -DNDEBUG -I../inst/include/  -DNDEBUG -D_FORTIFY_SOURCE=2 -O2 -isystem /ocean/projects/bio250020p/shared/opt/env/R_env/include -I/ocean/projects/bio250020p/shared/opt/env/R_env/include -Wl,-rpath-link,/ocean/projects/bio250020p/shared/opt/env/R_env/lib    -fpic  -march=nocona -mtune=haswell -ftree-vectorize -fPIC -fstack-protector-strong -fno-plt -O2 -ffunction-sections -pipe -isystem /ocean/projects/bio250020p/shared/opt/env/R_env/include -fdebug-prefix-map=/home/conda/feedstock_root/build_artifacts/r-base-split_1740766681150/work=/usr/local/src/conda/r-base-4.4.3 -fdebug-prefix-map=/ocean/projects/bio250020p/shared/opt/env/R_env=/usr/local/src/conda-prefix  -c problems-handler.c -o problems-handler.o
x86_64-conda-linux-gnu-cc -I"/ocean/projects/bio250020p/shared/opt/env/R_env/lib/R/include" -DNDEBUG -I../inst/include/  -DNDEBUG -D_FORTIFY_SOURCE=2 -O2 -isystem /ocean/projects/bio250020p/shared/opt/env/R_env/include -I/ocean/projects/bio250020p/shared/opt/env/R_env/include -Wl,-rpath-link,/ocean/projects/bio250020p/shared/opt/env/R_env/lib    -fpic  -march=nocona -mtune=haswell -ftree-vectorize -fPIC -fstack-protector-strong -fno-plt -O2 -ffunction-sections -pipe -isystem /ocean/projects/bio250020p/shared/opt/env/R_env/include -fdebug-prefix-map=/home/conda/feedstock_root/build_artifacts/r-base-split_1740766681150/work=/usr/local/src/conda/r-base-4.4.3 -fdebug-prefix-map=/ocean/projects/bio250020p/shared/opt/env/R_env=/usr/local/src/conda-prefix  -c sfc-writer.c -o sfc-writer.o
x86_64-conda-linux-gnu-cc -I"/ocean/projects/bio250020p/shared/opt/env/R_env/lib/R/include" -DNDEBUG -I../inst/include/  -DNDEBUG -D_FORTIFY_SOURCE=2 -O2 -isystem /ocean/projects/bio250020p/shared/opt/env/R_env/include -I/ocean/projects/bio250020p/shared/opt/env/R_env/include -Wl,-rpath-link,/ocean/projects/bio250020p/shared/opt/env/R_env/lib    -fpic  -march=nocona -mtune=haswell -ftree-vectorize -fPIC -fstack-protector-strong -fno-plt -O2 -ffunction-sections -pipe -isystem /ocean/projects/bio250020p/shared/opt/env/R_env/include -fdebug-prefix-map=/home/conda/feedstock_root/build_artifacts/r-base-split_1740766681150/work=/usr/local/src/conda/r-base-4.4.3 -fdebug-prefix-map=/ocean/projects/bio250020p/shared/opt/env/R_env=/usr/local/src/conda-prefix  -c trans-affine.c -o trans-affine.o
x86_64-conda-linux-gnu-cc -I"/ocean/projects/bio250020p/shared/opt/env/R_env/lib/R/include" -DNDEBUG -I../inst/include/  -DNDEBUG -D_FORTIFY_SOURCE=2 -O2 -isystem /ocean/projects/bio250020p/shared/opt/env/R_env/include -I/ocean/projects/bio250020p/shared/opt/env/R_env/include -Wl,-rpath-link,/ocean/projects/bio250020p/shared/opt/env/R_env/lib    -fpic  -march=nocona -mtune=haswell -ftree-vectorize -fPIC -fstack-protector-strong -fno-plt -O2 -ffunction-sections -pipe -isystem /ocean/projects/bio250020p/shared/opt/env/R_env/include -fdebug-prefix-map=/home/conda/feedstock_root/build_artifacts/r-base-split_1740766681150/work=/usr/local/src/conda/r-base-4.4.3 -fdebug-prefix-map=/ocean/projects/bio250020p/shared/opt/env/R_env=/usr/local/src/conda-prefix  -c trans-explicit.c -o trans-explicit.o
x86_64-conda-linux-gnu-cc -I"/ocean/projects/bio250020p/shared/opt/env/R_env/lib/R/include" -DNDEBUG -I../inst/include/  -DNDEBUG -D_FORTIFY_SOURCE=2 -O2 -isystem /ocean/projects/bio250020p/shared/opt/env/R_env/include -I/ocean/projects/bio250020p/shared/opt/env/R_env/include -Wl,-rpath-link,/ocean/projects/bio250020p/shared/opt/env/R_env/lib    -fpic  -march=nocona -mtune=haswell -ftree-vectorize -fPIC -fstack-protector-strong -fno-plt -O2 -ffunction-sections -pipe -isystem /ocean/projects/bio250020p/shared/opt/env/R_env/include -fdebug-prefix-map=/home/conda/feedstock_root/build_artifacts/r-base-split_1740766681150/work=/usr/local/src/conda/r-base-4.4.3 -fdebug-prefix-map=/ocean/projects/bio250020p/shared/opt/env/R_env=/usr/local/src/conda-prefix  -c trans-set.c -o trans-set.o
x86_64-conda-linux-gnu-cc -I"/ocean/projects/bio250020p/shared/opt/env/R_env/lib/R/include" -DNDEBUG -I../inst/include/  -DNDEBUG -D_FORTIFY_SOURCE=2 -O2 -isystem /ocean/projects/bio250020p/shared/opt/env/R_env/include -I/ocean/projects/bio250020p/shared/opt/env/R_env/include -Wl,-rpath-link,/ocean/projects/bio250020p/shared/opt/env/R_env/lib    -fpic  -march=nocona -mtune=haswell -ftree-vectorize -fPIC -fstack-protector-strong -fno-plt -O2 -ffunction-sections -pipe -isystem /ocean/projects/bio250020p/shared/opt/env/R_env/include -fdebug-prefix-map=/home/conda/feedstock_root/build_artifacts/r-base-split_1740766681150/work=/usr/local/src/conda/r-base-4.4.3 -fdebug-prefix-map=/ocean/projects/bio250020p/shared/opt/env/R_env=/usr/local/src/conda-prefix  -c transform.c -o transform.o
x86_64-conda-linux-gnu-cc -I"/ocean/projects/bio250020p/shared/opt/env/R_env/lib/R/include" -DNDEBUG -I../inst/include/  -DNDEBUG -D_FORTIFY_SOURCE=2 -O2 -isystem /ocean/projects/bio250020p/shared/opt/env/R_env/include -I/ocean/projects/bio250020p/shared/opt/env/R_env/include -Wl,-rpath-link,/ocean/projects/bio250020p/shared/opt/env/R_env/lib    -fpic  -march=nocona -mtune=haswell -ftree-vectorize -fPIC -fstack-protector-strong -fno-plt -O2 -ffunction-sections -pipe -isystem /ocean/projects/bio250020p/shared/opt/env/R_env/include -fdebug-prefix-map=/home/conda/feedstock_root/build_artifacts/r-base-split_1740766681150/work=/usr/local/src/conda/r-base-4.4.3 -fdebug-prefix-map=/ocean/projects/bio250020p/shared/opt/env/R_env=/usr/local/src/conda-prefix  -c vctr.c -o vctr.o
x86_64-conda-linux-gnu-cc -I"/ocean/projects/bio250020p/shared/opt/env/R_env/lib/R/include" -DNDEBUG -I../inst/include/  -DNDEBUG -D_FORTIFY_SOURCE=2 -O2 -isystem /ocean/projects/bio250020p/shared/opt/env/R_env/include -I/ocean/projects/bio250020p/shared/opt/env/R_env/include -Wl,-rpath-link,/ocean/projects/bio250020p/shared/opt/env/R_env/lib    -fpic  -march=nocona -mtune=haswell -ftree-vectorize -fPIC -fstack-protector-strong -fno-plt -O2 -ffunction-sections -pipe -isystem /ocean/projects/bio250020p/shared/opt/env/R_env/include -fdebug-prefix-map=/home/conda/feedstock_root/build_artifacts/r-base-split_1740766681150/work=/usr/local/src/conda/r-base-4.4.3 -fdebug-prefix-map=/ocean/projects/bio250020p/shared/opt/env/R_env=/usr/local/src/conda-prefix  -c vertex-filter.c -o vertex-filter.o
x86_64-conda-linux-gnu-cc -I"/ocean/projects/bio250020p/shared/opt/env/R_env/lib/R/include" -DNDEBUG -I../inst/include/  -DNDEBUG -D_FORTIFY_SOURCE=2 -O2 -isystem /ocean/projects/bio250020p/shared/opt/env/R_env/include -I/ocean/projects/bio250020p/shared/opt/env/R_env/include -Wl,-rpath-link,/ocean/projects/bio250020p/shared/opt/env/R_env/lib    -fpic  -march=nocona -mtune=haswell -ftree-vectorize -fPIC -fstack-protector-strong -fno-plt -O2 -ffunction-sections -pipe -isystem /ocean/projects/bio250020p/shared/opt/env/R_env/include -fdebug-prefix-map=/home/conda/feedstock_root/build_artifacts/r-base-split_1740766681150/work=/usr/local/src/conda/r-base-4.4.3 -fdebug-prefix-map=/ocean/projects/bio250020p/shared/opt/env/R_env=/usr/local/src/conda-prefix  -c void-handler.c -o void-handler.o
x86_64-conda-linux-gnu-cc -I"/ocean/projects/bio250020p/shared/opt/env/R_env/lib/R/include" -DNDEBUG -I../inst/include/  -DNDEBUG -D_FORTIFY_SOURCE=2 -O2 -isystem /ocean/projects/bio250020p/shared/opt/env/R_env/include -I/ocean/projects/bio250020p/shared/opt/env/R_env/include -Wl,-rpath-link,/ocean/projects/bio250020p/shared/opt/env/R_env/lib    -fpic  -march=nocona -mtune=haswell -ftree-vectorize -fPIC -fstack-protector-strong -fno-plt -O2 -ffunction-sections -pipe -isystem /ocean/projects/bio250020p/shared/opt/env/R_env/include -fdebug-prefix-map=/home/conda/feedstock_root/build_artifacts/r-base-split_1740766681150/work=/usr/local/src/conda/r-base-4.4.3 -fdebug-prefix-map=/ocean/projects/bio250020p/shared/opt/env/R_env=/usr/local/src/conda-prefix  -c wk-v1.c -o wk-v1.o
x86_64-conda-linux-gnu-cc -I"/ocean/projects/bio250020p/shared/opt/env/R_env/lib/R/include" -DNDEBUG -I../inst/include/  -DNDEBUG -D_FORTIFY_SOURCE=2 -O2 -isystem /ocean/projects/bio250020p/shared/opt/env/R_env/include -I/ocean/projects/bio250020p/shared/opt/env/R_env/include -Wl,-rpath-link,/ocean/projects/bio250020p/shared/opt/env/R_env/lib    -fpic  -march=nocona -mtune=haswell -ftree-vectorize -fPIC -fstack-protector-strong -fno-plt -O2 -ffunction-sections -pipe -isystem /ocean/projects/bio250020p/shared/opt/env/R_env/include -fdebug-prefix-map=/home/conda/feedstock_root/build_artifacts/r-base-split_1740766681150/work=/usr/local/src/conda/r-base-4.4.3 -fdebug-prefix-map=/ocean/projects/bio250020p/shared/opt/env/R_env=/usr/local/src/conda-prefix  -c wkb-writer.c -o wkb-writer.o
x86_64-conda-linux-gnu-c++ -std=gnu++17 -I"/ocean/projects/bio250020p/shared/opt/env/R_env/lib/R/include" -DNDEBUG -I../inst/include/  -DNDEBUG -D_FORTIFY_SOURCE=2 -O2 -isystem /ocean/projects/bio250020p/shared/opt/env/R_env/include -I/ocean/projects/bio250020p/shared/opt/env/R_env/include -Wl,-rpath-link,/ocean/projects/bio250020p/shared/opt/env/R_env/lib    -fpic  -fvisibility-inlines-hidden  -fmessage-length=0 -march=nocona -mtune=haswell -ftree-vectorize -fPIC -fstack-protector-strong -fno-plt -O2 -ffunction-sections -pipe -isystem /ocean/projects/bio250020p/shared/opt/env/R_env/include -fdebug-prefix-map=/home/conda/feedstock_root/build_artifacts/r-base-split_1740766681150/work=/usr/local/src/conda/r-base-4.4.3 -fdebug-prefix-map=/ocean/projects/bio250020p/shared/opt/env/R_env=/usr/local/src/conda-prefix   -c wkt-writer.cpp -o wkt-writer.o
x86_64-conda-linux-gnu-cc -I"/ocean/projects/bio250020p/shared/opt/env/R_env/lib/R/include" -DNDEBUG -I../inst/include/  -DNDEBUG -D_FORTIFY_SOURCE=2 -O2 -isystem /ocean/projects/bio250020p/shared/opt/env/R_env/include -I/ocean/projects/bio250020p/shared/opt/env/R_env/include -Wl,-rpath-link,/ocean/projects/bio250020p/shared/opt/env/R_env/lib    -fpic  -march=nocona -mtune=haswell -ftree-vectorize -fPIC -fstack-protector-strong -fno-plt -O2 -ffunction-sections -pipe -isystem /ocean/projects/bio250020p/shared/opt/env/R_env/include -fdebug-prefix-map=/home/conda/feedstock_root/build_artifacts/r-base-split_1740766681150/work=/usr/local/src/conda/r-base-4.4.3 -fdebug-prefix-map=/ocean/projects/bio250020p/shared/opt/env/R_env=/usr/local/src/conda-prefix  -c xy-writer.c -o xy-writer.o
x86_64-conda-linux-gnu-c++ -std=gnu++17 -shared -L/ocean/projects/bio250020p/shared/opt/env/R_env/lib/R/lib -Wl,-O2 -Wl,--sort-common -Wl,--as-needed -Wl,-z,relro -Wl,-z,now -Wl,--disable-new-dtags -Wl,--gc-sections -Wl,--allow-shlib-undefined -Wl,-rpath,/ocean/projects/bio250020p/shared/opt/env/R_env/lib -Wl,-rpath-link,/ocean/projects/bio250020p/shared/opt/env/R_env/lib -L/ocean/projects/bio250020p/shared/opt/env/R_env/lib -o wk.so bbox-handler.o count-handler.o debug-filter.o flatten-filter.o handle-crc.o handle-rct.o handle-sfc.o handle-wkb.o handle-wkt.o handle-xy.o identity-filter.o init.o make-collection-filter.o make-linestring-filter.o make-polygon-filter.o meta-handler.o orient-filter.o problems-handler.o sfc-writer.o trans-affine.o trans-explicit.o trans-set.o transform.o vctr.o vertex-filter.o void-handler.o wk-v1.o wkb-writer.o wkt-writer.o xy-writer.o -L/ocean/projects/bio250020p/shared/opt/env/R_env/lib/R/lib -lR
installing to /ocean/projects/bio260021p/kbenjamin/projects/angiotensinII_lung/.Rlib/00LOCK-wk/00new/wk/libs
** R
** data
*** moving datasets to lazyload DB
** inst
** byte-compile and prepare package for lazy loading
** help
*** installing help indices
** building package indices
** testing if installed package can be loaded from temporary location
** checking absolute paths in shared objects and dynamic libraries
** testing if installed package can be loaded from final location
** testing if installed package keeps a record of temporary installation path
* DONE (wk)
* installing *source* package 'diffobj' ...
** package 'diffobj' successfully unpacked and MD5 sums checked
** using staged installation
** libs
using C compiler: 'x86_64-conda-linux-gnu-cc (Anaconda gcc) 11.2.0'
x86_64-conda-linux-gnu-cc -I"/ocean/projects/bio250020p/shared/opt/env/R_env/lib/R/include" -DNDEBUG   -DNDEBUG -D_FORTIFY_SOURCE=2 -O2 -isystem /ocean/projects/bio250020p/shared/opt/env/R_env/include -I/ocean/projects/bio250020p/shared/opt/env/R_env/include -Wl,-rpath-link,/ocean/projects/bio250020p/shared/opt/env/R_env/lib    -fpic  -march=nocona -mtune=haswell -ftree-vectorize -fPIC -fstack-protector-strong -fno-plt -O2 -ffunction-sections -pipe -isystem /ocean/projects/bio250020p/shared/opt/env/R_env/include -fdebug-prefix-map=/home/conda/feedstock_root/build_artifacts/r-base-split_1740766681150/work=/usr/local/src/conda/r-base-4.4.3 -fdebug-prefix-map=/ocean/projects/bio250020p/shared/opt/env/R_env=/usr/local/src/conda-prefix  -c diff.c -o diff.o
x86_64-conda-linux-gnu-cc -I"/ocean/projects/bio250020p/shared/opt/env/R_env/lib/R/include" -DNDEBUG   -DNDEBUG -D_FORTIFY_SOURCE=2 -O2 -isystem /ocean/projects/bio250020p/shared/opt/env/R_env/include -I/ocean/projects/bio250020p/shared/opt/env/R_env/include -Wl,-rpath-link,/ocean/projects/bio250020p/shared/opt/env/R_env/lib    -fpic  -march=nocona -mtune=haswell -ftree-vectorize -fPIC -fstack-protector-strong -fno-plt -O2 -ffunction-sections -pipe -isystem /ocean/projects/bio250020p/shared/opt/env/R_env/include -fdebug-prefix-map=/home/conda/feedstock_root/build_artifacts/r-base-split_1740766681150/work=/usr/local/src/conda/r-base-4.4.3 -fdebug-prefix-map=/ocean/projects/bio250020p/shared/opt/env/R_env=/usr/local/src/conda-prefix  -c diffobj.c -o diffobj.o
x86_64-conda-linux-gnu-cc -I"/ocean/projects/bio250020p/shared/opt/env/R_env/lib/R/include" -DNDEBUG   -DNDEBUG -D_FORTIFY_SOURCE=2 -O2 -isystem /ocean/projects/bio250020p/shared/opt/env/R_env/include -I/ocean/projects/bio250020p/shared/opt/env/R_env/include -Wl,-rpath-link,/ocean/projects/bio250020p/shared/opt/env/R_env/lib    -fpic  -march=nocona -mtune=haswell -ftree-vectorize -fPIC -fstack-protector-strong -fno-plt -O2 -ffunction-sections -pipe -isystem /ocean/projects/bio250020p/shared/opt/env/R_env/include -fdebug-prefix-map=/home/conda/feedstock_root/build_artifacts/r-base-split_1740766681150/work=/usr/local/src/conda/r-base-4.4.3 -fdebug-prefix-map=/ocean/projects/bio250020p/shared/opt/env/R_env=/usr/local/src/conda-prefix  -c init.c -o init.o
x86_64-conda-linux-gnu-cc -shared -L/ocean/projects/bio250020p/shared/opt/env/R_env/lib/R/lib -Wl,-O2 -Wl,--sort-common -Wl,--as-needed -Wl,-z,relro -Wl,-z,now -Wl,--disable-new-dtags -Wl,--gc-sections -Wl,--allow-shlib-undefined -Wl,-rpath,/ocean/projects/bio250020p/shared/opt/env/R_env/lib -Wl,-rpath-link,/ocean/projects/bio250020p/shared/opt/env/R_env/lib -L/ocean/projects/bio250020p/shared/opt/env/R_env/lib -o diffobj.so diff.o diffobj.o init.o -L/ocean/projects/bio250020p/shared/opt/env/R_env/lib/R/lib -lR
installing to /ocean/projects/bio260021p/kbenjamin/projects/angiotensinII_lung/.Rlib/00LOCK-diffobj/00new/diffobj/libs
** R
** inst
** byte-compile and prepare package for lazy loading
** help
*** installing help indices
** building package indices
** installing vignettes
** testing if installed package can be loaded from temporary location
** checking absolute paths in shared objects and dynamic libraries
** testing if installed package can be loaded from final location
** testing if installed package keeps a record of temporary installation path
* DONE (diffobj)
* installing *source* package 'urca' ...
** package 'urca' successfully unpacked and MD5 sums checked
** using staged installation
** libs
using C compiler: 'x86_64-conda-linux-gnu-cc (Anaconda gcc) 11.2.0'
using Fortran compiler: 'GNU Fortran (conda-forge gcc 11.2.0-16) 11.2.0'
x86_64-conda-linux-gnu-gfortran  -fpic  -march=nocona -mtune=haswell -ftree-vectorize -fPIC -fstack-protector-strong -fno-plt -O2 -ffunction-sections -pipe -isystem /ocean/projects/bio250020p/shared/opt/env/R_env/include -fdebug-prefix-map=/home/conda/feedstock_root/build_artifacts/r-base-split_1740766681150/work=/usr/local/src/conda/r-base-4.4.3 -fdebug-prefix-map=/ocean/projects/bio250020p/shared/opt/env/R_env=/usr/local/src/conda-prefix  -c UnitRootMacKinnon.f -o UnitRootMacKinnon.o
x86_64-conda-linux-gnu-cc -I"/ocean/projects/bio250020p/shared/opt/env/R_env/lib/R/include" -DNDEBUG   -DNDEBUG -D_FORTIFY_SOURCE=2 -O2 -isystem /ocean/projects/bio250020p/shared/opt/env/R_env/include -I/ocean/projects/bio250020p/shared/opt/env/R_env/include -Wl,-rpath-link,/ocean/projects/bio250020p/shared/opt/env/R_env/lib    -fpic  -march=nocona -mtune=haswell -ftree-vectorize -fPIC -fstack-protector-strong -fno-plt -O2 -ffunction-sections -pipe -isystem /ocean/projects/bio250020p/shared/opt/env/R_env/include -fdebug-prefix-map=/home/conda/feedstock_root/build_artifacts/r-base-split_1740766681150/work=/usr/local/src/conda/r-base-4.4.3 -fdebug-prefix-map=/ocean/projects/bio250020p/shared/opt/env/R_env=/usr/local/src/conda-prefix  -c urca_init.c -o urca_init.o
x86_64-conda-linux-gnu-cc -shared -L/ocean/projects/bio250020p/shared/opt/env/R_env/lib/R/lib -Wl,-O2 -Wl,--sort-common -Wl,--as-needed -Wl,-z,relro -Wl,-z,now -Wl,--disable-new-dtags -Wl,--gc-sections -Wl,--allow-shlib-undefined -Wl,-rpath,/ocean/projects/bio250020p/shared/opt/env/R_env/lib -Wl,-rpath-link,/ocean/projects/bio250020p/shared/opt/env/R_env/lib -L/ocean/projects/bio250020p/shared/opt/env/R_env/lib -o urca.so UnitRootMacKinnon.o urca_init.o -llapack -lblas -lgfortran -lm -lquadmath -lgfortran -lm -lquadmath -L/ocean/projects/bio250020p/shared/opt/env/R_env/lib/R/lib -lR
installing to /ocean/projects/bio260021p/kbenjamin/projects/angiotensinII_lung/.Rlib/00LOCK-urca/00new/urca/libs
** R
** data
** inst
** byte-compile and prepare package for lazy loading
** help
*** installing help indices
** building package indices
** testing if installed package can be loaded from temporary location
** checking absolute paths in shared objects and dynamic libraries
** testing if installed package can be loaded from final location
** testing if installed package keeps a record of temporary installation path
* DONE (urca)
* installing *source* package 'fracdiff' ...
** package 'fracdiff' successfully unpacked and MD5 sums checked
** using staged installation
** libs
using C compiler: 'x86_64-conda-linux-gnu-cc (Anaconda gcc) 11.2.0'
x86_64-conda-linux-gnu-cc -I"/ocean/projects/bio250020p/shared/opt/env/R_env/lib/R/include" -DNDEBUG   -DNDEBUG -D_FORTIFY_SOURCE=2 -O2 -isystem /ocean/projects/bio250020p/shared/opt/env/R_env/include -I/ocean/projects/bio250020p/shared/opt/env/R_env/include -Wl,-rpath-link,/ocean/projects/bio250020p/shared/opt/env/R_env/lib    -fpic  -march=nocona -mtune=haswell -ftree-vectorize -fPIC -fstack-protector-strong -fno-plt -O2 -ffunction-sections -pipe -isystem /ocean/projects/bio250020p/shared/opt/env/R_env/include -fdebug-prefix-map=/home/conda/feedstock_root/build_artifacts/r-base-split_1740766681150/work=/usr/local/src/conda/r-base-4.4.3 -fdebug-prefix-map=/ocean/projects/bio250020p/shared/opt/env/R_env=/usr/local/src/conda-prefix  -c fdcore.c -o fdcore.o
x86_64-conda-linux-gnu-cc -I"/ocean/projects/bio250020p/shared/opt/env/R_env/lib/R/include" -DNDEBUG   -DNDEBUG -D_FORTIFY_SOURCE=2 -O2 -isystem /ocean/projects/bio250020p/shared/opt/env/R_env/include -I/ocean/projects/bio250020p/shared/opt/env/R_env/include -Wl,-rpath-link,/ocean/projects/bio250020p/shared/opt/env/R_env/lib    -fpic  -march=nocona -mtune=haswell -ftree-vectorize -fPIC -fstack-protector-strong -fno-plt -O2 -ffunction-sections -pipe -isystem /ocean/projects/bio250020p/shared/opt/env/R_env/include -fdebug-prefix-map=/home/conda/feedstock_root/build_artifacts/r-base-split_1740766681150/work=/usr/local/src/conda/r-base-4.4.3 -fdebug-prefix-map=/ocean/projects/bio250020p/shared/opt/env/R_env=/usr/local/src/conda-prefix  -c fdgam.c -o fdgam.o
x86_64-conda-linux-gnu-cc -I"/ocean/projects/bio250020p/shared/opt/env/R_env/lib/R/include" -DNDEBUG   -DNDEBUG -D_FORTIFY_SOURCE=2 -O2 -isystem /ocean/projects/bio250020p/shared/opt/env/R_env/include -I/ocean/projects/bio250020p/shared/opt/env/R_env/include -Wl,-rpath-link,/ocean/projects/bio250020p/shared/opt/env/R_env/lib    -fpic  -march=nocona -mtune=haswell -ftree-vectorize -fPIC -fstack-protector-strong -fno-plt -O2 -ffunction-sections -pipe -isystem /ocean/projects/bio250020p/shared/opt/env/R_env/include -fdebug-prefix-map=/home/conda/feedstock_root/build_artifacts/r-base-split_1740766681150/work=/usr/local/src/conda/r-base-4.4.3 -fdebug-prefix-map=/ocean/projects/bio250020p/shared/opt/env/R_env=/usr/local/src/conda-prefix  -c fdhess.c -o fdhess.o
x86_64-conda-linux-gnu-cc -I"/ocean/projects/bio250020p/shared/opt/env/R_env/lib/R/include" -DNDEBUG   -DNDEBUG -D_FORTIFY_SOURCE=2 -O2 -isystem /ocean/projects/bio250020p/shared/opt/env/R_env/include -I/ocean/projects/bio250020p/shared/opt/env/R_env/include -Wl,-rpath-link,/ocean/projects/bio250020p/shared/opt/env/R_env/lib    -fpic  -march=nocona -mtune=haswell -ftree-vectorize -fPIC -fstack-protector-strong -fno-plt -O2 -ffunction-sections -pipe -isystem /ocean/projects/bio250020p/shared/opt/env/R_env/include -fdebug-prefix-map=/home/conda/feedstock_root/build_artifacts/r-base-split_1740766681150/work=/usr/local/src/conda/r-base-4.4.3 -fdebug-prefix-map=/ocean/projects/bio250020p/shared/opt/env/R_env=/usr/local/src/conda-prefix  -c fdmin.c -o fdmin.o
x86_64-conda-linux-gnu-cc -I"/ocean/projects/bio250020p/shared/opt/env/R_env/lib/R/include" -DNDEBUG   -DNDEBUG -D_FORTIFY_SOURCE=2 -O2 -isystem /ocean/projects/bio250020p/shared/opt/env/R_env/include -I/ocean/projects/bio250020p/shared/opt/env/R_env/include -Wl,-rpath-link,/ocean/projects/bio250020p/shared/opt/env/R_env/lib    -fpic  -march=nocona -mtune=haswell -ftree-vectorize -fPIC -fstack-protector-strong -fno-plt -O2 -ffunction-sections -pipe -isystem /ocean/projects/bio250020p/shared/opt/env/R_env/include -fdebug-prefix-map=/home/conda/feedstock_root/build_artifacts/r-base-split_1740766681150/work=/usr/local/src/conda/r-base-4.4.3 -fdebug-prefix-map=/ocean/projects/bio250020p/shared/opt/env/R_env=/usr/local/src/conda-prefix  -c fdsim.c -o fdsim.o
x86_64-conda-linux-gnu-cc -I"/ocean/projects/bio250020p/shared/opt/env/R_env/lib/R/include" -DNDEBUG   -DNDEBUG -D_FORTIFY_SOURCE=2 -O2 -isystem /ocean/projects/bio250020p/shared/opt/env/R_env/include -I/ocean/projects/bio250020p/shared/opt/env/R_env/include -Wl,-rpath-link,/ocean/projects/bio250020p/shared/opt/env/R_env/lib    -fpic  -march=nocona -mtune=haswell -ftree-vectorize -fPIC -fstack-protector-strong -fno-plt -O2 -ffunction-sections -pipe -isystem /ocean/projects/bio250020p/shared/opt/env/R_env/include -fdebug-prefix-map=/home/conda/feedstock_root/build_artifacts/r-base-split_1740766681150/work=/usr/local/src/conda/r-base-4.4.3 -fdebug-prefix-map=/ocean/projects/bio250020p/shared/opt/env/R_env=/usr/local/src/conda-prefix  -c init.c -o init.o
x86_64-conda-linux-gnu-cc -I"/ocean/projects/bio250020p/shared/opt/env/R_env/lib/R/include" -DNDEBUG   -DNDEBUG -D_FORTIFY_SOURCE=2 -O2 -isystem /ocean/projects/bio250020p/shared/opt/env/R_env/include -I/ocean/projects/bio250020p/shared/opt/env/R_env/include -Wl,-rpath-link,/ocean/projects/bio250020p/shared/opt/env/R_env/lib    -fpic  -march=nocona -mtune=haswell -ftree-vectorize -fPIC -fstack-protector-strong -fno-plt -O2 -ffunction-sections -pipe -isystem /ocean/projects/bio250020p/shared/opt/env/R_env/include -fdebug-prefix-map=/home/conda/feedstock_root/build_artifacts/r-base-split_1740766681150/work=/usr/local/src/conda/r-base-4.4.3 -fdebug-prefix-map=/ocean/projects/bio250020p/shared/opt/env/R_env=/usr/local/src/conda-prefix  -c pmult.c -o pmult.o
x86_64-conda-linux-gnu-cc -shared -L/ocean/projects/bio250020p/shared/opt/env/R_env/lib/R/lib -Wl,-O2 -Wl,--sort-common -Wl,--as-needed -Wl,-z,relro -Wl,-z,now -Wl,--disable-new-dtags -Wl,--gc-sections -Wl,--allow-shlib-undefined -Wl,-rpath,/ocean/projects/bio250020p/shared/opt/env/R_env/lib -Wl,-rpath-link,/ocean/projects/bio250020p/shared/opt/env/R_env/lib -L/ocean/projects/bio250020p/shared/opt/env/R_env/lib -o fracdiff.so fdcore.o fdgam.o fdhess.o fdmin.o fdsim.o init.o pmult.o -lblas -lgfortran -lm -lquadmath -L/ocean/projects/bio250020p/shared/opt/env/R_env/lib/R/lib -lR
installing to /ocean/projects/bio260021p/kbenjamin/projects/angiotensinII_lung/.Rlib/00LOCK-fracdiff/00new/fracdiff/libs
** R
** byte-compile and prepare package for lazy loading
** help
*** installing help indices
** building package indices
** testing if installed package can be loaded from temporary location
** checking absolute paths in shared objects and dynamic libraries
** testing if installed package can be loaded from final location
** testing if installed package keeps a record of temporary installation path
* DONE (fracdiff)
* installing *source* package 'units' ...
** package 'units' successfully unpacked and MD5 sums checked
** using staged installation
configure: units: 1.0-1
checking for default C++ standard... 201703
checking whether the C++ compiler works... yes
checking for C++ compiler default output file name... a.out
checking for suffix of executables... 
checking whether we are cross compiling... no
checking for suffix of object files... o
checking whether the compiler supports GNU C++... yes
checking whether x86_64-conda-linux-gnu-c++ -std=gnu++17 accepts -g... yes
checking for x86_64-conda-linux-gnu-c++ -std=gnu++17 option to enable C++11 features... none needed
checking for stdio.h... yes
checking for stdlib.h... yes
checking for string.h... yes
checking for inttypes.h... yes
checking for stdint.h... yes
checking for strings.h... yes
checking for sys/stat.h... yes
checking for sys/types.h... yes
checking for unistd.h... yes
checking for _Bool... no
checking for stdbool.h that conforms to C99 or later... yes
checking for error_at_line... yes
checking for gcc... x86_64-conda-linux-gnu-cc
checking whether the compiler supports GNU C... yes
checking whether x86_64-conda-linux-gnu-cc accepts -g... yes
checking for x86_64-conda-linux-gnu-cc option to enable C11 features... none needed
checking for brew... no
checking for XML_ParserCreate in -lexpat... yes
checking for udunits2.h... no
checking for udunits2/udunits2.h... no
checking for ut_read_xml in -ludunits2... no
configure: error: in '/tmp/Rtmp11sSYQ/R.INSTALL3727165c08c88/units':
configure: error: 
--------------------------------------------------------------------------------
  Configuration failed because libudunits2.so was not found. Try installing:
    * deb: libudunits2-dev (Debian, Ubuntu, ...)
    * rpm: udunits2-devel (Fedora, EPEL, ...)
    * brew: udunits (OSX)
  If udunits2 is already installed in a non-standard location, use:
    --configure-args='--with-udunits2-lib=/usr/local/lib'
  if the library was not found, and/or:
    --configure-args='--with-udunits2-include=/usr/include/udunits2'
  if the header was not found, replacing paths with appropriate values.
  You can alternatively set UDUNITS2_INCLUDE and UDUNITS2_LIBS manually.
--------------------------------------------------------------------------------

See 'config.log' for more details
ERROR: configuration failed for package 'units'
* removing '/ocean/projects/bio260021p/kbenjamin/projects/angiotensinII_lung/.Rlib/units'
* installing *source* package 'classInt' ...
** package 'classInt' successfully unpacked and MD5 sums checked
** using staged installation
** libs
using C compiler: 'x86_64-conda-linux-gnu-cc (Anaconda gcc) 11.2.0'
using Fortran compiler: 'GNU Fortran (conda-forge gcc 11.2.0-16) 11.2.0'
x86_64-conda-linux-gnu-gfortran  -fpic  -march=nocona -mtune=haswell -ftree-vectorize -fPIC -fstack-protector-strong -fno-plt -O2 -ffunction-sections -pipe -isystem /ocean/projects/bio250020p/shared/opt/env/R_env/include -fdebug-prefix-map=/home/conda/feedstock_root/build_artifacts/r-base-split_1740766681150/work=/usr/local/src/conda/r-base-4.4.3 -fdebug-prefix-map=/ocean/projects/bio250020p/shared/opt/env/R_env=/usr/local/src/conda-prefix  -c fish1.f -o fish1.o
x86_64-conda-linux-gnu-cc -I"/ocean/projects/bio250020p/shared/opt/env/R_env/lib/R/include" -DNDEBUG   -DNDEBUG -D_FORTIFY_SOURCE=2 -O2 -isystem /ocean/projects/bio250020p/shared/opt/env/R_env/include -I/ocean/projects/bio250020p/shared/opt/env/R_env/include -Wl,-rpath-link,/ocean/projects/bio250020p/shared/opt/env/R_env/lib    -fpic  -march=nocona -mtune=haswell -ftree-vectorize -fPIC -fstack-protector-strong -fno-plt -O2 -ffunction-sections -pipe -isystem /ocean/projects/bio250020p/shared/opt/env/R_env/include -fdebug-prefix-map=/home/conda/feedstock_root/build_artifacts/r-base-split_1740766681150/work=/usr/local/src/conda/r-base-4.4.3 -fdebug-prefix-map=/ocean/projects/bio250020p/shared/opt/env/R_env=/usr/local/src/conda-prefix  -c init.c -o init.o
x86_64-conda-linux-gnu-cc -shared -L/ocean/projects/bio250020p/shared/opt/env/R_env/lib/R/lib -Wl,-O2 -Wl,--sort-common -Wl,--as-needed -Wl,-z,relro -Wl,-z,now -Wl,--disable-new-dtags -Wl,--gc-sections -Wl,--allow-shlib-undefined -Wl,-rpath,/ocean/projects/bio250020p/shared/opt/env/R_env/lib -Wl,-rpath-link,/ocean/projects/bio250020p/shared/opt/env/R_env/lib -L/ocean/projects/bio250020p/shared/opt/env/R_env/lib -o classInt.so fish1.o init.o -lgfortran -lm -lquadmath -L/ocean/projects/bio250020p/shared/opt/env/R_env/lib/R/lib -lR
installing to /ocean/projects/bio260021p/kbenjamin/projects/angiotensinII_lung/.Rlib/00LOCK-classInt/00new/classInt/libs
** R
** inst
** byte-compile and prepare package for lazy loading
** help
*** installing help indices
** building package indices
** installing vignettes
** testing if installed package can be loaded from temporary location
** checking absolute paths in shared objects and dynamic libraries
** testing if installed package can be loaded from final location
** testing if installed package keeps a record of temporary installation path
* DONE (classInt)
* installing *source* package 'brio' ...
** package 'brio' successfully unpacked and MD5 sums checked
** using staged installation
** libs
using C compiler: 'x86_64-conda-linux-gnu-cc (Anaconda gcc) 11.2.0'
x86_64-conda-linux-gnu-cc -I"/ocean/projects/bio250020p/shared/opt/env/R_env/lib/R/include" -DNDEBUG   -DNDEBUG -D_FORTIFY_SOURCE=2 -O2 -isystem /ocean/projects/bio250020p/shared/opt/env/R_env/include -I/ocean/projects/bio250020p/shared/opt/env/R_env/include -Wl,-rpath-link,/ocean/projects/bio250020p/shared/opt/env/R_env/lib    -fpic  -march=nocona -mtune=haswell -ftree-vectorize -fPIC -fstack-protector-strong -fno-plt -O2 -ffunction-sections -pipe -isystem /ocean/projects/bio250020p/shared/opt/env/R_env/include -fdebug-prefix-map=/home/conda/feedstock_root/build_artifacts/r-base-split_1740766681150/work=/usr/local/src/conda/r-base-4.4.3 -fdebug-prefix-map=/ocean/projects/bio250020p/shared/opt/env/R_env=/usr/local/src/conda-prefix  -c brio.c -o brio.o
x86_64-conda-linux-gnu-cc -I"/ocean/projects/bio250020p/shared/opt/env/R_env/lib/R/include" -DNDEBUG   -DNDEBUG -D_FORTIFY_SOURCE=2 -O2 -isystem /ocean/projects/bio250020p/shared/opt/env/R_env/include -I/ocean/projects/bio250020p/shared/opt/env/R_env/include -Wl,-rpath-link,/ocean/projects/bio250020p/shared/opt/env/R_env/lib    -fpic  -march=nocona -mtune=haswell -ftree-vectorize -fPIC -fstack-protector-strong -fno-plt -O2 -ffunction-sections -pipe -isystem /ocean/projects/bio250020p/shared/opt/env/R_env/include -fdebug-prefix-map=/home/conda/feedstock_root/build_artifacts/r-base-split_1740766681150/work=/usr/local/src/conda/r-base-4.4.3 -fdebug-prefix-map=/ocean/projects/bio250020p/shared/opt/env/R_env=/usr/local/src/conda-prefix  -c file_line_endings.c -o file_line_endings.o
x86_64-conda-linux-gnu-cc -I"/ocean/projects/bio250020p/shared/opt/env/R_env/lib/R/include" -DNDEBUG   -DNDEBUG -D_FORTIFY_SOURCE=2 -O2 -isystem /ocean/projects/bio250020p/shared/opt/env/R_env/include -I/ocean/projects/bio250020p/shared/opt/env/R_env/include -Wl,-rpath-link,/ocean/projects/bio250020p/shared/opt/env/R_env/lib    -fpic  -march=nocona -mtune=haswell -ftree-vectorize -fPIC -fstack-protector-strong -fno-plt -O2 -ffunction-sections -pipe -isystem /ocean/projects/bio250020p/shared/opt/env/R_env/include -fdebug-prefix-map=/home/conda/feedstock_root/build_artifacts/r-base-split_1740766681150/work=/usr/local/src/conda/r-base-4.4.3 -fdebug-prefix-map=/ocean/projects/bio250020p/shared/opt/env/R_env=/usr/local/src/conda-prefix  -c init.c -o init.o
x86_64-conda-linux-gnu-cc -I"/ocean/projects/bio250020p/shared/opt/env/R_env/lib/R/include" -DNDEBUG   -DNDEBUG -D_FORTIFY_SOURCE=2 -O2 -isystem /ocean/projects/bio250020p/shared/opt/env/R_env/include -I/ocean/projects/bio250020p/shared/opt/env/R_env/include -Wl,-rpath-link,/ocean/projects/bio250020p/shared/opt/env/R_env/lib    -fpic  -march=nocona -mtune=haswell -ftree-vectorize -fPIC -fstack-protector-strong -fno-plt -O2 -ffunction-sections -pipe -isystem /ocean/projects/bio250020p/shared/opt/env/R_env/include -fdebug-prefix-map=/home/conda/feedstock_root/build_artifacts/r-base-split_1740766681150/work=/usr/local/src/conda/r-base-4.4.3 -fdebug-prefix-map=/ocean/projects/bio250020p/shared/opt/env/R_env=/usr/local/src/conda-prefix  -c read_file.c -o read_file.o
x86_64-conda-linux-gnu-cc -I"/ocean/projects/bio250020p/shared/opt/env/R_env/lib/R/include" -DNDEBUG   -DNDEBUG -D_FORTIFY_SOURCE=2 -O2 -isystem /ocean/projects/bio250020p/shared/opt/env/R_env/include -I/ocean/projects/bio250020p/shared/opt/env/R_env/include -Wl,-rpath-link,/ocean/projects/bio250020p/shared/opt/env/R_env/lib    -fpic  -march=nocona -mtune=haswell -ftree-vectorize -fPIC -fstack-protector-strong -fno-plt -O2 -ffunction-sections -pipe -isystem /ocean/projects/bio250020p/shared/opt/env/R_env/include -fdebug-prefix-map=/home/conda/feedstock_root/build_artifacts/r-base-split_1740766681150/work=/usr/local/src/conda/r-base-4.4.3 -fdebug-prefix-map=/ocean/projects/bio250020p/shared/opt/env/R_env=/usr/local/src/conda-prefix  -c read_file_raw.c -o read_file_raw.o
x86_64-conda-linux-gnu-cc -I"/ocean/projects/bio250020p/shared/opt/env/R_env/lib/R/include" -DNDEBUG   -DNDEBUG -D_FORTIFY_SOURCE=2 -O2 -isystem /ocean/projects/bio250020p/shared/opt/env/R_env/include -I/ocean/projects/bio250020p/shared/opt/env/R_env/include -Wl,-rpath-link,/ocean/projects/bio250020p/shared/opt/env/R_env/lib    -fpic  -march=nocona -mtune=haswell -ftree-vectorize -fPIC -fstack-protector-strong -fno-plt -O2 -ffunction-sections -pipe -isystem /ocean/projects/bio250020p/shared/opt/env/R_env/include -fdebug-prefix-map=/home/conda/feedstock_root/build_artifacts/r-base-split_1740766681150/work=/usr/local/src/conda/r-base-4.4.3 -fdebug-prefix-map=/ocean/projects/bio250020p/shared/opt/env/R_env=/usr/local/src/conda-prefix  -c read_lines.c -o read_lines.o
x86_64-conda-linux-gnu-cc -I"/ocean/projects/bio250020p/shared/opt/env/R_env/lib/R/include" -DNDEBUG   -DNDEBUG -D_FORTIFY_SOURCE=2 -O2 -isystem /ocean/projects/bio250020p/shared/opt/env/R_env/include -I/ocean/projects/bio250020p/shared/opt/env/R_env/include -Wl,-rpath-link,/ocean/projects/bio250020p/shared/opt/env/R_env/lib    -fpic  -march=nocona -mtune=haswell -ftree-vectorize -fPIC -fstack-protector-strong -fno-plt -O2 -ffunction-sections -pipe -isystem /ocean/projects/bio250020p/shared/opt/env/R_env/include -fdebug-prefix-map=/home/conda/feedstock_root/build_artifacts/r-base-split_1740766681150/work=/usr/local/src/conda/r-base-4.4.3 -fdebug-prefix-map=/ocean/projects/bio250020p/shared/opt/env/R_env=/usr/local/src/conda-prefix  -c write_file.c -o write_file.o
x86_64-conda-linux-gnu-cc -I"/ocean/projects/bio250020p/shared/opt/env/R_env/lib/R/include" -DNDEBUG   -DNDEBUG -D_FORTIFY_SOURCE=2 -O2 -isystem /ocean/projects/bio250020p/shared/opt/env/R_env/include -I/ocean/projects/bio250020p/shared/opt/env/R_env/include -Wl,-rpath-link,/ocean/projects/bio250020p/shared/opt/env/R_env/lib    -fpic  -march=nocona -mtune=haswell -ftree-vectorize -fPIC -fstack-protector-strong -fno-plt -O2 -ffunction-sections -pipe -isystem /ocean/projects/bio250020p/shared/opt/env/R_env/include -fdebug-prefix-map=/home/conda/feedstock_root/build_artifacts/r-base-split_1740766681150/work=/usr/local/src/conda/r-base-4.4.3 -fdebug-prefix-map=/ocean/projects/bio250020p/shared/opt/env/R_env=/usr/local/src/conda-prefix  -c write_file_raw.c -o write_file_raw.o
x86_64-conda-linux-gnu-cc -I"/ocean/projects/bio250020p/shared/opt/env/R_env/lib/R/include" -DNDEBUG   -DNDEBUG -D_FORTIFY_SOURCE=2 -O2 -isystem /ocean/projects/bio250020p/shared/opt/env/R_env/include -I/ocean/projects/bio250020p/shared/opt/env/R_env/include -Wl,-rpath-link,/ocean/projects/bio250020p/shared/opt/env/R_env/lib    -fpic  -march=nocona -mtune=haswell -ftree-vectorize -fPIC -fstack-protector-strong -fno-plt -O2 -ffunction-sections -pipe -isystem /ocean/projects/bio250020p/shared/opt/env/R_env/include -fdebug-prefix-map=/home/conda/feedstock_root/build_artifacts/r-base-split_1740766681150/work=/usr/local/src/conda/r-base-4.4.3 -fdebug-prefix-map=/ocean/projects/bio250020p/shared/opt/env/R_env=/usr/local/src/conda-prefix  -c write_lines.c -o write_lines.o
x86_64-conda-linux-gnu-cc -shared -L/ocean/projects/bio250020p/shared/opt/env/R_env/lib/R/lib -Wl,-O2 -Wl,--sort-common -Wl,--as-needed -Wl,-z,relro -Wl,-z,now -Wl,--disable-new-dtags -Wl,--gc-sections -Wl,--allow-shlib-undefined -Wl,-rpath,/ocean/projects/bio250020p/shared/opt/env/R_env/lib -Wl,-rpath-link,/ocean/projects/bio250020p/shared/opt/env/R_env/lib -L/ocean/projects/bio250020p/shared/opt/env/R_env/lib -o brio.so brio.o file_line_endings.o init.o read_file.o read_file_raw.o read_lines.o write_file.o write_file_raw.o write_lines.o -L/ocean/projects/bio250020p/shared/opt/env/R_env/lib/R/lib -lR
installing to /ocean/projects/bio260021p/kbenjamin/projects/angiotensinII_lung/.Rlib/00LOCK-brio/00new/brio/libs
** R
** byte-compile and prepare package for lazy loading
** help
*** installing help indices
** building package indices
** testing if installed package can be loaded from temporary location
** checking absolute paths in shared objects and dynamic libraries
** testing if installed package can be loaded from final location
** testing if installed package keeps a record of temporary installation path
* DONE (brio)
* installing *source* package 'covr' ...
** package 'covr' successfully unpacked and MD5 sums checked
** using staged installation
** libs
using C compiler: 'x86_64-conda-linux-gnu-cc (Anaconda gcc) 11.2.0'
x86_64-conda-linux-gnu-cc -I"/ocean/projects/bio250020p/shared/opt/env/R_env/lib/R/include" -DNDEBUG   -DNDEBUG -D_FORTIFY_SOURCE=2 -O2 -isystem /ocean/projects/bio250020p/shared/opt/env/R_env/include -I/ocean/projects/bio250020p/shared/opt/env/R_env/include -Wl,-rpath-link,/ocean/projects/bio250020p/shared/opt/env/R_env/lib    -fpic  -march=nocona -mtune=haswell -ftree-vectorize -fPIC -fstack-protector-strong -fno-plt -O2 -ffunction-sections -pipe -isystem /ocean/projects/bio250020p/shared/opt/env/R_env/include -fdebug-prefix-map=/home/conda/feedstock_root/build_artifacts/r-base-split_1740766681150/work=/usr/local/src/conda/r-base-4.4.3 -fdebug-prefix-map=/ocean/projects/bio250020p/shared/opt/env/R_env=/usr/local/src/conda-prefix  -c reassign.c -o reassign.o
x86_64-conda-linux-gnu-cc -shared -L/ocean/projects/bio250020p/shared/opt/env/R_env/lib/R/lib -Wl,-O2 -Wl,--sort-common -Wl,--as-needed -Wl,-z,relro -Wl,-z,now -Wl,--disable-new-dtags -Wl,--gc-sections -Wl,--allow-shlib-undefined -Wl,-rpath,/ocean/projects/bio250020p/shared/opt/env/R_env/lib -Wl,-rpath-link,/ocean/projects/bio250020p/shared/opt/env/R_env/lib -L/ocean/projects/bio250020p/shared/opt/env/R_env/lib -o covr.so reassign.o -L/ocean/projects/bio250020p/shared/opt/env/R_env/lib/R/lib -lR
installing to /ocean/projects/bio260021p/kbenjamin/projects/angiotensinII_lung/.Rlib/00LOCK-covr/00new/covr/libs
** R
** inst
** byte-compile and prepare package for lazy loading
** help
*** installing help indices
*** copying figures
** building package indices
** installing vignettes
** testing if installed package can be loaded from temporary location
** checking absolute paths in shared objects and dynamic libraries
** testing if installed package can be loaded from final location
** testing if installed package keeps a record of temporary installation path
* DONE (covr)
* installing *source* package 'mco' ...
** package 'mco' successfully unpacked and MD5 sums checked
** using staged installation
** libs
using C compiler: 'x86_64-conda-linux-gnu-cc (Anaconda gcc) 11.2.0'
x86_64-conda-linux-gnu-cc -I"/ocean/projects/bio250020p/shared/opt/env/R_env/lib/R/include" -DNDEBUG -DVARIANT=4  -DNDEBUG -D_FORTIFY_SOURCE=2 -O2 -isystem /ocean/projects/bio250020p/shared/opt/env/R_env/include -I/ocean/projects/bio250020p/shared/opt/env/R_env/include -Wl,-rpath-link,/ocean/projects/bio250020p/shared/opt/env/R_env/lib    -fpic  -march=nocona -mtune=haswell -ftree-vectorize -fPIC -fstack-protector-strong -fno-plt -O2 -ffunction-sections -pipe -isystem /ocean/projects/bio250020p/shared/opt/env/R_env/include -fdebug-prefix-map=/home/conda/feedstock_root/build_artifacts/r-base-split_1740766681150/work=/usr/local/src/conda/r-base-4.4.3 -fdebug-prefix-map=/ocean/projects/bio250020p/shared/opt/env/R_env=/usr/local/src/conda-prefix  -c avl.c -o avl.o
x86_64-conda-linux-gnu-cc -I"/ocean/projects/bio250020p/shared/opt/env/R_env/lib/R/include" -DNDEBUG -DVARIANT=4  -DNDEBUG -D_FORTIFY_SOURCE=2 -O2 -isystem /ocean/projects/bio250020p/shared/opt/env/R_env/include -I/ocean/projects/bio250020p/shared/opt/env/R_env/include -Wl,-rpath-link,/ocean/projects/bio250020p/shared/opt/env/R_env/lib    -fpic  -march=nocona -mtune=haswell -ftree-vectorize -fPIC -fstack-protector-strong -fno-plt -O2 -ffunction-sections -pipe -isystem /ocean/projects/bio250020p/shared/opt/env/R_env/include -fdebug-prefix-map=/home/conda/feedstock_root/build_artifacts/r-base-split_1740766681150/work=/usr/local/src/conda/r-base-4.4.3 -fdebug-prefix-map=/ocean/projects/bio250020p/shared/opt/env/R_env=/usr/local/src/conda-prefix  -c eps_ind.c -o eps_ind.o
x86_64-conda-linux-gnu-cc -I"/ocean/projects/bio250020p/shared/opt/env/R_env/lib/R/include" -DNDEBUG -DVARIANT=4  -DNDEBUG -D_FORTIFY_SOURCE=2 -O2 -isystem /ocean/projects/bio250020p/shared/opt/env/R_env/include -I/ocean/projects/bio250020p/shared/opt/env/R_env/include -Wl,-rpath-link,/ocean/projects/bio250020p/shared/opt/env/R_env/lib    -fpic  -march=nocona -mtune=haswell -ftree-vectorize -fPIC -fstack-protector-strong -fno-plt -O2 -ffunction-sections -pipe -isystem /ocean/projects/bio250020p/shared/opt/env/R_env/include -fdebug-prefix-map=/home/conda/feedstock_root/build_artifacts/r-base-split_1740766681150/work=/usr/local/src/conda/r-base-4.4.3 -fdebug-prefix-map=/ocean/projects/bio250020p/shared/opt/env/R_env=/usr/local/src/conda-prefix  -c hv.c -o hv.o
x86_64-conda-linux-gnu-cc -I"/ocean/projects/bio250020p/shared/opt/env/R_env/lib/R/include" -DNDEBUG -DVARIANT=4  -DNDEBUG -D_FORTIFY_SOURCE=2 -O2 -isystem /ocean/projects/bio250020p/shared/opt/env/R_env/include -I/ocean/projects/bio250020p/shared/opt/env/R_env/include -Wl,-rpath-link,/ocean/projects/bio250020p/shared/opt/env/R_env/lib    -fpic  -march=nocona -mtune=haswell -ftree-vectorize -fPIC -fstack-protector-strong -fno-plt -O2 -ffunction-sections -pipe -isystem /ocean/projects/bio250020p/shared/opt/env/R_env/include -fdebug-prefix-map=/home/conda/feedstock_root/build_artifacts/r-base-split_1740766681150/work=/usr/local/src/conda/r-base-4.4.3 -fdebug-prefix-map=/ocean/projects/bio250020p/shared/opt/env/R_env=/usr/local/src/conda-prefix  -c hv_interface.c -o hv_interface.o
x86_64-conda-linux-gnu-cc -I"/ocean/projects/bio250020p/shared/opt/env/R_env/lib/R/include" -DNDEBUG -DVARIANT=4  -DNDEBUG -D_FORTIFY_SOURCE=2 -O2 -isystem /ocean/projects/bio250020p/shared/opt/env/R_env/include -I/ocean/projects/bio250020p/shared/opt/env/R_env/include -Wl,-rpath-link,/ocean/projects/bio250020p/shared/opt/env/R_env/lib    -fpic  -march=nocona -mtune=haswell -ftree-vectorize -fPIC -fstack-protector-strong -fno-plt -O2 -ffunction-sections -pipe -isystem /ocean/projects/bio250020p/shared/opt/env/R_env/include -fdebug-prefix-map=/home/conda/feedstock_root/build_artifacts/r-base-split_1740766681150/work=/usr/local/src/conda/r-base-4.4.3 -fdebug-prefix-map=/ocean/projects/bio250020p/shared/opt/env/R_env=/usr/local/src/conda-prefix  -c mco.c -o mco.o
x86_64-conda-linux-gnu-cc -I"/ocean/projects/bio250020p/shared/opt/env/R_env/lib/R/include" -DNDEBUG -DVARIANT=4  -DNDEBUG -D_FORTIFY_SOURCE=2 -O2 -isystem /ocean/projects/bio250020p/shared/opt/env/R_env/include -I/ocean/projects/bio250020p/shared/opt/env/R_env/include -Wl,-rpath-link,/ocean/projects/bio250020p/shared/opt/env/R_env/lib    -fpic  -march=nocona -mtune=haswell -ftree-vectorize -fPIC -fstack-protector-strong -fno-plt -O2 -ffunction-sections -pipe -isystem /ocean/projects/bio250020p/shared/opt/env/R_env/include -fdebug-prefix-map=/home/conda/feedstock_root/build_artifacts/r-base-split_1740766681150/work=/usr/local/src/conda/r-base-4.4.3 -fdebug-prefix-map=/ocean/projects/bio250020p/shared/opt/env/R_env=/usr/local/src/conda-prefix  -c nsga2.c -o nsga2.o
x86_64-conda-linux-gnu-cc -shared -L/ocean/projects/bio250020p/shared/opt/env/R_env/lib/R/lib -Wl,-O2 -Wl,--sort-common -Wl,--as-needed -Wl,-z,relro -Wl,-z,now -Wl,--disable-new-dtags -Wl,--gc-sections -Wl,--allow-shlib-undefined -Wl,-rpath,/ocean/projects/bio250020p/shared/opt/env/R_env/lib -Wl,-rpath-link,/ocean/projects/bio250020p/shared/opt/env/R_env/lib -L/ocean/projects/bio250020p/shared/opt/env/R_env/lib -o mco.so avl.o eps_ind.o hv.o hv_interface.o mco.o nsga2.o -L/ocean/projects/bio250020p/shared/opt/env/R_env/lib/R/lib -lR
installing to /ocean/projects/bio260021p/kbenjamin/projects/angiotensinII_lung/.Rlib/00LOCK-mco/00new/mco/libs
** R
** byte-compile and prepare package for lazy loading
** help
*** installing help indices
** building package indices
** testing if installed package can be loaded from temporary location
** checking absolute paths in shared objects and dynamic libraries
** testing if installed package can be loaded from final location
** testing if installed package keeps a record of temporary installation path
* DONE (mco)
* installing *source* package 'forecast' ...
** package 'forecast' successfully unpacked and MD5 sums checked
** using staged installation
** libs
using C compiler: 'x86_64-conda-linux-gnu-cc (Anaconda gcc) 11.2.0'
using C++ compiler: 'x86_64-conda-linux-gnu-c++ (Anaconda gcc) 11.2.0'
x86_64-conda-linux-gnu-c++ -std=gnu++17 -I"/ocean/projects/bio250020p/shared/opt/env/R_env/lib/R/include" -DNDEBUG  -I'/ocean/projects/bio250020p/shared/opt/env/R_env/lib/R/library/Rcpp/include' -I'/ocean/projects/bio250020p/shared/opt/env/R_env/lib/R/library/RcppArmadillo/include' -DNDEBUG -D_FORTIFY_SOURCE=2 -O2 -isystem /ocean/projects/bio250020p/shared/opt/env/R_env/include -I/ocean/projects/bio250020p/shared/opt/env/R_env/include -Wl,-rpath-link,/ocean/projects/bio250020p/shared/opt/env/R_env/lib   -fopenmp -DR_NO_REMAP -fpic  -fvisibility-inlines-hidden  -fmessage-length=0 -march=nocona -mtune=haswell -ftree-vectorize -fPIC -fstack-protector-strong -fno-plt -O2 -ffunction-sections -pipe -isystem /ocean/projects/bio250020p/shared/opt/env/R_env/include -fdebug-prefix-map=/home/conda/feedstock_root/build_artifacts/r-base-split_1740766681150/work=/usr/local/src/conda/r-base-4.4.3 -fdebug-prefix-map=/ocean/projects/bio250020p/shared/opt/env/R_env=/usr/local/src/conda-prefix   -c RcppExports.cpp -o RcppExports.o
x86_64-conda-linux-gnu-c++ -std=gnu++17 -I"/ocean/projects/bio250020p/shared/opt/env/R_env/lib/R/include" -DNDEBUG  -I'/ocean/projects/bio250020p/shared/opt/env/R_env/lib/R/library/Rcpp/include' -I'/ocean/projects/bio250020p/shared/opt/env/R_env/lib/R/library/RcppArmadillo/include' -DNDEBUG -D_FORTIFY_SOURCE=2 -O2 -isystem /ocean/projects/bio250020p/shared/opt/env/R_env/include -I/ocean/projects/bio250020p/shared/opt/env/R_env/include -Wl,-rpath-link,/ocean/projects/bio250020p/shared/opt/env/R_env/lib   -fopenmp -DR_NO_REMAP -fpic  -fvisibility-inlines-hidden  -fmessage-length=0 -march=nocona -mtune=haswell -ftree-vectorize -fPIC -fstack-protector-strong -fno-plt -O2 -ffunction-sections -pipe -isystem /ocean/projects/bio250020p/shared/opt/env/R_env/include -fdebug-prefix-map=/home/conda/feedstock_root/build_artifacts/r-base-split_1740766681150/work=/usr/local/src/conda/r-base-4.4.3 -fdebug-prefix-map=/ocean/projects/bio250020p/shared/opt/env/R_env=/usr/local/src/conda-prefix   -c calcBATS.cpp -o calcBATS.o
x86_64-conda-linux-gnu-c++ -std=gnu++17 -I"/ocean/projects/bio250020p/shared/opt/env/R_env/lib/R/include" -DNDEBUG  -I'/ocean/projects/bio250020p/shared/opt/env/R_env/lib/R/library/Rcpp/include' -I'/ocean/projects/bio250020p/shared/opt/env/R_env/lib/R/library/RcppArmadillo/include' -DNDEBUG -D_FORTIFY_SOURCE=2 -O2 -isystem /ocean/projects/bio250020p/shared/opt/env/R_env/include -I/ocean/projects/bio250020p/shared/opt/env/R_env/include -Wl,-rpath-link,/ocean/projects/bio250020p/shared/opt/env/R_env/lib   -fopenmp -DR_NO_REMAP -fpic  -fvisibility-inlines-hidden  -fmessage-length=0 -march=nocona -mtune=haswell -ftree-vectorize -fPIC -fstack-protector-strong -fno-plt -O2 -ffunction-sections -pipe -isystem /ocean/projects/bio250020p/shared/opt/env/R_env/include -fdebug-prefix-map=/home/conda/feedstock_root/build_artifacts/r-base-split_1740766681150/work=/usr/local/src/conda/r-base-4.4.3 -fdebug-prefix-map=/ocean/projects/bio250020p/shared/opt/env/R_env=/usr/local/src/conda-prefix   -c calcTBATS.cpp -o calcTBATS.o
x86_64-conda-linux-gnu-c++ -std=gnu++17 -I"/ocean/projects/bio250020p/shared/opt/env/R_env/lib/R/include" -DNDEBUG  -I'/ocean/projects/bio250020p/shared/opt/env/R_env/lib/R/library/Rcpp/include' -I'/ocean/projects/bio250020p/shared/opt/env/R_env/lib/R/library/RcppArmadillo/include' -DNDEBUG -D_FORTIFY_SOURCE=2 -O2 -isystem /ocean/projects/bio250020p/shared/opt/env/R_env/include -I/ocean/projects/bio250020p/shared/opt/env/R_env/include -Wl,-rpath-link,/ocean/projects/bio250020p/shared/opt/env/R_env/lib   -fopenmp -DR_NO_REMAP -fpic  -fvisibility-inlines-hidden  -fmessage-length=0 -march=nocona -mtune=haswell -ftree-vectorize -fPIC -fstack-protector-strong -fno-plt -O2 -ffunction-sections -pipe -isystem /ocean/projects/bio250020p/shared/opt/env/R_env/include -fdebug-prefix-map=/home/conda/feedstock_root/build_artifacts/r-base-split_1740766681150/work=/usr/local/src/conda/r-base-4.4.3 -fdebug-prefix-map=/ocean/projects/bio250020p/shared/opt/env/R_env=/usr/local/src/conda-prefix   -c etsTargetFunction.cpp -o etsTargetFunction.o
x86_64-conda-linux-gnu-c++ -std=gnu++17 -I"/ocean/projects/bio250020p/shared/opt/env/R_env/lib/R/include" -DNDEBUG  -I'/ocean/projects/bio250020p/shared/opt/env/R_env/lib/R/library/Rcpp/include' -I'/ocean/projects/bio250020p/shared/opt/env/R_env/lib/R/library/RcppArmadillo/include' -DNDEBUG -D_FORTIFY_SOURCE=2 -O2 -isystem /ocean/projects/bio250020p/shared/opt/env/R_env/include -I/ocean/projects/bio250020p/shared/opt/env/R_env/include -Wl,-rpath-link,/ocean/projects/bio250020p/shared/opt/env/R_env/lib   -fopenmp -DR_NO_REMAP -fpic  -fvisibility-inlines-hidden  -fmessage-length=0 -march=nocona -mtune=haswell -ftree-vectorize -fPIC -fstack-protector-strong -fno-plt -O2 -ffunction-sections -pipe -isystem /ocean/projects/bio250020p/shared/opt/env/R_env/include -fdebug-prefix-map=/home/conda/feedstock_root/build_artifacts/r-base-split_1740766681150/work=/usr/local/src/conda/r-base-4.4.3 -fdebug-prefix-map=/ocean/projects/bio250020p/shared/opt/env/R_env=/usr/local/src/conda-prefix   -c etsTargetFunctionWrapper.cpp -o etsTargetFunctionWrapper.o
x86_64-conda-linux-gnu-cc -I"/ocean/projects/bio250020p/shared/opt/env/R_env/lib/R/include" -DNDEBUG  -I'/ocean/projects/bio250020p/shared/opt/env/R_env/lib/R/library/Rcpp/include' -I'/ocean/projects/bio250020p/shared/opt/env/R_env/lib/R/library/RcppArmadillo/include' -DNDEBUG -D_FORTIFY_SOURCE=2 -O2 -isystem /ocean/projects/bio250020p/shared/opt/env/R_env/include -I/ocean/projects/bio250020p/shared/opt/env/R_env/include -Wl,-rpath-link,/ocean/projects/bio250020p/shared/opt/env/R_env/lib    -fpic  -march=nocona -mtune=haswell -ftree-vectorize -fPIC -fstack-protector-strong -fno-plt -O2 -ffunction-sections -pipe -isystem /ocean/projects/bio250020p/shared/opt/env/R_env/include -fdebug-prefix-map=/home/conda/feedstock_root/build_artifacts/r-base-split_1740766681150/work=/usr/local/src/conda/r-base-4.4.3 -fdebug-prefix-map=/ocean/projects/bio250020p/shared/opt/env/R_env=/usr/local/src/conda-prefix  -c etscalc.c -o etscalc.o
x86_64-conda-linux-gnu-cc -I"/ocean/projects/bio250020p/shared/opt/env/R_env/lib/R/include" -DNDEBUG  -I'/ocean/projects/bio250020p/shared/opt/env/R_env/lib/R/library/Rcpp/include' -I'/ocean/projects/bio250020p/shared/opt/env/R_env/lib/R/library/RcppArmadillo/include' -DNDEBUG -D_FORTIFY_SOURCE=2 -O2 -isystem /ocean/projects/bio250020p/shared/opt/env/R_env/include -I/ocean/projects/bio250020p/shared/opt/env/R_env/include -Wl,-rpath-link,/ocean/projects/bio250020p/shared/opt/env/R_env/lib    -fpic  -march=nocona -mtune=haswell -ftree-vectorize -fPIC -fstack-protector-strong -fno-plt -O2 -ffunction-sections -pipe -isystem /ocean/projects/bio250020p/shared/opt/env/R_env/include -fdebug-prefix-map=/home/conda/feedstock_root/build_artifacts/r-base-split_1740766681150/work=/usr/local/src/conda/r-base-4.4.3 -fdebug-prefix-map=/ocean/projects/bio250020p/shared/opt/env/R_env=/usr/local/src/conda-prefix  -c etspolyroot.c -o etspolyroot.o
x86_64-conda-linux-gnu-c++ -std=gnu++17 -I"/ocean/projects/bio250020p/shared/opt/env/R_env/lib/R/include" -DNDEBUG  -I'/ocean/projects/bio250020p/shared/opt/env/R_env/lib/R/library/Rcpp/include' -I'/ocean/projects/bio250020p/shared/opt/env/R_env/lib/R/library/RcppArmadillo/include' -DNDEBUG -D_FORTIFY_SOURCE=2 -O2 -isystem /ocean/projects/bio250020p/shared/opt/env/R_env/include -I/ocean/projects/bio250020p/shared/opt/env/R_env/include -Wl,-rpath-link,/ocean/projects/bio250020p/shared/opt/env/R_env/lib   -fopenmp -DR_NO_REMAP -fpic  -fvisibility-inlines-hidden  -fmessage-length=0 -march=nocona -mtune=haswell -ftree-vectorize -fPIC -fstack-protector-strong -fno-plt -O2 -ffunction-sections -pipe -isystem /ocean/projects/bio250020p/shared/opt/env/R_env/include -fdebug-prefix-map=/home/conda/feedstock_root/build_artifacts/r-base-split_1740766681150/work=/usr/local/src/conda/r-base-4.4.3 -fdebug-prefix-map=/ocean/projects/bio250020p/shared/opt/env/R_env=/usr/local/src/conda-prefix   -c makeBATSMatrices.cpp -o makeBATSMatrices.o
x86_64-conda-linux-gnu-c++ -std=gnu++17 -I"/ocean/projects/bio250020p/shared/opt/env/R_env/lib/R/include" -DNDEBUG  -I'/ocean/projects/bio250020p/shared/opt/env/R_env/lib/R/library/Rcpp/include' -I'/ocean/projects/bio250020p/shared/opt/env/R_env/lib/R/library/RcppArmadillo/include' -DNDEBUG -D_FORTIFY_SOURCE=2 -O2 -isystem /ocean/projects/bio250020p/shared/opt/env/R_env/include -I/ocean/projects/bio250020p/shared/opt/env/R_env/include -Wl,-rpath-link,/ocean/projects/bio250020p/shared/opt/env/R_env/lib   -fopenmp -DR_NO_REMAP -fpic  -fvisibility-inlines-hidden  -fmessage-length=0 -march=nocona -mtune=haswell -ftree-vectorize -fPIC -fstack-protector-strong -fno-plt -O2 -ffunction-sections -pipe -isystem /ocean/projects/bio250020p/shared/opt/env/R_env/include -fdebug-prefix-map=/home/conda/feedstock_root/build_artifacts/r-base-split_1740766681150/work=/usr/local/src/conda/r-base-4.4.3 -fdebug-prefix-map=/ocean/projects/bio250020p/shared/opt/env/R_env=/usr/local/src/conda-prefix   -c makeTBATSMatrices.cpp -o makeTBATSMatrices.o
x86_64-conda-linux-gnu-c++ -std=gnu++17 -I"/ocean/projects/bio250020p/shared/opt/env/R_env/lib/R/include" -DNDEBUG  -I'/ocean/projects/bio250020p/shared/opt/env/R_env/lib/R/library/Rcpp/include' -I'/ocean/projects/bio250020p/shared/opt/env/R_env/lib/R/library/RcppArmadillo/include' -DNDEBUG -D_FORTIFY_SOURCE=2 -O2 -isystem /ocean/projects/bio250020p/shared/opt/env/R_env/include -I/ocean/projects/bio250020p/shared/opt/env/R_env/include -Wl,-rpath-link,/ocean/projects/bio250020p/shared/opt/env/R_env/lib   -fopenmp -DR_NO_REMAP -fpic  -fvisibility-inlines-hidden  -fmessage-length=0 -march=nocona -mtune=haswell -ftree-vectorize -fPIC -fstack-protector-strong -fno-plt -O2 -ffunction-sections -pipe -isystem /ocean/projects/bio250020p/shared/opt/env/R_env/include -fdebug-prefix-map=/home/conda/feedstock_root/build_artifacts/r-base-split_1740766681150/work=/usr/local/src/conda/r-base-4.4.3 -fdebug-prefix-map=/ocean/projects/bio250020p/shared/opt/env/R_env=/usr/local/src/conda-prefix   -c updateMatrices.cpp -o updateMatrices.o
x86_64-conda-linux-gnu-c++ -std=gnu++17 -I"/ocean/projects/bio250020p/shared/opt/env/R_env/lib/R/include" -DNDEBUG  -I'/ocean/projects/bio250020p/shared/opt/env/R_env/lib/R/library/Rcpp/include' -I'/ocean/projects/bio250020p/shared/opt/env/R_env/lib/R/library/RcppArmadillo/include' -DNDEBUG -D_FORTIFY_SOURCE=2 -O2 -isystem /ocean/projects/bio250020p/shared/opt/env/R_env/include -I/ocean/projects/bio250020p/shared/opt/env/R_env/include -Wl,-rpath-link,/ocean/projects/bio250020p/shared/opt/env/R_env/lib   -fopenmp -DR_NO_REMAP -fpic  -fvisibility-inlines-hidden  -fmessage-length=0 -march=nocona -mtune=haswell -ftree-vectorize -fPIC -fstack-protector-strong -fno-plt -O2 -ffunction-sections -pipe -isystem /ocean/projects/bio250020p/shared/opt/env/R_env/include -fdebug-prefix-map=/home/conda/feedstock_root/build_artifacts/r-base-split_1740766681150/work=/usr/local/src/conda/r-base-4.4.3 -fdebug-prefix-map=/ocean/projects/bio250020p/shared/opt/env/R_env=/usr/local/src/conda-prefix   -c updateTBATSMatrices.cpp -o updateTBATSMatrices.o
x86_64-conda-linux-gnu-c++ -std=gnu++17 -shared -L/ocean/projects/bio250020p/shared/opt/env/R_env/lib/R/lib -Wl,-O2 -Wl,--sort-common -Wl,--as-needed -Wl,-z,relro -Wl,-z,now -Wl,--disable-new-dtags -Wl,--gc-sections -Wl,--allow-shlib-undefined -Wl,-rpath,/ocean/projects/bio250020p/shared/opt/env/R_env/lib -Wl,-rpath-link,/ocean/projects/bio250020p/shared/opt/env/R_env/lib -L/ocean/projects/bio250020p/shared/opt/env/R_env/lib -o forecast.so RcppExports.o calcBATS.o calcTBATS.o etsTargetFunction.o etsTargetFunctionWrapper.o etscalc.o etspolyroot.o makeBATSMatrices.o makeTBATSMatrices.o updateMatrices.o updateTBATSMatrices.o -fopenmp -llapack -lblas -lgfortran -lm -lquadmath -L/ocean/projects/bio250020p/shared/opt/env/R_env/lib/R/lib -lR
installing to /ocean/projects/bio260021p/kbenjamin/projects/angiotensinII_lung/.Rlib/00LOCK-forecast/00new/forecast/libs
** R
** data
*** moving datasets to lazyload DB
** inst
** byte-compile and prepare package for lazy loading
** help
*** installing help indices
*** copying figures
** building package indices
** installing vignettes
** testing if installed package can be loaded from temporary location
** checking absolute paths in shared objects and dynamic libraries
** testing if installed package can be loaded from final location
** testing if installed package keeps a record of temporary installation path
* DONE (forecast)
* installing *source* package 's2' ...
** package 's2' successfully unpacked and MD5 sums checked
** using staged installation
Found OpenSSL pkg-config cflags and libs!
Testing compiler OpenSSL configuration using PKG_CFLAGS=
** Using PKG_CONFIG_PATH=/opt/packages/anaconda3-2024.10-1/lib/pkgconfig:/tmp/RtmpkUwB1F/R.INSTALL3782034552188e/s2/tools/pkgconfig
** Using abseil-cpp from pkg-config
Testing Abseil configuration using PKG_CFLAGS= 
Using PKG_LIBS=-L/opt/packages/anaconda3-2024.10-1/lib -labsl_flags_internal -labsl_flags_marshalling -labsl_flags_reflection -labsl_flags_private_handle_accessor -labsl_flags_commandlineflag -labsl_flags_commandlineflag_internal -labsl_flags_config -labsl_flags_program_name -labsl_raw_hash_set -labsl_hashtablez_sampler -labsl_log_internal_check_op -labsl_log_internal_conditions -labsl_log_internal_message -labsl_examine_stack -labsl_log_internal_format -labsl_log_internal_proto -labsl_log_internal_nullguard -labsl_log_internal_log_sink_set -labsl_log_internal_globals -labsl_log_globals -labsl_hash -labsl_city -labsl_bad_variant_access -labsl_low_level_hash -labsl_vlog_config_internal -labsl_log_internal_fnmatch -labsl_log_sink -labsl_log_entry -labsl_status -labsl_cord -labsl_cordz_info -labsl_cord_internal -labsl_cordz_functions -labsl_exponential_biased -labsl_cordz_handle -labsl_synchronization -labsl_graphcycles_internal -labsl_kernel_timeout_internal -labsl_time -labsl_civil_time -labsl_time_zone -labsl_crc_cord_state -labsl_crc32c -labsl_crc_internal -labsl_crc_cpu_detect -labsl_bad_optional_access -labsl_stacktrace -labsl_strerror -labsl_str_format_internal -labsl_symbolize -labsl_debugging_internal -labsl_demangle_internal -labsl_malloc_internal -labsl_strings -labsl_strings_internal -labsl_string_view -labsl_base -lrt -labsl_spinlock_wait -labsl_int128 -labsl_throw_delegate -labsl_raw_logging_internal -labsl_log_severity -L/opt/packages/anaconda3-2024.10-1/lib -lssl -lcrypto
Using PKG_CFLAGS= 
** libs
using C compiler: 'x86_64-conda-linux-gnu-cc (Anaconda gcc) 11.2.0'
using C++ compiler: 'x86_64-conda-linux-gnu-c++ (Anaconda gcc) 11.2.0'
using C++17
x86_64-conda-linux-gnu-c++ -std=gnu++17 -I"/ocean/projects/bio250020p/shared/opt/env/R_env/lib/R/include" -DNDEBUG -I../src -DSTRICT_R_HEADERS -DRCPP_NO_MASK_RF_ERROR -I'/ocean/projects/bio250020p/shared/opt/env/R_env/lib/R/library/Rcpp/include' -I'/ocean/projects/bio260021p/kbenjamin/projects/angiotensinII_lung/.Rlib/wk/include' -DNDEBUG -D_FORTIFY_SOURCE=2 -O2 -isystem /ocean/projects/bio250020p/shared/opt/env/R_env/include -I/ocean/projects/bio250020p/shared/opt/env/R_env/include -Wl,-rpath-link,/ocean/projects/bio250020p/shared/opt/env/R_env/lib   -pthread -fpic  -fvisibility-inlines-hidden  -fmessage-length=0 -march=nocona -mtune=haswell -ftree-vectorize -fPIC -fstack-protector-strong -fno-plt -O2 -ffunction-sections -pipe -isystem /ocean/projects/bio250020p/shared/opt/env/R_env/include -fdebug-prefix-map=/home/conda/feedstock_root/build_artifacts/r-base-split_1740766681150/work=/usr/local/src/conda/r-base-4.4.3 -fdebug-prefix-map=/ocean/projects/bio250020p/shared/opt/env/R_env=/usr/local/src/conda-prefix   -c cpp-compat.cpp -o cpp-compat.o
x86_64-conda-linux-gnu-c++ -std=gnu++17 -I"/ocean/projects/bio250020p/shared/opt/env/R_env/lib/R/include" -DNDEBUG -I../src -DSTRICT_R_HEADERS -DRCPP_NO_MASK_RF_ERROR -I'/ocean/projects/bio250020p/shared/opt/env/R_env/lib/R/library/Rcpp/include' -I'/ocean/projects/bio260021p/kbenjamin/projects/angiotensinII_lung/.Rlib/wk/include' -DNDEBUG -D_FORTIFY_SOURCE=2 -O2 -isystem /ocean/projects/bio250020p/shared/opt/env/R_env/include -I/ocean/projects/bio250020p/shared/opt/env/R_env/include -Wl,-rpath-link,/ocean/projects/bio250020p/shared/opt/env/R_env/lib   -pthread -fpic  -fvisibility-inlines-hidden  -fmessage-length=0 -march=nocona -mtune=haswell -ftree-vectorize -fPIC -fstack-protector-strong -fno-plt -O2 -ffunction-sections -pipe -isystem /ocean/projects/bio250020p/shared/opt/env/R_env/include -fdebug-prefix-map=/home/conda/feedstock_root/build_artifacts/r-base-split_1740766681150/work=/usr/local/src/conda/r-base-4.4.3 -fdebug-prefix-map=/ocean/projects/bio250020p/shared/opt/env/R_env=/usr/local/src/conda-prefix   -c s2-altrep.cpp -o s2-altrep.o
x86_64-conda-linux-gnu-c++ -std=gnu++17 -I"/ocean/projects/bio250020p/shared/opt/env/R_env/lib/R/include" -DNDEBUG -I../src -DSTRICT_R_HEADERS -DRCPP_NO_MASK_RF_ERROR -I'/ocean/projects/bio250020p/shared/opt/env/R_env/lib/R/library/Rcpp/include' -I'/ocean/projects/bio260021p/kbenjamin/projects/angiotensinII_lung/.Rlib/wk/include' -DNDEBUG -D_FORTIFY_SOURCE=2 -O2 -isystem /ocean/projects/bio250020p/shared/opt/env/R_env/include -I/ocean/projects/bio250020p/shared/opt/env/R_env/include -Wl,-rpath-link,/ocean/projects/bio250020p/shared/opt/env/R_env/lib   -pthread -fpic  -fvisibility-inlines-hidden  -fmessage-length=0 -march=nocona -mtune=haswell -ftree-vectorize -fPIC -fstack-protector-strong -fno-plt -O2 -ffunction-sections -pipe -isystem /ocean/projects/bio250020p/shared/opt/env/R_env/include -fdebug-prefix-map=/home/conda/feedstock_root/build_artifacts/r-base-split_1740766681150/work=/usr/local/src/conda/r-base-4.4.3 -fdebug-prefix-map=/ocean/projects/bio250020p/shared/opt/env/R_env=/usr/local/src/conda-prefix   -c s2-accessors.cpp -o s2-accessors.o
x86_64-conda-linux-gnu-c++ -std=gnu++17 -I"/ocean/projects/bio250020p/shared/opt/env/R_env/lib/R/include" -DNDEBUG -I../src -DSTRICT_R_HEADERS -DRCPP_NO_MASK_RF_ERROR -I'/ocean/projects/bio250020p/shared/opt/env/R_env/lib/R/library/Rcpp/include' -I'/ocean/projects/bio260021p/kbenjamin/projects/angiotensinII_lung/.Rlib/wk/include' -DNDEBUG -D_FORTIFY_SOURCE=2 -O2 -isystem /ocean/projects/bio250020p/shared/opt/env/R_env/include -I/ocean/projects/bio250020p/shared/opt/env/R_env/include -Wl,-rpath-link,/ocean/projects/bio250020p/shared/opt/env/R_env/lib   -pthread -fpic  -fvisibility-inlines-hidden  -fmessage-length=0 -march=nocona -mtune=haswell -ftree-vectorize -fPIC -fstack-protector-strong -fno-plt -O2 -ffunction-sections -pipe -isystem /ocean/projects/bio250020p/shared/opt/env/R_env/include -fdebug-prefix-map=/home/conda/feedstock_root/build_artifacts/r-base-split_1740766681150/work=/usr/local/src/conda/r-base-4.4.3 -fdebug-prefix-map=/ocean/projects/bio250020p/shared/opt/env/R_env=/usr/local/src/conda-prefix   -c s2-bounds.cpp -o s2-bounds.o
x86_64-conda-linux-gnu-c++ -std=gnu++17 -I"/ocean/projects/bio250020p/shared/opt/env/R_env/lib/R/include" -DNDEBUG -I../src -DSTRICT_R_HEADERS -DRCPP_NO_MASK_RF_ERROR -I'/ocean/projects/bio250020p/shared/opt/env/R_env/lib/R/library/Rcpp/include' -I'/ocean/projects/bio260021p/kbenjamin/projects/angiotensinII_lung/.Rlib/wk/include' -DNDEBUG -D_FORTIFY_SOURCE=2 -O2 -isystem /ocean/projects/bio250020p/shared/opt/env/R_env/include -I/ocean/projects/bio250020p/shared/opt/env/R_env/include -Wl,-rpath-link,/ocean/projects/bio250020p/shared/opt/env/R_env/lib   -pthread -fpic  -fvisibility-inlines-hidden  -fmessage-length=0 -march=nocona -mtune=haswell -ftree-vectorize -fPIC -fstack-protector-strong -fno-plt -O2 -ffunction-sections -pipe -isystem /ocean/projects/bio250020p/shared/opt/env/R_env/include -fdebug-prefix-map=/home/conda/feedstock_root/build_artifacts/r-base-split_1740766681150/work=/usr/local/src/conda/r-base-4.4.3 -fdebug-prefix-map=/ocean/projects/bio250020p/shared/opt/env/R_env=/usr/local/src/conda-prefix   -c s2-cell.cpp -o s2-cell.o
x86_64-conda-linux-gnu-c++ -std=gnu++17 -I"/ocean/projects/bio250020p/shared/opt/env/R_env/lib/R/include" -DNDEBUG -I../src -DSTRICT_R_HEADERS -DRCPP_NO_MASK_RF_ERROR -I'/ocean/projects/bio250020p/shared/opt/env/R_env/lib/R/library/Rcpp/include' -I'/ocean/projects/bio260021p/kbenjamin/projects/angiotensinII_lung/.Rlib/wk/include' -DNDEBUG -D_FORTIFY_SOURCE=2 -O2 -isystem /ocean/projects/bio250020p/shared/opt/env/R_env/include -I/ocean/projects/bio250020p/shared/opt/env/R_env/include -Wl,-rpath-link,/ocean/projects/bio250020p/shared/opt/env/R_env/lib   -pthread -fpic  -fvisibility-inlines-hidden  -fmessage-length=0 -march=nocona -mtune=haswell -ftree-vectorize -fPIC -fstack-protector-strong -fno-plt -O2 -ffunction-sections -pipe -isystem /ocean/projects/bio250020p/shared/opt/env/R_env/include -fdebug-prefix-map=/home/conda/feedstock_root/build_artifacts/r-base-split_1740766681150/work=/usr/local/src/conda/r-base-4.4.3 -fdebug-prefix-map=/ocean/projects/bio250020p/shared/opt/env/R_env=/usr/local/src/conda-prefix   -c s2-cell-union.cpp -o s2-cell-union.o
x86_64-conda-linux-gnu-c++ -std=gnu++17 -I"/ocean/projects/bio250020p/shared/opt/env/R_env/lib/R/include" -DNDEBUG -I../src -DSTRICT_R_HEADERS -DRCPP_NO_MASK_RF_ERROR -I'/ocean/projects/bio250020p/shared/opt/env/R_env/lib/R/library/Rcpp/include' -I'/ocean/projects/bio260021p/kbenjamin/projects/angiotensinII_lung/.Rlib/wk/include' -DNDEBUG -D_FORTIFY_SOURCE=2 -O2 -isystem /ocean/projects/bio250020p/shared/opt/env/R_env/include -I/ocean/projects/bio250020p/shared/opt/env/R_env/include -Wl,-rpath-link,/ocean/projects/bio250020p/shared/opt/env/R_env/lib   -pthread -fpic  -fvisibility-inlines-hidden  -fmessage-length=0 -march=nocona -mtune=haswell -ftree-vectorize -fPIC -fstack-protector-strong -fno-plt -O2 -ffunction-sections -pipe -isystem /ocean/projects/bio250020p/shared/opt/env/R_env/include -fdebug-prefix-map=/home/conda/feedstock_root/build_artifacts/r-base-split_1740766681150/work=/usr/local/src/conda/r-base-4.4.3 -fdebug-prefix-map=/ocean/projects/bio250020p/shared/opt/env/R_env=/usr/local/src/conda-prefix   -c s2-constructors-formatters.cpp -o s2-constructors-formatters.o
x86_64-conda-linux-gnu-c++ -std=gnu++17 -I"/ocean/projects/bio250020p/shared/opt/env/R_env/lib/R/include" -DNDEBUG -I../src -DSTRICT_R_HEADERS -DRCPP_NO_MASK_RF_ERROR -I'/ocean/projects/bio250020p/shared/opt/env/R_env/lib/R/library/Rcpp/include' -I'/ocean/projects/bio260021p/kbenjamin/projects/angiotensinII_lung/.Rlib/wk/include' -DNDEBUG -D_FORTIFY_SOURCE=2 -O2 -isystem /ocean/projects/bio250020p/shared/opt/env/R_env/include -I/ocean/projects/bio250020p/shared/opt/env/R_env/include -Wl,-rpath-link,/ocean/projects/bio250020p/shared/opt/env/R_env/lib   -pthread -fpic  -fvisibility-inlines-hidden  -fmessage-length=0 -march=nocona -mtune=haswell -ftree-vectorize -fPIC -fstack-protector-strong -fno-plt -O2 -ffunction-sections -pipe -isystem /ocean/projects/bio250020p/shared/opt/env/R_env/include -fdebug-prefix-map=/home/conda/feedstock_root/build_artifacts/r-base-split_1740766681150/work=/usr/local/src/conda/r-base-4.4.3 -fdebug-prefix-map=/ocean/projects/bio250020p/shared/opt/env/R_env=/usr/local/src/conda-prefix   -c s2-predicates.cpp -o s2-predicates.o
x86_64-conda-linux-gnu-c++ -std=gnu++17 -I"/ocean/projects/bio250020p/shared/opt/env/R_env/lib/R/include" -DNDEBUG -I../src -DSTRICT_R_HEADERS -DRCPP_NO_MASK_RF_ERROR -I'/ocean/projects/bio250020p/shared/opt/env/R_env/lib/R/library/Rcpp/include' -I'/ocean/projects/bio260021p/kbenjamin/projects/angiotensinII_lung/.Rlib/wk/include' -DNDEBUG -D_FORTIFY_SOURCE=2 -O2 -isystem /ocean/projects/bio250020p/shared/opt/env/R_env/include -I/ocean/projects/bio250020p/shared/opt/env/R_env/include -Wl,-rpath-link,/ocean/projects/bio250020p/shared/opt/env/R_env/lib   -pthread -fpic  -fvisibility-inlines-hidden  -fmessage-length=0 -march=nocona -mtune=haswell -ftree-vectorize -fPIC -fstack-protector-strong -fno-plt -O2 -ffunction-sections -pipe -isystem /ocean/projects/bio250020p/shared/opt/env/R_env/include -fdebug-prefix-map=/home/conda/feedstock_root/build_artifacts/r-base-split_1740766681150/work=/usr/local/src/conda/r-base-4.4.3 -fdebug-prefix-map=/ocean/projects/bio250020p/shared/opt/env/R_env=/usr/local/src/conda-prefix   -c s2-transformers.cpp -o s2-transformers.o
x86_64-conda-linux-gnu-c++ -std=gnu++17 -I"/ocean/projects/bio250020p/shared/opt/env/R_env/lib/R/include" -DNDEBUG -I../src -DSTRICT_R_HEADERS -DRCPP_NO_MASK_RF_ERROR -I'/ocean/projects/bio250020p/shared/opt/env/R_env/lib/R/library/Rcpp/include' -I'/ocean/projects/bio260021p/kbenjamin/projects/angiotensinII_lung/.Rlib/wk/include' -DNDEBUG -D_FORTIFY_SOURCE=2 -O2 -isystem /ocean/projects/bio250020p/shared/opt/env/R_env/include -I/ocean/projects/bio250020p/shared/opt/env/R_env/include -Wl,-rpath-link,/ocean/projects/bio250020p/shared/opt/env/R_env/lib   -pthread -fpic  -fvisibility-inlines-hidden  -fmessage-length=0 -march=nocona -mtune=haswell -ftree-vectorize -fPIC -fstack-protector-strong -fno-plt -O2 -ffunction-sections -pipe -isystem /ocean/projects/bio250020p/shared/opt/env/R_env/include -fdebug-prefix-map=/home/conda/feedstock_root/build_artifacts/r-base-split_1740766681150/work=/usr/local/src/conda/r-base-4.4.3 -fdebug-prefix-map=/ocean/projects/bio250020p/shared/opt/env/R_env=/usr/local/src/conda-prefix   -c init.cpp -o init.o
x86_64-conda-linux-gnu-c++ -std=gnu++17 -I"/ocean/projects/bio250020p/shared/opt/env/R_env/lib/R/include" -DNDEBUG -I../src -DSTRICT_R_HEADERS -DRCPP_NO_MASK_RF_ERROR -I'/ocean/projects/bio250020p/shared/opt/env/R_env/lib/R/library/Rcpp/include' -I'/ocean/projects/bio260021p/kbenjamin/projects/angiotensinII_lung/.Rlib/wk/include' -DNDEBUG -D_FORTIFY_SOURCE=2 -O2 -isystem /ocean/projects/bio250020p/shared/opt/env/R_env/include -I/ocean/projects/bio250020p/shared/opt/env/R_env/include -Wl,-rpath-link,/ocean/projects/bio250020p/shared/opt/env/R_env/lib   -pthread -fpic  -fvisibility-inlines-hidden  -fmessage-length=0 -march=nocona -mtune=haswell -ftree-vectorize -fPIC -fstack-protector-strong -fno-plt -O2 -ffunction-sections -pipe -isystem /ocean/projects/bio250020p/shared/opt/env/R_env/include -fdebug-prefix-map=/home/conda/feedstock_root/build_artifacts/r-base-split_1740766681150/work=/usr/local/src/conda/r-base-4.4.3 -fdebug-prefix-map=/ocean/projects/bio250020p/shared/opt/env/R_env=/usr/local/src/conda-prefix   -c util.cpp -o util.o
x86_64-conda-linux-gnu-c++ -std=gnu++17 -I"/ocean/projects/bio250020p/shared/opt/env/R_env/lib/R/include" -DNDEBUG -I../src -DSTRICT_R_HEADERS -DRCPP_NO_MASK_RF_ERROR -I'/ocean/projects/bio250020p/shared/opt/env/R_env/lib/R/library/Rcpp/include' -I'/ocean/projects/bio260021p/kbenjamin/projects/angiotensinII_lung/.Rlib/wk/include' -DNDEBUG -D_FORTIFY_SOURCE=2 -O2 -isystem /ocean/projects/bio250020p/shared/opt/env/R_env/include -I/ocean/projects/bio250020p/shared/opt/env/R_env/include -Wl,-rpath-link,/ocean/projects/bio250020p/shared/opt/env/R_env/lib   -pthread -fpic  -fvisibility-inlines-hidden  -fmessage-length=0 -march=nocona -mtune=haswell -ftree-vectorize -fPIC -fstack-protector-strong -fno-plt -O2 -ffunction-sections -pipe -isystem /ocean/projects/bio250020p/shared/opt/env/R_env/include -fdebug-prefix-map=/home/conda/feedstock_root/build_artifacts/r-base-split_1740766681150/work=/usr/local/src/conda/r-base-4.4.3 -fdebug-prefix-map=/ocean/projects/bio250020p/shared/opt/env/R_env=/usr/local/src/conda-prefix   -c RcppExports.cpp -o RcppExports.o
x86_64-conda-linux-gnu-c++ -std=gnu++17 -I"/ocean/projects/bio250020p/shared/opt/env/R_env/lib/R/include" -DNDEBUG -I../src -DSTRICT_R_HEADERS -DRCPP_NO_MASK_RF_ERROR -I'/ocean/projects/bio250020p/shared/opt/env/R_env/lib/R/library/Rcpp/include' -I'/ocean/projects/bio260021p/kbenjamin/projects/angiotensinII_lung/.Rlib/wk/include' -DNDEBUG -D_FORTIFY_SOURCE=2 -O2 -isystem /ocean/projects/bio250020p/shared/opt/env/R_env/include -I/ocean/projects/bio250020p/shared/opt/env/R_env/include -Wl,-rpath-link,/ocean/projects/bio250020p/shared/opt/env/R_env/lib   -pthread -fpic  -fvisibility-inlines-hidden  -fmessage-length=0 -march=nocona -mtune=haswell -ftree-vectorize -fPIC -fstack-protector-strong -fno-plt -O2 -ffunction-sections -pipe -isystem /ocean/projects/bio250020p/shared/opt/env/R_env/include -fdebug-prefix-map=/home/conda/feedstock_root/build_artifacts/r-base-split_1740766681150/work=/usr/local/src/conda/r-base-4.4.3 -fdebug-prefix-map=/ocean/projects/bio250020p/shared/opt/env/R_env=/usr/local/src/conda-prefix   -c s2-geography.cpp -o s2-geography.o
x86_64-conda-linux-gnu-c++ -std=gnu++17 -I"/ocean/projects/bio250020p/shared/opt/env/R_env/lib/R/include" -DNDEBUG -I../src -DSTRICT_R_HEADERS -DRCPP_NO_MASK_RF_ERROR -I'/ocean/projects/bio250020p/shared/opt/env/R_env/lib/R/library/Rcpp/include' -I'/ocean/projects/bio260021p/kbenjamin/projects/angiotensinII_lung/.Rlib/wk/include' -DNDEBUG -D_FORTIFY_SOURCE=2 -O2 -isystem /ocean/projects/bio250020p/shared/opt/env/R_env/include -I/ocean/projects/bio250020p/shared/opt/env/R_env/include -Wl,-rpath-link,/ocean/projects/bio250020p/shared/opt/env/R_env/lib   -pthread -fpic  -fvisibility-inlines-hidden  -fmessage-length=0 -march=nocona -mtune=haswell -ftree-vectorize -fPIC -fstack-protector-strong -fno-plt -O2 -ffunction-sections -pipe -isystem /ocean/projects/bio250020p/shared/opt/env/R_env/include -fdebug-prefix-map=/home/conda/feedstock_root/build_artifacts/r-base-split_1740766681150/work=/usr/local/src/conda/r-base-4.4.3 -fdebug-prefix-map=/ocean/projects/bio250020p/shared/opt/env/R_env=/usr/local/src/conda-prefix   -c s2-lnglat.cpp -o s2-lnglat.o
x86_64-conda-linux-gnu-c++ -std=gnu++17 -I"/ocean/projects/bio250020p/shared/opt/env/R_env/lib/R/include" -DNDEBUG -I../src -DSTRICT_R_HEADERS -DRCPP_NO_MASK_RF_ERROR -I'/ocean/projects/bio250020p/shared/opt/env/R_env/lib/R/library/Rcpp/include' -I'/ocean/projects/bio260021p/kbenjamin/projects/angiotensinII_lung/.Rlib/wk/include' -DNDEBUG -D_FORTIFY_SOURCE=2 -O2 -isystem /ocean/projects/bio250020p/shared/opt/env/R_env/include -I/ocean/projects/bio250020p/shared/opt/env/R_env/include -Wl,-rpath-link,/ocean/projects/bio250020p/shared/opt/env/R_env/lib   -pthread -fpic  -fvisibility-inlines-hidden  -fmessage-length=0 -march=nocona -mtune=haswell -ftree-vectorize -fPIC -fstack-protector-strong -fno-plt -O2 -ffunction-sections -pipe -isystem /ocean/projects/bio250020p/shared/opt/env/R_env/include -fdebug-prefix-map=/home/conda/feedstock_root/build_artifacts/r-base-split_1740766681150/work=/usr/local/src/conda/r-base-4.4.3 -fdebug-prefix-map=/ocean/projects/bio250020p/shared/opt/env/R_env=/usr/local/src/conda-prefix   -c s2-matrix.cpp -o s2-matrix.o
x86_64-conda-linux-gnu-cc -I"/ocean/projects/bio250020p/shared/opt/env/R_env/lib/R/include" -DNDEBUG -I../src -DSTRICT_R_HEADERS -DRCPP_NO_MASK_RF_ERROR -I'/ocean/projects/bio250020p/shared/opt/env/R_env/lib/R/library/Rcpp/include' -I'/ocean/projects/bio260021p/kbenjamin/projects/angiotensinII_lung/.Rlib/wk/include' -DNDEBUG -D_FORTIFY_SOURCE=2 -O2 -isystem /ocean/projects/bio250020p/shared/opt/env/R_env/include -I/ocean/projects/bio250020p/shared/opt/env/R_env/include -Wl,-rpath-link,/ocean/projects/bio250020p/shared/opt/env/R_env/lib    -fpic  -march=nocona -mtune=haswell -ftree-vectorize -fPIC -fstack-protector-strong -fno-plt -O2 -ffunction-sections -pipe -isystem /ocean/projects/bio250020p/shared/opt/env/R_env/include -fdebug-prefix-map=/home/conda/feedstock_root/build_artifacts/r-base-split_1740766681150/work=/usr/local/src/conda/r-base-4.4.3 -fdebug-prefix-map=/ocean/projects/bio250020p/shared/opt/env/R_env=/usr/local/src/conda-prefix  -c wk-impl.c -o wk-impl.o
x86_64-conda-linux-gnu-c++ -std=gnu++17 -I"/ocean/projects/bio250020p/shared/opt/env/R_env/lib/R/include" -DNDEBUG -I../src -DSTRICT_R_HEADERS -DRCPP_NO_MASK_RF_ERROR -I'/ocean/projects/bio250020p/shared/opt/env/R_env/lib/R/library/Rcpp/include' -I'/ocean/projects/bio260021p/kbenjamin/projects/angiotensinII_lung/.Rlib/wk/include' -DNDEBUG -D_FORTIFY_SOURCE=2 -O2 -isystem /ocean/projects/bio250020p/shared/opt/env/R_env/include -I/ocean/projects/bio250020p/shared/opt/env/R_env/include -Wl,-rpath-link,/ocean/projects/bio250020p/shared/opt/env/R_env/lib   -pthread -fpic  -fvisibility-inlines-hidden  -fmessage-length=0 -march=nocona -mtune=haswell -ftree-vectorize -fPIC -fstack-protector-strong -fno-plt -O2 -ffunction-sections -pipe -isystem /ocean/projects/bio250020p/shared/opt/env/R_env/include -fdebug-prefix-map=/home/conda/feedstock_root/build_artifacts/r-base-split_1740766681150/work=/usr/local/src/conda/r-base-4.4.3 -fdebug-prefix-map=/ocean/projects/bio250020p/shared/opt/env/R_env=/usr/local/src/conda-prefix   -c s2geography/accessors-geog.cc -o s2geography/accessors-geog.o
x86_64-conda-linux-gnu-c++ -std=gnu++17 -I"/ocean/projects/bio250020p/shared/opt/env/R_env/lib/R/include" -DNDEBUG -I../src -DSTRICT_R_HEADERS -DRCPP_NO_MASK_RF_ERROR -I'/ocean/projects/bio250020p/shared/opt/env/R_env/lib/R/library/Rcpp/include' -I'/ocean/projects/bio260021p/kbenjamin/projects/angiotensinII_lung/.Rlib/wk/include' -DNDEBUG -D_FORTIFY_SOURCE=2 -O2 -isystem /ocean/projects/bio250020p/shared/opt/env/R_env/include -I/ocean/projects/bio250020p/shared/opt/env/R_env/include -Wl,-rpath-link,/ocean/projects/bio250020p/shared/opt/env/R_env/lib   -pthread -fpic  -fvisibility-inlines-hidden  -fmessage-length=0 -march=nocona -mtune=haswell -ftree-vectorize -fPIC -fstack-protector-strong -fno-plt -O2 -ffunction-sections -pipe -isystem /ocean/projects/bio250020p/shared/opt/env/R_env/include -fdebug-prefix-map=/home/conda/feedstock_root/build_artifacts/r-base-split_1740766681150/work=/usr/local/src/conda/r-base-4.4.3 -fdebug-prefix-map=/ocean/projects/bio250020p/shared/opt/env/R_env=/usr/local/src/conda-prefix   -c s2geography/accessors.cc -o s2geography/accessors.o
x86_64-conda-linux-gnu-c++ -std=gnu++17 -I"/ocean/projects/bio250020p/shared/opt/env/R_env/lib/R/include" -DNDEBUG -I../src -DSTRICT_R_HEADERS -DRCPP_NO_MASK_RF_ERROR -I'/ocean/projects/bio250020p/shared/opt/env/R_env/lib/R/library/Rcpp/include' -I'/ocean/projects/bio260021p/kbenjamin/projects/angiotensinII_lung/.Rlib/wk/include' -DNDEBUG -D_FORTIFY_SOURCE=2 -O2 -isystem /ocean/projects/bio250020p/shared/opt/env/R_env/include -I/ocean/projects/bio250020p/shared/opt/env/R_env/include -Wl,-rpath-link,/ocean/projects/bio250020p/shared/opt/env/R_env/lib   -pthread -fpic  -fvisibility-inlines-hidden  -fmessage-length=0 -march=nocona -mtune=haswell -ftree-vectorize -fPIC -fstack-protector-strong -fno-plt -O2 -ffunction-sections -pipe -isystem /ocean/projects/bio250020p/shared/opt/env/R_env/include -fdebug-prefix-map=/home/conda/feedstock_root/build_artifacts/r-base-split_1740766681150/work=/usr/local/src/conda/r-base-4.4.3 -fdebug-prefix-map=/ocean/projects/bio250020p/shared/opt/env/R_env=/usr/local/src/conda-prefix   -c s2geography/build.cc -o s2geography/build.o
x86_64-conda-linux-gnu-c++ -std=gnu++17 -I"/ocean/projects/bio250020p/shared/opt/env/R_env/lib/R/include" -DNDEBUG -I../src -DSTRICT_R_HEADERS -DRCPP_NO_MASK_RF_ERROR -I'/ocean/projects/bio250020p/shared/opt/env/R_env/lib/R/library/Rcpp/include' -I'/ocean/projects/bio260021p/kbenjamin/projects/angiotensinII_lung/.Rlib/wk/include' -DNDEBUG -D_FORTIFY_SOURCE=2 -O2 -isystem /ocean/projects/bio250020p/shared/opt/env/R_env/include -I/ocean/projects/bio250020p/shared/opt/env/R_env/include -Wl,-rpath-link,/ocean/projects/bio250020p/shared/opt/env/R_env/lib   -pthread -fpic  -fvisibility-inlines-hidden  -fmessage-length=0 -march=nocona -mtune=haswell -ftree-vectorize -fPIC -fstack-protector-strong -fno-plt -O2 -ffunction-sections -pipe -isystem /ocean/projects/bio250020p/shared/opt/env/R_env/include -fdebug-prefix-map=/home/conda/feedstock_root/build_artifacts/r-base-split_1740766681150/work=/usr/local/src/conda/r-base-4.4.3 -fdebug-prefix-map=/ocean/projects/bio250020p/shared/opt/env/R_env=/usr/local/src/conda-prefix   -c s2geography/coverings.cc -o s2geography/coverings.o
x86_64-conda-linux-gnu-c++ -std=gnu++17 -I"/ocean/projects/bio250020p/shared/opt/env/R_env/lib/R/include" -DNDEBUG -I../src -DSTRICT_R_HEADERS -DRCPP_NO_MASK_RF_ERROR -I'/ocean/projects/bio250020p/shared/opt/env/R_env/lib/R/library/Rcpp/include' -I'/ocean/projects/bio260021p/kbenjamin/projects/angiotensinII_lung/.Rlib/wk/include' -DNDEBUG -D_FORTIFY_SOURCE=2 -O2 -isystem /ocean/projects/bio250020p/shared/opt/env/R_env/include -I/ocean/projects/bio250020p/shared/opt/env/R_env/include -Wl,-rpath-link,/ocean/projects/bio250020p/shared/opt/env/R_env/lib   -pthread -fpic  -fvisibility-inlines-hidden  -fmessage-length=0 -march=nocona -mtune=haswell -ftree-vectorize -fPIC -fstack-protector-strong -fno-plt -O2 -ffunction-sections -pipe -isystem /ocean/projects/bio250020p/shared/opt/env/R_env/include -fdebug-prefix-map=/home/conda/feedstock_root/build_artifacts/r-base-split_1740766681150/work=/usr/local/src/conda/r-base-4.4.3 -fdebug-prefix-map=/ocean/projects/bio250020p/shared/opt/env/R_env=/usr/local/src/conda-prefix   -c s2geography/distance.cc -o s2geography/distance.o
x86_64-conda-linux-gnu-c++ -std=gnu++17 -I"/ocean/projects/bio250020p/shared/opt/env/R_env/lib/R/include" -DNDEBUG -I../src -DSTRICT_R_HEADERS -DRCPP_NO_MASK_RF_ERROR -I'/ocean/projects/bio250020p/shared/opt/env/R_env/lib/R/library/Rcpp/include' -I'/ocean/projects/bio260021p/kbenjamin/projects/angiotensinII_lung/.Rlib/wk/include' -DNDEBUG -D_FORTIFY_SOURCE=2 -O2 -isystem /ocean/projects/bio250020p/shared/opt/env/R_env/include -I/ocean/projects/bio250020p/shared/opt/env/R_env/include -Wl,-rpath-link,/ocean/projects/bio250020p/shared/opt/env/R_env/lib   -pthread -fpic  -fvisibility-inlines-hidden  -fmessage-length=0 -march=nocona -mtune=haswell -ftree-vectorize -fPIC -fstack-protector-strong -fno-plt -O2 -ffunction-sections -pipe -isystem /ocean/projects/bio250020p/shared/opt/env/R_env/include -fdebug-prefix-map=/home/conda/feedstock_root/build_artifacts/r-base-split_1740766681150/work=/usr/local/src/conda/r-base-4.4.3 -fdebug-prefix-map=/ocean/projects/bio250020p/shared/opt/env/R_env=/usr/local/src/conda-prefix   -c s2geography/geography.cc -o s2geography/geography.o
x86_64-conda-linux-gnu-c++ -std=gnu++17 -I"/ocean/projects/bio250020p/shared/opt/env/R_env/lib/R/include" -DNDEBUG -I../src -DSTRICT_R_HEADERS -DRCPP_NO_MASK_RF_ERROR -I'/ocean/projects/bio250020p/shared/opt/env/R_env/lib/R/library/Rcpp/include' -I'/ocean/projects/bio260021p/kbenjamin/projects/angiotensinII_lung/.Rlib/wk/include' -DNDEBUG -D_FORTIFY_SOURCE=2 -O2 -isystem /ocean/projects/bio250020p/shared/opt/env/R_env/include -I/ocean/projects/bio250020p/shared/opt/env/R_env/include -Wl,-rpath-link,/ocean/projects/bio250020p/shared/opt/env/R_env/lib   -pthread -fpic  -fvisibility-inlines-hidden  -fmessage-length=0 -march=nocona -mtune=haswell -ftree-vectorize -fPIC -fstack-protector-strong -fno-plt -O2 -ffunction-sections -pipe -isystem /ocean/projects/bio250020p/shared/opt/env/R_env/include -fdebug-prefix-map=/home/conda/feedstock_root/build_artifacts/r-base-split_1740766681150/work=/usr/local/src/conda/r-base-4.4.3 -fdebug-prefix-map=/ocean/projects/bio250020p/shared/opt/env/R_env=/usr/local/src/conda-prefix   -c s2geography/linear-referencing.cc -o s2geography/linear-referencing.o
x86_64-conda-linux-gnu-c++ -std=gnu++17 -I"/ocean/projects/bio250020p/shared/opt/env/R_env/lib/R/include" -DNDEBUG -I../src -DSTRICT_R_HEADERS -DRCPP_NO_MASK_RF_ERROR -I'/ocean/projects/bio250020p/shared/opt/env/R_env/lib/R/library/Rcpp/include' -I'/ocean/projects/bio260021p/kbenjamin/projects/angiotensinII_lung/.Rlib/wk/include' -DNDEBUG -D_FORTIFY_SOURCE=2 -O2 -isystem /ocean/projects/bio250020p/shared/opt/env/R_env/include -I/ocean/projects/bio250020p/shared/opt/env/R_env/include -Wl,-rpath-link,/ocean/projects/bio250020p/shared/opt/env/R_env/lib   -pthread -fpic  -fvisibility-inlines-hidden  -fmessage-length=0 -march=nocona -mtune=haswell -ftree-vectorize -fPIC -fstack-protector-strong -fno-plt -O2 -ffunction-sections -pipe -isystem /ocean/projects/bio250020p/shared/opt/env/R_env/include -fdebug-prefix-map=/home/conda/feedstock_root/build_artifacts/r-base-split_1740766681150/work=/usr/local/src/conda/r-base-4.4.3 -fdebug-prefix-map=/ocean/projects/bio250020p/shared/opt/env/R_env=/usr/local/src/conda-prefix   -c s2geography/predicates.cc -o s2geography/predicates.o
x86_64-conda-linux-gnu-c++ -std=gnu++17 -I"/ocean/projects/bio250020p/shared/opt/env/R_env/lib/R/include" -DNDEBUG -I../src -DSTRICT_R_HEADERS -DRCPP_NO_MASK_RF_ERROR -I'/ocean/projects/bio250020p/shared/opt/env/R_env/lib/R/library/Rcpp/include' -I'/ocean/projects/bio260021p/kbenjamin/projects/angiotensinII_lung/.Rlib/wk/include' -DNDEBUG -D_FORTIFY_SOURCE=2 -O2 -isystem /ocean/projects/bio250020p/shared/opt/env/R_env/include -I/ocean/projects/bio250020p/shared/opt/env/R_env/include -Wl,-rpath-link,/ocean/projects/bio250020p/shared/opt/env/R_env/lib   -pthread -fpic  -fvisibility-inlines-hidden  -fmessage-length=0 -march=nocona -mtune=haswell -ftree-vectorize -fPIC -fstack-protector-strong -fno-plt -O2 -ffunction-sections -pipe -isystem /ocean/projects/bio250020p/shared/opt/env/R_env/include -fdebug-prefix-map=/home/conda/feedstock_root/build_artifacts/r-base-split_1740766681150/work=/usr/local/src/conda/r-base-4.4.3 -fdebug-prefix-map=/ocean/projects/bio250020p/shared/opt/env/R_env=/usr/local/src/conda-prefix   -c s2/encoded_s2cell_id_vector.cc -o s2/encoded_s2cell_id_vector.o
x86_64-conda-linux-gnu-c++ -std=gnu++17 -I"/ocean/projects/bio250020p/shared/opt/env/R_env/lib/R/include" -DNDEBUG -I../src -DSTRICT_R_HEADERS -DRCPP_NO_MASK_RF_ERROR -I'/ocean/projects/bio250020p/shared/opt/env/R_env/lib/R/library/Rcpp/include' -I'/ocean/projects/bio260021p/kbenjamin/projects/angiotensinII_lung/.Rlib/wk/include' -DNDEBUG -D_FORTIFY_SOURCE=2 -O2 -isystem /ocean/projects/bio250020p/shared/opt/env/R_env/include -I/ocean/projects/bio250020p/shared/opt/env/R_env/include -Wl,-rpath-link,/ocean/projects/bio250020p/shared/opt/env/R_env/lib   -pthread -fpic  -fvisibility-inlines-hidden  -fmessage-length=0 -march=nocona -mtune=haswell -ftree-vectorize -fPIC -fstack-protector-strong -fno-plt -O2 -ffunction-sections -pipe -isystem /ocean/projects/bio250020p/shared/opt/env/R_env/include -fdebug-prefix-map=/home/conda/feedstock_root/build_artifacts/r-base-split_1740766681150/work=/usr/local/src/conda/r-base-4.4.3 -fdebug-prefix-map=/ocean/projects/bio250020p/shared/opt/env/R_env=/usr/local/src/conda-prefix   -c s2/encoded_s2point_vector.cc -o s2/encoded_s2point_vector.o
x86_64-conda-linux-gnu-c++ -std=gnu++17 -I"/ocean/projects/bio250020p/shared/opt/env/R_env/lib/R/include" -DNDEBUG -I../src -DSTRICT_R_HEADERS -DRCPP_NO_MASK_RF_ERROR -I'/ocean/projects/bio250020p/shared/opt/env/R_env/lib/R/library/Rcpp/include' -I'/ocean/projects/bio260021p/kbenjamin/projects/angiotensinII_lung/.Rlib/wk/include' -DNDEBUG -D_FORTIFY_SOURCE=2 -O2 -isystem /ocean/projects/bio250020p/shared/opt/env/R_env/include -I/ocean/projects/bio250020p/shared/opt/env/R_env/include -Wl,-rpath-link,/ocean/projects/bio250020p/shared/opt/env/R_env/lib   -pthread -fpic  -fvisibility-inlines-hidden  -fmessage-length=0 -march=nocona -mtune=haswell -ftree-vectorize -fPIC -fstack-protector-strong -fno-plt -O2 -ffunction-sections -pipe -isystem /ocean/projects/bio250020p/shared/opt/env/R_env/include -fdebug-prefix-map=/home/conda/feedstock_root/build_artifacts/r-base-split_1740766681150/work=/usr/local/src/conda/r-base-4.4.3 -fdebug-prefix-map=/ocean/projects/bio250020p/shared/opt/env/R_env=/usr/local/src/conda-prefix   -c s2/encoded_s2shape_index.cc -o s2/encoded_s2shape_index.o
x86_64-conda-linux-gnu-c++ -std=gnu++17 -I"/ocean/projects/bio250020p/shared/opt/env/R_env/lib/R/include" -DNDEBUG -I../src -DSTRICT_R_HEADERS -DRCPP_NO_MASK_RF_ERROR -I'/ocean/projects/bio250020p/shared/opt/env/R_env/lib/R/library/Rcpp/include' -I'/ocean/projects/bio260021p/kbenjamin/projects/angiotensinII_lung/.Rlib/wk/include' -DNDEBUG -D_FORTIFY_SOURCE=2 -O2 -isystem /ocean/projects/bio250020p/shared/opt/env/R_env/include -I/ocean/projects/bio250020p/shared/opt/env/R_env/include -Wl,-rpath-link,/ocean/projects/bio250020p/shared/opt/env/R_env/lib   -pthread -fpic  -fvisibility-inlines-hidden  -fmessage-length=0 -march=nocona -mtune=haswell -ftree-vectorize -fPIC -fstack-protector-strong -fno-plt -O2 -ffunction-sections -pipe -isystem /ocean/projects/bio250020p/shared/opt/env/R_env/include -fdebug-prefix-map=/home/conda/feedstock_root/build_artifacts/r-base-split_1740766681150/work=/usr/local/src/conda/r-base-4.4.3 -fdebug-prefix-map=/ocean/projects/bio250020p/shared/opt/env/R_env=/usr/local/src/conda-prefix   -c s2/encoded_string_vector.cc -o s2/encoded_string_vector.o
x86_64-conda-linux-gnu-c++ -std=gnu++17 -I"/ocean/projects/bio250020p/shared/opt/env/R_env/lib/R/include" -DNDEBUG -I../src -DSTRICT_R_HEADERS -DRCPP_NO_MASK_RF_ERROR -I'/ocean/projects/bio250020p/shared/opt/env/R_env/lib/R/library/Rcpp/include' -I'/ocean/projects/bio260021p/kbenjamin/projects/angiotensinII_lung/.Rlib/wk/include' -DNDEBUG -D_FORTIFY_SOURCE=2 -O2 -isystem /ocean/projects/bio250020p/shared/opt/env/R_env/include -I/ocean/projects/bio250020p/shared/opt/env/R_env/include -Wl,-rpath-link,/ocean/projects/bio250020p/shared/opt/env/R_env/lib   -pthread -fpic  -fvisibility-inlines-hidden  -fmessage-length=0 -march=nocona -mtune=haswell -ftree-vectorize -fPIC -fstack-protector-strong -fno-plt -O2 -ffunction-sections -pipe -isystem /ocean/projects/bio250020p/shared/opt/env/R_env/include -fdebug-prefix-map=/home/conda/feedstock_root/build_artifacts/r-base-split_1740766681150/work=/usr/local/src/conda/r-base-4.4.3 -fdebug-prefix-map=/ocean/projects/bio250020p/shared/opt/env/R_env=/usr/local/src/conda-prefix   -c s2/id_set_lexicon.cc -o s2/id_set_lexicon.o
x86_64-conda-linux-gnu-c++ -std=gnu++17 -I"/ocean/projects/bio250020p/shared/opt/env/R_env/lib/R/include" -DNDEBUG -I../src -DSTRICT_R_HEADERS -DRCPP_NO_MASK_RF_ERROR -I'/ocean/projects/bio250020p/shared/opt/env/R_env/lib/R/library/Rcpp/include' -I'/ocean/projects/bio260021p/kbenjamin/projects/angiotensinII_lung/.Rlib/wk/include' -DNDEBUG -D_FORTIFY_SOURCE=2 -O2 -isystem /ocean/projects/bio250020p/shared/opt/env/R_env/include -I/ocean/projects/bio250020p/shared/opt/env/R_env/include -Wl,-rpath-link,/ocean/projects/bio250020p/shared/opt/env/R_env/lib   -pthread -fpic  -fvisibility-inlines-hidden  -fmessage-length=0 -march=nocona -mtune=haswell -ftree-vectorize -fPIC -fstack-protector-strong -fno-plt -O2 -ffunction-sections -pipe -isystem /ocean/projects/bio250020p/shared/opt/env/R_env/include -fdebug-prefix-map=/home/conda/feedstock_root/build_artifacts/r-base-split_1740766681150/work=/usr/local/src/conda/r-base-4.4.3 -fdebug-prefix-map=/ocean/projects/bio250020p/shared/opt/env/R_env=/usr/local/src/conda-prefix   -c s2/mutable_s2shape_index.cc -o s2/mutable_s2shape_index.o
x86_64-conda-linux-gnu-c++ -std=gnu++17 -I"/ocean/projects/bio250020p/shared/opt/env/R_env/lib/R/include" -DNDEBUG -I../src -DSTRICT_R_HEADERS -DRCPP_NO_MASK_RF_ERROR -I'/ocean/projects/bio250020p/shared/opt/env/R_env/lib/R/library/Rcpp/include' -I'/ocean/projects/bio260021p/kbenjamin/projects/angiotensinII_lung/.Rlib/wk/include' -DNDEBUG -D_FORTIFY_SOURCE=2 -O2 -isystem /ocean/projects/bio250020p/shared/opt/env/R_env/include -I/ocean/projects/bio250020p/shared/opt/env/R_env/include -Wl,-rpath-link,/ocean/projects/bio250020p/shared/opt/env/R_env/lib   -pthread -fpic  -fvisibility-inlines-hidden  -fmessage-length=0 -march=nocona -mtune=haswell -ftree-vectorize -fPIC -fstack-protector-strong -fno-plt -O2 -ffunction-sections -pipe -isystem /ocean/projects/bio250020p/shared/opt/env/R_env/include -fdebug-prefix-map=/home/conda/feedstock_root/build_artifacts/r-base-split_1740766681150/work=/usr/local/src/conda/r-base-4.4.3 -fdebug-prefix-map=/ocean/projects/bio250020p/shared/opt/env/R_env=/usr/local/src/conda-prefix   -c s2/r2rect.cc -o s2/r2rect.o
x86_64-conda-linux-gnu-c++ -std=gnu++17 -I"/ocean/projects/bio250020p/shared/opt/env/R_env/lib/R/include" -DNDEBUG -I../src -DSTRICT_R_HEADERS -DRCPP_NO_MASK_RF_ERROR -I'/ocean/projects/bio250020p/shared/opt/env/R_env/lib/R/library/Rcpp/include' -I'/ocean/projects/bio260021p/kbenjamin/projects/angiotensinII_lung/.Rlib/wk/include' -DNDEBUG -D_FORTIFY_SOURCE=2 -O2 -isystem /ocean/projects/bio250020p/shared/opt/env/R_env/include -I/ocean/projects/bio250020p/shared/opt/env/R_env/include -Wl,-rpath-link,/ocean/projects/bio250020p/shared/opt/env/R_env/lib   -pthread -fpic  -fvisibility-inlines-hidden  -fmessage-length=0 -march=nocona -mtune=haswell -ftree-vectorize -fPIC -fstack-protector-strong -fno-plt -O2 -ffunction-sections -pipe -isystem /ocean/projects/bio250020p/shared/opt/env/R_env/include -fdebug-prefix-map=/home/conda/feedstock_root/build_artifacts/r-base-split_1740766681150/work=/usr/local/src/conda/r-base-4.4.3 -fdebug-prefix-map=/ocean/projects/bio250020p/shared/opt/env/R_env=/usr/local/src/conda-prefix   -c s2/s1angle.cc -o s2/s1angle.o
x86_64-conda-linux-gnu-c++ -std=gnu++17 -I"/ocean/projects/bio250020p/shared/opt/env/R_env/lib/R/include" -DNDEBUG -I../src -DSTRICT_R_HEADERS -DRCPP_NO_MASK_RF_ERROR -I'/ocean/projects/bio250020p/shared/opt/env/R_env/lib/R/library/Rcpp/include' -I'/ocean/projects/bio260021p/kbenjamin/projects/angiotensinII_lung/.Rlib/wk/include' -DNDEBUG -D_FORTIFY_SOURCE=2 -O2 -isystem /ocean/projects/bio250020p/shared/opt/env/R_env/include -I/ocean/projects/bio250020p/shared/opt/env/R_env/include -Wl,-rpath-link,/ocean/projects/bio250020p/shared/opt/env/R_env/lib   -pthread -fpic  -fvisibility-inlines-hidden  -fmessage-length=0 -march=nocona -mtune=haswell -ftree-vectorize -fPIC -fstack-protector-strong -fno-plt -O2 -ffunction-sections -pipe -isystem /ocean/projects/bio250020p/shared/opt/env/R_env/include -fdebug-prefix-map=/home/conda/feedstock_root/build_artifacts/r-base-split_1740766681150/work=/usr/local/src/conda/r-base-4.4.3 -fdebug-prefix-map=/ocean/projects/bio250020p/shared/opt/env/R_env=/usr/local/src/conda-prefix   -c s2/s1chord_angle.cc -o s2/s1chord_angle.o
x86_64-conda-linux-gnu-c++ -std=gnu++17 -I"/ocean/projects/bio250020p/shared/opt/env/R_env/lib/R/include" -DNDEBUG -I../src -DSTRICT_R_HEADERS -DRCPP_NO_MASK_RF_ERROR -I'/ocean/projects/bio250020p/shared/opt/env/R_env/lib/R/library/Rcpp/include' -I'/ocean/projects/bio260021p/kbenjamin/projects/angiotensinII_lung/.Rlib/wk/include' -DNDEBUG -D_FORTIFY_SOURCE=2 -O2 -isystem /ocean/projects/bio250020p/shared/opt/env/R_env/include -I/ocean/projects/bio250020p/shared/opt/env/R_env/include -Wl,-rpath-link,/ocean/projects/bio250020p/shared/opt/env/R_env/lib   -pthread -fpic  -fvisibility-inlines-hidden  -fmessage-length=0 -march=nocona -mtune=haswell -ftree-vectorize -fPIC -fstack-protector-strong -fno-plt -O2 -ffunction-sections -pipe -isystem /ocean/projects/bio250020p/shared/opt/env/R_env/include -fdebug-prefix-map=/home/conda/feedstock_root/build_artifacts/r-base-split_1740766681150/work=/usr/local/src/conda/r-base-4.4.3 -fdebug-prefix-map=/ocean/projects/bio250020p/shared/opt/env/R_env=/usr/local/src/conda-prefix   -c s2/s1interval.cc -o s2/s1interval.o
x86_64-conda-linux-gnu-c++ -std=gnu++17 -I"/ocean/projects/bio250020p/shared/opt/env/R_env/lib/R/include" -DNDEBUG -I../src -DSTRICT_R_HEADERS -DRCPP_NO_MASK_RF_ERROR -I'/ocean/projects/bio250020p/shared/opt/env/R_env/lib/R/library/Rcpp/include' -I'/ocean/projects/bio260021p/kbenjamin/projects/angiotensinII_lung/.Rlib/wk/include' -DNDEBUG -D_FORTIFY_SOURCE=2 -O2 -isystem /ocean/projects/bio250020p/shared/opt/env/R_env/include -I/ocean/projects/bio250020p/shared/opt/env/R_env/include -Wl,-rpath-link,/ocean/projects/bio250020p/shared/opt/env/R_env/lib   -pthread -fpic  -fvisibility-inlines-hidden  -fmessage-length=0 -march=nocona -mtune=haswell -ftree-vectorize -fPIC -fstack-protector-strong -fno-plt -O2 -ffunction-sections -pipe -isystem /ocean/projects/bio250020p/shared/opt/env/R_env/include -fdebug-prefix-map=/home/conda/feedstock_root/build_artifacts/r-base-split_1740766681150/work=/usr/local/src/conda/r-base-4.4.3 -fdebug-prefix-map=/ocean/projects/bio250020p/shared/opt/env/R_env=/usr/local/src/conda-prefix   -c s2/s2boolean_operation.cc -o s2/s2boolean_operation.o
x86_64-conda-linux-gnu-c++ -std=gnu++17 -I"/ocean/projects/bio250020p/shared/opt/env/R_env/lib/R/include" -DNDEBUG -I../src -DSTRICT_R_HEADERS -DRCPP_NO_MASK_RF_ERROR -I'/ocean/projects/bio250020p/shared/opt/env/R_env/lib/R/library/Rcpp/include' -I'/ocean/projects/bio260021p/kbenjamin/projects/angiotensinII_lung/.Rlib/wk/include' -DNDEBUG -D_FORTIFY_SOURCE=2 -O2 -isystem /ocean/projects/bio250020p/shared/opt/env/R_env/include -I/ocean/projects/bio250020p/shared/opt/env/R_env/include -Wl,-rpath-link,/ocean/projects/bio250020p/shared/opt/env/R_env/lib   -pthread -fpic  -fvisibility-inlines-hidden  -fmessage-length=0 -march=nocona -mtune=haswell -ftree-vectorize -fPIC -fstack-protector-strong -fno-plt -O2 -ffunction-sections -pipe -isystem /ocean/projects/bio250020p/shared/opt/env/R_env/include -fdebug-prefix-map=/home/conda/feedstock_root/build_artifacts/r-base-split_1740766681150/work=/usr/local/src/conda/r-base-4.4.3 -fdebug-prefix-map=/ocean/projects/bio250020p/shared/opt/env/R_env=/usr/local/src/conda-prefix   -c s2/s2buffer_operation.cc -o s2/s2buffer_operation.o
x86_64-conda-linux-gnu-c++ -std=gnu++17 -I"/ocean/projects/bio250020p/shared/opt/env/R_env/lib/R/include" -DNDEBUG -I../src -DSTRICT_R_HEADERS -DRCPP_NO_MASK_RF_ERROR -I'/ocean/projects/bio250020p/shared/opt/env/R_env/lib/R/library/Rcpp/include' -I'/ocean/projects/bio260021p/kbenjamin/projects/angiotensinII_lung/.Rlib/wk/include' -DNDEBUG -D_FORTIFY_SOURCE=2 -O2 -isystem /ocean/projects/bio250020p/shared/opt/env/R_env/include -I/ocean/projects/bio250020p/shared/opt/env/R_env/include -Wl,-rpath-link,/ocean/projects/bio250020p/shared/opt/env/R_env/lib   -pthread -fpic  -fvisibility-inlines-hidden  -fmessage-length=0 -march=nocona -mtune=haswell -ftree-vectorize -fPIC -fstack-protector-strong -fno-plt -O2 -ffunction-sections -pipe -isystem /ocean/projects/bio250020p/shared/opt/env/R_env/include -fdebug-prefix-map=/home/conda/feedstock_root/build_artifacts/r-base-split_1740766681150/work=/usr/local/src/conda/r-base-4.4.3 -fdebug-prefix-map=/ocean/projects/bio250020p/shared/opt/env/R_env=/usr/local/src/conda-prefix   -c s2/s2builder_graph.cc -o s2/s2builder_graph.o
x86_64-conda-linux-gnu-c++ -std=gnu++17 -I"/ocean/projects/bio250020p/shared/opt/env/R_env/lib/R/include" -DNDEBUG -I../src -DSTRICT_R_HEADERS -DRCPP_NO_MASK_RF_ERROR -I'/ocean/projects/bio250020p/shared/opt/env/R_env/lib/R/library/Rcpp/include' -I'/ocean/projects/bio260021p/kbenjamin/projects/angiotensinII_lung/.Rlib/wk/include' -DNDEBUG -D_FORTIFY_SOURCE=2 -O2 -isystem /ocean/projects/bio250020p/shared/opt/env/R_env/include -I/ocean/projects/bio250020p/shared/opt/env/R_env/include -Wl,-rpath-link,/ocean/projects/bio250020p/shared/opt/env/R_env/lib   -pthread -fpic  -fvisibility-inlines-hidden  -fmessage-length=0 -march=nocona -mtune=haswell -ftree-vectorize -fPIC -fstack-protector-strong -fno-plt -O2 -ffunction-sections -pipe -isystem /ocean/projects/bio250020p/shared/opt/env/R_env/include -fdebug-prefix-map=/home/conda/feedstock_root/build_artifacts/r-base-split_1740766681150/work=/usr/local/src/conda/r-base-4.4.3 -fdebug-prefix-map=/ocean/projects/bio250020p/shared/opt/env/R_env=/usr/local/src/conda-prefix   -c s2/s2builder.cc -o s2/s2builder.o
x86_64-conda-linux-gnu-c++ -std=gnu++17 -I"/ocean/projects/bio250020p/shared/opt/env/R_env/lib/R/include" -DNDEBUG -I../src -DSTRICT_R_HEADERS -DRCPP_NO_MASK_RF_ERROR -I'/ocean/projects/bio250020p/shared/opt/env/R_env/lib/R/library/Rcpp/include' -I'/ocean/projects/bio260021p/kbenjamin/projects/angiotensinII_lung/.Rlib/wk/include' -DNDEBUG -D_FORTIFY_SOURCE=2 -O2 -isystem /ocean/projects/bio250020p/shared/opt/env/R_env/include -I/ocean/projects/bio250020p/shared/opt/env/R_env/include -Wl,-rpath-link,/ocean/projects/bio250020p/shared/opt/env/R_env/lib   -pthread -fpic  -fvisibility-inlines-hidden  -fmessage-length=0 -march=nocona -mtune=haswell -ftree-vectorize -fPIC -fstack-protector-strong -fno-plt -O2 -ffunction-sections -pipe -isystem /ocean/projects/bio250020p/shared/opt/env/R_env/include -fdebug-prefix-map=/home/conda/feedstock_root/build_artifacts/r-base-split_1740766681150/work=/usr/local/src/conda/r-base-4.4.3 -fdebug-prefix-map=/ocean/projects/bio250020p/shared/opt/env/R_env=/usr/local/src/conda-prefix   -c s2/s2builderutil_closed_set_normalizer.cc -o s2/s2builderutil_closed_set_normalizer.o
x86_64-conda-linux-gnu-c++ -std=gnu++17 -I"/ocean/projects/bio250020p/shared/opt/env/R_env/lib/R/include" -DNDEBUG -I../src -DSTRICT_R_HEADERS -DRCPP_NO_MASK_RF_ERROR -I'/ocean/projects/bio250020p/shared/opt/env/R_env/lib/R/library/Rcpp/include' -I'/ocean/projects/bio260021p/kbenjamin/projects/angiotensinII_lung/.Rlib/wk/include' -DNDEBUG -D_FORTIFY_SOURCE=2 -O2 -isystem /ocean/projects/bio250020p/shared/opt/env/R_env/include -I/ocean/projects/bio250020p/shared/opt/env/R_env/include -Wl,-rpath-link,/ocean/projects/bio250020p/shared/opt/env/R_env/lib   -pthread -fpic  -fvisibility-inlines-hidden  -fmessage-length=0 -march=nocona -mtune=haswell -ftree-vectorize -fPIC -fstack-protector-strong -fno-plt -O2 -ffunction-sections -pipe -isystem /ocean/projects/bio250020p/shared/opt/env/R_env/include -fdebug-prefix-map=/home/conda/feedstock_root/build_artifacts/r-base-split_1740766681150/work=/usr/local/src/conda/r-base-4.4.3 -fdebug-prefix-map=/ocean/projects/bio250020p/shared/opt/env/R_env=/usr/local/src/conda-prefix   -c s2/s2builderutil_find_polygon_degeneracies.cc -o s2/s2builderutil_find_polygon_degeneracies.o
x86_64-conda-linux-gnu-c++ -std=gnu++17 -I"/ocean/projects/bio250020p/shared/opt/env/R_env/lib/R/include" -DNDEBUG -I../src -DSTRICT_R_HEADERS -DRCPP_NO_MASK_RF_ERROR -I'/ocean/projects/bio250020p/shared/opt/env/R_env/lib/R/library/Rcpp/include' -I'/ocean/projects/bio260021p/kbenjamin/projects/angiotensinII_lung/.Rlib/wk/include' -DNDEBUG -D_FORTIFY_SOURCE=2 -O2 -isystem /ocean/projects/bio250020p/shared/opt/env/R_env/include -I/ocean/projects/bio250020p/shared/opt/env/R_env/include -Wl,-rpath-link,/ocean/projects/bio250020p/shared/opt/env/R_env/lib   -pthread -fpic  -fvisibility-inlines-hidden  -fmessage-length=0 -march=nocona -mtune=haswell -ftree-vectorize -fPIC -fstack-protector-strong -fno-plt -O2 -ffunction-sections -pipe -isystem /ocean/projects/bio250020p/shared/opt/env/R_env/include -fdebug-prefix-map=/home/conda/feedstock_root/build_artifacts/r-base-split_1740766681150/work=/usr/local/src/conda/r-base-4.4.3 -fdebug-prefix-map=/ocean/projects/bio250020p/shared/opt/env/R_env=/usr/local/src/conda-prefix   -c s2/s2builderutil_get_snapped_winding_delta.cc -o s2/s2builderutil_get_snapped_winding_delta.o
x86_64-conda-linux-gnu-c++ -std=gnu++17 -I"/ocean/projects/bio250020p/shared/opt/env/R_env/lib/R/include" -DNDEBUG -I../src -DSTRICT_R_HEADERS -DRCPP_NO_MASK_RF_ERROR -I'/ocean/projects/bio250020p/shared/opt/env/R_env/lib/R/library/Rcpp/include' -I'/ocean/projects/bio260021p/kbenjamin/projects/angiotensinII_lung/.Rlib/wk/include' -DNDEBUG -D_FORTIFY_SOURCE=2 -O2 -isystem /ocean/projects/bio250020p/shared/opt/env/R_env/include -I/ocean/projects/bio250020p/shared/opt/env/R_env/include -Wl,-rpath-link,/ocean/projects/bio250020p/shared/opt/env/R_env/lib   -pthread -fpic  -fvisibility-inlines-hidden  -fmessage-length=0 -march=nocona -mtune=haswell -ftree-vectorize -fPIC -fstack-protector-strong -fno-plt -O2 -ffunction-sections -pipe -isystem /ocean/projects/bio250020p/shared/opt/env/R_env/include -fdebug-prefix-map=/home/conda/feedstock_root/build_artifacts/r-base-split_1740766681150/work=/usr/local/src/conda/r-base-4.4.3 -fdebug-prefix-map=/ocean/projects/bio250020p/shared/opt/env/R_env=/usr/local/src/conda-prefix   -c s2/s2builderutil_lax_polygon_layer.cc -o s2/s2builderutil_lax_polygon_layer.o
x86_64-conda-linux-gnu-c++ -std=gnu++17 -I"/ocean/projects/bio250020p/shared/opt/env/R_env/lib/R/include" -DNDEBUG -I../src -DSTRICT_R_HEADERS -DRCPP_NO_MASK_RF_ERROR -I'/ocean/projects/bio250020p/shared/opt/env/R_env/lib/R/library/Rcpp/include' -I'/ocean/projects/bio260021p/kbenjamin/projects/angiotensinII_lung/.Rlib/wk/include' -DNDEBUG -D_FORTIFY_SOURCE=2 -O2 -isystem /ocean/projects/bio250020p/shared/opt/env/R_env/include -I/ocean/projects/bio250020p/shared/opt/env/R_env/include -Wl,-rpath-link,/ocean/projects/bio250020p/shared/opt/env/R_env/lib   -pthread -fpic  -fvisibility-inlines-hidden  -fmessage-length=0 -march=nocona -mtune=haswell -ftree-vectorize -fPIC -fstack-protector-strong -fno-plt -O2 -ffunction-sections -pipe -isystem /ocean/projects/bio250020p/shared/opt/env/R_env/include -fdebug-prefix-map=/home/conda/feedstock_root/build_artifacts/r-base-split_1740766681150/work=/usr/local/src/conda/r-base-4.4.3 -fdebug-prefix-map=/ocean/projects/bio250020p/shared/opt/env/R_env=/usr/local/src/conda-prefix   -c s2/s2builderutil_lax_polyline_layer.cc -o s2/s2builderutil_lax_polyline_layer.o
x86_64-conda-linux-gnu-c++ -std=gnu++17 -I"/ocean/projects/bio250020p/shared/opt/env/R_env/lib/R/include" -DNDEBUG -I../src -DSTRICT_R_HEADERS -DRCPP_NO_MASK_RF_ERROR -I'/ocean/projects/bio250020p/shared/opt/env/R_env/lib/R/library/Rcpp/include' -I'/ocean/projects/bio260021p/kbenjamin/projects/angiotensinII_lung/.Rlib/wk/include' -DNDEBUG -D_FORTIFY_SOURCE=2 -O2 -isystem /ocean/projects/bio250020p/shared/opt/env/R_env/include -I/ocean/projects/bio250020p/shared/opt/env/R_env/include -Wl,-rpath-link,/ocean/projects/bio250020p/shared/opt/env/R_env/lib   -pthread -fpic  -fvisibility-inlines-hidden  -fmessage-length=0 -march=nocona -mtune=haswell -ftree-vectorize -fPIC -fstack-protector-strong -fno-plt -O2 -ffunction-sections -pipe -isystem /ocean/projects/bio250020p/shared/opt/env/R_env/include -fdebug-prefix-map=/home/conda/feedstock_root/build_artifacts/r-base-split_1740766681150/work=/usr/local/src/conda/r-base-4.4.3 -fdebug-prefix-map=/ocean/projects/bio250020p/shared/opt/env/R_env=/usr/local/src/conda-prefix   -c s2/s2builderutil_s2point_vector_layer.cc -o s2/s2builderutil_s2point_vector_layer.o
x86_64-conda-linux-gnu-c++ -std=gnu++17 -I"/ocean/projects/bio250020p/shared/opt/env/R_env/lib/R/include" -DNDEBUG -I../src -DSTRICT_R_HEADERS -DRCPP_NO_MASK_RF_ERROR -I'/ocean/projects/bio250020p/shared/opt/env/R_env/lib/R/library/Rcpp/include' -I'/ocean/projects/bio260021p/kbenjamin/projects/angiotensinII_lung/.Rlib/wk/include' -DNDEBUG -D_FORTIFY_SOURCE=2 -O2 -isystem /ocean/projects/bio250020p/shared/opt/env/R_env/include -I/ocean/projects/bio250020p/shared/opt/env/R_env/include -Wl,-rpath-link,/ocean/projects/bio250020p/shared/opt/env/R_env/lib   -pthread -fpic  -fvisibility-inlines-hidden  -fmessage-length=0 -march=nocona -mtune=haswell -ftree-vectorize -fPIC -fstack-protector-strong -fno-plt -O2 -ffunction-sections -pipe -isystem /ocean/projects/bio250020p/shared/opt/env/R_env/include -fdebug-prefix-map=/home/conda/feedstock_root/build_artifacts/r-base-split_1740766681150/work=/usr/local/src/conda/r-base-4.4.3 -fdebug-prefix-map=/ocean/projects/bio250020p/shared/opt/env/R_env=/usr/local/src/conda-prefix   -c s2/s2builderutil_s2polygon_layer.cc -o s2/s2builderutil_s2polygon_layer.o
x86_64-conda-linux-gnu-c++ -std=gnu++17 -I"/ocean/projects/bio250020p/shared/opt/env/R_env/lib/R/include" -DNDEBUG -I../src -DSTRICT_R_HEADERS -DRCPP_NO_MASK_RF_ERROR -I'/ocean/projects/bio250020p/shared/opt/env/R_env/lib/R/library/Rcpp/include' -I'/ocean/projects/bio260021p/kbenjamin/projects/angiotensinII_lung/.Rlib/wk/include' -DNDEBUG -D_FORTIFY_SOURCE=2 -O2 -isystem /ocean/projects/bio250020p/shared/opt/env/R_env/include -I/ocean/projects/bio250020p/shared/opt/env/R_env/include -Wl,-rpath-link,/ocean/projects/bio250020p/shared/opt/env/R_env/lib   -pthread -fpic  -fvisibility-inlines-hidden  -fmessage-length=0 -march=nocona -mtune=haswell -ftree-vectorize -fPIC -fstack-protector-strong -fno-plt -O2 -ffunction-sections -pipe -isystem /ocean/projects/bio250020p/shared/opt/env/R_env/include -fdebug-prefix-map=/home/conda/feedstock_root/build_artifacts/r-base-split_1740766681150/work=/usr/local/src/conda/r-base-4.4.3 -fdebug-prefix-map=/ocean/projects/bio250020p/shared/opt/env/R_env=/usr/local/src/conda-prefix   -c s2/s2builderutil_s2polyline_layer.cc -o s2/s2builderutil_s2polyline_layer.o
x86_64-conda-linux-gnu-c++ -std=gnu++17 -I"/ocean/projects/bio250020p/shared/opt/env/R_env/lib/R/include" -DNDEBUG -I../src -DSTRICT_R_HEADERS -DRCPP_NO_MASK_RF_ERROR -I'/ocean/projects/bio250020p/shared/opt/env/R_env/lib/R/library/Rcpp/include' -I'/ocean/projects/bio260021p/kbenjamin/projects/angiotensinII_lung/.Rlib/wk/include' -DNDEBUG -D_FORTIFY_SOURCE=2 -O2 -isystem /ocean/projects/bio250020p/shared/opt/env/R_env/include -I/ocean/projects/bio250020p/shared/opt/env/R_env/include -Wl,-rpath-link,/ocean/projects/bio250020p/shared/opt/env/R_env/lib   -pthread -fpic  -fvisibility-inlines-hidden  -fmessage-length=0 -march=nocona -mtune=haswell -ftree-vectorize -fPIC -fstack-protector-strong -fno-plt -O2 -ffunction-sections -pipe -isystem /ocean/projects/bio250020p/shared/opt/env/R_env/include -fdebug-prefix-map=/home/conda/feedstock_root/build_artifacts/r-base-split_1740766681150/work=/usr/local/src/conda/r-base-4.4.3 -fdebug-prefix-map=/ocean/projects/bio250020p/shared/opt/env/R_env=/usr/local/src/conda-prefix   -c s2/s2builderutil_s2polyline_vector_layer.cc -o s2/s2builderutil_s2polyline_vector_layer.o
x86_64-conda-linux-gnu-c++ -std=gnu++17 -I"/ocean/projects/bio250020p/shared/opt/env/R_env/lib/R/include" -DNDEBUG -I../src -DSTRICT_R_HEADERS -DRCPP_NO_MASK_RF_ERROR -I'/ocean/projects/bio250020p/shared/opt/env/R_env/lib/R/library/Rcpp/include' -I'/ocean/projects/bio260021p/kbenjamin/projects/angiotensinII_lung/.Rlib/wk/include' -DNDEBUG -D_FORTIFY_SOURCE=2 -O2 -isystem /ocean/projects/bio250020p/shared/opt/env/R_env/include -I/ocean/projects/bio250020p/shared/opt/env/R_env/include -Wl,-rpath-link,/ocean/projects/bio250020p/shared/opt/env/R_env/lib   -pthread -fpic  -fvisibility-inlines-hidden  -fmessage-length=0 -march=nocona -mtune=haswell -ftree-vectorize -fPIC -fstack-protector-strong -fno-plt -O2 -ffunction-sections -pipe -isystem /ocean/projects/bio250020p/shared/opt/env/R_env/include -fdebug-prefix-map=/home/conda/feedstock_root/build_artifacts/r-base-split_1740766681150/work=/usr/local/src/conda/r-base-4.4.3 -fdebug-prefix-map=/ocean/projects/bio250020p/shared/opt/env/R_env=/usr/local/src/conda-prefix   -c s2/s2builderutil_snap_functions.cc -o s2/s2builderutil_snap_functions.o
x86_64-conda-linux-gnu-c++ -std=gnu++17 -I"/ocean/projects/bio250020p/shared/opt/env/R_env/lib/R/include" -DNDEBUG -I../src -DSTRICT_R_HEADERS -DRCPP_NO_MASK_RF_ERROR -I'/ocean/projects/bio250020p/shared/opt/env/R_env/lib/R/library/Rcpp/include' -I'/ocean/projects/bio260021p/kbenjamin/projects/angiotensinII_lung/.Rlib/wk/include' -DNDEBUG -D_FORTIFY_SOURCE=2 -O2 -isystem /ocean/projects/bio250020p/shared/opt/env/R_env/include -I/ocean/projects/bio250020p/shared/opt/env/R_env/include -Wl,-rpath-link,/ocean/projects/bio250020p/shared/opt/env/R_env/lib   -pthread -fpic  -fvisibility-inlines-hidden  -fmessage-length=0 -march=nocona -mtune=haswell -ftree-vectorize -fPIC -fstack-protector-strong -fno-plt -O2 -ffunction-sections -pipe -isystem /ocean/projects/bio250020p/shared/opt/env/R_env/include -fdebug-prefix-map=/home/conda/feedstock_root/build_artifacts/r-base-split_1740766681150/work=/usr/local/src/conda/r-base-4.4.3 -fdebug-prefix-map=/ocean/projects/bio250020p/shared/opt/env/R_env=/usr/local/src/conda-prefix   -c s2/s2cap.cc -o s2/s2cap.o
x86_64-conda-linux-gnu-c++ -std=gnu++17 -I"/ocean/projects/bio250020p/shared/opt/env/R_env/lib/R/include" -DNDEBUG -I../src -DSTRICT_R_HEADERS -DRCPP_NO_MASK_RF_ERROR -I'/ocean/projects/bio250020p/shared/opt/env/R_env/lib/R/library/Rcpp/include' -I'/ocean/projects/bio260021p/kbenjamin/projects/angiotensinII_lung/.Rlib/wk/include' -DNDEBUG -D_FORTIFY_SOURCE=2 -O2 -isystem /ocean/projects/bio250020p/shared/opt/env/R_env/include -I/ocean/projects/bio250020p/shared/opt/env/R_env/include -Wl,-rpath-link,/ocean/projects/bio250020p/shared/opt/env/R_env/lib   -pthread -fpic  -fvisibility-inlines-hidden  -fmessage-length=0 -march=nocona -mtune=haswell -ftree-vectorize -fPIC -fstack-protector-strong -fno-plt -O2 -ffunction-sections -pipe -isystem /ocean/projects/bio250020p/shared/opt/env/R_env/include -fdebug-prefix-map=/home/conda/feedstock_root/build_artifacts/r-base-split_1740766681150/work=/usr/local/src/conda/r-base-4.4.3 -fdebug-prefix-map=/ocean/projects/bio250020p/shared/opt/env/R_env=/usr/local/src/conda-prefix   -c s2/s2cell_id.cc -o s2/s2cell_id.o
x86_64-conda-linux-gnu-c++ -std=gnu++17 -I"/ocean/projects/bio250020p/shared/opt/env/R_env/lib/R/include" -DNDEBUG -I../src -DSTRICT_R_HEADERS -DRCPP_NO_MASK_RF_ERROR -I'/ocean/projects/bio250020p/shared/opt/env/R_env/lib/R/library/Rcpp/include' -I'/ocean/projects/bio260021p/kbenjamin/projects/angiotensinII_lung/.Rlib/wk/include' -DNDEBUG -D_FORTIFY_SOURCE=2 -O2 -isystem /ocean/projects/bio250020p/shared/opt/env/R_env/include -I/ocean/projects/bio250020p/shared/opt/env/R_env/include -Wl,-rpath-link,/ocean/projects/bio250020p/shared/opt/env/R_env/lib   -pthread -fpic  -fvisibility-inlines-hidden  -fmessage-length=0 -march=nocona -mtune=haswell -ftree-vectorize -fPIC -fstack-protector-strong -fno-plt -O2 -ffunction-sections -pipe -isystem /ocean/projects/bio250020p/shared/opt/env/R_env/include -fdebug-prefix-map=/home/conda/feedstock_root/build_artifacts/r-base-split_1740766681150/work=/usr/local/src/conda/r-base-4.4.3 -fdebug-prefix-map=/ocean/projects/bio250020p/shared/opt/env/R_env=/usr/local/src/conda-prefix   -c s2/s2cell_index.cc -o s2/s2cell_index.o
x86_64-conda-linux-gnu-c++ -std=gnu++17 -I"/ocean/projects/bio250020p/shared/opt/env/R_env/lib/R/include" -DNDEBUG -I../src -DSTRICT_R_HEADERS -DRCPP_NO_MASK_RF_ERROR -I'/ocean/projects/bio250020p/shared/opt/env/R_env/lib/R/library/Rcpp/include' -I'/ocean/projects/bio260021p/kbenjamin/projects/angiotensinII_lung/.Rlib/wk/include' -DNDEBUG -D_FORTIFY_SOURCE=2 -O2 -isystem /ocean/projects/bio250020p/shared/opt/env/R_env/include -I/ocean/projects/bio250020p/shared/opt/env/R_env/include -Wl,-rpath-link,/ocean/projects/bio250020p/shared/opt/env/R_env/lib   -pthread -fpic  -fvisibility-inlines-hidden  -fmessage-length=0 -march=nocona -mtune=haswell -ftree-vectorize -fPIC -fstack-protector-strong -fno-plt -O2 -ffunction-sections -pipe -isystem /ocean/projects/bio250020p/shared/opt/env/R_env/include -fdebug-prefix-map=/home/conda/feedstock_root/build_artifacts/r-base-split_1740766681150/work=/usr/local/src/conda/r-base-4.4.3 -fdebug-prefix-map=/ocean/projects/bio250020p/shared/opt/env/R_env=/usr/local/src/conda-prefix   -c s2/s2cell_union.cc -o s2/s2cell_union.o
x86_64-conda-linux-gnu-c++ -std=gnu++17 -I"/ocean/projects/bio250020p/shared/opt/env/R_env/lib/R/include" -DNDEBUG -I../src -DSTRICT_R_HEADERS -DRCPP_NO_MASK_RF_ERROR -I'/ocean/projects/bio250020p/shared/opt/env/R_env/lib/R/library/Rcpp/include' -I'/ocean/projects/bio260021p/kbenjamin/projects/angiotensinII_lung/.Rlib/wk/include' -DNDEBUG -D_FORTIFY_SOURCE=2 -O2 -isystem /ocean/projects/bio250020p/shared/opt/env/R_env/include -I/ocean/projects/bio250020p/shared/opt/env/R_env/include -Wl,-rpath-link,/ocean/projects/bio250020p/shared/opt/env/R_env/lib   -pthread -fpic  -fvisibility-inlines-hidden  -fmessage-length=0 -march=nocona -mtune=haswell -ftree-vectorize -fPIC -fstack-protector-strong -fno-plt -O2 -ffunction-sections -pipe -isystem /ocean/projects/bio250020p/shared/opt/env/R_env/include -fdebug-prefix-map=/home/conda/feedstock_root/build_artifacts/r-base-split_1740766681150/work=/usr/local/src/conda/r-base-4.4.3 -fdebug-prefix-map=/ocean/projects/bio250020p/shared/opt/env/R_env=/usr/local/src/conda-prefix   -c s2/s2cell.cc -o s2/s2cell.o
x86_64-conda-linux-gnu-c++ -std=gnu++17 -I"/ocean/projects/bio250020p/shared/opt/env/R_env/lib/R/include" -DNDEBUG -I../src -DSTRICT_R_HEADERS -DRCPP_NO_MASK_RF_ERROR -I'/ocean/projects/bio250020p/shared/opt/env/R_env/lib/R/library/Rcpp/include' -I'/ocean/projects/bio260021p/kbenjamin/projects/angiotensinII_lung/.Rlib/wk/include' -DNDEBUG -D_FORTIFY_SOURCE=2 -O2 -isystem /ocean/projects/bio250020p/shared/opt/env/R_env/include -I/ocean/projects/bio250020p/shared/opt/env/R_env/include -Wl,-rpath-link,/ocean/projects/bio250020p/shared/opt/env/R_env/lib   -pthread -fpic  -fvisibility-inlines-hidden  -fmessage-length=0 -march=nocona -mtune=haswell -ftree-vectorize -fPIC -fstack-protector-strong -fno-plt -O2 -ffunction-sections -pipe -isystem /ocean/projects/bio250020p/shared/opt/env/R_env/include -fdebug-prefix-map=/home/conda/feedstock_root/build_artifacts/r-base-split_1740766681150/work=/usr/local/src/conda/r-base-4.4.3 -fdebug-prefix-map=/ocean/projects/bio250020p/shared/opt/env/R_env=/usr/local/src/conda-prefix   -c s2/s2centroids.cc -o s2/s2centroids.o
x86_64-conda-linux-gnu-c++ -std=gnu++17 -I"/ocean/projects/bio250020p/shared/opt/env/R_env/lib/R/include" -DNDEBUG -I../src -DSTRICT_R_HEADERS -DRCPP_NO_MASK_RF_ERROR -I'/ocean/projects/bio250020p/shared/opt/env/R_env/lib/R/library/Rcpp/include' -I'/ocean/projects/bio260021p/kbenjamin/projects/angiotensinII_lung/.Rlib/wk/include' -DNDEBUG -D_FORTIFY_SOURCE=2 -O2 -isystem /ocean/projects/bio250020p/shared/opt/env/R_env/include -I/ocean/projects/bio250020p/shared/opt/env/R_env/include -Wl,-rpath-link,/ocean/projects/bio250020p/shared/opt/env/R_env/lib   -pthread -fpic  -fvisibility-inlines-hidden  -fmessage-length=0 -march=nocona -mtune=haswell -ftree-vectorize -fPIC -fstack-protector-strong -fno-plt -O2 -ffunction-sections -pipe -isystem /ocean/projects/bio250020p/shared/opt/env/R_env/include -fdebug-prefix-map=/home/conda/feedstock_root/build_artifacts/r-base-split_1740766681150/work=/usr/local/src/conda/r-base-4.4.3 -fdebug-prefix-map=/ocean/projects/bio250020p/shared/opt/env/R_env=/usr/local/src/conda-prefix   -c s2/s2closest_cell_query.cc -o s2/s2closest_cell_query.o
x86_64-conda-linux-gnu-c++ -std=gnu++17 -I"/ocean/projects/bio250020p/shared/opt/env/R_env/lib/R/include" -DNDEBUG -I../src -DSTRICT_R_HEADERS -DRCPP_NO_MASK_RF_ERROR -I'/ocean/projects/bio250020p/shared/opt/env/R_env/lib/R/library/Rcpp/include' -I'/ocean/projects/bio260021p/kbenjamin/projects/angiotensinII_lung/.Rlib/wk/include' -DNDEBUG -D_FORTIFY_SOURCE=2 -O2 -isystem /ocean/projects/bio250020p/shared/opt/env/R_env/include -I/ocean/projects/bio250020p/shared/opt/env/R_env/include -Wl,-rpath-link,/ocean/projects/bio250020p/shared/opt/env/R_env/lib   -pthread -fpic  -fvisibility-inlines-hidden  -fmessage-length=0 -march=nocona -mtune=haswell -ftree-vectorize -fPIC -fstack-protector-strong -fno-plt -O2 -ffunction-sections -pipe -isystem /ocean/projects/bio250020p/shared/opt/env/R_env/include -fdebug-prefix-map=/home/conda/feedstock_root/build_artifacts/r-base-split_1740766681150/work=/usr/local/src/conda/r-base-4.4.3 -fdebug-prefix-map=/ocean/projects/bio250020p/shared/opt/env/R_env=/usr/local/src/conda-prefix   -c s2/s2closest_edge_query.cc -o s2/s2closest_edge_query.o
x86_64-conda-linux-gnu-c++ -std=gnu++17 -I"/ocean/projects/bio250020p/shared/opt/env/R_env/lib/R/include" -DNDEBUG -I../src -DSTRICT_R_HEADERS -DRCPP_NO_MASK_RF_ERROR -I'/ocean/projects/bio250020p/shared/opt/env/R_env/lib/R/library/Rcpp/include' -I'/ocean/projects/bio260021p/kbenjamin/projects/angiotensinII_lung/.Rlib/wk/include' -DNDEBUG -D_FORTIFY_SOURCE=2 -O2 -isystem /ocean/projects/bio250020p/shared/opt/env/R_env/include -I/ocean/projects/bio250020p/shared/opt/env/R_env/include -Wl,-rpath-link,/ocean/projects/bio250020p/shared/opt/env/R_env/lib   -pthread -fpic  -fvisibility-inlines-hidden  -fmessage-length=0 -march=nocona -mtune=haswell -ftree-vectorize -fPIC -fstack-protector-strong -fno-plt -O2 -ffunction-sections -pipe -isystem /ocean/projects/bio250020p/shared/opt/env/R_env/include -fdebug-prefix-map=/home/conda/feedstock_root/build_artifacts/r-base-split_1740766681150/work=/usr/local/src/conda/r-base-4.4.3 -fdebug-prefix-map=/ocean/projects/bio250020p/shared/opt/env/R_env=/usr/local/src/conda-prefix   -c s2/s2closest_point_query.cc -o s2/s2closest_point_query.o
x86_64-conda-linux-gnu-c++ -std=gnu++17 -I"/ocean/projects/bio250020p/shared/opt/env/R_env/lib/R/include" -DNDEBUG -I../src -DSTRICT_R_HEADERS -DRCPP_NO_MASK_RF_ERROR -I'/ocean/projects/bio250020p/shared/opt/env/R_env/lib/R/library/Rcpp/include' -I'/ocean/projects/bio260021p/kbenjamin/projects/angiotensinII_lung/.Rlib/wk/include' -DNDEBUG -D_FORTIFY_SOURCE=2 -O2 -isystem /ocean/projects/bio250020p/shared/opt/env/R_env/include -I/ocean/projects/bio250020p/shared/opt/env/R_env/include -Wl,-rpath-link,/ocean/projects/bio250020p/shared/opt/env/R_env/lib   -pthread -fpic  -fvisibility-inlines-hidden  -fmessage-length=0 -march=nocona -mtune=haswell -ftree-vectorize -fPIC -fstack-protector-strong -fno-plt -O2 -ffunction-sections -pipe -isystem /ocean/projects/bio250020p/shared/opt/env/R_env/include -fdebug-prefix-map=/home/conda/feedstock_root/build_artifacts/r-base-split_1740766681150/work=/usr/local/src/conda/r-base-4.4.3 -fdebug-prefix-map=/ocean/projects/bio250020p/shared/opt/env/R_env=/usr/local/src/conda-prefix   -c s2/s2contains_vertex_query.cc -o s2/s2contains_vertex_query.o
x86_64-conda-linux-gnu-c++ -std=gnu++17 -I"/ocean/projects/bio250020p/shared/opt/env/R_env/lib/R/include" -DNDEBUG -I../src -DSTRICT_R_HEADERS -DRCPP_NO_MASK_RF_ERROR -I'/ocean/projects/bio250020p/shared/opt/env/R_env/lib/R/library/Rcpp/include' -I'/ocean/projects/bio260021p/kbenjamin/projects/angiotensinII_lung/.Rlib/wk/include' -DNDEBUG -D_FORTIFY_SOURCE=2 -O2 -isystem /ocean/projects/bio250020p/shared/opt/env/R_env/include -I/ocean/projects/bio250020p/shared/opt/env/R_env/include -Wl,-rpath-link,/ocean/projects/bio250020p/shared/opt/env/R_env/lib   -pthread -fpic  -fvisibility-inlines-hidden  -fmessage-length=0 -march=nocona -mtune=haswell -ftree-vectorize -fPIC -fstack-protector-strong -fno-plt -O2 -ffunction-sections -pipe -isystem /ocean/projects/bio250020p/shared/opt/env/R_env/include -fdebug-prefix-map=/home/conda/feedstock_root/build_artifacts/r-base-split_1740766681150/work=/usr/local/src/conda/r-base-4.4.3 -fdebug-prefix-map=/ocean/projects/bio250020p/shared/opt/env/R_env=/usr/local/src/conda-prefix   -c s2/s2convex_hull_query.cc -o s2/s2convex_hull_query.o
x86_64-conda-linux-gnu-c++ -std=gnu++17 -I"/ocean/projects/bio250020p/shared/opt/env/R_env/lib/R/include" -DNDEBUG -I../src -DSTRICT_R_HEADERS -DRCPP_NO_MASK_RF_ERROR -I'/ocean/projects/bio250020p/shared/opt/env/R_env/lib/R/library/Rcpp/include' -I'/ocean/projects/bio260021p/kbenjamin/projects/angiotensinII_lung/.Rlib/wk/include' -DNDEBUG -D_FORTIFY_SOURCE=2 -O2 -isystem /ocean/projects/bio250020p/shared/opt/env/R_env/include -I/ocean/projects/bio250020p/shared/opt/env/R_env/include -Wl,-rpath-link,/ocean/projects/bio250020p/shared/opt/env/R_env/lib   -pthread -fpic  -fvisibility-inlines-hidden  -fmessage-length=0 -march=nocona -mtune=haswell -ftree-vectorize -fPIC -fstack-protector-strong -fno-plt -O2 -ffunction-sections -pipe -isystem /ocean/projects/bio250020p/shared/opt/env/R_env/include -fdebug-prefix-map=/home/conda/feedstock_root/build_artifacts/r-base-split_1740766681150/work=/usr/local/src/conda/r-base-4.4.3 -fdebug-prefix-map=/ocean/projects/bio250020p/shared/opt/env/R_env=/usr/local/src/conda-prefix   -c s2/s2coords.cc -o s2/s2coords.o
x86_64-conda-linux-gnu-c++ -std=gnu++17 -I"/ocean/projects/bio250020p/shared/opt/env/R_env/lib/R/include" -DNDEBUG -I../src -DSTRICT_R_HEADERS -DRCPP_NO_MASK_RF_ERROR -I'/ocean/projects/bio250020p/shared/opt/env/R_env/lib/R/library/Rcpp/include' -I'/ocean/projects/bio260021p/kbenjamin/projects/angiotensinII_lung/.Rlib/wk/include' -DNDEBUG -D_FORTIFY_SOURCE=2 -O2 -isystem /ocean/projects/bio250020p/shared/opt/env/R_env/include -I/ocean/projects/bio250020p/shared/opt/env/R_env/include -Wl,-rpath-link,/ocean/projects/bio250020p/shared/opt/env/R_env/lib   -pthread -fpic  -fvisibility-inlines-hidden  -fmessage-length=0 -march=nocona -mtune=haswell -ftree-vectorize -fPIC -fstack-protector-strong -fno-plt -O2 -ffunction-sections -pipe -isystem /ocean/projects/bio250020p/shared/opt/env/R_env/include -fdebug-prefix-map=/home/conda/feedstock_root/build_artifacts/r-base-split_1740766681150/work=/usr/local/src/conda/r-base-4.4.3 -fdebug-prefix-map=/ocean/projects/bio250020p/shared/opt/env/R_env=/usr/local/src/conda-prefix   -c s2/s2crossing_edge_query.cc -o s2/s2crossing_edge_query.o
x86_64-conda-linux-gnu-c++ -std=gnu++17 -I"/ocean/projects/bio250020p/shared/opt/env/R_env/lib/R/include" -DNDEBUG -I../src -DSTRICT_R_HEADERS -DRCPP_NO_MASK_RF_ERROR -I'/ocean/projects/bio250020p/shared/opt/env/R_env/lib/R/library/Rcpp/include' -I'/ocean/projects/bio260021p/kbenjamin/projects/angiotensinII_lung/.Rlib/wk/include' -DNDEBUG -D_FORTIFY_SOURCE=2 -O2 -isystem /ocean/projects/bio250020p/shared/opt/env/R_env/include -I/ocean/projects/bio250020p/shared/opt/env/R_env/include -Wl,-rpath-link,/ocean/projects/bio250020p/shared/opt/env/R_env/lib   -pthread -fpic  -fvisibility-inlines-hidden  -fmessage-length=0 -march=nocona -mtune=haswell -ftree-vectorize -fPIC -fstack-protector-strong -fno-plt -O2 -ffunction-sections -pipe -isystem /ocean/projects/bio250020p/shared/opt/env/R_env/include -fdebug-prefix-map=/home/conda/feedstock_root/build_artifacts/r-base-split_1740766681150/work=/usr/local/src/conda/r-base-4.4.3 -fdebug-prefix-map=/ocean/projects/bio250020p/shared/opt/env/R_env=/usr/local/src/conda-prefix   -c s2/s2debug.cc -o s2/s2debug.o
x86_64-conda-linux-gnu-c++ -std=gnu++17 -I"/ocean/projects/bio250020p/shared/opt/env/R_env/lib/R/include" -DNDEBUG -I../src -DSTRICT_R_HEADERS -DRCPP_NO_MASK_RF_ERROR -I'/ocean/projects/bio250020p/shared/opt/env/R_env/lib/R/library/Rcpp/include' -I'/ocean/projects/bio260021p/kbenjamin/projects/angiotensinII_lung/.Rlib/wk/include' -DNDEBUG -D_FORTIFY_SOURCE=2 -O2 -isystem /ocean/projects/bio250020p/shared/opt/env/R_env/include -I/ocean/projects/bio250020p/shared/opt/env/R_env/include -Wl,-rpath-link,/ocean/projects/bio250020p/shared/opt/env/R_env/lib   -pthread -fpic  -fvisibility-inlines-hidden  -fmessage-length=0 -march=nocona -mtune=haswell -ftree-vectorize -fPIC -fstack-protector-strong -fno-plt -O2 -ffunction-sections -pipe -isystem /ocean/projects/bio250020p/shared/opt/env/R_env/include -fdebug-prefix-map=/home/conda/feedstock_root/build_artifacts/r-base-split_1740766681150/work=/usr/local/src/conda/r-base-4.4.3 -fdebug-prefix-map=/ocean/projects/bio250020p/shared/opt/env/R_env=/usr/local/src/conda-prefix   -c s2/s2earth.cc -o s2/s2earth.o
x86_64-conda-linux-gnu-c++ -std=gnu++17 -I"/ocean/projects/bio250020p/shared/opt/env/R_env/lib/R/include" -DNDEBUG -I../src -DSTRICT_R_HEADERS -DRCPP_NO_MASK_RF_ERROR -I'/ocean/projects/bio250020p/shared/opt/env/R_env/lib/R/library/Rcpp/include' -I'/ocean/projects/bio260021p/kbenjamin/projects/angiotensinII_lung/.Rlib/wk/include' -DNDEBUG -D_FORTIFY_SOURCE=2 -O2 -isystem /ocean/projects/bio250020p/shared/opt/env/R_env/include -I/ocean/projects/bio250020p/shared/opt/env/R_env/include -Wl,-rpath-link,/ocean/projects/bio250020p/shared/opt/env/R_env/lib   -pthread -fpic  -fvisibility-inlines-hidden  -fmessage-length=0 -march=nocona -mtune=haswell -ftree-vectorize -fPIC -fstack-protector-strong -fno-plt -O2 -ffunction-sections -pipe -isystem /ocean/projects/bio250020p/shared/opt/env/R_env/include -fdebug-prefix-map=/home/conda/feedstock_root/build_artifacts/r-base-split_1740766681150/work=/usr/local/src/conda/r-base-4.4.3 -fdebug-prefix-map=/ocean/projects/bio250020p/shared/opt/env/R_env=/usr/local/src/conda-prefix   -c s2/s2edge_clipping.cc -o s2/s2edge_clipping.o
x86_64-conda-linux-gnu-c++ -std=gnu++17 -I"/ocean/projects/bio250020p/shared/opt/env/R_env/lib/R/include" -DNDEBUG -I../src -DSTRICT_R_HEADERS -DRCPP_NO_MASK_RF_ERROR -I'/ocean/projects/bio250020p/shared/opt/env/R_env/lib/R/library/Rcpp/include' -I'/ocean/projects/bio260021p/kbenjamin/projects/angiotensinII_lung/.Rlib/wk/include' -DNDEBUG -D_FORTIFY_SOURCE=2 -O2 -isystem /ocean/projects/bio250020p/shared/opt/env/R_env/include -I/ocean/projects/bio250020p/shared/opt/env/R_env/include -Wl,-rpath-link,/ocean/projects/bio250020p/shared/opt/env/R_env/lib   -pthread -fpic  -fvisibility-inlines-hidden  -fmessage-length=0 -march=nocona -mtune=haswell -ftree-vectorize -fPIC -fstack-protector-strong -fno-plt -O2 -ffunction-sections -pipe -isystem /ocean/projects/bio250020p/shared/opt/env/R_env/include -fdebug-prefix-map=/home/conda/feedstock_root/build_artifacts/r-base-split_1740766681150/work=/usr/local/src/conda/r-base-4.4.3 -fdebug-prefix-map=/ocean/projects/bio250020p/shared/opt/env/R_env=/usr/local/src/conda-prefix   -c s2/s2edge_crosser.cc -o s2/s2edge_crosser.o
x86_64-conda-linux-gnu-c++ -std=gnu++17 -I"/ocean/projects/bio250020p/shared/opt/env/R_env/lib/R/include" -DNDEBUG -I../src -DSTRICT_R_HEADERS -DRCPP_NO_MASK_RF_ERROR -I'/ocean/projects/bio250020p/shared/opt/env/R_env/lib/R/library/Rcpp/include' -I'/ocean/projects/bio260021p/kbenjamin/projects/angiotensinII_lung/.Rlib/wk/include' -DNDEBUG -D_FORTIFY_SOURCE=2 -O2 -isystem /ocean/projects/bio250020p/shared/opt/env/R_env/include -I/ocean/projects/bio250020p/shared/opt/env/R_env/include -Wl,-rpath-link,/ocean/projects/bio250020p/shared/opt/env/R_env/lib   -pthread -fpic  -fvisibility-inlines-hidden  -fmessage-length=0 -march=nocona -mtune=haswell -ftree-vectorize -fPIC -fstack-protector-strong -fno-plt -O2 -ffunction-sections -pipe -isystem /ocean/projects/bio250020p/shared/opt/env/R_env/include -fdebug-prefix-map=/home/conda/feedstock_root/build_artifacts/r-base-split_1740766681150/work=/usr/local/src/conda/r-base-4.4.3 -fdebug-prefix-map=/ocean/projects/bio250020p/shared/opt/env/R_env=/usr/local/src/conda-prefix   -c s2/s2edge_crossings.cc -o s2/s2edge_crossings.o
x86_64-conda-linux-gnu-c++ -std=gnu++17 -I"/ocean/projects/bio250020p/shared/opt/env/R_env/lib/R/include" -DNDEBUG -I../src -DSTRICT_R_HEADERS -DRCPP_NO_MASK_RF_ERROR -I'/ocean/projects/bio250020p/shared/opt/env/R_env/lib/R/library/Rcpp/include' -I'/ocean/projects/bio260021p/kbenjamin/projects/angiotensinII_lung/.Rlib/wk/include' -DNDEBUG -D_FORTIFY_SOURCE=2 -O2 -isystem /ocean/projects/bio250020p/shared/opt/env/R_env/include -I/ocean/projects/bio250020p/shared/opt/env/R_env/include -Wl,-rpath-link,/ocean/projects/bio250020p/shared/opt/env/R_env/lib   -pthread -fpic  -fvisibility-inlines-hidden  -fmessage-length=0 -march=nocona -mtune=haswell -ftree-vectorize -fPIC -fstack-protector-strong -fno-plt -O2 -ffunction-sections -pipe -isystem /ocean/projects/bio250020p/shared/opt/env/R_env/include -fdebug-prefix-map=/home/conda/feedstock_root/build_artifacts/r-base-split_1740766681150/work=/usr/local/src/conda/r-base-4.4.3 -fdebug-prefix-map=/ocean/projects/bio250020p/shared/opt/env/R_env=/usr/local/src/conda-prefix   -c s2/s2edge_distances.cc -o s2/s2edge_distances.o
x86_64-conda-linux-gnu-c++ -std=gnu++17 -I"/ocean/projects/bio250020p/shared/opt/env/R_env/lib/R/include" -DNDEBUG -I../src -DSTRICT_R_HEADERS -DRCPP_NO_MASK_RF_ERROR -I'/ocean/projects/bio250020p/shared/opt/env/R_env/lib/R/library/Rcpp/include' -I'/ocean/projects/bio260021p/kbenjamin/projects/angiotensinII_lung/.Rlib/wk/include' -DNDEBUG -D_FORTIFY_SOURCE=2 -O2 -isystem /ocean/projects/bio250020p/shared/opt/env/R_env/include -I/ocean/projects/bio250020p/shared/opt/env/R_env/include -Wl,-rpath-link,/ocean/projects/bio250020p/shared/opt/env/R_env/lib   -pthread -fpic  -fvisibility-inlines-hidden  -fmessage-length=0 -march=nocona -mtune=haswell -ftree-vectorize -fPIC -fstack-protector-strong -fno-plt -O2 -ffunction-sections -pipe -isystem /ocean/projects/bio250020p/shared/opt/env/R_env/include -fdebug-prefix-map=/home/conda/feedstock_root/build_artifacts/r-base-split_1740766681150/work=/usr/local/src/conda/r-base-4.4.3 -fdebug-prefix-map=/ocean/projects/bio250020p/shared/opt/env/R_env=/usr/local/src/conda-prefix   -c s2/s2edge_tessellator.cc -o s2/s2edge_tessellator.o
x86_64-conda-linux-gnu-c++ -std=gnu++17 -I"/ocean/projects/bio250020p/shared/opt/env/R_env/lib/R/include" -DNDEBUG -I../src -DSTRICT_R_HEADERS -DRCPP_NO_MASK_RF_ERROR -I'/ocean/projects/bio250020p/shared/opt/env/R_env/lib/R/library/Rcpp/include' -I'/ocean/projects/bio260021p/kbenjamin/projects/angiotensinII_lung/.Rlib/wk/include' -DNDEBUG -D_FORTIFY_SOURCE=2 -O2 -isystem /ocean/projects/bio250020p/shared/opt/env/R_env/include -I/ocean/projects/bio250020p/shared/opt/env/R_env/include -Wl,-rpath-link,/ocean/projects/bio250020p/shared/opt/env/R_env/lib   -pthread -fpic  -fvisibility-inlines-hidden  -fmessage-length=0 -march=nocona -mtune=haswell -ftree-vectorize -fPIC -fstack-protector-strong -fno-plt -O2 -ffunction-sections -pipe -isystem /ocean/projects/bio250020p/shared/opt/env/R_env/include -fdebug-prefix-map=/home/conda/feedstock_root/build_artifacts/r-base-split_1740766681150/work=/usr/local/src/conda/r-base-4.4.3 -fdebug-prefix-map=/ocean/projects/bio250020p/shared/opt/env/R_env=/usr/local/src/conda-prefix   -c s2/s2error.cc -o s2/s2error.o
x86_64-conda-linux-gnu-c++ -std=gnu++17 -I"/ocean/projects/bio250020p/shared/opt/env/R_env/lib/R/include" -DNDEBUG -I../src -DSTRICT_R_HEADERS -DRCPP_NO_MASK_RF_ERROR -I'/ocean/projects/bio250020p/shared/opt/env/R_env/lib/R/library/Rcpp/include' -I'/ocean/projects/bio260021p/kbenjamin/projects/angiotensinII_lung/.Rlib/wk/include' -DNDEBUG -D_FORTIFY_SOURCE=2 -O2 -isystem /ocean/projects/bio250020p/shared/opt/env/R_env/include -I/ocean/projects/bio250020p/shared/opt/env/R_env/include -Wl,-rpath-link,/ocean/projects/bio250020p/shared/opt/env/R_env/lib   -pthread -fpic  -fvisibility-inlines-hidden  -fmessage-length=0 -march=nocona -mtune=haswell -ftree-vectorize -fPIC -fstack-protector-strong -fno-plt -O2 -ffunction-sections -pipe -isystem /ocean/projects/bio250020p/shared/opt/env/R_env/include -fdebug-prefix-map=/home/conda/feedstock_root/build_artifacts/r-base-split_1740766681150/work=/usr/local/src/conda/r-base-4.4.3 -fdebug-prefix-map=/ocean/projects/bio250020p/shared/opt/env/R_env=/usr/local/src/conda-prefix   -c s2/s2furthest_edge_query.cc -o s2/s2furthest_edge_query.o
x86_64-conda-linux-gnu-c++ -std=gnu++17 -I"/ocean/projects/bio250020p/shared/opt/env/R_env/lib/R/include" -DNDEBUG -I../src -DSTRICT_R_HEADERS -DRCPP_NO_MASK_RF_ERROR -I'/ocean/projects/bio250020p/shared/opt/env/R_env/lib/R/library/Rcpp/include' -I'/ocean/projects/bio260021p/kbenjamin/projects/angiotensinII_lung/.Rlib/wk/include' -DNDEBUG -D_FORTIFY_SOURCE=2 -O2 -isystem /ocean/projects/bio250020p/shared/opt/env/R_env/include -I/ocean/projects/bio250020p/shared/opt/env/R_env/include -Wl,-rpath-link,/ocean/projects/bio250020p/shared/opt/env/R_env/lib   -pthread -fpic  -fvisibility-inlines-hidden  -fmessage-length=0 -march=nocona -mtune=haswell -ftree-vectorize -fPIC -fstack-protector-strong -fno-plt -O2 -ffunction-sections -pipe -isystem /ocean/projects/bio250020p/shared/opt/env/R_env/include -fdebug-prefix-map=/home/conda/feedstock_root/build_artifacts/r-base-split_1740766681150/work=/usr/local/src/conda/r-base-4.4.3 -fdebug-prefix-map=/ocean/projects/bio250020p/shared/opt/env/R_env=/usr/local/src/conda-prefix   -c s2/s2hausdorff_distance_query.cc -o s2/s2hausdorff_distance_query.o
x86_64-conda-linux-gnu-c++ -std=gnu++17 -I"/ocean/projects/bio250020p/shared/opt/env/R_env/lib/R/include" -DNDEBUG -I../src -DSTRICT_R_HEADERS -DRCPP_NO_MASK_RF_ERROR -I'/ocean/projects/bio250020p/shared/opt/env/R_env/lib/R/library/Rcpp/include' -I'/ocean/projects/bio260021p/kbenjamin/projects/angiotensinII_lung/.Rlib/wk/include' -DNDEBUG -D_FORTIFY_SOURCE=2 -O2 -isystem /ocean/projects/bio250020p/shared/opt/env/R_env/include -I/ocean/projects/bio250020p/shared/opt/env/R_env/include -Wl,-rpath-link,/ocean/projects/bio250020p/shared/opt/env/R_env/lib   -pthread -fpic  -fvisibility-inlines-hidden  -fmessage-length=0 -march=nocona -mtune=haswell -ftree-vectorize -fPIC -fstack-protector-strong -fno-plt -O2 -ffunction-sections -pipe -isystem /ocean/projects/bio250020p/shared/opt/env/R_env/include -fdebug-prefix-map=/home/conda/feedstock_root/build_artifacts/r-base-split_1740766681150/work=/usr/local/src/conda/r-base-4.4.3 -fdebug-prefix-map=/ocean/projects/bio250020p/shared/opt/env/R_env=/usr/local/src/conda-prefix   -c s2/s2latlng_rect_bounder.cc -o s2/s2latlng_rect_bounder.o
x86_64-conda-linux-gnu-c++ -std=gnu++17 -I"/ocean/projects/bio250020p/shared/opt/env/R_env/lib/R/include" -DNDEBUG -I../src -DSTRICT_R_HEADERS -DRCPP_NO_MASK_RF_ERROR -I'/ocean/projects/bio250020p/shared/opt/env/R_env/lib/R/library/Rcpp/include' -I'/ocean/projects/bio260021p/kbenjamin/projects/angiotensinII_lung/.Rlib/wk/include' -DNDEBUG -D_FORTIFY_SOURCE=2 -O2 -isystem /ocean/projects/bio250020p/shared/opt/env/R_env/include -I/ocean/projects/bio250020p/shared/opt/env/R_env/include -Wl,-rpath-link,/ocean/projects/bio250020p/shared/opt/env/R_env/lib   -pthread -fpic  -fvisibility-inlines-hidden  -fmessage-length=0 -march=nocona -mtune=haswell -ftree-vectorize -fPIC -fstack-protector-strong -fno-plt -O2 -ffunction-sections -pipe -isystem /ocean/projects/bio250020p/shared/opt/env/R_env/include -fdebug-prefix-map=/home/conda/feedstock_root/build_artifacts/r-base-split_1740766681150/work=/usr/local/src/conda/r-base-4.4.3 -fdebug-prefix-map=/ocean/projects/bio250020p/shared/opt/env/R_env=/usr/local/src/conda-prefix   -c s2/s2latlng_rect.cc -o s2/s2latlng_rect.o
x86_64-conda-linux-gnu-c++ -std=gnu++17 -I"/ocean/projects/bio250020p/shared/opt/env/R_env/lib/R/include" -DNDEBUG -I../src -DSTRICT_R_HEADERS -DRCPP_NO_MASK_RF_ERROR -I'/ocean/projects/bio250020p/shared/opt/env/R_env/lib/R/library/Rcpp/include' -I'/ocean/projects/bio260021p/kbenjamin/projects/angiotensinII_lung/.Rlib/wk/include' -DNDEBUG -D_FORTIFY_SOURCE=2 -O2 -isystem /ocean/projects/bio250020p/shared/opt/env/R_env/include -I/ocean/projects/bio250020p/shared/opt/env/R_env/include -Wl,-rpath-link,/ocean/projects/bio250020p/shared/opt/env/R_env/lib   -pthread -fpic  -fvisibility-inlines-hidden  -fmessage-length=0 -march=nocona -mtune=haswell -ftree-vectorize -fPIC -fstack-protector-strong -fno-plt -O2 -ffunction-sections -pipe -isystem /ocean/projects/bio250020p/shared/opt/env/R_env/include -fdebug-prefix-map=/home/conda/feedstock_root/build_artifacts/r-base-split_1740766681150/work=/usr/local/src/conda/r-base-4.4.3 -fdebug-prefix-map=/ocean/projects/bio250020p/shared/opt/env/R_env=/usr/local/src/conda-prefix   -c s2/s2latlng.cc -o s2/s2latlng.o
x86_64-conda-linux-gnu-c++ -std=gnu++17 -I"/ocean/projects/bio250020p/shared/opt/env/R_env/lib/R/include" -DNDEBUG -I../src -DSTRICT_R_HEADERS -DRCPP_NO_MASK_RF_ERROR -I'/ocean/projects/bio250020p/shared/opt/env/R_env/lib/R/library/Rcpp/include' -I'/ocean/projects/bio260021p/kbenjamin/projects/angiotensinII_lung/.Rlib/wk/include' -DNDEBUG -D_FORTIFY_SOURCE=2 -O2 -isystem /ocean/projects/bio250020p/shared/opt/env/R_env/include -I/ocean/projects/bio250020p/shared/opt/env/R_env/include -Wl,-rpath-link,/ocean/projects/bio250020p/shared/opt/env/R_env/lib   -pthread -fpic  -fvisibility-inlines-hidden  -fmessage-length=0 -march=nocona -mtune=haswell -ftree-vectorize -fPIC -fstack-protector-strong -fno-plt -O2 -ffunction-sections -pipe -isystem /ocean/projects/bio250020p/shared/opt/env/R_env/include -fdebug-prefix-map=/home/conda/feedstock_root/build_artifacts/r-base-split_1740766681150/work=/usr/local/src/conda/r-base-4.4.3 -fdebug-prefix-map=/ocean/projects/bio250020p/shared/opt/env/R_env=/usr/local/src/conda-prefix   -c s2/s2lax_loop_shape.cc -o s2/s2lax_loop_shape.o
x86_64-conda-linux-gnu-c++ -std=gnu++17 -I"/ocean/projects/bio250020p/shared/opt/env/R_env/lib/R/include" -DNDEBUG -I../src -DSTRICT_R_HEADERS -DRCPP_NO_MASK_RF_ERROR -I'/ocean/projects/bio250020p/shared/opt/env/R_env/lib/R/library/Rcpp/include' -I'/ocean/projects/bio260021p/kbenjamin/projects/angiotensinII_lung/.Rlib/wk/include' -DNDEBUG -D_FORTIFY_SOURCE=2 -O2 -isystem /ocean/projects/bio250020p/shared/opt/env/R_env/include -I/ocean/projects/bio250020p/shared/opt/env/R_env/include -Wl,-rpath-link,/ocean/projects/bio250020p/shared/opt/env/R_env/lib   -pthread -fpic  -fvisibility-inlines-hidden  -fmessage-length=0 -march=nocona -mtune=haswell -ftree-vectorize -fPIC -fstack-protector-strong -fno-plt -O2 -ffunction-sections -pipe -isystem /ocean/projects/bio250020p/shared/opt/env/R_env/include -fdebug-prefix-map=/home/conda/feedstock_root/build_artifacts/r-base-split_1740766681150/work=/usr/local/src/conda/r-base-4.4.3 -fdebug-prefix-map=/ocean/projects/bio250020p/shared/opt/env/R_env=/usr/local/src/conda-prefix   -c s2/s2lax_polygon_shape.cc -o s2/s2lax_polygon_shape.o
x86_64-conda-linux-gnu-c++ -std=gnu++17 -I"/ocean/projects/bio250020p/shared/opt/env/R_env/lib/R/include" -DNDEBUG -I../src -DSTRICT_R_HEADERS -DRCPP_NO_MASK_RF_ERROR -I'/ocean/projects/bio250020p/shared/opt/env/R_env/lib/R/library/Rcpp/include' -I'/ocean/projects/bio260021p/kbenjamin/projects/angiotensinII_lung/.Rlib/wk/include' -DNDEBUG -D_FORTIFY_SOURCE=2 -O2 -isystem /ocean/projects/bio250020p/shared/opt/env/R_env/include -I/ocean/projects/bio250020p/shared/opt/env/R_env/include -Wl,-rpath-link,/ocean/projects/bio250020p/shared/opt/env/R_env/lib   -pthread -fpic  -fvisibility-inlines-hidden  -fmessage-length=0 -march=nocona -mtune=haswell -ftree-vectorize -fPIC -fstack-protector-strong -fno-plt -O2 -ffunction-sections -pipe -isystem /ocean/projects/bio250020p/shared/opt/env/R_env/include -fdebug-prefix-map=/home/conda/feedstock_root/build_artifacts/r-base-split_1740766681150/work=/usr/local/src/conda/r-base-4.4.3 -fdebug-prefix-map=/ocean/projects/bio250020p/shared/opt/env/R_env=/usr/local/src/conda-prefix   -c s2/s2lax_polyline_shape.cc -o s2/s2lax_polyline_shape.o
x86_64-conda-linux-gnu-c++ -std=gnu++17 -I"/ocean/projects/bio250020p/shared/opt/env/R_env/lib/R/include" -DNDEBUG -I../src -DSTRICT_R_HEADERS -DRCPP_NO_MASK_RF_ERROR -I'/ocean/projects/bio250020p/shared/opt/env/R_env/lib/R/library/Rcpp/include' -I'/ocean/projects/bio260021p/kbenjamin/projects/angiotensinII_lung/.Rlib/wk/include' -DNDEBUG -D_FORTIFY_SOURCE=2 -O2 -isystem /ocean/projects/bio250020p/shared/opt/env/R_env/include -I/ocean/projects/bio250020p/shared/opt/env/R_env/include -Wl,-rpath-link,/ocean/projects/bio250020p/shared/opt/env/R_env/lib   -pthread -fpic  -fvisibility-inlines-hidden  -fmessage-length=0 -march=nocona -mtune=haswell -ftree-vectorize -fPIC -fstack-protector-strong -fno-plt -O2 -ffunction-sections -pipe -isystem /ocean/projects/bio250020p/shared/opt/env/R_env/include -fdebug-prefix-map=/home/conda/feedstock_root/build_artifacts/r-base-split_1740766681150/work=/usr/local/src/conda/r-base-4.4.3 -fdebug-prefix-map=/ocean/projects/bio250020p/shared/opt/env/R_env=/usr/local/src/conda-prefix   -c s2/s2loop_measures.cc -o s2/s2loop_measures.o
x86_64-conda-linux-gnu-c++ -std=gnu++17 -I"/ocean/projects/bio250020p/shared/opt/env/R_env/lib/R/include" -DNDEBUG -I../src -DSTRICT_R_HEADERS -DRCPP_NO_MASK_RF_ERROR -I'/ocean/projects/bio250020p/shared/opt/env/R_env/lib/R/library/Rcpp/include' -I'/ocean/projects/bio260021p/kbenjamin/projects/angiotensinII_lung/.Rlib/wk/include' -DNDEBUG -D_FORTIFY_SOURCE=2 -O2 -isystem /ocean/projects/bio250020p/shared/opt/env/R_env/include -I/ocean/projects/bio250020p/shared/opt/env/R_env/include -Wl,-rpath-link,/ocean/projects/bio250020p/shared/opt/env/R_env/lib   -pthread -fpic  -fvisibility-inlines-hidden  -fmessage-length=0 -march=nocona -mtune=haswell -ftree-vectorize -fPIC -fstack-protector-strong -fno-plt -O2 -ffunction-sections -pipe -isystem /ocean/projects/bio250020p/shared/opt/env/R_env/include -fdebug-prefix-map=/home/conda/feedstock_root/build_artifacts/r-base-split_1740766681150/work=/usr/local/src/conda/r-base-4.4.3 -fdebug-prefix-map=/ocean/projects/bio250020p/shared/opt/env/R_env=/usr/local/src/conda-prefix   -c s2/s2loop.cc -o s2/s2loop.o
x86_64-conda-linux-gnu-c++ -std=gnu++17 -I"/ocean/projects/bio250020p/shared/opt/env/R_env/lib/R/include" -DNDEBUG -I../src -DSTRICT_R_HEADERS -DRCPP_NO_MASK_RF_ERROR -I'/ocean/projects/bio250020p/shared/opt/env/R_env/lib/R/library/Rcpp/include' -I'/ocean/projects/bio260021p/kbenjamin/projects/angiotensinII_lung/.Rlib/wk/include' -DNDEBUG -D_FORTIFY_SOURCE=2 -O2 -isystem /ocean/projects/bio250020p/shared/opt/env/R_env/include -I/ocean/projects/bio250020p/shared/opt/env/R_env/include -Wl,-rpath-link,/ocean/projects/bio250020p/shared/opt/env/R_env/lib   -pthread -fpic  -fvisibility-inlines-hidden  -fmessage-length=0 -march=nocona -mtune=haswell -ftree-vectorize -fPIC -fstack-protector-strong -fno-plt -O2 -ffunction-sections -pipe -isystem /ocean/projects/bio250020p/shared/opt/env/R_env/include -fdebug-prefix-map=/home/conda/feedstock_root/build_artifacts/r-base-split_1740766681150/work=/usr/local/src/conda/r-base-4.4.3 -fdebug-prefix-map=/ocean/projects/bio250020p/shared/opt/env/R_env=/usr/local/src/conda-prefix   -c s2/s2max_distance_targets.cc -o s2/s2max_distance_targets.o
x86_64-conda-linux-gnu-c++ -std=gnu++17 -I"/ocean/projects/bio250020p/shared/opt/env/R_env/lib/R/include" -DNDEBUG -I../src -DSTRICT_R_HEADERS -DRCPP_NO_MASK_RF_ERROR -I'/ocean/projects/bio250020p/shared/opt/env/R_env/lib/R/library/Rcpp/include' -I'/ocean/projects/bio260021p/kbenjamin/projects/angiotensinII_lung/.Rlib/wk/include' -DNDEBUG -D_FORTIFY_SOURCE=2 -O2 -isystem /ocean/projects/bio250020p/shared/opt/env/R_env/include -I/ocean/projects/bio250020p/shared/opt/env/R_env/include -Wl,-rpath-link,/ocean/projects/bio250020p/shared/opt/env/R_env/lib   -pthread -fpic  -fvisibility-inlines-hidden  -fmessage-length=0 -march=nocona -mtune=haswell -ftree-vectorize -fPIC -fstack-protector-strong -fno-plt -O2 -ffunction-sections -pipe -isystem /ocean/projects/bio250020p/shared/opt/env/R_env/include -fdebug-prefix-map=/home/conda/feedstock_root/build_artifacts/r-base-split_1740766681150/work=/usr/local/src/conda/r-base-4.4.3 -fdebug-prefix-map=/ocean/projects/bio250020p/shared/opt/env/R_env=/usr/local/src/conda-prefix   -c s2/s2measures.cc -o s2/s2measures.o
x86_64-conda-linux-gnu-c++ -std=gnu++17 -I"/ocean/projects/bio250020p/shared/opt/env/R_env/lib/R/include" -DNDEBUG -I../src -DSTRICT_R_HEADERS -DRCPP_NO_MASK_RF_ERROR -I'/ocean/projects/bio250020p/shared/opt/env/R_env/lib/R/library/Rcpp/include' -I'/ocean/projects/bio260021p/kbenjamin/projects/angiotensinII_lung/.Rlib/wk/include' -DNDEBUG -D_FORTIFY_SOURCE=2 -O2 -isystem /ocean/projects/bio250020p/shared/opt/env/R_env/include -I/ocean/projects/bio250020p/shared/opt/env/R_env/include -Wl,-rpath-link,/ocean/projects/bio250020p/shared/opt/env/R_env/lib   -pthread -fpic  -fvisibility-inlines-hidden  -fmessage-length=0 -march=nocona -mtune=haswell -ftree-vectorize -fPIC -fstack-protector-strong -fno-plt -O2 -ffunction-sections -pipe -isystem /ocean/projects/bio250020p/shared/opt/env/R_env/include -fdebug-prefix-map=/home/conda/feedstock_root/build_artifacts/r-base-split_1740766681150/work=/usr/local/src/conda/r-base-4.4.3 -fdebug-prefix-map=/ocean/projects/bio250020p/shared/opt/env/R_env=/usr/local/src/conda-prefix   -c s2/s2memory_tracker.cc -o s2/s2memory_tracker.o
x86_64-conda-linux-gnu-c++ -std=gnu++17 -I"/ocean/projects/bio250020p/shared/opt/env/R_env/lib/R/include" -DNDEBUG -I../src -DSTRICT_R_HEADERS -DRCPP_NO_MASK_RF_ERROR -I'/ocean/projects/bio250020p/shared/opt/env/R_env/lib/R/library/Rcpp/include' -I'/ocean/projects/bio260021p/kbenjamin/projects/angiotensinII_lung/.Rlib/wk/include' -DNDEBUG -D_FORTIFY_SOURCE=2 -O2 -isystem /ocean/projects/bio250020p/shared/opt/env/R_env/include -I/ocean/projects/bio250020p/shared/opt/env/R_env/include -Wl,-rpath-link,/ocean/projects/bio250020p/shared/opt/env/R_env/lib   -pthread -fpic  -fvisibility-inlines-hidden  -fmessage-length=0 -march=nocona -mtune=haswell -ftree-vectorize -fPIC -fstack-protector-strong -fno-plt -O2 -ffunction-sections -pipe -isystem /ocean/projects/bio250020p/shared/opt/env/R_env/include -fdebug-prefix-map=/home/conda/feedstock_root/build_artifacts/r-base-split_1740766681150/work=/usr/local/src/conda/r-base-4.4.3 -fdebug-prefix-map=/ocean/projects/bio250020p/shared/opt/env/R_env=/usr/local/src/conda-prefix   -c s2/s2metrics.cc -o s2/s2metrics.o
x86_64-conda-linux-gnu-c++ -std=gnu++17 -I"/ocean/projects/bio250020p/shared/opt/env/R_env/lib/R/include" -DNDEBUG -I../src -DSTRICT_R_HEADERS -DRCPP_NO_MASK_RF_ERROR -I'/ocean/projects/bio250020p/shared/opt/env/R_env/lib/R/library/Rcpp/include' -I'/ocean/projects/bio260021p/kbenjamin/projects/angiotensinII_lung/.Rlib/wk/include' -DNDEBUG -D_FORTIFY_SOURCE=2 -O2 -isystem /ocean/projects/bio250020p/shared/opt/env/R_env/include -I/ocean/projects/bio250020p/shared/opt/env/R_env/include -Wl,-rpath-link,/ocean/projects/bio250020p/shared/opt/env/R_env/lib   -pthread -fpic  -fvisibility-inlines-hidden  -fmessage-length=0 -march=nocona -mtune=haswell -ftree-vectorize -fPIC -fstack-protector-strong -fno-plt -O2 -ffunction-sections -pipe -isystem /ocean/projects/bio250020p/shared/opt/env/R_env/include -fdebug-prefix-map=/home/conda/feedstock_root/build_artifacts/r-base-split_1740766681150/work=/usr/local/src/conda/r-base-4.4.3 -fdebug-prefix-map=/ocean/projects/bio250020p/shared/opt/env/R_env=/usr/local/src/conda-prefix   -c s2/s2min_distance_targets.cc -o s2/s2min_distance_targets.o
x86_64-conda-linux-gnu-c++ -std=gnu++17 -I"/ocean/projects/bio250020p/shared/opt/env/R_env/lib/R/include" -DNDEBUG -I../src -DSTRICT_R_HEADERS -DRCPP_NO_MASK_RF_ERROR -I'/ocean/projects/bio250020p/shared/opt/env/R_env/lib/R/library/Rcpp/include' -I'/ocean/projects/bio260021p/kbenjamin/projects/angiotensinII_lung/.Rlib/wk/include' -DNDEBUG -D_FORTIFY_SOURCE=2 -O2 -isystem /ocean/projects/bio250020p/shared/opt/env/R_env/include -I/ocean/projects/bio250020p/shared/opt/env/R_env/include -Wl,-rpath-link,/ocean/projects/bio250020p/shared/opt/env/R_env/lib   -pthread -fpic  -fvisibility-inlines-hidden  -fmessage-length=0 -march=nocona -mtune=haswell -ftree-vectorize -fPIC -fstack-protector-strong -fno-plt -O2 -ffunction-sections -pipe -isystem /ocean/projects/bio250020p/shared/opt/env/R_env/include -fdebug-prefix-map=/home/conda/feedstock_root/build_artifacts/r-base-split_1740766681150/work=/usr/local/src/conda/r-base-4.4.3 -fdebug-prefix-map=/ocean/projects/bio250020p/shared/opt/env/R_env=/usr/local/src/conda-prefix   -c s2/s2padded_cell.cc -o s2/s2padded_cell.o
x86_64-conda-linux-gnu-c++ -std=gnu++17 -I"/ocean/projects/bio250020p/shared/opt/env/R_env/lib/R/include" -DNDEBUG -I../src -DSTRICT_R_HEADERS -DRCPP_NO_MASK_RF_ERROR -I'/ocean/projects/bio250020p/shared/opt/env/R_env/lib/R/library/Rcpp/include' -I'/ocean/projects/bio260021p/kbenjamin/projects/angiotensinII_lung/.Rlib/wk/include' -DNDEBUG -D_FORTIFY_SOURCE=2 -O2 -isystem /ocean/projects/bio250020p/shared/opt/env/R_env/include -I/ocean/projects/bio250020p/shared/opt/env/R_env/include -Wl,-rpath-link,/ocean/projects/bio250020p/shared/opt/env/R_env/lib   -pthread -fpic  -fvisibility-inlines-hidden  -fmessage-length=0 -march=nocona -mtune=haswell -ftree-vectorize -fPIC -fstack-protector-strong -fno-plt -O2 -ffunction-sections -pipe -isystem /ocean/projects/bio250020p/shared/opt/env/R_env/include -fdebug-prefix-map=/home/conda/feedstock_root/build_artifacts/r-base-split_1740766681150/work=/usr/local/src/conda/r-base-4.4.3 -fdebug-prefix-map=/ocean/projects/bio250020p/shared/opt/env/R_env=/usr/local/src/conda-prefix   -c s2/s2point_compression.cc -o s2/s2point_compression.o
x86_64-conda-linux-gnu-c++ -std=gnu++17 -I"/ocean/projects/bio250020p/shared/opt/env/R_env/lib/R/include" -DNDEBUG -I../src -DSTRICT_R_HEADERS -DRCPP_NO_MASK_RF_ERROR -I'/ocean/projects/bio250020p/shared/opt/env/R_env/lib/R/library/Rcpp/include' -I'/ocean/projects/bio260021p/kbenjamin/projects/angiotensinII_lung/.Rlib/wk/include' -DNDEBUG -D_FORTIFY_SOURCE=2 -O2 -isystem /ocean/projects/bio250020p/shared/opt/env/R_env/include -I/ocean/projects/bio250020p/shared/opt/env/R_env/include -Wl,-rpath-link,/ocean/projects/bio250020p/shared/opt/env/R_env/lib   -pthread -fpic  -fvisibility-inlines-hidden  -fmessage-length=0 -march=nocona -mtune=haswell -ftree-vectorize -fPIC -fstack-protector-strong -fno-plt -O2 -ffunction-sections -pipe -isystem /ocean/projects/bio250020p/shared/opt/env/R_env/include -fdebug-prefix-map=/home/conda/feedstock_root/build_artifacts/r-base-split_1740766681150/work=/usr/local/src/conda/r-base-4.4.3 -fdebug-prefix-map=/ocean/projects/bio250020p/shared/opt/env/R_env=/usr/local/src/conda-prefix   -c s2/s2point_region.cc -o s2/s2point_region.o
x86_64-conda-linux-gnu-c++ -std=gnu++17 -I"/ocean/projects/bio250020p/shared/opt/env/R_env/lib/R/include" -DNDEBUG -I../src -DSTRICT_R_HEADERS -DRCPP_NO_MASK_RF_ERROR -I'/ocean/projects/bio250020p/shared/opt/env/R_env/lib/R/library/Rcpp/include' -I'/ocean/projects/bio260021p/kbenjamin/projects/angiotensinII_lung/.Rlib/wk/include' -DNDEBUG -D_FORTIFY_SOURCE=2 -O2 -isystem /ocean/projects/bio250020p/shared/opt/env/R_env/include -I/ocean/projects/bio250020p/shared/opt/env/R_env/include -Wl,-rpath-link,/ocean/projects/bio250020p/shared/opt/env/R_env/lib   -pthread -fpic  -fvisibility-inlines-hidden  -fmessage-length=0 -march=nocona -mtune=haswell -ftree-vectorize -fPIC -fstack-protector-strong -fno-plt -O2 -ffunction-sections -pipe -isystem /ocean/projects/bio250020p/shared/opt/env/R_env/include -fdebug-prefix-map=/home/conda/feedstock_root/build_artifacts/r-base-split_1740766681150/work=/usr/local/src/conda/r-base-4.4.3 -fdebug-prefix-map=/ocean/projects/bio250020p/shared/opt/env/R_env=/usr/local/src/conda-prefix   -c s2/s2pointutil.cc -o s2/s2pointutil.o
x86_64-conda-linux-gnu-c++ -std=gnu++17 -I"/ocean/projects/bio250020p/shared/opt/env/R_env/lib/R/include" -DNDEBUG -I../src -DSTRICT_R_HEADERS -DRCPP_NO_MASK_RF_ERROR -I'/ocean/projects/bio250020p/shared/opt/env/R_env/lib/R/library/Rcpp/include' -I'/ocean/projects/bio260021p/kbenjamin/projects/angiotensinII_lung/.Rlib/wk/include' -DNDEBUG -D_FORTIFY_SOURCE=2 -O2 -isystem /ocean/projects/bio250020p/shared/opt/env/R_env/include -I/ocean/projects/bio250020p/shared/opt/env/R_env/include -Wl,-rpath-link,/ocean/projects/bio250020p/shared/opt/env/R_env/lib   -pthread -fpic  -fvisibility-inlines-hidden  -fmessage-length=0 -march=nocona -mtune=haswell -ftree-vectorize -fPIC -fstack-protector-strong -fno-plt -O2 -ffunction-sections -pipe -isystem /ocean/projects/bio250020p/shared/opt/env/R_env/include -fdebug-prefix-map=/home/conda/feedstock_root/build_artifacts/r-base-split_1740766681150/work=/usr/local/src/conda/r-base-4.4.3 -fdebug-prefix-map=/ocean/projects/bio250020p/shared/opt/env/R_env=/usr/local/src/conda-prefix   -c s2/s2polygon.cc -o s2/s2polygon.o
x86_64-conda-linux-gnu-c++ -std=gnu++17 -I"/ocean/projects/bio250020p/shared/opt/env/R_env/lib/R/include" -DNDEBUG -I../src -DSTRICT_R_HEADERS -DRCPP_NO_MASK_RF_ERROR -I'/ocean/projects/bio250020p/shared/opt/env/R_env/lib/R/library/Rcpp/include' -I'/ocean/projects/bio260021p/kbenjamin/projects/angiotensinII_lung/.Rlib/wk/include' -DNDEBUG -D_FORTIFY_SOURCE=2 -O2 -isystem /ocean/projects/bio250020p/shared/opt/env/R_env/include -I/ocean/projects/bio250020p/shared/opt/env/R_env/include -Wl,-rpath-link,/ocean/projects/bio250020p/shared/opt/env/R_env/lib   -pthread -fpic  -fvisibility-inlines-hidden  -fmessage-length=0 -march=nocona -mtune=haswell -ftree-vectorize -fPIC -fstack-protector-strong -fno-plt -O2 -ffunction-sections -pipe -isystem /ocean/projects/bio250020p/shared/opt/env/R_env/include -fdebug-prefix-map=/home/conda/feedstock_root/build_artifacts/r-base-split_1740766681150/work=/usr/local/src/conda/r-base-4.4.3 -fdebug-prefix-map=/ocean/projects/bio250020p/shared/opt/env/R_env=/usr/local/src/conda-prefix   -c s2/s2polyline_alignment.cc -o s2/s2polyline_alignment.o
x86_64-conda-linux-gnu-c++ -std=gnu++17 -I"/ocean/projects/bio250020p/shared/opt/env/R_env/lib/R/include" -DNDEBUG -I../src -DSTRICT_R_HEADERS -DRCPP_NO_MASK_RF_ERROR -I'/ocean/projects/bio250020p/shared/opt/env/R_env/lib/R/library/Rcpp/include' -I'/ocean/projects/bio260021p/kbenjamin/projects/angiotensinII_lung/.Rlib/wk/include' -DNDEBUG -D_FORTIFY_SOURCE=2 -O2 -isystem /ocean/projects/bio250020p/shared/opt/env/R_env/include -I/ocean/projects/bio250020p/shared/opt/env/R_env/include -Wl,-rpath-link,/ocean/projects/bio250020p/shared/opt/env/R_env/lib   -pthread -fpic  -fvisibility-inlines-hidden  -fmessage-length=0 -march=nocona -mtune=haswell -ftree-vectorize -fPIC -fstack-protector-strong -fno-plt -O2 -ffunction-sections -pipe -isystem /ocean/projects/bio250020p/shared/opt/env/R_env/include -fdebug-prefix-map=/home/conda/feedstock_root/build_artifacts/r-base-split_1740766681150/work=/usr/local/src/conda/r-base-4.4.3 -fdebug-prefix-map=/ocean/projects/bio250020p/shared/opt/env/R_env=/usr/local/src/conda-prefix   -c s2/s2polyline_measures.cc -o s2/s2polyline_measures.o
x86_64-conda-linux-gnu-c++ -std=gnu++17 -I"/ocean/projects/bio250020p/shared/opt/env/R_env/lib/R/include" -DNDEBUG -I../src -DSTRICT_R_HEADERS -DRCPP_NO_MASK_RF_ERROR -I'/ocean/projects/bio250020p/shared/opt/env/R_env/lib/R/library/Rcpp/include' -I'/ocean/projects/bio260021p/kbenjamin/projects/angiotensinII_lung/.Rlib/wk/include' -DNDEBUG -D_FORTIFY_SOURCE=2 -O2 -isystem /ocean/projects/bio250020p/shared/opt/env/R_env/include -I/ocean/projects/bio250020p/shared/opt/env/R_env/include -Wl,-rpath-link,/ocean/projects/bio250020p/shared/opt/env/R_env/lib   -pthread -fpic  -fvisibility-inlines-hidden  -fmessage-length=0 -march=nocona -mtune=haswell -ftree-vectorize -fPIC -fstack-protector-strong -fno-plt -O2 -ffunction-sections -pipe -isystem /ocean/projects/bio250020p/shared/opt/env/R_env/include -fdebug-prefix-map=/home/conda/feedstock_root/build_artifacts/r-base-split_1740766681150/work=/usr/local/src/conda/r-base-4.4.3 -fdebug-prefix-map=/ocean/projects/bio250020p/shared/opt/env/R_env=/usr/local/src/conda-prefix   -c s2/s2polyline_simplifier.cc -o s2/s2polyline_simplifier.o
x86_64-conda-linux-gnu-c++ -std=gnu++17 -I"/ocean/projects/bio250020p/shared/opt/env/R_env/lib/R/include" -DNDEBUG -I../src -DSTRICT_R_HEADERS -DRCPP_NO_MASK_RF_ERROR -I'/ocean/projects/bio250020p/shared/opt/env/R_env/lib/R/library/Rcpp/include' -I'/ocean/projects/bio260021p/kbenjamin/projects/angiotensinII_lung/.Rlib/wk/include' -DNDEBUG -D_FORTIFY_SOURCE=2 -O2 -isystem /ocean/projects/bio250020p/shared/opt/env/R_env/include -I/ocean/projects/bio250020p/shared/opt/env/R_env/include -Wl,-rpath-link,/ocean/projects/bio250020p/shared/opt/env/R_env/lib   -pthread -fpic  -fvisibility-inlines-hidden  -fmessage-length=0 -march=nocona -mtune=haswell -ftree-vectorize -fPIC -fstack-protector-strong -fno-plt -O2 -ffunction-sections -pipe -isystem /ocean/projects/bio250020p/shared/opt/env/R_env/include -fdebug-prefix-map=/home/conda/feedstock_root/build_artifacts/r-base-split_1740766681150/work=/usr/local/src/conda/r-base-4.4.3 -fdebug-prefix-map=/ocean/projects/bio250020p/shared/opt/env/R_env=/usr/local/src/conda-prefix   -c s2/s2polyline.cc -o s2/s2polyline.o
x86_64-conda-linux-gnu-c++ -std=gnu++17 -I"/ocean/projects/bio250020p/shared/opt/env/R_env/lib/R/include" -DNDEBUG -I../src -DSTRICT_R_HEADERS -DRCPP_NO_MASK_RF_ERROR -I'/ocean/projects/bio250020p/shared/opt/env/R_env/lib/R/library/Rcpp/include' -I'/ocean/projects/bio260021p/kbenjamin/projects/angiotensinII_lung/.Rlib/wk/include' -DNDEBUG -D_FORTIFY_SOURCE=2 -O2 -isystem /ocean/projects/bio250020p/shared/opt/env/R_env/include -I/ocean/projects/bio250020p/shared/opt/env/R_env/include -Wl,-rpath-link,/ocean/projects/bio250020p/shared/opt/env/R_env/lib   -pthread -fpic  -fvisibility-inlines-hidden  -fmessage-length=0 -march=nocona -mtune=haswell -ftree-vectorize -fPIC -fstack-protector-strong -fno-plt -O2 -ffunction-sections -pipe -isystem /ocean/projects/bio250020p/shared/opt/env/R_env/include -fdebug-prefix-map=/home/conda/feedstock_root/build_artifacts/r-base-split_1740766681150/work=/usr/local/src/conda/r-base-4.4.3 -fdebug-prefix-map=/ocean/projects/bio250020p/shared/opt/env/R_env=/usr/local/src/conda-prefix   -c s2/s2predicates.cc -o s2/s2predicates.o
x86_64-conda-linux-gnu-c++ -std=gnu++17 -I"/ocean/projects/bio250020p/shared/opt/env/R_env/lib/R/include" -DNDEBUG -I../src -DSTRICT_R_HEADERS -DRCPP_NO_MASK_RF_ERROR -I'/ocean/projects/bio250020p/shared/opt/env/R_env/lib/R/library/Rcpp/include' -I'/ocean/projects/bio260021p/kbenjamin/projects/angiotensinII_lung/.Rlib/wk/include' -DNDEBUG -D_FORTIFY_SOURCE=2 -O2 -isystem /ocean/projects/bio250020p/shared/opt/env/R_env/include -I/ocean/projects/bio250020p/shared/opt/env/R_env/include -Wl,-rpath-link,/ocean/projects/bio250020p/shared/opt/env/R_env/lib   -pthread -fpic  -fvisibility-inlines-hidden  -fmessage-length=0 -march=nocona -mtune=haswell -ftree-vectorize -fPIC -fstack-protector-strong -fno-plt -O2 -ffunction-sections -pipe -isystem /ocean/projects/bio250020p/shared/opt/env/R_env/include -fdebug-prefix-map=/home/conda/feedstock_root/build_artifacts/r-base-split_1740766681150/work=/usr/local/src/conda/r-base-4.4.3 -fdebug-prefix-map=/ocean/projects/bio250020p/shared/opt/env/R_env=/usr/local/src/conda-prefix   -c s2/s2projections.cc -o s2/s2projections.o
x86_64-conda-linux-gnu-c++ -std=gnu++17 -I"/ocean/projects/bio250020p/shared/opt/env/R_env/lib/R/include" -DNDEBUG -I../src -DSTRICT_R_HEADERS -DRCPP_NO_MASK_RF_ERROR -I'/ocean/projects/bio250020p/shared/opt/env/R_env/lib/R/library/Rcpp/include' -I'/ocean/projects/bio260021p/kbenjamin/projects/angiotensinII_lung/.Rlib/wk/include' -DNDEBUG -D_FORTIFY_SOURCE=2 -O2 -isystem /ocean/projects/bio250020p/shared/opt/env/R_env/include -I/ocean/projects/bio250020p/shared/opt/env/R_env/include -Wl,-rpath-link,/ocean/projects/bio250020p/shared/opt/env/R_env/lib   -pthread -fpic  -fvisibility-inlines-hidden  -fmessage-length=0 -march=nocona -mtune=haswell -ftree-vectorize -fPIC -fstack-protector-strong -fno-plt -O2 -ffunction-sections -pipe -isystem /ocean/projects/bio250020p/shared/opt/env/R_env/include -fdebug-prefix-map=/home/conda/feedstock_root/build_artifacts/r-base-split_1740766681150/work=/usr/local/src/conda/r-base-4.4.3 -fdebug-prefix-map=/ocean/projects/bio250020p/shared/opt/env/R_env=/usr/local/src/conda-prefix   -c s2/s2r2rect.cc -o s2/s2r2rect.o
x86_64-conda-linux-gnu-c++ -std=gnu++17 -I"/ocean/projects/bio250020p/shared/opt/env/R_env/lib/R/include" -DNDEBUG -I../src -DSTRICT_R_HEADERS -DRCPP_NO_MASK_RF_ERROR -I'/ocean/projects/bio250020p/shared/opt/env/R_env/lib/R/library/Rcpp/include' -I'/ocean/projects/bio260021p/kbenjamin/projects/angiotensinII_lung/.Rlib/wk/include' -DNDEBUG -D_FORTIFY_SOURCE=2 -O2 -isystem /ocean/projects/bio250020p/shared/opt/env/R_env/include -I/ocean/projects/bio250020p/shared/opt/env/R_env/include -Wl,-rpath-link,/ocean/projects/bio250020p/shared/opt/env/R_env/lib   -pthread -fpic  -fvisibility-inlines-hidden  -fmessage-length=0 -march=nocona -mtune=haswell -ftree-vectorize -fPIC -fstack-protector-strong -fno-plt -O2 -ffunction-sections -pipe -isystem /ocean/projects/bio250020p/shared/opt/env/R_env/include -fdebug-prefix-map=/home/conda/feedstock_root/build_artifacts/r-base-split_1740766681150/work=/usr/local/src/conda/r-base-4.4.3 -fdebug-prefix-map=/ocean/projects/bio250020p/shared/opt/env/R_env=/usr/local/src/conda-prefix   -c s2/s2region_coverer.cc -o s2/s2region_coverer.o
x86_64-conda-linux-gnu-c++ -std=gnu++17 -I"/ocean/projects/bio250020p/shared/opt/env/R_env/lib/R/include" -DNDEBUG -I../src -DSTRICT_R_HEADERS -DRCPP_NO_MASK_RF_ERROR -I'/ocean/projects/bio250020p/shared/opt/env/R_env/lib/R/library/Rcpp/include' -I'/ocean/projects/bio260021p/kbenjamin/projects/angiotensinII_lung/.Rlib/wk/include' -DNDEBUG -D_FORTIFY_SOURCE=2 -O2 -isystem /ocean/projects/bio250020p/shared/opt/env/R_env/include -I/ocean/projects/bio250020p/shared/opt/env/R_env/include -Wl,-rpath-link,/ocean/projects/bio250020p/shared/opt/env/R_env/lib   -pthread -fpic  -fvisibility-inlines-hidden  -fmessage-length=0 -march=nocona -mtune=haswell -ftree-vectorize -fPIC -fstack-protector-strong -fno-plt -O2 -ffunction-sections -pipe -isystem /ocean/projects/bio250020p/shared/opt/env/R_env/include -fdebug-prefix-map=/home/conda/feedstock_root/build_artifacts/r-base-split_1740766681150/work=/usr/local/src/conda/r-base-4.4.3 -fdebug-prefix-map=/ocean/projects/bio250020p/shared/opt/env/R_env=/usr/local/src/conda-prefix   -c s2/s2region_intersection.cc -o s2/s2region_intersection.o
x86_64-conda-linux-gnu-c++ -std=gnu++17 -I"/ocean/projects/bio250020p/shared/opt/env/R_env/lib/R/include" -DNDEBUG -I../src -DSTRICT_R_HEADERS -DRCPP_NO_MASK_RF_ERROR -I'/ocean/projects/bio250020p/shared/opt/env/R_env/lib/R/library/Rcpp/include' -I'/ocean/projects/bio260021p/kbenjamin/projects/angiotensinII_lung/.Rlib/wk/include' -DNDEBUG -D_FORTIFY_SOURCE=2 -O2 -isystem /ocean/projects/bio250020p/shared/opt/env/R_env/include -I/ocean/projects/bio250020p/shared/opt/env/R_env/include -Wl,-rpath-link,/ocean/projects/bio250020p/shared/opt/env/R_env/lib   -pthread -fpic  -fvisibility-inlines-hidden  -fmessage-length=0 -march=nocona -mtune=haswell -ftree-vectorize -fPIC -fstack-protector-strong -fno-plt -O2 -ffunction-sections -pipe -isystem /ocean/projects/bio250020p/shared/opt/env/R_env/include -fdebug-prefix-map=/home/conda/feedstock_root/build_artifacts/r-base-split_1740766681150/work=/usr/local/src/conda/r-base-4.4.3 -fdebug-prefix-map=/ocean/projects/bio250020p/shared/opt/env/R_env=/usr/local/src/conda-prefix   -c s2/s2region_term_indexer.cc -o s2/s2region_term_indexer.o
x86_64-conda-linux-gnu-c++ -std=gnu++17 -I"/ocean/projects/bio250020p/shared/opt/env/R_env/lib/R/include" -DNDEBUG -I../src -DSTRICT_R_HEADERS -DRCPP_NO_MASK_RF_ERROR -I'/ocean/projects/bio250020p/shared/opt/env/R_env/lib/R/library/Rcpp/include' -I'/ocean/projects/bio260021p/kbenjamin/projects/angiotensinII_lung/.Rlib/wk/include' -DNDEBUG -D_FORTIFY_SOURCE=2 -O2 -isystem /ocean/projects/bio250020p/shared/opt/env/R_env/include -I/ocean/projects/bio250020p/shared/opt/env/R_env/include -Wl,-rpath-link,/ocean/projects/bio250020p/shared/opt/env/R_env/lib   -pthread -fpic  -fvisibility-inlines-hidden  -fmessage-length=0 -march=nocona -mtune=haswell -ftree-vectorize -fPIC -fstack-protector-strong -fno-plt -O2 -ffunction-sections -pipe -isystem /ocean/projects/bio250020p/shared/opt/env/R_env/include -fdebug-prefix-map=/home/conda/feedstock_root/build_artifacts/r-base-split_1740766681150/work=/usr/local/src/conda/r-base-4.4.3 -fdebug-prefix-map=/ocean/projects/bio250020p/shared/opt/env/R_env=/usr/local/src/conda-prefix   -c s2/s2region_union.cc -o s2/s2region_union.o
x86_64-conda-linux-gnu-c++ -std=gnu++17 -I"/ocean/projects/bio250020p/shared/opt/env/R_env/lib/R/include" -DNDEBUG -I../src -DSTRICT_R_HEADERS -DRCPP_NO_MASK_RF_ERROR -I'/ocean/projects/bio250020p/shared/opt/env/R_env/lib/R/library/Rcpp/include' -I'/ocean/projects/bio260021p/kbenjamin/projects/angiotensinII_lung/.Rlib/wk/include' -DNDEBUG -D_FORTIFY_SOURCE=2 -O2 -isystem /ocean/projects/bio250020p/shared/opt/env/R_env/include -I/ocean/projects/bio250020p/shared/opt/env/R_env/include -Wl,-rpath-link,/ocean/projects/bio250020p/shared/opt/env/R_env/lib   -pthread -fpic  -fvisibility-inlines-hidden  -fmessage-length=0 -march=nocona -mtune=haswell -ftree-vectorize -fPIC -fstack-protector-strong -fno-plt -O2 -ffunction-sections -pipe -isystem /ocean/projects/bio250020p/shared/opt/env/R_env/include -fdebug-prefix-map=/home/conda/feedstock_root/build_artifacts/r-base-split_1740766681150/work=/usr/local/src/conda/r-base-4.4.3 -fdebug-prefix-map=/ocean/projects/bio250020p/shared/opt/env/R_env=/usr/local/src/conda-prefix   -c s2/s2region.cc -o s2/s2region.o
x86_64-conda-linux-gnu-c++ -std=gnu++17 -I"/ocean/projects/bio250020p/shared/opt/env/R_env/lib/R/include" -DNDEBUG -I../src -DSTRICT_R_HEADERS -DRCPP_NO_MASK_RF_ERROR -I'/ocean/projects/bio250020p/shared/opt/env/R_env/lib/R/library/Rcpp/include' -I'/ocean/projects/bio260021p/kbenjamin/projects/angiotensinII_lung/.Rlib/wk/include' -DNDEBUG -D_FORTIFY_SOURCE=2 -O2 -isystem /ocean/projects/bio250020p/shared/opt/env/R_env/include -I/ocean/projects/bio250020p/shared/opt/env/R_env/include -Wl,-rpath-link,/ocean/projects/bio250020p/shared/opt/env/R_env/lib   -pthread -fpic  -fvisibility-inlines-hidden  -fmessage-length=0 -march=nocona -mtune=haswell -ftree-vectorize -fPIC -fstack-protector-strong -fno-plt -O2 -ffunction-sections -pipe -isystem /ocean/projects/bio250020p/shared/opt/env/R_env/include -fdebug-prefix-map=/home/conda/feedstock_root/build_artifacts/r-base-split_1740766681150/work=/usr/local/src/conda/r-base-4.4.3 -fdebug-prefix-map=/ocean/projects/bio250020p/shared/opt/env/R_env=/usr/local/src/conda-prefix   -c s2/s2shape_index_buffered_region.cc -o s2/s2shape_index_buffered_region.o
x86_64-conda-linux-gnu-c++ -std=gnu++17 -I"/ocean/projects/bio250020p/shared/opt/env/R_env/lib/R/include" -DNDEBUG -I../src -DSTRICT_R_HEADERS -DRCPP_NO_MASK_RF_ERROR -I'/ocean/projects/bio250020p/shared/opt/env/R_env/lib/R/library/Rcpp/include' -I'/ocean/projects/bio260021p/kbenjamin/projects/angiotensinII_lung/.Rlib/wk/include' -DNDEBUG -D_FORTIFY_SOURCE=2 -O2 -isystem /ocean/projects/bio250020p/shared/opt/env/R_env/include -I/ocean/projects/bio250020p/shared/opt/env/R_env/include -Wl,-rpath-link,/ocean/projects/bio250020p/shared/opt/env/R_env/lib   -pthread -fpic  -fvisibility-inlines-hidden  -fmessage-length=0 -march=nocona -mtune=haswell -ftree-vectorize -fPIC -fstack-protector-strong -fno-plt -O2 -ffunction-sections -pipe -isystem /ocean/projects/bio250020p/shared/opt/env/R_env/include -fdebug-prefix-map=/home/conda/feedstock_root/build_artifacts/r-base-split_1740766681150/work=/usr/local/src/conda/r-base-4.4.3 -fdebug-prefix-map=/ocean/projects/bio250020p/shared/opt/env/R_env=/usr/local/src/conda-prefix   -c s2/s2shape_index_measures.cc -o s2/s2shape_index_measures.o
x86_64-conda-linux-gnu-c++ -std=gnu++17 -I"/ocean/projects/bio250020p/shared/opt/env/R_env/lib/R/include" -DNDEBUG -I../src -DSTRICT_R_HEADERS -DRCPP_NO_MASK_RF_ERROR -I'/ocean/projects/bio250020p/shared/opt/env/R_env/lib/R/library/Rcpp/include' -I'/ocean/projects/bio260021p/kbenjamin/projects/angiotensinII_lung/.Rlib/wk/include' -DNDEBUG -D_FORTIFY_SOURCE=2 -O2 -isystem /ocean/projects/bio250020p/shared/opt/env/R_env/include -I/ocean/projects/bio250020p/shared/opt/env/R_env/include -Wl,-rpath-link,/ocean/projects/bio250020p/shared/opt/env/R_env/lib   -pthread -fpic  -fvisibility-inlines-hidden  -fmessage-length=0 -march=nocona -mtune=haswell -ftree-vectorize -fPIC -fstack-protector-strong -fno-plt -O2 -ffunction-sections -pipe -isystem /ocean/projects/bio250020p/shared/opt/env/R_env/include -fdebug-prefix-map=/home/conda/feedstock_root/build_artifacts/r-base-split_1740766681150/work=/usr/local/src/conda/r-base-4.4.3 -fdebug-prefix-map=/ocean/projects/bio250020p/shared/opt/env/R_env=/usr/local/src/conda-prefix   -c s2/s2shape_index.cc -o s2/s2shape_index.o
x86_64-conda-linux-gnu-c++ -std=gnu++17 -I"/ocean/projects/bio250020p/shared/opt/env/R_env/lib/R/include" -DNDEBUG -I../src -DSTRICT_R_HEADERS -DRCPP_NO_MASK_RF_ERROR -I'/ocean/projects/bio250020p/shared/opt/env/R_env/lib/R/library/Rcpp/include' -I'/ocean/projects/bio260021p/kbenjamin/projects/angiotensinII_lung/.Rlib/wk/include' -DNDEBUG -D_FORTIFY_SOURCE=2 -O2 -isystem /ocean/projects/bio250020p/shared/opt/env/R_env/include -I/ocean/projects/bio250020p/shared/opt/env/R_env/include -Wl,-rpath-link,/ocean/projects/bio250020p/shared/opt/env/R_env/lib   -pthread -fpic  -fvisibility-inlines-hidden  -fmessage-length=0 -march=nocona -mtune=haswell -ftree-vectorize -fPIC -fstack-protector-strong -fno-plt -O2 -ffunction-sections -pipe -isystem /ocean/projects/bio250020p/shared/opt/env/R_env/include -fdebug-prefix-map=/home/conda/feedstock_root/build_artifacts/r-base-split_1740766681150/work=/usr/local/src/conda/r-base-4.4.3 -fdebug-prefix-map=/ocean/projects/bio250020p/shared/opt/env/R_env=/usr/local/src/conda-prefix   -c s2/s2shape_measures.cc -o s2/s2shape_measures.o
x86_64-conda-linux-gnu-c++ -std=gnu++17 -I"/ocean/projects/bio250020p/shared/opt/env/R_env/lib/R/include" -DNDEBUG -I../src -DSTRICT_R_HEADERS -DRCPP_NO_MASK_RF_ERROR -I'/ocean/projects/bio250020p/shared/opt/env/R_env/lib/R/library/Rcpp/include' -I'/ocean/projects/bio260021p/kbenjamin/projects/angiotensinII_lung/.Rlib/wk/include' -DNDEBUG -D_FORTIFY_SOURCE=2 -O2 -isystem /ocean/projects/bio250020p/shared/opt/env/R_env/include -I/ocean/projects/bio250020p/shared/opt/env/R_env/include -Wl,-rpath-link,/ocean/projects/bio250020p/shared/opt/env/R_env/lib   -pthread -fpic  -fvisibility-inlines-hidden  -fmessage-length=0 -march=nocona -mtune=haswell -ftree-vectorize -fPIC -fstack-protector-strong -fno-plt -O2 -ffunction-sections -pipe -isystem /ocean/projects/bio250020p/shared/opt/env/R_env/include -fdebug-prefix-map=/home/conda/feedstock_root/build_artifacts/r-base-split_1740766681150/work=/usr/local/src/conda/r-base-4.4.3 -fdebug-prefix-map=/ocean/projects/bio250020p/shared/opt/env/R_env=/usr/local/src/conda-prefix   -c s2/s2shape_nesting_query.cc -o s2/s2shape_nesting_query.o
x86_64-conda-linux-gnu-c++ -std=gnu++17 -I"/ocean/projects/bio250020p/shared/opt/env/R_env/lib/R/include" -DNDEBUG -I../src -DSTRICT_R_HEADERS -DRCPP_NO_MASK_RF_ERROR -I'/ocean/projects/bio250020p/shared/opt/env/R_env/lib/R/library/Rcpp/include' -I'/ocean/projects/bio260021p/kbenjamin/projects/angiotensinII_lung/.Rlib/wk/include' -DNDEBUG -D_FORTIFY_SOURCE=2 -O2 -isystem /ocean/projects/bio250020p/shared/opt/env/R_env/include -I/ocean/projects/bio250020p/shared/opt/env/R_env/include -Wl,-rpath-link,/ocean/projects/bio250020p/shared/opt/env/R_env/lib   -pthread -fpic  -fvisibility-inlines-hidden  -fmessage-length=0 -march=nocona -mtune=haswell -ftree-vectorize -fPIC -fstack-protector-strong -fno-plt -O2 -ffunction-sections -pipe -isystem /ocean/projects/bio250020p/shared/opt/env/R_env/include -fdebug-prefix-map=/home/conda/feedstock_root/build_artifacts/r-base-split_1740766681150/work=/usr/local/src/conda/r-base-4.4.3 -fdebug-prefix-map=/ocean/projects/bio250020p/shared/opt/env/R_env=/usr/local/src/conda-prefix   -c s2/s2shapeutil_build_polygon_boundaries.cc -o s2/s2shapeutil_build_polygon_boundaries.o
x86_64-conda-linux-gnu-c++ -std=gnu++17 -I"/ocean/projects/bio250020p/shared/opt/env/R_env/lib/R/include" -DNDEBUG -I../src -DSTRICT_R_HEADERS -DRCPP_NO_MASK_RF_ERROR -I'/ocean/projects/bio250020p/shared/opt/env/R_env/lib/R/library/Rcpp/include' -I'/ocean/projects/bio260021p/kbenjamin/projects/angiotensinII_lung/.Rlib/wk/include' -DNDEBUG -D_FORTIFY_SOURCE=2 -O2 -isystem /ocean/projects/bio250020p/shared/opt/env/R_env/include -I/ocean/projects/bio250020p/shared/opt/env/R_env/include -Wl,-rpath-link,/ocean/projects/bio250020p/shared/opt/env/R_env/lib   -pthread -fpic  -fvisibility-inlines-hidden  -fmessage-length=0 -march=nocona -mtune=haswell -ftree-vectorize -fPIC -fstack-protector-strong -fno-plt -O2 -ffunction-sections -pipe -isystem /ocean/projects/bio250020p/shared/opt/env/R_env/include -fdebug-prefix-map=/home/conda/feedstock_root/build_artifacts/r-base-split_1740766681150/work=/usr/local/src/conda/r-base-4.4.3 -fdebug-prefix-map=/ocean/projects/bio250020p/shared/opt/env/R_env=/usr/local/src/conda-prefix   -c s2/s2shapeutil_coding.cc -o s2/s2shapeutil_coding.o
x86_64-conda-linux-gnu-c++ -std=gnu++17 -I"/ocean/projects/bio250020p/shared/opt/env/R_env/lib/R/include" -DNDEBUG -I../src -DSTRICT_R_HEADERS -DRCPP_NO_MASK_RF_ERROR -I'/ocean/projects/bio250020p/shared/opt/env/R_env/lib/R/library/Rcpp/include' -I'/ocean/projects/bio260021p/kbenjamin/projects/angiotensinII_lung/.Rlib/wk/include' -DNDEBUG -D_FORTIFY_SOURCE=2 -O2 -isystem /ocean/projects/bio250020p/shared/opt/env/R_env/include -I/ocean/projects/bio250020p/shared/opt/env/R_env/include -Wl,-rpath-link,/ocean/projects/bio250020p/shared/opt/env/R_env/lib   -pthread -fpic  -fvisibility-inlines-hidden  -fmessage-length=0 -march=nocona -mtune=haswell -ftree-vectorize -fPIC -fstack-protector-strong -fno-plt -O2 -ffunction-sections -pipe -isystem /ocean/projects/bio250020p/shared/opt/env/R_env/include -fdebug-prefix-map=/home/conda/feedstock_root/build_artifacts/r-base-split_1740766681150/work=/usr/local/src/conda/r-base-4.4.3 -fdebug-prefix-map=/ocean/projects/bio250020p/shared/opt/env/R_env=/usr/local/src/conda-prefix   -c s2/s2shapeutil_contains_brute_force.cc -o s2/s2shapeutil_contains_brute_force.o
x86_64-conda-linux-gnu-c++ -std=gnu++17 -I"/ocean/projects/bio250020p/shared/opt/env/R_env/lib/R/include" -DNDEBUG -I../src -DSTRICT_R_HEADERS -DRCPP_NO_MASK_RF_ERROR -I'/ocean/projects/bio250020p/shared/opt/env/R_env/lib/R/library/Rcpp/include' -I'/ocean/projects/bio260021p/kbenjamin/projects/angiotensinII_lung/.Rlib/wk/include' -DNDEBUG -D_FORTIFY_SOURCE=2 -O2 -isystem /ocean/projects/bio250020p/shared/opt/env/R_env/include -I/ocean/projects/bio250020p/shared/opt/env/R_env/include -Wl,-rpath-link,/ocean/projects/bio250020p/shared/opt/env/R_env/lib   -pthread -fpic  -fvisibility-inlines-hidden  -fmessage-length=0 -march=nocona -mtune=haswell -ftree-vectorize -fPIC -fstack-protector-strong -fno-plt -O2 -ffunction-sections -pipe -isystem /ocean/projects/bio250020p/shared/opt/env/R_env/include -fdebug-prefix-map=/home/conda/feedstock_root/build_artifacts/r-base-split_1740766681150/work=/usr/local/src/conda/r-base-4.4.3 -fdebug-prefix-map=/ocean/projects/bio250020p/shared/opt/env/R_env=/usr/local/src/conda-prefix   -c s2/s2shapeutil_conversion.cc -o s2/s2shapeutil_conversion.o
x86_64-conda-linux-gnu-c++ -std=gnu++17 -I"/ocean/projects/bio250020p/shared/opt/env/R_env/lib/R/include" -DNDEBUG -I../src -DSTRICT_R_HEADERS -DRCPP_NO_MASK_RF_ERROR -I'/ocean/projects/bio250020p/shared/opt/env/R_env/lib/R/library/Rcpp/include' -I'/ocean/projects/bio260021p/kbenjamin/projects/angiotensinII_lung/.Rlib/wk/include' -DNDEBUG -D_FORTIFY_SOURCE=2 -O2 -isystem /ocean/projects/bio250020p/shared/opt/env/R_env/include -I/ocean/projects/bio250020p/shared/opt/env/R_env/include -Wl,-rpath-link,/ocean/projects/bio250020p/shared/opt/env/R_env/lib   -pthread -fpic  -fvisibility-inlines-hidden  -fmessage-length=0 -march=nocona -mtune=haswell -ftree-vectorize -fPIC -fstack-protector-strong -fno-plt -O2 -ffunction-sections -pipe -isystem /ocean/projects/bio250020p/shared/opt/env/R_env/include -fdebug-prefix-map=/home/conda/feedstock_root/build_artifacts/r-base-split_1740766681150/work=/usr/local/src/conda/r-base-4.4.3 -fdebug-prefix-map=/ocean/projects/bio250020p/shared/opt/env/R_env=/usr/local/src/conda-prefix   -c s2/s2shapeutil_edge_iterator.cc -o s2/s2shapeutil_edge_iterator.o
x86_64-conda-linux-gnu-c++ -std=gnu++17 -I"/ocean/projects/bio250020p/shared/opt/env/R_env/lib/R/include" -DNDEBUG -I../src -DSTRICT_R_HEADERS -DRCPP_NO_MASK_RF_ERROR -I'/ocean/projects/bio250020p/shared/opt/env/R_env/lib/R/library/Rcpp/include' -I'/ocean/projects/bio260021p/kbenjamin/projects/angiotensinII_lung/.Rlib/wk/include' -DNDEBUG -D_FORTIFY_SOURCE=2 -O2 -isystem /ocean/projects/bio250020p/shared/opt/env/R_env/include -I/ocean/projects/bio250020p/shared/opt/env/R_env/include -Wl,-rpath-link,/ocean/projects/bio250020p/shared/opt/env/R_env/lib   -pthread -fpic  -fvisibility-inlines-hidden  -fmessage-length=0 -march=nocona -mtune=haswell -ftree-vectorize -fPIC -fstack-protector-strong -fno-plt -O2 -ffunction-sections -pipe -isystem /ocean/projects/bio250020p/shared/opt/env/R_env/include -fdebug-prefix-map=/home/conda/feedstock_root/build_artifacts/r-base-split_1740766681150/work=/usr/local/src/conda/r-base-4.4.3 -fdebug-prefix-map=/ocean/projects/bio250020p/shared/opt/env/R_env=/usr/local/src/conda-prefix   -c s2/s2shapeutil_get_reference_point.cc -o s2/s2shapeutil_get_reference_point.o
x86_64-conda-linux-gnu-c++ -std=gnu++17 -I"/ocean/projects/bio250020p/shared/opt/env/R_env/lib/R/include" -DNDEBUG -I../src -DSTRICT_R_HEADERS -DRCPP_NO_MASK_RF_ERROR -I'/ocean/projects/bio250020p/shared/opt/env/R_env/lib/R/library/Rcpp/include' -I'/ocean/projects/bio260021p/kbenjamin/projects/angiotensinII_lung/.Rlib/wk/include' -DNDEBUG -D_FORTIFY_SOURCE=2 -O2 -isystem /ocean/projects/bio250020p/shared/opt/env/R_env/include -I/ocean/projects/bio250020p/shared/opt/env/R_env/include -Wl,-rpath-link,/ocean/projects/bio250020p/shared/opt/env/R_env/lib   -pthread -fpic  -fvisibility-inlines-hidden  -fmessage-length=0 -march=nocona -mtune=haswell -ftree-vectorize -fPIC -fstack-protector-strong -fno-plt -O2 -ffunction-sections -pipe -isystem /ocean/projects/bio250020p/shared/opt/env/R_env/include -fdebug-prefix-map=/home/conda/feedstock_root/build_artifacts/r-base-split_1740766681150/work=/usr/local/src/conda/r-base-4.4.3 -fdebug-prefix-map=/ocean/projects/bio250020p/shared/opt/env/R_env=/usr/local/src/conda-prefix   -c s2/s2shapeutil_visit_crossing_edge_pairs.cc -o s2/s2shapeutil_visit_crossing_edge_pairs.o
x86_64-conda-linux-gnu-c++ -std=gnu++17 -I"/ocean/projects/bio250020p/shared/opt/env/R_env/lib/R/include" -DNDEBUG -I../src -DSTRICT_R_HEADERS -DRCPP_NO_MASK_RF_ERROR -I'/ocean/projects/bio250020p/shared/opt/env/R_env/lib/R/library/Rcpp/include' -I'/ocean/projects/bio260021p/kbenjamin/projects/angiotensinII_lung/.Rlib/wk/include' -DNDEBUG -D_FORTIFY_SOURCE=2 -O2 -isystem /ocean/projects/bio250020p/shared/opt/env/R_env/include -I/ocean/projects/bio250020p/shared/opt/env/R_env/include -Wl,-rpath-link,/ocean/projects/bio250020p/shared/opt/env/R_env/lib   -pthread -fpic  -fvisibility-inlines-hidden  -fmessage-length=0 -march=nocona -mtune=haswell -ftree-vectorize -fPIC -fstack-protector-strong -fno-plt -O2 -ffunction-sections -pipe -isystem /ocean/projects/bio250020p/shared/opt/env/R_env/include -fdebug-prefix-map=/home/conda/feedstock_root/build_artifacts/r-base-split_1740766681150/work=/usr/local/src/conda/r-base-4.4.3 -fdebug-prefix-map=/ocean/projects/bio250020p/shared/opt/env/R_env=/usr/local/src/conda-prefix   -c s2/s2text_format.cc -o s2/s2text_format.o
x86_64-conda-linux-gnu-c++ -std=gnu++17 -I"/ocean/projects/bio250020p/shared/opt/env/R_env/lib/R/include" -DNDEBUG -I../src -DSTRICT_R_HEADERS -DRCPP_NO_MASK_RF_ERROR -I'/ocean/projects/bio250020p/shared/opt/env/R_env/lib/R/library/Rcpp/include' -I'/ocean/projects/bio260021p/kbenjamin/projects/angiotensinII_lung/.Rlib/wk/include' -DNDEBUG -D_FORTIFY_SOURCE=2 -O2 -isystem /ocean/projects/bio250020p/shared/opt/env/R_env/include -I/ocean/projects/bio250020p/shared/opt/env/R_env/include -Wl,-rpath-link,/ocean/projects/bio250020p/shared/opt/env/R_env/lib   -pthread -fpic  -fvisibility-inlines-hidden  -fmessage-length=0 -march=nocona -mtune=haswell -ftree-vectorize -fPIC -fstack-protector-strong -fno-plt -O2 -ffunction-sections -pipe -isystem /ocean/projects/bio250020p/shared/opt/env/R_env/include -fdebug-prefix-map=/home/conda/feedstock_root/build_artifacts/r-base-split_1740766681150/work=/usr/local/src/conda/r-base-4.4.3 -fdebug-prefix-map=/ocean/projects/bio250020p/shared/opt/env/R_env=/usr/local/src/conda-prefix   -c s2/s2wedge_relations.cc -o s2/s2wedge_relations.o
x86_64-conda-linux-gnu-c++ -std=gnu++17 -I"/ocean/projects/bio250020p/shared/opt/env/R_env/lib/R/include" -DNDEBUG -I../src -DSTRICT_R_HEADERS -DRCPP_NO_MASK_RF_ERROR -I'/ocean/projects/bio250020p/shared/opt/env/R_env/lib/R/library/Rcpp/include' -I'/ocean/projects/bio260021p/kbenjamin/projects/angiotensinII_lung/.Rlib/wk/include' -DNDEBUG -D_FORTIFY_SOURCE=2 -O2 -isystem /ocean/projects/bio250020p/shared/opt/env/R_env/include -I/ocean/projects/bio250020p/shared/opt/env/R_env/include -Wl,-rpath-link,/ocean/projects/bio250020p/shared/opt/env/R_env/lib   -pthread -fpic  -fvisibility-inlines-hidden  -fmessage-length=0 -march=nocona -mtune=haswell -ftree-vectorize -fPIC -fstack-protector-strong -fno-plt -O2 -ffunction-sections -pipe -isystem /ocean/projects/bio250020p/shared/opt/env/R_env/include -fdebug-prefix-map=/home/conda/feedstock_root/build_artifacts/r-base-split_1740766681150/work=/usr/local/src/conda/r-base-4.4.3 -fdebug-prefix-map=/ocean/projects/bio250020p/shared/opt/env/R_env=/usr/local/src/conda-prefix   -c s2/s2winding_operation.cc -o s2/s2winding_operation.o
x86_64-conda-linux-gnu-c++ -std=gnu++17 -I"/ocean/projects/bio250020p/shared/opt/env/R_env/lib/R/include" -DNDEBUG -I../src -DSTRICT_R_HEADERS -DRCPP_NO_MASK_RF_ERROR -I'/ocean/projects/bio250020p/shared/opt/env/R_env/lib/R/library/Rcpp/include' -I'/ocean/projects/bio260021p/kbenjamin/projects/angiotensinII_lung/.Rlib/wk/include' -DNDEBUG -D_FORTIFY_SOURCE=2 -O2 -isystem /ocean/projects/bio250020p/shared/opt/env/R_env/include -I/ocean/projects/bio250020p/shared/opt/env/R_env/include -Wl,-rpath-link,/ocean/projects/bio250020p/shared/opt/env/R_env/lib   -pthread -fpic  -fvisibility-inlines-hidden  -fmessage-length=0 -march=nocona -mtune=haswell -ftree-vectorize -fPIC -fstack-protector-strong -fno-plt -O2 -ffunction-sections -pipe -isystem /ocean/projects/bio250020p/shared/opt/env/R_env/include -fdebug-prefix-map=/home/conda/feedstock_root/build_artifacts/r-base-split_1740766681150/work=/usr/local/src/conda/r-base-4.4.3 -fdebug-prefix-map=/ocean/projects/bio250020p/shared/opt/env/R_env=/usr/local/src/conda-prefix   -c s2/util/bits/bit-interleave.cc -o s2/util/bits/bit-interleave.o
x86_64-conda-linux-gnu-c++ -std=gnu++17 -I"/ocean/projects/bio250020p/shared/opt/env/R_env/lib/R/include" -DNDEBUG -I../src -DSTRICT_R_HEADERS -DRCPP_NO_MASK_RF_ERROR -I'/ocean/projects/bio250020p/shared/opt/env/R_env/lib/R/library/Rcpp/include' -I'/ocean/projects/bio260021p/kbenjamin/projects/angiotensinII_lung/.Rlib/wk/include' -DNDEBUG -D_FORTIFY_SOURCE=2 -O2 -isystem /ocean/projects/bio250020p/shared/opt/env/R_env/include -I/ocean/projects/bio250020p/shared/opt/env/R_env/include -Wl,-rpath-link,/ocean/projects/bio250020p/shared/opt/env/R_env/lib   -pthread -fpic  -fvisibility-inlines-hidden  -fmessage-length=0 -march=nocona -mtune=haswell -ftree-vectorize -fPIC -fstack-protector-strong -fno-plt -O2 -ffunction-sections -pipe -isystem /ocean/projects/bio250020p/shared/opt/env/R_env/include -fdebug-prefix-map=/home/conda/feedstock_root/build_artifacts/r-base-split_1740766681150/work=/usr/local/src/conda/r-base-4.4.3 -fdebug-prefix-map=/ocean/projects/bio250020p/shared/opt/env/R_env=/usr/local/src/conda-prefix   -c s2/util/coding/coder.cc -o s2/util/coding/coder.o
x86_64-conda-linux-gnu-c++ -std=gnu++17 -I"/ocean/projects/bio250020p/shared/opt/env/R_env/lib/R/include" -DNDEBUG -I../src -DSTRICT_R_HEADERS -DRCPP_NO_MASK_RF_ERROR -I'/ocean/projects/bio250020p/shared/opt/env/R_env/lib/R/library/Rcpp/include' -I'/ocean/projects/bio260021p/kbenjamin/projects/angiotensinII_lung/.Rlib/wk/include' -DNDEBUG -D_FORTIFY_SOURCE=2 -O2 -isystem /ocean/projects/bio250020p/shared/opt/env/R_env/include -I/ocean/projects/bio250020p/shared/opt/env/R_env/include -Wl,-rpath-link,/ocean/projects/bio250020p/shared/opt/env/R_env/lib   -pthread -fpic  -fvisibility-inlines-hidden  -fmessage-length=0 -march=nocona -mtune=haswell -ftree-vectorize -fPIC -fstack-protector-strong -fno-plt -O2 -ffunction-sections -pipe -isystem /ocean/projects/bio250020p/shared/opt/env/R_env/include -fdebug-prefix-map=/home/conda/feedstock_root/build_artifacts/r-base-split_1740766681150/work=/usr/local/src/conda/r-base-4.4.3 -fdebug-prefix-map=/ocean/projects/bio250020p/shared/opt/env/R_env=/usr/local/src/conda-prefix   -c s2/util/coding/varint.cc -o s2/util/coding/varint.o
x86_64-conda-linux-gnu-c++ -std=gnu++17 -I"/ocean/projects/bio250020p/shared/opt/env/R_env/lib/R/include" -DNDEBUG -I../src -DSTRICT_R_HEADERS -DRCPP_NO_MASK_RF_ERROR -I'/ocean/projects/bio250020p/shared/opt/env/R_env/lib/R/library/Rcpp/include' -I'/ocean/projects/bio260021p/kbenjamin/projects/angiotensinII_lung/.Rlib/wk/include' -DNDEBUG -D_FORTIFY_SOURCE=2 -O2 -isystem /ocean/projects/bio250020p/shared/opt/env/R_env/include -I/ocean/projects/bio250020p/shared/opt/env/R_env/include -Wl,-rpath-link,/ocean/projects/bio250020p/shared/opt/env/R_env/lib   -pthread -fpic  -fvisibility-inlines-hidden  -fmessage-length=0 -march=nocona -mtune=haswell -ftree-vectorize -fPIC -fstack-protector-strong -fno-plt -O2 -ffunction-sections -pipe -isystem /ocean/projects/bio250020p/shared/opt/env/R_env/include -fdebug-prefix-map=/home/conda/feedstock_root/build_artifacts/r-base-split_1740766681150/work=/usr/local/src/conda/r-base-4.4.3 -fdebug-prefix-map=/ocean/projects/bio250020p/shared/opt/env/R_env=/usr/local/src/conda-prefix   -c s2/util/math/exactfloat/exactfloat.cc -o s2/util/math/exactfloat/exactfloat.o
x86_64-conda-linux-gnu-c++ -std=gnu++17 -I"/ocean/projects/bio250020p/shared/opt/env/R_env/lib/R/include" -DNDEBUG -I../src -DSTRICT_R_HEADERS -DRCPP_NO_MASK_RF_ERROR -I'/ocean/projects/bio250020p/shared/opt/env/R_env/lib/R/library/Rcpp/include' -I'/ocean/projects/bio260021p/kbenjamin/projects/angiotensinII_lung/.Rlib/wk/include' -DNDEBUG -D_FORTIFY_SOURCE=2 -O2 -isystem /ocean/projects/bio250020p/shared/opt/env/R_env/include -I/ocean/projects/bio250020p/shared/opt/env/R_env/include -Wl,-rpath-link,/ocean/projects/bio250020p/shared/opt/env/R_env/lib   -pthread -fpic  -fvisibility-inlines-hidden  -fmessage-length=0 -march=nocona -mtune=haswell -ftree-vectorize -fPIC -fstack-protector-strong -fno-plt -O2 -ffunction-sections -pipe -isystem /ocean/projects/bio250020p/shared/opt/env/R_env/include -fdebug-prefix-map=/home/conda/feedstock_root/build_artifacts/r-base-split_1740766681150/work=/usr/local/src/conda/r-base-4.4.3 -fdebug-prefix-map=/ocean/projects/bio250020p/shared/opt/env/R_env=/usr/local/src/conda-prefix   -c s2/util/math/mathutil.cc -o s2/util/math/mathutil.o
x86_64-conda-linux-gnu-c++ -std=gnu++17 -I"/ocean/projects/bio250020p/shared/opt/env/R_env/lib/R/include" -DNDEBUG -I../src -DSTRICT_R_HEADERS -DRCPP_NO_MASK_RF_ERROR -I'/ocean/projects/bio250020p/shared/opt/env/R_env/lib/R/library/Rcpp/include' -I'/ocean/projects/bio260021p/kbenjamin/projects/angiotensinII_lung/.Rlib/wk/include' -DNDEBUG -D_FORTIFY_SOURCE=2 -O2 -isystem /ocean/projects/bio250020p/shared/opt/env/R_env/include -I/ocean/projects/bio250020p/shared/opt/env/R_env/include -Wl,-rpath-link,/ocean/projects/bio250020p/shared/opt/env/R_env/lib   -pthread -fpic  -fvisibility-inlines-hidden  -fmessage-length=0 -march=nocona -mtune=haswell -ftree-vectorize -fPIC -fstack-protector-strong -fno-plt -O2 -ffunction-sections -pipe -isystem /ocean/projects/bio250020p/shared/opt/env/R_env/include -fdebug-prefix-map=/home/conda/feedstock_root/build_artifacts/r-base-split_1740766681150/work=/usr/local/src/conda/r-base-4.4.3 -fdebug-prefix-map=/ocean/projects/bio250020p/shared/opt/env/R_env=/usr/local/src/conda-prefix   -c s2/util/units/length-units.cc -o s2/util/units/length-units.o
ar rcs s2/libs2static.a s2/encoded_s2cell_id_vector.o s2/encoded_s2point_vector.o s2/encoded_s2shape_index.o s2/encoded_string_vector.o s2/id_set_lexicon.o s2/mutable_s2shape_index.o s2/r2rect.o s2/s1angle.o s2/s1chord_angle.o s2/s1interval.o s2/s2boolean_operation.o s2/s2buffer_operation.o s2/s2builder_graph.o s2/s2builder.o s2/s2builderutil_closed_set_normalizer.o s2/s2builderutil_find_polygon_degeneracies.o s2/s2builderutil_get_snapped_winding_delta.o s2/s2builderutil_lax_polygon_layer.o s2/s2builderutil_lax_polyline_layer.o s2/s2builderutil_s2point_vector_layer.o s2/s2builderutil_s2polygon_layer.o s2/s2builderutil_s2polyline_layer.o s2/s2builderutil_s2polyline_vector_layer.o s2/s2builderutil_snap_functions.o s2/s2cap.o s2/s2cell_id.o s2/s2cell_index.o s2/s2cell_union.o s2/s2cell.o s2/s2centroids.o s2/s2closest_cell_query.o s2/s2closest_edge_query.o s2/s2closest_point_query.o s2/s2contains_vertex_query.o s2/s2convex_hull_query.o s2/s2coords.o s2/s2crossing_edge_query.o s2/s2debug.o s2/s2earth.o s2/s2edge_clipping.o s2/s2edge_crosser.o s2/s2edge_crossings.o s2/s2edge_distances.o s2/s2edge_tessellator.o s2/s2error.o s2/s2furthest_edge_query.o s2/s2hausdorff_distance_query.o s2/s2latlng_rect_bounder.o s2/s2latlng_rect.o s2/s2latlng.o s2/s2lax_loop_shape.o s2/s2lax_polygon_shape.o s2/s2lax_polyline_shape.o s2/s2loop_measures.o s2/s2loop.o s2/s2max_distance_targets.o s2/s2measures.o s2/s2memory_tracker.o s2/s2metrics.o s2/s2min_distance_targets.o s2/s2padded_cell.o s2/s2point_compression.o s2/s2point_region.o s2/s2pointutil.o s2/s2polygon.o s2/s2polyline_alignment.o s2/s2polyline_measures.o s2/s2polyline_simplifier.o s2/s2polyline.o s2/s2predicates.o s2/s2projections.o s2/s2r2rect.o s2/s2region_coverer.o s2/s2region_intersection.o s2/s2region_term_indexer.o s2/s2region_union.o s2/s2region.o s2/s2shape_index_buffered_region.o s2/s2shape_index_measures.o s2/s2shape_index.o s2/s2shape_measures.o s2/s2shape_nesting_query.o s2/s2shapeutil_build_polygon_boundaries.o s2/s2shapeutil_coding.o s2/s2shapeutil_contains_brute_force.o s2/s2shapeutil_conversion.o s2/s2shapeutil_edge_iterator.o s2/s2shapeutil_get_reference_point.o s2/s2shapeutil_visit_crossing_edge_pairs.o s2/s2text_format.o s2/s2wedge_relations.o s2/s2winding_operation.o s2/util/bits/bit-interleave.o s2/util/coding/coder.o s2/util/coding/varint.o s2/util/math/exactfloat/exactfloat.o s2/util/math/mathutil.o s2/util/units/length-units.o
x86_64-conda-linux-gnu-c++ -std=gnu++17 -shared -L/ocean/projects/bio250020p/shared/opt/env/R_env/lib/R/lib -Wl,-O2 -Wl,--sort-common -Wl,--as-needed -Wl,-z,relro -Wl,-z,now -Wl,--disable-new-dtags -Wl,--gc-sections -Wl,--allow-shlib-undefined -Wl,-rpath,/ocean/projects/bio250020p/shared/opt/env/R_env/lib -Wl,-rpath-link,/ocean/projects/bio250020p/shared/opt/env/R_env/lib -L/ocean/projects/bio250020p/shared/opt/env/R_env/lib -o s2.so cpp-compat.o s2-altrep.o s2-accessors.o s2-bounds.o s2-cell.o s2-cell-union.o s2-constructors-formatters.o s2-predicates.o s2-transformers.o init.o util.o RcppExports.o s2-geography.o s2-lnglat.o s2-matrix.o wk-impl.o s2geography/accessors-geog.o s2geography/accessors.o s2geography/build.o s2geography/coverings.o s2geography/distance.o s2geography/geography.o s2geography/linear-referencing.o s2geography/predicates.o -Ls2 -ls2static -L/opt/packages/anaconda3-2024.10-1/lib -labsl_flags_internal -labsl_flags_marshalling -labsl_flags_reflection -labsl_flags_private_handle_accessor -labsl_flags_commandlineflag -labsl_flags_commandlineflag_internal -labsl_flags_config -labsl_flags_program_name -labsl_raw_hash_set -labsl_hashtablez_sampler -labsl_log_internal_check_op -labsl_log_internal_conditions -labsl_log_internal_message -labsl_examine_stack -labsl_log_internal_format -labsl_log_internal_proto -labsl_log_internal_nullguard -labsl_log_internal_log_sink_set -labsl_log_internal_globals -labsl_log_globals -labsl_hash -labsl_city -labsl_bad_variant_access -labsl_low_level_hash -labsl_vlog_config_internal -labsl_log_internal_fnmatch -labsl_log_sink -labsl_log_entry -labsl_status -labsl_cord -labsl_cordz_info -labsl_cord_internal -labsl_cordz_functions -labsl_exponential_biased -labsl_cordz_handle -labsl_synchronization -labsl_graphcycles_internal -labsl_kernel_timeout_internal -labsl_time -labsl_civil_time -labsl_time_zone -labsl_crc_cord_state -labsl_crc32c -labsl_crc_internal -labsl_crc_cpu_detect -labsl_bad_optional_access -labsl_stacktrace -labsl_strerror -labsl_str_format_internal -labsl_symbolize -labsl_debugging_internal -labsl_demangle_internal -labsl_malloc_internal -labsl_strings -labsl_strings_internal -labsl_string_view -labsl_base -lrt -labsl_spinlock_wait -labsl_int128 -labsl_throw_delegate -labsl_raw_logging_internal -labsl_log_severity -L/opt/packages/anaconda3-2024.10-1/lib -lssl -lcrypto -L/ocean/projects/bio250020p/shared/opt/env/R_env/lib/R/lib -lR
installing to /ocean/projects/bio260021p/kbenjamin/projects/angiotensinII_lung/.Rlib/00LOCK-s2/00new/s2/libs
** R
** data
*** moving datasets to lazyload DB
** inst
** byte-compile and prepare package for lazy loading
** help
*** installing help indices
*** copying figures
** building package indices
** testing if installed package can be loaded from temporary location
** checking absolute paths in shared objects and dynamic libraries
** testing if installed package can be loaded from final location
** testing if installed package keeps a record of temporary installation path
* DONE (s2)
* installing *source* package 'waldo' ...
** package 'waldo' successfully unpacked and MD5 sums checked
** using staged installation
** R
** byte-compile and prepare package for lazy loading
** help
*** installing help indices
*** copying figures
** building package indices
** testing if installed package can be loaded from temporary location
** testing if installed package can be loaded from final location
** testing if installed package keeps a record of temporary installation path
* DONE (waldo)
ERROR: dependency 'units' is not available for package 'sf'
* removing '/ocean/projects/bio260021p/kbenjamin/projects/angiotensinII_lung/.Rlib/sf'
* installing *source* package 'testthat' ...
** package 'testthat' successfully unpacked and MD5 sums checked
** using staged installation
** libs
using C compiler: 'x86_64-conda-linux-gnu-cc (Anaconda gcc) 11.2.0'
using C++ compiler: 'x86_64-conda-linux-gnu-c++ (Anaconda gcc) 11.2.0'
x86_64-conda-linux-gnu-cc -I"/ocean/projects/bio250020p/shared/opt/env/R_env/lib/R/include" -DNDEBUG -I../inst/include -DCOMPILING_TESTTHAT  -DNDEBUG -D_FORTIFY_SOURCE=2 -O2 -isystem /ocean/projects/bio250020p/shared/opt/env/R_env/include -I/ocean/projects/bio250020p/shared/opt/env/R_env/include -Wl,-rpath-link,/ocean/projects/bio250020p/shared/opt/env/R_env/lib    -fpic  -march=nocona -mtune=haswell -ftree-vectorize -fPIC -fstack-protector-strong -fno-plt -O2 -ffunction-sections -pipe -isystem /ocean/projects/bio250020p/shared/opt/env/R_env/include -fdebug-prefix-map=/home/conda/feedstock_root/build_artifacts/r-base-split_1740766681150/work=/usr/local/src/conda/r-base-4.4.3 -fdebug-prefix-map=/ocean/projects/bio250020p/shared/opt/env/R_env=/usr/local/src/conda-prefix  -c init.c -o init.o
x86_64-conda-linux-gnu-c++ -std=gnu++17 -I"/ocean/projects/bio250020p/shared/opt/env/R_env/lib/R/include" -DNDEBUG -I../inst/include -DCOMPILING_TESTTHAT  -DNDEBUG -D_FORTIFY_SOURCE=2 -O2 -isystem /ocean/projects/bio250020p/shared/opt/env/R_env/include -I/ocean/projects/bio250020p/shared/opt/env/R_env/include -Wl,-rpath-link,/ocean/projects/bio250020p/shared/opt/env/R_env/lib    -fpic  -fvisibility-inlines-hidden  -fmessage-length=0 -march=nocona -mtune=haswell -ftree-vectorize -fPIC -fstack-protector-strong -fno-plt -O2 -ffunction-sections -pipe -isystem /ocean/projects/bio250020p/shared/opt/env/R_env/include -fdebug-prefix-map=/home/conda/feedstock_root/build_artifacts/r-base-split_1740766681150/work=/usr/local/src/conda/r-base-4.4.3 -fdebug-prefix-map=/ocean/projects/bio250020p/shared/opt/env/R_env=/usr/local/src/conda-prefix   -c test-catch.cpp -o test-catch.o
x86_64-conda-linux-gnu-c++ -std=gnu++17 -I"/ocean/projects/bio250020p/shared/opt/env/R_env/lib/R/include" -DNDEBUG -I../inst/include -DCOMPILING_TESTTHAT  -DNDEBUG -D_FORTIFY_SOURCE=2 -O2 -isystem /ocean/projects/bio250020p/shared/opt/env/R_env/include -I/ocean/projects/bio250020p/shared/opt/env/R_env/include -Wl,-rpath-link,/ocean/projects/bio250020p/shared/opt/env/R_env/lib    -fpic  -fvisibility-inlines-hidden  -fmessage-length=0 -march=nocona -mtune=haswell -ftree-vectorize -fPIC -fstack-protector-strong -fno-plt -O2 -ffunction-sections -pipe -isystem /ocean/projects/bio250020p/shared/opt/env/R_env/include -fdebug-prefix-map=/home/conda/feedstock_root/build_artifacts/r-base-split_1740766681150/work=/usr/local/src/conda/r-base-4.4.3 -fdebug-prefix-map=/ocean/projects/bio250020p/shared/opt/env/R_env=/usr/local/src/conda-prefix   -c test-example.cpp -o test-example.o
x86_64-conda-linux-gnu-c++ -std=gnu++17 -I"/ocean/projects/bio250020p/shared/opt/env/R_env/lib/R/include" -DNDEBUG -I../inst/include -DCOMPILING_TESTTHAT  -DNDEBUG -D_FORTIFY_SOURCE=2 -O2 -isystem /ocean/projects/bio250020p/shared/opt/env/R_env/include -I/ocean/projects/bio250020p/shared/opt/env/R_env/include -Wl,-rpath-link,/ocean/projects/bio250020p/shared/opt/env/R_env/lib    -fpic  -fvisibility-inlines-hidden  -fmessage-length=0 -march=nocona -mtune=haswell -ftree-vectorize -fPIC -fstack-protector-strong -fno-plt -O2 -ffunction-sections -pipe -isystem /ocean/projects/bio250020p/shared/opt/env/R_env/include -fdebug-prefix-map=/home/conda/feedstock_root/build_artifacts/r-base-split_1740766681150/work=/usr/local/src/conda/r-base-4.4.3 -fdebug-prefix-map=/ocean/projects/bio250020p/shared/opt/env/R_env=/usr/local/src/conda-prefix   -c test-runner.cpp -o test-runner.o
x86_64-conda-linux-gnu-c++ -std=gnu++17 -shared -L/ocean/projects/bio250020p/shared/opt/env/R_env/lib/R/lib -Wl,-O2 -Wl,--sort-common -Wl,--as-needed -Wl,-z,relro -Wl,-z,now -Wl,--disable-new-dtags -Wl,--gc-sections -Wl,--allow-shlib-undefined -Wl,-rpath,/ocean/projects/bio250020p/shared/opt/env/R_env/lib -Wl,-rpath-link,/ocean/projects/bio250020p/shared/opt/env/R_env/lib -L/ocean/projects/bio250020p/shared/opt/env/R_env/lib -o testthat.so init.o test-catch.o test-example.o test-runner.o -L/ocean/projects/bio250020p/shared/opt/env/R_env/lib/R/lib -lR
installing to /ocean/projects/bio260021p/kbenjamin/projects/angiotensinII_lung/.Rlib/00LOCK-testthat/00new/testthat/libs
** R
** inst
** byte-compile and prepare package for lazy loading
** help
*** installing help indices
*** copying figures
** building package indices
** installing vignettes
** testing if installed package can be loaded from temporary location
** checking absolute paths in shared objects and dynamic libraries
** testing if installed package can be loaded from final location
** testing if installed package keeps a record of temporary installation path
* DONE (testthat)

The downloaded source packages are in
	'/tmp/RtmpzxoWYQ/downloaded_packages'
-- R CMD build -----------------------------------------------------------------
* checking for file '/tmp/RtmpzxoWYQ/remotes36f2d958cd9852/saeyslab-nichenetr-66f90d5/DESCRIPTION' ... OK
* preparing 'nichenetr':
* checking DESCRIPTION meta-information ... OK
* checking for LF line-endings in source and make files and shell scripts
* checking for empty or unneeded directories
* building 'nichenetr_2.2.1.1.tar.gz'
Warning: invalid uid value replaced by that for user 'nobody'

* installing *source* package 'nichenetr' ...
** using staged installation
** R
** data
*** moving datasets to lazyload DB
** inst
** byte-compile and prepare package for lazy loading
Warning: replacing previous import 'e1071::element' by 'ggplot2::element' when loading 'nichenetr'
Note: wrong number of arguments to 'ceiling' 
Note: wrong number of arguments to 'ceiling' 
Note: wrong number of arguments to 'ceiling' 
** help
*** installing help indices
** building package indices
** installing vignettes
** testing if installed package can be loaded from temporary location
Warning: replacing previous import 'e1071::element' by 'ggplot2::element' when loading 'nichenetr'
** testing if installed package can be loaded from final location
Warning: replacing previous import 'e1071::element' by 'ggplot2::element' when loading 'nichenetr'
** testing if installed package keeps a record of temporary installation path
* DONE (nichenetr)
Warning messages:
1: In i.p(...) : installation of package 'units' had non-zero exit status
2: In i.p(...) : installation of package 'sf' had non-zero exit status
Registered S3 method overwritten by 'pROC':
  method   from            
  plot.roc spatstat.explore
Warning message:
replacing previous import 'e1071::element' by 'ggplot2::element' when loading 'nichenetr' 
NICHENETR_INSTALL_OK
