contrast	estimate	SE	df	t.ratio	p.value
Healthy - Fibrotic_ILD	0.0471651346239505	0.0652728630286994	31	0.722584125093651	0.737186505671078
Healthy - Other	-0.0184759418132579	0.075296582167118	31	-0.245375570596965	0.807782847958774
Fibrotic_ILD - Other	-0.0656410764372084	0.0942775102262722	31	-0.696253817900637	0.737186505671078
