disease_group	emmean	SE	df	lower.CL	upper.CL
Healthy	0.233824950857094	0.0240339193098846	31	0.184807449254978	0.28284245245921
Fibrotic_ILD	0.186659816233144	0.0619485108806674	31	0.0603149953077886	0.313004637158499
Other	0.252300892670352	0.0703888790625181	31	0.108741827345576	0.395859957995128
