Estimate	Std. Error	t value	Pr(>|t|)	term	model
0.159200777469279	0.0943198234063422	1.68788248026527	0.103872320715199	disease_groupFibrotic_ILD	AT1R
0.278505858322878	0.0957809299181646	2.907738091088	0.00752805214012028	disease_groupOther	AT1R
0.0342049152989937	0.0423536401148381	0.807602728035894	0.426937047682144	disease_groupFibrotic_ILD	AT2R
0.0050627857140473	0.043009739512995	0.117712540726214	0.907236075319949	disease_groupOther	AT2R
