Estimate	Std. Error	t value	Pr(>|t|)	term	model
0.146578459116987	0.0634931810437681	2.30857009693601	0.0303003145997763	disease_groupFibrotic_ILD	AT1R
0.222125183604302	0.0731179002691235	3.03790429958643	0.00584529825381249	disease_groupOther	AT1R
0.054015496681283	0.0375823808342875	1.43725584920908	0.164111379754759	disease_groupFibrotic_ILD	AT2R
0.034607930127168	0.0432793684068751	0.799640369097215	0.4321007289274	disease_groupOther	AT2R
