disease_group	emmean	SE	df	lower.CL	upper.CL
Healthy	0.0904842497951927	0.0283491128005577	11.3233700571677	0.0283049875543503	0.152663512036035
Fibrotic_ILD	0.226834802213874	0.0729924330342721	23.7046241874152	0.0760864236591511	0.377583180768598
Other	0.384389268996966	0.0878610602565804	7.54136848790887	0.179616371839748	0.589162166154184
