contrast	estimate	SE	df	t.ratio	p.value
Healthy - Fibrotic_ILD	-0.136350552418682	0.0760274498404064	27.3442031462544	-1.79343845814772	0.125956324196363
Healthy - Other	-0.293905019201773	0.0927087476875295	7.91653444340961	-3.17019727407349	0.0401102843188876
Fibrotic_ILD - Other	-0.157554466783092	0.11465464111797	11.5219930849355	-1.3741656268496	0.195530664228187
