contrast	estimate	SE	df	t.ratio	p.value
activated_migratory - basement_membrane	0.0448585882971769	0.0188334510768589	38.7585864899009	2.38185705392549	0.0666977605571751
activated_migratory - vascular_stabilizing	0.0256428416210816	0.0188564832482209	38.5370706458672	1.35989522985422	0.181766379628783
basement_membrane - vascular_stabilizing	-0.0192157466760953	0.0126621581640035	40.7806655912597	-1.51757278871485	0.181766379628783
