Estimate	Std. Error	t value	Pr(>|t|)	term	model
0.124995862170285	0.0837161570095582	1.49309125783228	0.147927417965653	disease_groupFibrotic_ILD	unadjusted
0.27344307260883	0.0850130023357464	3.21648530337638	0.00356873092907771	disease_groupOther	unadjusted
0.0333141984780462	0.0787646351510535	0.422958836972415	0.6760911477175	disease_groupFibrotic_ILD	injury_adjusted
0.13988039106299	0.0860221222511844	1.62609788508286	0.116989388527355	disease_groupOther	injury_adjusted
0.158657093633621	0.0524489297815914	3.02498247903823	0.00584765413148974	injury_stromal_score	injury_adjusted
