Estimate	Std. Error	t value	Pr(>|t|)	term	model
0.0925629624357044	0.0560327672331779	1.651943443209	0.11213471840052	disease_groupFibrotic_ILD	unadjusted
0.187517253477134	0.0645265872493348	2.90604635191003	0.00795909039973176	disease_groupOther	unadjusted
0.0885829461651375	0.0637573485395621	1.38937625535307	0.178621442239369	disease_groupFibrotic_ILD	injury_adjusted
0.18061513167965	0.0819246926954803	2.20464826582882	0.038235744946851	disease_groupOther	injury_adjusted
0.00758762287224777	0.0534352237857428	0.141996651921429	0.888375000942206	injury_stromal_score	injury_adjusted
