state_program	emmean	SE	df	lower.CL	upper.CL
activated_migratory	0.261323537352928	0.0345801871091016	64.038379671793	0.192242469477667	0.330404605228189
fibroblast_like	0.216464949055751	0.0315659711258151	47.4298771619618	0.152977595548134	0.279952302563369
vascular_stabilizing	0.235680695731847	0.0315981685152645	47.6011126427887	0.172134563194165	0.299226828269528
