ligand	n_agt_targets	n_other_targets	n_shared	jaccard	hyper_p	universe	hyper_p_BH
TGFB1	12	13	6	0.315789473684211	0.793175393727285	24	0.793175393727285
TGFB2	12	11	5	0.277777777777778	0.793175393727285	24	0.793175393727285
CCN2	12	12	10	0.714285714285714	0.00166447497851455	24	0.00499342493554366
