level	model	spec	predictor	estimate	SE	z_value	p_value	n_units	n_donors	singular	note	max_abs_grad	n_warnings	panel
pseudobulk	NB GLMM	primary	null_at1r_0001_z	0.0623118392272064	0.054577714357537	1.14170847864759	0.253575215352308	214	95	FALSE	""	0.000563941284781322	0	null_at1r_0001
pseudobulk	NB GLMM	primary	null_at1r_0002_z	0.0731808459367518	0.0547265205699652	1.33720991531325	0.181154126269554	214	95	FALSE	""	0.000380034634872573	0	null_at1r_0002
pseudobulk	NB GLMM	primary	null_at1r_0003_z	0.0784526784021736	0.0556430956131112	1.40992656029885	0.158561369084782	214	95	FALSE	""	0.000106384732134757	0	null_at1r_0003
pseudobulk	NB GLMM	primary	null_at1r_0004_z	0.091763459060381	0.0553329071540211	1.6583885391193	0.0972390683729312	214	95	FALSE	""	0.000269111524175969	0	null_at1r_0004
pseudobulk	NB GLMM	primary	null_at1r_0005_z	0.068002264168979	0.0539127206332544	1.26133987248705	0.207186421443563	214	95	FALSE	""	0.000375769104721257	0	null_at1r_0005
pseudobulk	NB GLMM	primary	null_at1r_0006_z	0.0655375216583795	0.0556163829757992	1.17838518349705	0.238643081816788	214	95	FALSE	""	0.000230982095672516	0	null_at1r_0006
pseudobulk	NB GLMM	primary	null_at1r_0007_z	0.0904001967684087	0.0562957765123545	1.60580779534269	0.108316147340386	214	95	FALSE	""	8.35586888570106e-05	0	null_at1r_0007
pseudobulk	NB GLMM	primary	null_at1r_0008_z	0.113289928231896	0.0557887888695634	2.03069345163187	0.0422861010459606	214	95	FALSE	""	0.000229609895541216	0	null_at1r_0008
pseudobulk	NB GLMM	primary	null_at1r_0009_z	0.078396471424292	0.055151130093603	1.42148440641628	0.155175983692514	214	95	FALSE	""	0.000334483729602653	0	null_at1r_0009
pseudobulk	NB GLMM	primary	null_at1r_0010_z	0.092456074016979	0.0550716223032552	1.67883331106289	0.0931845345767098	214	95	FALSE	""	0.000341412942361785	0	null_at1r_0010
pseudobulk	NB GLMM	primary	null_at1r_0011_z	0.0837290120608655	0.0550154188886188	1.52191901383826	0.128029374312892	214	95	FALSE	""	0.000562534978598706	0	null_at1r_0011
pseudobulk	NB GLMM	primary	null_at1r_0012_z	0.0814961335168429	0.054290885921348	1.50110155938342	0.133329295561318	214	95	FALSE	""	0.000351651578966994	0	null_at1r_0012
pseudobulk	NB GLMM	primary	null_at1r_0013_z	0.105252700372223	0.0533952146810199	1.97120099621279	0.0487008900276009	214	95	FALSE	""	0.000613149495620746	0	null_at1r_0013
pseudobulk	NB GLMM	primary	null_at1r_0014_z	0.0825653237230012	0.0556220346984657	1.48439955802765	0.137702951954491	214	95	FALSE	Model failed to converge with max|grad| = 0.00201359 (tol = 0.002, component 1)	0.000362347236659843	1	null_at1r_0014
pseudobulk	NB GLMM	primary	null_at1r_0015_z	0.0804674011486566	0.055928468496193	1.43875566973793	0.150219760401477	214	95	FALSE	""	0.00033752712624846	0	null_at1r_0015
pseudobulk	NB GLMM	primary	null_at1r_0016_z	0.0713916770434875	0.0555023084531533	1.28628302197098	0.198344305577823	214	95	FALSE	""	0.000587539261687198	0	null_at1r_0016
pseudobulk	NB GLMM	primary	null_at1r_0017_z	0.0716291831627159	0.0545341705517828	1.31347341378743	0.189023473814297	214	95	FALSE	""	0.000122934125101892	0	null_at1r_0017
pseudobulk	NB GLMM	primary	null_at1r_0018_z	0.0991333563059415	0.0551582028962884	1.79725500651893	0.0722951455844866	214	95	FALSE	""	0.00039660790207563	0	null_at1r_0018
pseudobulk	NB GLMM	primary	null_at1r_0019_z	0.0894654020076945	0.0547760087452101	1.63329537980472	0.102406888037501	214	95	FALSE	""	0.000529229282619781	0	null_at1r_0019
pseudobulk	NB GLMM	primary	null_at1r_0020_z	0.0848734978086581	0.0565245635558319	1.5015330056432	0.133217756503304	214	95	FALSE	""	0.000470497525384417	0	null_at1r_0020
pseudobulk	NB GLMM	primary	null_at1r_0021_z	0.123308371342145	0.0540954378487525	2.27945971501161	0.0226397520743192	214	95	FALSE	""	0.000745627630749368	0	null_at1r_0021
pseudobulk	NB GLMM	primary	null_at1r_0022_z	0.0785485244237644	0.0553329881590912	1.41956050155695	0.155735671400455	214	95	FALSE	""	0.000769678081269376	0	null_at1r_0022
pseudobulk	NB GLMM	primary	null_at1r_0023_z	0.0840403293835751	0.0533134707366134	1.57634324350712	0.114946720816628	214	95	FALSE	""	0.000280755330095417	0	null_at1r_0023
pseudobulk	NB GLMM	primary	null_at1r_0024_z	0.0903900111170799	0.054516324916938	1.65803566646871	0.0973102676166308	214	95	FALSE	""	0.000589905084780185	0	null_at1r_0024
pseudobulk	NB GLMM	primary	null_at1r_0025_z	0.105771784915205	0.0557357243526628	1.89773769236303	0.0577306446766565	214	95	FALSE	""	0.000223424194700783	0	null_at1r_0025
pseudobulk	NB GLMM	primary	null_at1r_0026_z	0.0737943136605448	0.0550660624111583	1.34010514696964	0.180211162994175	214	95	FALSE	""	0.000233450236919452	0	null_at1r_0026
pseudobulk	NB GLMM	primary	null_at1r_0027_z	0.104834490519309	0.054464636068341	1.92481760803037	0.0542521803520853	214	95	FALSE	""	0.00035594098335423	0	null_at1r_0027
pseudobulk	NB GLMM	primary	null_at1r_0028_z	0.060523877959506	0.0551599901831663	1.09724236278013	0.272535459091796	214	95	FALSE	""	0.000133584308059653	0	null_at1r_0028
pseudobulk	NB GLMM	primary	null_at1r_0029_z	0.0770461230514961	0.0543295128692989	1.41812652060487	0.156153829679017	214	95	FALSE	""	0.000109771463030484	0	null_at1r_0029
pseudobulk	NB GLMM	primary	null_at1r_0030_z	0.0791054455763633	0.0550153075660863	1.43788063860843	0.150467924096112	214	95	FALSE	""	0.000511732878294424	0	null_at1r_0030
pseudobulk	NB GLMM	primary	null_at1r_0031_z	0.0777599865776322	0.0542322940918275	1.43383177643134	0.151620274568974	214	95	FALSE	""	0.000317033936880762	0	null_at1r_0031
pseudobulk	NB GLMM	primary	null_at1r_0032_z	0.0625621719760178	0.0556631975077905	1.12394139713698	0.261037887860609	214	95	FALSE	""	0.000141127429742483	0	null_at1r_0032
pseudobulk	NB GLMM	primary	null_at1r_0033_z	0.0746907367062441	0.0555764093694862	1.34392879197504	0.17897141451496	214	95	FALSE	""	0.00044347757466312	0	null_at1r_0033
pseudobulk	NB GLMM	primary	null_at1r_0034_z	0.071531281231397	0.0552551785998125	1.29456248344548	0.195471201418478	214	95	FALSE	""	0.000368438577424968	0	null_at1r_0034
pseudobulk	NB GLMM	primary	null_at1r_0035_z	0.0919127580821406	0.0553602207442065	1.66026718908557	0.0968607132929502	214	95	FALSE	""	0.000415265049014124	0	null_at1r_0035
pseudobulk	NB GLMM	primary	null_at1r_0036_z	0.0781917480568401	0.0537083876963661	1.45585729549149	0.14543207302676	214	95	FALSE	""	0.000431690523328143	0	null_at1r_0036
pseudobulk	NB GLMM	primary	null_at1r_0037_z	0.0981887292161709	0.0550367206178577	1.7840584997412	0.074414159847443	214	95	FALSE	""	0.00067245309764985	0	null_at1r_0037
pseudobulk	NB GLMM	primary	null_at1r_0038_z	0.0783635731375743	0.0561758256194993	1.39496967375898	0.163024984776862	214	95	FALSE	""	0.000278596417047083	0	null_at1r_0038
pseudobulk	NB GLMM	primary	null_at1r_0039_z	0.0963998294261479	0.0551615413501215	1.74759129398286	0.0805348239469203	214	95	FALSE	""	0.000225160192712792	0	null_at1r_0039
pseudobulk	NB GLMM	primary	null_at1r_0040_z	0.0657092061903123	0.0549067665093244	1.19674150141683	0.231407325592907	214	95	FALSE	""	0.000228352519116015	0	null_at1r_0040
pseudobulk	NB GLMM	primary	null_at1r_0041_z	0.0553035174480598	0.0546265853059589	1.01239199079184	0.3113506663059	214	95	FALSE	""	0.00019785261429206	0	null_at1r_0041
pseudobulk	NB GLMM	primary	null_at1r_0042_z	0.0871731828239878	0.0551952558065366	1.57936006546534	0.114253491731299	214	95	FALSE	""	0.000366611629942781	0	null_at1r_0042
pseudobulk	NB GLMM	primary	null_at1r_0043_z	0.105745864640602	0.055565284538328	1.90309229079283	0.0570285037125223	214	95	FALSE	""	0.000105719664134085	0	null_at1r_0043
pseudobulk	NB GLMM	primary	null_at1r_0044_z	0.0941126030481604	0.0556362916605978	1.69156858300841	0.0907282609212137	214	95	FALSE	""	0.000219840785575798	0	null_at1r_0044
pseudobulk	NB GLMM	primary	null_at1r_0045_z	0.0950619563675567	0.0554635960523483	1.71395227020322	0.086537492102455	214	95	FALSE	""	0.000823602022137493	0	null_at1r_0045
pseudobulk	NB GLMM	primary	null_at1r_0046_z	0.0905947965714234	0.055326123077054	1.63746873145711	0.101532567221985	214	95	FALSE	""	0.000243461499849218	0	null_at1r_0046
pseudobulk	NB GLMM	primary	null_at1r_0047_z	0.075912825072574	0.0559430131074978	1.35696704299254	0.174791682572425	214	95	FALSE	""	0.00017671482055448	0	null_at1r_0047
pseudobulk	NB GLMM	primary	null_at1r_0048_z	0.0605028632661351	0.054146593522912	1.1173900208613	0.263827600057606	214	95	FALSE	""	0.000129413137983647	0	null_at1r_0048
pseudobulk	NB GLMM	primary	null_at1r_0049_z	0.0621545559601254	0.0544926167701591	1.14060508825045	0.254034298874152	214	95	FALSE	""	0.000450424977316288	0	null_at1r_0049
pseudobulk	NB GLMM	primary	null_at1r_0050_z	0.083424354175479	0.0556557275156399	1.49893565135836	0.133890326440487	214	95	FALSE	""	0.000204585148821934	0	null_at1r_0050
pseudobulk	NB GLMM	primary	null_at1r_0051_z	0.107309919742379	0.0562233617496249	1.90863577706814	0.0563090932796695	214	95	FALSE	""	0.000519167997481418	0	null_at1r_0051
pseudobulk	NB GLMM	primary	null_at1r_0052_z	0.0575903463202856	0.0545783576512055	1.05518650246548	0.291340036024227	214	95	FALSE	""	0.000265102926277905	0	null_at1r_0052
pseudobulk	NB GLMM	primary	null_at1r_0053_z	0.0880830370532455	0.0552314068796118	1.59479980738569	0.11075701015038	214	95	FALSE	""	0.000278967036138056	0	null_at1r_0053
pseudobulk	NB GLMM	primary	null_at1r_0054_z	0.081453067941637	0.0560179419966298	1.45405320221399	0.145931556652355	214	95	FALSE	""	0.000242176838582964	0	null_at1r_0054
pseudobulk	NB GLMM	primary	null_at1r_0055_z	0.0753975262264801	0.0554757957377194	1.35910670994153	0.174112776901707	214	95	FALSE	""	0.00038615326047875	0	null_at1r_0055
pseudobulk	NB GLMM	primary	null_at1r_0056_z	0.087001259181094	0.0545694224227154	1.59432252200049	0.110863815777318	214	95	FALSE	""	0.00072318243837799	0	null_at1r_0056
pseudobulk	NB GLMM	primary	null_at1r_0057_z	0.0703279840025371	0.0548046097180258	1.28324942672487	0.199404704561733	214	95	FALSE	""	0.000196049541045795	0	null_at1r_0057
pseudobulk	NB GLMM	primary	null_at1r_0058_z	0.0707856630195523	0.0557217548694664	1.2703415961212	0.203962977380849	214	95	FALSE	""	0.000463070364276064	0	null_at1r_0058
pseudobulk	NB GLMM	primary	null_at1r_0059_z	0.0667219556302586	0.0548907420712304	1.21554114797128	0.224159764828335	214	95	FALSE	""	0.000181088353201631	0	null_at1r_0059
pseudobulk	NB GLMM	primary	null_at1r_0060_z	0.0769680991797744	0.0536831946557111	1.43374662542715	0.151644581441045	214	95	FALSE	""	0.00039971155274543	0	null_at1r_0060
pseudobulk	NB GLMM	primary	null_at1r_0061_z	0.0979358754770662	0.0561350441172647	1.74464769765711	0.0810462127116991	214	95	FALSE	""	0.000511693087901222	0	null_at1r_0061
pseudobulk	NB GLMM	primary	null_at1r_0062_z	0.0694475536429615	0.0556141125390163	1.24873976176893	0.21176027272693	214	95	FALSE	""	0.000360587364411913	0	null_at1r_0062
pseudobulk	NB GLMM	primary	null_at1r_0063_z	0.0931554861824138	0.053812866927999	1.73110059917556	0.0834338235283073	214	95	FALSE	""	0.000159449200509698	0	null_at1r_0063
pseudobulk	NB GLMM	primary	null_at1r_0064_z	0.0574221522655382	0.0536656035009087	1.06999918978952	0.284619673403871	214	95	FALSE	""	0.000493030256620841	0	null_at1r_0064
pseudobulk	NB GLMM	primary	null_at1r_0065_z	0.0826958260878566	0.0548847638487637	1.50671735266507	0.131883121723062	214	95	FALSE	""	0.000320681010634871	0	null_at1r_0065
pseudobulk	NB GLMM	primary	null_at1r_0066_z	0.0903053479156465	0.0557497582932388	1.61983389130852	0.105267963874924	214	95	FALSE	""	0.000106884954220732	0	null_at1r_0066
pseudobulk	NB GLMM	primary	null_at1r_0067_z	0.0747356622893292	0.0559747579013555	1.33516722700322	0.18182162057121	214	95	FALSE	""	0.000239613200392341	0	null_at1r_0067
pseudobulk	NB GLMM	primary	null_at1r_0068_z	0.0770214542187828	0.054778770095397	1.40604570136661	0.159710554428968	214	95	FALSE	""	0.000452217818747158	0	null_at1r_0068
pseudobulk	NB GLMM	primary	null_at1r_0069_z	0.0666167675720298	0.0553160461518264	1.2042937304157	0.228476069082547	214	95	FALSE	""	0.000281903567156405	0	null_at1r_0069
pseudobulk	NB GLMM	primary	null_at1r_0070_z	0.102994203613489	0.054275020924562	1.89763544737537	0.0577441215248293	214	95	FALSE	""	0.000482034465676406	0	null_at1r_0070
pseudobulk	NB GLMM	primary	null_at1r_0071_z	0.0934708400541231	0.0549861278707781	1.69989856848599	0.0891500062427046	214	95	FALSE	""	0.000472956571684335	0	null_at1r_0071
pseudobulk	NB GLMM	primary	null_at1r_0072_z	0.0863833380301662	0.0565054228125967	1.52876190868727	0.126323478561797	214	95	FALSE	""	0.000309178176394198	0	null_at1r_0072
pseudobulk	NB GLMM	primary	null_at1r_0073_z	0.0724722987001875	0.0554436487593315	1.30713436654888	0.191167081372752	214	95	FALSE	""	0.000540873088539229	0	null_at1r_0073
pseudobulk	NB GLMM	primary	null_at1r_0074_z	0.111370507989323	0.0545530308577178	2.0415090827821	0.041200252000932	214	95	FALSE	""	0.000168975020642392	0	null_at1r_0074
pseudobulk	NB GLMM	primary	null_at1r_0075_z	0.0767032369199387	0.0523678383717735	1.46470122320883	0.143002451074438	214	95	FALSE	""	0.000464016238765908	0	null_at1r_0075
pseudobulk	NB GLMM	primary	null_at1r_0076_z	0.0834723235067591	0.0553635832177618	1.50771172412084	0.131628323563097	214	95	FALSE	""	0.000242648638959508	0	null_at1r_0076
pseudobulk	NB GLMM	primary	null_at1r_0077_z	0.0861153869745681	0.0555503862691289	1.55022120921642	0.121088430911813	214	95	FALSE	""	0.000529511225977331	0	null_at1r_0077
pseudobulk	NB GLMM	primary	null_at1r_0078_z	0.0871446131093571	0.0538637820948671	1.61787029651714	0.105690552845696	214	95	FALSE	""	0.000315302486342262	0	null_at1r_0078
pseudobulk	NB GLMM	primary	null_at1r_0079_z	0.0593881379580309	0.055867951419347	1.06300904989806	0.287777847293273	214	95	FALSE	""	0.000313075361191295	0	null_at1r_0079
pseudobulk	NB GLMM	primary	null_at1r_0080_z	0.0847045119691163	0.0536329702722839	1.57933658231286	0.114258875137687	214	95	FALSE	""	0.000229753140956746	0	null_at1r_0080
pseudobulk	NB GLMM	primary	null_at1r_0081_z	0.0796978080278991	0.0517417969496975	1.54029841880791	0.123487629038148	214	95	FALSE	""	0.000264785740000661	0	null_at1r_0081
pseudobulk	NB GLMM	primary	null_at1r_0082_z	0.0796662273480203	0.056064781018059	1.42096742199633	0.155326230578501	214	95	FALSE	""	0.000546988303540275	0	null_at1r_0082
pseudobulk	NB GLMM	primary	null_at1r_0083_z	0.0766698573386436	0.0544085836522952	1.4091500309696	0.158790809641008	214	95	FALSE	""	0.000285996293314383	0	null_at1r_0083
pseudobulk	NB GLMM	primary	null_at1r_0084_z	0.0898298571446009	0.0534436191811774	1.68083409246802	0.0927951445797598	214	95	FALSE	""	0.000734435161575675	0	null_at1r_0084
pseudobulk	NB GLMM	primary	null_at1r_0085_z	0.108739719194138	0.0557401245452125	1.95083380385947	0.0510768192114834	214	95	FALSE	""	0.000366774202120723	0	null_at1r_0085
pseudobulk	NB GLMM	primary	null_at1r_0086_z	0.0823782477124904	0.0548659199857918	1.50144657619563	0.133240094772112	214	95	FALSE	""	0.000325768496622914	0	null_at1r_0086
pseudobulk	NB GLMM	primary	null_at1r_0087_z	0.0692958142551018	0.0521263016530454	1.32938290378507	0.183721675256523	214	95	FALSE	""	0.000289311401502346	0	null_at1r_0087
pseudobulk	NB GLMM	primary	null_at1r_0088_z	0.101625191804737	0.0555574108665013	1.82919236551415	0.0673707957394087	214	95	FALSE	""	0.000119904370876611	0	null_at1r_0088
pseudobulk	NB GLMM	primary	null_at1r_0089_z	0.0856150117144994	0.0558830340371159	1.53203943181819	0.125512704506296	214	95	FALSE	""	0.00043211230149609	0	null_at1r_0089
pseudobulk	NB GLMM	primary	null_at1r_0090_z	0.0719076333160668	0.0555161468395482	1.29525619859557	0.195231863846632	214	95	FALSE	""	0.000343583224093891	0	null_at1r_0090
pseudobulk	NB GLMM	primary	null_at1r_0091_z	0.0757351467693428	0.052993438505386	1.42914196371019	0.152963434411379	214	95	FALSE	Model failed to converge with max|grad| = 0.00222064 (tol = 0.002, component 1)	0.000197074996322044	1	null_at1r_0091
pseudobulk	NB GLMM	primary	null_at1r_0092_z	0.0555170666203865	0.0556489707654766	0.997629710967234	0.318458948427683	214	95	FALSE	""	0.000395203869629768	0	null_at1r_0092
pseudobulk	NB GLMM	primary	null_at1r_0093_z	0.0672087319086946	0.0538097540325115	1.24900648808184	0.211662700811981	214	95	FALSE	""	0.00046755189941905	0	null_at1r_0093
pseudobulk	NB GLMM	primary	null_at1r_0094_z	0.0738064286090919	0.0558037988478587	1.32260581058854	0.185966500911081	214	95	FALSE	""	0.000584681174586876	0	null_at1r_0094
pseudobulk	NB GLMM	primary	null_at1r_0095_z	0.0605169022803762	0.055291603720835	1.09450437693802	0.273733828785747	214	95	FALSE	""	0.000416453076468315	0	null_at1r_0095
pseudobulk	NB GLMM	primary	null_at1r_0096_z	0.0646591956992177	0.0545672447654937	1.18494521717369	0.236039107733236	214	95	FALSE	""	0.000622870857114322	0	null_at1r_0096
pseudobulk	NB GLMM	primary	null_at1r_0097_z	0.0834485971673391	0.0562226628876362	1.48425195252874	0.137742091773649	214	95	FALSE	""	0.000464430058855214	0	null_at1r_0097
pseudobulk	NB GLMM	primary	null_at1r_0098_z	0.0998008188434857	0.0554715735193608	1.7991344487218	0.0719974155509861	214	95	FALSE	""	0.000129900854517473	0	null_at1r_0098
pseudobulk	NB GLMM	primary	null_at1r_0099_z	0.0833575033822949	0.0538828695295642	1.54701306946095	0.121860094167486	214	95	FALSE	""	0.000481378492622753	0	null_at1r_0099
pseudobulk	NB GLMM	primary	null_at1r_0100_z	0.0946186943126925	0.0562336127660094	1.68260031071461	0.0924524915130784	214	95	FALSE	""	0.000348255753124249	0	null_at1r_0100
pseudobulk	NB GLMM	primary	null_at1r_0101_z	0.0671413322429904	0.0547269734322143	1.22684168394864	0.219882100339207	214	95	FALSE	""	0.000616038278167252	0	null_at1r_0101
pseudobulk	NB GLMM	primary	null_at1r_0102_z	0.107114376721553	0.0551012277249247	1.94395626275856	0.0519007255953942	214	95	FALSE	""	0.000155941961565986	0	null_at1r_0102
pseudobulk	NB GLMM	primary	null_at1r_0103_z	0.0798924661963554	0.0550997264722164	1.44996121235993	0.14706933588872	214	95	FALSE	""	0.000287380998997833	0	null_at1r_0103
pseudobulk	NB GLMM	primary	null_at1r_0104_z	0.0559041797674824	0.0558979527707755	1.00011139936971	0.317256600093326	214	95	FALSE	""	0.000532432977706776	0	null_at1r_0104
pseudobulk	NB GLMM	primary	null_at1r_0105_z	0.0797610239363633	0.0560105530175309	1.42403564398657	0.154436154215941	214	95	FALSE	""	0.000264952859652112	0	null_at1r_0105
pseudobulk	NB GLMM	primary	null_at1r_0106_z	0.0953728797312582	0.0557181431145764	1.71170240786986	0.0869515246618798	214	95	FALSE	""	0.000555666019863566	0	null_at1r_0106
pseudobulk	NB GLMM	primary	null_at1r_0107_z	0.0959541748068837	0.0553819994067757	1.73258776921557	0.0831689646939795	214	95	FALSE	""	5.88033799431287e-05	0	null_at1r_0107
pseudobulk	NB GLMM	primary	null_at1r_0108_z	0.0949025655517137	0.0533594291985042	1.77855286267519	0.0753130979623513	214	95	FALSE	""	0.000466152414446697	0	null_at1r_0108
pseudobulk	NB GLMM	primary	null_at1r_0109_z	0.0919492723317215	0.0558432696480913	1.64655961069544	0.0996485979828141	214	95	FALSE	""	0.000209040535992244	0	null_at1r_0109
pseudobulk	NB GLMM	primary	null_at1r_0110_z	0.0870911013537397	0.0559192766092599	1.55744327599756	0.119365278222645	214	95	FALSE	""	0.000224562199946377	0	null_at1r_0110
pseudobulk	NB GLMM	primary	null_at1r_0111_z	0.0860469086173388	0.0553479772364785	1.55465317638794	0.12002869183395	214	95	FALSE	""	0.000566622020414798	0	null_at1r_0111
pseudobulk	NB GLMM	primary	null_at1r_0112_z	0.0976361272662833	0.054754481331794	1.78316230729391	0.074559886242837	214	95	FALSE	""	0.000421902086600312	0	null_at1r_0112
pseudobulk	NB GLMM	primary	null_at1r_0113_z	0.0924709279513569	0.0533538486658333	1.73316321621936	0.0830666629137315	214	95	FALSE	""	0.000316794057653169	0	null_at1r_0113
pseudobulk	NB GLMM	primary	null_at1r_0114_z	0.0943962430099052	0.0536546572845741	1.75932990325976	0.07852149031762	214	95	FALSE	""	0.00019980461729574	0	null_at1r_0114
pseudobulk	NB GLMM	primary	null_at1r_0115_z	0.0934310016107061	0.0553954663101357	1.6866181988184	0.0916767903016336	214	95	FALSE	""	0.000470305394628667	0	null_at1r_0115
pseudobulk	NB GLMM	primary	null_at1r_0116_z	0.0850847570721499	0.0546932598779909	1.55567170912752	0.119786177218844	214	95	FALSE	""	0.000337813617079519	0	null_at1r_0116
pseudobulk	NB GLMM	primary	null_at1r_0117_z	0.0786379141246498	0.0563099109682814	1.39651995132696	0.16255797685472	214	95	FALSE	""	0.000158778448167141	0	null_at1r_0117
pseudobulk	NB GLMM	primary	null_at1r_0118_z	0.0693014662705128	0.0554178319886377	1.25052647827727	0.211107289060268	214	95	FALSE	""	0.000290940533886896	0	null_at1r_0118
pseudobulk	NB GLMM	primary	null_at1r_0119_z	0.0832037984150385	0.0546789609779485	1.52167848340413	0.128089661497966	214	95	FALSE	""	0.000473504542242154	0	null_at1r_0119
pseudobulk	NB GLMM	primary	null_at1r_0120_z	0.0829267903767091	0.0559954412930325	1.48095610038576	0.138618272055086	214	95	FALSE	""	0.000411152996093733	0	null_at1r_0120
pseudobulk	NB GLMM	primary	null_at1r_0121_z	0.100562579904986	0.0561803750490182	1.78999481255231	0.073454745336547	214	95	FALSE	""	0.000271985527433571	0	null_at1r_0121
pseudobulk	NB GLMM	primary	null_at1r_0122_z	0.099884574893111	0.055309578336358	1.80591821340014	0.0709311156885823	214	95	FALSE	""	0.000351476501236903	0	null_at1r_0122
pseudobulk	NB GLMM	primary	null_at1r_0123_z	0.0799290221423391	0.0537503707120391	1.48704131866455	0.137003898459707	214	95	FALSE	""	0.000490205138703459	0	null_at1r_0123
pseudobulk	NB GLMM	primary	null_at1r_0124_z	0.067052043262909	0.0551762660891703	1.21523343305881	0.224277072395139	214	95	FALSE	""	0.000416930561186746	0	null_at1r_0124
pseudobulk	NB GLMM	primary	null_at1r_0125_z	0.0609681109366423	0.0538867648262717	1.13141160233316	0.257881890385042	214	95	FALSE	""	0.000277156004813151	0	null_at1r_0125
pseudobulk	NB GLMM	primary	null_at1r_0126_z	0.0739258713424492	0.0513493507363148	1.43966516192322	0.14996215427435	214	95	FALSE	""	0.000334449623551336	0	null_at1r_0126
pseudobulk	NB GLMM	primary	null_at1r_0127_z	0.0648725251528205	0.0556652321968169	1.16540473456482	0.243855201739481	214	95	FALSE	""	0.000472208512292127	0	null_at1r_0127
pseudobulk	NB GLMM	primary	null_at1r_0128_z	0.0748932397525019	0.0555844114852117	1.34737847809052	0.177858368468939	214	95	FALSE	""	0.000728125542082125	0	null_at1r_0128
pseudobulk	NB GLMM	primary	null_at1r_0129_z	0.0756802300570401	0.05463477601864	1.38520253164797	0.165990546818668	214	95	FALSE	""	0.000263800075117615	0	null_at1r_0129
pseudobulk	NB GLMM	primary	null_at1r_0130_z	0.0809918391161473	0.0549953406670453	1.47270365332385	0.1408309610728	214	95	FALSE	""	0.000512011411046842	0	null_at1r_0130
pseudobulk	NB GLMM	primary	null_at1r_0131_z	0.0534760894729879	0.0549893996958306	0.972479964662036	0.330811827480345	214	95	FALSE	""	0.000303800788969966	0	null_at1r_0131
pseudobulk	NB GLMM	primary	null_at1r_0132_z	0.0672779895655827	0.0541084522103754	1.24339150016718	0.213723600941018	214	95	FALSE	""	0.00053088342610863	0	null_at1r_0132
pseudobulk	NB GLMM	primary	null_at1r_0133_z	0.0766497413585774	0.0550266374617311	1.39295702761929	0.163632785771936	214	95	FALSE	""	0.000495002723255311	0	null_at1r_0133
pseudobulk	NB GLMM	primary	null_at1r_0134_z	0.0881967951966524	0.0561630757799602	1.57036974866185	0.116329116043767	214	95	FALSE	""	0.000503043793287361	0	null_at1r_0134
pseudobulk	NB GLMM	primary	null_at1r_0135_z	0.070798236484669	0.0554192221437414	1.27750325150791	0.201424633225669	214	95	FALSE	""	0.000343327428709017	0	null_at1r_0135
pseudobulk	NB GLMM	primary	null_at1r_0136_z	0.0566727957116176	0.0550079525911061	1.03026549875228	0.302885390194907	214	95	FALSE	""	0.000343462716045906	0	null_at1r_0136
pseudobulk	NB GLMM	primary	null_at1r_0137_z	0.0697368378793899	0.0537751072022866	1.29682378162557	0.194691826050595	214	95	FALSE	""	0.000208752908292809	0	null_at1r_0137
pseudobulk	NB GLMM	primary	null_at1r_0138_z	0.06319943756934	0.0536396691848836	1.17822198625995	0.238708119607181	214	95	FALSE	""	0.000381858171749627	0	null_at1r_0138
pseudobulk	NB GLMM	primary	null_at1r_0139_z	0.0775542657957898	0.0540018598958289	1.4361406430333	0.150962325052194	214	95	FALSE	""	0.000283101826425991	0	null_at1r_0139
pseudobulk	NB GLMM	primary	null_at1r_0140_z	0.0660526684423419	0.0553915205908627	1.19246895080251	0.233077418289026	214	95	FALSE	""	0.000296394091492402	0	null_at1r_0140
pseudobulk	NB GLMM	primary	null_at1r_0141_z	0.0746939106118033	0.053408969653152	1.39852745890587	0.161954732844468	214	95	FALSE	""	0.000633303898212034	0	null_at1r_0141
pseudobulk	NB GLMM	primary	null_at1r_0142_z	0.0984923978041883	0.0551440805580565	1.78609193965061	0.074084373033069	214	95	FALSE	""	0.000279200094155385	0	null_at1r_0142
pseudobulk	NB GLMM	primary	null_at1r_0143_z	0.0951114460639335	0.0539837946746115	1.76185180455023	0.078094339350927	214	95	FALSE	""	0.000861160742715583	0	null_at1r_0143
pseudobulk	NB GLMM	primary	null_at1r_0144_z	0.0740256195752331	0.0548055239884241	1.35069632015321	0.176792731554869	214	95	FALSE	""	0.000336559651259449	0	null_at1r_0144
pseudobulk	NB GLMM	primary	null_at1r_0145_z	0.0643717200401725	0.0549832863754413	1.1707506823187	0.241699006598649	214	95	FALSE	""	0.000509362507727929	0	null_at1r_0145
pseudobulk	NB GLMM	primary	null_at1r_0146_z	0.0802914712770039	0.055437135681641	1.44833368985898	0.147523749945021	214	95	FALSE	""	0.000467700829176465	0	null_at1r_0146
pseudobulk	NB GLMM	primary	null_at1r_0147_z	0.0798289973132627	0.0536535783312849	1.48785970658578	0.136787895821192	214	95	FALSE	""	0.000184703594641178	0	null_at1r_0147
pseudobulk	NB GLMM	primary	null_at1r_0148_z	0.0722248478140256	0.0544667037517102	1.32603669469823	0.184827543134851	214	95	FALSE	""	0.000587028807785828	0	null_at1r_0148
pseudobulk	NB GLMM	primary	null_at1r_0149_z	0.0656523152916889	0.0554925041055403	1.18308438860185	0.236775704279212	214	95	FALSE	""	0.00024440396373393	0	null_at1r_0149
pseudobulk	NB GLMM	primary	null_at1r_0150_z	0.0565696874139537	0.0537877857301143	1.05171995177117	0.292928054368882	214	95	FALSE	""	0.000872701093612704	0	null_at1r_0150
pseudobulk	NB GLMM	primary	null_at1r_0151_z	0.0968325205506785	0.0548322199573325	1.7659784817399	0.0773994590255902	214	95	FALSE	""	0.000230536443268647	0	null_at1r_0151
pseudobulk	NB GLMM	primary	null_at1r_0152_z	0.0770112532321342	0.0544087837553502	1.41541949510241	0.156945537006495	214	95	FALSE	""	0.000503874844071106	0	null_at1r_0152
pseudobulk	NB GLMM	primary	null_at1r_0153_z	0.0571147847400885	0.0555511050584678	1.02814848921502	0.303879984495981	214	95	FALSE	""	0.000451708501714165	0	null_at1r_0153
pseudobulk	NB GLMM	primary	null_at1r_0154_z	0.0809235729376821	0.0562295065409192	1.43916562523615	0.150103602161966	214	95	FALSE	""	0.000618761077930685	0	null_at1r_0154
pseudobulk	NB GLMM	primary	null_at1r_0155_z	0.0698008827628925	0.055019283335623	1.26866215863083	0.204561584447159	214	95	FALSE	""	0.000612117219134234	0	null_at1r_0155
pseudobulk	NB GLMM	primary	null_at1r_0156_z	0.0930689387588753	0.0559679343220707	1.6628975124096	0.0963329524377665	214	95	FALSE	""	0.000581867425353266	0	null_at1r_0156
pseudobulk	NB GLMM	primary	null_at1r_0157_z	0.0803099910695452	0.0552975788244519	1.45232382279336	0.146411586491185	214	95	FALSE	""	0.000350054278897005	0	null_at1r_0157
pseudobulk	NB GLMM	primary	null_at1r_0158_z	0.0676302965003839	0.0563189907585825	1.20084354476962	0.229811896976124	214	95	FALSE	""	0.000643118482912541	0	null_at1r_0158
pseudobulk	NB GLMM	primary	null_at1r_0159_z	0.0886745777200632	0.0536499216643272	1.65283704000307	0.098364033493154	214	95	FALSE	""	0.000131926753965672	0	null_at1r_0159
pseudobulk	NB GLMM	primary	null_at1r_0160_z	0.0745596078666225	0.0541625138621583	1.37659060759946	0.16863885639831	214	95	FALSE	""	0.000647110027784947	0	null_at1r_0160
pseudobulk	NB GLMM	primary	null_at1r_0161_z	0.0933665128088372	0.0530574818219217	1.75972378640596	0.0784546507266535	214	95	FALSE	""	0.000188426838576561	0	null_at1r_0161
pseudobulk	NB GLMM	primary	null_at1r_0162_z	0.0834453044076398	0.056024154288229	1.48945228121314	0.136368310165653	214	95	FALSE	""	0.000383025735573028	0	null_at1r_0162
pseudobulk	NB GLMM	primary	null_at1r_0163_z	0.0640206370786982	0.0542884983281479	1.17926704643264	0.238291855849626	214	95	FALSE	""	0.000150404275700566	0	null_at1r_0163
pseudobulk	NB GLMM	primary	null_at1r_0164_z	0.0720077992948511	0.0558445831256892	1.28943212151452	0.197247900288488	214	95	FALSE	""	0.00030525711736118	0	null_at1r_0164
pseudobulk	NB GLMM	primary	null_at1r_0165_z	0.0912565476254716	0.0552419415540376	1.65194316235617	0.0985461380640138	214	95	FALSE	""	0.000396462382923346	0	null_at1r_0165
pseudobulk	NB GLMM	primary	null_at1r_0166_z	0.0654613126417023	0.0553123145803761	1.18348532579627	0.236616858797584	214	95	FALSE	""	0.000267613131654798	0	null_at1r_0166
pseudobulk	NB GLMM	primary	null_at1r_0167_z	0.105843194430766	0.0558879550416831	1.8938462563503	0.058245419826214	214	95	FALSE	""	0.000437921698903665	0	null_at1r_0167
pseudobulk	NB GLMM	primary	null_at1r_0168_z	0.0732233816265067	0.054537554938618	1.34262311005544	0.179394043331371	214	95	FALSE	""	0.000183709971679491	0	null_at1r_0168
pseudobulk	NB GLMM	primary	null_at1r_0169_z	0.0583557249291381	0.0550439086849655	1.06016680725068	0.289068718868788	214	95	FALSE	""	0.000955609493757947	0	null_at1r_0169
pseudobulk	NB GLMM	primary	null_at1r_0170_z	0.0783235137614834	0.056112542692022	1.39582898945371	0.162765998416431	214	95	FALSE	""	0.00054208157962421	0	null_at1r_0170
pseudobulk	NB GLMM	primary	null_at1r_0171_z	0.071615008558227	0.0523833734847879	1.36713242760175	0.171583800683448	214	95	FALSE	""	0.000235406787396641	0	null_at1r_0171
pseudobulk	NB GLMM	primary	null_at1r_0172_z	0.0815487749875162	0.0562432812135319	1.44992918670428	0.147078267308992	214	95	FALSE	""	0.00037702193367295	0	null_at1r_0172
pseudobulk	NB GLMM	primary	null_at1r_0173_z	0.076337037121539	0.0551804086179147	1.38340833338366	0.166539696779411	214	95	FALSE	""	0.000410888105761842	0	null_at1r_0173
pseudobulk	NB GLMM	primary	null_at1r_0174_z	0.083002141108465	0.0547894041048912	1.51493053199779	0.129789997361249	214	95	FALSE	""	0.000150206460602931	0	null_at1r_0174
pseudobulk	NB GLMM	primary	null_at1r_0175_z	0.0925660299581793	0.0550426877960398	1.68171347847659	0.0926244131250491	214	95	FALSE	""	0.000406573690270307	0	null_at1r_0175
pseudobulk	NB GLMM	primary	null_at1r_0176_z	0.0717690000054482	0.0544485477227983	1.31810678166899	0.187467904621931	214	95	FALSE	""	0.000224329141929047	0	null_at1r_0176
pseudobulk	NB GLMM	primary	null_at1r_0177_z	0.106329548369262	0.0533020072228488	1.99485073657192	0.0460591618244558	214	95	FALSE	""	0.000280650738204713	0	null_at1r_0177
pseudobulk	NB GLMM	primary	null_at1r_0178_z	0.0799572661932585	0.0553651423545558	1.44418063049881	0.148688171917673	214	95	FALSE	""	0.00048614538172842	0	null_at1r_0178
pseudobulk	NB GLMM	primary	null_at1r_0179_z	0.0731308132627713	0.055598879633924	1.31532890130668	0.18839938898446	214	95	FALSE	""	0.000188638296094723	0	null_at1r_0179
pseudobulk	NB GLMM	primary	null_at1r_0180_z	0.0825542887160655	0.055104058010981	1.49815261699264	0.134093603119725	214	95	FALSE	Model failed to converge with max|grad| = 0.00944418 (tol = 0.002, component 1)	0.00022523863663082	1	null_at1r_0180
pseudobulk	NB GLMM	primary	null_at1r_0181_z	0.0998421883695576	0.0559630127274156	1.78407457897002	0.0744115473928351	214	95	FALSE	""	0.000321660991176032	0	null_at1r_0181
pseudobulk	NB GLMM	primary	null_at1r_0182_z	0.0967556136018173	0.0546753075824101	1.76964004191437	0.0767871239424434	214	95	FALSE	""	0.000435412630395149	0	null_at1r_0182
pseudobulk	NB GLMM	primary	null_at1r_0183_z	0.09943792319822	0.0557038639889103	1.78511715485332	0.0742423159464955	214	95	FALSE	""	0.00048328274715459	0	null_at1r_0183
pseudobulk	NB GLMM	primary	null_at1r_0184_z	0.0587769200963201	0.0548366545449736	1.07185459404922	0.2837853472935	214	95	FALSE	""	0.000248337528319098	0	null_at1r_0184
pseudobulk	NB GLMM	primary	null_at1r_0185_z	0.0924814878099867	0.0551881991491371	1.67574751914029	0.0937876577256048	214	95	FALSE	""	0.000345061152984272	0	null_at1r_0185
pseudobulk	NB GLMM	primary	null_at1r_0186_z	0.0782147940345278	0.0556579711091045	1.40527569503398	0.159939312825869	214	95	FALSE	""	0.000246180889007519	0	null_at1r_0186
pseudobulk	NB GLMM	primary	null_at1r_0187_z	0.104528162590342	0.054661437772329	1.91228344606876	0.0558398479299912	214	95	FALSE	""	0.00023876850718807	0	null_at1r_0187
pseudobulk	NB GLMM	primary	null_at1r_0188_z	0.0623604248533111	0.0564010382349197	1.10566093825382	0.268873303117496	214	95	FALSE	""	0.000586222768106381	0	null_at1r_0188
pseudobulk	NB GLMM	primary	null_at1r_0189_z	0.0762024375188509	0.0549711340040869	1.38622640590215	0.165677780791971	214	95	FALSE	""	0.000148569370139739	0	null_at1r_0189
pseudobulk	NB GLMM	primary	null_at1r_0190_z	0.0691025260501091	0.0558026361563727	1.23833802145954	0.215590751313275	214	95	FALSE	""	0.000781740254751639	0	null_at1r_0190
pseudobulk	NB GLMM	primary	null_at1r_0191_z	0.0688784095397664	0.0546646185082232	1.26001811444829	0.207662827668956	214	95	FALSE	""	0.000481064716950641	0	null_at1r_0191
pseudobulk	NB GLMM	primary	null_at1r_0192_z	0.110575578644826	0.0546896388465294	2.02187436189008	0.0431893330232789	214	95	FALSE	""	0.000216663238461479	0	null_at1r_0192
pseudobulk	NB GLMM	primary	null_at1r_0193_z	0.109736980489195	0.0552746279937557	1.98530473152334	0.0471105779446415	214	95	FALSE	""	0.000172314003066276	0	null_at1r_0193
pseudobulk	NB GLMM	primary	null_at1r_0194_z	0.0678656458754795	0.0547127497306322	1.24039910641675	0.214827811363813	214	95	FALSE	""	0.000330190914610284	0	null_at1r_0194
pseudobulk	NB GLMM	primary	null_at1r_0195_z	0.0716868108627155	0.0554357218865538	1.2931519320596	0.195958516757516	214	95	FALSE	""	0.000481262532048277	0	null_at1r_0195
pseudobulk	NB GLMM	primary	null_at1r_0196_z	0.08725004961674	0.0555966889601679	1.56933895252737	0.116568980524417	214	95	FALSE	""	0.000406403160013724	0	null_at1r_0196
pseudobulk	NB GLMM	primary	null_at1r_0197_z	0.0734331986468945	0.0545618749572862	1.34587014658828	0.178344398084129	214	95	FALSE	""	0.000596438667344046	0	null_at1r_0197
pseudobulk	NB GLMM	primary	null_at1r_0198_z	0.0960885183128838	0.0537437470764065	1.78790135671554	0.0737919239884492	214	95	FALSE	""	0.000525960786035284	0	null_at1r_0198
pseudobulk	NB GLMM	primary	null_at1r_0199_z	0.0789806141123935	0.0534981921175121	1.47632304917721	0.139857189378256	214	95	FALSE	""	0.000103860884337337	0	null_at1r_0199
pseudobulk	NB GLMM	primary	null_at1r_0200_z	0.0638002079689772	0.055681438793347	1.14580746028783	0.25187482766032	214	95	FALSE	""	0.000189688762475271	0	null_at1r_0200
pseudobulk	NB GLMM	primary	null_at1r_0201_z	0.0621842575484706	0.0556094518753808	1.11823180145389	0.263468005402305	214	95	FALSE	""	0.000688954742145143	0	null_at1r_0201
pseudobulk	NB GLMM	primary	null_at1r_0202_z	0.0791099937153422	0.056215993891892	1.40725064591898	0.159353078512056	214	95	FALSE	""	8.26469204184832e-05	0	null_at1r_0202
pseudobulk	NB GLMM	primary	null_at1r_0203_z	0.0789082471417984	0.0552663900022663	1.42778001491616	0.153355186894057	214	95	FALSE	""	0.000523351673109573	0	null_at1r_0203
pseudobulk	NB GLMM	primary	null_at1r_0204_z	0.0716034752215988	0.0545078434334732	1.31363617988282	0.188968667263951	214	95	FALSE	""	0.000166442077897955	0	null_at1r_0204
pseudobulk	NB GLMM	primary	null_at1r_0205_z	0.0660509154470052	0.0545109764993982	1.21169936201261	0.22562748343704	214	95	FALSE	""	0.000162920059665339	0	null_at1r_0205
pseudobulk	NB GLMM	primary	null_at1r_0206_z	0.0783865289517718	0.0558560495092806	1.40336686250515	0.160507469241612	214	95	FALSE	""	0.000162430069394759	0	null_at1r_0206
pseudobulk	NB GLMM	primary	null_at1r_0207_z	0.0661846688003413	0.0554184317180347	1.19427177472442	0.232371674791541	214	95	FALSE	""	0.00050313019528403	0	null_at1r_0207
pseudobulk	NB GLMM	primary	null_at1r_0208_z	0.0726133700069894	0.0549559848239735	1.32130049601646	0.186401188667831	214	95	FALSE	""	0.000404698994316277	0	null_at1r_0208
pseudobulk	NB GLMM	primary	null_at1r_0209_z	0.0829015138209421	0.0562330250241628	1.47424958528054	0.140414403656717	214	95	FALSE	""	0.000149773313751211	0	null_at1r_0209
pseudobulk	NB GLMM	primary	null_at1r_0210_z	0.108816205487488	0.0557335558130956	1.95243608450907	0.0508864524053841	214	95	FALSE	""	0.000328373062075116	0	null_at1r_0210
pseudobulk	NB GLMM	primary	null_at1r_0211_z	0.0911600995783852	0.055451013767877	1.64397534660033	0.100181294911237	214	95	FALSE	""	0.000336345920004533	0	null_at1r_0211
pseudobulk	NB GLMM	primary	null_at1r_0212_z	0.06686503307347	0.056048314247959	1.19298919103361	0.232873606284691	214	95	FALSE	""	0.000325605924444972	0	null_at1r_0212
pseudobulk	NB GLMM	primary	null_at1r_0213_z	0.0902342476441591	0.0532286348257462	1.69522002470207	0.0900336895634564	214	95	FALSE	""	0.000154726649270742	0	null_at1r_0213
pseudobulk	NB GLMM	primary	null_at1r_0214_z	0.0904824742319617	0.055824112228997	1.62084931795766	0.105049958567936	214	95	FALSE	""	0.00064267396737705	0	null_at1r_0214
pseudobulk	NB GLMM	primary	null_at1r_0215_z	0.0516497509797696	0.0535198436304113	0.965057957501597	0.334515783280256	214	95	FALSE	""	0.000143674014907447	0	null_at1r_0215
pseudobulk	NB GLMM	primary	null_at1r_0216_z	0.0640159605347781	0.0543927005372931	1.17692190132915	0.239226679589802	214	95	FALSE	""	0.000449496155852103	0	null_at1r_0216
pseudobulk	NB GLMM	primary	null_at1r_0217_z	0.0842347285985793	0.0550456483843058	1.5302704404622	0.125949801844064	214	95	FALSE	""	0.000369020654034102	0	null_at1r_0217
pseudobulk	NB GLMM	primary	null_at1r_0218_z	0.0944548315131533	0.0564485161348667	1.67329166434565	0.0942698926228174	214	95	FALSE	""	0.000672332589601865	0	null_at1r_0218
pseudobulk	NB GLMM	primary	null_at1r_0219_z	0.070384837759546	0.0542124405721282	1.29831523939419	0.19417903180589	214	95	FALSE	""	0.00040471832107869	0	null_at1r_0219
pseudobulk	NB GLMM	primary	null_at1r_0220_z	0.101491698005256	0.055644855999946	1.82391878245411	0.0681643516754061	214	95	FALSE	""	0.000396831865145941	0	null_at1r_0220
pseudobulk	NB GLMM	primary	null_at1r_0221_z	0.117827689741193	0.0544486667834205	2.16401423031852	0.0304632572845187	214	95	FALSE	""	0.000411149585488602	0	null_at1r_0221
pseudobulk	NB GLMM	primary	null_at1r_0222_z	0.0925788058628639	0.0561515117509847	1.64873220641723	0.0992025090284228	214	95	FALSE	Model failed to converge with max|grad| = 0.00201299 (tol = 0.002, component 1)	0.000140290694616851	1	null_at1r_0222
pseudobulk	NB GLMM	primary	null_at1r_0223_z	0.0734222681738664	0.0556565163337275	1.31920344661193	0.187101106356057	214	95	FALSE	""	0.000455954705103068	0	null_at1r_0223
pseudobulk	NB GLMM	primary	null_at1r_0224_z	0.0935660797910105	0.0541362999133459	1.72834271904025	0.0839267984807333	214	95	FALSE	""	0.000399550117435865	0	null_at1r_0224
pseudobulk	NB GLMM	primary	null_at1r_0225_z	0.0645148153592801	0.0546890766739092	1.17966547038192	0.238133292378777	214	95	FALSE	""	0.000495421090818127	0	null_at1r_0225
pseudobulk	NB GLMM	primary	null_at1r_0226_z	0.0542279100924046	0.0547136685251928	0.991121808391178	0.321626105209636	214	95	FALSE	""	0.000454174369224347	0	null_at1r_0226
pseudobulk	NB GLMM	primary	null_at1r_0227_z	0.0590624439405436	0.0551125203839859	1.07167016730567	0.283868204910587	214	95	FALSE	""	0.000274826561508235	0	null_at1r_0227
pseudobulk	NB GLMM	primary	null_at1r_0228_z	0.102689896493606	0.0557374513776378	1.84238593540727	0.0654187176020741	214	95	FALSE	""	0.000293636048809276	0	null_at1r_0228
pseudobulk	NB GLMM	primary	null_at1r_0229_z	0.0960830086283312	0.0559988104032739	1.71580445970891	0.086197837659565	214	95	FALSE	""	0.000286214572042809	0	null_at1r_0229
pseudobulk	NB GLMM	primary	null_at1r_0230_z	0.0745817342243624	0.0559960990074885	1.33190946416443	0.182889940704613	214	95	FALSE	""	0.000433534523835988	0	null_at1r_0230
pseudobulk	NB GLMM	primary	null_at1r_0231_z	0.0571656112909005	0.0559782788124129	1.02121059281702	0.30715467473979	214	95	FALSE	""	0.000244957618633634	0	null_at1r_0231
pseudobulk	NB GLMM	primary	null_at1r_0232_z	0.0813356807289143	0.0561994922292706	1.44726718165172	0.147822106982535	214	95	FALSE	""	0.000313864347845083	0	null_at1r_0232
pseudobulk	NB GLMM	primary	null_at1r_0233_z	0.084786306643516	0.0565434415813826	1.49948967152068	0.133746646176574	214	95	FALSE	""	0.000394735479858355	0	null_at1r_0233
pseudobulk	NB GLMM	primary	null_at1r_0234_z	0.101278377013616	0.0557043413647835	1.81814154035837	0.0690425023110802	214	95	FALSE	""	0.000354604026142624	0	null_at1r_0234
pseudobulk	NB GLMM	primary	null_at1r_0235_z	0.0954581116675231	0.0559391005197385	1.70646490166284	0.0879215557521621	214	95	FALSE	""	0.000327866018778877	0	null_at1r_0235
pseudobulk	NB GLMM	primary	null_at1r_0236_z	0.0738728716072233	0.0565776997908787	1.30568884702402	0.191658392277398	214	95	FALSE	""	0.000229323404710158	0	null_at1r_0236
pseudobulk	NB GLMM	primary	null_at1r_0237_z	0.0752739838024144	0.05629338631644	1.33717277868628	0.181166245240002	214	95	FALSE	""	0.000150630512507632	0	null_at1r_0237
pseudobulk	NB GLMM	primary	null_at1r_0238_z	0.0822247546834926	0.0552799517596683	1.48742450139913	0.136902729723374	214	95	FALSE	""	0.000532596686753095	0	null_at1r_0238
pseudobulk	NB GLMM	primary	null_at1r_0239_z	0.0777280185216472	0.0542998112957648	1.43146019602668	0.15229836691509	214	95	FALSE	""	0.000458844624517951	0	null_at1r_0239
pseudobulk	NB GLMM	primary	null_at1r_0240_z	0.112698982730516	0.0540251372547996	2.08604713392938	0.0369743537417969	214	95	FALSE	""	0.000398897554987343	0	null_at1r_0240
pseudobulk	NB GLMM	primary	null_at1r_0241_z	0.0810892177674734	0.0543254372501473	1.49265651363448	0.135527121971532	214	95	FALSE	""	0.000475961314805318	0	null_at1r_0241
pseudobulk	NB GLMM	primary	null_at1r_0242_z	0.0736164101357996	0.0543443141802787	1.35462948141343	0.175535635660446	214	95	FALSE	""	0.000447993215857423	0	null_at1r_0242
pseudobulk	NB GLMM	primary	null_at1r_0243_z	0.100615227392892	0.0558729016507083	1.80078758074696	0.071736367096416	214	95	FALSE	""	0.000277041181107052	0	null_at1r_0243
pseudobulk	NB GLMM	primary	null_at1r_0244_z	0.10175369372061	0.0546353830087201	1.86241384460267	0.062544779165426	214	95	FALSE	""	0.000894419827091042	0	null_at1r_0244
pseudobulk	NB GLMM	primary	null_at1r_0245_z	0.101784064203675	0.0561774995388306	1.81182973680273	0.0700125088000281	214	95	FALSE	""	0.000481616098113591	0	null_at1r_0245
pseudobulk	NB GLMM	primary	null_at1r_0246_z	0.107365453781429	0.055227095223909	1.94407207813726	0.0518867598096679	214	95	FALSE	""	0.000253170355790644	0	null_at1r_0246
pseudobulk	NB GLMM	primary	null_at1r_0247_z	0.0769699841063876	0.0537918206045479	1.43088639204526	0.152462777687348	214	95	FALSE	""	0.000334862306772266	0	null_at1r_0247
pseudobulk	NB GLMM	primary	null_at1r_0248_z	0.0666076877230475	0.054271976330435	1.22729430963609	0.219711993585289	214	95	FALSE	""	0.000511760163135477	0	null_at1r_0248
pseudobulk	NB GLMM	primary	null_at1r_0249_z	0.0759995301371548	0.0547281502429923	1.3886734669401	0.164932065991403	214	95	FALSE	""	0.000428876774094533	0	null_at1r_0249
pseudobulk	NB GLMM	primary	null_at1r_0250_z	0.054590729397011	0.0548784982446399	0.994756255057379	0.319854826793694	214	95	FALSE	""	0.000393199570680736	0	null_at1r_0250
pseudobulk	NB GLMM	primary	null_at1r_0251_z	0.0756755713329851	0.0548629967333042	1.37935540963709	0.167785200278237	214	95	FALSE	""	0.000265645212493837	0	null_at1r_0251
pseudobulk	NB GLMM	primary	null_at1r_0252_z	0.084475613168998	0.0540336746237282	1.56338827142994	0.11796129714393	214	95	FALSE	""	0.000276411356026074	0	null_at1r_0252
pseudobulk	NB GLMM	primary	null_at1r_0253_z	0.107689992469247	0.0557030576373156	1.93328691524297	0.0532008628111022	214	95	FALSE	""	0.000227861391977058	0	null_at1r_0253
pseudobulk	NB GLMM	primary	null_at1r_0254_z	0.0830665757010401	0.0550376553471681	1.50926806705464	0.131230291736474	214	95	FALSE	""	0.000180912138603162	0	null_at1r_0254
pseudobulk	NB GLMM	primary	null_at1r_0255_z	0.120104743678962	0.0545653945354574	2.20111564667449	0.0277278378798475	214	95	FALSE	""	0.000454057271781494	0	null_at1r_0255
pseudobulk	NB GLMM	primary	null_at1r_0256_z	0.0707450167547404	0.0543678054448135	1.30122994989288	0.193179756550111	214	95	FALSE	""	0.00040011173041421	0	null_at1r_0256
pseudobulk	NB GLMM	primary	null_at1r_0257_z	0.095976055118935	0.0553909353117027	1.73270327678792	0.083148421812446	214	95	FALSE	""	0.000191361095858156	0	null_at1r_0257
pseudobulk	NB GLMM	primary	null_at1r_0258_z	0.104559690960083	0.0559963991503762	1.8672574048787	0.0618656506107297	214	95	FALSE	""	0.000572949829802383	0	null_at1r_0258
pseudobulk	NB GLMM	primary	null_at1r_0259_z	0.0716098088379548	0.0560639455588353	1.27728807033043	0.201500563780517	214	95	FALSE	""	0.000144030991577893	0	null_at1r_0259
pseudobulk	NB GLMM	primary	null_at1r_0260_z	0.0701438157519951	0.054390498812687	1.28963361769415	0.197177897746243	214	95	FALSE	""	0.000235702373174718	0	null_at1r_0260
pseudobulk	NB GLMM	primary	null_at1r_0261_z	0.0841401412530541	0.0560257499013903	1.50181195969973	0.133145678736894	214	95	FALSE	""	0.00058672981140262	0	null_at1r_0261
pseudobulk	NB GLMM	primary	null_at1r_0262_z	0.0626158400753284	0.0548735216811362	1.14109388566642	0.253830855441142	214	95	FALSE	""	0.000258488626059261	0	null_at1r_0262
pseudobulk	NB GLMM	primary	null_at1r_0263_z	0.0969807350784341	0.0559281006946945	1.73402518365216	0.0829136148868409	214	95	FALSE	""	0.000783963969297474	0	null_at1r_0263
pseudobulk	NB GLMM	primary	null_at1r_0264_z	0.0695452949897559	0.0535043860416558	1.29980549511607	0.193667641655936	214	95	FALSE	""	0.000558402462047525	0	null_at1r_0264
pseudobulk	NB GLMM	primary	null_at1r_0265_z	0.0643934482638913	0.0546017137797443	1.17933016761425	0.238266730119099	214	95	FALSE	""	0.00050860649025708	0	null_at1r_0265
pseudobulk	NB GLMM	primary	null_at1r_0266_z	0.0780296406821193	0.0545579073095067	1.43021689302446	0.152654778454666	214	95	FALSE	""	0.000145280409924453	0	null_at1r_0266
pseudobulk	NB GLMM	primary	null_at1r_0267_z	0.0948309254253632	0.0550295325567099	1.72327332287689	0.0848391096194465	214	95	FALSE	""	0.00041086423152592	0	null_at1r_0267
pseudobulk	NB GLMM	primary	null_at1r_0268_z	0.0883185346341508	0.0556028134779944	1.58838247760797	0.112199877291713	214	95	FALSE	""	0.000675681803841144	0	null_at1r_0268
pseudobulk	NB GLMM	primary	null_at1r_0269_z	0.110760287866379	0.0549309543289677	2.01635469871985	0.0437628989743598	214	95	FALSE	""	0.00026219709070574	0	null_at1r_0269
pseudobulk	NB GLMM	primary	null_at1r_0270_z	0.0832860692497797	0.0542912042291068	1.53406192462255	0.125014419219713	214	95	FALSE	""	0.000167204916579067	0	null_at1r_0270
pseudobulk	NB GLMM	primary	null_at1r_0271_z	0.069695683824117	0.054874631160487	1.27008933545784	0.204052809978797	214	95	FALSE	""	0.000247714524448384	0	null_at1r_0271
pseudobulk	NB GLMM	primary	null_at1r_0272_z	0.0763272575078512	0.0565970868025345	1.34860753123486	0.177463060361753	214	95	FALSE	""	0.000247224534177803	0	null_at1r_0272
pseudobulk	NB GLMM	primary	null_at1r_0273_z	0.0994518462119399	0.0561951430453363	1.7697587517787	0.0767673379730068	214	95	FALSE	""	0.000335504637405393	0	null_at1r_0273
pseudobulk	NB GLMM	primary	null_at1r_0274_z	0.0745179823497066	0.0524334201575281	1.42119247849614	0.155260810709614	214	95	FALSE	""	0.000297721953756991	0	null_at1r_0274
pseudobulk	NB GLMM	primary	null_at1r_0275_z	0.0889737163052873	0.0543330330510696	1.63756211109469	0.10151307230861	214	95	FALSE	""	0.000277749450106057	0	null_at1r_0275
pseudobulk	NB GLMM	primary	null_at1r_0276_z	0.0859443554389647	0.0538577949929495	1.59576446548203	0.110541389655537	214	95	FALSE	""	0.000235336301557254	0	null_at1r_0276
pseudobulk	NB GLMM	primary	null_at1r_0277_z	0.0650455691689356	0.0550816167215049	1.18089433536072	0.237644701940791	214	95	FALSE	""	0.000137904407893075	0	null_at1r_0277
pseudobulk	NB GLMM	primary	null_at1r_0278_z	0.0921472471708074	0.0540769261559553	1.70400305122853	0.088380517205626	214	95	FALSE	""	0.000438466258856352	0	null_at1r_0278
pseudobulk	NB GLMM	primary	null_at1r_0279_z	0.108016167177996	0.0546555562995852	1.97630715870722	0.0481199993158149	214	95	FALSE	""	0.000309051984004327	0	null_at1r_0279
pseudobulk	NB GLMM	primary	null_at1r_0280_z	0.0643698250038781	0.0561149084926769	1.14710736830799	0.251337248967082	214	95	FALSE	""	0.00100965394267405	0	null_at1r_0280
pseudobulk	NB GLMM	primary	null_at1r_0281_z	0.0940305538878373	0.0560407558013814	1.67789589100295	0.0933674248423543	214	95	FALSE	""	0.000402457089876407	0	null_at1r_0281
pseudobulk	NB GLMM	primary	null_at1r_0282_z	0.0844023928757357	0.055102921530497	1.5317226479366	0.125590891137199	214	95	FALSE	""	0.000167535745276837	0	null_at1r_0282
pseudobulk	NB GLMM	primary	null_at1r_0283_z	0.0747562361756262	0.0550705106061406	1.35746401028086	0.174633821419327	214	95	FALSE	""	0.000246091076405719	0	null_at1r_0283
pseudobulk	NB GLMM	primary	null_at1r_0284_z	0.0926860990602098	0.0533647110067697	1.73684251842855	0.0824149717968643	214	95	FALSE	""	0.000293686071017873	0	null_at1r_0284
pseudobulk	NB GLMM	primary	null_at1r_0285_z	0.07795384208617	0.0544352720297316	1.43204652387138	0.152130507147247	214	95	FALSE	""	0.00066759753281076	0	null_at1r_0285
pseudobulk	NB GLMM	primary	null_at1r_0286_z	0.112576541276952	0.0555515720218701	2.02652305199629	0.0427112129046917	214	95	FALSE	""	0.000372446038454655	0	null_at1r_0286
pseudobulk	NB GLMM	primary	null_at1r_0287_z	0.09937830871934	0.055300936152753	1.7970456855348	0.0723283672703516	214	95	FALSE	""	0.000518245997227496	0	null_at1r_0287
pseudobulk	NB GLMM	primary	null_at1r_0288_z	0.0638763633005899	0.0543047252827921	1.17625792171774	0.239491824945523	214	95	FALSE	""	0.000486299995827721	0	null_at1r_0288
pseudobulk	NB GLMM	primary	null_at1r_0289_z	0.0516726216925013	0.0560501546276865	0.92189971706121	0.356580886756842	214	95	FALSE	""	0.000270033524429891	0	null_at1r_0289
pseudobulk	NB GLMM	primary	null_at1r_0290_z	0.115948214756552	0.0553284191430952	2.09563577908628	0.036114512777616	214	95	FALSE	""	0.000196603195945499	0	null_at1r_0290
pseudobulk	NB GLMM	primary	null_at1r_0291_z	0.0700400321715107	0.0544239328303242	1.28693441523001	0.198117148623813	214	95	FALSE	""	0.000405127593694488	0	null_at1r_0291
pseudobulk	NB GLMM	primary	null_at1r_0292_z	0.100684842680514	0.0531311865426643	1.89502341717259	0.0580892993711962	214	95	FALSE	""	0.000311375742967357	0	null_at1r_0292
pseudobulk	NB GLMM	primary	null_at1r_0293_z	0.0888050123859419	0.0554367574011345	1.60191570627694	0.109174250829853	214	95	FALSE	""	0.000504636545883841	0	null_at1r_0293
pseudobulk	NB GLMM	primary	null_at1r_0294_z	0.0847364766849409	0.0559511749959429	1.51447179958393	0.129906220960054	214	95	FALSE	""	0.000243007889366709	0	null_at1r_0294
pseudobulk	NB GLMM	primary	null_at1r_0295_z	0.0925474909424403	0.0541241440516883	1.70991140024418	0.0872822580025009	214	95	FALSE	""	0.000695531525707338	0	null_at1r_0295
pseudobulk	NB GLMM	primary	null_at1r_0296_z	0.0837373343569027	0.0551602272370716	1.51807449953044	0.128995618844304	214	95	FALSE	""	0.00029360194275796	0	null_at1r_0296
pseudobulk	NB GLMM	primary	null_at1r_0297_z	0.0772963476904059	0.0564322831138112	1.3697185976778	0.170774760955059	214	95	FALSE	""	0.000352432607542141	0	null_at1r_0297
pseudobulk	NB GLMM	primary	null_at1r_0298_z	0.0932015943889877	0.0551523796942803	1.68989252876523	0.0910485172183515	214	95	FALSE	""	0.000232774937103386	0	null_at1r_0298
pseudobulk	NB GLMM	primary	null_at1r_0299_z	0.0620904980142295	0.0534422449827989	1.1618242840325	0.245306847779845	214	95	FALSE	""	0.000161395519171492	0	null_at1r_0299
pseudobulk	NB GLMM	primary	null_at1r_0300_z	0.100349167255221	0.0555547039687889	1.80631269876981	0.0708695093850418	214	95	FALSE	""	0.000158169086716953	0	null_at1r_0300
pseudobulk	NB GLMM	primary	null_at1r_0301_z	0.0700829426951308	0.0535769062189612	1.30808117976637	0.19084577616725	214	95	FALSE	""	0.000501585191159393	0	null_at1r_0301
pseudobulk	NB GLMM	primary	null_at1r_0302_z	0.108232349546435	0.0558209592313588	1.93891955704037	0.0525111341627037	214	95	FALSE	""	0.000468816097054514	0	null_at1r_0302
pseudobulk	NB GLMM	primary	null_at1r_0303_z	0.0639058434798896	0.0563090559647155	1.1349123579684	0.256412041499216	214	95	FALSE	""	0.000586667283641873	0	null_at1r_0303
pseudobulk	NB GLMM	primary	null_at1r_0304_z	0.0728247308579145	0.055029318511733	1.32338056925759	0.185708850218738	214	95	FALSE	""	0.000275275624517235	0	null_at1r_0304
pseudobulk	NB GLMM	primary	null_at1r_0305_z	0.0931645886162005	0.0548329386125943	1.69906247911364	0.0893074120434855	214	95	FALSE	Model failed to converge with max|grad| = 0.0093252 (tol = 0.002, component 1)	0.000306680476569454	1	null_at1r_0305
pseudobulk	NB GLMM	primary	null_at1r_0306_z	0.106932852487334	0.0553736781511392	1.93111341087849	0.0534690288961252	214	95	FALSE	""	0.000231159447139362	0	null_at1r_0306
pseudobulk	NB GLMM	primary	null_at1r_0307_z	0.0907003957798532	0.0556850111310641	1.62881166650707	0.103352894200298	214	95	FALSE	""	0.000268456687990692	0	null_at1r_0307
pseudobulk	NB GLMM	primary	null_at1r_0308_z	0.0887979290181715	0.0550610371963527	1.61271805871564	0.106805775340532	214	95	FALSE	""	0.000598768110648962	0	null_at1r_0308
pseudobulk	NB GLMM	primary	null_at1r_0309_z	0.0848957086920385	0.0541916625792251	1.56658247138895	0.117212317662547	214	95	FALSE	""	0.000427543227488059	0	null_at1r_0309
pseudobulk	NB GLMM	primary	null_at1r_0310_z	0.10079771225919	0.0547622207615813	1.84064325473639	0.0656738546312451	214	95	FALSE	""	0.000325379687637906	0	null_at1r_0310
pseudobulk	NB GLMM	primary	null_at1r_0311_z	0.0872589226893019	0.0564421553612727	1.54598849265728	0.122107346970493	214	95	FALSE	""	0.000214724877878325	0	null_at1r_0311
pseudobulk	NB GLMM	primary	null_at1r_0312_z	0.0650623557264554	0.0536241605310595	1.21330301644108	0.225013990070003	214	95	FALSE	""	0.000339133521265467	0	null_at1r_0312
pseudobulk	NB GLMM	primary	null_at1r_0313_z	0.0871023996392318	0.0558215761921857	1.56037155488678	0.118672102792591	214	95	FALSE	""	0.000419840944232419	0	null_at1r_0313
pseudobulk	NB GLMM	primary	null_at1r_0314_z	0.0743576453001433	0.055581795359654	1.33780574770923	0.180959767753966	214	95	FALSE	""	0.000558121655558352	0	null_at1r_0314
pseudobulk	NB GLMM	primary	null_at1r_0315_z	0.0821314342423648	0.0548776261107897	1.49662877320083	0.134489878967025	214	95	FALSE	""	0.000199523810806568	0	null_at1r_0315
pseudobulk	NB GLMM	primary	null_at1r_0316_z	0.0945334155750387	0.0548445704917005	1.72366042303758	0.0847691636484397	214	95	FALSE	""	0.000213295834328164	0	null_at1r_0316
pseudobulk	NB GLMM	primary	null_at1r_0317_z	0.117164153430131	0.0553226933825708	2.11783169376643	0.034189324143171	214	95	FALSE	""	0.000200512886294746	0	null_at1r_0317
pseudobulk	NB GLMM	primary	null_at1r_0318_z	0.0752996043871765	0.0538291948710093	1.39886179920797	0.161854429939035	214	95	FALSE	""	0.000367393795386306	0	null_at1r_0318
pseudobulk	NB GLMM	primary	null_at1r_0319_z	0.103769853135689	0.0555492881569565	1.86806809913538	0.0617525794201528	214	95	FALSE	""	0.000288428054773249	0	null_at1r_0319
pseudobulk	NB GLMM	primary	null_at1r_0320_z	0.091864282191802	0.0529815541936209	1.73389179668238	0.0829372836714985	214	95	FALSE	""	0.00023955635697348	0	null_at1r_0320
pseudobulk	NB GLMM	primary	null_at1r_0321_z	0.0599697294151892	0.0544606781974008	1.10115649309067	0.270828553303392	214	95	FALSE	""	0.000224735003939713	0	null_at1r_0321
pseudobulk	NB GLMM	primary	null_at1r_0322_z	0.067297352892142	0.0555039302564218	1.21247905474866	0.225329055511369	214	95	FALSE	""	0.000656539214105578	0	null_at1r_0322
pseudobulk	NB GLMM	primary	null_at1r_0323_z	0.0791653678427933	0.0559601724164398	1.41467340832453	0.157164274501525	214	95	FALSE	""	0.00035124458008795	0	null_at1r_0323
pseudobulk	NB GLMM	primary	null_at1r_0324_z	0.08195350397335	0.0534519201075642	1.5332190837753	0.12522188371878	214	95	FALSE	""	0.000578538674744777	0	null_at1r_0324
pseudobulk	NB GLMM	primary	null_at1r_0325_z	0.0611811229598869	0.0557702919958983	1.0970199504135	0.272632671020434	214	95	FALSE	""	0.00026439010980539	0	null_at1r_0325
pseudobulk	NB GLMM	primary	null_at1r_0326_z	0.0850119693304136	0.0542633202484059	1.56665624110812	0.117195064268472	214	95	FALSE	""	0.000406186018153676	0	null_at1r_0326
pseudobulk	NB GLMM	primary	null_at1r_0327_z	0.0904801629768223	0.0543688914650373	1.66418995382694	0.0960744750605163	214	95	FALSE	""	0.000503777073390666	0	null_at1r_0327
pseudobulk	NB GLMM	primary	null_at1r_0328_z	0.0779027075422942	0.0558646527411129	1.39449014215321	0.163169644276785	214	95	FALSE	""	0.00044984858504904	0	null_at1r_0328
pseudobulk	NB GLMM	primary	null_at1r_0329_z	0.094616036403394	0.0558351274654541	1.69456112483909	0.0901587070001312	214	95	FALSE	""	0.000406205344916089	0	null_at1r_0329
pseudobulk	NB GLMM	primary	null_at1r_0330_z	0.0876754728628674	0.0553070472340976	1.58524957030818	0.112909641932623	214	95	FALSE	Model failed to converge with max|grad| = 0.00200757 (tol = 0.002, component 1)	0.000240264625972486	1	null_at1r_0330
pseudobulk	NB GLMM	primary	null_at1r_0331_z	0.0783953298035259	0.0544031352100422	1.44100757246533	0.149582543484131	214	95	FALSE	""	0.000223268443733105	0	null_at1r_0331
pseudobulk	NB GLMM	primary	null_at1r_0332_z	0.0901583905634197	0.0540653475196477	1.66758181903216	0.0953987698768341	214	95	FALSE	""	0.000382764255846269	0	null_at1r_0332
pseudobulk	NB GLMM	primary	null_at1r_0333_z	0.0679308084668098	0.0544877123903719	1.24671793853495	0.212500938944231	214	95	FALSE	""	0.000156072701429366	0	null_at1r_0333
pseudobulk	NB GLMM	primary	null_at1r_0334_z	0.0662933159249809	0.0548500549540005	1.2086280675667	0.226805768256199	214	95	FALSE	""	0.000229509851124021	0	null_at1r_0334
pseudobulk	NB GLMM	primary	null_at1r_0335_z	0.0957602377732339	0.0555873203542258	1.72269929838333	0.0849429172861339	214	95	FALSE	""	0.000110844666778576	0	null_at1r_0335
pseudobulk	NB GLMM	primary	null_at1r_0336_z	0.0544621126216713	0.0547292669423511	0.995118620518684	0.319678575345401	214	95	FALSE	""	0.00038571215554839	0	null_at1r_0336
pseudobulk	NB GLMM	primary	null_at1r_0337_z	0.0672695560232754	0.0546664195757156	1.23054622097765	0.218492629731406	214	95	FALSE	""	0.000450722836831119	0	null_at1r_0337
pseudobulk	NB GLMM	primary	null_at1r_0338_z	0.105150180529938	0.0532760719919583	1.97368493206124	0.0484175795518106	214	95	FALSE	""	0.000307832124235574	0	null_at1r_0338
pseudobulk	NB GLMM	primary	null_at1r_0339_z	0.106797817644347	0.0555378471857449	1.92297366671712	0.0544833570620176	214	95	FALSE	""	0.000292474169327761	0	null_at1r_0339
pseudobulk	NB GLMM	primary	null_at1r_0340_z	0.0956158092936645	0.0556944822692485	1.71679141986492	0.086017289223235	214	95	FALSE	""	0.000500132273373311	0	null_at1r_0340
pseudobulk	NB GLMM	primary	null_at1r_0341_z	0.0815227199724743	0.0555077035399398	1.46867398169005	0.141921237783885	214	95	FALSE	""	0.0001770331437001	0	null_at1r_0341
pseudobulk	NB GLMM	primary	null_at1r_0342_z	0.0920206748316724	0.0560860885051112	1.64070409052124	0.100858855406546	214	95	FALSE	""	0.000315244506055024	0	null_at1r_0342
pseudobulk	NB GLMM	primary	null_at1r_0343_z	0.0697355366373665	0.0533432437239767	1.30729838999314	0.191111390810774	214	95	FALSE	""	0.00025594886210456	0	null_at1r_0343
pseudobulk	NB GLMM	primary	null_at1r_0344_z	0.0630063573195072	0.0556213607078066	1.13277267074597	0.257309730979113	214	95	FALSE	""	0.00018103150978277	0	null_at1r_0344
pseudobulk	NB GLMM	primary	null_at1r_0345_z	0.0649381591627913	0.0552308821392258	1.17575813833817	0.239691538871339	214	95	FALSE	""	0.00038052576201153	0	null_at1r_0345
pseudobulk	NB GLMM	primary	null_at1r_0346_z	0.112494991468719	0.054752494397048	2.05460943300482	0.0399167438227724	214	95	FALSE	""	0.000274559397439589	0	null_at1r_0346
pseudobulk	NB GLMM	primary	null_at1r_0347_z	0.0977157457502047	0.0537937497761493	1.81648883293741	0.069295419406502	214	95	FALSE	""	0.00038438884075731	0	null_at1r_0347
pseudobulk	NB GLMM	primary	null_at1r_0348_z	0.105277005790102	0.0550029370898669	1.91402516593058	0.0556169402678287	214	95	FALSE	""	0.000255536178883631	0	null_at1r_0348
pseudobulk	NB GLMM	primary	null_at1r_0349_z	0.103668561542777	0.0550644651158218	1.88267626544127	0.059744253851163	214	95	FALSE	""	0.000369756207874161	0	null_at1r_0349
pseudobulk	NB GLMM	primary	null_at1r_0350_z	0.0765706620817274	0.053573501986827	1.42926370765449	0.152928452948222	214	95	FALSE	""	0.000465244056613301	0	null_at1r_0350
pseudobulk	NB GLMM	primary	null_at1r_0351_z	0.0972264363644107	0.0539903088965404	1.80081274494506	0.0717323993816295	214	95	FALSE	""	0.000392826677853009	0	null_at1r_0351
pseudobulk	NB GLMM	primary	null_at1r_0352_z	0.0679614568585188	0.0545769102425374	1.24524192660415	0.21304283531735	214	95	FALSE	""	0.000231775629799813	0	null_at1r_0352
pseudobulk	NB GLMM	primary	null_at1r_0353_z	0.0662906868845762	0.0546174132079803	1.21372805834185	0.224851586172757	214	95	FALSE	""	0.000482988298244891	0	null_at1r_0353
pseudobulk	NB GLMM	primary	null_at1r_0354_z	0.0908383881984294	0.054883922007127	1.6551001618768	0.0979041820671246	214	95	FALSE	""	0.00031482954909734	0	null_at1r_0354
pseudobulk	NB GLMM	primary	null_at1r_0355_z	0.111052212898075	0.0545171705657206	2.03701350869266	0.0416486883030325	214	95	FALSE	""	0.000313116288452875	0	null_at1r_0355
pseudobulk	NB GLMM	primary	null_at1r_0356_z	0.106644783884301	0.0548448059711963	1.94448283653896	0.0518372531864708	214	95	FALSE	""	0.000295214022116852	0	null_at1r_0356
pseudobulk	NB GLMM	primary	null_at1r_0357_z	0.0953849514117005	0.0547711343324047	1.74151864069149	0.081592708696668	214	95	FALSE	""	0.000292512822852586	0	null_at1r_0357
pseudobulk	NB GLMM	primary	null_at1r_0358_z	0.0601981450215215	0.0545908171590123	1.10271558760837	0.270150695426474	214	95	FALSE	""	0.000391669345845003	0	null_at1r_0358
pseudobulk	NB GLMM	primary	null_at1r_0359_z	0.109672891952459	0.0544753413093812	2.01325754582418	0.0440875421190403	214	95	FALSE	""	0.000489601461595157	0	null_at1r_0359
pseudobulk	NB GLMM	primary	null_at1r_0360_z	0.0772227018896058	0.0556648623908986	1.3872791303663	0.165356664325752	214	95	FALSE	""	0.000322928599416628	0	null_at1r_0360
pseudobulk	NB GLMM	primary	null_at1r_0361_z	0.0570067210905457	0.0556996134665199	1.02346708608331	0.306087054323658	214	95	FALSE	""	0.000545248894923134	0	null_at1r_0361
pseudobulk	NB GLMM	primary	null_at1r_0362_z	0.0643324303321993	0.0554242496635329	1.16072713158493	0.245752884574742	214	95	FALSE	""	0.000669433575239964	0	null_at1r_0362
pseudobulk	NB GLMM	primary	null_at1r_0363_z	0.0662227824073761	0.0558638790552567	1.18543115027643	0.235847021557814	214	95	FALSE	""	0.000278993184110732	0	null_at1r_0363
pseudobulk	NB GLMM	primary	null_at1r_0364_z	0.0858993806232174	0.0554293638769914	1.54970893791682	0.121211391903557	214	95	FALSE	""	0.000455730742032756	0	null_at1r_0364
pseudobulk	NB GLMM	primary	null_at1r_0365_z	0.0567807199191222	0.0558747696838261	1.0162139412909	0.309527518983521	214	95	FALSE	""	0.000279219420917798	0	null_at1r_0365
pseudobulk	NB GLMM	primary	null_at1r_0366_z	0.080165058504003	0.0545358603467919	1.46995129432699	0.141574945711259	214	95	FALSE	""	7.84507392381784e-05	0	null_at1r_0366
pseudobulk	NB GLMM	primary	null_at1r_0367_z	0.0979924868689141	0.0559686638405957	1.75084556508275	0.0799725154668312	214	95	FALSE	""	0.000273605564871104	0	null_at1r_0367
pseudobulk	NB GLMM	primary	null_at1r_0368_z	0.0653532481879597	0.0548032059962699	1.19250775570334	0.233062211515432	214	95	FALSE	""	0.000471600287710317	0	null_at1r_0368
pseudobulk	NB GLMM	primary	null_at1r_0369_z	0.0827763144010419	0.0537754505776894	1.5392955988617	0.123732147923639	214	95	FALSE	""	0.000161116986419074	0	null_at1r_0369
pseudobulk	NB GLMM	primary	null_at1r_0370_z	0.0629519557136503	0.0560578976910133	1.12298103044528	0.261445551038894	214	95	FALSE	""	0.000381971858587349	0	null_at1r_0370
pseudobulk	NB GLMM	primary	null_at1r_0371_z	0.0977426723992298	0.0555509177289251	1.75951498904465	0.0784900766083667	214	95	FALSE	""	0.000252226755037555	0	null_at1r_0371
pseudobulk	NB GLMM	primary	null_at1r_0372_z	0.107739337166817	0.0545058996588092	1.97665459778177	0.0480806861427373	214	95	FALSE	""	0.000348139792549773	0	null_at1r_0372
pseudobulk	NB GLMM	primary	null_at1r_0373_z	0.0723941815199663	0.0548223326555856	1.32052355332586	0.186660277495793	214	95	FALSE	""	0.000212087343243184	0	null_at1r_0373
pseudobulk	NB GLMM	primary	null_at1r_0374_z	0.088349339950107	0.0560757444094257	1.57553574866599	0.115132833572869	214	95	FALSE	""	0.000501160002386314	0	null_at1r_0374
pseudobulk	NB GLMM	primary	null_at1r_0375_z	0.0907800190852696	0.0551445879328206	1.64621810567996	0.0997188629179213	214	95	FALSE	""	0.000478391939395806	0	null_at1r_0375
pseudobulk	NB GLMM	primary	null_at1r_0376_z	0.0844304110576624	0.0552560434153901	1.52798510061519	0.126516237272752	214	95	FALSE	""	0.000288929413727601	0	null_at1r_0376
pseudobulk	NB GLMM	primary	null_at1r_0377_z	0.0953587784603317	0.0558311100040621	1.70798643361011	0.0876388597682934	214	95	FALSE	""	0.000304653440252878	0	null_at1r_0377
pseudobulk	NB GLMM	primary	null_at1r_0378_z	0.0678558206896393	0.0559957609511354	1.2118028139461	0.225587870910615	214	95	FALSE	""	0.000231897274716175	0	null_at1r_0378
pseudobulk	NB GLMM	primary	null_at1r_0379_z	0.0835441847938608	0.0545947895279195	1.53025930709261	0.125952556521146	214	95	FALSE	""	0.000497072960570222	0	null_at1r_0379
pseudobulk	NB GLMM	primary	null_at1r_0380_z	0.0842653807940256	0.054778669714848	1.53828819196727	0.123978165586493	214	95	FALSE	""	0.000522754817211535	0	null_at1r_0380
pseudobulk	NB GLMM	primary	null_at1r_0381_z	0.0721245256746836	0.0548144743147454	1.31579343916615	0.18824338194696	214	95	FALSE	""	0.000423551682615653	0	null_at1r_0381
pseudobulk	NB GLMM	primary	null_at1r_0382_z	0.0918006034244095	0.0536684541236093	1.71051327867529	0.0871710000906116	214	95	FALSE	""	0.00036437427297642	0	null_at1r_0382
pseudobulk	NB GLMM	primary	null_at1r_0383_z	0.0917602774832436	0.0549371445961694	1.67027751729277	0.0948644692704294	214	95	FALSE	""	0.000680532821206725	0	null_at1r_0383
pseudobulk	NB GLMM	primary	null_at1r_0384_z	0.0786255083900279	0.0560809924067368	1.40199923388986	0.160915475468875	214	95	FALSE	""	0.000312095380650135	0	null_at1r_0384
pseudobulk	NB GLMM	primary	null_at1r_0385_z	0.073818459146129	0.0548675105943323	1.34539472169445	0.178497798906307	214	95	FALSE	""	0.000807788183010416	0	null_at1r_0385
pseudobulk	NB GLMM	primary	null_at1r_0386_z	0.0908088959036489	0.0546790092595797	1.66076337397681	0.096760979777134	214	95	FALSE	""	0.000478347601529094	0	null_at1r_0386
pseudobulk	NB GLMM	primary	null_at1r_0387_z	0.0972390007973807	0.0553239289951201	1.75763006286046	0.0788104746914063	214	95	FALSE	""	0.000268836402028683	0	null_at1r_0387
pseudobulk	NB GLMM	primary	null_at1r_0388_z	0.069563985809521	0.0543595067607802	1.27970229964836	0.200649855541785	214	95	FALSE	Model failed to converge with max|grad| = 0.00364165 (tol = 0.002, component 1)	0.000138534232974052	1	null_at1r_0388
pseudobulk	NB GLMM	primary	null_at1r_0389_z	0.0789707437962114	0.054789619340493	1.44134499831882	0.149487240616336	214	95	FALSE	""	0.000338001200361759	0	null_at1r_0389
pseudobulk	NB GLMM	primary	null_at1r_0390_z	0.0622466799584068	0.0542209779494019	1.14801839274265	0.250960971018731	214	95	FALSE	""	0.000200003569261753	0	null_at1r_0390
pseudobulk	NB GLMM	primary	null_at1r_0391_z	0.0703241893958506	0.055616171079874	1.26445578741574	0.206066480169836	214	95	FALSE	""	0.000496116854264983	0	null_at1r_0391
pseudobulk	NB GLMM	primary	null_at1r_0392_z	0.0850145037875584	0.0546309412069985	1.55616033532052	0.119669970682571	214	95	FALSE	""	0.000195519760382012	0	null_at1r_0392
pseudobulk	NB GLMM	primary	null_at1r_0393_z	0.0913779194726631	0.0556947215512311	1.6406926352726	0.100861234480007	214	95	FALSE	""	0.000132981767819729	0	null_at1r_0393
pseudobulk	NB GLMM	primary	null_at1r_0394_z	0.0957291521576443	0.0560313923973692	1.708491402083	0.0875452003900846	214	95	FALSE	""	0.000325467226502951	0	null_at1r_0394
pseudobulk	NB GLMM	primary	null_at1r_0395_z	0.0698477443668299	0.0547818519187159	1.27501612158838	0.202303535837771	214	95	FALSE	""	0.000448468426839099	0	null_at1r_0395
pseudobulk	NB GLMM	primary	null_at1r_0396_z	0.107180913427344	0.0544300573809972	1.96914937416112	0.0489359404434242	214	95	FALSE	""	0.000394899188904674	0	null_at1r_0396
pseudobulk	NB GLMM	primary	null_at1r_0397_z	0.0755844582285131	0.0561501070538385	1.34611423191127	0.178265679520097	214	95	FALSE	""	0.000649291678200825	0	null_at1r_0397
pseudobulk	NB GLMM	primary	null_at1r_0398_z	0.0921793028565448	0.0561690973599227	1.64110351045655	0.100775930177224	214	95	FALSE	""	0.000453020447821473	0	null_at1r_0398
pseudobulk	NB GLMM	primary	null_at1r_0399_z	0.103202280734621	0.0550318710996198	1.87531840499848	0.0607489328161975	214	95	FALSE	""	0.000304901277559111	0	null_at1r_0399
pseudobulk	NB GLMM	primary	null_at1r_0400_z	0.115013118587039	0.054655577775028	2.10432536383483	0.0353500750190675	214	95	FALSE	""	0.000217743263419834	0	null_at1r_0400
pseudobulk	NB GLMM	primary	null_at1r_0401_z	0.0814276603210223	0.0563100060060445	1.44606023150276	0.148160308760085	214	95	FALSE	""	0.000431974740422447	0	null_at1r_0401
pseudobulk	NB GLMM	primary	null_at1r_0402_z	0.058368958852681	0.0559343793211342	1.04352563774006	0.296704913184633	214	95	FALSE	""	0.000338637846653	0	null_at1r_0402
pseudobulk	NB GLMM	primary	null_at1r_0403_z	0.0712070613020114	0.0546796885982921	1.30225798879614	0.192828207837704	214	95	FALSE	""	0.000191464550880482	0	null_at1r_0403
pseudobulk	NB GLMM	primary	null_at1r_0404_z	0.0971949222583117	0.0555418780064623	1.7499394285336	0.0801287661690338	214	95	FALSE	""	0.000545961711395648	0	null_at1r_0404
pseudobulk	NB GLMM	primary	null_at1r_0405_z	0.0839932762305156	0.0560027017079287	1.49980757479463	0.133664254631552	214	95	FALSE	""	0.000301959062198875	0	null_at1r_0405
pseudobulk	NB GLMM	primary	null_at1r_0406_z	0.0705010042075462	0.0548746760861418	1.28476392456284	0.198874792357353	214	95	FALSE	""	0.00054621409617539	0	null_at1r_0406
pseudobulk	NB GLMM	primary	null_at1r_0407_z	0.106036337424456	0.0553068634821815	1.91723650101073	0.0552078928473194	214	95	FALSE	""	0.000220043148146942	0	null_at1r_0407
pseudobulk	NB GLMM	primary	null_at1r_0408_z	0.0833814704343779	0.055236987341342	1.50952241329011	0.131165331968383	214	95	FALSE	""	0.000297267206406104	0	null_at1r_0408
pseudobulk	NB GLMM	primary	null_at1r_0409_z	0.0623119566174531	0.0545519067528731	1.14225075394218	0.253349804730409	214	95	FALSE	""	0.000444204033556161	0	null_at1r_0409
pseudobulk	NB GLMM	primary	null_at1r_0410_z	0.0961883999681134	0.0561688817262612	1.71248557941543	0.0868072198899494	214	95	FALSE	""	0.000288772525891545	0	null_at1r_0410
pseudobulk	NB GLMM	primary	null_at1r_0411_z	0.101884362128882	0.055689628678919	1.82950334821409	0.0673242381909089	214	95	FALSE	""	0.000514104385729297	0	null_at1r_0411
pseudobulk	NB GLMM	primary	null_at1r_0412_z	0.0817919784455899	0.0540111478992303	1.51435364044087	0.129936170623599	214	95	FALSE	""	0.00022779090613767	0	null_at1r_0412
pseudobulk	NB GLMM	primary	null_at1r_0413_z	0.0746985115194662	0.0535933357769655	1.39380224120276	0.163377331190726	214	95	FALSE	Model failed to converge with max|grad| = 0.00396575 (tol = 0.002, component 1)	0.000451457253802801	1	null_at1r_0413
pseudobulk	NB GLMM	primary	null_at1r_0414_z	0.0714797342096201	0.0555686188758254	1.28633274779332	0.198326958240565	214	95	FALSE	""	0.000164300217875279	0	null_at1r_0414
pseudobulk	NB GLMM	primary	null_at1r_0415_z	0.0886872368759256	0.055636765358614	1.5940401334312	0.110927046204462	214	95	FALSE	""	0.00069310090111685	0	null_at1r_0415
pseudobulk	NB GLMM	primary	null_at1r_0416_z	0.0894305557027838	0.0557172061945867	1.60507968383154	0.108476269671544	214	95	FALSE	""	0.000443894805357559	0	null_at1r_0416
pseudobulk	NB GLMM	primary	null_at1r_0417_z	0.110699673964306	0.054797169992732	2.02017136978039	0.0433656149122131	214	95	FALSE	""	0.000701622866472462	0	null_at1r_0417
pseudobulk	NB GLMM	primary	null_at1r_0418_z	0.0852769111547783	0.0562996161865605	1.51469791325389	0.129848923124806	214	95	FALSE	""	0.000223730012294254	0	null_at1r_0418
pseudobulk	NB GLMM	primary	null_at1r_0419_z	0.102069114468768	0.0555145735776279	1.83860035105991	0.065973989614828	214	95	FALSE	""	0.000341259465130861	0	null_at1r_0419
pseudobulk	NB GLMM	primary	null_at1r_0420_z	0.0869950778793942	0.0536846164235764	1.62048429652538	0.10512828493393	214	95	FALSE	""	0.000145478225022089	0	null_at1r_0420
pseudobulk	NB GLMM	primary	null_at1r_0421_z	0.0769851558136285	0.0543830243118848	1.4156100508887	0.156889706936911	214	95	FALSE	""	0.000227001919483882	0	null_at1r_0421
pseudobulk	NB GLMM	primary	null_at1r_0422_z	0.0695400203688768	0.0554758866985885	1.25351796081605	0.210017266779887	214	95	FALSE	""	8.10564415587578e-05	0	null_at1r_0422
pseudobulk	NB GLMM	primary	null_at1r_0423_z	0.0966197212063506	0.0538808582188486	1.79321050926674	0.0729392703019247	214	95	FALSE	""	0.00052642803893832	0	null_at1r_0423
pseudobulk	NB GLMM	primary	null_at1r_0424_z	0.0682540460721723	0.0543452481651491	1.2559340214025	0.209139892419032	214	95	FALSE	""	0.000195082066056784	0	null_at1r_0424
pseudobulk	NB GLMM	primary	null_at1r_0425_z	0.0855018226784959	0.0552117033376274	1.5486177297527	0.121473641305872	214	95	FALSE	""	0.000390602963307174	0	null_at1r_0425
pseudobulk	NB GLMM	primary	null_at1r_0426_z	0.0975106377900576	0.0552071623918789	1.76626788201673	0.0773509172937288	214	95	FALSE	""	0.000217339675145922	0	null_at1r_0426
pseudobulk	NB GLMM	primary	null_at1r_0427_z	0.0969480724897459	0.0562312151678395	1.72409705535216	0.0846903235946274	214	95	FALSE	""	0.000314096268994035	0	null_at1r_0427
pseudobulk	NB GLMM	primary	null_at1r_0428_z	0.120686498751738	0.0546601153392026	2.20794445827268	0.0272481451699024	214	95	FALSE	""	0.0003664160885819	0	null_at1r_0428
pseudobulk	NB GLMM	primary	null_at1r_0429_z	0.0656340161585643	0.0555651251434505	1.18120882458411	0.237519776505529	214	95	FALSE	""	0.000362749688065378	0	null_at1r_0429
pseudobulk	NB GLMM	primary	null_at1r_0430_z	0.0766509123736497	0.056077852379209	1.36686604642635	0.171667296244232	214	95	FALSE	""	0.000406628259952413	0	null_at1r_0430
pseudobulk	NB GLMM	primary	null_at1r_0431_z	0.0881742292575687	0.0531519363030768	1.65890907068356	0.0971341165656502	214	95	FALSE	""	0.000247491698246449	0	null_at1r_0431
pseudobulk	NB GLMM	primary	null_at1r_0432_z	0.078567658317904	0.0546235229264457	1.43834842772226	0.150335217647611	214	95	FALSE	""	0.000426490487370756	0	null_at1r_0432
pseudobulk	NB GLMM	primary	null_at1r_0433_z	0.0844889809175218	0.0554056207414895	1.5249171435463	0.12727976529331	214	95	FALSE	""	0.000306831680063624	0	null_at1r_0433
pseudobulk	NB GLMM	primary	null_at1r_0434_z	0.0951622352383248	0.0554995368936922	1.71464917663377	0.0864095668206988	214	95	FALSE	""	0.000435937863585423	0	null_at1r_0434
pseudobulk	NB GLMM	primary	null_at1r_0435_z	0.0606807833746239	0.0549814781639098	1.10365863925527	0.269741243786253	214	95	FALSE	""	8.51537151902448e-05	0	null_at1r_0435
pseudobulk	NB GLMM	primary	null_at1r_0436_z	0.113575754883152	0.0548847875042016	2.06934853987469	0.0385133917629899	214	95	FALSE	""	0.000471286512038205	0	null_at1r_0436
pseudobulk	NB GLMM	primary	null_at1r_0437_z	0.0918586483530228	0.0552209440237087	1.66347479162225	0.0962174327886994	214	95	FALSE	""	0.000539299662705162	0	null_at1r_0437
pseudobulk	NB GLMM	primary	null_at1r_0438_z	0.0930108893400946	0.0556160012966512	1.67237642354009	0.0944501181592889	214	95	FALSE	""	0.000318232196150348	0	null_at1r_0438
pseudobulk	NB GLMM	primary	null_at1r_0439_z	0.0886955115152869	0.0549747821825981	1.61338541043575	0.106660800828002	214	95	FALSE	""	0.000267748418991687	0	null_at1r_0439
pseudobulk	NB GLMM	primary	null_at1r_0440_z	0.0762749806123155	0.0545482631130135	1.39830264538925	0.162022203823412	214	95	FALSE	""	0.000288032424577978	0	null_at1r_0440
pseudobulk	NB GLMM	primary	null_at1r_0441_z	0.0679157022427523	0.0550564301085051	1.23356530942715	0.217364926430126	214	95	FALSE	""	0.000337405481332098	0	null_at1r_0441
pseudobulk	NB GLMM	primary	null_at1r_0442_z	0.0765367428033706	0.0548922733110633	1.39430812729603	0.163224577728938	214	95	FALSE	""	0.000496625034429599	0	null_at1r_0442
pseudobulk	NB GLMM	primary	null_at1r_0443_z	0.0762209664081728	0.0551865200498944	1.38115188888991	0.167232264003826	214	95	FALSE	""	0.000380562141799601	0	null_at1r_0443
pseudobulk	NB GLMM	primary	null_at1r_0444_z	0.07297727457928	0.0552868930849399	1.31997423814649	0.186843619348419	214	95	FALSE	""	0.000437150902143912	0	null_at1r_0444
pseudobulk	NB GLMM	primary	null_at1r_0445_z	0.0589968970813706	0.0550597248290292	1.0715072998379	0.283941390184855	214	95	FALSE	""	0.00039577457755513	0	null_at1r_0445
pseudobulk	NB GLMM	primary	null_at1r_0446_z	0.0885843572720423	0.0558299936707476	1.58668041043423	0.112585045276742	214	95	FALSE	""	0.000312674046654138	0	null_at1r_0446
pseudobulk	NB GLMM	primary	null_at1r_0447_z	0.0692431890658479	0.0552351314009957	1.25360775487536	0.209984611141038	214	95	FALSE	""	0.000373538568965159	0	null_at1r_0447
pseudobulk	NB GLMM	primary	null_at1r_0448_z	0.074554630196565	0.0560563694337233	1.32999391415658	0.183520276468902	214	95	FALSE	""	0.000207490984394099	0	null_at1r_0448
pseudobulk	NB GLMM	primary	null_at1r_0449_z	0.0610315629030811	0.0539594745426758	1.13106295827273	0.258028593552192	214	95	FALSE	""	0.000181909172169981	0	null_at1r_0449
pseudobulk	NB GLMM	primary	null_at1r_0450_z	0.0627156815265496	0.0540775698386308	1.15973557454034	0.246156481530267	214	95	FALSE	""	0.000492537992613507	0	null_at1r_0450
pseudobulk	NB GLMM	primary	null_at1r_0451_z	0.0934335923816717	0.0558158551096238	1.67396149710805	0.0941381666517453	214	95	FALSE	""	0.000468618281956879	0	null_at1r_0451
pseudobulk	NB GLMM	primary	null_at1r_0452_z	0.0854648849876736	0.0550727002294776	1.55185572219189	0.120696749490977	214	95	FALSE	""	0.000242200712818885	0	null_at1r_0452
pseudobulk	NB GLMM	primary	null_at1r_0453_z	0.0796006367067226	0.0561244871372458	1.41828711079477	0.156106958213553	214	95	FALSE	""	0.00057559304877941	0	null_at1r_0453
pseudobulk	NB GLMM	primary	null_at1r_0454_z	0.0953186015682533	0.0525277657577974	1.81463270316431	0.0695803732907441	214	95	FALSE	""	0.00035159587241651	0	null_at1r_0454
pseudobulk	NB GLMM	primary	null_at1r_0455_z	0.0693667620907795	0.0551994648393361	1.25665642398307	0.208878073689845	214	95	FALSE	""	0.000245800038101152	0	null_at1r_0455
pseudobulk	NB GLMM	primary	null_at1r_0456_z	0.0891680835610039	0.0560402365180829	1.59114395479454	0.111577182424581	214	95	FALSE	""	0.000760117018216988	0	null_at1r_0456
pseudobulk	NB GLMM	primary	null_at1r_0457_z	0.0741579934004455	0.0550868180119607	1.34620216009471	0.178237328639613	214	95	FALSE	""	0.000405215132559533	0	null_at1r_0457
pseudobulk	NB GLMM	primary	null_at1r_0458_z	0.0823307897528397	0.0530838846835859	1.55095638240464	0.12091213710258	214	95	FALSE	""	0.000135877371576498	0	null_at1r_0458
pseudobulk	NB GLMM	primary	null_at1r_0459_z	0.104534426826063	0.0555831661345787	1.88068500043633	0.0600147812713195	214	95	FALSE	""	0.000354408484781743	0	null_at1r_0459
pseudobulk	NB GLMM	primary	null_at1r_0460_z	0.0909870868188485	0.0556473327706291	1.63506644952571	0.102035118462646	214	95	FALSE	""	0.000658468479741714	0	null_at1r_0460
pseudobulk	NB GLMM	primary	null_at1r_0461_z	0.0929084563942372	0.0555523963387044	1.6724473203239	0.0944361475891632	214	95	FALSE	""	0.000396506720790057	0	null_at1r_0461
pseudobulk	NB GLMM	primary	null_at1r_0462_z	0.0894163845945526	0.0550406715170356	1.62455112065407	0.104258239375294	214	95	FALSE	""	0.000354965550286579	0	null_at1r_0462
pseudobulk	NB GLMM	primary	null_at1r_0463_z	0.0873922314201928	0.0563421678574632	1.55109813383967	0.120878168354186	214	95	FALSE	""	0.000805889612820465	0	null_at1r_0463
pseudobulk	NB GLMM	primary	null_at1r_0464_z	0.0673917873078448	0.0551815398927311	1.22127413332157	0.221982243727523	214	95	FALSE	""	0.000202235241886228	0	null_at1r_0464
pseudobulk	NB GLMM	primary	null_at1r_0465_z	0.0593059308068883	0.0561711313269196	1.05580801749789	0.291055934539695	214	95	FALSE	""	0.000505414163853857	0	null_at1r_0465
pseudobulk	NB GLMM	primary	null_at1r_0466_z	0.0929385951677935	0.0540104263194083	1.72075285275793	0.0852956811350798	214	95	FALSE	""	0.000469231054012198	0	null_at1r_0466
pseudobulk	NB GLMM	primary	null_at1r_0467_z	0.0715657298993375	0.0540157450189113	1.32490498602365	0.185202666927212	214	95	FALSE	""	0.00037783024708915	0	null_at1r_0467
pseudobulk	NB GLMM	primary	null_at1r_0468_z	0.0685615043142671	0.0557174038167837	1.23052223574018	0.218501605602068	214	95	FALSE	""	0.000240298732023803	0	null_at1r_0468
pseudobulk	NB GLMM	primary	null_at1r_0469_z	0.072305060512428	0.0544824131005419	1.32712661568415	0.184466802324488	214	95	FALSE	""	0.000415452632296365	0	null_at1r_0469
pseudobulk	NB GLMM	primary	null_at1r_0470_z	0.0740391799108896	0.0556281029974821	1.33096718962789	0.183199807136254	214	95	FALSE	""	0.000296904545393772	0	null_at1r_0470
pseudobulk	NB GLMM	primary	null_at1r_0471_z	0.0681145095759256	0.0555086396707997	1.22709743888314	0.21978597036293	214	95	FALSE	""	0.000739102006264147	0	null_at1r_0471
pseudobulk	NB GLMM	primary	null_at1r_0472_z	0.0601269246406891	0.0543132879291741	1.10703893896271	0.268277093365664	214	95	FALSE	""	0.000218678906094283	0	null_at1r_0472
pseudobulk	NB GLMM	primary	null_at1r_0473_z	0.109055884397707	0.0553798438943425	1.9692342326889	0.0489261995196183	214	95	FALSE	""	0.000413583620684221	0	null_at1r_0473
pseudobulk	NB GLMM	primary	null_at1r_0474_z	0.088782247855394	0.0531870407362889	1.66924586565349	0.0950686637771111	214	95	FALSE	""	0.000488319074065657	0	null_at1r_0474
pseudobulk	NB GLMM	primary	null_at1r_0475_z	0.0792910685532592	0.0550284668231143	1.44091000768994	0.149610108406914	214	95	FALSE	""	0.000247132447839249	0	null_at1r_0475
pseudobulk	NB GLMM	primary	null_at1r_0476_z	0.0668951021062274	0.0556781489971713	1.20146059650126	0.229572582527883	214	95	FALSE	""	0.000467936160930549	0	null_at1r_0476
pseudobulk	NB GLMM	primary	null_at1r_0477_z	0.109264415185812	0.0556973079377176	1.96175397396217	0.0497911345952089	214	95	FALSE	""	0.000248473952524364	0	null_at1r_0477
pseudobulk	NB GLMM	primary	null_at1r_0478_z	0.0625305539600895	0.0553986541728362	1.12873778061472	0.259008466594294	214	95	FALSE	""	0.000330362581735244	0	null_at1r_0478
pseudobulk	NB GLMM	primary	null_at1r_0479_z	0.0977814011935188	0.0560128969582478	1.74569441152821	0.0808640667004882	214	95	FALSE	""	0.000244372131419368	0	null_at1r_0479
pseudobulk	NB GLMM	primary	null_at1r_0480_z	0.0745827900362572	0.0548502918316813	1.35975192739409	0.173908439609519	214	95	FALSE	""	0.000177731180883711	0	null_at1r_0480
pseudobulk	NB GLMM	primary	null_at1r_0481_z	0.0547938564039196	0.0562531214044514	0.974058950612893	0.330027269842707	214	95	FALSE	""	0.000352090410160599	0	null_at1r_0481
pseudobulk	NB GLMM	primary	null_at1r_0482_z	0.0682371696274804	0.0558362999658342	1.2220933276244	0.221672336064411	214	95	FALSE	""	0.000309123606712092	0	null_at1r_0482
pseudobulk	NB GLMM	primary	null_at1r_0483_z	0.0687103062617802	0.0543030374257666	1.26531239354168	0.205759365559607	214	95	FALSE	""	0.000372270960724563	0	null_at1r_0483
pseudobulk	NB GLMM	primary	null_at1r_0484_z	0.118236556016565	0.0554325248950779	2.13298160674372	0.0329262350804519	214	95	FALSE	""	0.000360956846634508	0	null_at1r_0484
pseudobulk	NB GLMM	primary	null_at1r_0485_z	0.0813250076778978	0.0542689044619956	1.49855628161519	0.133988781502807	214	95	FALSE	Model failed to converge with max|grad| = 0.00285331 (tol = 0.002, component 1)	0.000349544961864012	1	null_at1r_0485
pseudobulk	NB GLMM	primary	null_at1r_0486_z	0.119894087614697	0.0545082705740854	2.19955772494637	0.0278382893518235	214	95	FALSE	""	0.00027497549126565	0	null_at1r_0486
pseudobulk	NB GLMM	primary	null_at1r_0487_z	0.046438473641872	0.0543601563017513	0.854274100760374	0.392953133890649	214	95	FALSE	""	0.000282094561043778	0	null_at1r_0487
pseudobulk	NB GLMM	primary	null_at1r_0488_z	0.101950654304232	0.0561292362138271	1.81635563177532	0.0693158365367894	214	95	FALSE	""	0.00058606019592844	0	null_at1r_0488
pseudobulk	NB GLMM	primary	null_at1r_0489_z	0.0678564124899365	0.0556165270655992	1.22007640660303	0.222435911547968	214	95	FALSE	""	0.00049131131163449	0	null_at1r_0489
pseudobulk	NB GLMM	primary	null_at1r_0490_z	0.0673683258930182	0.0541541194159472	1.24401110422598	0.2134954761403	214	95	FALSE	""	0.000575778358324897	0	null_at1r_0490
pseudobulk	NB GLMM	primary	null_at1r_0491_z	0.0772668902277652	0.053166218726663	1.45330798537711	0.14613826115935	214	95	FALSE	""	0.000264936943494831	0	null_at1r_0491
pseudobulk	NB GLMM	primary	null_at1r_0492_z	0.0916274312287421	0.0550509853397376	1.664410376368	0.0960304478670368	214	95	FALSE	""	8.86359430296579e-05	0	null_at1r_0492
pseudobulk	NB GLMM	primary	null_at1r_0493_z	0.103812951639628	0.0545642619121966	1.902581433369	0.0570951837187482	214	95	FALSE	""	0.000331440332956845	0	null_at1r_0493
pseudobulk	NB GLMM	primary	null_at1r_0494_z	0.0889965655670234	0.0539992400078356	1.64810774288878	0.0993305637129429	214	95	FALSE	""	0.000239002702073776	0	null_at1r_0494
pseudobulk	NB GLMM	primary	null_at1r_0495_z	0.0858014311750736	0.056232278061666	1.52583950237586	0.127049840213885	214	95	FALSE	""	0.00022238396013563	0	null_at1r_0495
pseudobulk	NB GLMM	primary	null_at1r_0496_z	0.0701506018587566	0.0550769972092864	1.27368239761133	0.20277599719842	214	95	FALSE	""	0.000165803157869959	0	null_at1r_0496
pseudobulk	NB GLMM	primary	null_at1r_0497_z	0.0981649331713593	0.0548699626482115	1.78904683789791	0.0736072727139503	214	95	FALSE	""	0.00032276830097544	0	null_at1r_0497
pseudobulk	NB GLMM	primary	null_at1r_0498_z	0.119568458825752	0.0549055490566679	2.1777117409817	0.029427504249285	214	95	FALSE	""	0.000718218871043064	0	null_at1r_0498
pseudobulk	NB GLMM	primary	null_at1r_0499_z	0.0609389862717915	0.0548049786101682	1.11192427799772	0.266170709133263	214	95	FALSE	""	0.000110726432467345	0	null_at1r_0499
pseudobulk	NB GLMM	primary	null_at1r_0500_z	0.0907968113525765	0.0558263840078635	1.62641397909252	0.103861619032895	214	95	FALSE	""	0.000267983750745771	0	null_at1r_0500
pseudobulk	NB GLMM	primary	null_at1r_0501_z	0.0670743653860196	0.0549809371306342	1.21995675022147	0.222481270727439	214	95	FALSE	""	0.000272581246463233	0	null_at1r_0501
pseudobulk	NB GLMM	primary	null_at1r_0502_z	0.0460480605829971	0.0557054462651399	0.826634802705345	0.408444085098132	214	95	FALSE	""	0.000169818576978287	0	null_at1r_0502
pseudobulk	NB GLMM	primary	null_at1r_0503_z	0.0777185675229304	0.0557272064953173	1.39462521828474	0.163128886297016	214	95	FALSE	""	0.000326839426634251	0	null_at1r_0503
pseudobulk	NB GLMM	primary	null_at1r_0504_z	0.0607174599499409	0.0557486969563555	1.08912787679101	0.276097498283568	214	95	FALSE	""	0.000454441533292993	0	null_at1r_0504
pseudobulk	NB GLMM	primary	null_at1r_0505_z	0.0808492831574029	0.055329545772252	1.46123164448513	0.143951881531862	214	95	FALSE	""	0.000470197392132832	0	null_at1r_0505
pseudobulk	NB GLMM	primary	null_at1r_0506_z	0.0562025269986674	0.0560201088794415	1.00325629712035	0.315737216441006	214	95	FALSE	""	0.000205961896426743	0	null_at1r_0506
pseudobulk	NB GLMM	primary	null_at1r_0507_z	0.0960148699114252	0.0537895333436476	1.78501027882155	0.0742596496362609	214	95	FALSE	""	0.000474768739877618	0	null_at1r_0507
pseudobulk	NB GLMM	primary	null_at1r_0508_z	0.116421329963039	0.0553785720596278	2.10228118265101	0.03552865195162	214	95	FALSE	""	0.000248337528319098	0	null_at1r_0508
pseudobulk	NB GLMM	primary	null_at1r_0509_z	0.0842045365156193	0.0547077879020985	1.53916909720982	0.123763019808789	214	95	FALSE	""	0.000291017840936547	0	null_at1r_0509
pseudobulk	NB GLMM	primary	null_at1r_0510_z	0.0791580785508849	0.0555751600147204	1.42434279145428	0.154347266036362	214	95	FALSE	""	0.000517663920618361	0	null_at1r_0510
pseudobulk	NB GLMM	primary	null_at1r_0511_z	0.11360836641693	0.0549620931439384	2.06703129226547	0.0387312054392308	214	95	FALSE	""	0.000505599473399343	0	null_at1r_0511
pseudobulk	NB GLMM	primary	null_at1r_0512_z	0.0597912517887181	0.0547611231486109	1.09185583404592	0.274896473073849	214	95	FALSE	""	0.000279353571386309	0	null_at1r_0512
pseudobulk	NB GLMM	primary	null_at1r_0513_z	0.0841476930477621	0.0544675479883824	1.5449142866815	0.122366997278273	214	95	FALSE	""	0.000228570797844441	0	null_at1r_0513
pseudobulk	NB GLMM	primary	null_at1r_0514_z	0.065905465332495	0.0544179216559899	1.21109853752088	0.22585764184715	214	95	FALSE	""	0.000433224158769008	0	null_at1r_0514
pseudobulk	NB GLMM	primary	null_at1r_0515_z	0.0837821791888197	0.0551053088325167	1.52040122746543	0.128410166176395	214	95	FALSE	""	0.000695229118718999	0	null_at1r_0515
pseudobulk	NB GLMM	primary	null_at1r_0516_z	0.101891559364046	0.0532729517734638	1.91263213266888	0.055795163067944	214	95	FALSE	""	0.000394732069253223	0	null_at1r_0516
pseudobulk	NB GLMM	primary	null_at1r_0517_z	0.0976933671345371	0.0534900528663084	1.82638382090796	0.067792467188549	214	95	FALSE	""	0.000551842731510988	0	null_at1r_0517
pseudobulk	NB GLMM	primary	null_at1r_0518_z	0.0804961343942346	0.0562872896366593	1.43009434125974	0.152689944099721	214	95	FALSE	""	0.000368651171811507	0	null_at1r_0518
pseudobulk	NB GLMM	primary	null_at1r_0519_z	0.063898096909517	0.052817484663655	1.20979060847793	0.226359250846473	214	95	FALSE	""	0.000527204520039959	0	null_at1r_0519
pseudobulk	NB GLMM	primary	null_at1r_0520_z	0.0840408136208226	0.0546800753925167	1.53695496974981	0.124304336884212	214	95	FALSE	""	0.000247624711846584	0	null_at1r_0520
pseudobulk	NB GLMM	primary	null_at1r_0521_z	0.0565138584483053	0.0559956612193479	1.00925423894768	0.31285272036153	214	95	FALSE	""	0.000191762410395313	0	null_at1r_0521
pseudobulk	NB GLMM	primary	null_at1r_0522_z	0.0985286626780083	0.053772328932986	1.83233020836423	0.0669022390859094	214	95	FALSE	""	0.000340901351592038	0	null_at1r_0522
pseudobulk	NB GLMM	primary	null_at1r_0523_z	0.105497543564796	0.0551464184742249	1.91304433694284	0.055742376717289	214	95	FALSE	""	0.00020383936316648	0	null_at1r_0523
pseudobulk	NB GLMM	primary	null_at1r_0524_z	0.0980462007700251	0.0539567200689262	1.81712677577098	0.0691977037238943	214	95	FALSE	""	0.000197233021026477	0	null_at1r_0524
pseudobulk	NB GLMM	primary	null_at1r_0525_z	0.101666113061052	0.0542711852306555	1.87329818998729	0.0610272196905037	214	95	FALSE	""	0.000495923586640856	0	null_at1r_0525
pseudobulk	NB GLMM	primary	null_at1r_0526_z	0.0505123005846921	0.0548628686013399	0.920701047401274	0.357206529209001	214	95	FALSE	""	0.000358709257852752	0	null_at1r_0526
pseudobulk	NB GLMM	primary	null_at1r_0527_z	0.0947999651332222	0.0539011291275238	1.75877512526568	0.078615711387025	214	95	FALSE	""	0.000325078417517943	0	null_at1r_0527
pseudobulk	NB GLMM	primary	null_at1r_0528_z	0.0774454567552738	0.0548112528892969	1.4129481205564	0.157670978736333	214	95	FALSE	""	0.000398647443944355	0	null_at1r_0528
pseudobulk	NB GLMM	primary	null_at1r_0529_z	0.0984913950127848	0.0561417225569709	1.75433510991471	0.0793731030686936	214	95	FALSE	""	0.000327814859701903	0	null_at1r_0529
pseudobulk	NB GLMM	primary	null_at1r_0530_z	0.108330735544837	0.0556346800031094	1.94717998807188	0.0515131600098432	214	95	FALSE	""	0.000436930349678732	0	null_at1r_0530
pseudobulk	NB GLMM	primary	null_at1r_0531_z	0.0849728677981652	0.0560249687184713	1.516696389875	0.129343356203792	214	95	FALSE	""	0.000634787511444301	0	null_at1r_0531
pseudobulk	NB GLMM	primary	null_at1r_0532_z	0.0718490822728632	0.0524608387176458	1.36957555443535	0.170819434838638	214	95	FALSE	""	0.000717216153134359	0	null_at1r_0532
pseudobulk	NB GLMM	primary	null_at1r_0533_z	0.0834048896528659	0.0561311489221106	1.48589314942762	0.137307385916096	214	95	FALSE	""	0.000887804390004021	0	null_at1r_0533
pseudobulk	NB GLMM	primary	null_at1r_0534_z	0.0765378027425891	0.0558940146454144	1.36933808079696	0.170893619639035	214	95	FALSE	""	0.000461743638879852	0	null_at1r_0534
pseudobulk	NB GLMM	primary	null_at1r_0535_z	0.068391864600787	0.0559961564553647	1.22136712464012	0.221947048772539	214	95	FALSE	""	0.000397676558350213	0	null_at1r_0535
pseudobulk	NB GLMM	primary	null_at1r_0536_z	0.0952700322611197	0.0532517116075742	1.78905108183545	0.0736065892954996	214	95	FALSE	""	0.000584300323680509	0	null_at1r_0536
pseudobulk	NB GLMM	primary	null_at1r_0537_z	0.0910481714134914	0.056316130736345	1.61673343361871	0.105935833719503	214	95	FALSE	""	0.000409636413678527	0	null_at1r_0537
pseudobulk	NB GLMM	primary	null_at1r_0538_z	0.0937614815533855	0.0560915406002126	1.67157971683577	0.0946072271814	214	95	FALSE	""	0.000732379703549668	0	null_at1r_0538
pseudobulk	NB GLMM	primary	null_at1r_0539_z	0.08055991581959	0.0545970308349825	1.4755365738309	0.140068342939971	214	95	FALSE	""	0.000438843699157587	0	null_at1r_0539
pseudobulk	NB GLMM	primary	null_at1r_0540_z	0.0728657253810012	0.0559359899186679	1.30266265935312	0.192689955506743	214	95	FALSE	""	0.000335270442519686	0	null_at1r_0540
pseudobulk	NB GLMM	primary	null_at1r_0541_z	0.0783060233112447	0.0559850137355382	1.39869615253015	0.161904118483353	214	95	FALSE	""	0.000124401822176878	0	null_at1r_0541
pseudobulk	NB GLMM	primary	null_at1r_0542_z	0.0920353490688915	0.0536763156348519	1.71463611055177	0.0864119638463625	214	95	FALSE	""	0.000220748006540816	0	null_at1r_0542
pseudobulk	NB GLMM	primary	null_at1r_0543_z	0.0889459794080697	0.0557412028304101	1.59569537239237	0.11055682232076	214	95	FALSE	""	0.000839446556710755	0	null_at1r_0543
pseudobulk	NB GLMM	primary	null_at1r_0544_z	0.084412856808465	0.0564681604678403	1.49487527323543	0.13494699661732	214	95	FALSE	""	0.000250090579356765	0	null_at1r_0544
pseudobulk	NB GLMM	primary	null_at1r_0545_z	0.0677712681165788	0.0542451027889206	1.24935274581913	0.21153608375959	214	95	FALSE	""	0.000430496811532066	0	null_at1r_0545
pseudobulk	NB GLMM	primary	null_at1r_0546_z	0.0893858581570991	0.0531845972308977	1.68067190147245	0.0928266612921355	214	95	FALSE	""	0.000159143382916227	0	null_at1r_0546
pseudobulk	NB GLMM	primary	null_at1r_0547_z	0.0960409324154194	0.0537424661841502	1.78705852623756	0.073928029755961	214	95	FALSE	""	0.000375137005903525	0	null_at1r_0547
pseudobulk	NB GLMM	primary	null_at1r_0548_z	0.0819630344747458	0.055880635331658	1.46675201504574	0.142443527443216	214	95	FALSE	""	0.000366204631063738	0	null_at1r_0548
pseudobulk	NB GLMM	primary	null_at1r_0549_z	0.0625895799421292	0.0545991329385683	1.14634750724982	0.251651393238978	214	95	FALSE	""	0.000461379840999143	0	null_at1r_0549
pseudobulk	NB GLMM	primary	null_at1r_0550_z	0.0759967924181559	0.0546816576042995	1.38980410886777	0.164588370068995	214	95	FALSE	""	0.000350702293872018	0	null_at1r_0550
pseudobulk	NB GLMM	primary	null_at1r_0551_z	0.0663531511286724	0.0546405997725988	1.21435620042273	0.224611733254826	214	95	FALSE	""	0.000310101313516498	0	null_at1r_0551
pseudobulk	NB GLMM	primary	null_at1r_0552_z	0.0941801791451756	0.0546016759686363	1.72485876073243	0.0845529290728663	214	95	FALSE	""	0.000316080104312277	0	null_at1r_0552
pseudobulk	NB GLMM	primary	null_at1r_0553_z	0.0734896351146233	0.054817761747627	1.34061721551053	0.180044764897018	214	95	FALSE	""	0.000647451088298112	0	null_at1r_0553
pseudobulk	NB GLMM	primary	null_at1r_0554_z	0.069938274661176	0.0548643586416577	1.27474878760494	0.202398172482277	214	95	FALSE	Model failed to converge with max|grad| = 0.00320489 (tol = 0.002, component 1)	0.000163450977197499	1	null_at1r_0554
pseudobulk	NB GLMM	primary	null_at1r_0555_z	0.0644214912008333	0.0550187072996761	1.17090157807493	0.241638340746245	214	95	FALSE	""	0.000225368239625823	0	null_at1r_0555
pseudobulk	NB GLMM	primary	null_at1r_0556_z	0.0695092228449131	0.0560324775155924	1.24051667759239	0.214784349465341	214	95	FALSE	""	0.00042318106352468	0	null_at1r_0556
pseudobulk	NB GLMM	primary	null_at1r_0557_z	0.0718393868483758	0.055866330258714	1.28591562244542	0.198472510866782	214	95	FALSE	""	0.000103621005109744	0	null_at1r_0557
pseudobulk	NB GLMM	primary	null_at1r_0558_z	0.0956398334159362	0.0559756743201002	1.70859636042996	0.0875257433078883	214	95	FALSE	""	0.000245360070039169	0	null_at1r_0558
pseudobulk	NB GLMM	primary	null_at1r_0559_z	0.077332083539417	0.0548791911939603	1.40913307679957	0.158795821878951	214	95	FALSE	""	0.000349715492120595	0	null_at1r_0559
pseudobulk	NB GLMM	primary	null_at1r_0560_z	0.0889422123925297	0.0564146691523701	1.57657952672391	0.114892306648793	214	95	FALSE	""	0.000448302444056026	0	null_at1r_0560
pseudobulk	NB GLMM	primary	null_at1r_0561_z	0.0587958094688927	0.0549576898685236	1.06983771715207	0.284692361788446	214	95	FALSE	""	0.000476954937767005	0	null_at1r_0561
pseudobulk	NB GLMM	primary	null_at1r_0562_z	0.0934960083749722	0.0555742868347432	1.68236092085165	0.0924988744470479	214	95	FALSE	""	0.000476550212624716	0	null_at1r_0562
pseudobulk	NB GLMM	primary	null_at1r_0563_z	0.106615181808646	0.0555305913033855	1.91993600835557	0.054865982888688	214	95	FALSE	""	7.51708739699097e-05	0	null_at1r_0563
pseudobulk	NB GLMM	primary	null_at1r_0564_z	0.0637764589864652	0.0565735972294171	1.12731843315247	0.259607871582363	214	95	FALSE	""	0.000327006546285702	0	null_at1r_0564
pseudobulk	NB GLMM	primary	null_at1r_0565_z	0.101345556496702	0.0556523458168064	1.82104734327473	0.0685996605462172	214	95	FALSE	""	0.000359663090421236	0	null_at1r_0565
pseudobulk	NB GLMM	primary	null_at1r_0566_z	0.0772672716879236	0.0539755091395922	1.43152464737468	0.152279908248105	214	95	FALSE	""	0.000506981905346038	0	null_at1r_0566
pseudobulk	NB GLMM	primary	null_at1r_0567_z	0.0725485963105234	0.0561434213523058	1.2922011976305	0.1962874770629	214	95	FALSE	""	0.000156171608978184	0	null_at1r_0567
pseudobulk	NB GLMM	primary	null_at1r_0568_z	0.0662527574377439	0.0542250930330459	1.22180993580533	0.221779510335746	214	95	FALSE	""	0.000255982968155877	0	null_at1r_0568
pseudobulk	NB GLMM	primary	null_at1r_0569_z	0.0833372337151894	0.056647344863674	1.47115869094565	0.141248205795222	214	95	FALSE	""	0.000376358002540655	0	null_at1r_0569
pseudobulk	NB GLMM	primary	null_at1r_0570_z	0.0671522148823341	0.0564471682061096	1.1896471872094	0.234185091048726	214	95	FALSE	""	0.000371073838323355	0	null_at1r_0570
pseudobulk	NB GLMM	primary	null_at1r_0571_z	0.0895584411417163	0.0558434590033757	1.60374093474945	0.10877116883548	214	95	FALSE	""	0.000600791736360407	0	null_at1r_0571
pseudobulk	NB GLMM	primary	null_at1r_0572_z	0.0739059714237014	0.0561559840337411	1.31608363196512	0.188145974071784	214	95	FALSE	""	0.000337140591000207	0	null_at1r_0572
pseudobulk	NB GLMM	primary	null_at1r_0573_z	0.0551164742074215	0.0558247093974702	0.987313231046021	0.323489106348487	214	95	FALSE	""	0.000196016571862856	0	null_at1r_0573
pseudobulk	NB GLMM	primary	null_at1r_0574_z	0.0921599543501852	0.055793294851668	1.65181057320959	0.0985731726032393	214	95	FALSE	""	0.000426368842454394	0	null_at1r_0574
pseudobulk	NB GLMM	primary	null_at1r_0575_z	0.0708861090741097	0.054580473433469	1.29874485534679	0.194031504956825	214	95	FALSE	""	0.000808508957561571	0	null_at1r_0575
pseudobulk	NB GLMM	primary	null_at1r_0576_z	0.0982795445558851	0.0528444424650125	1.85978960078829	0.062915299232719	214	95	FALSE	""	0.000323611857311334	0	null_at1r_0576
pseudobulk	NB GLMM	primary	null_at1r_0577_z	0.100407233760595	0.0547994889498644	1.832265878473	0.0669118181029604	214	95	FALSE	""	0.000322456799040083	0	null_at1r_0577
pseudobulk	NB GLMM	primary	null_at1r_0578_z	0.108008409512145	0.0543811278543373	1.98613772412834	0.0470180334918592	214	95	FALSE	""	0.000413966745327343	0	null_at1r_0578
pseudobulk	NB GLMM	primary	null_at1r_0579_z	0.107747180459532	0.0559795173245869	1.92476079839667	0.0542592903917895	214	95	FALSE	""	0.000435341007687384	0	null_at1r_0579
pseudobulk	NB GLMM	primary	null_at1r_0580_z	0.0906762115353462	0.0551166176367509	1.64517010337885	0.0999347369911309	214	95	FALSE	""	0.000249343656832934	0	null_at1r_0580
pseudobulk	NB GLMM	primary	null_at1r_0581_z	0.0871463403968976	0.0553406125270622	1.57472670462912	0.115319541002912	214	95	FALSE	""	0.000133233015731093	0	null_at1r_0581
pseudobulk	NB GLMM	primary	null_at1r_0582_z	0.0732029649963129	0.0552322634500713	1.32536601659439	0.185049782698419	214	95	FALSE	""	0.000295050313070533	0	null_at1r_0582
pseudobulk	NB GLMM	primary	null_at1r_0583_z	0.0992223281265142	0.0546437566278794	1.81580356567013	0.0694005101412108	214	95	FALSE	""	0.000563316007173853	0	null_at1r_0583
pseudobulk	NB GLMM	primary	null_at1r_0584_z	0.0813671957176421	0.0543971031167616	1.49580016316292	0.134705738839638	214	95	FALSE	""	0.000293784978566691	0	null_at1r_0584
pseudobulk	NB GLMM	primary	null_at1r_0585_z	0.080519727044279	0.0533987412771981	1.50789560050289	0.13158124883012	214	95	FALSE	""	0.000200611793843564	0	null_at1r_0585
pseudobulk	NB GLMM	primary	null_at1r_0586_z	0.0795363600187519	0.0560841289626024	1.41816163485017	0.156143579970866	214	95	FALSE	""	0.000535055733053014	0	null_at1r_0586
pseudobulk	NB GLMM	primary	null_at1r_0587_z	0.106042446090147	0.0561585574848265	1.88826869562664	0.0589898876341034	214	95	FALSE	""	0.000695438302500406	0	null_at1r_0587
pseudobulk	NB GLMM	primary	null_at1r_0588_z	0.0919861912448882	0.0558356991701463	1.64744406557141	0.0994668042566409	214	95	FALSE	""	0.000189240836334648	0	null_at1r_0588
pseudobulk	NB GLMM	primary	null_at1r_0589_z	0.0733754624098147	0.0547187397808331	1.34095673079658	0.179934501417653	214	95	FALSE	""	0.000316716750603518	0	null_at1r_0589
pseudobulk	NB GLMM	primary	null_at1r_0590_z	0.0907585763393863	0.0541625136341289	1.67567142382767	0.0938025701422726	214	95	FALSE	""	0.000223794813791756	0	null_at1r_0590
pseudobulk	NB GLMM	primary	null_at1r_0591_z	0.081813736174599	0.0547523906748726	1.49424956912695	0.135110400973434	214	95	FALSE	""	0.000264134314420517	0	null_at1r_0591
pseudobulk	NB GLMM	primary	null_at1r_0592_z	0.0477189456229986	0.0542578677103248	0.879484351979392	0.379138713870757	214	95	FALSE	""	0.000655339817967615	0	null_at1r_0592
pseudobulk	NB GLMM	primary	null_at1r_0593_z	0.0665394321915815	0.055844344795327	1.1915160332788	0.233451066210949	214	95	FALSE	""	0.000476753712064237	0	null_at1r_0593
pseudobulk	NB GLMM	primary	null_at1r_0594_z	0.0784461151987703	0.0522644183926502	1.50094686999907	0.133369304021504	214	95	FALSE	""	0.000327465841110097	0	null_at1r_0594
pseudobulk	NB GLMM	primary	null_at1r_0595_z	0.0654763951280598	0.054357156975043	1.20455886164396	0.228373645989851	214	95	FALSE	""	0.000422240873376722	0	null_at1r_0595
pseudobulk	NB GLMM	primary	null_at1r_0596_z	0.0942137287556095	0.0531472086445827	1.77269382829972	0.0762794543338524	214	95	FALSE	""	0.000158115653903224	0	null_at1r_0596
pseudobulk	NB GLMM	primary	null_at1r_0597_z	0.125889270000036	0.0552037254658752	2.28044880916336	0.0225810835936778	214	95	FALSE	""	0.000319100763590541	0	null_at1r_0597
pseudobulk	NB GLMM	primary	null_at1r_0598_z	0.0663569665419619	0.0535094685662672	1.24009765598371	0.214939275871924	214	95	FALSE	Model failed to converge with max|grad| = 0.00244339 (tol = 0.002, component 1)	0.000256130761044915	1	null_at1r_0598
pseudobulk	NB GLMM	primary	null_at1r_0599_z	0.069342871596285	0.0547422138503066	1.26671661080248	0.205256638371298	214	95	FALSE	""	0.000401803390559508	0	null_at1r_0599
pseudobulk	NB GLMM	primary	null_at1r_0600_z	0.0651769007167632	0.0537194510224564	1.2132830748683	0.225021611585828	214	95	FALSE	""	0.000419330490331049	0	null_at1r_0600
pseudobulk	NB GLMM	primary	null_at1r_0601_z	0.0815032477532085	0.0565391500351545	1.44153648759368	0.149433176821108	214	95	FALSE	""	0.000577787204747438	0	null_at1r_0601
pseudobulk	NB GLMM	primary	null_at1r_0602_z	0.0707293200663775	0.0551753945379003	1.28189967029222	0.199877843647245	214	95	FALSE	""	0.000318721049552551	0	null_at1r_0602
pseudobulk	NB GLMM	primary	null_at1r_0603_z	0.066817366527927	0.0561408736903001	1.19017325766114	0.23397830170212	214	95	FALSE	""	0.000671707311994396	0	null_at1r_0603
pseudobulk	NB GLMM	primary	null_at1r_0604_z	0.0749213940484767	0.0556878447613236	1.3453814628594	0.178502078415011	214	95	FALSE	""	0.00015380464901682	0	null_at1r_0604
pseudobulk	NB GLMM	primary	null_at1r_0605_z	0.0797604617134005	0.0541685176893743	1.47245051398271	0.140899260891318	214	95	FALSE	""	0.000348989033227554	0	null_at1r_0605
pseudobulk	NB GLMM	primary	null_at1r_0606_z	0.0617516519240547	0.0556856309031216	1.10893332665093	0.267458945576381	214	95	FALSE	""	0.000370411044059438	0	null_at1r_0606
pseudobulk	NB GLMM	primary	null_at1r_0607_z	0.0943034113499022	0.0555068733375078	1.69895016021697	0.0893285747293113	214	95	FALSE	""	0.000368818291462958	0	null_at1r_0607
pseudobulk	NB GLMM	primary	null_at1r_0608_z	0.0919399769565298	0.054445783209924	1.68865193107869	0.0912861524791672	214	95	FALSE	""	0.000671740281177335	0	null_at1r_0608
pseudobulk	NB GLMM	primary	null_at1r_0609_z	0.107847678093147	0.0554029415119203	1.94660563410597	0.0515820326323822	214	95	FALSE	""	0.000334766809828579	0	null_at1r_0609
pseudobulk	NB GLMM	primary	null_at1r_0610_z	0.107974276677636	0.0546866816157502	1.97441632016192	0.0483344238304446	214	95	FALSE	""	0.000610743882134557	0	null_at1r_0610
pseudobulk	NB GLMM	primary	null_at1r_0611_z	0.079545080562975	0.0554049286594166	1.43570405174514	0.151086571820124	214	95	FALSE	""	0.000197100007426343	0	null_at1r_0611
pseudobulk	NB GLMM	primary	null_at1r_0612_z	0.112040288052276	0.0532167760056607	2.1053565522338	0.0352602828047266	214	95	FALSE	""	0.000377402784579317	0	null_at1r_0612
pseudobulk	NB GLMM	primary	null_at1r_0613_z	0.114095533495836	0.054780560465641	2.08277411778943	0.0372718178334742	214	95	FALSE	""	0.000644935198579333	0	null_at1r_0613
pseudobulk	NB GLMM	primary	null_at1r_0614_z	0.0950957156642525	0.0548497576071887	1.73374905948152	0.0829626176671126	214	95	FALSE	""	0.000467566678707954	0	null_at1r_0614
pseudobulk	NB GLMM	primary	null_at1r_0615_z	0.0833907310941689	0.0562191834065075	1.48331452079605	0.137990866128794	214	95	FALSE	""	0.000718110868547228	0	null_at1r_0615
pseudobulk	NB GLMM	primary	null_at1r_0616_z	0.0934061813604206	0.0537669380686708	1.73724196905397	0.0823444698059651	214	95	FALSE	""	0.000306530409943662	0	null_at1r_0616
pseudobulk	NB GLMM	primary	null_at1r_0617_z	0.0981266998350334	0.0546428791242986	1.79578201968129	0.0725291914132152	214	95	FALSE	""	0.000187295654541231	0	null_at1r_0617
pseudobulk	NB GLMM	primary	null_at1r_0618_z	0.0763709987309957	0.0535996469406655	1.42484145120467	0.154203037182325	214	95	FALSE	""	0.000347392870025942	0	null_at1r_0618
pseudobulk	NB GLMM	primary	null_at1r_0619_z	0.0907026731583241	0.055565978870984	1.63234185739663	0.102607490131768	214	95	FALSE	""	0.000314290673486539	0	null_at1r_0619
pseudobulk	NB GLMM	primary	null_at1r_0620_z	0.092511634515735	0.0534965645439527	1.7293004757292	0.0837553315484808	214	95	FALSE	""	0.000325396740663564	0	null_at1r_0620
pseudobulk	NB GLMM	primary	null_at1r_0621_z	0.0886308116221847	0.0544142483226436	1.62881624490441	0.103351924685743	214	95	FALSE	""	0.000509577375851222	0	null_at1r_0621
pseudobulk	NB GLMM	primary	null_at1r_0622_z	0.0793856101689081	0.0562827370779226	1.41047884823014	0.158398337761241	214	95	FALSE	""	0.000633613126410637	0	null_at1r_0622
pseudobulk	NB GLMM	primary	null_at1r_0623_z	0.0909478932440163	0.0554696197347893	1.63959828242658	0.10108872046406	214	95	FALSE	""	0.000366204631063738	0	null_at1r_0623
pseudobulk	NB GLMM	primary	null_at1r_0624_z	0.0905587783192827	0.05389257724024	1.68035716524734	0.0928878448819877	214	95	FALSE	""	0.000547017862118082	0	null_at1r_0624
pseudobulk	NB GLMM	primary	null_at1r_0625_z	0.114573674357579	0.0548538418115623	2.08870829414593	0.0367339897863329	214	95	FALSE	Model failed to converge with max|grad| = 0.00913982 (tol = 0.002, component 1)	0.000388528178518754	1	null_at1r_0625
pseudobulk	NB GLMM	primary	null_at1r_0626_z	0.0882738663064241	0.0539578301915346	1.63597880035349	0.10184402432521	214	95	FALSE	""	0.000367448365068412	0	null_at1r_0626
pseudobulk	NB GLMM	primary	null_at1r_0627_z	0.0551485390952093	0.0553089135257419	0.997100387255701	0.318715785083531	214	95	FALSE	""	8.08961431175703e-05	0	null_at1r_0627
pseudobulk	NB GLMM	primary	null_at1r_0628_z	0.0988921928623324	0.0546742903370337	1.80875128424571	0.0704896516936887	214	95	FALSE	""	0.000160573563334765	0	null_at1r_0628
pseudobulk	NB GLMM	primary	null_at1r_0629_z	0.0750256672536967	0.0563718662020364	1.33090621809122	0.183219870983197	214	95	FALSE	""	0.000331438059220091	0	null_at1r_0629
pseudobulk	NB GLMM	primary	null_at1r_0630_z	0.101285901844018	0.0550134050040268	1.8411131220946	0.0656049831032943	214	95	FALSE	""	0.000143196530189016	0	null_at1r_0630
pseudobulk	NB GLMM	primary	null_at1r_0631_z	0.0839426058696332	0.0549743596139215	1.52694104049874	0.126775673090495	214	95	FALSE	Model failed to converge with max|grad| = 0.00395495 (tol = 0.002, component 1)	0.00029717512006755	1	null_at1r_0631
pseudobulk	NB GLMM	primary	null_at1r_0632_z	0.110583608746786	0.0552104874844239	2.00294570443675	0.0451831166358918	214	95	FALSE	""	0.000280026597465621	0	null_at1r_0632
pseudobulk	NB GLMM	primary	null_at1r_0633_z	0.0735327235917308	0.0542706544360444	1.35492605268628	0.175441118177556	214	95	FALSE	""	0.000277290155281662	0	null_at1r_0633
pseudobulk	NB GLMM	primary	null_at1r_0634_z	0.0701557328772423	0.0532290899300382	1.31799609892733	0.187504953822476	214	95	FALSE	""	0.000319605533150025	0	null_at1r_0634
pseudobulk	NB GLMM	primary	null_at1r_0635_z	0.0836558308725191	0.0552253976978418	1.51480721479328	0.129821232844447	214	95	FALSE	""	0.000769235839470639	0	null_at1r_0635
pseudobulk	NB GLMM	primary	null_at1r_0636_z	0.101857548846715	0.0557286411377483	1.82774147668426	0.0675883601279209	214	95	FALSE	""	0.000282333303402993	0	null_at1r_0636
pseudobulk	NB GLMM	primary	null_at1r_0637_z	0.0585068712852598	0.0557905228039886	1.04868834964703	0.294321578021472	214	95	FALSE	""	0.000236119603869156	0	null_at1r_0637
pseudobulk	NB GLMM	primary	null_at1r_0638_z	0.0622016154987707	0.0557727161197863	1.11526961256785	0.264734903095098	214	95	FALSE	""	0.000310611767417868	0	null_at1r_0638
pseudobulk	NB GLMM	primary	null_at1r_0639_z	0.123709051635509	0.0544879441947075	2.27039308353141	0.0231837437637602	214	95	FALSE	""	0.000666724417897058	0	null_at1r_0639
pseudobulk	NB GLMM	primary	null_at1r_0640_z	0.0695415407285201	0.0560013178222397	1.24178400496324	0.214316265764294	214	95	FALSE	""	0.000233275159189361	0	null_at1r_0640
pseudobulk	NB GLMM	primary	null_at1r_0641_z	0.0804610135187699	0.0538859940490784	1.49317118369362	0.135392383073819	214	95	FALSE	""	0.000333169509758591	0	null_at1r_0641
pseudobulk	NB GLMM	primary	null_at1r_0642_z	0.0618214118646155	0.0548545185322821	1.12700673561164	0.259739633178508	214	95	FALSE	""	0.000416680450143758	0	null_at1r_0642
pseudobulk	NB GLMM	primary	null_at1r_0643_z	0.0776214286132557	0.0522209233540368	1.48640475173167	0.137172093716321	214	95	FALSE	""	0.000191186018128064	0	null_at1r_0643
pseudobulk	NB GLMM	primary	null_at1r_0644_z	0.0966500486903961	0.0544329263835331	1.77558061106989	0.0758020680948499	214	95	FALSE	""	0.00040880195228965	0	null_at1r_0644
pseudobulk	NB GLMM	primary	null_at1r_0645_z	0.0716284973865745	0.0559890209985773	1.27933112794372	0.200780475485277	214	95	FALSE	""	0.000331247065332718	0	null_at1r_0645
pseudobulk	NB GLMM	primary	null_at1r_0646_z	0.0677697146447411	0.0546955479030867	1.23903530073088	0.215332425315973	214	95	FALSE	""	0.000191070057553588	0	null_at1r_0646
pseudobulk	NB GLMM	primary	null_at1r_0647_z	0.0694318048086371	0.0547773648008415	1.26752729089973	0.204966811668908	214	95	FALSE	""	0.000380980509362416	0	null_at1r_0647
pseudobulk	NB GLMM	primary	null_at1r_0648_z	0.083861707535481	0.0549491564457205	1.52616915272068	0.126967743615659	214	95	FALSE	""	0.000591928710491629	0	null_at1r_0648
pseudobulk	NB GLMM	primary	null_at1r_0649_z	0.100600074092961	0.0532917625634344	1.88772277841654	0.0590631767464312	214	95	FALSE	""	0.000405710807172	0	null_at1r_0649
pseudobulk	NB GLMM	primary	null_at1r_0650_z	0.115169204094765	0.0548884273963382	2.09824200761213	0.0358837725103904	214	95	FALSE	""	0.000436706386608421	0	null_at1r_0650
pseudobulk	NB GLMM	primary	null_at1r_0651_z	0.0878205779514832	0.0554028246889873	1.58512816710119	0.112937217056804	214	95	FALSE	""	0.00048467541091668	0	null_at1r_0651
pseudobulk	NB GLMM	primary	null_at1r_0652_z	0.0904539838408768	0.0559536914989212	1.61658652749695	0.105967561976055	214	95	FALSE	""	0.000227013288167655	0	null_at1r_0652
pseudobulk	NB GLMM	primary	null_at1r_0653_z	0.062488823880176	0.0541782502435222	1.15339317160113	0.2487490429389	214	95	FALSE	""	0.000396283894588123	0	null_at1r_0653
pseudobulk	NB GLMM	primary	null_at1r_0654_z	0.0924043427373911	0.0557723324978097	1.65681330866017	0.0975572254711722	214	95	FALSE	""	0.000352895312971668	0	null_at1r_0654
pseudobulk	NB GLMM	primary	null_at1r_0655_z	0.0778226270365505	0.0548979478912268	1.41758717813544	0.156311325730084	214	95	FALSE	""	0.000458460363006452	0	null_at1r_0655
pseudobulk	NB GLMM	primary	null_at1r_0656_z	0.0939120126535652	0.0555283049773594	1.69124580143147	0.0907898666812097	214	95	FALSE	""	0.000347931745636743	0	null_at1r_0656
pseudobulk	NB GLMM	primary	null_at1r_0657_z	0.0814493508782949	0.0550866901551265	1.47856679442766	0.139256132912913	214	95	FALSE	""	0.000244787088377052	0	null_at1r_0657
pseudobulk	NB GLMM	primary	null_at1r_0658_z	0.0939027859253278	0.053473702629806	1.75605543112302	0.0790789442013546	214	95	FALSE	""	0.000251309302257141	0	null_at1r_0658
pseudobulk	NB GLMM	primary	null_at1r_0659_z	0.0659893912350011	0.0544681917999807	1.21152160654293	0.225695558945329	214	95	FALSE	""	0.000500419901072746	0	null_at1r_0659
pseudobulk	NB GLMM	primary	null_at1r_0660_z	0.0627853849448769	0.0541633651706305	1.1591854521425	0.246380600069677	214	95	FALSE	""	0.000213323119169218	0	null_at1r_0660
pseudobulk	NB GLMM	primary	null_at1r_0661_z	0.0630057378285501	0.0550405904047862	1.14471406220728	0.252327624337383	214	95	FALSE	Model failed to converge with max|grad| = 0.00212312 (tol = 0.002, component 1)	0.000383499809686327	1	null_at1r_0661
pseudobulk	NB GLMM	primary	null_at1r_0662_z	0.0827247414193888	0.0535428903282815	1.54501822580342	0.122341854929081	214	95	FALSE	""	0.000385617795473081	0	null_at1r_0662
pseudobulk	NB GLMM	primary	null_at1r_0663_z	0.0711695997746545	0.0559084198871606	1.2729674692702	0.203029585675211	214	95	FALSE	""	0.000268963731286931	0	null_at1r_0663
pseudobulk	NB GLMM	primary	null_at1r_0664_z	0.0789681147267323	0.0548240495836449	1.44039185952966	0.14975656547402	214	95	FALSE	""	0.000381645577363088	0	null_at1r_0664
pseudobulk	NB GLMM	primary	null_at1r_0665_z	0.0825083552169419	0.0563416902831155	1.46442811357522	0.143077011294351	214	95	FALSE	""	0.000499668431075406	0	null_at1r_0665
pseudobulk	NB GLMM	primary	null_at1r_0666_z	0.0749488796176304	0.0522571357171769	1.43423244670861	0.151505940631356	214	95	FALSE	""	0.00063580500864191	0	null_at1r_0666
pseudobulk	NB GLMM	primary	null_at1r_0667_z	0.0857676192702192	0.0555151980919092	1.54493944393795	0.122360911494516	214	95	FALSE	""	0.000282020664599258	0	null_at1r_0667
pseudobulk	NB GLMM	primary	null_at1r_0668_z	0.0743741057744773	0.0555218517787157	1.33954656395284	0.180392806361792	214	95	FALSE	""	0.000464377762909862	0	null_at1r_0668
pseudobulk	NB GLMM	primary	null_at1r_0669_z	0.118386750676384	0.0549262251450707	2.15537751527075	0.0311323044045833	214	95	FALSE	""	0.000191165554497275	0	null_at1r_0669
pseudobulk	NB GLMM	primary	null_at1r_0670_z	0.073255243003552	0.0550051012973794	1.33178998448717	0.182929210006685	214	95	FALSE	""	0.000160838453666656	0	null_at1r_0670
pseudobulk	NB GLMM	primary	null_at1r_0671_z	0.0854916855020585	0.0548192909448861	1.55951826498467	0.11887376498473	214	95	FALSE	""	0.000220442188947345	0	null_at1r_0671
pseudobulk	NB GLMM	primary	null_at1r_0672_z	0.0750939688621319	0.0551890927998019	1.36066684651865	0.173618996269337	214	95	FALSE	""	0.000391883077099919	0	null_at1r_0672
pseudobulk	NB GLMM	primary	null_at1r_0673_z	0.102344090608638	0.0554608672171091	1.84533880813652	0.0649882685038088	214	95	FALSE	""	0.000368330574929132	0	null_at1r_0673
pseudobulk	NB GLMM	primary	null_at1r_0674_z	0.063263629324382	0.0557320633827911	1.13513883184014	0.256317153553262	214	95	FALSE	""	0.000224608811549842	0	null_at1r_0674
pseudobulk	NB GLMM	primary	null_at1r_0675_z	0.0835903064926119	0.0558887189002681	1.49565615633052	0.13474328112961	214	95	FALSE	""	0.000597618736719596	0	null_at1r_0675
pseudobulk	NB GLMM	primary	null_at1r_0676_z	0.0936674804615948	0.0544393094446324	1.7205853898066	0.085326086518468	214	95	FALSE	""	0.000278669176623225	0	null_at1r_0676
pseudobulk	NB GLMM	primary	null_at1r_0677_z	0.0836460893311693	0.0543200255455771	1.53987573626942	0.123590646236813	214	95	FALSE	""	0.000409570475312648	0	null_at1r_0677
pseudobulk	NB GLMM	primary	null_at1r_0678_z	0.0693904076668078	0.0549700676129962	1.26233076799786	0.206829789751438	214	95	FALSE	""	0.000294490973828943	0	null_at1r_0678
pseudobulk	NB GLMM	primary	null_at1r_0679_z	0.0952843775821335	0.0545128684257409	1.74792448707653	0.08047710404598	214	95	FALSE	""	0.000197486542674596	0	null_at1r_0679
pseudobulk	NB GLMM	primary	null_at1r_0680_z	0.0652301783306444	0.0561813842175182	1.1610639224924	0.245615905014163	214	95	FALSE	""	0.000410503844250343	0	null_at1r_0680
pseudobulk	NB GLMM	primary	null_at1r_0681_z	0.0898773248739036	0.0553692173020959	1.62323632612559	0.104538895182492	214	95	FALSE	""	0.00012644704838749	0	null_at1r_0681
pseudobulk	NB GLMM	primary	null_at1r_0682_z	0.0593127017815117	0.0543811891492277	1.09068416320856	0.275411881490556	214	95	FALSE	""	0.000308901917378535	0	null_at1r_0682
pseudobulk	NB GLMM	primary	null_at1r_0683_z	0.0595432742668242	0.0560470645366072	1.0623798901713	0.288063259376853	214	95	FALSE	""	0.000370375801139744	0	null_at1r_0683
pseudobulk	NB GLMM	primary	null_at1r_0684_z	0.065367655955225	0.0561703433803968	1.16373965372692	0.244529534327574	214	95	FALSE	""	0.000250158791459398	0	null_at1r_0684
pseudobulk	NB GLMM	primary	null_at1r_0685_z	0.0899201030221631	0.0564845288092353	1.59194216394811	0.111397700466024	214	95	FALSE	""	0.000309765937345219	0	null_at1r_0685
pseudobulk	NB GLMM	primary	null_at1r_0686_z	0.0524435896999748	0.0538843354529875	0.973262252547039	0.330422977987382	214	95	FALSE	""	0.000132340574054979	0	null_at1r_0686
pseudobulk	NB GLMM	primary	null_at1r_0687_z	0.0721053936643551	0.0535482103918297	1.34655095168889	0.178124900042384	214	95	FALSE	""	0.000104571427073097	0	null_at1r_0687
pseudobulk	NB GLMM	primary	null_at1r_0688_z	0.0994918823231312	0.0546211297214862	1.82149074598862	0.0685322921090017	214	95	FALSE	""	0.000268194071395556	0	null_at1r_0688
pseudobulk	NB GLMM	primary	null_at1r_0689_z	0.0754126661049194	0.0546390137029472	1.38019815868037	0.167525640793157	214	95	FALSE	""	0.000361271759174997	0	null_at1r_0689
pseudobulk	NB GLMM	primary	null_at1r_0690_z	0.0695201710248056	0.0555370254353241	1.25178060005691	0.210649821065927	214	95	FALSE	""	0.000413576799473958	0	null_at1r_0690
pseudobulk	NB GLMM	primary	null_at1r_0691_z	0.074470789552062	0.0560739450969124	1.32808186446226	0.18415106393971	214	95	FALSE	""	0.000398891870645457	0	null_at1r_0691
pseudobulk	NB GLMM	primary	null_at1r_0692_z	0.0976558229339401	0.055803380034241	1.74999834909675	0.0801185985990587	214	95	FALSE	""	0.000703930709278211	0	null_at1r_0692
pseudobulk	NB GLMM	primary	null_at1r_0693_z	0.0683710546434098	0.0553642766857948	1.23493087485693	0.216856231559916	214	95	FALSE	""	0.000516952241014224	0	null_at1r_0693
pseudobulk	NB GLMM	primary	null_at1r_0694_z	0.110810612582231	0.0541619019427727	2.04591435321663	0.0407647979194782	214	95	FALSE	""	0.000396778432332212	0	null_at1r_0694
pseudobulk	NB GLMM	primary	null_at1r_0695_z	0.109192958027996	0.0548932765981569	1.98918637754742	0.046680634950782	214	95	FALSE	""	0.000611397581451456	0	null_at1r_0695
pseudobulk	NB GLMM	primary	null_at1r_0696_z	0.0748462526793497	0.0543457113638398	1.37722463835758	0.168442806574722	214	95	FALSE	""	0.000488762452732772	0	null_at1r_0696
pseudobulk	NB GLMM	primary	null_at1r_0697_z	0.0658623211030122	0.0552814909400413	1.19139914613459	0.233496927984206	214	95	FALSE	""	0.00015232217265293	0	null_at1r_0697
pseudobulk	NB GLMM	primary	null_at1r_0698_z	0.100339760727563	0.0554255209463189	1.81035304701502	0.0702410556155859	214	95	FALSE	""	0.000437706830780371	0	null_at1r_0698
pseudobulk	NB GLMM	primary	null_at1r_0699_z	0.0753898743552233	0.0563920106378517	1.33688927744349	0.181258781370838	214	95	FALSE	""	0.000388821490560076	0	null_at1r_0699
pseudobulk	NB GLMM	primary	null_at1r_0700_z	0.100667352289162	0.0544624016195897	1.84838254090052	0.0645470225993544	214	95	FALSE	""	0.000421543973061489	0	null_at1r_0700
pseudobulk	NB GLMM	primary	null_at1r_0701_z	0.0797876301667002	0.0535225091016195	1.49073037691886	0.13603229739566	214	95	FALSE	""	0.000332971694660955	0	null_at1r_0701
pseudobulk	NB GLMM	primary	null_at1r_0702_z	0.0652714804148241	0.0564272919830429	1.1567360070095	0.247380233866279	214	95	FALSE	""	0.000613144948147237	0	null_at1r_0702
pseudobulk	NB GLMM	primary	null_at1r_0703_z	0.0881505570964994	0.056140966906381	1.57016456883432	0.116376830097264	214	95	FALSE	""	0.000475586148240836	0	null_at1r_0703
pseudobulk	NB GLMM	primary	null_at1r_0704_z	0.0712662085483971	0.0534109242190567	1.33430023146781	0.182105481785076	214	95	FALSE	""	8.79515482665738e-05	0	null_at1r_0704
pseudobulk	NB GLMM	primary	null_at1r_0705_z	0.0782688704393669	0.0535315056630037	1.46210851852537	0.143711474770791	214	95	FALSE	""	0.000497258270115708	0	null_at1r_0705
pseudobulk	NB GLMM	primary	null_at1r_0706_z	0.0827440159022174	0.0543744928643071	1.52174322082796	0.128073433368165	214	95	FALSE	""	0.000478066795039922	0	null_at1r_0706
pseudobulk	NB GLMM	primary	null_at1r_0707_z	0.069859123338848	0.0554566234370249	1.25970747963367	0.207774906167849	214	95	FALSE	""	0.000194607991943485	0	null_at1r_0707
pseudobulk	NB GLMM	primary	null_at1r_0708_z	0.0604800623199914	0.0551602146751652	1.09644356310349	0.272884708605876	214	95	FALSE	""	0.000479129766972619	0	null_at1r_0708
pseudobulk	NB GLMM	primary	null_at1r_0709_z	0.0818996482499638	0.0534660646075877	1.53180618119294	0.125570270294023	214	95	FALSE	""	0.000360072363037034	0	null_at1r_0709
pseudobulk	NB GLMM	primary	null_at1r_0710_z	0.066155765406876	0.055264931505671	1.19706590788206	0.231280866780441	214	95	FALSE	""	0.000264985828835052	0	null_at1r_0710
pseudobulk	NB GLMM	primary	null_at1r_0711_z	0.0768759895389446	0.056158779219975	1.36890421420701	0.171029218284517	214	95	FALSE	""	0.00045302158468985	0	null_at1r_0711
pseudobulk	NB GLMM	primary	null_at1r_0712_z	0.0633313415574164	0.0565273694184873	1.12036597862104	0.262557836542713	214	95	FALSE	""	0.000306682750306209	0	null_at1r_0712
pseudobulk	NB GLMM	primary	null_at1r_0713_z	0.0821624952236172	0.0544830972813058	1.50803642457032	0.131545204871602	214	95	FALSE	""	0.000311149506160291	0	null_at1r_0713
pseudobulk	NB GLMM	primary	null_at1r_0714_z	0.114250465449351	0.0548196168715627	2.08411645263828	0.0371495758475821	214	95	FALSE	""	0.000696200004313141	0	null_at1r_0714
pseudobulk	NB GLMM	primary	null_at1r_0715_z	0.0538066617439092	0.0550394500563162	0.977601732736325	0.328271340031513	214	95	FALSE	""	0.000445099885837408	0	null_at1r_0715
pseudobulk	NB GLMM	primary	null_at1r_0716_z	0.0716738021241111	0.0543464938454365	1.31883028789224	0.187225856109057	214	95	FALSE	""	0.000145751073432621	0	null_at1r_0716
pseudobulk	NB GLMM	primary	null_at1r_0717_z	0.112568638882545	0.0554169634644274	2.03130290519804	0.0422242768592948	214	95	FALSE	""	0.00041566295294615	0	null_at1r_0717
pseudobulk	NB GLMM	primary	null_at1r_0718_z	0.0692242409329336	0.0557783842811936	1.24105855386481	0.214584118926686	214	95	FALSE	""	0.000371694568457315	0	null_at1r_0718
pseudobulk	NB GLMM	primary	null_at1r_0719_z	0.0752174625264685	0.0558700378459198	1.34629338777084	0.178207917443245	214	95	FALSE	""	0.000379822040486033	0	null_at1r_0719
pseudobulk	NB GLMM	primary	null_at1r_0720_z	0.0863480671387778	0.0546712517507192	1.57940534327791	0.114243112561353	214	95	FALSE	""	0.000531579189555487	0	null_at1r_0720
pseudobulk	NB GLMM	primary	null_at1r_0721_z	0.114917522668354	0.055051920612809	2.08743893744583	0.0368484753434372	214	95	FALSE	""	0.000247946445597336	0	null_at1r_0721
pseudobulk	NB GLMM	primary	null_at1r_0722_z	0.0613560278060441	0.0566559086010623	1.08295902971175	0.278826608702221	214	95	FALSE	""	0.000443678800365888	0	null_at1r_0722
pseudobulk	NB GLMM	primary	null_at1r_0723_z	0.0843996033063265	0.0544207388489207	1.55087205891547	0.120932347590063	214	95	FALSE	""	0.00027356236387277	0	null_at1r_0723
pseudobulk	NB GLMM	primary	null_at1r_0724_z	0.0763166846454974	0.0552846310671601	1.38043219557326	0.167453612974103	214	95	FALSE	""	0.000513864506501705	0	null_at1r_0724
pseudobulk	NB GLMM	primary	null_at1r_0725_z	0.120420588206114	0.0545861950134877	2.20606305635261	0.0273795849638343	214	95	FALSE	""	0.000481059032608755	0	null_at1r_0725
pseudobulk	NB GLMM	primary	null_at1r_0726_z	0.0665713415550859	0.055120639531995	1.20773891813146	0.227147703133376	214	95	FALSE	""	0.000287504917650949	0	null_at1r_0726
pseudobulk	NB GLMM	primary	null_at1r_0727_z	0.101621499539071	0.0552002125644088	1.84096210536322	0.0656271121159302	214	95	FALSE	""	0.000225812755161314	0	null_at1r_0727
pseudobulk	NB GLMM	primary	null_at1r_0728_z	0.0697130877510037	0.0553721491976991	1.25899190768453	0.208033254806721	214	95	FALSE	""	0.000581766244067694	0	null_at1r_0728
pseudobulk	NB GLMM	primary	null_at1r_0729_z	0.0595590059365811	0.0543220618834585	1.09640547268544	0.2729013700621	214	95	FALSE	""	0.000592560809309362	0	null_at1r_0729
pseudobulk	NB GLMM	primary	null_at1r_0730_z	0.0826365127385234	0.0543862451535016	1.51943772741228	0.128652351596632	214	95	FALSE	""	0.000376226125808898	0	null_at1r_0730
pseudobulk	NB GLMM	primary	null_at1r_0731_z	0.062330039806932	0.0553651900376184	1.12579835388592	0.260250881101115	214	95	FALSE	""	0.000395694996768725	0	null_at1r_0731
pseudobulk	NB GLMM	primary	null_at1r_0732_z	0.091853866696126	0.0538345472146231	1.70622530417003	0.0879661391814306	214	95	FALSE	""	0.000274516196441255	0	null_at1r_0732
pseudobulk	NB GLMM	primary	null_at1r_0733_z	0.0986075980937487	0.0544486609856527	1.81101970753205	0.0701378010904857	214	95	FALSE	""	0.000557308794668643	0	null_at1r_0733
pseudobulk	NB GLMM	primary	null_at1r_0734_z	0.0984119445674174	0.0557428785574189	1.76546219201878	0.0774861190414911	214	95	FALSE	""	0.000123669678941951	0	null_at1r_0734
pseudobulk	NB GLMM	primary	null_at1r_0735_z	0.0855301593538557	0.0552523741321539	1.54799066460534	0.121624544142741	214	95	FALSE	""	0.000566045628147549	0	null_at1r_0735
pseudobulk	NB GLMM	primary	null_at1r_0736_z	0.0987893205134536	0.0559932319495007	1.76430824001283	0.0776800974213339	214	95	FALSE	""	0.000317272679239977	0	null_at1r_0736
pseudobulk	NB GLMM	primary	null_at1r_0737_z	0.120845698239285	0.0549908691215139	2.19755934339301	0.0279805231798849	214	95	FALSE	""	0.000316475734507549	0	null_at1r_0737
pseudobulk	NB GLMM	primary	null_at1r_0738_z	0.0658425142970212	0.0552813232591842	1.19104446882216	0.233636128067918	214	95	FALSE	""	0.000316131263389252	0	null_at1r_0738
pseudobulk	NB GLMM	primary	null_at1r_0739_z	0.0732053172952379	0.0520399140784376	1.40671479943066	0.159511975510819	214	95	FALSE	""	0.000356751570507186	0	null_at1r_0739
pseudobulk	NB GLMM	primary	null_at1r_0740_z	0.0596692291791504	0.0560138619342022	1.06525826141469	0.286759075095609	214	95	FALSE	""	0.000605758714300464	0	null_at1r_0740
pseudobulk	NB GLMM	primary	null_at1r_0741_z	0.090667855909492	0.0550375635894762	1.64738135186691	0.0994796859132058	214	95	FALSE	Model failed to converge with max|grad| = 0.00258733 (tol = 0.002, component 1)	0.000371911710317363	1	null_at1r_0741
pseudobulk	NB GLMM	primary	null_at1r_0742_z	0.0564640314981216	0.0560032849094685	1.0082271350582	0.313345433987234	214	95	FALSE	""	0.000308659764414188	0	null_at1r_0742
pseudobulk	NB GLMM	primary	null_at1r_0743_z	0.0825304612969103	0.0553304755539794	1.49159139643387	0.135806295031553	214	95	FALSE	""	0.000542736415809486	0	null_at1r_0743
pseudobulk	NB GLMM	primary	null_at1r_0744_z	0.0683240476065564	0.054782529305231	1.24718680340362	0.212329010538375	214	95	FALSE	""	0.000122786332212854	0	null_at1r_0744
pseudobulk	NB GLMM	primary	null_at1r_0745_z	0.0762313232327865	0.0528321931187016	1.44289530176255	0.149049966856002	214	95	FALSE	""	0.000123786776384804	0	null_at1r_0745
pseudobulk	NB GLMM	primary	null_at1r_0746_z	0.101439011472391	0.0554766736826159	1.82849844337689	0.0674747790798008	214	95	FALSE	""	0.000559202817385085	0	null_at1r_0746
pseudobulk	NB GLMM	primary	null_at1r_0747_z	0.0891307048765772	0.0559113243082979	1.59414404826303	0.110903775029004	214	95	FALSE	""	0.000110954943011166	0	null_at1r_0747
pseudobulk	NB GLMM	primary	null_at1r_0748_z	0.0676525981356443	0.0555767878118084	1.21728154503507	0.223497113474955	214	95	FALSE	Model failed to converge with max|grad| = 0.00254816 (tol = 0.002, component 1)	0.000344157342624385	1	null_at1r_0748
pseudobulk	NB GLMM	primary	null_at1r_0749_z	0.0969059857607537	0.0555080648713426	1.74580011004462	0.0808456918528012	214	95	FALSE	""	0.000462474645246402	0	null_at1r_0749
pseudobulk	NB GLMM	primary	null_at1r_0750_z	0.0813712411286185	0.0559482260838795	1.454402522193	0.145834741098385	214	95	FALSE	""	0.000345943362844992	0	null_at1r_0750
pseudobulk	NB GLMM	primary	null_at1r_0751_z	0.080931162200777	0.0547128946519573	1.47919722974997	0.139087609745446	214	95	FALSE	""	0.000401754505219287	0	null_at1r_0751
pseudobulk	NB GLMM	primary	null_at1r_0752_z	0.0853486400110768	0.0545058159117171	1.56586299247984	0.117380695261196	214	95	FALSE	""	0.000371569512935821	0	null_at1r_0752
pseudobulk	NB GLMM	primary	null_at1r_0753_z	0.0933111485321263	0.0530392146115492	1.7592860153666	0.0785289406965893	214	95	FALSE	""	0.000456802808912471	0	null_at1r_0753
pseudobulk	NB GLMM	primary	null_at1r_0754_z	0.0665285110490412	0.0549865317524357	1.20990557012344	0.226315129619523	214	95	FALSE	""	0.000242175701714586	0	null_at1r_0754
pseudobulk	NB GLMM	primary	null_at1r_0755_z	0.0714835073868212	0.0558852891302476	1.27911134574646	0.200857848819776	214	95	FALSE	""	0.000217121396417497	0	null_at1r_0755
pseudobulk	NB GLMM	primary	null_at1r_0756_z	0.0851510656421948	0.0552334435694553	1.54165773740177	0.123156787060048	214	95	FALSE	Model failed to converge with max|grad| = 0.00360282 (tol = 0.002, component 1)	0.000609925336902961	1	null_at1r_0756
pseudobulk	NB GLMM	primary	null_at1r_0757_z	0.0959145434285751	0.0535836700709271	1.78999578232726	0.0734545894340011	214	95	FALSE	""	0.000272743818641175	0	null_at1r_0757
pseudobulk	NB GLMM	primary	null_at1r_0758_z	0.0938559104412316	0.0555498209086824	1.68958079262794	0.0911081831250272	214	95	FALSE	""	0.000605755303695332	0	null_at1r_0758
pseudobulk	NB GLMM	primary	null_at1r_0759_z	0.112284442383955	0.0550800826846641	2.03856706292162	0.041493255271146	214	95	FALSE	""	0.000363268100045389	0	null_at1r_0759
pseudobulk	NB GLMM	primary	null_at1r_0760_z	0.0783036941717857	0.0524519769797846	1.49286449587905	0.135472660451343	214	95	FALSE	""	0.000726772668713238	0	null_at1r_0760
pseudobulk	NB GLMM	primary	null_at1r_0761_z	0.0755814376312216	0.0549592522161719	1.37522681957055	0.169061136036707	214	95	FALSE	""	0.000278065499514923	0	null_at1r_0761
pseudobulk	NB GLMM	primary	null_at1r_0762_z	0.10057285464169	0.0560590562002461	1.79405187062797	0.072804890042493	214	95	FALSE	""	0.000336777929987875	0	null_at1r_0762
pseudobulk	NB GLMM	primary	null_at1r_0763_z	0.0921118891515667	0.0559512683090983	1.64628777747632	0.0997045246811837	214	95	FALSE	""	0.000239646169575281	0	null_at1r_0763
pseudobulk	NB GLMM	primary	null_at1r_0764_z	0.0844372294715655	0.0560172944211094	1.50734215824152	0.131722976691843	214	95	FALSE	""	0.000869947598403087	0	null_at1r_0764
pseudobulk	NB GLMM	primary	null_at1r_0765_z	0.0836724441388272	0.0559760569436029	1.49478989245579	0.1349692850412	214	95	FALSE	Model failed to converge with max|grad| = 0.00225446 (tol = 0.002, component 1)	0.000421504182668286	1	null_at1r_0765
pseudobulk	NB GLMM	primary	null_at1r_0766_z	0.106163050082899	0.0552470456770115	1.92160592085874	0.0546553630236165	214	95	FALSE	""	0.000180829147211625	0	null_at1r_0766
pseudobulk	NB GLMM	primary	null_at1r_0767_z	0.0637777541281198	0.055601628745948	1.14704830715535	0.25136165641326	214	95	FALSE	""	0.000319390665026731	0	null_at1r_0767
pseudobulk	NB GLMM	primary	null_at1r_0768_z	0.101639712515693	0.00424622164411163	23.9365066250464	1.27712710840142e-126	214	95	FALSE	Model failed to converge with max|grad| = 0.0162996 (tol = 0.002, component 1)	5.41477769274934	1	null_at1r_0768
pseudobulk	NB GLMM	primary	null_at1r_0769_z	0.0655371891938257	0.0565582930028046	1.15875472391955	0.246556177498513	214	95	FALSE	""	0.000264977870756411	0	null_at1r_0769
pseudobulk	NB GLMM	primary	null_at1r_0770_z	0.0865847041854739	0.0565870808627586	1.53011434527731	0.125988428022712	214	95	FALSE	""	0.000356640157406218	0	null_at1r_0770
pseudobulk	NB GLMM	primary	null_at1r_0771_z	0.0940710412631606	0.0548470264647759	1.71515298689119	0.0863171817372026	214	95	FALSE	""	0.000363937715519569	0	null_at1r_0771
pseudobulk	NB GLMM	primary	null_at1r_0772_z	0.0826546980672996	0.0549872205298834	1.50316195782946	0.132797284850119	214	95	FALSE	""	0.000468702410216793	0	null_at1r_0772
pseudobulk	NB GLMM	primary	null_at1r_0773_z	0.113897737894571	0.0548951129455419	2.07482472998211	0.0380027817301807	214	95	FALSE	""	0.000784476696935599	0	null_at1r_0773
pseudobulk	NB GLMM	primary	null_at1r_0774_z	0.0874967980767644	0.0544604537901319	1.60661162343489	0.108139591128737	214	95	FALSE	""	0.000294337496598018	0	null_at1r_0774
pseudobulk	NB GLMM	primary	null_at1r_0775_z	0.0979035898614187	0.0551370833289103	1.77563962310796	0.0757923347805813	214	95	FALSE	""	0.00021748746803496	0	null_at1r_0775
pseudobulk	NB GLMM	primary	null_at1r_0776_z	0.114885098453691	0.0539731800462375	2.12855900570009	0.0332907632229518	214	95	FALSE	""	0.000542283942195354	0	null_at1r_0776
pseudobulk	NB GLMM	primary	null_at1r_0777_z	0.0984554635579571	0.0540814863317549	1.82050217617905	0.0686825651552804	214	95	FALSE	""	0.000393407617593766	0	null_at1r_0777
pseudobulk	NB GLMM	primary	null_at1r_0778_z	0.125400335567985	0.054894281377309	2.28439707054477	0.0223482055851904	214	95	FALSE	""	0.000312825250148308	0	null_at1r_0778
pseudobulk	NB GLMM	primary	null_at1r_0779_z	0.0613823955833396	0.0536798980840265	1.1434894210726	0.252835444511947	214	95	FALSE	Model failed to converge with max|grad| = 0.00302939 (tol = 0.002, component 1)	0.00020894844965369	1	null_at1r_0779
pseudobulk	NB GLMM	primary	null_at1r_0780_z	0.0629260286284321	0.0539034119688293	1.16738488956544	0.243054970543249	214	95	FALSE	""	0.000261979948845692	0	null_at1r_0780
pseudobulk	NB GLMM	primary	null_at1r_0781_z	0.101940111188904	0.0546968451140135	1.86372926951113	0.0623597328719322	214	95	FALSE	""	0.000331888259097468	0	null_at1r_0781
pseudobulk	NB GLMM	primary	null_at1r_0782_z	0.108139663035481	0.0545765337661902	1.98143149762422	0.0475429044110652	214	95	FALSE	""	0.000190096898222691	0	null_at1r_0782
pseudobulk	NB GLMM	primary	null_at1r_0783_z	0.0630298225615555	0.05610568938333	1.12341231797221	0.261262420678992	214	95	FALSE	""	0.000497675500810146	0	null_at1r_0783
pseudobulk	NB GLMM	primary	null_at1r_0784_z	0.0889297037671081	0.0549747701717472	1.61764575803195	0.105738961821745	214	95	FALSE	""	0.000391951289202552	0	null_at1r_0784
pseudobulk	NB GLMM	primary	null_at1r_0785_z	0.0866873559590321	0.0554897746210374	1.56222216707593	0.118235660271684	214	95	FALSE	""	0.000316543946610182	0	null_at1r_0785
pseudobulk	NB GLMM	primary	null_at1r_0786_z	0.0796554144585002	0.0556742701244071	1.4307401656188	0.15250469720843	214	95	FALSE	""	0.000375827085008496	0	null_at1r_0786
pseudobulk	NB GLMM	primary	null_at1r_0787_z	0.0677120033328485	0.0562367329858259	1.2040529336922	0.228569119833013	214	95	FALSE	""	0.000694708433002234	0	null_at1r_0787
pseudobulk	NB GLMM	primary	null_at1r_0788_z	0.0898026311914708	0.0550755651008918	1.63053490285507	0.102988494718131	214	95	FALSE	""	0.000487269744553487	0	null_at1r_0788
pseudobulk	NB GLMM	primary	null_at1r_0789_z	0.0743496615323594	0.0562975803971485	1.32065465350133	0.186616540576213	214	95	FALSE	""	0.000449596200269298	0	null_at1r_0789
pseudobulk	NB GLMM	primary	null_at1r_0790_z	0.0795330648453988	0.0544349830373226	1.46106530043131	0.143997521757836	214	95	FALSE	""	0.000441029897046974	0	null_at1r_0790
pseudobulk	NB GLMM	primary	null_at1r_0791_z	0.0761676148362161	0.0549754286040198	1.38548469325888	0.165904309744217	214	95	FALSE	""	0.000381106701752287	0	null_at1r_0791
pseudobulk	NB GLMM	primary	null_at1r_0792_z	0.0660048067965373	0.0564136180478011	1.17001548705153	0.24199473648949	214	95	FALSE	""	0.000133143203129293	0	null_at1r_0792
pseudobulk	NB GLMM	primary	null_at1r_0793_z	0.095693743304305	0.0561093251149822	1.70548733402521	0.0881035725447996	214	95	FALSE	""	0.000525167251907988	0	null_at1r_0793
pseudobulk	NB GLMM	primary	null_at1r_0794_z	0.107363126212788	0.0548988138885314	1.9556547511351	0.0505058384663917	214	95	FALSE	""	0.000236242385653895	0	null_at1r_0794
pseudobulk	NB GLMM	primary	null_at1r_0795_z	0.083042553623008	0.055650211676542	1.49222349962799	0.135640563795943	214	95	FALSE	""	0.000352155211658101	0	null_at1r_0795
pseudobulk	NB GLMM	primary	null_at1r_0796_z	0.0507832531687829	0.0548872527767204	0.925228547607721	0.354847036909673	214	95	FALSE	""	0.00065572180574236	0	null_at1r_0796
pseudobulk	NB GLMM	primary	null_at1r_0797_z	0.0743593421929608	0.0559571207503362	1.32886290780989	0.183893203146668	214	95	FALSE	""	0.000424195150117157	0	null_at1r_0797
pseudobulk	NB GLMM	primary	null_at1r_0798_z	0.0901519492728434	0.0544613594702653	1.65533784227448	0.0978559868115887	214	95	FALSE	""	0.000339309735863935	0	null_at1r_0798
pseudobulk	NB GLMM	primary	null_at1r_0799_z	0.0912667976897861	0.0561362196340439	1.62580947354063	0.103990192420803	214	95	FALSE	""	0.000643296971247764	0	null_at1r_0799
pseudobulk	NB GLMM	primary	null_at1r_0800_z	0.0708363445807547	0.0556799829475673	1.27220485407583	0.203300343413003	214	95	FALSE	""	0.000268660187430214	0	null_at1r_0800
pseudobulk	NB GLMM	primary	null_at1r_0801_z	0.0983211310921809	0.0555408004823466	1.77025052282838	0.0766854162885892	214	95	FALSE	""	0.000335343202095828	0	null_at1r_0801
pseudobulk	NB GLMM	primary	null_at1r_0802_z	0.0978697241878877	0.0543948503783569	1.79924613280725	0.0719797548830316	214	95	FALSE	""	0.000370290536011453	0	null_at1r_0802
pseudobulk	NB GLMM	primary	null_at1r_0803_z	0.0896881003000419	0.0554046129820225	1.61878398697855	0.105493748673369	214	95	FALSE	""	0.000204421439775615	0	null_at1r_0803
pseudobulk	NB GLMM	primary	null_at1r_0804_z	0.0575630942441771	0.0558513096863995	1.03064896002241	0.302705467691399	214	95	FALSE	""	0.000217469278140925	0	null_at1r_0804
pseudobulk	NB GLMM	primary	null_at1r_0805_z	0.0596755557609018	0.0548170296242227	1.08863169292435	0.276316334944986	214	95	FALSE	""	0.000288978299067821	0	null_at1r_0805
pseudobulk	NB GLMM	primary	null_at1r_0806_z	0.0723012041012117	0.0554237935350842	1.30451561485851	0.192057839051366	214	95	FALSE	""	0.000695368953529396	0	null_at1r_0806
pseudobulk	NB GLMM	primary	null_at1r_0807_z	0.0977450309853551	0.0533637089280517	1.83167611376378	0.0669996894233153	214	95	FALSE	""	0.000426418864662992	0	null_at1r_0807
pseudobulk	NB GLMM	primary	null_at1r_0808_z	0.084975509854979	0.0561995560564086	1.51203169238005	0.130525800320784	214	95	FALSE	""	0.00031135414246819	0	null_at1r_0808
pseudobulk	NB GLMM	primary	null_at1r_0809_z	0.122460924721482	0.0539518012546717	2.26982087481052	0.0232184534807767	214	95	FALSE	""	0.000737816208129516	0	null_at1r_0809
pseudobulk	NB GLMM	primary	null_at1r_0810_z	0.113215511870439	0.0542617655019986	2.08646937347199	0.0369361266409165	214	95	FALSE	""	0.000726649886928499	0	null_at1r_0810
pseudobulk	NB GLMM	primary	null_at1r_0811_z	0.0646349092139663	0.0550702636922815	1.17368076490662	0.24052291758385	214	95	FALSE	""	0.000373959210264729	0	null_at1r_0811
pseudobulk	NB GLMM	primary	null_at1r_0812_z	0.0952747686730885	0.0558258255268903	1.70664325648344	0.0878883799693016	214	95	FALSE	""	0.000449784920419916	0	null_at1r_0812
pseudobulk	NB GLMM	primary	null_at1r_0813_z	0.062740785924281	0.0541290402039404	1.15909659007243	0.246416815674093	214	95	FALSE	""	0.00020165884961898	0	null_at1r_0813
pseudobulk	NB GLMM	primary	null_at1r_0814_z	0.119516048502024	0.0546819559902148	2.18565788911082	0.0288406439498025	214	95	FALSE	""	0.00033397441256966	0	null_at1r_0814
pseudobulk	NB GLMM	primary	null_at1r_0815_z	0.0865726336689776	0.0555480957242124	1.55851667892986	0.119110817344859	214	95	FALSE	""	0.000220993570110295	0	null_at1r_0815
pseudobulk	NB GLMM	primary	null_at1r_0816_z	0.0735771713502645	0.0557702501338101	1.31929068228545	0.187071951672047	214	95	FALSE	""	0.00072423176789016	0	null_at1r_0816
pseudobulk	NB GLMM	primary	null_at1r_0817_z	0.0699739210392006	0.0550799795238156	1.27040571990309	0.203940146835687	214	95	FALSE	""	0.00048118749873538	0	null_at1r_0817
pseudobulk	NB GLMM	primary	null_at1r_0818_z	0.049877670990669	0.0540398022122434	0.922980265449021	0.356017489588671	214	95	FALSE	""	0.000135377149490523	0	null_at1r_0818
pseudobulk	NB GLMM	primary	null_at1r_0819_z	0.103529595660819	0.0557611807399447	1.85666075013105	0.0633594349834214	214	95	FALSE	""	0.000397101302951342	0	null_at1r_0819
pseudobulk	NB GLMM	primary	null_at1r_0820_z	0.097757709749327	0.0551945868744772	1.77114668820053	0.0765363118625891	214	95	FALSE	""	0.000321776951750508	0	null_at1r_0820
pseudobulk	NB GLMM	primary	null_at1r_0821_z	0.0988178968063111	0.0529051154961449	1.86783255039887	0.0617854148229324	214	95	FALSE	""	0.000436517666457803	0	null_at1r_0821
pseudobulk	NB GLMM	primary	null_at1r_0822_z	0.10754713114172	0.0555236301922134	1.93696144811516	0.0527500560923134	214	95	FALSE	""	0.000142804310598876	0	null_at1r_0822
pseudobulk	NB GLMM	primary	null_at1r_0823_z	0.0610999304551466	0.0552141085856006	1.10659996186339	0.268466923804668	214	95	FALSE	""	0.000237221229326678	0	null_at1r_0823
pseudobulk	NB GLMM	primary	null_at1r_0824_z	0.071917887853767	0.0538805379640243	1.33476558644953	0.181953080034829	214	95	FALSE	""	0.000616324768998311	0	null_at1r_0824
pseudobulk	NB GLMM	primary	null_at1r_0825_z	0.0912342818702426	0.0555422825877144	1.64260951512322	0.100463750812243	214	95	FALSE	""	0.00046387640395551	0	null_at1r_0825
pseudobulk	NB GLMM	primary	null_at1r_0826_z	0.0880990734227975	0.0531773135736553	1.65670409996873	0.0975793136947812	214	95	FALSE	""	0.000242735040956177	0	null_at1r_0826
pseudobulk	NB GLMM	primary	null_at1r_0827_z	0.104656330597297	0.0551799857656676	1.89663569399493	0.0578760362507173	214	95	FALSE	""	0.000316995283355936	0	null_at1r_0827
pseudobulk	NB GLMM	primary	null_at1r_0828_z	0.0618401458859261	0.0560428734743653	1.10344352550396	0.269834603798216	214	95	FALSE	""	0.000615397084402503	0	null_at1r_0828
pseudobulk	NB GLMM	primary	null_at1r_0829_z	0.0992639645413332	0.0556084216279277	1.78505272466645	0.0742527651608081	214	95	FALSE	""	0.00034994627640117	0	null_at1r_0829
pseudobulk	NB GLMM	primary	null_at1r_0830_z	0.0604995591150343	0.0560110613590686	1.08013591685384	0.280081659893632	214	95	FALSE	""	0.000162806372827617	0	null_at1r_0830
pseudobulk	NB GLMM	primary	null_at1r_0831_z	0.0841262099864504	0.0531001697128138	1.58429267630287	0.113127131650755	214	95	FALSE	""	0.000354231133314897	0	null_at1r_0831
pseudobulk	NB GLMM	primary	null_at1r_0832_z	0.0908163768038072	0.0563325568895164	1.61214725228828	0.106929900360173	214	95	FALSE	""	0.000287060402115458	0	null_at1r_0832
pseudobulk	NB GLMM	primary	null_at1r_0833_z	0.105767038341652	0.0531415096194756	1.99029043583832	0.0465589509704016	214	95	FALSE	""	0.00028770045901183	0	null_at1r_0833
pseudobulk	NB GLMM	primary	null_at1r_0834_z	0.0675370960202932	0.0558263172783253	1.20977165095063	0.226366527161296	214	95	FALSE	""	0.000372825752492645	0	null_at1r_0834
pseudobulk	NB GLMM	primary	null_at1r_0835_z	0.0943279018416251	0.0552561050222929	1.70710370923844	0.0878027778212894	214	95	FALSE	""	0.000391913772546104	0	null_at1r_0835
pseudobulk	NB GLMM	primary	null_at1r_0836_z	0.0645192093096048	0.0559303348532039	1.15356379465532	0.248679048968298	214	95	FALSE	""	0.000342756720783655	0	null_at1r_0836
pseudobulk	NB GLMM	primary	null_at1r_0837_z	0.103185801423761	0.0553828783291787	1.86313540460025	0.0624432181676389	214	95	FALSE	""	0.000514835392095847	0	null_at1r_0837
pseudobulk	NB GLMM	primary	null_at1r_0838_z	0.0718057963963845	0.054142652235201	1.32623344871347	0.184762383131884	214	95	FALSE	""	0.000292985760097508	0	null_at1r_0838
pseudobulk	NB GLMM	primary	null_at1r_0839_z	0.0667530105718665	0.0548214919528716	1.21764308474589	0.223359634184406	214	95	FALSE	""	0.000265994231085642	0	null_at1r_0839
pseudobulk	NB GLMM	primary	null_at1r_0840_z	0.0941065330214225	0.0542850022322115	1.73356413653386	0.082995448407698	214	95	FALSE	""	0.000415508338846848	0	null_at1r_0840
pseudobulk	NB GLMM	primary	null_at1r_0841_z	0.10367139202015	0.0532436679042908	1.94711213747532	0.0515212921809083	214	95	FALSE	""	0.000369484496332007	0	null_at1r_0841
pseudobulk	NB GLMM	primary	null_at1r_0842_z	0.0724825922138225	0.0557728368811165	1.29960382629135	0.19373678760098	214	95	FALSE	""	0.000548862999494304	0	null_at1r_0842
pseudobulk	NB GLMM	primary	null_at1r_0843_z	0.0865041283150793	0.0561648428144357	1.54018286138327	0.123515786309339	214	95	FALSE	""	0.00011603333405219	0	null_at1r_0843
pseudobulk	NB GLMM	primary	null_at1r_0844_z	0.0546655425920615	0.0562967636671913	0.971024603034501	0.331536027107028	214	95	FALSE	""	0.000209731751965592	0	null_at1r_0844
pseudobulk	NB GLMM	primary	null_at1r_0845_z	0.100621736810234	0.0554932818586385	1.81322375322032	0.0697973176721129	214	95	FALSE	""	0.000428672137786634	0	null_at1r_0845
pseudobulk	NB GLMM	primary	null_at1r_0846_z	0.074955076421716	0.0523464686442801	1.4319032088119	0.152171523796321	214	95	FALSE	""	0.000329655449604616	0	null_at1r_0846
pseudobulk	NB GLMM	primary	null_at1r_0847_z	0.0777549728646798	0.0561235388269793	1.38542534005896	0.165922447067622	214	95	FALSE	""	0.000374459432350704	0	null_at1r_0847
pseudobulk	NB GLMM	primary	null_at1r_0848_z	0.0681763488574267	0.0523711027957126	1.30179326418553	0.192987067038846	214	95	FALSE	""	0.000138321638587513	0	null_at1r_0848
pseudobulk	NB GLMM	primary	null_at1r_0849_z	0.0887327928237645	0.0533619344653151	1.66284812784365	0.0963428399600311	214	95	FALSE	""	0.000501250951856491	0	null_at1r_0849
pseudobulk	NB GLMM	primary	null_at1r_0850_z	0.0794288710781817	0.0539009817955093	1.47360712982039	0.140587400570953	214	95	FALSE	""	0.00033129140319943	0	null_at1r_0850
pseudobulk	NB GLMM	primary	null_at1r_0851_z	0.0809632995913557	0.0559885044520716	1.4460700528385	0.148157554321655	214	95	FALSE	""	0.000276623950412613	0	null_at1r_0851
pseudobulk	NB GLMM	primary	null_at1r_0852_z	0.0869645075739009	0.0543494140128456	1.60010018789433	0.109576359330739	214	95	FALSE	""	0.000185526687346282	0	null_at1r_0852
pseudobulk	NB GLMM	primary	null_at1r_0853_z	0.0554312972156253	0.0553243314125518	1.00193343146392	0.316375744762696	214	95	FALSE	""	0.000352833922079299	0	null_at1r_0853
pseudobulk	NB GLMM	primary	null_at1r_0854_z	0.066046349469677	0.0545773045246756	1.21014311800276	0.226223980358654	214	95	FALSE	""	0.000417790033679921	0	null_at1r_0854
pseudobulk	NB GLMM	primary	null_at1r_0855_z	0.0914163098511558	0.0555541478977558	1.64553527163088	0.0998594750832379	214	95	FALSE	""	0.000503895307701896	0	null_at1r_0855
pseudobulk	NB GLMM	primary	null_at1r_0856_z	0.0640553721031943	0.0552492104832732	1.15938981829591	0.24629732510233	214	95	FALSE	""	0.000313632426696131	0	null_at1r_0856
pseudobulk	NB GLMM	primary	null_at1r_0857_z	0.111140849084799	0.0548882561545526	2.02485662455465	0.0428820886579757	214	95	FALSE	""	0.000357958924723789	0	null_at1r_0857
pseudobulk	NB GLMM	primary	null_at1r_0858_z	0.0795724542172749	0.0558932414026885	1.4236507352291	0.154547601339697	214	95	FALSE	""	0.00044870489546156	0	null_at1r_0858
pseudobulk	NB GLMM	primary	null_at1r_0859_z	0.0831784679901773	0.0542504081840835	1.5332321133499	0.12521867445993	214	95	FALSE	""	0.000241240059040138	0	null_at1r_0859
pseudobulk	NB GLMM	primary	null_at1r_0860_z	0.0731485852095217	0.0535334769254754	1.36640826283995	0.171810856759052	214	95	FALSE	""	0.00030280261853477	0	null_at1r_0860
pseudobulk	NB GLMM	primary	null_at1r_0861_z	0.110712710856835	0.055457704515408	1.99634499524002	0.0458963835505044	214	95	FALSE	""	0.000229036913879099	0	null_at1r_0861
pseudobulk	NB GLMM	primary	null_at1r_0862_z	0.104177261389284	0.0526834602843594	1.97741873496893	0.047994317984806	214	95	FALSE	""	0.000372232307199738	0	null_at1r_0862
pseudobulk	NB GLMM	primary	null_at1r_0863_z	0.0821918051638305	0.0557154210419234	1.47520746728244	0.140156774498864	214	95	FALSE	""	0.000141723148772144	0	null_at1r_0863
pseudobulk	NB GLMM	primary	null_at1r_0864_z	0.0634819212318775	0.0549269898608055	1.15575095946003	0.247783037458243	214	95	FALSE	""	0.000405336777475895	0	null_at1r_0864
pseudobulk	NB GLMM	primary	null_at1r_0865_z	0.0605546902716942	0.0563956115662705	1.07374826852505	0.282935521310937	214	95	FALSE	""	0.000214846522794687	0	null_at1r_0865
pseudobulk	NB GLMM	primary	null_at1r_0866_z	0.0503143590043262	0.0551136930341712	0.912919389617578	0.361284938998111	214	95	FALSE	""	0.000304745526591432	0	null_at1r_0866
pseudobulk	NB GLMM	primary	null_at1r_0867_z	0.109487168266373	0.00423685825624054	25.8415933799786	3.02456068511074e-147	214	95	FALSE	Model failed to converge with max|grad| = 0.0164372 (tol = 0.002, component 1)	5.47287674066865	1	null_at1r_0867
pseudobulk	NB GLMM	primary	null_at1r_0868_z	0.103737543539878	0.0533970277282582	1.94275876304963	0.0520453124920862	214	95	FALSE	""	0.000457811211163062	0	null_at1r_0868
pseudobulk	NB GLMM	primary	null_at1r_0869_z	0.0595802664288854	0.0553285022237292	1.07684582148932	0.281549150679679	214	95	FALSE	""	0.000273089426627848	0	null_at1r_0869
pseudobulk	NB GLMM	primary	null_at1r_0870_z	0.0526567536653352	0.0551071974795345	0.955533144012463	0.339308152563835	214	95	FALSE	""	0.000511116695633973	0	null_at1r_0870
pseudobulk	NB GLMM	primary	null_at1r_0871_z	0.0656446030342288	0.0544382809652747	1.20585370937966	0.227873901987373	214	95	FALSE	""	0.000249963250098517	0	null_at1r_0871
pseudobulk	NB GLMM	primary	null_at1r_0872_z	0.0900471871530719	0.0556396144618196	1.61840063099041	0.105576286125567	214	95	FALSE	""	0.000436793925473467	0	null_at1r_0872
pseudobulk	NB GLMM	primary	null_at1r_0873_z	0.0645877793785244	0.0549915530753707	1.17450364222304	0.240193353926978	214	95	FALSE	""	0.000175638206201256	0	null_at1r_0873
pseudobulk	NB GLMM	primary	null_at1r_0874_z	0.0859420685741421	0.0564892295678824	1.52138857675279	0.128162353799813	214	95	FALSE	""	0.000387499312637374	0	null_at1r_0874
pseudobulk	NB GLMM	primary	null_at1r_0875_z	0.0736468421673166	0.0545489152222863	1.35010644789555	0.17698184039279	214	95	FALSE	""	0.000173776015799376	0	null_at1r_0875
pseudobulk	NB GLMM	primary	null_at1r_0876_z	0.0775884120780278	0.0548992221198774	1.41328800449315	0.157571059570278	214	95	FALSE	""	0.000469385668111499	0	null_at1r_0876
pseudobulk	NB GLMM	primary	null_at1r_0877_z	0.104383191449534	0.0563441627879344	1.85259991957653	0.0639397240011785	214	95	FALSE	""	0.00035467905945552	0	null_at1r_0877
pseudobulk	NB GLMM	primary	null_at1r_0878_z	0.0846699633279883	0.0550309152074003	1.53858904597324	0.123904654437813	214	95	FALSE	""	0.000579879042561515	0	null_at1r_0878
pseudobulk	NB GLMM	primary	null_at1r_0879_z	0.0787798175542912	0.0542451602033866	1.45229209866677	0.146420403537453	214	95	FALSE	""	0.000341735812980915	0	null_at1r_0879
pseudobulk	NB GLMM	primary	null_at1r_0880_z	0.0801446997070658	0.0540990410924337	1.48144399768806	0.138488297746564	214	95	FALSE	""	0.000646302851237124	0	null_at1r_0880
pseudobulk	NB GLMM	primary	null_at1r_0881_z	0.0798021435968145	0.0565847410207444	1.4103120763168	0.158447554218218	214	95	FALSE	""	0.000546187948202714	0	null_at1r_0881
pseudobulk	NB GLMM	primary	null_at1r_0882_z	0.0645077776369963	0.0550960842677253	1.1708232716419	0.24166982158278	214	95	FALSE	""	0.0004616015303327	0	null_at1r_0882
pseudobulk	NB GLMM	primary	null_at1r_0883_z	0.0634593955644052	0.0546444367440855	1.16131484457608	0.245513884825333	214	95	FALSE	""	0.000580080268264283	0	null_at1r_0883
pseudobulk	NB GLMM	primary	null_at1r_0884_z	0.0956676798297325	0.0551639831588349	1.73424169814341	0.0828752072338927	214	95	FALSE	""	0.000582490429223981	0	null_at1r_0884
pseudobulk	NB GLMM	primary	null_at1r_0885_z	0.110550686679687	0.0548818686462561	2.01433896852615	0.0439739573007208	214	95	FALSE	""	0.00109701204564772	0	null_at1r_0885
pseudobulk	NB GLMM	primary	null_at1r_0886_z	0.100486944742111	0.0561824792623485	1.7885815304248	0.0736822345397064	214	95	FALSE	""	0.000344521140505094	0	null_at1r_0886
pseudobulk	NB GLMM	primary	null_at1r_0887_z	0.0718459569292897	0.0561047260237832	1.28056871534911	0.200345194437333	214	95	FALSE	""	0.000328864189214073	0	null_at1r_0887
pseudobulk	NB GLMM	primary	null_at1r_0888_z	0.0764694453426791	0.0542276722395157	1.41015540930698	0.158493799139142	214	95	FALSE	""	0.000536681454832433	0	null_at1r_0888
pseudobulk	NB GLMM	primary	null_at1r_0889_z	0.0992108549021608	0.0546397791651162	1.81572576643026	0.0694124494909706	214	95	FALSE	""	0.000260087062997627	0	null_at1r_0889
pseudobulk	NB GLMM	primary	null_at1r_0890_z	0.0757167024700074	0.054289324564676	1.39468860733024	0.163109761882648	214	95	FALSE	""	0.00020486027096922	0	null_at1r_0890
pseudobulk	NB GLMM	primary	null_at1r_0891_z	0.0794050868113851	0.0561872361328915	1.4132228647727	0.157590205644518	214	95	FALSE	""	0.000608431491855299	0	null_at1r_0891
pseudobulk	NB GLMM	primary	null_at1r_0892_z	0.0648236624281157	0.0541742578096039	1.19657684385708	0.231471530521811	214	95	FALSE	""	7.80664777266793e-05	0	null_at1r_0892
pseudobulk	NB GLMM	primary	null_at1r_0893_z	0.0809972118512399	0.0561090872287213	1.4435667349402	0.148860887787304	214	95	FALSE	""	0.000483904614156927	0	null_at1r_0893
pseudobulk	NB GLMM	primary	null_at1r_0894_z	0.105504219159687	0.0551835205964551	1.91187909033961	0.0558917042224174	214	95	FALSE	""	0.000300138935926952	0	null_at1r_0894
pseudobulk	NB GLMM	primary	null_at1r_0895_z	0.0756030806574872	0.0558228412690516	1.35433953089381	0.175628079821504	214	95	FALSE	""	0.000232014372159028	0	null_at1r_0895
pseudobulk	NB GLMM	primary	null_at1r_0896_z	0.0873921498843622	0.0549851960580183	1.58937598025747	0.111975534133299	214	95	FALSE	""	0.000401474835598492	0	null_at1r_0896
pseudobulk	NB GLMM	primary	null_at1r_0897_z	0.0721683373284669	0.0562271655331595	1.28351370096909	0.199312162626299	214	95	FALSE	""	0.000420529886469012	0	null_at1r_0897
pseudobulk	NB GLMM	primary	null_at1r_0898_z	0.0761205785535445	0.0557526114938429	1.36532758760459	0.172150111894951	214	95	FALSE	""	0.000149055949805188	0	null_at1r_0898
pseudobulk	NB GLMM	primary	null_at1r_0899_z	0.116001668236091	0.054893378035726	2.11321788505334	0.0345821231871416	214	95	FALSE	""	0.000548092202734551	0	null_at1r_0899
pseudobulk	NB GLMM	primary	null_at1r_0900_z	0.0739504643079987	0.0540255691100171	1.3688049108267	0.171060265429429	214	95	FALSE	""	0.00030836872610962	0	null_at1r_0900
pseudobulk	NB GLMM	primary	null_at1r_0901_z	0.0710134021461772	0.0537531191748181	1.32110290967905	0.186467053017505	214	95	FALSE	""	0.000463002152173431	0	null_at1r_0901
pseudobulk	NB GLMM	primary	null_at1r_0902_z	0.10236165600061	0.0549866636730055	1.86157240979983	0.0626633852810754	214	95	FALSE	""	0.000243410340772243	0	null_at1r_0902
pseudobulk	NB GLMM	primary	null_at1r_0903_z	0.103863530113347	0.0531294121113129	1.95491585519034	0.0505930028243871	214	95	FALSE	""	0.000192305833479622	0	null_at1r_0903
pseudobulk	NB GLMM	primary	null_at1r_0904_z	0.0550655303040947	0.0559513415911089	0.984168185036784	0.325032825878126	214	95	FALSE	""	0.000339304051522049	0	null_at1r_0904
pseudobulk	NB GLMM	primary	null_at1r_0905_z	0.0816424042866074	0.0550522413635898	1.48299873473641	0.138074746935128	214	95	FALSE	""	0.000216693933907663	0	null_at1r_0905
pseudobulk	NB GLMM	primary	null_at1r_0906_z	0.0831304999608058	0.0546105408056158	1.52224275267124	0.127948266388702	214	95	FALSE	""	0.000415049044022453	0	null_at1r_0906
pseudobulk	NB GLMM	primary	null_at1r_0907_z	0.0855360958480015	0.055684960230898	1.53607177760971	0.124520777191816	214	95	FALSE	""	0.00113960368253174	0	null_at1r_0907
pseudobulk	NB GLMM	primary	null_at1r_0908_z	0.0727785203581522	0.0550078475060916	1.32305704836192	0.185816406939883	214	95	FALSE	""	0.000209475956580718	0	null_at1r_0908
pseudobulk	NB GLMM	primary	null_at1r_0909_z	0.104188619460332	0.0548778580082381	1.89855477676793	0.0576230391987708	214	95	FALSE	""	0.00056140606830013	0	null_at1r_0909
pseudobulk	NB GLMM	primary	null_at1r_0910_z	0.076702223559018	0.0559398265192678	1.3711559068314	0.170326360102332	214	95	FALSE	""	0.000429307647209498	0	null_at1r_0910
pseudobulk	NB GLMM	primary	null_at1r_0911_z	0.0666297780416142	0.0548825783053685	1.21404241744773	0.224731526853752	214	95	FALSE	""	0.000455690951639554	0	null_at1r_0911
pseudobulk	NB GLMM	primary	null_at1r_0912_z	0.0843105843579439	0.0551797973120262	1.52792486498621	0.126531193824588	214	95	FALSE	""	0.000504713852933492	0	null_at1r_0912
pseudobulk	NB GLMM	primary	null_at1r_0913_z	0.0764265164493955	0.0562081269047271	1.35970580515765	0.173923040354282	214	95	FALSE	""	0.000286354406853206	0	null_at1r_0913
pseudobulk	NB GLMM	primary	null_at1r_0914_z	0.0824820597729546	0.0550485535265476	1.49835108261613	0.134042058633222	214	95	FALSE	Model failed to converge with max|grad| = 0.00235479 (tol = 0.002, component 1)	0.000397634494220256	1	null_at1r_0914
pseudobulk	NB GLMM	primary	null_at1r_0915_z	0.0865203136458447	0.0561245222832809	1.54157772976927	0.123176240775272	214	95	FALSE	""	0.000266372808255255	0	null_at1r_0915
pseudobulk	NB GLMM	primary	null_at1r_0916_z	0.0692511098375741	0.0535606179427739	1.29294829853465	0.196028941262174	214	95	FALSE	""	0.000113188889372395	0	null_at1r_0916
pseudobulk	NB GLMM	primary	null_at1r_0917_z	0.0531707973002995	0.0543947875522261	0.977498023119376	0.328322655981231	214	95	FALSE	""	0.000358289753421559	0	null_at1r_0917
pseudobulk	NB GLMM	primary	null_at1r_0918_z	0.0909897482906909	0.0537144839745862	1.69395182747619	0.0902744373137711	214	95	FALSE	""	7.89134446677053e-05	0	null_at1r_0918
pseudobulk	NB GLMM	primary	null_at1r_0919_z	0.0845973425543686	0.0559025101826366	1.5133013218545	0.130203137094089	214	95	FALSE	""	0.000252591689786641	0	null_at1r_0919
pseudobulk	NB GLMM	primary	null_at1r_0920_z	0.0843658668111229	0.0519703755562216	1.62334533680357	0.104515602996783	214	95	FALSE	""	0.000459991724710562	0	null_at1r_0920
pseudobulk	NB GLMM	primary	null_at1r_0921_z	0.0687801498307676	0.0542073158530301	1.2688351885426	0.204499851885723	214	95	FALSE	""	0.00018370201360085	0	null_at1r_0921
pseudobulk	NB GLMM	primary	null_at1r_0922_z	0.112414118206836	0.0534958094861446	2.10136306538088	0.0356091075753647	214	95	FALSE	""	0.000128392230180907	0	null_at1r_0922
pseudobulk	NB GLMM	primary	null_at1r_0923_z	0.0828214029291482	0.0528943935054671	1.56578793025745	0.11739827279084	214	95	FALSE	""	0.000558360397917568	0	null_at1r_0923
pseudobulk	NB GLMM	primary	null_at1r_0924_z	0.061348332636321	0.055513052997947	1.10511545165044	0.269109566064236	214	95	FALSE	""	0.00023918914848764	0	null_at1r_0924
pseudobulk	NB GLMM	primary	null_at1r_0925_z	0.0999555060756678	0.055936965156334	1.78693116075049	0.0739486154046576	214	95	FALSE	""	0.000184998043550877	0	null_at1r_0925
pseudobulk	NB GLMM	primary	null_at1r_0926_z	0.104665251852794	0.0556665499397067	1.88021804775324	0.0600783669097931	214	95	FALSE	""	0.000392975607610424	0	null_at1r_0926
pseudobulk	NB GLMM	primary	null_at1r_0927_z	0.091484801290305	0.0539183618541748	1.69672813016335	0.0897480718443691	214	95	FALSE	""	0.000400943918066332	0	null_at1r_0927
pseudobulk	NB GLMM	primary	null_at1r_0928_z	0.0763965854647988	0.0550240495321023	1.38842171949244	0.165008666432383	214	95	FALSE	""	0.000746847490518121	0	null_at1r_0928
pseudobulk	NB GLMM	primary	null_at1r_0929_z	0.0939942507180212	0.055758545183351	1.68573714412633	0.0918464391733616	214	95	FALSE	""	0.000866853042680305	0	null_at1r_0929
pseudobulk	NB GLMM	primary	null_at1r_0930_z	0.0970508596735993	0.0553439286772383	1.75359541675461	0.0794998569259349	214	95	FALSE	""	0.000721199739928125	0	null_at1r_0930
pseudobulk	NB GLMM	primary	null_at1r_0931_z	0.0829228070920974	0.0558679231013865	1.48426507535662	0.137738611711058	214	95	FALSE	""	0.000378025788450032	0	null_at1r_0931
pseudobulk	NB GLMM	primary	null_at1r_0932_z	0.0765714120006172	0.0536725851919048	1.42663916274646	0.153683929758382	214	95	FALSE	""	0.000323568656313	0	null_at1r_0932
pseudobulk	NB GLMM	primary	null_at1r_0933_z	0.0798533255419078	0.0530216581058472	1.50605108166358	0.132054061012832	214	95	FALSE	""	0.000522504706168547	0	null_at1r_0933
pseudobulk	NB GLMM	primary	null_at1r_0934_z	0.0527692516860122	0.0540880888734906	0.975616864730365	0.329254363971398	214	95	FALSE	""	0.000277884737442946	0	null_at1r_0934
pseudobulk	NB GLMM	primary	null_at1r_0935_z	0.102788906723527	0.0552328541824357	1.86101023104857	0.062742731901246	214	95	FALSE	""	0.000175565446625114	0	null_at1r_0935
pseudobulk	NB GLMM	primary	null_at1r_0936_z	0.0778364060029784	0.0555779713191095	1.400490233011	0.161366566146548	214	95	FALSE	""	0.000213733528653393	0	null_at1r_0936
pseudobulk	NB GLMM	primary	null_at1r_0937_z	0.0921168006489416	0.0557523753609209	1.65224889617008	0.0984838223987313	214	95	FALSE	""	0.000478192987429793	0	null_at1r_0937
pseudobulk	NB GLMM	primary	null_at1r_0938_z	0.0628304347758821	0.0553554380107389	1.13503635837355	0.256360084830166	214	95	FALSE	""	0.00020768652575498	0	null_at1r_0938
pseudobulk	NB GLMM	primary	null_at1r_0939_z	0.110335135148942	0.0539053890169223	2.04682940168199	0.0406748377636191	214	95	FALSE	""	0.000170979319591424	0	null_at1r_0939
pseudobulk	NB GLMM	primary	null_at1r_0940_z	0.0848493765046975	0.05521289767693	1.53676731478904	0.124350300150824	214	95	FALSE	""	0.000474104808745324	0	null_at1r_0940
pseudobulk	NB GLMM	primary	null_at1r_0941_z	0.105308086190061	0.0559384994304534	1.88256902244915	0.0597587977539441	214	95	FALSE	""	0.000353169298250577	0	null_at1r_0941
pseudobulk	NB GLMM	primary	null_at1r_0942_z	0.0819632517118701	0.0542922092522536	1.50966875064985	0.131127968857513	214	95	FALSE	""	0.000291744299829588	0	null_at1r_0942
pseudobulk	NB GLMM	primary	null_at1r_0943_z	0.0596486261332851	0.0548700298067654	1.08708936997753	0.276997315235341	214	95	FALSE	""	0.000479330992675386	0	null_at1r_0943
pseudobulk	NB GLMM	primary	null_at1r_0944_z	0.066417614187975	0.0549633745060915	1.20839767908744	0.22689433211766	214	95	FALSE	""	0.000463802507510991	0	null_at1r_0944
pseudobulk	NB GLMM	primary	null_at1r_0945_z	0.0939891576809504	0.056138401645177	1.67424000196887	0.0940834407289228	214	95	FALSE	""	0.000557265593670309	0	null_at1r_0945
pseudobulk	NB GLMM	primary	null_at1r_0946_z	0.0964011168626919	0.0555053975321733	1.73678815302266	0.0824245709312175	214	95	FALSE	""	0.000447823822469218	0	null_at1r_0946
pseudobulk	NB GLMM	primary	null_at1r_0947_z	0.0655305536783595	0.0567376822746917	1.15497410276821	0.248101031695943	214	95	FALSE	""	0.000421748609369388	0	null_at1r_0947
pseudobulk	NB GLMM	primary	null_at1r_0948_z	0.0899832730963667	0.0558343429535228	1.61161156980516	0.107046491426388	214	95	FALSE	""	0.000271928684014711	0	null_at1r_0948
pseudobulk	NB GLMM	primary	null_at1r_0949_z	0.103930256470559	0.0555127241712378	1.87218800774341	0.0611805976016512	214	95	FALSE	""	0.000482810946778045	0	null_at1r_0949
pseudobulk	NB GLMM	primary	null_at1r_0950_z	0.0911569817562299	0.0539476969005006	1.68972888544912	0.0910798344254493	214	95	FALSE	Model failed to converge with max|grad| = 0.0030588 (tol = 0.002, component 1)	0.000635313881502952	1	null_at1r_0950
pseudobulk	NB GLMM	primary	null_at1r_0951_z	0.0555303295673643	0.0560505235635096	0.990719194700191	0.32182271567658	214	95	FALSE	""	0.000245054252445698	0	null_at1r_0951
pseudobulk	NB GLMM	primary	null_at1r_0952_z	0.0824929374832814	0.0559890214834999	1.47337701744961	0.140649403830849	214	95	FALSE	""	0.000461026274933829	0	null_at1r_0952
pseudobulk	NB GLMM	primary	null_at1r_0953_z	0.07037191699203	0.0550465433581603	1.27840755656818	0.201105761017527	214	95	FALSE	""	0.000449139179181657	0	null_at1r_0953
pseudobulk	NB GLMM	primary	null_at1r_0954_z	0.0699071343593995	0.0549138198666702	1.27303353744345	0.203006141299048	214	95	FALSE	Model failed to converge with max|grad| = 0.00519281 (tol = 0.002, component 1)	0.000447867023467552	1	null_at1r_0954
pseudobulk	NB GLMM	primary	null_at1r_0955_z	0.0500423250930331	0.0550182022498336	0.909559437543862	0.363054898459626	214	95	FALSE	""	0.000518792830916937	0	null_at1r_0955
pseudobulk	NB GLMM	primary	null_at1r_0956_z	0.0841153321136153	0.0548322395744803	1.5340488144636	0.125017644220297	214	95	FALSE	""	0.000243733211391373	0	null_at1r_0956
pseudobulk	NB GLMM	primary	null_at1r_0957_z	0.0920139965474048	0.0548922108033987	1.67626690928812	0.0936859234871891	214	95	FALSE	""	0.00031835384106671	0	null_at1r_0957
pseudobulk	NB GLMM	primary	null_at1r_0958_z	0.0664539074397712	0.0561020955623406	1.18451738341802	0.236208319201172	214	95	FALSE	""	0.000453553639090387	0	null_at1r_0958
pseudobulk	NB GLMM	primary	null_at1r_0959_z	0.0876266020901671	0.0555354345504334	1.57785030043459	0.114600004939275	214	95	FALSE	""	0.000172491354533122	0	null_at1r_0959
pseudobulk	NB GLMM	primary	null_at1r_0960_z	0.0998983377929944	0.0562472512707471	1.77605723899524	0.0757234832870108	214	95	FALSE	""	0.000539574784852448	0	null_at1r_0960
pseudobulk	NB GLMM	primary	null_at1r_0961_z	0.103473400596288	0.0551154477688821	1.87739381217018	0.060464138957033	214	95	FALSE	""	0.000123690142572741	0	null_at1r_0961
pseudobulk	NB GLMM	primary	null_at1r_0962_z	0.102268487730811	0.0548185369298204	1.86558221832402	0.062099839332866	214	95	FALSE	""	0.000438383267464815	0	null_at1r_0962
pseudobulk	NB GLMM	primary	null_at1r_0963_z	0.0745638905951153	0.0550055582811421	1.35557010827901	0.175235987951094	214	95	FALSE	""	0.000495995209348621	0	null_at1r_0963
pseudobulk	NB GLMM	primary	null_at1r_0964_z	0.111748773002408	0.0549684100957482	2.03296352955734	0.0420562077548076	214	95	FALSE	""	0.00034256686376466	0	null_at1r_0964
pseudobulk	NB GLMM	primary	null_at1r_0965_z	0.0817965916499508	0.0551180193676677	1.48402632366599	0.13780193723578	214	95	FALSE	""	0.000479097934658057	0	null_at1r_0965
pseudobulk	NB GLMM	primary	null_at1r_0966_z	0.0639168672330302	0.0549691174757986	1.1627777590057	0.244919683148819	214	95	FALSE	""	0.000615420958638424	0	null_at1r_0966
pseudobulk	NB GLMM	primary	null_at1r_0967_z	0.0833364424215855	0.0548414800558207	1.5195877707305	0.128614613383508	214	95	FALSE	""	0.000236217374549597	0	null_at1r_0967
pseudobulk	NB GLMM	primary	null_at1r_0968_z	0.0527223714627876	0.0559810870124581	0.941788991182945	0.34630068254863	214	95	FALSE	""	0.000149491370393662	0	null_at1r_0968
pseudobulk	NB GLMM	primary	null_at1r_0969_z	0.0634826492179359	0.0558101714065532	1.13747454304507	0.255339960746913	214	95	FALSE	""	0.000396528321289225	0	null_at1r_0969
pseudobulk	NB GLMM	primary	null_at1r_0970_z	0.0652478573045428	0.0534049057040102	1.22175774761537	0.221799251124548	214	95	FALSE	""	0.000348505864167237	0	null_at1r_0970
pseudobulk	NB GLMM	primary	null_at1r_0971_z	0.0876502622630877	0.0539130939814228	1.62576947064641	0.103998705168344	214	95	FALSE	""	0.000430189857070218	0	null_at1r_0971
pseudobulk	NB GLMM	primary	null_at1r_0972_z	0.0930771426319469	0.0555191209745487	1.67648804588631	0.0936426357872178	214	95	FALSE	""	0.000163232698469074	0	null_at1r_0972
pseudobulk	NB GLMM	primary	null_at1r_0973_z	0.105414014805001	0.0551278654201004	1.91217298187942	0.0558540103456002	214	95	FALSE	""	0.000205614014703315	0	null_at1r_0973
pseudobulk	NB GLMM	primary	null_at1r_0974_z	0.120203714610533	0.0544216874009525	2.20874655585246	0.0271922742469483	214	95	FALSE	""	0.000175238028532476	0	null_at1r_0974
pseudobulk	NB GLMM	primary	null_at1r_0975_z	0.0843933511970076	0.0549572774764409	1.53561739358696	0.124632245695082	214	95	FALSE	""	0.000285998567051138	0	null_at1r_0975
pseudobulk	NB GLMM	primary	null_at1r_0976_z	0.0686207665735948	0.0543078395534488	1.26355176596667	0.206390955328617	214	95	FALSE	""	0.000104348600871162	0	null_at1r_0976
pseudobulk	NB GLMM	primary	null_at1r_0977_z	0.0677901688558565	0.054204923901708	1.25062750717598	0.21107041000279	214	95	FALSE	""	0.000450031620857772	0	null_at1r_0977
pseudobulk	NB GLMM	primary	null_at1r_0978_z	0.118805417309556	0.0541963011786715	2.19213146885955	0.0283700150767	214	95	FALSE	""	0.000254283349931939	0	null_at1r_0978
pseudobulk	NB GLMM	primary	null_at1r_0979_z	0.0604787022210936	0.0556306494043083	1.08714715482739	0.2769717809463	214	95	FALSE	""	0.000280302856481285	0	null_at1r_0979
pseudobulk	NB GLMM	primary	null_at1r_0980_z	0.049384840921951	0.055156327347832	0.895361299357655	0.370593981581338	214	95	FALSE	""	0.000230223804464913	0	null_at1r_0980
pseudobulk	NB GLMM	primary	null_at1r_0981_z	0.0702410495980382	0.0557326852101211	1.26032057011462	0.207553742387706	214	95	FALSE	""	0.000311686108034337	0	null_at1r_0981
pseudobulk	NB GLMM	primary	null_at1r_0982_z	0.10621233248443	0.0558788197328985	1.90076191644931	0.0573332044425752	214	95	FALSE	""	0.000293218818114838	0	null_at1r_0982
pseudobulk	NB GLMM	primary	null_at1r_0983_z	0.065929185813362	0.0541579884839052	1.21734923432311	0.223471369304561	214	95	FALSE	""	0.000279826508631231	0	null_at1r_0983
pseudobulk	NB GLMM	primary	null_at1r_0984_z	0.093795555655559	0.0550777766755164	1.70296553922544	0.0885745175980552	214	95	FALSE	""	0.000172277623278205	0	null_at1r_0984
pseudobulk	NB GLMM	primary	null_at1r_0985_z	0.0792208941157203	0.055745293929008	1.42112254743169	0.155281136169309	214	95	FALSE	""	0.000412072722610901	0	null_at1r_0985
pseudobulk	NB GLMM	primary	null_at1r_0986_z	0.116469795099474	0.0546312836000708	2.13192492331122	0.0330130189520597	214	95	FALSE	""	0.000834156708151568	0	null_at1r_0986
pseudobulk	NB GLMM	primary	null_at1r_0987_z	0.0969552224963444	0.054955383061998	1.7642534196689	0.0776893225080405	214	95	FALSE	""	0.000557809016754618	0	null_at1r_0987
pseudobulk	NB GLMM	primary	null_at1r_0988_z	0.061673616931596	0.0555349294102102	1.11053741467901	0.266767514797679	214	95	FALSE	""	0.00046582840695919	0	null_at1r_0988
pseudobulk	NB GLMM	primary	null_at1r_0989_z	0.067882942216434	0.0538653846182358	1.26023312926374	0.207585275001016	214	95	FALSE	Model failed to converge with max|grad| = 0.00699186 (tol = 0.002, component 1)	0.000212555733014597	1	null_at1r_0989
pseudobulk	NB GLMM	primary	null_at1r_0990_z	0.0644227792283416	0.0545777228027762	1.18038598754187	0.23784673249658	214	95	FALSE	""	0.00071437739279645	0	null_at1r_0990
pseudobulk	NB GLMM	primary	null_at1r_0991_z	0.0934623114789206	0.0561153951595279	1.6655377942759	0.095805509903049	214	95	FALSE	""	0.000487326587972348	0	null_at1r_0991
pseudobulk	NB GLMM	primary	null_at1r_0992_z	0.0711557276064906	0.0553665358876793	1.28517571969542	0.198730886271573	214	95	FALSE	""	0.000287038801616291	0	null_at1r_0992
pseudobulk	NB GLMM	primary	null_at1r_0993_z	0.0820949859374646	0.0538522578953199	1.52444835455264	0.127396748767335	214	95	FALSE	""	0.000383631686418084	0	null_at1r_0993
pseudobulk	NB GLMM	primary	null_at1r_0994_z	0.0975019794866012	0.0537542394018984	1.81384725319279	0.0697012452893287	214	95	FALSE	""	0.000329290514855529	0	null_at1r_0994
pseudobulk	NB GLMM	primary	null_at1r_0995_z	0.106616418874725	0.053135049809027	2.0065177177384	0.0448010403455993	214	95	FALSE	""	0.000209073505175184	0	null_at1r_0995
pseudobulk	NB GLMM	primary	null_at1r_0996_z	0.0847502113669801	0.0560957986225355	1.51081210087155	0.130836330752314	214	95	FALSE	""	0.000555050974071492	0	null_at1r_0996
pseudobulk	NB GLMM	primary	null_at1r_0997_z	0.0794330241201088	0.055649086056928	1.42739135084537	0.153467122483567	214	95	FALSE	""	0.000313156078846077	0	null_at1r_0997
pseudobulk	NB GLMM	primary	null_at1r_0998_z	0.109229601469348	0.054294451727226	2.01180043253987	0.0442409783436713	214	95	FALSE	""	5.26665644429158e-05	0	null_at1r_0998
pseudobulk	NB GLMM	primary	null_at1r_0999_z	0.0729671723397064	0.0564776022430819	1.29196653968511	0.19636873245549	214	95	FALSE	""	0.000389504748454783	0	null_at1r_0999
pseudobulk	NB GLMM	primary	null_at1r_1000_z	0.0662888246191388	0.0538819007592727	1.23026143630857	0.218599220318423	214	95	FALSE	""	0.000266730921794078	0	null_at1r_1000
