panel	outcome	estimate
null_at1r_0001	bm_minus_fib_z	-0.0919540153749803
null_at1r_0001	basement_membrane_score_z	0.0525212194967652
null_at1r_0002	bm_minus_fib_z	-0.108448172742035
null_at1r_0002	basement_membrane_score_z	0.0627340033157867
null_at1r_0003	bm_minus_fib_z	-0.0819490835402803
null_at1r_0003	basement_membrane_score_z	0.0602524317240364
null_at1r_0004	bm_minus_fib_z	-0.108950215517203
null_at1r_0004	basement_membrane_score_z	0.110355118927224
null_at1r_0005	bm_minus_fib_z	-0.120203505210692
null_at1r_0005	basement_membrane_score_z	0.0470219191066398
null_at1r_0006	bm_minus_fib_z	-0.0827387815073312
null_at1r_0006	basement_membrane_score_z	0.087563993992679
null_at1r_0007	bm_minus_fib_z	-0.137994045842876
null_at1r_0007	basement_membrane_score_z	0.0987951823683412
null_at1r_0008	bm_minus_fib_z	-0.120225966801469
null_at1r_0008	basement_membrane_score_z	0.103387470904832
null_at1r_0009	bm_minus_fib_z	-0.0913122874855098
null_at1r_0009	basement_membrane_score_z	0.121642594167528
null_at1r_0010	bm_minus_fib_z	-0.080696122531619
null_at1r_0010	basement_membrane_score_z	0.119816408897794
null_at1r_0011	bm_minus_fib_z	-0.102436547711272
null_at1r_0011	basement_membrane_score_z	0.112410921076138
null_at1r_0012	bm_minus_fib_z	-0.107129832954614
null_at1r_0012	basement_membrane_score_z	0.0638696478322874
null_at1r_0013	bm_minus_fib_z	-0.0936749844237266
null_at1r_0013	basement_membrane_score_z	0.0900371470999718
null_at1r_0014	bm_minus_fib_z	-0.0910847300331235
null_at1r_0014	basement_membrane_score_z	0.0584217580526207
null_at1r_0015	bm_minus_fib_z	-0.0694645555155665
null_at1r_0015	basement_membrane_score_z	0.0670076804082848
null_at1r_0016	bm_minus_fib_z	-0.151869202989262
null_at1r_0016	basement_membrane_score_z	0.113775553690906
null_at1r_0017	bm_minus_fib_z	-0.0945783626430596
null_at1r_0017	basement_membrane_score_z	0.0532033448763114
null_at1r_0018	bm_minus_fib_z	-0.0794336798617056
null_at1r_0018	basement_membrane_score_z	0.124126614662003
null_at1r_0019	bm_minus_fib_z	-0.0908651714138248
null_at1r_0019	basement_membrane_score_z	0.112353535719199
null_at1r_0020	bm_minus_fib_z	-0.117613378346427
null_at1r_0020	basement_membrane_score_z	0.0746287069967946
null_at1r_0021	bm_minus_fib_z	-0.109919578455505
null_at1r_0021	basement_membrane_score_z	0.139262752955471
null_at1r_0022	bm_minus_fib_z	-0.115118599539827
null_at1r_0022	basement_membrane_score_z	0.129764165737402
null_at1r_0023	bm_minus_fib_z	-0.105044047650299
null_at1r_0023	basement_membrane_score_z	0.0688099332894741
null_at1r_0024	bm_minus_fib_z	-0.133305621977533
null_at1r_0024	basement_membrane_score_z	0.109421657718856
null_at1r_0025	bm_minus_fib_z	-0.108415559637865
null_at1r_0025	basement_membrane_score_z	0.118346897952968
null_at1r_0026	bm_minus_fib_z	-0.125263800529935
null_at1r_0026	basement_membrane_score_z	0.060539927711001
null_at1r_0027	bm_minus_fib_z	-0.102446515862185
null_at1r_0027	basement_membrane_score_z	0.111027464172513
null_at1r_0028	bm_minus_fib_z	-0.0820555868487523
null_at1r_0028	basement_membrane_score_z	0.0360413487316005
null_at1r_0029	bm_minus_fib_z	-0.0959079458756264
null_at1r_0029	basement_membrane_score_z	0.0620909066657952
null_at1r_0030	bm_minus_fib_z	-0.0945219360489554
null_at1r_0030	basement_membrane_score_z	0.0475906279261898
null_at1r_0031	bm_minus_fib_z	-0.112161358603543
null_at1r_0031	basement_membrane_score_z	0.0632966003782346
null_at1r_0032	bm_minus_fib_z	-0.119880065256041
null_at1r_0032	basement_membrane_score_z	0.132242560704931
null_at1r_0033	bm_minus_fib_z	-0.122541913121541
null_at1r_0033	basement_membrane_score_z	0.0690850606233172
null_at1r_0034	bm_minus_fib_z	-0.0681372143409256
null_at1r_0034	basement_membrane_score_z	0.0646329375006743
null_at1r_0035	bm_minus_fib_z	-0.0863425951564115
null_at1r_0035	basement_membrane_score_z	0.10812484606108
null_at1r_0036	bm_minus_fib_z	-0.108787854524262
null_at1r_0036	basement_membrane_score_z	0.0617413339110845
null_at1r_0037	bm_minus_fib_z	-0.0969327227803135
null_at1r_0037	basement_membrane_score_z	0.0871244241434128
null_at1r_0038	bm_minus_fib_z	-0.0902016383793647
null_at1r_0038	basement_membrane_score_z	0.105626233441948
null_at1r_0039	bm_minus_fib_z	-0.108372974031649
null_at1r_0039	basement_membrane_score_z	0.115210561738999
null_at1r_0040	bm_minus_fib_z	-0.117157927416182
null_at1r_0040	basement_membrane_score_z	0.0475113905962812
null_at1r_0041	bm_minus_fib_z	-0.133646844612012
null_at1r_0041	basement_membrane_score_z	0.0515277033048606
null_at1r_0042	bm_minus_fib_z	-0.132563859446147
null_at1r_0042	basement_membrane_score_z	0.118003031661388
null_at1r_0043	bm_minus_fib_z	-0.130867693270968
null_at1r_0043	basement_membrane_score_z	0.118035742466218
null_at1r_0044	bm_minus_fib_z	-0.112161553407762
null_at1r_0044	basement_membrane_score_z	0.100981982571889
null_at1r_0045	bm_minus_fib_z	-0.113979914775152
null_at1r_0045	basement_membrane_score_z	0.104057355534535
null_at1r_0046	bm_minus_fib_z	-0.10031118427369
null_at1r_0046	basement_membrane_score_z	0.119504553375722
null_at1r_0047	bm_minus_fib_z	-0.119748656527977
null_at1r_0047	basement_membrane_score_z	0.126604437340855
null_at1r_0048	bm_minus_fib_z	-0.102348456902064
null_at1r_0048	basement_membrane_score_z	0.0301111216472049
null_at1r_0049	bm_minus_fib_z	-0.105196049827167
null_at1r_0049	basement_membrane_score_z	0.0893059969095504
null_at1r_0050	bm_minus_fib_z	-0.0853000768508048
null_at1r_0050	basement_membrane_score_z	0.0968350923405926
null_at1r_0051	bm_minus_fib_z	-0.0796993874538865
null_at1r_0051	basement_membrane_score_z	0.108222293200654
null_at1r_0052	bm_minus_fib_z	-0.119411511348
null_at1r_0052	basement_membrane_score_z	0.0326313467576179
null_at1r_0053	bm_minus_fib_z	-0.0891021255881974
null_at1r_0053	basement_membrane_score_z	0.127059677155209
null_at1r_0054	bm_minus_fib_z	-0.113758400133908
null_at1r_0054	basement_membrane_score_z	0.0874676477034274
null_at1r_0055	bm_minus_fib_z	-0.0894646873191456
null_at1r_0055	basement_membrane_score_z	0.0556408636397763
null_at1r_0056	bm_minus_fib_z	-0.0991373506323874
null_at1r_0056	basement_membrane_score_z	0.0615167691670932
null_at1r_0057	bm_minus_fib_z	-0.0968165648069893
null_at1r_0057	basement_membrane_score_z	0.0475105815743694
null_at1r_0058	bm_minus_fib_z	-0.135007089801276
null_at1r_0058	basement_membrane_score_z	0.119207686795961
null_at1r_0059	bm_minus_fib_z	-0.112652796039402
null_at1r_0059	basement_membrane_score_z	0.0582039275822859
null_at1r_0060	bm_minus_fib_z	-0.0693504093671611
null_at1r_0060	basement_membrane_score_z	0.0614149755861915
null_at1r_0061	bm_minus_fib_z	-0.0731912957040252
null_at1r_0061	basement_membrane_score_z	0.0808795777161522
null_at1r_0062	bm_minus_fib_z	-0.109819792436092
null_at1r_0062	basement_membrane_score_z	0.0778446457210521
null_at1r_0063	bm_minus_fib_z	-0.104384988166025
null_at1r_0063	basement_membrane_score_z	0.0766881135818654
null_at1r_0064	bm_minus_fib_z	-0.107688505980762
null_at1r_0064	basement_membrane_score_z	0.0152337880081927
null_at1r_0065	bm_minus_fib_z	-0.107960217565994
null_at1r_0065	basement_membrane_score_z	0.0928217943348473
null_at1r_0066	bm_minus_fib_z	-0.123259102864103
null_at1r_0066	basement_membrane_score_z	0.0999917339997384
null_at1r_0067	bm_minus_fib_z	-0.0994439655167643
null_at1r_0067	basement_membrane_score_z	0.0654736383925224
null_at1r_0068	bm_minus_fib_z	-0.092321985719603
null_at1r_0068	basement_membrane_score_z	0.0614151204748549
null_at1r_0069	bm_minus_fib_z	-0.0772633620410648
null_at1r_0069	basement_membrane_score_z	0.0546721706310076
null_at1r_0070	bm_minus_fib_z	-0.114085223497305
null_at1r_0070	basement_membrane_score_z	0.107780120758285
null_at1r_0071	bm_minus_fib_z	-0.0965350670726378
null_at1r_0071	basement_membrane_score_z	0.0945883259566194
null_at1r_0072	bm_minus_fib_z	-0.108409916880349
null_at1r_0072	basement_membrane_score_z	0.0774891787369734
null_at1r_0073	bm_minus_fib_z	-0.118392505770075
null_at1r_0073	basement_membrane_score_z	0.0530247818050648
null_at1r_0074	bm_minus_fib_z	-0.100480231523363
null_at1r_0074	basement_membrane_score_z	0.101445156829029
null_at1r_0075	bm_minus_fib_z	-0.114231455539991
null_at1r_0075	basement_membrane_score_z	0.0477226007885204
null_at1r_0076	bm_minus_fib_z	-0.126230733603179
null_at1r_0076	basement_membrane_score_z	0.119488530712184
null_at1r_0077	bm_minus_fib_z	-0.0912437221764531
null_at1r_0077	basement_membrane_score_z	0.114812997788928
null_at1r_0078	bm_minus_fib_z	-0.101315761129896
null_at1r_0078	basement_membrane_score_z	0.0779695390575016
null_at1r_0079	bm_minus_fib_z	-0.122817446629107
null_at1r_0079	basement_membrane_score_z	0.10380686307671
null_at1r_0080	bm_minus_fib_z	-0.0943480060626965
null_at1r_0080	basement_membrane_score_z	0.0653789982990904
null_at1r_0081	bm_minus_fib_z	-0.115046791731793
null_at1r_0081	basement_membrane_score_z	0.0636773068274209
null_at1r_0082	bm_minus_fib_z	-0.103975943320069
null_at1r_0082	basement_membrane_score_z	0.0827910513587941
null_at1r_0083	bm_minus_fib_z	-0.101010961584349
null_at1r_0083	basement_membrane_score_z	0.0569043632309393
null_at1r_0084	bm_minus_fib_z	-0.084923582563871
null_at1r_0084	basement_membrane_score_z	0.06424991949276
null_at1r_0085	bm_minus_fib_z	-0.106815421795367
null_at1r_0085	basement_membrane_score_z	0.114115986947278
null_at1r_0086	bm_minus_fib_z	-0.102953766001812
null_at1r_0086	basement_membrane_score_z	0.0342256629006605
null_at1r_0087	bm_minus_fib_z	-0.1160461138631
null_at1r_0087	basement_membrane_score_z	0.0490132304995467
null_at1r_0088	bm_minus_fib_z	-0.117465384130661
null_at1r_0088	basement_membrane_score_z	0.107247692115347
null_at1r_0089	bm_minus_fib_z	-0.118096066477513
null_at1r_0089	basement_membrane_score_z	0.127552267639998
null_at1r_0090	bm_minus_fib_z	-0.0638697027804829
null_at1r_0090	basement_membrane_score_z	0.0541023159813844
null_at1r_0091	bm_minus_fib_z	-0.0963352378703445
null_at1r_0091	basement_membrane_score_z	0.0631711161911019
null_at1r_0092	bm_minus_fib_z	-0.0821605714209533
null_at1r_0092	basement_membrane_score_z	0.0529410559861257
null_at1r_0093	bm_minus_fib_z	-0.125541796325638
null_at1r_0093	basement_membrane_score_z	0.039410275372847
null_at1r_0094	bm_minus_fib_z	-0.100537954743386
null_at1r_0094	basement_membrane_score_z	0.105033670212395
null_at1r_0095	bm_minus_fib_z	-0.128806611862376
null_at1r_0095	basement_membrane_score_z	0.125773311147025
null_at1r_0096	bm_minus_fib_z	-0.11528432475762
null_at1r_0096	basement_membrane_score_z	0.0455092938449317
null_at1r_0097	bm_minus_fib_z	-0.140365099800134
null_at1r_0097	basement_membrane_score_z	0.0947018573895682
null_at1r_0098	bm_minus_fib_z	-0.121687793351354
null_at1r_0098	basement_membrane_score_z	0.103679460563741
null_at1r_0099	bm_minus_fib_z	-0.0953346277522307
null_at1r_0099	basement_membrane_score_z	0.0696598818093949
null_at1r_0100	bm_minus_fib_z	-0.136527198275069
null_at1r_0100	basement_membrane_score_z	0.101379185361664
null_at1r_0101	bm_minus_fib_z	-0.0976161923563138
null_at1r_0101	basement_membrane_score_z	0.0542132444383993
null_at1r_0102	bm_minus_fib_z	-0.132352262347268
null_at1r_0102	basement_membrane_score_z	0.128356947162594
null_at1r_0103	bm_minus_fib_z	-0.101330444464337
null_at1r_0103	basement_membrane_score_z	0.0487668442585726
null_at1r_0104	bm_minus_fib_z	-0.078511942083931
null_at1r_0104	basement_membrane_score_z	0.0642067471535804
null_at1r_0105	bm_minus_fib_z	-0.097192478670444
null_at1r_0105	basement_membrane_score_z	0.115624320645561
null_at1r_0106	bm_minus_fib_z	-0.124145564533851
null_at1r_0106	basement_membrane_score_z	0.0905642808662402
null_at1r_0107	bm_minus_fib_z	-0.136782279310903
null_at1r_0107	basement_membrane_score_z	0.145161705025639
null_at1r_0108	bm_minus_fib_z	-0.0972349782064878
null_at1r_0108	basement_membrane_score_z	0.0786808474329859
null_at1r_0109	bm_minus_fib_z	-0.110313488790641
null_at1r_0109	basement_membrane_score_z	0.127205754500802
null_at1r_0110	bm_minus_fib_z	-0.10133287147215
null_at1r_0110	basement_membrane_score_z	0.0811548436292874
null_at1r_0111	bm_minus_fib_z	-0.138290004700173
null_at1r_0111	basement_membrane_score_z	0.115948848564539
null_at1r_0112	bm_minus_fib_z	-0.0858641511343503
null_at1r_0112	basement_membrane_score_z	0.114123880427761
null_at1r_0113	bm_minus_fib_z	-0.104136040735623
null_at1r_0113	basement_membrane_score_z	0.0941592847098273
null_at1r_0114	bm_minus_fib_z	-0.100829546017597
null_at1r_0114	basement_membrane_score_z	0.0782662165181153
null_at1r_0115	bm_minus_fib_z	-0.132592499600796
null_at1r_0115	basement_membrane_score_z	0.113538709506851
null_at1r_0116	bm_minus_fib_z	-0.0963264736812789
null_at1r_0116	basement_membrane_score_z	0.0840056559294487
null_at1r_0117	bm_minus_fib_z	-0.0889989256607352
null_at1r_0117	basement_membrane_score_z	0.111672922558619
null_at1r_0118	bm_minus_fib_z	-0.0963868056396052
null_at1r_0118	basement_membrane_score_z	0.0745865967108714
null_at1r_0119	bm_minus_fib_z	-0.123878332496231
null_at1r_0119	basement_membrane_score_z	0.0624362618553845
null_at1r_0120	bm_minus_fib_z	-0.0847767075998516
null_at1r_0120	basement_membrane_score_z	0.0585359178688097
null_at1r_0121	bm_minus_fib_z	-0.101530545319394
null_at1r_0121	basement_membrane_score_z	0.0979539755742085
null_at1r_0122	bm_minus_fib_z	-0.096533066356389
null_at1r_0122	basement_membrane_score_z	0.125016513890995
null_at1r_0123	bm_minus_fib_z	-0.140857320799377
null_at1r_0123	basement_membrane_score_z	0.1042200256849
null_at1r_0124	bm_minus_fib_z	-0.0793355543366259
null_at1r_0124	basement_membrane_score_z	0.0633435963174395
null_at1r_0125	bm_minus_fib_z	-0.119081893188519
null_at1r_0125	basement_membrane_score_z	0.0342884273083302
null_at1r_0126	bm_minus_fib_z	-0.120306007801956
null_at1r_0126	basement_membrane_score_z	0.0643120878819738
null_at1r_0127	bm_minus_fib_z	-0.115917630844555
null_at1r_0127	basement_membrane_score_z	0.0762874781957624
null_at1r_0128	bm_minus_fib_z	-0.122537498254766
null_at1r_0128	basement_membrane_score_z	0.128572212650027
null_at1r_0129	bm_minus_fib_z	-0.110805439261031
null_at1r_0129	basement_membrane_score_z	0.0627446275254181
null_at1r_0130	bm_minus_fib_z	-0.111780529756427
null_at1r_0130	basement_membrane_score_z	0.0603688495105047
null_at1r_0131	bm_minus_fib_z	-0.101554608697513
null_at1r_0131	basement_membrane_score_z	0.0537637563146126
null_at1r_0132	bm_minus_fib_z	-0.12371206324322
null_at1r_0132	basement_membrane_score_z	0.0480439903396628
null_at1r_0133	bm_minus_fib_z	-0.121663427818154
null_at1r_0133	basement_membrane_score_z	0.0610104406262987
null_at1r_0134	bm_minus_fib_z	-0.121534738204476
null_at1r_0134	basement_membrane_score_z	0.117808277633334
null_at1r_0135	bm_minus_fib_z	-0.0922437764828615
null_at1r_0135	basement_membrane_score_z	0.0977207169333448
null_at1r_0136	bm_minus_fib_z	-0.12222763534285
null_at1r_0136	basement_membrane_score_z	0.102087114908228
null_at1r_0137	bm_minus_fib_z	-0.113730205034807
null_at1r_0137	basement_membrane_score_z	0.0716688325464114
null_at1r_0138	bm_minus_fib_z	-0.133251032654463
null_at1r_0138	basement_membrane_score_z	0.0376977130682782
null_at1r_0139	bm_minus_fib_z	-0.116924379939459
null_at1r_0139	basement_membrane_score_z	0.0760377490604659
null_at1r_0140	bm_minus_fib_z	-0.118837135539902
null_at1r_0140	basement_membrane_score_z	0.129485098138826
null_at1r_0141	bm_minus_fib_z	-0.101929497586359
null_at1r_0141	basement_membrane_score_z	0.0719255570736898
null_at1r_0142	bm_minus_fib_z	-0.0828804391320337
null_at1r_0142	basement_membrane_score_z	0.119430711484074
null_at1r_0143	bm_minus_fib_z	-0.0816037342978611
null_at1r_0143	basement_membrane_score_z	0.113437389165688
null_at1r_0144	bm_minus_fib_z	-0.102772381612984
null_at1r_0144	basement_membrane_score_z	0.0405251686702536
null_at1r_0145	bm_minus_fib_z	-0.100301850017298
null_at1r_0145	basement_membrane_score_z	0.0324496014788708
null_at1r_0146	bm_minus_fib_z	-0.0896477965857103
null_at1r_0146	basement_membrane_score_z	0.0994865985056324
null_at1r_0147	bm_minus_fib_z	-0.0839939933160015
null_at1r_0147	basement_membrane_score_z	0.0608939858465483
null_at1r_0148	bm_minus_fib_z	-0.11581456915963
null_at1r_0148	basement_membrane_score_z	0.10160223015958
null_at1r_0149	bm_minus_fib_z	-0.0737066491415502
null_at1r_0149	basement_membrane_score_z	0.0559828447254645
null_at1r_0150	bm_minus_fib_z	-0.151182253442433
null_at1r_0150	basement_membrane_score_z	0.0675059280506091
null_at1r_0151	bm_minus_fib_z	-0.117147599286028
null_at1r_0151	basement_membrane_score_z	0.128164619056211
null_at1r_0152	bm_minus_fib_z	-0.135420940658532
null_at1r_0152	basement_membrane_score_z	0.0840973232612654
null_at1r_0153	bm_minus_fib_z	-0.0739857617137092
null_at1r_0153	basement_membrane_score_z	0.0541508082467395
null_at1r_0154	bm_minus_fib_z	-0.0626631782137354
null_at1r_0154	basement_membrane_score_z	0.0664431414927349
null_at1r_0155	bm_minus_fib_z	-0.136228843400563
null_at1r_0155	basement_membrane_score_z	0.0668980653059946
null_at1r_0156	bm_minus_fib_z	-0.0962617930918751
null_at1r_0156	basement_membrane_score_z	0.0835667018553703
null_at1r_0157	bm_minus_fib_z	-0.0811932314248173
null_at1r_0157	basement_membrane_score_z	0.072112286856891
null_at1r_0158	bm_minus_fib_z	-0.139774230045026
null_at1r_0158	basement_membrane_score_z	0.0916574456706131
null_at1r_0159	bm_minus_fib_z	-0.085172879745424
null_at1r_0159	basement_membrane_score_z	0.0679389028397667
null_at1r_0160	bm_minus_fib_z	-0.136888141688669
null_at1r_0160	basement_membrane_score_z	0.0730717311392663
null_at1r_0161	bm_minus_fib_z	-0.0979313513558102
null_at1r_0161	basement_membrane_score_z	0.083182965946858
null_at1r_0162	bm_minus_fib_z	-0.0815650082547062
null_at1r_0162	basement_membrane_score_z	0.0663920952361093
null_at1r_0163	bm_minus_fib_z	-0.137766008663845
null_at1r_0163	basement_membrane_score_z	0.0843061146196503
null_at1r_0164	bm_minus_fib_z	-0.0588536476141452
null_at1r_0164	basement_membrane_score_z	0.0537695218378757
null_at1r_0165	bm_minus_fib_z	-0.142323243206208
null_at1r_0165	basement_membrane_score_z	0.147869669536547
null_at1r_0166	bm_minus_fib_z	-0.12287147934857
null_at1r_0166	basement_membrane_score_z	0.12580931959109
null_at1r_0167	bm_minus_fib_z	-0.109835519841217
null_at1r_0167	basement_membrane_score_z	0.104083041289586
null_at1r_0168	bm_minus_fib_z	-0.0937190148198357
null_at1r_0168	basement_membrane_score_z	0.0659990753255509
null_at1r_0169	bm_minus_fib_z	-0.0970836927324229
null_at1r_0169	basement_membrane_score_z	0.0239338294660452
null_at1r_0170	bm_minus_fib_z	-0.0809991072860599
null_at1r_0170	basement_membrane_score_z	0.045572056685266
null_at1r_0171	bm_minus_fib_z	-0.11639087694655
null_at1r_0171	basement_membrane_score_z	0.0526698560992308
null_at1r_0172	bm_minus_fib_z	-0.126392331025911
null_at1r_0172	basement_membrane_score_z	0.0840440468909551
null_at1r_0173	bm_minus_fib_z	-0.129105527983756
null_at1r_0173	basement_membrane_score_z	0.0658645798730752
null_at1r_0174	bm_minus_fib_z	-0.0991224442958033
null_at1r_0174	basement_membrane_score_z	0.0558019806265631
null_at1r_0175	bm_minus_fib_z	-0.0827465327657303
null_at1r_0175	basement_membrane_score_z	0.120086613912562
null_at1r_0176	bm_minus_fib_z	-0.107838204877816
null_at1r_0176	basement_membrane_score_z	0.0509180665047611
null_at1r_0177	bm_minus_fib_z	-0.113604161173825
null_at1r_0177	basement_membrane_score_z	0.105921217866764
null_at1r_0178	bm_minus_fib_z	-0.122934351154282
null_at1r_0178	basement_membrane_score_z	0.132893013364691
null_at1r_0179	bm_minus_fib_z	-0.0956445328474529
null_at1r_0179	basement_membrane_score_z	0.0809489509623187
null_at1r_0180	bm_minus_fib_z	-0.0819690243927439
null_at1r_0180	basement_membrane_score_z	0.102713433348693
null_at1r_0181	bm_minus_fib_z	-0.115486106391722
null_at1r_0181	basement_membrane_score_z	0.124879588699744
null_at1r_0182	bm_minus_fib_z	-0.0914775484747279
null_at1r_0182	basement_membrane_score_z	0.1134330567256
null_at1r_0183	bm_minus_fib_z	-0.136404251223881
null_at1r_0183	basement_membrane_score_z	0.146398127251574
null_at1r_0184	bm_minus_fib_z	-0.0949385717138399
null_at1r_0184	basement_membrane_score_z	0.0516308958908805
null_at1r_0185	bm_minus_fib_z	-0.0727769201125826
null_at1r_0185	basement_membrane_score_z	0.106975559573343
null_at1r_0186	bm_minus_fib_z	-0.0672116253779755
null_at1r_0186	basement_membrane_score_z	0.0670001297627141
null_at1r_0187	bm_minus_fib_z	-0.109946384167899
null_at1r_0187	basement_membrane_score_z	0.144635760063414
null_at1r_0188	bm_minus_fib_z	-0.111757144719909
null_at1r_0188	basement_membrane_score_z	0.11891790958784
null_at1r_0189	bm_minus_fib_z	-0.0798114766027544
null_at1r_0189	basement_membrane_score_z	0.0634959845255392
null_at1r_0190	bm_minus_fib_z	-0.0891087273084847
null_at1r_0190	basement_membrane_score_z	0.068364232168892
null_at1r_0191	bm_minus_fib_z	-0.126255852137996
null_at1r_0191	basement_membrane_score_z	0.0875721857984482
null_at1r_0192	bm_minus_fib_z	-0.104394314908084
null_at1r_0192	basement_membrane_score_z	0.102502876750489
null_at1r_0193	bm_minus_fib_z	-0.129211243291668
null_at1r_0193	basement_membrane_score_z	0.119733675453875
null_at1r_0194	bm_minus_fib_z	-0.117330872960445
null_at1r_0194	basement_membrane_score_z	0.0588484353205131
null_at1r_0195	bm_minus_fib_z	-0.0923610709856139
null_at1r_0195	basement_membrane_score_z	0.0795486014348642
null_at1r_0196	bm_minus_fib_z	-0.132604158448719
null_at1r_0196	basement_membrane_score_z	0.100263974214848
null_at1r_0197	bm_minus_fib_z	-0.104779217677489
null_at1r_0197	basement_membrane_score_z	0.0541304923263025
null_at1r_0198	bm_minus_fib_z	-0.106071003752902
null_at1r_0198	basement_membrane_score_z	0.0984175868498606
null_at1r_0199	bm_minus_fib_z	-0.0996995515422146
null_at1r_0199	basement_membrane_score_z	0.0721040887469
null_at1r_0200	bm_minus_fib_z	-0.0623724411418653
null_at1r_0200	basement_membrane_score_z	0.0506266741365021
null_at1r_0201	bm_minus_fib_z	-0.0651487689793689
null_at1r_0201	basement_membrane_score_z	0.0412120342591332
null_at1r_0202	bm_minus_fib_z	-0.126743196320748
null_at1r_0202	basement_membrane_score_z	0.07550187822197
null_at1r_0203	bm_minus_fib_z	-0.116855410121545
null_at1r_0203	basement_membrane_score_z	0.13125785448974
null_at1r_0204	bm_minus_fib_z	-0.12061429242088
null_at1r_0204	basement_membrane_score_z	0.0472540186199615
null_at1r_0205	bm_minus_fib_z	-0.143021282988167
null_at1r_0205	basement_membrane_score_z	0.0833206386944632
null_at1r_0206	bm_minus_fib_z	-0.0937487814249291
null_at1r_0206	basement_membrane_score_z	0.103675756914724
null_at1r_0207	bm_minus_fib_z	-0.0854306135620977
null_at1r_0207	basement_membrane_score_z	0.0676106172599944
null_at1r_0208	bm_minus_fib_z	-0.117955897206277
null_at1r_0208	basement_membrane_score_z	0.0630304821060024
null_at1r_0209	bm_minus_fib_z	-0.148134588957355
null_at1r_0209	basement_membrane_score_z	0.107309224234501
null_at1r_0210	bm_minus_fib_z	-0.112466001288196
null_at1r_0210	basement_membrane_score_z	0.124696780480453
null_at1r_0211	bm_minus_fib_z	-0.136525791745853
null_at1r_0211	basement_membrane_score_z	0.122857157813958
null_at1r_0212	bm_minus_fib_z	-0.113357845913049
null_at1r_0212	basement_membrane_score_z	0.0905662980858138
null_at1r_0213	bm_minus_fib_z	-0.0868838707728748
null_at1r_0213	basement_membrane_score_z	0.0724738930540928
null_at1r_0214	bm_minus_fib_z	-0.130151039103569
null_at1r_0214	basement_membrane_score_z	0.100963492447399
null_at1r_0215	bm_minus_fib_z	-0.137702770248313
null_at1r_0215	basement_membrane_score_z	0.0628606740955222
null_at1r_0216	bm_minus_fib_z	-0.116440338092035
null_at1r_0216	basement_membrane_score_z	0.0478711258462346
null_at1r_0217	bm_minus_fib_z	-0.0681995446100714
null_at1r_0217	basement_membrane_score_z	0.0806766695825272
null_at1r_0218	bm_minus_fib_z	-0.1105989849769
null_at1r_0218	basement_membrane_score_z	0.0982431827703928
null_at1r_0219	bm_minus_fib_z	-0.110689585567239
null_at1r_0219	basement_membrane_score_z	0.0469172257271047
null_at1r_0220	bm_minus_fib_z	-0.122105306599227
null_at1r_0220	basement_membrane_score_z	0.140201426202154
null_at1r_0221	bm_minus_fib_z	-0.0930102251563402
null_at1r_0221	basement_membrane_score_z	0.135945428861501
null_at1r_0222	bm_minus_fib_z	-0.114923762804014
null_at1r_0222	basement_membrane_score_z	0.0979540194379524
null_at1r_0223	bm_minus_fib_z	-0.0798743782690005
null_at1r_0223	basement_membrane_score_z	0.099765172724869
null_at1r_0224	bm_minus_fib_z	-0.116454652556734
null_at1r_0224	basement_membrane_score_z	0.095220917257217
null_at1r_0225	bm_minus_fib_z	-0.0988095479538232
null_at1r_0225	basement_membrane_score_z	0.0317788709220597
null_at1r_0226	bm_minus_fib_z	-0.142425326007862
null_at1r_0226	basement_membrane_score_z	0.0822667117541685
null_at1r_0227	bm_minus_fib_z	-0.134737821335224
null_at1r_0227	basement_membrane_score_z	0.04173198728557
null_at1r_0228	bm_minus_fib_z	-0.137266703072591
null_at1r_0228	basement_membrane_score_z	0.108481380271462
null_at1r_0229	bm_minus_fib_z	-0.0845980949428494
null_at1r_0229	basement_membrane_score_z	0.103748671165797
null_at1r_0230	bm_minus_fib_z	-0.115018654938574
null_at1r_0230	basement_membrane_score_z	0.099270722492028
null_at1r_0231	bm_minus_fib_z	-0.104292793133001
null_at1r_0231	basement_membrane_score_z	0.0754155499395591
null_at1r_0232	bm_minus_fib_z	-0.0925437873228054
null_at1r_0232	basement_membrane_score_z	0.112219689242146
null_at1r_0233	bm_minus_fib_z	-0.108185171163927
null_at1r_0233	basement_membrane_score_z	0.0772478844760415
null_at1r_0234	bm_minus_fib_z	-0.130085418833295
null_at1r_0234	basement_membrane_score_z	0.116607069284669
null_at1r_0235	bm_minus_fib_z	-0.126408531376208
null_at1r_0235	basement_membrane_score_z	0.121939412159469
null_at1r_0236	bm_minus_fib_z	-0.0921244620801656
null_at1r_0236	basement_membrane_score_z	0.130785835294806
null_at1r_0237	bm_minus_fib_z	-0.12967871125628
null_at1r_0237	basement_membrane_score_z	0.070390508120478
null_at1r_0238	bm_minus_fib_z	-0.0762042443635191
null_at1r_0238	basement_membrane_score_z	0.083491174944421
null_at1r_0239	bm_minus_fib_z	-0.106777027578813
null_at1r_0239	basement_membrane_score_z	0.0757662405698933
null_at1r_0240	bm_minus_fib_z	-0.118270010175415
null_at1r_0240	basement_membrane_score_z	0.129866604001687
null_at1r_0241	bm_minus_fib_z	-0.0880350945879385
null_at1r_0241	basement_membrane_score_z	0.122644478098973
null_at1r_0242	bm_minus_fib_z	-0.112321845866509
null_at1r_0242	basement_membrane_score_z	0.112506319656908
null_at1r_0243	bm_minus_fib_z	-0.0935687303338038
null_at1r_0243	basement_membrane_score_z	0.0863416831664256
null_at1r_0244	bm_minus_fib_z	-0.109703708265624
null_at1r_0244	basement_membrane_score_z	0.124777444100699
null_at1r_0245	bm_minus_fib_z	-0.110792482496815
null_at1r_0245	basement_membrane_score_z	0.0942922676613322
null_at1r_0246	bm_minus_fib_z	-0.100908291862688
null_at1r_0246	basement_membrane_score_z	0.121503860419083
null_at1r_0247	bm_minus_fib_z	-0.110394688545355
null_at1r_0247	basement_membrane_score_z	0.0672615199871579
null_at1r_0248	bm_minus_fib_z	-0.107395813640259
null_at1r_0248	basement_membrane_score_z	0.0893230923678894
null_at1r_0249	bm_minus_fib_z	-0.125806192764241
null_at1r_0249	basement_membrane_score_z	0.0941756497300555
null_at1r_0250	bm_minus_fib_z	-0.107112803894675
null_at1r_0250	basement_membrane_score_z	0.0561951195489678
null_at1r_0251	bm_minus_fib_z	-0.10400879055937
null_at1r_0251	basement_membrane_score_z	0.0511424615706604
null_at1r_0252	bm_minus_fib_z	-0.122843968733378
null_at1r_0252	basement_membrane_score_z	0.0930125602129701
null_at1r_0253	bm_minus_fib_z	-0.128281319934826
null_at1r_0253	basement_membrane_score_z	0.134418394879953
null_at1r_0254	bm_minus_fib_z	-0.0736930105310572
null_at1r_0254	basement_membrane_score_z	0.0792658344994892
null_at1r_0255	bm_minus_fib_z	-0.104047473533473
null_at1r_0255	basement_membrane_score_z	0.132513488524199
null_at1r_0256	bm_minus_fib_z	-0.113664250421608
null_at1r_0256	basement_membrane_score_z	0.0799716902073484
null_at1r_0257	bm_minus_fib_z	-0.125524656759057
null_at1r_0257	basement_membrane_score_z	0.0951886949682272
null_at1r_0258	bm_minus_fib_z	-0.116121412667729
null_at1r_0258	basement_membrane_score_z	0.10116295059368
null_at1r_0259	bm_minus_fib_z	-0.120769428829608
null_at1r_0259	basement_membrane_score_z	0.0991289846846315
null_at1r_0260	bm_minus_fib_z	-0.133407928248091
null_at1r_0260	basement_membrane_score_z	0.0680785807237223
null_at1r_0261	bm_minus_fib_z	-0.0881693213182002
null_at1r_0261	basement_membrane_score_z	0.0666105279132569
null_at1r_0262	bm_minus_fib_z	-0.119836133105459
null_at1r_0262	basement_membrane_score_z	0.0648534186349549
null_at1r_0263	bm_minus_fib_z	-0.0874688892406787
null_at1r_0263	basement_membrane_score_z	0.0730230931217638
null_at1r_0264	bm_minus_fib_z	-0.0929770587483931
null_at1r_0264	basement_membrane_score_z	0.0566937031628999
null_at1r_0265	bm_minus_fib_z	-0.10972081906587
null_at1r_0265	basement_membrane_score_z	0.0557302225895411
null_at1r_0266	bm_minus_fib_z	-0.118476369719144
null_at1r_0266	basement_membrane_score_z	0.0919209151054781
null_at1r_0267	bm_minus_fib_z	-0.12823979237519
null_at1r_0267	basement_membrane_score_z	0.139694247538229
null_at1r_0268	bm_minus_fib_z	-0.133585350268497
null_at1r_0268	basement_membrane_score_z	0.0807821975544553
null_at1r_0269	bm_minus_fib_z	-0.0856867429493386
null_at1r_0269	basement_membrane_score_z	0.12414120027656
null_at1r_0270	bm_minus_fib_z	-0.120824068773064
null_at1r_0270	basement_membrane_score_z	0.0645936556409682
null_at1r_0271	bm_minus_fib_z	-0.0946618975277519
null_at1r_0271	basement_membrane_score_z	0.062286896704047
null_at1r_0272	bm_minus_fib_z	-0.125792580935716
null_at1r_0272	basement_membrane_score_z	0.0875177798089921
null_at1r_0273	bm_minus_fib_z	-0.116297855986423
null_at1r_0273	basement_membrane_score_z	0.0840129635988361
null_at1r_0274	bm_minus_fib_z	-0.11713878435821
null_at1r_0274	basement_membrane_score_z	0.0542558559450488
null_at1r_0275	bm_minus_fib_z	-0.10560514817801
null_at1r_0275	basement_membrane_score_z	0.0633947199557233
null_at1r_0276	bm_minus_fib_z	-0.101787672536928
null_at1r_0276	basement_membrane_score_z	0.0682503681657931
null_at1r_0277	bm_minus_fib_z	-0.140011024099898
null_at1r_0277	basement_membrane_score_z	0.0596535742222821
null_at1r_0278	bm_minus_fib_z	-0.117566965088784
null_at1r_0278	basement_membrane_score_z	0.0914611856300874
null_at1r_0279	bm_minus_fib_z	-0.098717595586504
null_at1r_0279	basement_membrane_score_z	0.110551164693305
null_at1r_0280	bm_minus_fib_z	-0.103265372864015
null_at1r_0280	basement_membrane_score_z	0.116012154466008
null_at1r_0281	bm_minus_fib_z	-0.0836765196319182
null_at1r_0281	basement_membrane_score_z	0.0816396164624686
null_at1r_0282	bm_minus_fib_z	-0.101969629475856
null_at1r_0282	basement_membrane_score_z	0.0732882588794147
null_at1r_0283	bm_minus_fib_z	-0.106489792111593
null_at1r_0283	basement_membrane_score_z	0.0506290506842353
null_at1r_0284	bm_minus_fib_z	-0.0864920565733062
null_at1r_0284	basement_membrane_score_z	0.0722693430464443
null_at1r_0285	bm_minus_fib_z	-0.103639586330719
null_at1r_0285	basement_membrane_score_z	0.0679629516186575
null_at1r_0286	bm_minus_fib_z	-0.096682709863482
null_at1r_0286	basement_membrane_score_z	0.118696072542429
null_at1r_0287	bm_minus_fib_z	-0.130470903335531
null_at1r_0287	basement_membrane_score_z	0.109751518355134
null_at1r_0288	bm_minus_fib_z	-0.0977341773156134
null_at1r_0288	basement_membrane_score_z	0.0262943104504739
null_at1r_0289	bm_minus_fib_z	-0.111580106806145
null_at1r_0289	basement_membrane_score_z	0.0683539425314742
null_at1r_0290	bm_minus_fib_z	-0.103414222343283
null_at1r_0290	basement_membrane_score_z	0.117588786604701
null_at1r_0291	bm_minus_fib_z	-0.159761064496127
null_at1r_0291	basement_membrane_score_z	0.0958367818873506
null_at1r_0292	bm_minus_fib_z	-0.0971372811235629
null_at1r_0292	basement_membrane_score_z	0.0856643824415275
null_at1r_0293	bm_minus_fib_z	-0.0816786176814423
null_at1r_0293	basement_membrane_score_z	0.0908211310949855
null_at1r_0294	bm_minus_fib_z	-0.09373161036465
null_at1r_0294	basement_membrane_score_z	0.105643663408239
null_at1r_0295	bm_minus_fib_z	-0.12055565041665
null_at1r_0295	basement_membrane_score_z	0.101796033689923
null_at1r_0296	bm_minus_fib_z	-0.113697972363413
null_at1r_0296	basement_membrane_score_z	0.0597624052776917
null_at1r_0297	bm_minus_fib_z	-0.110313348921435
null_at1r_0297	basement_membrane_score_z	0.120689849805993
null_at1r_0298	bm_minus_fib_z	-0.0937049053025104
null_at1r_0298	basement_membrane_score_z	0.137967155731677
null_at1r_0299	bm_minus_fib_z	-0.094060698148412
null_at1r_0299	basement_membrane_score_z	0.0628238518397389
null_at1r_0300	bm_minus_fib_z	-0.0686797898687788
null_at1r_0300	basement_membrane_score_z	0.0668124442742604
null_at1r_0301	bm_minus_fib_z	-0.133982007389583
null_at1r_0301	basement_membrane_score_z	0.0977642302647857
null_at1r_0302	bm_minus_fib_z	-0.132888369896481
null_at1r_0302	basement_membrane_score_z	0.113619748707736
null_at1r_0303	bm_minus_fib_z	-0.135103584743876
null_at1r_0303	basement_membrane_score_z	0.115841436421602
null_at1r_0304	bm_minus_fib_z	-0.116598482520073
null_at1r_0304	basement_membrane_score_z	0.0494033928005347
null_at1r_0305	bm_minus_fib_z	-0.10787151141753
null_at1r_0305	basement_membrane_score_z	0.087844738269303
null_at1r_0306	bm_minus_fib_z	-0.117747158292571
null_at1r_0306	basement_membrane_score_z	0.113277196546982
null_at1r_0307	bm_minus_fib_z	-0.0824102310466106
null_at1r_0307	basement_membrane_score_z	0.105663491982997
null_at1r_0308	bm_minus_fib_z	-0.0743942632952094
null_at1r_0308	basement_membrane_score_z	0.0867551764476106
null_at1r_0309	bm_minus_fib_z	-0.133869828537711
null_at1r_0309	basement_membrane_score_z	0.0939079288238826
null_at1r_0310	bm_minus_fib_z	-0.107737307166278
null_at1r_0310	basement_membrane_score_z	0.120370841449574
null_at1r_0311	bm_minus_fib_z	-0.110544438857755
null_at1r_0311	basement_membrane_score_z	0.0850121422136672
null_at1r_0312	bm_minus_fib_z	-0.0985676041794969
null_at1r_0312	basement_membrane_score_z	0.0598127130603367
null_at1r_0313	bm_minus_fib_z	-0.133816358467788
null_at1r_0313	basement_membrane_score_z	0.10309052331281
null_at1r_0314	bm_minus_fib_z	-0.0914930810469178
null_at1r_0314	basement_membrane_score_z	0.0755073882630782
null_at1r_0315	bm_minus_fib_z	-0.0931288145289052
null_at1r_0315	basement_membrane_score_z	0.0855805787738139
null_at1r_0316	bm_minus_fib_z	-0.116457560211384
null_at1r_0316	basement_membrane_score_z	0.136461457765304
null_at1r_0317	bm_minus_fib_z	-0.114049647283586
null_at1r_0317	basement_membrane_score_z	0.109999414478286
null_at1r_0318	bm_minus_fib_z	-0.116480203243594
null_at1r_0318	basement_membrane_score_z	0.0719462222474858
null_at1r_0319	bm_minus_fib_z	-0.11561401159258
null_at1r_0319	basement_membrane_score_z	0.108775517628544
null_at1r_0320	bm_minus_fib_z	-0.0840116402304794
null_at1r_0320	basement_membrane_score_z	0.0733851334732147
null_at1r_0321	bm_minus_fib_z	-0.127402362605126
null_at1r_0321	basement_membrane_score_z	0.0349740381570174
null_at1r_0322	bm_minus_fib_z	-0.063998812497248
null_at1r_0322	basement_membrane_score_z	0.0638500514034202
null_at1r_0323	bm_minus_fib_z	-0.0526140195327737
null_at1r_0323	basement_membrane_score_z	0.0608013124167231
null_at1r_0324	bm_minus_fib_z	-0.0948200815439856
null_at1r_0324	basement_membrane_score_z	0.0640992377781244
null_at1r_0325	bm_minus_fib_z	-0.0606989337784272
null_at1r_0325	basement_membrane_score_z	0.0493948951669417
null_at1r_0326	bm_minus_fib_z	-0.100363659309766
null_at1r_0326	basement_membrane_score_z	0.0532659988968078
null_at1r_0327	bm_minus_fib_z	-0.0911691602399374
null_at1r_0327	basement_membrane_score_z	0.113300842411809
null_at1r_0328	bm_minus_fib_z	-0.062133062754005
null_at1r_0328	basement_membrane_score_z	0.0704980948567452
null_at1r_0329	bm_minus_fib_z	-0.0943533416242332
null_at1r_0329	basement_membrane_score_z	0.078222388681777
null_at1r_0330	bm_minus_fib_z	-0.13639201468102
null_at1r_0330	basement_membrane_score_z	0.0688564019463281
null_at1r_0331	bm_minus_fib_z	-0.111758606035116
null_at1r_0331	basement_membrane_score_z	0.0578817346098797
null_at1r_0332	bm_minus_fib_z	-0.10886208831676
null_at1r_0332	basement_membrane_score_z	0.0744302170549155
null_at1r_0333	bm_minus_fib_z	-0.0924628014046428
null_at1r_0333	basement_membrane_score_z	0.0688956698267853
null_at1r_0334	bm_minus_fib_z	-0.138291916788426
null_at1r_0334	basement_membrane_score_z	0.0800198756087704
null_at1r_0335	bm_minus_fib_z	-0.0945787627894346
null_at1r_0335	basement_membrane_score_z	0.103666648380479
null_at1r_0336	bm_minus_fib_z	-0.104268971530804
null_at1r_0336	basement_membrane_score_z	0.05281436012702
null_at1r_0337	bm_minus_fib_z	-0.119800529019882
null_at1r_0337	basement_membrane_score_z	0.052467857695846
null_at1r_0338	bm_minus_fib_z	-0.10793884532991
null_at1r_0338	basement_membrane_score_z	0.110280785992552
null_at1r_0339	bm_minus_fib_z	-0.109896409003951
null_at1r_0339	basement_membrane_score_z	0.125640883997117
null_at1r_0340	bm_minus_fib_z	-0.0835350487645885
null_at1r_0340	basement_membrane_score_z	0.0785214183327179
null_at1r_0341	bm_minus_fib_z	-0.0959869356517144
null_at1r_0341	basement_membrane_score_z	0.10989643139359
null_at1r_0342	bm_minus_fib_z	-0.119055419970474
null_at1r_0342	basement_membrane_score_z	0.0950815627957406
null_at1r_0343	bm_minus_fib_z	-0.0895689555581532
null_at1r_0343	basement_membrane_score_z	0.0538926592408823
null_at1r_0344	bm_minus_fib_z	-0.0653801613173274
null_at1r_0344	basement_membrane_score_z	0.0390280871372143
null_at1r_0345	bm_minus_fib_z	-0.116561781111109
null_at1r_0345	basement_membrane_score_z	0.049123376706654
null_at1r_0346	bm_minus_fib_z	-0.113676490901874
null_at1r_0346	basement_membrane_score_z	0.126429023112451
null_at1r_0347	bm_minus_fib_z	-0.0908218311012619
null_at1r_0347	basement_membrane_score_z	0.0997703233045595
null_at1r_0348	bm_minus_fib_z	-0.11977196507426
null_at1r_0348	basement_membrane_score_z	0.110905374180487
null_at1r_0349	bm_minus_fib_z	-0.101926116402521
null_at1r_0349	basement_membrane_score_z	0.106407625021963
null_at1r_0350	bm_minus_fib_z	-0.0952540822567
null_at1r_0350	basement_membrane_score_z	0.0443528175819852
null_at1r_0351	bm_minus_fib_z	-0.0930907853972641
null_at1r_0351	basement_membrane_score_z	0.107288113248316
null_at1r_0352	bm_minus_fib_z	-0.128923728373754
null_at1r_0352	basement_membrane_score_z	0.0483704944459355
null_at1r_0353	bm_minus_fib_z	-0.128758242029362
null_at1r_0353	basement_membrane_score_z	0.0537162187229674
null_at1r_0354	bm_minus_fib_z	-0.0870328080730277
null_at1r_0354	basement_membrane_score_z	0.12145945214541
null_at1r_0355	bm_minus_fib_z	-0.122548079431837
null_at1r_0355	basement_membrane_score_z	0.1301604708115
null_at1r_0356	bm_minus_fib_z	-0.11394461018408
null_at1r_0356	basement_membrane_score_z	0.128041989671519
null_at1r_0357	bm_minus_fib_z	-0.145362793078284
null_at1r_0357	basement_membrane_score_z	0.127173613378514
null_at1r_0358	bm_minus_fib_z	-0.104756949341967
null_at1r_0358	basement_membrane_score_z	0.0693612351016809
null_at1r_0359	bm_minus_fib_z	-0.0999074126184325
null_at1r_0359	basement_membrane_score_z	0.124928980758596
null_at1r_0360	bm_minus_fib_z	-0.0707774505869298
null_at1r_0360	basement_membrane_score_z	0.0710288540314884
null_at1r_0361	bm_minus_fib_z	-0.109145001006511
null_at1r_0361	basement_membrane_score_z	0.0693550815757029
null_at1r_0362	bm_minus_fib_z	-0.0745435182697322
null_at1r_0362	basement_membrane_score_z	0.103558756535728
null_at1r_0363	bm_minus_fib_z	-0.0924110452383188
null_at1r_0363	basement_membrane_score_z	0.0422704752957369
null_at1r_0364	bm_minus_fib_z	-0.0765322399463693
null_at1r_0364	basement_membrane_score_z	0.0748815089210854
null_at1r_0365	bm_minus_fib_z	-0.118906433929347
null_at1r_0365	basement_membrane_score_z	0.101157306833505
null_at1r_0366	bm_minus_fib_z	-0.101770265730237
null_at1r_0366	basement_membrane_score_z	0.0873305055562693
null_at1r_0367	bm_minus_fib_z	-0.074724196934096
null_at1r_0367	basement_membrane_score_z	0.0965085756314254
null_at1r_0368	bm_minus_fib_z	-0.104189399645918
null_at1r_0368	basement_membrane_score_z	0.0882141174589592
null_at1r_0369	bm_minus_fib_z	-0.10204768033077
null_at1r_0369	basement_membrane_score_z	0.0613585550937271
null_at1r_0370	bm_minus_fib_z	-0.101989624756906
null_at1r_0370	basement_membrane_score_z	0.0428773368516966
null_at1r_0371	bm_minus_fib_z	-0.139906253735665
null_at1r_0371	basement_membrane_score_z	0.115670583492413
null_at1r_0372	bm_minus_fib_z	-0.087828910213849
null_at1r_0372	basement_membrane_score_z	0.106476520760368
null_at1r_0373	bm_minus_fib_z	-0.12150628797069
null_at1r_0373	basement_membrane_score_z	0.0465620938008846
null_at1r_0374	bm_minus_fib_z	-0.138191399021464
null_at1r_0374	basement_membrane_score_z	0.0989567167163959
null_at1r_0375	bm_minus_fib_z	-0.0832755167605742
null_at1r_0375	basement_membrane_score_z	0.0857126667771019
null_at1r_0376	bm_minus_fib_z	-0.107908082493948
null_at1r_0376	basement_membrane_score_z	0.0669117660767697
null_at1r_0377	bm_minus_fib_z	-0.105075871234933
null_at1r_0377	basement_membrane_score_z	0.092401602354953
null_at1r_0378	bm_minus_fib_z	-0.104362139537928
null_at1r_0378	basement_membrane_score_z	0.0690279453122803
null_at1r_0379	bm_minus_fib_z	-0.107868803420052
null_at1r_0379	basement_membrane_score_z	0.0416929612683465
null_at1r_0380	bm_minus_fib_z	-0.0807920509481039
null_at1r_0380	basement_membrane_score_z	0.080581087093177
null_at1r_0381	bm_minus_fib_z	-0.0989755154334094
null_at1r_0381	basement_membrane_score_z	0.0725117322018102
null_at1r_0382	bm_minus_fib_z	-0.118283216805361
null_at1r_0382	basement_membrane_score_z	0.0879015486429399
null_at1r_0383	bm_minus_fib_z	-0.085542332481998
null_at1r_0383	basement_membrane_score_z	0.116173673133458
null_at1r_0384	bm_minus_fib_z	-0.0883369677053353
null_at1r_0384	basement_membrane_score_z	0.0672239639390662
null_at1r_0385	bm_minus_fib_z	-0.0947178570008926
null_at1r_0385	basement_membrane_score_z	0.0401226150785549
null_at1r_0386	bm_minus_fib_z	-0.076341412253041
null_at1r_0386	basement_membrane_score_z	0.114773147653361
null_at1r_0387	bm_minus_fib_z	-0.106017303231553
null_at1r_0387	basement_membrane_score_z	0.0949817345889142
null_at1r_0388	bm_minus_fib_z	-0.0976140419726076
null_at1r_0388	basement_membrane_score_z	0.0535389047699842
null_at1r_0389	bm_minus_fib_z	-0.104674220236777
null_at1r_0389	basement_membrane_score_z	0.0305060572965551
null_at1r_0390	bm_minus_fib_z	-0.125948758976039
null_at1r_0390	basement_membrane_score_z	0.0312589970536548
null_at1r_0391	bm_minus_fib_z	-0.0815729228196008
null_at1r_0391	basement_membrane_score_z	0.070988181471628
null_at1r_0392	bm_minus_fib_z	-0.0974380900574016
null_at1r_0392	basement_membrane_score_z	0.0660131418129872
null_at1r_0393	bm_minus_fib_z	-0.107890054421977
null_at1r_0393	basement_membrane_score_z	0.0883499697792863
null_at1r_0394	bm_minus_fib_z	-0.134967701448189
null_at1r_0394	basement_membrane_score_z	0.0968732607098841
null_at1r_0395	bm_minus_fib_z	-0.128126607502315
null_at1r_0395	basement_membrane_score_z	0.0516872937381391
null_at1r_0396	bm_minus_fib_z	-0.108437915600132
null_at1r_0396	basement_membrane_score_z	0.111642109837411
null_at1r_0397	bm_minus_fib_z	-0.126379739446422
null_at1r_0397	basement_membrane_score_z	0.0737570982603585
null_at1r_0398	bm_minus_fib_z	-0.12812021168379
null_at1r_0398	basement_membrane_score_z	0.110847354018411
null_at1r_0399	bm_minus_fib_z	-0.109378416658684
null_at1r_0399	basement_membrane_score_z	0.100897635527202
null_at1r_0400	bm_minus_fib_z	-0.106957522640689
null_at1r_0400	basement_membrane_score_z	0.107210942762568
null_at1r_0401	bm_minus_fib_z	-0.0989819181203168
null_at1r_0401	basement_membrane_score_z	0.0971597728119333
null_at1r_0402	bm_minus_fib_z	-0.120066105415078
null_at1r_0402	basement_membrane_score_z	0.109440595085904
null_at1r_0403	bm_minus_fib_z	-0.105879134545491
null_at1r_0403	basement_membrane_score_z	0.0531555932140242
null_at1r_0404	bm_minus_fib_z	-0.114707759194293
null_at1r_0404	basement_membrane_score_z	0.102207734146121
null_at1r_0405	bm_minus_fib_z	-0.120807800960907
null_at1r_0405	basement_membrane_score_z	0.101787678388884
null_at1r_0406	bm_minus_fib_z	-0.106448632971637
null_at1r_0406	basement_membrane_score_z	0.0981897661504917
null_at1r_0407	bm_minus_fib_z	-0.101589084240202
null_at1r_0407	basement_membrane_score_z	0.116044441551825
null_at1r_0408	bm_minus_fib_z	-0.0862071341088901
null_at1r_0408	basement_membrane_score_z	0.0691357171226278
null_at1r_0409	bm_minus_fib_z	-0.115093524622375
null_at1r_0409	basement_membrane_score_z	0.0814597307267596
null_at1r_0410	bm_minus_fib_z	-0.0969197341406221
null_at1r_0410	basement_membrane_score_z	0.0994421268117357
null_at1r_0411	bm_minus_fib_z	-0.116155165886648
null_at1r_0411	basement_membrane_score_z	0.104901491479015
null_at1r_0412	bm_minus_fib_z	-0.115804053913919
null_at1r_0412	basement_membrane_score_z	0.0579648132483157
null_at1r_0413	bm_minus_fib_z	-0.0924283847282616
null_at1r_0413	basement_membrane_score_z	0.0443037386044624
null_at1r_0414	bm_minus_fib_z	-0.0876029883424396
null_at1r_0414	basement_membrane_score_z	0.0865428040853787
null_at1r_0415	bm_minus_fib_z	-0.0731077183974757
null_at1r_0415	basement_membrane_score_z	0.0804511414282262
null_at1r_0416	bm_minus_fib_z	-0.12911823306354
null_at1r_0416	basement_membrane_score_z	0.0906768388796283
null_at1r_0417	bm_minus_fib_z	-0.118969726130977
null_at1r_0417	basement_membrane_score_z	0.125993625671159
null_at1r_0418	bm_minus_fib_z	-0.152647994067775
null_at1r_0418	basement_membrane_score_z	0.111904017106631
null_at1r_0419	bm_minus_fib_z	-0.0915433841539086
null_at1r_0419	basement_membrane_score_z	0.132547813578049
null_at1r_0420	bm_minus_fib_z	-0.0988249562986738
null_at1r_0420	basement_membrane_score_z	0.0708102487122795
null_at1r_0421	bm_minus_fib_z	-0.137600688835258
null_at1r_0421	basement_membrane_score_z	0.094688285669509
null_at1r_0422	bm_minus_fib_z	-0.119973601008838
null_at1r_0422	basement_membrane_score_z	0.0374579676363426
null_at1r_0423	bm_minus_fib_z	-0.10566542495865
null_at1r_0423	basement_membrane_score_z	0.105990899511083
null_at1r_0424	bm_minus_fib_z	-0.111729971036453
null_at1r_0424	basement_membrane_score_z	0.0502080135169344
null_at1r_0425	bm_minus_fib_z	-0.0955134002903467
null_at1r_0425	basement_membrane_score_z	0.112539077478071
null_at1r_0426	bm_minus_fib_z	-0.102604081138698
null_at1r_0426	basement_membrane_score_z	0.0994055396290308
null_at1r_0427	bm_minus_fib_z	-0.135169623956945
null_at1r_0427	basement_membrane_score_z	0.116483159016463
null_at1r_0428	bm_minus_fib_z	-0.0927893424514321
null_at1r_0428	basement_membrane_score_z	0.134930866526562
null_at1r_0429	bm_minus_fib_z	-0.0832988736838222
null_at1r_0429	basement_membrane_score_z	0.0824670519121688
null_at1r_0430	bm_minus_fib_z	-0.0870420704278984
null_at1r_0430	basement_membrane_score_z	0.0665824968592555
null_at1r_0431	bm_minus_fib_z	-0.0764546792895059
null_at1r_0431	basement_membrane_score_z	0.0636257840295715
null_at1r_0432	bm_minus_fib_z	-0.107185562015033
null_at1r_0432	basement_membrane_score_z	0.0608881183229378
null_at1r_0433	bm_minus_fib_z	-0.0723191861152519
null_at1r_0433	basement_membrane_score_z	0.077889650354306
null_at1r_0434	bm_minus_fib_z	-0.0939590195470066
null_at1r_0434	basement_membrane_score_z	0.10026704234399
null_at1r_0435	bm_minus_fib_z	-0.100537352193433
null_at1r_0435	basement_membrane_score_z	0.0575156925231723
null_at1r_0436	bm_minus_fib_z	-0.0949595990913232
null_at1r_0436	basement_membrane_score_z	0.110470400085847
null_at1r_0437	bm_minus_fib_z	-0.0927508940018623
null_at1r_0437	basement_membrane_score_z	0.0740153047051374
null_at1r_0438	bm_minus_fib_z	-0.115626717059532
null_at1r_0438	basement_membrane_score_z	0.0958303352644885
null_at1r_0439	bm_minus_fib_z	-0.108954545978651
null_at1r_0439	basement_membrane_score_z	0.0949882656058393
null_at1r_0440	bm_minus_fib_z	-0.106636011753619
null_at1r_0440	basement_membrane_score_z	0.0602102358538974
null_at1r_0441	bm_minus_fib_z	-0.126343642868393
null_at1r_0441	basement_membrane_score_z	0.0664975966652511
null_at1r_0442	bm_minus_fib_z	-0.104023723506078
null_at1r_0442	basement_membrane_score_z	0.0544745481910753
null_at1r_0443	bm_minus_fib_z	-0.0733670633888112
null_at1r_0443	basement_membrane_score_z	0.0668715591945235
null_at1r_0444	bm_minus_fib_z	-0.139965778364215
null_at1r_0444	basement_membrane_score_z	0.107021830729379
null_at1r_0445	bm_minus_fib_z	-0.103635496246211
null_at1r_0445	basement_membrane_score_z	0.0280281073322946
null_at1r_0446	bm_minus_fib_z	-0.105271065971316
null_at1r_0446	basement_membrane_score_z	0.0916271806027684
null_at1r_0447	bm_minus_fib_z	-0.127445133595015
null_at1r_0447	basement_membrane_score_z	0.0692359678522109
null_at1r_0448	bm_minus_fib_z	-0.113454757554849
null_at1r_0448	basement_membrane_score_z	0.129156767696141
null_at1r_0449	bm_minus_fib_z	-0.118642772946494
null_at1r_0449	basement_membrane_score_z	0.0293015545947041
null_at1r_0450	bm_minus_fib_z	-0.117334477748914
null_at1r_0450	basement_membrane_score_z	0.0192621254626233
null_at1r_0451	bm_minus_fib_z	-0.121739716284375
null_at1r_0451	basement_membrane_score_z	0.0898593098620397
null_at1r_0452	bm_minus_fib_z	-0.0847442784058153
null_at1r_0452	basement_membrane_score_z	0.0941987072525411
null_at1r_0453	bm_minus_fib_z	-0.10126446637559
null_at1r_0453	basement_membrane_score_z	0.12405800594202
null_at1r_0454	bm_minus_fib_z	-0.106096426441881
null_at1r_0454	basement_membrane_score_z	0.0858160784857725
null_at1r_0455	bm_minus_fib_z	-0.132435801854816
null_at1r_0455	basement_membrane_score_z	0.0553410916597556
null_at1r_0456	bm_minus_fib_z	-0.101041709796039
null_at1r_0456	basement_membrane_score_z	0.085851622001033
null_at1r_0457	bm_minus_fib_z	-0.0945189535840525
null_at1r_0457	basement_membrane_score_z	0.0774748153924072
null_at1r_0458	bm_minus_fib_z	-0.0930355374095331
null_at1r_0458	basement_membrane_score_z	0.0724730782365864
null_at1r_0459	bm_minus_fib_z	-0.114429553008526
null_at1r_0459	basement_membrane_score_z	0.122747846593047
null_at1r_0460	bm_minus_fib_z	-0.125833054926114
null_at1r_0460	basement_membrane_score_z	0.0691617231755862
null_at1r_0461	bm_minus_fib_z	-0.091830392815749
null_at1r_0461	basement_membrane_score_z	0.127377105675453
null_at1r_0462	bm_minus_fib_z	-0.117365461462837
null_at1r_0462	basement_membrane_score_z	0.0654945636365989
null_at1r_0463	bm_minus_fib_z	-0.112288480624541
null_at1r_0463	basement_membrane_score_z	0.0737608574003459
null_at1r_0464	bm_minus_fib_z	-0.0857291411866954
null_at1r_0464	basement_membrane_score_z	0.0747812313190128
null_at1r_0465	bm_minus_fib_z	-0.133070663029624
null_at1r_0465	basement_membrane_score_z	0.103037752670361
null_at1r_0466	bm_minus_fib_z	-0.114748546837201
null_at1r_0466	basement_membrane_score_z	0.0929421548818112
null_at1r_0467	bm_minus_fib_z	-0.137328131464383
null_at1r_0467	basement_membrane_score_z	0.0681980471791297
null_at1r_0468	bm_minus_fib_z	-0.0637836398711939
null_at1r_0468	basement_membrane_score_z	0.0403299688417362
null_at1r_0469	bm_minus_fib_z	-0.126589962305186
null_at1r_0469	basement_membrane_score_z	0.10169148906249
null_at1r_0470	bm_minus_fib_z	-0.120435492635536
null_at1r_0470	basement_membrane_score_z	0.128535110049349
null_at1r_0471	bm_minus_fib_z	-0.084530207242794
null_at1r_0471	basement_membrane_score_z	0.0842443587043488
null_at1r_0472	bm_minus_fib_z	-0.143763496714687
null_at1r_0472	basement_membrane_score_z	0.0927078733654701
null_at1r_0473	bm_minus_fib_z	-0.074375135423781
null_at1r_0473	basement_membrane_score_z	0.127029212238669
null_at1r_0474	bm_minus_fib_z	-0.0934158990128007
null_at1r_0474	basement_membrane_score_z	0.0821997982830763
null_at1r_0475	bm_minus_fib_z	-0.104389395741022
null_at1r_0475	basement_membrane_score_z	0.094414418996016
null_at1r_0476	bm_minus_fib_z	-0.0648408913726039
null_at1r_0476	basement_membrane_score_z	0.0563047112997328
null_at1r_0477	bm_minus_fib_z	-0.116708794264979
null_at1r_0477	basement_membrane_score_z	0.119485146745573
null_at1r_0478	bm_minus_fib_z	-0.12800319312756
null_at1r_0478	basement_membrane_score_z	0.0529149058479883
null_at1r_0479	bm_minus_fib_z	-0.105886324811494
null_at1r_0479	basement_membrane_score_z	0.0960235099602596
null_at1r_0480	bm_minus_fib_z	-0.137474190209657
null_at1r_0480	basement_membrane_score_z	0.0599923209610967
null_at1r_0481	bm_minus_fib_z	-0.103116341806344
null_at1r_0481	basement_membrane_score_z	0.0754296766485792
null_at1r_0482	bm_minus_fib_z	-0.102834569202095
null_at1r_0482	basement_membrane_score_z	0.0752803134576309
null_at1r_0483	bm_minus_fib_z	-0.124755349892997
null_at1r_0483	basement_membrane_score_z	0.0809915354427161
null_at1r_0484	bm_minus_fib_z	-0.087643478298704
null_at1r_0484	basement_membrane_score_z	0.127457459643704
null_at1r_0485	bm_minus_fib_z	-0.108616175070899
null_at1r_0485	basement_membrane_score_z	0.0697564926069242
null_at1r_0486	bm_minus_fib_z	-0.10662808825712
null_at1r_0486	basement_membrane_score_z	0.134531863369296
null_at1r_0487	bm_minus_fib_z	-0.102651333430121
null_at1r_0487	basement_membrane_score_z	0.030535934511053
null_at1r_0488	bm_minus_fib_z	-0.102872598741852
null_at1r_0488	basement_membrane_score_z	0.0906650266153388
null_at1r_0489	bm_minus_fib_z	-0.117367150233985
null_at1r_0489	basement_membrane_score_z	0.0759194144076676
null_at1r_0490	bm_minus_fib_z	-0.12148741300925
null_at1r_0490	basement_membrane_score_z	0.0309654880351715
null_at1r_0491	bm_minus_fib_z	-0.107342276216465
null_at1r_0491	basement_membrane_score_z	0.0610194163356135
null_at1r_0492	bm_minus_fib_z	-0.0966843496869379
null_at1r_0492	basement_membrane_score_z	0.113652058218318
null_at1r_0493	bm_minus_fib_z	-0.0940179024690313
null_at1r_0493	basement_membrane_score_z	0.11672023611769
null_at1r_0494	bm_minus_fib_z	-0.121402364368087
null_at1r_0494	basement_membrane_score_z	0.0944274731497816
null_at1r_0495	bm_minus_fib_z	-0.116117674408598
null_at1r_0495	basement_membrane_score_z	0.0732542901346676
null_at1r_0496	bm_minus_fib_z	-0.134824914227423
null_at1r_0496	basement_membrane_score_z	0.0460366141699474
null_at1r_0497	bm_minus_fib_z	-0.0949602348087601
null_at1r_0497	basement_membrane_score_z	0.0658770651736592
null_at1r_0498	bm_minus_fib_z	-0.100971320584323
null_at1r_0498	basement_membrane_score_z	0.134912137814107
null_at1r_0499	bm_minus_fib_z	-0.090250049857869
null_at1r_0499	basement_membrane_score_z	0.0336875952544777
null_at1r_0500	bm_minus_fib_z	-0.152716929994875
null_at1r_0500	basement_membrane_score_z	0.109845784635587
null_at1r_0501	bm_minus_fib_z	-0.12685313090981
null_at1r_0501	basement_membrane_score_z	0.0393418674670239
null_at1r_0502	bm_minus_fib_z	-0.115905597396275
null_at1r_0502	basement_membrane_score_z	0.0771912091521612
null_at1r_0503	bm_minus_fib_z	-0.114307744626196
null_at1r_0503	basement_membrane_score_z	0.133087779722065
null_at1r_0504	bm_minus_fib_z	-0.0949276805637919
null_at1r_0504	basement_membrane_score_z	0.0820148363880816
null_at1r_0505	bm_minus_fib_z	-0.0761717518122283
null_at1r_0505	basement_membrane_score_z	0.0858428974791434
null_at1r_0506	bm_minus_fib_z	-0.13378445791499
null_at1r_0506	basement_membrane_score_z	0.111631025005792
null_at1r_0507	bm_minus_fib_z	-0.0988080900072176
null_at1r_0507	basement_membrane_score_z	0.0802590930878604
null_at1r_0508	bm_minus_fib_z	-0.114485397169063
null_at1r_0508	basement_membrane_score_z	0.113776538693256
null_at1r_0509	bm_minus_fib_z	-0.101072518683473
null_at1r_0509	basement_membrane_score_z	0.0603291133966574
null_at1r_0510	bm_minus_fib_z	-0.146807849926624
null_at1r_0510	basement_membrane_score_z	0.120991553372001
null_at1r_0511	bm_minus_fib_z	-0.120096555161835
null_at1r_0511	basement_membrane_score_z	0.120827124861396
null_at1r_0512	bm_minus_fib_z	-0.078830085927482
null_at1r_0512	basement_membrane_score_z	0.0211448853416457
null_at1r_0513	bm_minus_fib_z	-0.10828872756241
null_at1r_0513	basement_membrane_score_z	0.0636396101698528
null_at1r_0514	bm_minus_fib_z	-0.139600311855317
null_at1r_0514	basement_membrane_score_z	0.0839866192418033
null_at1r_0515	bm_minus_fib_z	-0.128134250098268
null_at1r_0515	basement_membrane_score_z	0.0953421562486559
null_at1r_0516	bm_minus_fib_z	-0.125570655504652
null_at1r_0516	basement_membrane_score_z	0.104412110029723
null_at1r_0517	bm_minus_fib_z	-0.112184846430236
null_at1r_0517	basement_membrane_score_z	0.102503949937305
null_at1r_0518	bm_minus_fib_z	-0.126357263215159
null_at1r_0518	basement_membrane_score_z	0.0815945495426924
null_at1r_0519	bm_minus_fib_z	-0.10762907543929
null_at1r_0519	basement_membrane_score_z	0.0693827913152402
null_at1r_0520	bm_minus_fib_z	-0.0954230076793381
null_at1r_0520	basement_membrane_score_z	0.0426060982252353
null_at1r_0521	bm_minus_fib_z	-0.073580282083269
null_at1r_0521	basement_membrane_score_z	0.0608137362937437
null_at1r_0522	bm_minus_fib_z	-0.0985069731541934
null_at1r_0522	basement_membrane_score_z	0.101116736132272
null_at1r_0523	bm_minus_fib_z	-0.110948940959775
null_at1r_0523	basement_membrane_score_z	0.118446883843505
null_at1r_0524	bm_minus_fib_z	-0.110536871684449
null_at1r_0524	basement_membrane_score_z	0.100492463390547
null_at1r_0525	bm_minus_fib_z	-0.112282371210767
null_at1r_0525	basement_membrane_score_z	0.110924797120652
null_at1r_0526	bm_minus_fib_z	-0.111157909903435
null_at1r_0526	basement_membrane_score_z	0.0356612556495533
null_at1r_0527	bm_minus_fib_z	-0.0915738922763029
null_at1r_0527	basement_membrane_score_z	0.0995303872447538
null_at1r_0528	bm_minus_fib_z	-0.119900450316715
null_at1r_0528	basement_membrane_score_z	0.0598793869444536
null_at1r_0529	bm_minus_fib_z	-0.126146310511924
null_at1r_0529	basement_membrane_score_z	0.0946977098830837
null_at1r_0530	bm_minus_fib_z	-0.106384976563347
null_at1r_0530	basement_membrane_score_z	0.111619027385736
null_at1r_0531	bm_minus_fib_z	-0.0835314160199578
null_at1r_0531	basement_membrane_score_z	0.107338908147727
null_at1r_0532	bm_minus_fib_z	-0.113352573891931
null_at1r_0532	basement_membrane_score_z	0.0514192999698298
null_at1r_0533	bm_minus_fib_z	-0.147147707928178
null_at1r_0533	basement_membrane_score_z	0.134193679213862
null_at1r_0534	bm_minus_fib_z	-0.0847191611512633
null_at1r_0534	basement_membrane_score_z	0.0711230330417367
null_at1r_0535	bm_minus_fib_z	-0.106744971388896
null_at1r_0535	basement_membrane_score_z	0.0952840476368467
null_at1r_0536	bm_minus_fib_z	-0.0972273475257472
null_at1r_0536	basement_membrane_score_z	0.0907598665687438
null_at1r_0537	bm_minus_fib_z	-0.100975310938745
null_at1r_0537	basement_membrane_score_z	0.0859838423730945
null_at1r_0538	bm_minus_fib_z	-0.123821359485581
null_at1r_0538	basement_membrane_score_z	0.0974348613180806
null_at1r_0539	bm_minus_fib_z	-0.0971980378417786
null_at1r_0539	basement_membrane_score_z	0.103390790510129
null_at1r_0540	bm_minus_fib_z	-0.0870108163891321
null_at1r_0540	basement_membrane_score_z	0.0670293851575932
null_at1r_0541	bm_minus_fib_z	-0.0909728270244538
null_at1r_0541	basement_membrane_score_z	0.0579468291408957
null_at1r_0542	bm_minus_fib_z	-0.118492667273897
null_at1r_0542	basement_membrane_score_z	0.0944954379712626
null_at1r_0543	bm_minus_fib_z	-0.118054225911087
null_at1r_0543	basement_membrane_score_z	0.0871398764295745
null_at1r_0544	bm_minus_fib_z	-0.127172795067672
null_at1r_0544	basement_membrane_score_z	0.0819908374405622
null_at1r_0545	bm_minus_fib_z	-0.0992892146142423
null_at1r_0545	basement_membrane_score_z	0.0639198240236264
null_at1r_0546	bm_minus_fib_z	-0.114280634025348
null_at1r_0546	basement_membrane_score_z	0.0789078317226894
null_at1r_0547	bm_minus_fib_z	-0.121624579243482
null_at1r_0547	basement_membrane_score_z	0.0954735638140103
null_at1r_0548	bm_minus_fib_z	-0.130555518257916
null_at1r_0548	basement_membrane_score_z	0.0775644870679106
null_at1r_0549	bm_minus_fib_z	-0.104239374941064
null_at1r_0549	basement_membrane_score_z	0.0468384646178912
null_at1r_0550	bm_minus_fib_z	-0.0971385356789819
null_at1r_0550	basement_membrane_score_z	0.0431175026698674
null_at1r_0551	bm_minus_fib_z	-0.126993550755861
null_at1r_0551	basement_membrane_score_z	0.0618871293195909
null_at1r_0552	bm_minus_fib_z	-0.0861311755251009
null_at1r_0552	basement_membrane_score_z	0.114705661278561
null_at1r_0553	bm_minus_fib_z	-0.104835556795114
null_at1r_0553	basement_membrane_score_z	0.0544500705702064
null_at1r_0554	bm_minus_fib_z	-0.0999605961334517
null_at1r_0554	basement_membrane_score_z	0.0359406307032185
null_at1r_0555	bm_minus_fib_z	-0.134210779122599
null_at1r_0555	basement_membrane_score_z	0.0636582758047285
null_at1r_0556	bm_minus_fib_z	-0.109706282203161
null_at1r_0556	basement_membrane_score_z	0.0626804792424813
null_at1r_0557	bm_minus_fib_z	-0.0835699563992537
null_at1r_0557	basement_membrane_score_z	0.0692790747234052
null_at1r_0558	bm_minus_fib_z	-0.110523976043449
null_at1r_0558	basement_membrane_score_z	0.097289245255575
null_at1r_0559	bm_minus_fib_z	-0.138125509231609
null_at1r_0559	basement_membrane_score_z	0.0615041232751997
null_at1r_0560	bm_minus_fib_z	-0.131763300306439
null_at1r_0560	basement_membrane_score_z	0.0982393309507239
null_at1r_0561	bm_minus_fib_z	-0.0904880408126731
null_at1r_0561	basement_membrane_score_z	0.037491019959614
null_at1r_0562	bm_minus_fib_z	-0.123264412181683
null_at1r_0562	basement_membrane_score_z	0.123453503722034
null_at1r_0563	bm_minus_fib_z	-0.0940238808652964
null_at1r_0563	basement_membrane_score_z	0.121611619416189
null_at1r_0564	bm_minus_fib_z	-0.115536855812162
null_at1r_0564	basement_membrane_score_z	0.120244205557768
null_at1r_0565	bm_minus_fib_z	-0.130806625936176
null_at1r_0565	basement_membrane_score_z	0.11671203664413
null_at1r_0566	bm_minus_fib_z	-0.119111145149302
null_at1r_0566	basement_membrane_score_z	0.0719521414664732
null_at1r_0567	bm_minus_fib_z	-0.106134808565032
null_at1r_0567	basement_membrane_score_z	0.0702066045700547
null_at1r_0568	bm_minus_fib_z	-0.132472085227651
null_at1r_0568	basement_membrane_score_z	0.0842014636963592
null_at1r_0569	bm_minus_fib_z	-0.119566276633211
null_at1r_0569	basement_membrane_score_z	0.0814686315703411
null_at1r_0570	bm_minus_fib_z	-0.126299614746147
null_at1r_0570	basement_membrane_score_z	0.114695361814438
null_at1r_0571	bm_minus_fib_z	-0.131952468922481
null_at1r_0571	basement_membrane_score_z	0.136703582087502
null_at1r_0572	bm_minus_fib_z	-0.129396856238614
null_at1r_0572	basement_membrane_score_z	0.0724845983414221
null_at1r_0573	bm_minus_fib_z	-0.0980788471435625
null_at1r_0573	basement_membrane_score_z	0.0696411726280349
null_at1r_0574	bm_minus_fib_z	-0.0976802896311614
null_at1r_0574	basement_membrane_score_z	0.122093558201043
null_at1r_0575	bm_minus_fib_z	-0.120111287218439
null_at1r_0575	basement_membrane_score_z	0.0922474824873112
null_at1r_0576	bm_minus_fib_z	-0.119512110166506
null_at1r_0576	basement_membrane_score_z	0.107295021979972
null_at1r_0577	bm_minus_fib_z	-0.114680087460263
null_at1r_0577	basement_membrane_score_z	0.115334230239737
null_at1r_0578	bm_minus_fib_z	-0.120812134870788
null_at1r_0578	basement_membrane_score_z	0.128238361451962
null_at1r_0579	bm_minus_fib_z	-0.108151181018193
null_at1r_0579	basement_membrane_score_z	0.0886847107652633
null_at1r_0580	bm_minus_fib_z	-0.0855094462691535
null_at1r_0580	basement_membrane_score_z	0.088470049680993
null_at1r_0581	bm_minus_fib_z	-0.077558347735855
null_at1r_0581	basement_membrane_score_z	0.0849874593196002
null_at1r_0582	bm_minus_fib_z	-0.121330923389506
null_at1r_0582	basement_membrane_score_z	0.0656811914188759
null_at1r_0583	bm_minus_fib_z	-0.103754234347156
null_at1r_0583	basement_membrane_score_z	0.111394613587957
null_at1r_0584	bm_minus_fib_z	-0.140410516260031
null_at1r_0584	basement_membrane_score_z	0.087028123737121
null_at1r_0585	bm_minus_fib_z	-0.0737958223412536
null_at1r_0585	basement_membrane_score_z	0.059709316967588
null_at1r_0586	bm_minus_fib_z	-0.0956284675909727
null_at1r_0586	basement_membrane_score_z	0.0644930528105583
null_at1r_0587	bm_minus_fib_z	-0.0982531815747324
null_at1r_0587	basement_membrane_score_z	0.096191964007689
null_at1r_0588	bm_minus_fib_z	-0.0835897857244076
null_at1r_0588	basement_membrane_score_z	0.101269880998002
null_at1r_0589	bm_minus_fib_z	-0.0991018038906729
null_at1r_0589	basement_membrane_score_z	0.0683410093445168
null_at1r_0590	bm_minus_fib_z	-0.0847360544869721
null_at1r_0590	basement_membrane_score_z	0.0769102829001741
null_at1r_0591	bm_minus_fib_z	-0.0967378744148919
null_at1r_0591	basement_membrane_score_z	0.0548927683275668
null_at1r_0592	bm_minus_fib_z	-0.141163148549771
null_at1r_0592	basement_membrane_score_z	0.0957588599450005
null_at1r_0593	bm_minus_fib_z	-0.134070474995109
null_at1r_0593	basement_membrane_score_z	0.117625981425063
null_at1r_0594	bm_minus_fib_z	-0.119204547698024
null_at1r_0594	basement_membrane_score_z	0.0390959744027858
null_at1r_0595	bm_minus_fib_z	-0.1010616368889
null_at1r_0595	basement_membrane_score_z	0.0630415937925078
null_at1r_0596	bm_minus_fib_z	-0.100946890534794
null_at1r_0596	basement_membrane_score_z	0.0919609965140035
null_at1r_0597	bm_minus_fib_z	-0.110914133987829
null_at1r_0597	basement_membrane_score_z	0.129140843297382
null_at1r_0598	bm_minus_fib_z	-0.0985730588783743
null_at1r_0598	basement_membrane_score_z	0.058719281970564
null_at1r_0599	bm_minus_fib_z	-0.139877569633701
null_at1r_0599	basement_membrane_score_z	0.0604221748431468
null_at1r_0600	bm_minus_fib_z	-0.100993867765559
null_at1r_0600	basement_membrane_score_z	0.0600116460864529
null_at1r_0601	bm_minus_fib_z	-0.13390459529533
null_at1r_0601	basement_membrane_score_z	0.109180000665793
null_at1r_0602	bm_minus_fib_z	-0.124098222840866
null_at1r_0602	basement_membrane_score_z	0.0444377424107756
null_at1r_0603	bm_minus_fib_z	-0.1154323463269
null_at1r_0603	basement_membrane_score_z	0.106886833836283
null_at1r_0604	bm_minus_fib_z	-0.0951933587625368
null_at1r_0604	basement_membrane_score_z	0.0871060449668835
null_at1r_0605	bm_minus_fib_z	-0.113734418649147
null_at1r_0605	basement_membrane_score_z	0.0907474839811644
null_at1r_0606	bm_minus_fib_z	-0.0917474176731094
null_at1r_0606	basement_membrane_score_z	0.102678484736349
null_at1r_0607	bm_minus_fib_z	-0.0858168927433688
null_at1r_0607	basement_membrane_score_z	0.130349570323763
null_at1r_0608	bm_minus_fib_z	-0.0855730309357312
null_at1r_0608	basement_membrane_score_z	0.11983887498511
null_at1r_0609	bm_minus_fib_z	-0.124354363781639
null_at1r_0609	basement_membrane_score_z	0.126492986994055
null_at1r_0610	bm_minus_fib_z	-0.129158255725998
null_at1r_0610	basement_membrane_score_z	0.138419278512496
null_at1r_0611	bm_minus_fib_z	-0.114590104846698
null_at1r_0611	basement_membrane_score_z	0.0601897323845495
null_at1r_0612	bm_minus_fib_z	-0.0935459196193963
null_at1r_0612	basement_membrane_score_z	0.104891683728138
null_at1r_0613	bm_minus_fib_z	-0.106849078467745
null_at1r_0613	basement_membrane_score_z	0.147195023421403
null_at1r_0614	bm_minus_fib_z	-0.104962591262018
null_at1r_0614	basement_membrane_score_z	0.101976869058194
null_at1r_0615	bm_minus_fib_z	-0.111459780555725
null_at1r_0615	basement_membrane_score_z	0.0779073452951335
null_at1r_0616	bm_minus_fib_z	-0.105576793753282
null_at1r_0616	basement_membrane_score_z	0.0979378948681301
null_at1r_0617	bm_minus_fib_z	-0.0794012606089575
null_at1r_0617	basement_membrane_score_z	0.113480617393342
null_at1r_0618	bm_minus_fib_z	-0.111634033390695
null_at1r_0618	basement_membrane_score_z	0.051251814128074
null_at1r_0619	bm_minus_fib_z	-0.0652680702408771
null_at1r_0619	basement_membrane_score_z	0.0897939719292891
null_at1r_0620	bm_minus_fib_z	-0.0806048242370544
null_at1r_0620	basement_membrane_score_z	0.0739036848301391
null_at1r_0621	bm_minus_fib_z	-0.129577287424264
null_at1r_0621	basement_membrane_score_z	0.104812998222966
null_at1r_0622	bm_minus_fib_z	-0.110334329925187
null_at1r_0622	basement_membrane_score_z	0.11834790046447
null_at1r_0623	bm_minus_fib_z	-0.113141213016837
null_at1r_0623	basement_membrane_score_z	0.122993690858972
null_at1r_0624	bm_minus_fib_z	-0.0958716859048112
null_at1r_0624	basement_membrane_score_z	0.0682057277674911
null_at1r_0625	bm_minus_fib_z	-0.0898140513272397
null_at1r_0625	basement_membrane_score_z	0.114765971596464
null_at1r_0626	bm_minus_fib_z	-0.102003490941993
null_at1r_0626	basement_membrane_score_z	0.0657037123742201
null_at1r_0627	bm_minus_fib_z	-0.107049118497294
null_at1r_0627	basement_membrane_score_z	0.0567188853104762
null_at1r_0628	bm_minus_fib_z	-0.110643950686996
null_at1r_0628	basement_membrane_score_z	0.113541662641923
null_at1r_0629	bm_minus_fib_z	-0.140676738218685
null_at1r_0629	basement_membrane_score_z	0.0822300261351864
null_at1r_0630	bm_minus_fib_z	-0.0826325719962502
null_at1r_0630	basement_membrane_score_z	0.108951732153866
null_at1r_0631	bm_minus_fib_z	-0.112147154353585
null_at1r_0631	basement_membrane_score_z	0.055852808144764
null_at1r_0632	bm_minus_fib_z	-0.0729364948411883
null_at1r_0632	basement_membrane_score_z	0.114814036631103
null_at1r_0633	bm_minus_fib_z	-0.110013832545372
null_at1r_0633	basement_membrane_score_z	0.0380681312570358
null_at1r_0634	bm_minus_fib_z	-0.0997545382179903
null_at1r_0634	basement_membrane_score_z	0.0382970828346107
null_at1r_0635	bm_minus_fib_z	-0.114195214330957
null_at1r_0635	basement_membrane_score_z	0.0612412106505311
null_at1r_0636	bm_minus_fib_z	-0.118558959981568
null_at1r_0636	basement_membrane_score_z	0.115930221191857
null_at1r_0637	bm_minus_fib_z	-0.097837084004322
null_at1r_0637	basement_membrane_score_z	0.0750793762717545
null_at1r_0638	bm_minus_fib_z	-0.132545001700039
null_at1r_0638	basement_membrane_score_z	0.0982812185034193
null_at1r_0639	bm_minus_fib_z	-0.108883453439535
null_at1r_0639	basement_membrane_score_z	0.126095831858889
null_at1r_0640	bm_minus_fib_z	-0.0950013847669419
null_at1r_0640	basement_membrane_score_z	0.0779122413883616
null_at1r_0641	bm_minus_fib_z	-0.0998711420380267
null_at1r_0641	basement_membrane_score_z	0.0811200265964396
null_at1r_0642	bm_minus_fib_z	-0.135300933224294
null_at1r_0642	basement_membrane_score_z	0.0489019235240329
null_at1r_0643	bm_minus_fib_z	-0.12327038376418
null_at1r_0643	basement_membrane_score_z	0.0624207762493486
null_at1r_0644	bm_minus_fib_z	-0.085913369243252
null_at1r_0644	basement_membrane_score_z	0.119408776411413
null_at1r_0645	bm_minus_fib_z	-0.100277222475776
null_at1r_0645	basement_membrane_score_z	0.0690968280863291
null_at1r_0646	bm_minus_fib_z	-0.118900552300527
null_at1r_0646	basement_membrane_score_z	0.0820275754944645
null_at1r_0647	bm_minus_fib_z	-0.114151010747054
null_at1r_0647	basement_membrane_score_z	0.0534366669775958
null_at1r_0648	bm_minus_fib_z	-0.0707274950291854
null_at1r_0648	basement_membrane_score_z	0.105656020435773
null_at1r_0649	bm_minus_fib_z	-0.0913609927181711
null_at1r_0649	basement_membrane_score_z	0.0815692229641437
null_at1r_0650	bm_minus_fib_z	-0.107531240174455
null_at1r_0650	basement_membrane_score_z	0.128608817851064
null_at1r_0651	bm_minus_fib_z	-0.0817093093077797
null_at1r_0651	basement_membrane_score_z	0.111415557321366
null_at1r_0652	bm_minus_fib_z	-0.107537281829389
null_at1r_0652	basement_membrane_score_z	0.0831757730079749
null_at1r_0653	bm_minus_fib_z	-0.121994195558438
null_at1r_0653	basement_membrane_score_z	0.0329438487051207
null_at1r_0654	bm_minus_fib_z	-0.0752666025185832
null_at1r_0654	basement_membrane_score_z	0.0931207351857612
null_at1r_0655	bm_minus_fib_z	-0.0813017717115609
null_at1r_0655	basement_membrane_score_z	0.0869152333131514
null_at1r_0656	bm_minus_fib_z	-0.0627931435695256
null_at1r_0656	basement_membrane_score_z	0.0835843416770653
null_at1r_0657	bm_minus_fib_z	-0.125284798005359
null_at1r_0657	basement_membrane_score_z	0.0741095810878566
null_at1r_0658	bm_minus_fib_z	-0.102465768148903
null_at1r_0658	basement_membrane_score_z	0.0783054695303073
null_at1r_0659	bm_minus_fib_z	-0.151180986875044
null_at1r_0659	basement_membrane_score_z	0.0848516433741234
null_at1r_0660	bm_minus_fib_z	-0.136742677237941
null_at1r_0660	basement_membrane_score_z	0.0831925185613258
null_at1r_0661	bm_minus_fib_z	-0.0996474396295407
null_at1r_0661	basement_membrane_score_z	0.0197371544057249
null_at1r_0662	bm_minus_fib_z	-0.122587567318752
null_at1r_0662	basement_membrane_score_z	0.0896788892793719
null_at1r_0663	bm_minus_fib_z	-0.122544506228936
null_at1r_0663	basement_membrane_score_z	0.0954596866815423
null_at1r_0664	bm_minus_fib_z	-0.109592460991209
null_at1r_0664	basement_membrane_score_z	0.0394993703113312
null_at1r_0665	bm_minus_fib_z	-0.115023490110945
null_at1r_0665	basement_membrane_score_z	0.0857464194459838
null_at1r_0666	bm_minus_fib_z	-0.109578529521913
null_at1r_0666	basement_membrane_score_z	0.0528782931160953
null_at1r_0667	bm_minus_fib_z	-0.0736856975407608
null_at1r_0667	basement_membrane_score_z	0.0633984136756783
null_at1r_0668	bm_minus_fib_z	-0.0899654596123387
null_at1r_0668	basement_membrane_score_z	0.0946423253211739
null_at1r_0669	bm_minus_fib_z	-0.0857121097807602
null_at1r_0669	basement_membrane_score_z	0.109167717531585
null_at1r_0670	bm_minus_fib_z	-0.0743852748761307
null_at1r_0670	basement_membrane_score_z	0.0619003043698036
null_at1r_0671	bm_minus_fib_z	-0.0835890318240331
null_at1r_0671	basement_membrane_score_z	0.0943145566458751
null_at1r_0672	bm_minus_fib_z	-0.0864351593199926
null_at1r_0672	basement_membrane_score_z	0.10116038825023
null_at1r_0673	bm_minus_fib_z	-0.110232856531303
null_at1r_0673	basement_membrane_score_z	0.107515056873173
null_at1r_0674	bm_minus_fib_z	-0.104845053153632
null_at1r_0674	basement_membrane_score_z	0.0699101991076354
null_at1r_0675	bm_minus_fib_z	-0.0836054721870977
null_at1r_0675	basement_membrane_score_z	0.0589149540694534
null_at1r_0676	bm_minus_fib_z	-0.0982689095805764
null_at1r_0676	basement_membrane_score_z	0.0532210079913943
null_at1r_0677	bm_minus_fib_z	-0.121195694158686
null_at1r_0677	basement_membrane_score_z	0.0643983356580864
null_at1r_0678	bm_minus_fib_z	-0.122955946004145
null_at1r_0678	basement_membrane_score_z	0.0581430879819692
null_at1r_0679	bm_minus_fib_z	-0.142920473419306
null_at1r_0679	basement_membrane_score_z	0.124243931772529
null_at1r_0680	bm_minus_fib_z	-0.111054673521747
null_at1r_0680	basement_membrane_score_z	0.111883669599621
null_at1r_0681	bm_minus_fib_z	-0.127957236477712
null_at1r_0681	basement_membrane_score_z	0.0835172363273492
null_at1r_0682	bm_minus_fib_z	-0.135012449733906
null_at1r_0682	basement_membrane_score_z	0.0420286678514882
null_at1r_0683	bm_minus_fib_z	-0.111865736621904
null_at1r_0683	basement_membrane_score_z	0.0661812833102811
null_at1r_0684	bm_minus_fib_z	-0.0899255739540277
null_at1r_0684	basement_membrane_score_z	0.0685033974468838
null_at1r_0685	bm_minus_fib_z	-0.0868430457174569
null_at1r_0685	basement_membrane_score_z	0.116045481847084
null_at1r_0686	bm_minus_fib_z	-0.149127291417988
null_at1r_0686	basement_membrane_score_z	0.0911756572886163
null_at1r_0687	bm_minus_fib_z	-0.0930984845115507
null_at1r_0687	basement_membrane_score_z	0.0403112984075408
null_at1r_0688	bm_minus_fib_z	-0.0864930564789134
null_at1r_0688	basement_membrane_score_z	0.118924929756029
null_at1r_0689	bm_minus_fib_z	-0.0999146119150226
null_at1r_0689	basement_membrane_score_z	0.0487923237270733
null_at1r_0690	bm_minus_fib_z	-0.0843054476401682
null_at1r_0690	basement_membrane_score_z	0.0627699803787687
null_at1r_0691	bm_minus_fib_z	-0.0721557891436981
null_at1r_0691	basement_membrane_score_z	0.0716710891281484
null_at1r_0692	bm_minus_fib_z	-0.0732890424090315
null_at1r_0692	basement_membrane_score_z	0.0998789542687051
null_at1r_0693	bm_minus_fib_z	-0.11522553361918
null_at1r_0693	basement_membrane_score_z	0.125447516771947
null_at1r_0694	bm_minus_fib_z	-0.100971812205686
null_at1r_0694	basement_membrane_score_z	0.0960376315455096
null_at1r_0695	bm_minus_fib_z	-0.105478491226307
null_at1r_0695	basement_membrane_score_z	0.109377954824476
null_at1r_0696	bm_minus_fib_z	-0.0966455466447696
null_at1r_0696	basement_membrane_score_z	0.0612886916742933
null_at1r_0697	bm_minus_fib_z	-0.125883618162505
null_at1r_0697	basement_membrane_score_z	0.0584693529383622
null_at1r_0698	bm_minus_fib_z	-0.106075997261399
null_at1r_0698	basement_membrane_score_z	0.113921469849944
null_at1r_0699	bm_minus_fib_z	-0.126327730660875
null_at1r_0699	basement_membrane_score_z	0.0742145650686862
null_at1r_0700	bm_minus_fib_z	-0.0770651721596062
null_at1r_0700	basement_membrane_score_z	0.120473177589103
null_at1r_0701	bm_minus_fib_z	-0.114097854683352
null_at1r_0701	basement_membrane_score_z	0.0974345667056718
null_at1r_0702	bm_minus_fib_z	-0.126012520960234
null_at1r_0702	basement_membrane_score_z	0.0830924169635776
null_at1r_0703	bm_minus_fib_z	-0.0990820791334381
null_at1r_0703	basement_membrane_score_z	0.141189844034978
null_at1r_0704	bm_minus_fib_z	-0.131407531558649
null_at1r_0704	basement_membrane_score_z	0.0980712294197524
null_at1r_0705	bm_minus_fib_z	-0.0805939065215136
null_at1r_0705	basement_membrane_score_z	0.0469725283268658
null_at1r_0706	bm_minus_fib_z	-0.110676313470714
null_at1r_0706	basement_membrane_score_z	0.0586629219504875
null_at1r_0707	bm_minus_fib_z	-0.08328111206883
null_at1r_0707	basement_membrane_score_z	0.106349137267025
null_at1r_0708	bm_minus_fib_z	-0.0966297107405225
null_at1r_0708	basement_membrane_score_z	0.03805508911914
null_at1r_0709	bm_minus_fib_z	-0.101803479687675
null_at1r_0709	basement_membrane_score_z	0.0560385795631327
null_at1r_0710	bm_minus_fib_z	-0.0922591788937812
null_at1r_0710	basement_membrane_score_z	0.0570058724808012
null_at1r_0711	bm_minus_fib_z	-0.130538450482931
null_at1r_0711	basement_membrane_score_z	0.0800711616081139
null_at1r_0712	bm_minus_fib_z	-0.130821646528765
null_at1r_0712	basement_membrane_score_z	0.114665572796762
null_at1r_0713	bm_minus_fib_z	-0.104354785902826
null_at1r_0713	basement_membrane_score_z	0.0697052454152824
null_at1r_0714	bm_minus_fib_z	-0.113440296948334
null_at1r_0714	basement_membrane_score_z	0.110902272026279
null_at1r_0715	bm_minus_fib_z	-0.123723339679447
null_at1r_0715	basement_membrane_score_z	0.0690092541230366
null_at1r_0716	bm_minus_fib_z	-0.135221013130973
null_at1r_0716	basement_membrane_score_z	0.0703365752713724
null_at1r_0717	bm_minus_fib_z	-0.0963794778231138
null_at1r_0717	basement_membrane_score_z	0.121788168619469
null_at1r_0718	bm_minus_fib_z	-0.0573412823703739
null_at1r_0718	basement_membrane_score_z	0.0538656814534047
null_at1r_0719	bm_minus_fib_z	-0.102700616404094
null_at1r_0719	basement_membrane_score_z	0.0738318966057389
null_at1r_0720	bm_minus_fib_z	-0.0806631463561846
null_at1r_0720	basement_membrane_score_z	0.103732793375324
null_at1r_0721	bm_minus_fib_z	-0.11249788827682
null_at1r_0721	basement_membrane_score_z	0.123651178596277
null_at1r_0722	bm_minus_fib_z	-0.1176284974863
null_at1r_0722	basement_membrane_score_z	0.119598421671175
null_at1r_0723	bm_minus_fib_z	-0.106044293502391
null_at1r_0723	basement_membrane_score_z	0.0654274042257673
null_at1r_0724	bm_minus_fib_z	-0.117576097503015
null_at1r_0724	basement_membrane_score_z	0.0686692632171228
null_at1r_0725	bm_minus_fib_z	-0.102173584874974
null_at1r_0725	basement_membrane_score_z	0.124888167507169
null_at1r_0726	bm_minus_fib_z	-0.0938458039761999
null_at1r_0726	basement_membrane_score_z	0.075557761739314
null_at1r_0727	bm_minus_fib_z	-0.0866569609273687
null_at1r_0727	basement_membrane_score_z	0.122534052168207
null_at1r_0728	bm_minus_fib_z	-0.123532480215762
null_at1r_0728	basement_membrane_score_z	0.0360643760148928
null_at1r_0729	bm_minus_fib_z	-0.123099210531464
null_at1r_0729	basement_membrane_score_z	0.0363052139459821
null_at1r_0730	bm_minus_fib_z	-0.108674162590091
null_at1r_0730	basement_membrane_score_z	0.0637586834636123
null_at1r_0731	bm_minus_fib_z	-0.107037622316823
null_at1r_0731	basement_membrane_score_z	0.0709152213770284
null_at1r_0732	bm_minus_fib_z	-0.133074543394858
null_at1r_0732	basement_membrane_score_z	0.100413765617757
null_at1r_0733	bm_minus_fib_z	-0.118253339601663
null_at1r_0733	basement_membrane_score_z	0.123876278721273
null_at1r_0734	bm_minus_fib_z	-0.10700684076104
null_at1r_0734	basement_membrane_score_z	0.0947214430044581
null_at1r_0735	bm_minus_fib_z	-0.0711761186243639
null_at1r_0735	basement_membrane_score_z	0.076950251375719
null_at1r_0736	bm_minus_fib_z	-0.110740878250573
null_at1r_0736	basement_membrane_score_z	0.0959929654979791
null_at1r_0737	bm_minus_fib_z	-0.108411160859809
null_at1r_0737	basement_membrane_score_z	0.127741837295623
null_at1r_0738	bm_minus_fib_z	-0.136574238813904
null_at1r_0738	basement_membrane_score_z	0.0568571883962407
null_at1r_0739	bm_minus_fib_z	-0.112158089207206
null_at1r_0739	basement_membrane_score_z	0.0482658482394837
null_at1r_0740	bm_minus_fib_z	-0.112392984870561
null_at1r_0740	basement_membrane_score_z	0.057332789405204
null_at1r_0741	bm_minus_fib_z	-0.114694361500431
null_at1r_0741	basement_membrane_score_z	0.0758112373481566
null_at1r_0742	bm_minus_fib_z	-0.122796892537694
null_at1r_0742	basement_membrane_score_z	0.104496863978634
null_at1r_0743	bm_minus_fib_z	-0.120407410193481
null_at1r_0743	basement_membrane_score_z	0.0784981743160926
null_at1r_0744	bm_minus_fib_z	-0.110118664363292
null_at1r_0744	basement_membrane_score_z	0.0884818837667799
null_at1r_0745	bm_minus_fib_z	-0.0811173254358389
null_at1r_0745	basement_membrane_score_z	0.0730310851576016
null_at1r_0746	bm_minus_fib_z	-0.112404164804133
null_at1r_0746	basement_membrane_score_z	0.128428883068874
null_at1r_0747	bm_minus_fib_z	-0.144408375266922
null_at1r_0747	basement_membrane_score_z	0.104684274148484
null_at1r_0748	bm_minus_fib_z	-0.0934178399100237
null_at1r_0748	basement_membrane_score_z	0.0596136330851966
null_at1r_0749	bm_minus_fib_z	-0.134285771182057
null_at1r_0749	basement_membrane_score_z	0.130753819902023
null_at1r_0750	bm_minus_fib_z	-0.0858362854514701
null_at1r_0750	basement_membrane_score_z	0.109256215146078
null_at1r_0751	bm_minus_fib_z	-0.0916355088064022
null_at1r_0751	basement_membrane_score_z	0.0826903985764112
null_at1r_0752	bm_minus_fib_z	-0.101971103152486
null_at1r_0752	basement_membrane_score_z	0.034562134409618
null_at1r_0753	bm_minus_fib_z	-0.087711452951935
null_at1r_0753	basement_membrane_score_z	0.0854414943993536
null_at1r_0754	bm_minus_fib_z	-0.0954674735196269
null_at1r_0754	basement_membrane_score_z	0.0418608235446975
null_at1r_0755	bm_minus_fib_z	-0.0950490624048051
null_at1r_0755	basement_membrane_score_z	0.0698227895869862
null_at1r_0756	bm_minus_fib_z	-0.0724375574063833
null_at1r_0756	basement_membrane_score_z	0.0933283400555138
null_at1r_0757	bm_minus_fib_z	-0.121974182654969
null_at1r_0757	basement_membrane_score_z	0.0923890187004457
null_at1r_0758	bm_minus_fib_z	-0.102525439801695
null_at1r_0758	basement_membrane_score_z	0.0729672929669439
null_at1r_0759	bm_minus_fib_z	-0.104033789125918
null_at1r_0759	basement_membrane_score_z	0.124371344775401
null_at1r_0760	bm_minus_fib_z	-0.121541403585648
null_at1r_0760	basement_membrane_score_z	0.0446078030213647
null_at1r_0761	bm_minus_fib_z	-0.133512435053656
null_at1r_0761	basement_membrane_score_z	0.0708155509002244
null_at1r_0762	bm_minus_fib_z	-0.0819971423210208
null_at1r_0762	basement_membrane_score_z	0.0840748871669466
null_at1r_0763	bm_minus_fib_z	-0.109744914641859
null_at1r_0763	basement_membrane_score_z	0.12732811748136
null_at1r_0764	bm_minus_fib_z	-0.100873592904877
null_at1r_0764	basement_membrane_score_z	0.140331257101899
null_at1r_0765	bm_minus_fib_z	-0.124631148685551
null_at1r_0765	basement_membrane_score_z	0.103204149099437
null_at1r_0766	bm_minus_fib_z	-0.123709233504067
null_at1r_0766	basement_membrane_score_z	0.0986152382681255
null_at1r_0767	bm_minus_fib_z	-0.0887656827852954
null_at1r_0767	basement_membrane_score_z	0.0815801545537579
null_at1r_0768	bm_minus_fib_z	-0.107892918305115
null_at1r_0768	basement_membrane_score_z	0.126922041262636
null_at1r_0769	bm_minus_fib_z	-0.133892693110031
null_at1r_0769	basement_membrane_score_z	0.12407980638113
null_at1r_0770	bm_minus_fib_z	-0.101898558397205
null_at1r_0770	basement_membrane_score_z	0.0840273641126187
null_at1r_0771	bm_minus_fib_z	-0.092922129606755
null_at1r_0771	basement_membrane_score_z	0.109078357698622
null_at1r_0772	bm_minus_fib_z	-0.102470692896835
null_at1r_0772	basement_membrane_score_z	0.0968583054024374
null_at1r_0773	bm_minus_fib_z	-0.104296110070756
null_at1r_0773	basement_membrane_score_z	0.12120061820879
null_at1r_0774	bm_minus_fib_z	-0.127187586258335
null_at1r_0774	basement_membrane_score_z	0.0986499993803469
null_at1r_0775	bm_minus_fib_z	-0.092207516266223
null_at1r_0775	basement_membrane_score_z	0.11894375824041
null_at1r_0776	bm_minus_fib_z	-0.103077965463161
null_at1r_0776	basement_membrane_score_z	0.143800984106818
null_at1r_0777	bm_minus_fib_z	-0.10986284143928
null_at1r_0777	basement_membrane_score_z	0.112621365674836
null_at1r_0778	bm_minus_fib_z	-0.0989580270952239
null_at1r_0778	basement_membrane_score_z	0.107632046148387
null_at1r_0779	bm_minus_fib_z	-0.123867761442335
null_at1r_0779	basement_membrane_score_z	0.0748110849846712
null_at1r_0780	bm_minus_fib_z	-0.100337567230424
null_at1r_0780	basement_membrane_score_z	0.0570069124696536
null_at1r_0781	bm_minus_fib_z	-0.0920497673882567
null_at1r_0781	basement_membrane_score_z	0.117105832798276
null_at1r_0782	bm_minus_fib_z	-0.113681844973228
null_at1r_0782	basement_membrane_score_z	0.129238444465374
null_at1r_0783	bm_minus_fib_z	-0.108966007415475
null_at1r_0783	basement_membrane_score_z	0.0896631568254001
null_at1r_0784	bm_minus_fib_z	-0.0900541131420212
null_at1r_0784	basement_membrane_score_z	0.0938276525674286
null_at1r_0785	bm_minus_fib_z	-0.0796417243832517
null_at1r_0785	basement_membrane_score_z	0.0736584160510111
null_at1r_0786	bm_minus_fib_z	-0.0825588004316523
null_at1r_0786	basement_membrane_score_z	0.0706650370762088
null_at1r_0787	bm_minus_fib_z	-0.124045188129835
null_at1r_0787	basement_membrane_score_z	0.116066659068295
null_at1r_0788	bm_minus_fib_z	-0.123386009675021
null_at1r_0788	basement_membrane_score_z	0.0697218870224171
null_at1r_0789	bm_minus_fib_z	-0.0964964233226505
null_at1r_0789	basement_membrane_score_z	0.11867218116359
null_at1r_0790	bm_minus_fib_z	-0.107140487694011
null_at1r_0790	basement_membrane_score_z	0.082345797516429
null_at1r_0791	bm_minus_fib_z	-0.0928445104002715
null_at1r_0791	basement_membrane_score_z	0.0995001255670997
null_at1r_0792	bm_minus_fib_z	-0.123781663790945
null_at1r_0792	basement_membrane_score_z	0.120033232271755
null_at1r_0793	bm_minus_fib_z	-0.148738724865473
null_at1r_0793	basement_membrane_score_z	0.104236717653259
null_at1r_0794	bm_minus_fib_z	-0.105178290544446
null_at1r_0794	basement_membrane_score_z	0.0990691032259005
null_at1r_0795	bm_minus_fib_z	-0.077157783801468
null_at1r_0795	basement_membrane_score_z	0.0751640119600686
null_at1r_0796	bm_minus_fib_z	-0.0815027699464827
null_at1r_0796	basement_membrane_score_z	0.0218282455800484
null_at1r_0797	bm_minus_fib_z	-0.0829382753093212
null_at1r_0797	basement_membrane_score_z	0.0657505374806336
null_at1r_0798	bm_minus_fib_z	-0.100840826724954
null_at1r_0798	basement_membrane_score_z	0.0627340609504968
null_at1r_0799	bm_minus_fib_z	-0.0804556060152443
null_at1r_0799	basement_membrane_score_z	0.108112180799922
null_at1r_0800	bm_minus_fib_z	-0.0731736806821714
null_at1r_0800	basement_membrane_score_z	0.0931315709996866
null_at1r_0801	bm_minus_fib_z	-0.098568184636444
null_at1r_0801	basement_membrane_score_z	0.136588153064071
null_at1r_0802	bm_minus_fib_z	-0.0946566006321762
null_at1r_0802	basement_membrane_score_z	0.0687163908415417
null_at1r_0803	bm_minus_fib_z	-0.0822310324359589
null_at1r_0803	basement_membrane_score_z	0.101829707607764
null_at1r_0804	bm_minus_fib_z	-0.127927600311559
null_at1r_0804	basement_membrane_score_z	0.101709307636752
null_at1r_0805	bm_minus_fib_z	-0.0917906079155902
null_at1r_0805	basement_membrane_score_z	0.0366818996339822
null_at1r_0806	bm_minus_fib_z	-0.0829451104127173
null_at1r_0806	basement_membrane_score_z	0.10208696942129
null_at1r_0807	bm_minus_fib_z	-0.0895758557240654
null_at1r_0807	basement_membrane_score_z	0.0569120383876236
null_at1r_0808	bm_minus_fib_z	-0.116328559282447
null_at1r_0808	basement_membrane_score_z	0.0748313249607893
null_at1r_0809	bm_minus_fib_z	-0.112835933431699
null_at1r_0809	basement_membrane_score_z	0.13042360974031
null_at1r_0810	bm_minus_fib_z	-0.0995280988118727
null_at1r_0810	basement_membrane_score_z	0.115044128567617
null_at1r_0811	bm_minus_fib_z	-0.100075102032465
null_at1r_0811	basement_membrane_score_z	0.0811576944568406
null_at1r_0812	bm_minus_fib_z	-0.129916155642222
null_at1r_0812	basement_membrane_score_z	0.105200267541989
null_at1r_0813	bm_minus_fib_z	-0.123264357671661
null_at1r_0813	basement_membrane_score_z	0.0464933150376871
null_at1r_0814	bm_minus_fib_z	-0.122636200556511
null_at1r_0814	basement_membrane_score_z	0.129758762427353
null_at1r_0815	bm_minus_fib_z	-0.0745526426671883
null_at1r_0815	basement_membrane_score_z	0.0748699994421776
null_at1r_0816	bm_minus_fib_z	-0.0793027053617634
null_at1r_0816	basement_membrane_score_z	0.0756909183288467
null_at1r_0817	bm_minus_fib_z	-0.0829327740848263
null_at1r_0817	basement_membrane_score_z	0.0580508024602364
null_at1r_0818	bm_minus_fib_z	-0.143003054057925
null_at1r_0818	basement_membrane_score_z	0.0904142483035719
null_at1r_0819	bm_minus_fib_z	-0.130670656513566
null_at1r_0819	basement_membrane_score_z	0.111258240912516
null_at1r_0820	bm_minus_fib_z	-0.118954661125824
null_at1r_0820	basement_membrane_score_z	0.122104614976862
null_at1r_0821	bm_minus_fib_z	-0.0928638940788141
null_at1r_0821	basement_membrane_score_z	0.0813375608235931
null_at1r_0822	bm_minus_fib_z	-0.0968921564693876
null_at1r_0822	basement_membrane_score_z	0.119986394759301
null_at1r_0823	bm_minus_fib_z	-0.0934093349195874
null_at1r_0823	basement_membrane_score_z	0.0286413560404144
null_at1r_0824	bm_minus_fib_z	-0.128203912749779
null_at1r_0824	basement_membrane_score_z	0.0634235221844368
null_at1r_0825	bm_minus_fib_z	-0.138108768001229
null_at1r_0825	basement_membrane_score_z	0.112901751950868
null_at1r_0826	bm_minus_fib_z	-0.0810558097461083
null_at1r_0826	basement_membrane_score_z	0.0735294721091316
null_at1r_0827	bm_minus_fib_z	-0.112977245494833
null_at1r_0827	basement_membrane_score_z	0.109254233962498
null_at1r_0828	bm_minus_fib_z	-0.105347005518216
null_at1r_0828	basement_membrane_score_z	0.0608744362177349
null_at1r_0829	bm_minus_fib_z	-0.111186720245519
null_at1r_0829	basement_membrane_score_z	0.0903767017790406
null_at1r_0830	bm_minus_fib_z	-0.122103235430019
null_at1r_0830	basement_membrane_score_z	0.104314230824494
null_at1r_0831	bm_minus_fib_z	-0.0879578072771466
null_at1r_0831	basement_membrane_score_z	0.069939853432488
null_at1r_0832	bm_minus_fib_z	-0.133471140705675
null_at1r_0832	basement_membrane_score_z	0.0979194407268883
null_at1r_0833	bm_minus_fib_z	-0.119324022691976
null_at1r_0833	basement_membrane_score_z	0.11192679754525
null_at1r_0834	bm_minus_fib_z	-0.111595900572203
null_at1r_0834	basement_membrane_score_z	0.0993709903093213
null_at1r_0835	bm_minus_fib_z	-0.124240465723393
null_at1r_0835	basement_membrane_score_z	0.111873403738759
null_at1r_0836	bm_minus_fib_z	-0.121586966857386
null_at1r_0836	basement_membrane_score_z	0.0790044791390461
null_at1r_0837	bm_minus_fib_z	-0.11564449457696
null_at1r_0837	basement_membrane_score_z	0.113521290725753
null_at1r_0838	bm_minus_fib_z	-0.111393609743986
null_at1r_0838	basement_membrane_score_z	0.0838193775948341
null_at1r_0839	bm_minus_fib_z	-0.114201720611299
null_at1r_0839	basement_membrane_score_z	0.0364671678149249
null_at1r_0840	bm_minus_fib_z	-0.14002077742033
null_at1r_0840	basement_membrane_score_z	0.130484488640051
null_at1r_0841	bm_minus_fib_z	-0.0911768024617827
null_at1r_0841	basement_membrane_score_z	0.0760442946546208
null_at1r_0842	bm_minus_fib_z	-0.092852614541193
null_at1r_0842	basement_membrane_score_z	0.100194033912988
null_at1r_0843	bm_minus_fib_z	-0.137281958385749
null_at1r_0843	basement_membrane_score_z	0.0985571396267616
null_at1r_0844	bm_minus_fib_z	-0.133839542489243
null_at1r_0844	basement_membrane_score_z	0.119743147023501
null_at1r_0845	bm_minus_fib_z	-0.114052308657873
null_at1r_0845	basement_membrane_score_z	0.122079503422463
null_at1r_0846	bm_minus_fib_z	-0.106947198992425
null_at1r_0846	basement_membrane_score_z	0.0507467115272805
null_at1r_0847	bm_minus_fib_z	-0.121688809280144
null_at1r_0847	basement_membrane_score_z	0.0973722901363577
null_at1r_0848	bm_minus_fib_z	-0.12199728786072
null_at1r_0848	basement_membrane_score_z	0.0602604463311612
null_at1r_0849	bm_minus_fib_z	-0.112176233364744
null_at1r_0849	basement_membrane_score_z	0.0789017107497928
null_at1r_0850	bm_minus_fib_z	-0.0970430538400275
null_at1r_0850	basement_membrane_score_z	0.0818442770702935
null_at1r_0851	bm_minus_fib_z	-0.0816665073401018
null_at1r_0851	basement_membrane_score_z	0.0679269254418648
null_at1r_0852	bm_minus_fib_z	-0.128166951344174
null_at1r_0852	basement_membrane_score_z	0.105095400280353
null_at1r_0853	bm_minus_fib_z	-0.122635629744523
null_at1r_0853	basement_membrane_score_z	0.0621266734888862
null_at1r_0854	bm_minus_fib_z	-0.105326682648102
null_at1r_0854	basement_membrane_score_z	0.0422539922569117
null_at1r_0855	bm_minus_fib_z	-0.12076977044208
null_at1r_0855	basement_membrane_score_z	0.0866459858371233
null_at1r_0856	bm_minus_fib_z	-0.0821075985261082
null_at1r_0856	basement_membrane_score_z	0.0796746395961144
null_at1r_0857	bm_minus_fib_z	-0.104718953110336
null_at1r_0857	basement_membrane_score_z	0.147865545691201
null_at1r_0858	bm_minus_fib_z	-0.0921560268219203
null_at1r_0858	basement_membrane_score_z	0.0549613491166777
null_at1r_0859	bm_minus_fib_z	-0.131930294552312
null_at1r_0859	basement_membrane_score_z	0.104815297789431
null_at1r_0860	bm_minus_fib_z	-0.0900387206120908
null_at1r_0860	basement_membrane_score_z	0.0810252447912496
null_at1r_0861	bm_minus_fib_z	-0.108825364247194
null_at1r_0861	basement_membrane_score_z	0.108385475553769
null_at1r_0862	bm_minus_fib_z	-0.0850540890058969
null_at1r_0862	basement_membrane_score_z	0.083026991034802
null_at1r_0863	bm_minus_fib_z	-0.0917134090744262
null_at1r_0863	basement_membrane_score_z	0.113673688518285
null_at1r_0864	bm_minus_fib_z	-0.0881943785007571
null_at1r_0864	basement_membrane_score_z	0.0251453590863182
null_at1r_0865	bm_minus_fib_z	-0.110995153740095
null_at1r_0865	basement_membrane_score_z	0.0691646981112519
null_at1r_0866	bm_minus_fib_z	-0.101008615654825
null_at1r_0866	basement_membrane_score_z	0.0354413231825426
null_at1r_0867	bm_minus_fib_z	-0.12585427834068
null_at1r_0867	basement_membrane_score_z	0.12399333778006
null_at1r_0868	bm_minus_fib_z	-0.0968478461870229
null_at1r_0868	basement_membrane_score_z	0.0736979119230785
null_at1r_0869	bm_minus_fib_z	-0.0931518062049692
null_at1r_0869	basement_membrane_score_z	0.0532469569219079
null_at1r_0870	bm_minus_fib_z	-0.0945470157651422
null_at1r_0870	basement_membrane_score_z	0.0518425673138816
null_at1r_0871	bm_minus_fib_z	-0.0990498771933293
null_at1r_0871	basement_membrane_score_z	0.0663989746260265
null_at1r_0872	bm_minus_fib_z	-0.0840240384936228
null_at1r_0872	basement_membrane_score_z	0.133629492035807
null_at1r_0873	bm_minus_fib_z	-0.131087337543392
null_at1r_0873	basement_membrane_score_z	0.0502513071168852
null_at1r_0874	bm_minus_fib_z	-0.0862883864937841
null_at1r_0874	basement_membrane_score_z	0.114399319272648
null_at1r_0875	bm_minus_fib_z	-0.110217530973797
null_at1r_0875	basement_membrane_score_z	0.075485164748021
null_at1r_0876	bm_minus_fib_z	-0.113753254011846
null_at1r_0876	basement_membrane_score_z	0.0609672451465042
null_at1r_0877	bm_minus_fib_z	-0.0991830805033636
null_at1r_0877	basement_membrane_score_z	0.0961103833703308
null_at1r_0878	bm_minus_fib_z	-0.0821542320938358
null_at1r_0878	basement_membrane_score_z	0.0988939634728344
null_at1r_0879	bm_minus_fib_z	-0.101393898114776
null_at1r_0879	basement_membrane_score_z	0.0524713054605407
null_at1r_0880	bm_minus_fib_z	-0.110995995704191
null_at1r_0880	basement_membrane_score_z	0.0694116411552872
null_at1r_0881	bm_minus_fib_z	-0.133806445432368
null_at1r_0881	basement_membrane_score_z	0.0900023658432588
null_at1r_0882	bm_minus_fib_z	-0.0978256940770625
null_at1r_0882	basement_membrane_score_z	0.0394174303636706
null_at1r_0883	bm_minus_fib_z	-0.1381291466442
null_at1r_0883	basement_membrane_score_z	0.0625470363334174
null_at1r_0884	bm_minus_fib_z	-0.0889832958930027
null_at1r_0884	basement_membrane_score_z	0.121634596180749
null_at1r_0885	bm_minus_fib_z	-0.10261692109406
null_at1r_0885	basement_membrane_score_z	0.104657227670005
null_at1r_0886	bm_minus_fib_z	-0.146656934556436
null_at1r_0886	basement_membrane_score_z	0.13148845086179
null_at1r_0887	bm_minus_fib_z	-0.0910134012790891
null_at1r_0887	basement_membrane_score_z	0.0714154359153523
null_at1r_0888	bm_minus_fib_z	-0.101952624677252
null_at1r_0888	basement_membrane_score_z	0.0423750509296756
null_at1r_0889	bm_minus_fib_z	-0.110193925888331
null_at1r_0889	basement_membrane_score_z	0.114929406865852
null_at1r_0890	bm_minus_fib_z	-0.123842161635612
null_at1r_0890	basement_membrane_score_z	0.0616480545881687
null_at1r_0891	bm_minus_fib_z	-0.106285390723462
null_at1r_0891	basement_membrane_score_z	0.105149958630463
null_at1r_0892	bm_minus_fib_z	-0.142275498991572
null_at1r_0892	basement_membrane_score_z	0.0753934011032123
null_at1r_0893	bm_minus_fib_z	-0.149006750404984
null_at1r_0893	basement_membrane_score_z	0.10937475651113
null_at1r_0894	bm_minus_fib_z	-0.135129194113812
null_at1r_0894	basement_membrane_score_z	0.144415352632726
null_at1r_0895	bm_minus_fib_z	-0.0975169894253644
null_at1r_0895	basement_membrane_score_z	0.087484801111418
null_at1r_0896	bm_minus_fib_z	-0.0852645330627459
null_at1r_0896	basement_membrane_score_z	0.106309005578662
null_at1r_0897	bm_minus_fib_z	-0.0887871270135023
null_at1r_0897	basement_membrane_score_z	0.0714560616609861
null_at1r_0898	bm_minus_fib_z	-0.0743768246936974
null_at1r_0898	basement_membrane_score_z	0.0581713154308486
null_at1r_0899	bm_minus_fib_z	-0.0995080204713139
null_at1r_0899	basement_membrane_score_z	0.100025454070178
null_at1r_0900	bm_minus_fib_z	-0.12938956680978
null_at1r_0900	basement_membrane_score_z	0.0839126796092026
null_at1r_0901	bm_minus_fib_z	-0.136108312011749
null_at1r_0901	basement_membrane_score_z	0.0901958385595912
null_at1r_0902	bm_minus_fib_z	-0.106976293297551
null_at1r_0902	basement_membrane_score_z	0.126155115043285
null_at1r_0903	bm_minus_fib_z	-0.0942698589877674
null_at1r_0903	basement_membrane_score_z	0.0946035146046908
null_at1r_0904	bm_minus_fib_z	-0.123706364090799
null_at1r_0904	basement_membrane_score_z	0.107784520402533
null_at1r_0905	bm_minus_fib_z	-0.101436891655699
null_at1r_0905	basement_membrane_score_z	0.0895575703460963
null_at1r_0906	bm_minus_fib_z	-0.10409072243393
null_at1r_0906	basement_membrane_score_z	0.0398942620276398
null_at1r_0907	bm_minus_fib_z	-0.0633352138422783
null_at1r_0907	basement_membrane_score_z	0.0750003821449047
null_at1r_0908	bm_minus_fib_z	-0.111110554088658
null_at1r_0908	basement_membrane_score_z	0.0656996199931041
null_at1r_0909	bm_minus_fib_z	-0.111429238357999
null_at1r_0909	basement_membrane_score_z	0.0974693846130262
null_at1r_0910	bm_minus_fib_z	-0.105876890983969
null_at1r_0910	basement_membrane_score_z	0.0834162978942397
null_at1r_0911	bm_minus_fib_z	-0.14540924189053
null_at1r_0911	basement_membrane_score_z	0.0503349745026106
null_at1r_0912	bm_minus_fib_z	-0.108807414495362
null_at1r_0912	basement_membrane_score_z	0.065099168053534
null_at1r_0913	bm_minus_fib_z	-0.0932069722260191
null_at1r_0913	basement_membrane_score_z	0.0653577411915331
null_at1r_0914	bm_minus_fib_z	-0.13950544732422
null_at1r_0914	basement_membrane_score_z	0.0786186385853271
null_at1r_0915	bm_minus_fib_z	-0.0986650242303757
null_at1r_0915	basement_membrane_score_z	0.0850472362924889
null_at1r_0916	bm_minus_fib_z	-0.105792643736507
null_at1r_0916	basement_membrane_score_z	0.0612770652708532
null_at1r_0917	bm_minus_fib_z	-0.133341391091175
null_at1r_0917	basement_membrane_score_z	0.0405356436543932
null_at1r_0918	bm_minus_fib_z	-0.0847296702404251
null_at1r_0918	basement_membrane_score_z	0.0690276674659739
null_at1r_0919	bm_minus_fib_z	-0.0622157951183203
null_at1r_0919	basement_membrane_score_z	0.0668929175841668
null_at1r_0920	bm_minus_fib_z	-0.113034282572275
null_at1r_0920	basement_membrane_score_z	0.0712903762857001
null_at1r_0921	bm_minus_fib_z	-0.133386498062867
null_at1r_0921	basement_membrane_score_z	0.0811508241464002
null_at1r_0922	bm_minus_fib_z	-0.090316990792498
null_at1r_0922	basement_membrane_score_z	0.10578898116185
null_at1r_0923	bm_minus_fib_z	-0.116605000738944
null_at1r_0923	basement_membrane_score_z	0.0804458676246589
null_at1r_0924	bm_minus_fib_z	-0.0993325338356529
null_at1r_0924	basement_membrane_score_z	0.0766636954622097
null_at1r_0925	bm_minus_fib_z	-0.115209854896462
null_at1r_0925	basement_membrane_score_z	0.10516855039909
null_at1r_0926	bm_minus_fib_z	-0.108608689331786
null_at1r_0926	basement_membrane_score_z	0.111877520509485
null_at1r_0927	bm_minus_fib_z	-0.103663624350813
null_at1r_0927	basement_membrane_score_z	0.0770146238623173
null_at1r_0928	bm_minus_fib_z	-0.130028110290301
null_at1r_0928	basement_membrane_score_z	0.0577170055807526
null_at1r_0929	bm_minus_fib_z	-0.123545328855212
null_at1r_0929	basement_membrane_score_z	0.1175863846828
null_at1r_0930	bm_minus_fib_z	-0.117938352895875
null_at1r_0930	basement_membrane_score_z	0.108247828555666
null_at1r_0931	bm_minus_fib_z	-0.142730702484306
null_at1r_0931	basement_membrane_score_z	0.103294355585469
null_at1r_0932	bm_minus_fib_z	-0.131844133802729
null_at1r_0932	basement_membrane_score_z	0.103460545249354
null_at1r_0933	bm_minus_fib_z	-0.13541143625268
null_at1r_0933	basement_membrane_score_z	0.0851154041033937
null_at1r_0934	bm_minus_fib_z	-0.149652595226699
null_at1r_0934	basement_membrane_score_z	0.0916984363288257
null_at1r_0935	bm_minus_fib_z	-0.143177019296712
null_at1r_0935	basement_membrane_score_z	0.126313134970303
null_at1r_0936	bm_minus_fib_z	-0.0903374846857201
null_at1r_0936	basement_membrane_score_z	0.0908078611646977
null_at1r_0937	bm_minus_fib_z	-0.127175428078542
null_at1r_0937	basement_membrane_score_z	0.093166819403404
null_at1r_0938	bm_minus_fib_z	-0.0656893093339742
null_at1r_0938	basement_membrane_score_z	0.0515583618813628
null_at1r_0939	bm_minus_fib_z	-0.111767790037028
null_at1r_0939	basement_membrane_score_z	0.140170462500048
null_at1r_0940	bm_minus_fib_z	-0.109567686318503
null_at1r_0940	basement_membrane_score_z	0.067136105268364
null_at1r_0941	bm_minus_fib_z	-0.114279633665605
null_at1r_0941	basement_membrane_score_z	0.107216823885891
null_at1r_0942	bm_minus_fib_z	-0.104650982478074
null_at1r_0942	basement_membrane_score_z	0.0889739083487862
null_at1r_0943	bm_minus_fib_z	-0.117656806114961
null_at1r_0943	basement_membrane_score_z	0.100878012558066
null_at1r_0944	bm_minus_fib_z	-0.0926153991727398
null_at1r_0944	basement_membrane_score_z	0.0835796213685946
null_at1r_0945	bm_minus_fib_z	-0.119829362930779
null_at1r_0945	basement_membrane_score_z	0.0836005939792937
null_at1r_0946	bm_minus_fib_z	-0.129659538394872
null_at1r_0946	basement_membrane_score_z	0.104453972481523
null_at1r_0947	bm_minus_fib_z	-0.118304944731935
null_at1r_0947	basement_membrane_score_z	0.110307752593892
null_at1r_0948	bm_minus_fib_z	-0.104541831679943
null_at1r_0948	basement_membrane_score_z	0.0841725245345708
null_at1r_0949	bm_minus_fib_z	-0.13079985273055
null_at1r_0949	basement_membrane_score_z	0.119224064467598
null_at1r_0950	bm_minus_fib_z	-0.0955304747914301
null_at1r_0950	basement_membrane_score_z	0.061163169655082
null_at1r_0951	bm_minus_fib_z	-0.127253052514375
null_at1r_0951	basement_membrane_score_z	0.100627782408729
null_at1r_0952	bm_minus_fib_z	-0.0871766035166721
null_at1r_0952	basement_membrane_score_z	0.0987433698700835
null_at1r_0953	bm_minus_fib_z	-0.118763403279297
null_at1r_0953	basement_membrane_score_z	0.0456135621728746
null_at1r_0954	bm_minus_fib_z	-0.136305618580034
null_at1r_0954	basement_membrane_score_z	0.0684626462085541
null_at1r_0955	bm_minus_fib_z	-0.133918264429328
null_at1r_0955	basement_membrane_score_z	0.0522592908661457
null_at1r_0956	bm_minus_fib_z	-0.1114076005094
null_at1r_0956	basement_membrane_score_z	0.0604230398725322
null_at1r_0957	bm_minus_fib_z	-0.119877708824172
null_at1r_0957	basement_membrane_score_z	0.0716313429786503
null_at1r_0958	bm_minus_fib_z	-0.125581064199244
null_at1r_0958	basement_membrane_score_z	0.104911365249015
null_at1r_0959	bm_minus_fib_z	-0.141860230222975
null_at1r_0959	basement_membrane_score_z	0.106395042672345
null_at1r_0960	bm_minus_fib_z	-0.122777702723242
null_at1r_0960	basement_membrane_score_z	0.103566271767038
null_at1r_0961	bm_minus_fib_z	-0.108176751999092
null_at1r_0961	basement_membrane_score_z	0.121948223077255
null_at1r_0962	bm_minus_fib_z	-0.131189995285668
null_at1r_0962	basement_membrane_score_z	0.131248389503518
null_at1r_0963	bm_minus_fib_z	-0.093032794862753
null_at1r_0963	basement_membrane_score_z	0.0995764414128512
null_at1r_0964	bm_minus_fib_z	-0.117162537079654
null_at1r_0964	basement_membrane_score_z	0.126449075347866
null_at1r_0965	bm_minus_fib_z	-0.0961284357400501
null_at1r_0965	basement_membrane_score_z	0.116774508969612
null_at1r_0966	bm_minus_fib_z	-0.129902550475777
null_at1r_0966	basement_membrane_score_z	0.0685115793351589
null_at1r_0967	bm_minus_fib_z	-0.108895113212912
null_at1r_0967	basement_membrane_score_z	0.0440408011491781
null_at1r_0968	bm_minus_fib_z	-0.100135513502255
null_at1r_0968	basement_membrane_score_z	0.0786076486250124
null_at1r_0969	bm_minus_fib_z	-0.10666409791348
null_at1r_0969	basement_membrane_score_z	0.0684044755091428
null_at1r_0970	bm_minus_fib_z	-0.093887521244684
null_at1r_0970	basement_membrane_score_z	0.0680641070675984
null_at1r_0971	bm_minus_fib_z	-0.0962373215120377
null_at1r_0971	basement_membrane_score_z	0.125186245653501
null_at1r_0972	bm_minus_fib_z	-0.0687935645061888
null_at1r_0972	basement_membrane_score_z	0.115701038936919
null_at1r_0973	bm_minus_fib_z	-0.0746821765194892
null_at1r_0973	basement_membrane_score_z	0.113590483114599
null_at1r_0974	bm_minus_fib_z	-0.0942063289538846
null_at1r_0974	basement_membrane_score_z	0.123187660953296
null_at1r_0975	bm_minus_fib_z	-0.10038125225443
null_at1r_0975	basement_membrane_score_z	0.0974109164865833
null_at1r_0976	bm_minus_fib_z	-0.128417672253193
null_at1r_0976	basement_membrane_score_z	0.0752859210943705
null_at1r_0977	bm_minus_fib_z	-0.134057850733115
null_at1r_0977	basement_membrane_score_z	0.0800636281222746
null_at1r_0978	bm_minus_fib_z	-0.110278525364221
null_at1r_0978	basement_membrane_score_z	0.144025685145016
null_at1r_0979	bm_minus_fib_z	-0.105410507733558
null_at1r_0979	basement_membrane_score_z	0.0672949407422194
null_at1r_0980	bm_minus_fib_z	-0.135564715929464
null_at1r_0980	basement_membrane_score_z	0.0664285530592396
null_at1r_0981	bm_minus_fib_z	-0.101924823021868
null_at1r_0981	basement_membrane_score_z	0.0695274500644665
null_at1r_0982	bm_minus_fib_z	-0.127485910815509
null_at1r_0982	basement_membrane_score_z	0.113409301769085
null_at1r_0983	bm_minus_fib_z	-0.127266870010797
null_at1r_0983	basement_membrane_score_z	0.0499891298724347
null_at1r_0984	bm_minus_fib_z	-0.0921595455831852
null_at1r_0984	basement_membrane_score_z	0.094333959929527
null_at1r_0985	bm_minus_fib_z	-0.132275212028534
null_at1r_0985	basement_membrane_score_z	0.112387468630987
null_at1r_0986	bm_minus_fib_z	-0.10176828870634
null_at1r_0986	basement_membrane_score_z	0.135275336965172
null_at1r_0987	bm_minus_fib_z	-0.102862858986392
null_at1r_0987	basement_membrane_score_z	0.0758440493206451
null_at1r_0988	bm_minus_fib_z	-0.0930315288345152
null_at1r_0988	basement_membrane_score_z	0.0647833695341553
null_at1r_0989	bm_minus_fib_z	-0.144003360143467
null_at1r_0989	basement_membrane_score_z	0.0907864466929678
null_at1r_0990	bm_minus_fib_z	-0.0994997241189359
null_at1r_0990	basement_membrane_score_z	0.0500124971973384
null_at1r_0991	bm_minus_fib_z	-0.106544420975686
null_at1r_0991	basement_membrane_score_z	0.0874517224010637
null_at1r_0992	bm_minus_fib_z	-0.08904244798295
null_at1r_0992	basement_membrane_score_z	0.0768233458141168
null_at1r_0993	bm_minus_fib_z	-0.136880867149773
null_at1r_0993	basement_membrane_score_z	0.104696714836258
null_at1r_0994	bm_minus_fib_z	-0.104120351050951
null_at1r_0994	basement_membrane_score_z	0.0968302219619198
null_at1r_0995	bm_minus_fib_z	-0.0779347836509127
null_at1r_0995	basement_membrane_score_z	0.0780527824467478
null_at1r_0996	bm_minus_fib_z	-0.123303130616643
null_at1r_0996	basement_membrane_score_z	0.0921679783171309
null_at1r_0997	bm_minus_fib_z	-0.0911972208550497
null_at1r_0997	basement_membrane_score_z	0.107956773204733
null_at1r_0998	bm_minus_fib_z	-0.110515363853879
null_at1r_0998	basement_membrane_score_z	0.116709986963985
null_at1r_0999	bm_minus_fib_z	-0.125877481320276
null_at1r_0999	basement_membrane_score_z	0.0899723376173366
null_at1r_1000	bm_minus_fib_z	-0.120990250472907
null_at1r_1000	basement_membrane_score_z	0.0760429853392016
