feature	n_settings	mean_rho	sd_rho	min_rho	max_rho	sign_consistency
AGTR1_expr	18	0.11779155978546371	0.004253867205945969	0.10951789541730798	0.12297183795537535	1.0
activated_migratory_score	18	0.41100893140967887	0.006568658215348745	0.39936566021688846	0.41914972474858375	1.0
fibroblast_like_score	18	0.21887396265298023	0.004908456434046375	0.2118831134821212	0.22733358372306445	1.0
inflammatory_score	18	0.47834320517494	0.0039588836432091065	0.47099715161672945	0.48463785953325395	1.0
synthetic_contractile_score	18	0.43022778676402396	0.004479389360135208	0.4225404667271026	0.43681951254721635	1.0
vascular_stabilizing_score	18	0.4503724081635293	0.0010837540882145285	0.4484609436668517	0.4523276373411141	1.0
