""	BaselineProp.clusters	BaselineProp.Freq	PropMean.0	PropMean.1	PropRatio	Tstatistic	P.Value	FDR
1	1	0.346635883905013	-0.0790259134103451	0.408988894252709	-0.193222638856096	-3.00724678328183	0.00465403445673411	0.0186161378269364
0	0	0.421174142480211	0.37239449386356	0.238169068798668	1.56357202781171	0.845310720956576	0.403223836210237	0.806447672420473
2	2	0.193601583113456	0.124102848194343	0.0853297920832897	1.45439060806813	0.410979143497947	0.683394250637373	0.911192334183165
3	3	0.0385883905013193	0.0149610037848749	0.0242690016220892	0.616465564502566	-0.0279941769743563	0.977813168760322	0.977813168760322
