""	BaselineProp.clusters	BaselineProp.Freq	PropMean.0	PropMean.1	PropRatio	Tstatistic	P.Value	FDR
0	0	0.45976253298153	0.0687265966568651	0.465168541424371	0.147745581518519	-2.17304959668343	0.035209779759663	0.105629339278989
1	1	0.280343007915567	0.127562650236086	0.0868125643868941	1.46940308856196	0.376586997724922	0.708292680142636	0.85759837387534
2	2	0.259894459102902	0.236143185539481	0.204775650945492	1.15318000186623	0.180489065379645	0.85759837387534	0.85759837387534
