""	BaselineProp.clusters	BaselineProp.Freq	PropMean.0	PropMean.1	PropRatio	Tstatistic	P.Value	FDR
1	1	0.346306068601583	-0.0790538421362366	0.408976924798756	-0.193296583114405	-3.00753462512469	0.00465533510370578	0.0186213404148231
2	2	0.180408970976253	0.157061076550167	0.0280261756643574	5.60408521059516	1.59783540517388	0.118372791432433	0.236745582864865
0	0	0.434696569920844	0.339464194233627	0.295484654671554	1.14883865834237	0.276995466192387	0.783286615814428	0.977525066254192
3	3	0.0385883905013193	0.0149610037848749	0.0242690016220892	0.616465564502566	-0.0283581807111028	0.977525066254192	0.977525066254192
