""	BaselineProp.clusters	BaselineProp.Freq	PropMean.0	PropMean.1	PropRatio	Tstatistic	P.Value	FDR
0	0	0.45976253298153	0.0685416497351268	0.465089278457911	0.147373102132969	-2.23254757129604	0.0303008660149765	0.121203464059906
2	2	0.230870712401055	0.231225481460708	0.0990966349117318	2.33333333333334	1.25008437738717	0.217356663832435	0.434713327664869
3	3	0.0296833773087071	0.00547964380792273	0.105919847346253	0.0517338718399937	-0.745298282548231	0.459741980936846	0.612989307915794
1	1	0.279683377308707	0.127185657428675	0.0866509960408608	1.46779221520662	0.377100445269901	0.707768642012787	0.707768642012787
