""	BaselineProp.clusters	BaselineProp.Freq	PropMean.0	PropMean.1	PropRatio	Tstatistic	P.Value	FDR
2	2	0.193601583113456	-0.0375314173958782	0.258270498541577	-0.145318252017995	-3.14030009025243	0.00326488494930772	0.0130595397972309
0	0	0.421174142480211	0.503349691080113	0.0483660488268927	10.4070872706939	2.7825138606348	0.00835997903959908	0.0167199580791982
1	1	0.346635883905013	0.241877474648618	0.108754949297236	2.22405946774475	0.68446964579101	0.497840140643248	0.540900923200657
3	3	0.0385883905013193	0.0145264738893695	0.029052947778739	0.5	-0.617031109215149	0.540900923200657	0.540900923200657
