""	BaselineProp.clusters	BaselineProp.Freq	PropMean.0	PropMean.1	PropRatio	Tstatistic	P.Value	FDR
2	2	0.180408970976253	0.00542505091429327	0.177516768495253	0.0305607800337934	-2.29118635579276	0.0276173291074519	0.110469316429808
0	0	0.434696569920844	0.460405524708727	0.129144382750788	3.56504491253933	1.85223020195178	0.0718125540054438	0.143625108010888
1	1	0.346306068601583	0.241865172709832	0.108730345419665	2.22444959386737	0.683925796337169	0.498192719855544	0.536766447753009
3	3	0.0385883905013193	0.0145264738893695	0.029052947778739	0.5	-0.623397196436265	0.536766447753009	0.536766447753009
