""	BaselineProp.clusters	BaselineProp.Freq	PropMean.0	PropMean.1	PropRatio	Tstatistic	P.Value	FDR
2	2	0.259894459102902	0.349121270879163	0.0315758750916594	11.0565825924293	1.90681204241317	0.0634420204833711	0.190326061450113
0	0	0.45976253298153	0.257488037945418	0.306642742557503	0.839700414227585	-0.242023415847527	0.809946898852646	0.884801860204225
1	1	0.280343007915567	0.115612913397641	0.106225826795282	1.08836915546395	-0.145773332898176	0.884801860204225	0.884801860204225
