""	BaselineProp.clusters	BaselineProp.Freq	PropMean.0	PropMean.1	PropRatio	Tstatistic	P.Value	FDR
3	3	0.0296833773087071	0.201223176439204	-0.0975536471215919	-2.06269250178209	2.20011286062278	0.0330022037201085	0.132008814880434
0	0	0.45976253298153	0.25740657322989	0.306479813126448	0.839881004246402	-0.24699346593856	0.806042443340805	0.973797558170416
1	1	0.279683377308707	0.115446857041996	0.105893714083992	1.09021444795512	-0.143867602826212	0.886250678616294	0.973797558170416
2	2	0.230870712401055	0.148145615511132	0.129624564355597	1.14288226346301	0.0330299127497321	0.973797558170416	0.973797558170416
