	COPD	Control	IPF
COPD	1.0	0.23018194737351227	0.42555492648570337
Control	0.23018194737351227	1.0	0.054412126050596636
IPF	0.42555492648570337	0.054412126050596636	1.0
