	sum_sq	df	F	PR(>F)
C(cluster)	0.10473252770138872	1.0	1.5161981806647635	0.22596517918378017
C(disease)	0.22373407786584038	2.0	1.6194835036355075	0.21172184293384202
C(cluster):C(disease)	0.6591685280158581	2.0	4.7713453731331175	0.014337696408108298
Residual	2.5558027798532104	37.0		
