pattern	assigned_program	n_dominant_cells	rho_vascular_stabilizing	rho_inflammatory	rho_synthetic_contractile	rho_activated_migratory	rho_fibroblast_like	rho_basement_membrane
Pattern_1	basement_membrane	1382	-0.449992957448612	-0.460948655260425	-0.248405728785701	-0.406456074441599	-0.407035180690524	0.278584489893325
Pattern_2	inflammatory	3114	0.363331694398744	0.493190675568654	0.216848259181381	0.460717563338777	0.201484448495252	-0.413974005560052
Pattern_3	synthetic_contractile	5212	0.589661373324153	0.352629358268412	0.613358214974503	0.262734831212127	0.25660689661424	-0.0765749668977648
Pattern_4	basement_membrane	494	0.0848525436272748	0.0676604608253452	0.166377631345494	0.284095834392421	0.379597093969306	0.387848973490607
Pattern_5	basement_membrane	1478	-0.435540904314795	-0.4355080441802	-0.387446606257245	-0.163948093093261	0.0284991742977098	0.446987687392269
